batch_idx,t_mono,n_in_batch,n_real,n_active,active_mask,timeout_us,mux_batch,compute_ms,e2e_ms,total_dets,new_ids_cum,dets_cam0,dets_cam1,dets_cam2,dets_cam3,drops_cum,arrivals_cum
0,1.7133,1,1,4,1111,20000,4,1151.375,1179.892,0,0,0,0,0,0,0,56
1,1.7139,1,1,4,1111,20000,4,1123.509,1178.960,0,0,0,0,0,0,0,56
2,1.7140,1,1,4,1111,20000,4,1102.375,1176.270,0,0,0,0,0,0,0,56
3,1.7141,1,1,4,1111,20000,4,1078.860,1174.523,0,0,0,0,0,0,0,56
4,1.7142,1,1,4,1111,20000,4,1050.401,1171.998,0,0,0,0,0,0,0,56
5,1.7143,1,1,4,1111,20000,4,1022.027,1143.212,1,1,1,0,0,0,0,56
6,1.7143,1,1,4,1111,20000,4,993.661,1111.222,0,1,0,0,0,0,0,56
7,1.7144,1,1,4,1111,20000,4,965.305,1079.262,0,1,0,0,0,0,0,56
8,1.7145,1,1,4,1111,20000,4,942.902,1047.339,0,1,0,0,0,0,0,56
9,1.7145,1,1,4,1111,20000,4,919.266,1015.409,0,1,0,0,0,0,0,56
10,1.7146,1,1,4,1111,20000,4,890.812,983.459,0,1,0,0,0,0,0,56
11,1.7147,1,1,4,1111,20000,4,862.383,951.509,0,1,0,0,0,0,0,56
12,1.7147,1,1,4,1111,20000,4,833.972,919.541,0,1,0,0,0,0,0,56
13,1.7148,1,1,4,1111,20000,4,805.616,887.579,0,1,0,0,0,0,0,56
14,1.7150,2,2,4,1111,20000,4,783.307,855.711,0,1,0,0,0,0,0,56
15,1.7151,2,2,4,1111,20000,4,760.459,823.810,0,1,0,0,0,0,0,56
16,1.7152,2,2,4,1111,20000,4,736.916,791.920,0,1,0,0,0,0,0,56
17,1.7153,1,1,4,1111,20000,4,708.532,759.955,0,1,0,0,0,0,0,56
18,1.7153,2,2,4,1111,20000,4,687.582,728.006,0,1,0,0,0,0,0,56
19,1.7154,2,2,4,1111,20000,4,664.621,696.077,0,1,0,0,0,0,0,56
20,1.7155,2,2,4,1111,20000,4,641.086,664.133,0,1,0,0,0,0,0,56
21,1.7156,1,1,4,1111,20000,4,612.655,632.161,0,1,0,0,0,0,0,56
22,1.7156,2,2,4,1111,20000,4,591.811,609.270,0,1,0,0,0,0,0,56
23,1.7157,2,2,4,1111,20000,4,568.204,577.286,1,2,0,0,0,1,0,56
24,1.7158,1,1,4,1111,20000,4,545.236,545.328,1,2,0,0,0,1,0,56
25,1.7159,1,1,4,1111,20000,4,513.311,513.389,1,2,0,0,0,1,0,56
26,1.7160,1,1,4,1111,20000,4,481.335,481.427,1,2,0,0,0,1,0,56
27,1.7160,1,1,4,1111,20000,4,449.399,449.459,1,2,0,0,0,1,0,56
28,1.7161,1,1,4,1111,20000,4,417.407,417.476,1,2,0,0,0,1,0,56
29,1.7162,1,1,4,1111,20000,4,385.454,385.516,1,2,0,0,0,1,0,56
30,1.7162,1,1,4,1111,20000,4,353.466,353.534,1,2,0,0,0,1,0,56
31,1.7163,1,1,4,1111,20000,4,321.485,321.562,1,2,0,0,0,1,0,56
32,1.7164,1,1,4,1111,20000,4,289.539,289.604,1,2,0,0,0,1,0,56
33,1.7165,1,1,4,1111,20000,4,257.554,257.621,1,2,0,0,0,1,0,56
34,1.7169,1,1,4,1111,20000,4,235.071,235.170,0,2,0,0,0,0,0,56
35,1.7170,1,1,4,1111,20000,4,206.685,226.154,1,2,0,0,0,1,0,56
36,1.7173,2,2,4,1111,20000,4,185.948,203.580,1,2,0,0,0,1,0,56
37,1.7174,2,2,4,1111,20000,4,162.420,171.675,1,2,0,0,0,1,0,56
38,1.7176,1,1,4,1111,20000,4,139.750,139.814,0,2,0,0,0,0,0,56
39,1.7177,1,1,4,1111,20000,4,111.320,130.691,1,2,0,0,0,1,0,56
40,1.7179,2,2,4,1111,20000,4,90.341,108.070,1,2,0,0,0,1,0,56
41,1.7181,2,2,4,1111,20000,4,66.894,76.206,1,2,0,0,0,1,0,56
42,1.7182,1,1,4,1111,20000,4,44.239,44.314,0,2,0,0,0,0,0,56
43,1.7203,1,1,4,1111,20000,4,14.284,14.365,0,2,0,0,0,0,0,56
44,1.7451,2,2,4,1111,20000,4,17.063,22.408,1,2,0,0,0,1,0,66
45,1.7778,3,3,4,1111,20000,4,22.143,54.846,1,2,0,0,0,1,0,69
46,1.8008,3,3,4,1111,20000,4,22.265,75.521,1,2,0,0,0,1,0,71
47,1.8244,3,3,4,1111,20000,4,22.249,98.629,1,2,0,0,0,1,0,74
48,1.8524,2,2,4,1111,20000,4,21.729,124.385,1,2,0,0,0,1,0,78
49,1.8736,3,3,4,1111,20000,4,21.818,145.178,1,2,0,0,0,1,0,79
50,1.8909,2,2,4,1111,20000,4,16.303,159.976,0,2,0,0,0,0,0,81
51,1.9203,3,3,4,1111,20000,4,22.031,164.574,1,2,0,0,0,1,0,84
52,1.9497,2,2,4,1111,20000,4,23.035,171.207,1,2,0,0,0,1,0,88
53,1.9700,3,3,4,1111,20000,4,22.099,167.814,1,2,0,0,0,1,0,89
54,1.9864,2,2,4,1111,20000,4,15.724,155.717,0,2,0,0,0,0,0,91
55,2.0164,3,3,4,1111,20000,4,22.097,164.607,1,2,0,0,0,1,0,94
56,2.0386,2,2,4,1111,20000,4,15.759,163.963,1,2,0,0,0,1,0,96
57,2.0664,3,3,4,1111,20000,4,22.348,168.192,1,2,0,0,0,1,0,99
58,2.0961,3,3,4,1111,20000,4,29.286,169.390,0,2,0,0,0,0,0,103
59,2.1234,4,4,4,1111,20000,4,32.911,175.413,1,2,0,0,0,1,0,106
60,2.1308,2,2,4,1111,20000,4,17.619,150.826,0,2,0,0,0,0,0,106
61,2.1560,2,2,4,1111,20000,4,15.768,143.962,0,2,0,0,0,0,0,109
62,2.1909,3,3,4,1111,20000,4,28.001,146.898,1,3,1,0,0,0,0,113
63,2.2201,4,4,4,1111,20000,4,33.587,144.005,2,3,1,0,0,1,0,117
64,2.2322,3,3,4,1111,20000,4,22.984,124.132,1,3,0,0,0,1,0,118
65,2.2586,3,3,4,1111,20000,4,22.271,118.492,1,3,0,0,0,1,0,121
66,2.2861,3,3,4,1111,20000,4,27.128,114.018,0,3,0,0,0,0,0,125
67,2.3158,4,4,4,1111,20000,4,33.242,111.695,1,3,0,0,0,1,0,129
68,2.3279,3,3,4,1111,20000,4,22.538,91.723,1,3,0,0,0,1,0,130
69,2.3544,3,3,4,1111,20000,4,22.091,86.215,1,3,0,0,0,1,0,132
70,2.3788,3,3,4,1111,20000,4,22.720,78.657,1,3,0,0,0,1,0,134
71,2.3991,1,1,4,1111,20000,4,14.406,66.911,0,3,0,0,0,0,0,136
72,2.4215,2,2,4,1111,20000,4,16.699,57.234,1,3,0,0,0,1,0,138
73,2.4505,3,3,4,1111,20000,4,22.093,54.204,1,3,0,0,0,1,0,141
74,2.4732,3,3,4,1111,20000,4,22.021,44.980,1,4,0,0,1,0,0,144
75,2.5273,4,4,4,1111,20000,4,52.441,75.118,2,4,0,0,1,1,0,151
76,2.5284,3,3,4,1111,20000,4,30.852,44.151,3,4,1,0,1,1,0,151
77,2.5476,3,3,4,1111,20000,4,23.153,40.816,2,4,1,0,0,1,0,153
78,2.5629,2,2,4,1111,20000,4,15.629,33.509,1,4,0,0,1,0,0,156
79,2.6032,4,4,4,1111,20000,4,32.259,54.900,3,4,1,0,1,1,0,161
80,2.6208,3,3,4,1111,20000,4,27.246,40.522,3,4,1,0,1,1,0,163
81,2.6420,3,3,4,1111,20000,4,21.440,39.098,2,4,1,0,0,1,0,165
82,2.6591,2,2,4,1111,20000,4,15.736,33.609,0,4,0,0,0,0,0,168
83,2.7001,4,4,4,1111,20000,4,33.123,55.740,2,4,1,0,0,1,0,173
84,2.7176,3,3,4,1111,20000,4,27.922,41.125,3,4,1,0,1,1,0,175
85,2.7383,3,3,4,1111,20000,4,21.759,39.378,2,4,1,0,0,1,0,177
86,2.7562,2,2,4,1111,20000,4,16.659,34.550,0,4,0,0,0,0,0,180
87,2.7964,4,4,4,1111,20000,4,33.250,55.849,3,4,1,0,1,1,0,185
88,2.8083,3,3,4,1111,20000,4,22.530,35.760,2,4,1,0,0,1,0,186
89,2.8349,3,3,4,1111,20000,4,22.219,39.820,2,4,1,0,0,1,0,189
90,2.8574,2,2,4,1111,20000,4,21.726,39.664,1,4,0,0,1,0,0,192
91,2.8951,4,4,4,1111,20000,4,35.895,58.484,2,4,1,0,0,1,0,197
92,2.9055,3,3,4,1111,20000,4,23.682,36.804,2,4,1,0,0,1,0,198
93,2.9308,3,3,4,1111,20000,4,22.109,39.675,2,4,1,0,0,1,0,201
94,2.9546,2,2,4,1111,20000,4,22.926,40.833,0,4,0,0,0,0,0,204
95,2.9885,4,4,4,1111,20000,4,33.195,55.714,3,4,1,0,1,1,0,209
96,3.0005,3,3,4,1111,20000,4,22.574,35.643,2,4,1,0,0,1,0,210
97,3.0269,3,3,4,1111,20000,4,22.179,39.673,2,4,1,0,0,1,0,213
98,3.0438,2,2,4,1111,20000,4,15.977,33.872,1,4,0,0,1,0,0,216
99,3.1036,4,4,4,1111,20000,4,52.191,74.681,2,4,1,0,0,1,0,223
100,3.1048,3,3,4,1111,20000,4,30.741,43.869,2,4,1,0,0,1,0,223
101,3.1244,3,3,4,1111,20000,4,23.615,41.058,2,4,1,0,0,1,0,225
102,3.1399,2,2,4,1111,20000,4,15.995,33.983,0,4,0,0,0,0,0,228
103,3.1946,4,4,4,1111,20000,4,47.069,69.554,3,4,1,0,1,1,0,233
104,3.1953,2,2,4,1111,20000,4,25.199,38.210,1,4,0,0,0,1,0,233
105,3.2134,2,2,4,1111,20000,4,15.771,33.991,1,4,0,0,0,1,0,235
106,3.2356,2,2,4,1111,20000,4,15.689,33.577,0,4,0,0,0,0,0,238
107,3.2768,4,4,4,1111,20000,4,33.233,55.659,4,5,1,1,1,1,0,243
108,3.2889,3,3,4,1111,20000,4,22.704,35.679,3,5,1,0,1,1,0,244
109,3.3268,3,3,4,1111,20000,4,33.862,51.241,3,5,1,1,0,1,0,249
110,3.3341,2,2,4,1111,20000,4,18.023,35.991,1,5,0,1,0,0,0,250
111,3.3729,4,4,4,1111,20000,4,33.242,55.660,3,5,1,1,0,1,0,255
112,3.3850,3,3,4,1111,20000,4,22.786,35.708,2,5,1,0,0,1,0,256
113,3.4231,3,3,4,1111,20000,4,34.148,51.494,3,5,1,1,0,1,0,261
114,3.4302,2,2,4,1111,20000,4,18.026,36.012,1,5,0,1,0,0,0,262
115,3.4694,4,4,4,1111,20000,4,33.645,56.019,3,5,1,1,0,1,0,267
116,3.4811,3,3,4,1111,20000,4,22.739,35.633,2,5,1,0,0,1,0,268
117,3.5073,3,3,4,1111,20000,4,22.212,39.546,3,5,1,1,0,1,0,271
118,3.5297,2,2,4,1111,20000,4,21.399,39.453,1,5,0,1,0,0,0,273
119,3.5475,2,2,4,1111,20000,4,16.613,30.490,1,5,1,0,0,0,0,274
120,3.5765,3,3,4,1111,20000,4,22.103,44.726,2,5,1,1,0,0,0,278
121,3.6032,3,3,4,1111,20000,4,22.065,39.355,3,5,1,1,0,1,0,281
122,3.6259,2,2,4,1111,20000,4,21.508,39.544,2,6,0,1,1,0,0,284
123,3.6637,4,4,4,1111,20000,4,35.679,57.989,4,6,1,1,1,1,0,289
124,3.6741,3,3,4,1111,20000,4,23.618,36.415,3,6,1,0,1,1,0,290
125,3.6992,3,3,4,1111,20000,4,22.000,39.256,2,6,0,1,0,1,0,293
126,3.7161,2,2,4,1111,20000,4,15.654,33.657,1,6,0,1,0,0,0,296
127,3.7749,4,4,4,1111,20000,4,50.792,73.123,3,6,0,1,1,1,0,302
128,3.7759,3,3,4,1111,20000,4,29.290,42.066,2,6,0,0,1,1,0,302
129,3.7910,2,2,4,1111,20000,4,17.751,25.110,1,6,0,0,0,1,0,302
130,3.8069,1,1,4,1111,20000,4,8.868,8.981,1,6,0,0,0,1,0,304
131,3.8361,2,2,4,1111,20000,4,15.858,30.894,1,6,0,1,0,0,0,306
132,3.8652,3,3,4,1111,20000,4,22.482,35.219,1,6,0,0,0,1,0,310
133,3.8924,3,3,4,1111,20000,4,23.079,40.253,2,6,0,1,0,1,0,313
134,3.9085,2,2,4,1111,20000,4,15.844,33.870,1,6,0,1,0,0,0,316
135,3.9497,4,4,4,1111,20000,4,33.447,55.668,3,6,1,1,0,1,0,321
136,3.9617,3,3,4,1111,20000,4,22.909,35.584,2,6,1,0,0,1,0,322
137,3.9997,3,3,4,1111,20000,4,34.349,51.484,3,6,1,1,0,1,0,327
138,4.0068,2,2,4,1111,20000,4,18.012,36.077,1,6,0,1,0,0,0,328
139,4.0462,4,4,4,1111,20000,4,33.753,56.001,3,6,1,1,0,1,0,333
140,4.0576,3,3,4,1111,20000,4,22.715,35.371,1,6,0,0,0,1,0,334
141,4.0947,3,3,4,1111,20000,4,33.222,50.328,3,6,1,1,0,1,0,339
142,4.1024,2,2,4,1111,20000,4,17.485,35.597,1,6,0,1,0,0,0,340
143,4.1418,4,4,4,1111,20000,4,33.294,55.464,3,6,1,1,0,1,0,345
144,4.1537,3,3,4,1111,20000,4,22.735,35.344,2,6,1,0,0,1,0,346
145,4.1917,3,3,4,1111,20000,4,34.189,51.254,3,6,1,1,0,1,0,351
146,4.1990,2,2,4,1111,20000,4,18.051,36.121,1,6,0,1,0,0,0,352
147,4.2385,4,4,4,1111,20000,4,33.903,56.044,1,6,0,0,0,1,0,357
148,4.2499,3,3,4,1111,20000,4,22.894,35.445,2,6,1,0,0,1,0,358
149,4.2756,3,3,4,1111,20000,4,22.008,39.095,2,6,1,0,0,1,0,361
150,4.2928,2,2,4,1111,20000,4,15.688,33.789,1,6,0,0,1,0,0,364
151,4.3369,4,4,4,1111,20000,4,36.233,58.349,2,6,0,0,1,1,0,369
152,4.3468,3,3,4,1111,20000,4,23.690,36.194,2,6,1,0,0,1,0,370
153,4.3718,3,3,4,1111,20000,4,22.158,39.163,2,7,0,1,0,1,0,373
154,4.3889,2,2,4,1111,20000,4,15.739,33.837,1,7,0,1,0,0,0,376
155,4.4328,4,4,4,1111,20000,4,35.982,58.103,3,7,1,1,0,1,0,381
156,4.4431,3,3,4,1111,20000,4,23.918,36.377,2,7,1,0,0,1,0,382
157,4.4676,3,3,4,1111,20000,4,21.943,38.899,3,7,1,1,0,1,0,385
158,4.4849,2,2,4,1111,20000,4,15.658,33.753,1,7,0,1,0,0,0,388
159,4.5343,4,4,4,1111,20000,4,41.430,63.515,3,7,1,1,0,1,0,393
160,4.5441,3,3,4,1111,20000,4,28.758,41.180,2,7,1,0,0,1,0,395
161,4.5647,3,3,4,1111,20000,4,22.970,39.868,3,7,1,1,0,1,0,397
162,4.5811,2,2,4,1111,20000,4,15.670,33.804,1,7,0,1,0,0,0,399
163,4.6034,2,2,4,1111,20000,4,15.662,36.445,1,7,0,0,0,1,0,401
164,4.6395,3,3,4,1111,20000,4,28.092,50.609,1,7,0,0,0,1,0,405
165,4.6608,3,3,4,1111,20000,4,22.990,39.871,2,7,1,0,0,1,0,407
166,4.6770,2,2,4,1111,20000,4,15.555,33.708,0,7,0,0,0,0,0,410
167,4.7057,3,3,4,1111,20000,4,21.936,42.656,2,7,1,0,0,1,0,413
168,4.7357,4,4,4,1111,20000,4,28.192,50.688,1,7,0,0,0,1,0,417
169,4.7655,3,3,4,1111,20000,4,31.555,48.433,2,7,1,0,0,1,0,420
170,4.7740,2,2,4,1111,20000,4,16.382,34.569,0,7,0,0,0,0,0,422
171,4.8020,3,3,4,1111,20000,4,22.078,42.795,2,7,1,0,0,1,0,425
172,4.8319,4,4,4,1111,20000,4,28.298,50.800,2,7,1,0,0,1,0,429
173,4.8615,3,3,4,1111,20000,4,31.578,48.387,2,7,1,0,0,1,0,432
174,4.8702,2,2,4,1111,20000,4,16.526,34.728,0,7,0,0,0,0,0,434
175,4.8987,3,3,4,1111,20000,4,22.723,43.424,2,7,1,0,0,1,0,437
176,4.9280,4,4,4,1111,20000,4,28.278,50.772,3,7,1,1,0,1,0,440
177,4.9418,2,2,4,1111,20000,4,15.816,32.587,1,7,1,0,0,0,0,442
178,4.9656,2,2,4,1111,20000,4,15.765,33.981,1,7,0,1,0,0,0,444
179,4.9890,2,2,4,1111,20000,4,16.916,31.113,1,7,1,0,0,0,0,446
180,5.0239,4,4,4,1111,20000,4,28.223,50.656,3,7,1,1,0,1,0,451
181,5.0440,3,3,4,1111,20000,4,22.007,38.715,2,7,1,0,0,1,0,453
182,5.0617,2,2,4,1111,20000,4,15.797,33.992,1,7,0,1,0,0,0,456
183,5.0963,3,3,4,1111,20000,4,28.060,48.651,2,7,1,0,0,1,0,460
184,5.1201,4,4,4,1111,20000,4,28.263,50.715,2,7,0,1,0,1,0,463
185,5.1402,3,3,4,1111,20000,4,22.075,38.760,2,7,0,1,0,1,0,465
186,5.1576,2,2,4,1111,20000,4,15.523,33.791,1,7,0,1,0,0,0,468
187,5.1860,3,3,4,1111,20000,4,21.721,42.250,1,7,0,0,0,1,0,470
188,5.2122,2,2,4,1111,20000,4,21.671,36.385,1,7,0,0,0,1,0,471
189,5.2299,2,2,4,1111,20000,4,15.733,22.066,1,7,0,0,0,1,0,473
190,5.2556,2,2,4,1111,20000,4,15.675,26.092,2,7,0,1,0,1,0,476
191,5.2760,2,2,4,1111,20000,4,15.623,29.892,1,7,1,0,0,0,0,478
192,5.3356,4,4,4,1111,20000,4,51.602,74.028,3,7,1,1,0,1,0,485
193,5.3366,3,3,4,1111,20000,4,26.385,43.002,2,7,0,1,0,1,0,486
194,5.3505,2,2,4,1111,20000,4,16.280,34.521,1,7,0,1,0,0,0,488
195,5.3784,3,3,4,1111,20000,4,21.938,42.430,2,7,1,0,0,1,0,491
196,5.4082,4,4,4,1111,20000,4,28.104,50.538,3,7,1,1,0,1,0,495
197,5.4370,3,3,4,1111,20000,4,30.700,47.328,3,7,1,1,0,1,0,498
198,5.4463,2,2,4,1111,20000,4,16.023,34.279,1,7,0,1,0,0,0,500
199,5.4745,3,3,4,1111,20000,4,21.934,42.333,2,7,1,0,0,1,0,503
200,5.5158,4,4,4,1111,20000,4,39.638,62.040,3,7,1,1,0,1,0,508
201,5.5175,2,2,4,1111,20000,4,21.118,31.642,2,7,0,1,0,1,0,508
202,5.5379,2,2,4,1111,20000,4,21.288,35.655,1,7,1,0,0,0,0,511
203,5.5696,4,4,4,1111,20000,4,29.322,51.738,3,8,0,2,0,1,0,515
204,5.5885,3,3,4,1111,20000,4,22.132,38.633,2,8,0,1,0,1,0,517
205,5.6062,2,2,4,1111,20000,4,15.750,34.004,2,8,0,2,0,0,0,520
206,5.6347,3,3,4,1111,20000,4,22.041,42.401,1,8,0,0,0,1,0,523
207,5.6836,4,4,4,1111,20000,4,47.239,69.649,3,8,0,2,0,1,0,529
208,5.6846,2,2,4,1111,20000,4,28.022,38.588,2,8,0,1,0,1,0,529
209,5.6974,2,2,4,1111,20000,4,20.656,35.038,0,8,0,0,0,0,0,531
210,5.7371,4,4,4,1111,20000,4,36.740,59.110,2,8,0,1,0,1,0,536
211,5.7403,2,2,4,1111,20000,4,19.679,30.245,3,8,0,2,0,1,0,536
212,5.7624,2,2,4,1111,20000,4,21.523,35.956,0,8,0,0,0,0,0,539
213,5.8054,4,4,4,1111,20000,4,40.947,63.321,2,8,0,1,0,1,0,544
214,5.8063,2,2,4,1111,20000,4,21.676,32.210,2,8,0,1,0,1,0,545
215,5.8206,2,2,4,1111,20000,4,15.710,30.137,0,8,0,0,0,0,0,546
216,5.8680,4,4,4,1111,20000,4,39.513,61.846,4,8,1,2,0,1,0,552
217,5.8687,2,2,4,1111,20000,4,19.963,30.536,3,8,0,2,0,1,0,552
218,5.8850,2,2,4,1111,20000,4,15.935,30.481,1,8,1,0,0,0,0,554
219,5.9392,4,4,4,1111,20000,4,46.590,69.007,4,8,1,2,0,1,0,561
220,5.9400,2,2,4,1111,20000,4,27.116,37.737,3,8,0,2,0,1,0,561
221,5.9548,2,2,4,1111,20000,4,21.707,36.234,1,8,1,0,0,0,0,563
222,5.9928,4,4,4,1111,20000,4,36.103,58.514,4,8,1,2,0,1,0,567
223,5.9971,2,2,4,1111,20000,4,20.174,30.763,3,8,0,2,0,1,0,567
224,6.0144,2,2,4,1111,20000,4,15.898,25.817,2,8,0,2,0,0,0,569
225,6.0365,2,2,4,1111,20000,4,15.789,27.584,1,8,0,0,0,1,0,571
226,6.0567,2,2,4,1111,20000,4,15.686,26.302,3,8,0,2,0,1,0,574
227,6.0769,2,2,4,1111,20000,4,15.749,30.236,1,8,1,0,0,0,0,576
228,6.1242,4,4,4,1111,20000,4,39.464,61.792,3,8,0,2,0,1,0,582
229,6.1251,2,2,4,1111,20000,4,20.000,30.640,3,8,0,2,0,1,0,582
230,6.1412,2,2,4,1111,20000,4,15.948,30.531,1,9,0,0,1,0,0,584
231,6.1882,4,4,4,1111,20000,4,39.353,61.678,3,9,0,1,1,1,0,590
232,6.1889,2,2,4,1111,20000,4,19.718,30.387,2,9,0,1,0,1,0,590
233,6.2050,2,2,4,1111,20000,4,15.756,30.280,1,9,0,0,1,0,0,592
234,6.2596,4,4,4,1111,20000,4,46.739,69.009,4,10,0,1,2,1,0,599
235,6.2603,2,2,4,1111,20000,4,27.056,37.705,2,10,0,1,0,1,0,599
236,6.2798,3,3,4,1111,20000,4,25.070,40.980,3,10,0,1,2,0,0,602
237,6.2997,3,3,4,1111,20000,4,22.855,34.519,3,10,0,0,2,1,0,604
238,6.3182,2,2,4,1111,20000,4,20.854,31.528,2,10,0,1,0,1,0,606
239,6.3331,2,2,4,1111,20000,4,15.701,30.326,2,10,0,0,2,0,0,607
240,6.3643,3,3,4,1111,20000,4,23.231,45.592,3,10,0,1,2,0,0,610
241,6.3828,2,2,4,1111,20000,4,15.794,32.012,1,10,0,1,0,0,0,613
242,6.4073,2,2,4,1111,20000,4,15.962,34.363,3,10,0,1,2,0,0,616
243,6.4359,3,3,4,1111,20000,4,22.354,42.506,3,10,0,0,2,1,0,619
244,6.4741,4,4,4,1111,20000,4,36.880,59.281,3,10,0,1,1,1,0,624
245,6.4779,2,2,4,1111,20000,4,20.252,31.044,2,10,0,1,0,1,0,624
246,6.4948,2,2,4,1111,20000,4,16.142,31.878,1,10,0,0,1,0,0,626
247,6.5477,4,4,4,1111,20000,4,46.550,68.815,1,10,0,0,0,1,0,633
248,6.5497,2,2,4,1111,20000,4,28.044,38.799,2,10,0,1,0,1,0,633
249,6.5686,3,3,4,1111,20000,4,25.560,41.610,0,10,0,0,0,0,0,636
250,6.5882,3,3,4,1111,20000,4,22.902,34.553,1,10,0,0,0,1,0,637
251,6.5952,1,1,4,1111,20000,4,9.403,9.526,1,10,0,0,0,1,0,638
252,6.6237,1,1,4,1111,20000,4,9.184,32.681,0,10,0,0,0,0,0,640
253,6.6768,3,3,4,1111,20000,4,37.677,59.112,1,10,0,0,0,1,0,645
254,6.6894,3,3,4,1111,20000,4,28.049,39.606,0,10,0,0,0,0,0,647
255,6.6983,2,2,4,1111,20000,4,16.416,27.226,1,11,0,1,0,0,0,648
256,6.7252,3,3,4,1111,20000,4,22.029,38.101,1,11,0,1,0,0,0,651
257,6.7477,3,3,4,1111,20000,4,22.307,33.861,1,11,0,0,1,0,0,654
258,6.7675,2,2,4,1111,20000,4,21.539,32.352,1,11,0,1,0,0,0,657
259,6.7906,3,3,4,1111,20000,4,23.330,39.432,1,11,0,1,0,0,0,660
260,6.8116,3,3,4,1111,20000,4,22.155,33.690,0,11,0,0,0,0,0,662
261,6.8260,2,2,4,1111,20000,4,15.959,26.819,1,11,0,1,0,0,0,664
262,6.8535,3,3,4,1111,20000,4,22.183,38.317,2,11,0,1,1,0,0,668
263,6.8901,3,3,4,1111,20000,4,36.621,48.067,1,11,0,0,1,0,0,672
264,6.8950,2,2,4,1111,20000,4,20.820,31.752,1,11,0,1,0,0,0,672
265,6.9174,3,3,4,1111,20000,4,21.997,38.195,2,11,0,1,1,0,0,675
266,6.9396,3,3,4,1111,20000,4,22.062,33.528,0,11,0,0,0,0,0,678
267,6.9539,2,2,4,1111,20000,4,15.680,26.549,1,11,0,1,0,0,0,680
268,6.9815,3,3,4,1111,20000,4,22.088,38.271,1,11,0,1,0,0,0,684
269,7.0177,3,3,4,1111,20000,4,36.126,47.530,0,11,0,0,0,0,0,688
270,7.0231,2,2,4,1111,20000,4,20.847,31.765,2,11,0,1,0,1,0,688
271,7.0457,3,3,4,1111,20000,4,22.179,38.382,3,11,0,1,2,0,0,692
272,7.0678,3,3,4,1111,20000,4,22.204,33.568,2,11,0,0,1,1,0,694
273,7.0822,2,2,4,1111,20000,4,15.786,26.728,2,11,0,1,0,1,0,696
274,7.1335,3,3,4,1111,20000,4,45.955,62.191,2,11,0,1,1,0,0,702
275,7.1346,3,3,4,1111,20000,4,24.942,36.279,3,11,0,0,2,1,0,702
276,7.1480,2,2,4,1111,20000,4,17.521,28.505,1,11,0,1,0,0,0,704
277,7.1740,3,3,4,1111,20000,4,22.363,38.624,3,11,0,1,2,0,0,708
278,7.2209,3,3,4,1111,20000,4,47.173,58.471,1,11,0,0,1,0,0,713
279,7.2273,2,2,4,1111,20000,4,32.665,43.680,1,11,0,1,0,0,0,714
280,7.2407,3,3,4,1111,20000,4,24.897,37.308,3,11,0,1,2,0,0,716
281,7.2604,3,3,4,1111,20000,4,22.418,33.815,3,11,0,0,2,1,0,718
282,7.2746,2,2,4,1111,20000,4,15.964,26.963,1,11,0,1,0,0,0,720
283,7.3020,3,3,4,1111,20000,4,22.287,38.589,2,11,0,1,1,0,0,724
284,7.3242,3,3,4,1111,20000,4,22.316,33.584,3,11,0,0,2,1,0,726
285,7.3445,2,2,4,1111,20000,4,21.720,32.764,1,11,0,1,0,0,0,729
286,7.3671,3,3,4,1111,20000,4,23.298,39.658,3,11,0,1,2,0,0,732
287,7.3880,3,3,4,1111,20000,4,22.099,33.308,2,11,0,0,2,0,0,734
288,7.4025,2,2,4,1111,20000,4,15.750,26.771,2,11,0,1,0,1,0,735
289,7.4236,2,2,4,1111,20000,4,15.755,25.803,3,11,0,1,2,0,0,737
290,7.4456,2,2,4,1111,20000,4,15.682,26.871,1,11,0,0,1,0,0,739
291,7.4668,2,2,4,1111,20000,4,15.928,26.972,1,11,0,1,0,0,0,742
292,7.4942,3,3,4,1111,20000,4,22.253,38.616,1,11,0,1,0,0,0,746
293,7.5163,3,3,4,1111,20000,4,22.219,33.412,1,11,0,0,0,1,0,748
294,7.5308,2,2,4,1111,20000,4,15.821,26.911,1,11,0,1,0,0,0,750
295,7.5702,3,3,4,1111,20000,4,34.231,50.631,1,11,0,1,0,0,0,755
296,7.5810,3,3,4,1111,20000,4,22.857,34.028,1,11,0,0,1,0,0,756
297,7.5957,2,2,4,1111,20000,4,16.632,27.712,1,11,0,1,0,0,0,758
298,7.6223,3,3,4,1111,20000,4,22.203,38.627,3,11,0,1,2,0,0,762
299,7.6446,3,3,4,1111,20000,4,22.454,33.599,0,11,0,0,0,0,0,764
300,7.6650,2,2,4,1111,20000,4,21.885,32.987,1,11,0,1,0,0,0,767
301,7.6872,3,3,4,1111,20000,4,23.050,39.525,2,11,0,1,1,0,0,770
302,7.7082,3,3,4,1111,20000,4,22.050,33.128,1,11,0,0,1,0,0,772
303,7.7230,2,2,4,1111,20000,4,15.816,26.932,1,11,0,1,0,0,0,774
304,7.7503,3,3,4,1111,20000,4,22.061,38.548,2,11,0,1,1,0,0,777
305,7.7660,2,2,4,1111,20000,4,15.720,22.212,1,11,0,0,1,0,0,778
306,7.7970,2,2,4,1111,20000,4,21.151,36.834,1,11,0,1,0,0,0,781
307,7.8164,2,2,4,1111,20000,4,15.699,34.219,2,11,0,1,1,0,0,784
308,7.8448,3,3,4,1111,20000,4,22.146,41.537,1,11,0,0,1,0,0,787
309,7.8891,4,4,4,1111,20000,4,42.766,64.878,2,11,0,1,1,0,0,793
310,7.8987,2,2,4,1111,20000,4,31.327,42.493,1,11,0,1,0,0,0,793
311,7.9343,3,3,4,1111,20000,4,45.924,62.483,2,11,0,1,1,0,0,798
312,7.9356,3,3,4,1111,20000,4,25.216,36.142,1,11,0,0,1,0,0,798
313,7.9497,2,2,4,1111,20000,4,18.144,29.318,1,11,0,1,0,0,0,800
314,7.9747,3,3,4,1111,20000,4,22.267,38.823,2,11,0,1,1,0,0,804
315,7.9967,3,3,4,1111,20000,4,22.193,33.221,2,11,0,0,1,1,0,805
316,8.0097,1,1,4,1111,20000,4,14.032,14.122,1,11,0,0,0,1,0,806
317,8.0329,1,1,4,1111,20000,4,8.726,32.986,0,11,0,0,0,0,0,808
318,8.0708,3,3,4,1111,20000,4,22.232,43.247,2,11,0,1,0,1,0,812
319,8.0928,3,3,4,1111,20000,4,22.231,33.165,2,11,0,0,1,1,0,814
320,8.1130,2,2,4,1111,20000,4,21.236,32.478,1,11,0,1,0,0,0,817
321,8.1347,3,3,4,1111,20000,4,22.119,38.773,2,11,0,1,1,0,0,820
322,8.1567,3,3,4,1111,20000,4,22.063,32.960,2,11,0,0,1,1,0,822
323,8.1716,2,2,4,1111,20000,4,15.760,27.013,1,11,0,1,0,0,0,824
324,8.1986,3,3,4,1111,20000,4,21.972,38.606,2,11,0,1,1,0,0,828
325,8.2208,3,3,4,1111,20000,4,22.140,33.003,1,11,0,0,1,0,0,830
326,8.2418,2,2,4,1111,20000,4,21.879,33.164,2,11,0,1,0,1,0,833
327,8.2639,3,3,4,1111,20000,4,23.116,39.799,2,11,0,1,1,0,0,836
328,8.2848,3,3,4,1111,20000,4,22.069,32.895,1,11,0,0,1,0,0,838
329,8.2997,2,2,4,1111,20000,4,15.762,27.056,1,11,0,1,0,0,0,840
330,8.3385,3,3,4,1111,20000,4,33.724,50.447,2,11,0,1,1,0,0,845
331,8.3512,3,3,4,1111,20000,4,24.379,35.212,2,11,0,0,1,1,0,846
332,8.3637,2,2,4,1111,20000,4,15.621,26.943,2,11,0,1,0,1,0,848
333,8.3908,3,3,4,1111,20000,4,22.009,38.714,2,11,0,1,1,0,0,852
334,8.4128,3,3,4,1111,20000,4,22.029,32.790,2,11,0,0,1,1,0,854
335,8.4279,2,2,4,1111,20000,4,15.792,27.121,1,11,0,1,0,0,0,856
336,8.4667,3,3,4,1111,20000,4,33.793,50.550,2,11,0,1,1,0,0,861
337,8.4777,3,3,4,1111,20000,4,22.851,33.610,0,11,0,0,0,0,0,862
338,8.4931,2,2,4,1111,20000,4,16.789,28.177,1,11,0,1,0,0,0,864
339,8.5190,3,3,4,1111,20000,4,22.027,38.779,1,11,0,1,0,0,0,868
340,8.5412,3,3,4,1111,20000,4,22.214,32.953,1,11,0,0,0,1,0,870
341,8.5621,2,2,4,1111,20000,4,21.802,33.174,1,11,0,0,0,1,0,873
342,8.5839,3,3,4,1111,20000,4,22.899,39.676,0,11,0,0,0,0,0,876
343,8.6050,3,3,4,1111,20000,4,22.005,32.699,1,11,0,0,0,1,0,878
344,8.6204,2,2,4,1111,20000,4,15.947,27.378,1,11,0,1,0,0,0,880
345,8.6586,3,3,4,1111,20000,4,33.497,50.323,1,11,0,1,0,0,0,885
346,8.6703,3,3,4,1111,20000,4,23.254,33.954,0,11,0,0,0,0,0,886
347,8.6851,2,2,4,1111,20000,4,16.601,28.030,1,11,0,1,0,0,0,888
348,8.7112,3,3,4,1111,20000,4,22.041,38.887,2,12,0,1,1,0,0,892
349,8.7331,3,3,4,1111,20000,4,22.027,32.656,1,12,0,0,1,0,0,894
350,8.7485,2,2,4,1111,20000,4,15.922,27.368,1,12,0,1,0,0,0,896
351,8.7880,3,3,4,1111,20000,4,34.748,51.574,2,12,0,1,1,0,0,901
352,8.8013,3,3,4,1111,20000,4,26.095,36.742,1,12,0,0,1,0,0,902
353,8.8125,2,2,4,1111,20000,4,15.799,27.257,2,12,0,1,0,1,0,903
354,8.8331,2,2,4,1111,20000,4,15.776,25.983,2,12,0,1,1,0,0,905
355,8.8550,2,2,4,1111,20000,4,15.805,26.398,1,12,0,0,1,0,0,907
356,8.8825,2,2,4,1111,20000,4,21.694,33.175,1,12,0,1,0,0,0,911
357,8.9034,3,3,4,1111,20000,4,22.058,38.946,2,12,0,1,1,0,0,914
358,8.9256,3,3,4,1111,20000,4,22.291,32.845,1,12,0,0,1,0,0,916
359,8.9406,2,2,4,1111,20000,4,15.752,27.213,1,12,0,1,0,0,0,918
360,8.9674,3,3,4,1111,20000,4,21.930,38.849,2,12,0,1,1,0,0,922
361,8.9895,3,3,4,1111,20000,4,22.219,32.736,2,12,0,0,1,1,0,924
362,9.0109,2,2,4,1111,20000,4,21.970,33.504,2,12,0,1,0,1,0,927
363,9.0326,3,3,4,1111,20000,4,23.098,40.063,2,12,0,1,1,0,0,930
364,9.0537,3,3,4,1111,20000,4,22.264,32.768,2,12,0,0,1,1,0,932
365,9.0689,2,2,4,1111,20000,4,15.882,27.391,1,12,0,1,0,0,0,934
366,9.0959,3,3,4,1111,20000,4,22.338,39.325,2,12,0,1,1,0,0,938
367,9.1362,3,3,4,1111,20000,4,40.754,51.207,2,12,0,0,1,1,0,942
368,9.1370,2,2,4,1111,20000,4,19.925,31.492,2,12,0,1,0,1,0,942
369,9.1597,3,3,4,1111,20000,4,21.992,39.021,2,12,0,1,1,0,0,945
370,9.1753,2,2,4,1111,20000,4,15.805,22.617,1,12,0,0,1,0,0,946
371,9.2004,2,2,4,1111,20000,4,15.658,30.810,1,12,0,1,0,0,0,948
372,9.2259,2,2,4,1111,20000,4,15.783,34.485,2,12,0,1,1,0,0,952
373,9.2551,3,3,4,1111,20000,4,23.109,41.968,2,12,0,0,1,1,0,955
374,9.2898,4,4,4,1111,20000,4,34.240,56.153,3,12,0,1,1,1,0,960
375,9.2957,2,2,4,1111,20000,4,18.453,30.017,2,12,0,1,0,1,0,960
376,9.3199,3,3,4,1111,20000,4,22.096,39.183,2,12,0,1,1,0,0,964
377,9.3534,3,3,4,1111,20000,4,33.722,44.091,2,12,0,0,1,1,0,968
378,9.3605,2,2,4,1111,20000,4,19.151,30.742,2,12,0,1,0,1,0,968
379,9.3839,3,3,4,1111,20000,4,22.058,39.152,2,12,0,1,1,0,0,972
380,9.4057,3,3,4,1111,20000,4,22.024,32.359,1,12,0,0,1,0,0,973
381,9.4143,1,1,4,1111,20000,4,8.802,8.904,1,12,0,0,0,1,0,974
382,9.4431,1,1,4,1111,20000,4,8.957,34.251,0,12,0,0,0,0,0,976
383,9.4801,3,3,4,1111,20000,4,22.073,42.651,2,12,0,1,0,1,0,980
384,9.5027,3,3,4,1111,20000,4,22.912,33.243,2,12,0,0,1,1,0,982
385,9.5177,2,2,4,1111,20000,4,16.033,27.731,2,12,0,1,0,1,0,984
386,9.5444,3,3,4,1111,20000,4,22.302,39.454,1,12,0,0,1,0,0,988
387,9.5663,3,3,4,1111,20000,4,22.370,32.688,2,12,0,0,1,1,0,990
388,9.5818,2,2,4,1111,20000,4,16.047,27.772,1,12,0,0,0,1,0,992
389,9.6203,3,3,4,1111,20000,4,34.182,51.354,1,12,0,0,1,0,0,997
390,9.6317,3,3,4,1111,20000,4,23.689,34.000,2,12,0,0,1,1,0,998
391,9.6466,2,2,4,1111,20000,4,16.804,28.528,1,12,0,0,0,1,0,1000
392,9.6724,3,3,4,1111,20000,4,22.210,39.437,1,12,0,0,1,0,0,1004
393,9.7066,3,3,4,1111,20000,4,34.646,44.862,2,12,0,0,1,1,0,1008
394,9.7128,2,2,4,1111,20000,4,18.943,30.649,1,12,0,0,0,1,0,1008
395,9.7362,3,3,4,1111,20000,4,21.954,39.204,1,12,0,0,1,0,0,1012
396,9.7583,3,3,4,1111,20000,4,22.238,32.431,2,12,0,0,1,1,0,1014
397,9.7739,2,2,4,1111,20000,4,15.953,27.711,1,12,0,0,0,1,0,1016
398,9.8016,3,3,4,1111,20000,4,23.313,40.567,1,12,0,0,1,0,0,1020
399,9.8224,3,3,4,1111,20000,4,22.280,32.430,2,12,0,0,1,1,0,1022
400,9.8379,2,2,4,1111,20000,4,15.795,27.578,1,12,0,0,0,1,0,1024
401,9.8646,3,3,4,1111,20000,4,22.226,39.510,1,12,0,0,1,0,0,1028
402,9.8992,3,3,4,1111,20000,4,34.995,45.217,2,12,0,0,1,1,0,1032
403,9.9153,2,2,4,1111,20000,4,29.143,40.917,1,12,0,0,0,1,0,1033
404,9.9685,3,3,4,1111,20000,4,62.015,79.329,1,12,0,0,1,0,0,1040
405,9.9688,3,3,4,1111,20000,4,40.514,50.636,2,12,0,0,1,1,0,1040
406,10.0107,2,2,4,1111,20000,4,60.514,72.330,1,12,0,0,0,1,0,1045
407,10.0118,3,3,4,1111,20000,4,41.188,58.570,1,12,0,0,1,0,0,1045
408,10.0601,3,3,4,1111,20000,4,67.837,77.912,1,12,0,0,1,0,0,1052
409,10.0616,2,2,4,1111,20000,4,47.291,59.128,1,12,0,0,0,1,0,1052
410,10.0937,3,3,4,1111,20000,4,59.183,76.480,1,12,0,0,1,0,0,1056
411,10.0962,3,3,4,1111,20000,4,39.749,49.880,2,12,0,0,1,1,0,1056
412,10.1423,2,2,4,1111,20000,4,63.903,75.788,0,12,0,0,0,0,0,1061
413,10.1436,3,3,4,1111,20000,4,44.845,62.282,1,12,0,0,1,0,0,1062
414,10.2113,3,3,4,1111,20000,4,90.852,100.945,1,12,0,0,1,0,0,1070
415,10.2122,2,2,4,1111,20000,4,69.738,81.598,0,12,0,0,0,0,0,1070
416,10.2136,3,3,4,1111,20000,4,50.820,68.239,1,12,0,0,1,0,0,1070
417,10.2659,3,3,4,1111,20000,4,81.463,91.506,1,12,0,0,1,0,0,1075
418,10.2723,2,2,4,1111,20000,4,61.306,77.612,0,12,0,0,0,0,0,1076
419,10.2755,2,2,4,1111,20000,4,40.193,59.101,1,12,0,0,1,0,0,1077
420,10.2841,2,2,4,1111,20000,4,27.235,45.587,1,12,0,0,1,0,0,1078
421,10.3167,4,4,4,1111,20000,4,35.993,57.921,2,13,0,0,1,1,0,1082
422,10.3233,2,2,4,1111,20000,4,20.525,32.481,2,15,0,2,0,0,0,1083
423,10.3479,3,3,4,1111,20000,4,25.048,42.504,3,15,0,2,1,0,0,1086
424,10.3750,3,3,4,1111,20000,4,30.443,40.376,1,15,0,0,1,0,0,1089
425,10.3836,2,2,4,1111,20000,4,16.818,28.746,2,15,0,2,0,0,0,1090
426,10.4087,3,3,4,1111,20000,4,21.801,39.261,3,15,0,2,1,0,0,1094
427,10.4305,3,3,4,1111,20000,4,21.882,31.784,1,15,0,0,1,0,0,1095
428,10.4467,2,2,4,1111,20000,4,15.803,27.767,2,15,0,2,0,0,0,1098
429,10.4969,3,3,4,1111,20000,4,45.901,63.378,3,15,0,2,1,0,0,1104
430,10.4981,3,3,4,1111,20000,4,25.425,35.281,2,16,0,0,1,1,0,1105
431,10.5136,2,2,4,1111,20000,4,18.679,30.626,3,16,0,2,0,1,0,1106
432,10.5388,3,3,4,1111,20000,4,23.758,41.319,2,16,0,2,0,0,0,1110
433,10.5633,3,3,4,1111,20000,4,26.513,36.350,1,16,0,0,0,1,0,1112
434,10.5822,2,2,4,1111,20000,4,20.436,35.103,2,16,0,2,0,0,0,1114
435,10.6134,2,2,4,1111,20000,4,25.697,44.677,2,16,0,2,0,0,0,1117
436,10.7016,3,3,4,1111,20000,4,88.321,107.953,2,16,0,2,0,0,0,1128
437,10.7218,3,3,4,1111,20000,4,82.385,96.700,1,16,0,0,0,1,0,1131
438,10.8758,4,4,4,1111,20000,4,210.810,232.513,3,16,0,2,0,1,0,1145
439,10.8918,3,3,4,1111,20000,4,201.853,216.599,2,16,0,1,0,1,0,1148
440,10.9109,2,2,4,1111,20000,4,195.014,214.092,2,16,0,1,1,0,0,1149
441,10.9438,3,3,4,1111,20000,4,206.178,224.558,2,16,0,0,1,1,0,1154
442,10.9754,4,4,4,1111,20000,4,214.328,236.097,3,17,0,1,1,1,0,1157
443,10.9864,2,2,4,1111,20000,4,202.896,215.035,2,17,0,1,0,1,0,1160
444,11.0174,3,3,4,1111,20000,4,180.962,231.581,3,17,0,0,2,1,0,1164
445,11.0270,2,2,4,1111,20000,4,161.873,209.220,1,17,0,0,0,1,0,1164
446,11.0709,4,4,4,1111,20000,4,181.640,221.027,4,17,0,1,2,1,0,1169
447,11.1102,3,3,4,1111,20000,4,198.597,228.391,2,17,0,1,0,1,0,1175
448,11.1401,3,3,4,1111,20000,4,200.191,226.282,4,17,0,2,2,0,0,1179
449,11.1771,3,3,4,1111,20000,4,215.360,233.689,3,17,0,0,2,1,0,1183
450,11.2753,4,4,4,1111,20000,4,289.963,311.789,4,17,0,1,2,1,0,1196
451,11.4015,4,4,4,1111,20000,4,383.428,405.888,5,17,0,2,2,1,0,1211
452,11.4617,4,4,4,1111,20000,4,405.348,434.112,4,17,0,1,2,1,0,1219
453,11.5846,4,4,4,1111,20000,4,495.160,524.940,5,17,0,2,2,1,0,1234
454,11.6515,4,4,4,1111,20000,4,526.667,559.824,5,17,0,2,2,1,0,1241
455,11.7881,4,4,4,1111,20000,4,619.360,664.370,3,17,0,1,1,1,0,1257
456,11.8544,4,4,4,1111,20000,4,647.132,698.718,4,17,0,1,2,1,0,1265
457,11.9112,4,4,4,1111,20000,4,633.844,723.392,3,17,0,1,1,1,0,1269
458,11.9718,4,4,4,1111,20000,4,612.286,751.945,3,17,0,1,1,1,0,1279
459,12.0928,4,4,4,1111,20000,4,732.304,841.001,3,17,0,1,1,1,0,1288
460,12.1398,4,4,4,1111,20000,4,764.337,856.015,3,17,0,1,1,1,0,1292
461,12.2274,4,4,4,1111,20000,4,832.392,911.564,2,17,0,1,0,1,0,1296
462,12.2902,4,4,4,1111,20000,4,853.492,942.259,3,17,0,1,1,1,0,1300
463,12.3763,4,4,4,1111,20000,4,854.446,996.394,3,17,0,1,1,1,0,1304
464,12.3827,4,4,4,1111,20000,4,859.884,970.730,2,17,0,1,0,1,0,1308
465,12.4005,4,4,4,1111,20000,4,833.740,956.480,5,18,1,2,1,1,0,1312
466,12.4077,4,4,4,1111,20000,4,789.197,931.646,4,18,1,2,0,1,0,1314
467,12.4288,4,4,4,1111,20000,4,776.671,920.739,4,18,1,2,0,1,0,1320
468,12.4469,4,4,4,1111,20000,4,744.996,906.762,3,18,1,1,0,1,0,1324
469,12.4530,4,4,4,1111,20000,4,691.332,880.902,4,18,1,1,1,1,0,1328
470,12.4745,4,4,4,1111,20000,4,685.768,869.364,4,18,1,2,0,1,0,1332
471,12.4816,4,4,4,1111,20000,4,638.870,845.446,3,18,1,2,0,0,0,1336
472,12.4971,4,4,4,1111,20000,4,620.735,828.774,3,18,1,2,0,0,0,1340
473,12.5116,4,4,4,1111,20000,4,597.544,811.317,3,18,1,2,0,0,0,1340
474,12.5209,4,4,4,1111,20000,4,568.001,788.592,2,18,1,1,0,0,0,1343
475,12.5400,4,4,4,1111,20000,4,539.577,775.692,2,18,1,1,0,0,0,1345
476,12.5481,4,4,4,1111,20000,4,491.858,751.723,3,18,1,2,0,0,0,1347
477,12.5642,4,4,4,1111,20000,4,471.419,721.463,3,18,1,2,0,0,0,1348
478,12.5779,4,4,4,1111,20000,4,453.214,701.521,2,18,1,1,0,0,0,1350
479,12.5900,4,4,4,1111,20000,4,425.896,675.931,2,18,1,1,0,0,0,1352
480,12.6092,4,4,4,1111,20000,4,399.296,656.323,3,18,1,2,0,0,0,1353
481,12.6247,4,4,4,1111,20000,4,365.064,624.236,2,18,1,1,0,0,0,1356
482,12.6340,4,4,4,1111,20000,4,341.932,577.681,2,18,1,1,0,0,0,1357
483,12.6548,4,4,4,1111,20000,4,314.583,561.147,2,18,1,1,0,0,0,1360
484,12.6638,4,4,4,1111,20000,4,286.750,522.967,3,18,1,2,0,0,0,1361
485,12.6801,4,4,4,1111,20000,4,282.132,452.057,3,18,1,2,0,0,0,1363
486,12.6886,4,4,4,1111,20000,4,269.893,397.235,3,18,1,2,0,0,0,1364
487,12.7033,4,4,4,1111,20000,4,259.617,326.304,3,18,1,2,0,0,0,1365
488,12.7185,4,4,4,1111,20000,4,254.533,335.288,2,18,1,1,0,0,0,1368
489,12.7266,4,4,4,1111,20000,4,235.351,325.555,3,19,1,1,1,0,0,1369
490,12.7413,4,4,4,1111,20000,4,229.226,333.172,2,19,1,1,0,0,0,1371
491,12.7487,4,4,4,1111,20000,4,215.072,319.304,4,19,1,2,1,0,0,1372
492,12.7617,4,4,4,1111,20000,4,203.426,314.174,3,19,0,2,1,0,0,1373
493,12.7718,4,4,4,1111,20000,4,193.099,318.110,3,19,1,1,1,0,0,1375
494,12.7835,4,4,4,1111,20000,4,182.526,308.278,4,19,1,2,1,0,0,1376
495,12.7937,4,4,4,1111,20000,4,168.246,302.457,4,19,1,2,1,0,0,1377
496,12.8090,4,4,4,1111,20000,4,161.163,296.805,3,19,1,1,1,0,0,1379
497,12.8189,4,4,4,1111,20000,4,146.049,285.251,3,19,1,1,1,0,0,1380
498,12.8351,4,4,4,1111,20000,4,138.677,269.977,3,19,1,1,1,0,0,1383
499,12.8422,4,4,4,1111,20000,4,122.826,245.043,3,19,1,1,1,0,0,1383
500,12.9525,4,4,4,1111,20000,4,209.953,323.305,3,19,1,1,1,0,0,1397
501,12.9599,4,4,4,1111,20000,4,197.017,298.672,3,19,1,1,1,0,0,1397
502,12.9748,4,4,4,1111,20000,4,188.362,281.565,3,19,1,1,1,0,0,1400
503,12.9826,4,4,4,1111,20000,4,172.742,257.270,3,19,1,1,1,0,0,1401
504,12.9983,4,4,4,1111,20000,4,165.877,240.947,3,19,1,1,1,0,0,1403
505,13.0115,4,4,4,1111,20000,4,151.663,222.140,3,19,1,1,1,0,0,1404
506,13.0204,4,4,4,1111,20000,4,81.218,198.992,3,19,1,1,1,0,0,1405
507,13.0340,4,4,4,1111,20000,4,89.342,180.605,4,20,1,1,2,0,0,1406
508,13.0435,4,4,4,1111,20000,4,91.443,158.039,4,20,1,1,2,0,0,1407
509,13.1339,4,4,4,1111,20000,4,180.798,216.397,3,20,1,1,1,0,0,1418
510,13.1377,4,4,4,1111,20000,4,158.203,188.220,4,20,1,1,2,0,0,1418
511,13.1499,4,4,4,1111,20000,4,146.818,168.364,4,20,1,1,2,0,0,1419
512,13.1517,2,2,4,1111,20000,4,125.315,138.099,1,20,0,1,0,0,0,1419
513,13.1540,2,2,4,1111,20000,4,99.746,119.040,3,20,0,1,2,0,0,1419
514,13.1555,2,2,4,1111,20000,4,80.084,97.182,2,20,0,0,2,0,0,1421
515,13.1903,4,4,4,1111,20000,4,91.264,112.691,5,20,1,2,2,0,0,1425
516,13.1955,3,3,4,1111,20000,4,66.288,85.857,3,20,1,2,0,0,0,1426
517,13.2000,2,2,4,1111,20000,4,49.728,68.994,4,20,0,2,2,0,0,1426
518,13.2351,3,3,4,1111,20000,4,63.468,80.692,3,20,1,0,2,0,0,1430
519,13.2364,4,4,4,1111,20000,4,41.192,62.632,4,20,1,2,1,0,0,1430
520,13.2548,2,2,4,1111,20000,4,36.210,49.029,1,20,0,1,0,0,0,1433
521,13.2714,3,3,4,1111,20000,4,25.028,52.044,5,20,1,2,2,0,0,1435
522,13.2897,3,3,4,1111,20000,4,22.067,39.132,2,20,1,0,1,0,0,1437
523,13.3758,4,4,4,1111,20000,4,84.529,105.972,5,20,1,2,2,0,0,1447
524,13.3893,2,2,4,1111,20000,4,74.617,87.443,2,20,0,2,0,0,0,1449
525,13.5094,3,3,4,1111,20000,4,166.972,193.936,5,20,1,2,2,0,0,1463
526,13.5425,3,3,4,1111,20000,4,178.696,195.781,3,20,1,0,2,0,0,1467
527,13.5990,3,3,4,1111,20000,4,211.565,233.049,4,20,1,1,2,0,0,1473
528,13.6309,2,2,4,1111,20000,4,219.241,232.877,3,20,1,2,0,0,0,1476
529,13.6397,2,2,4,1111,20000,4,201.106,220.324,3,20,0,2,1,0,0,1478
530,13.6730,4,4,4,1111,20000,4,182.234,230.160,5,20,1,2,2,0,0,1480
531,13.7395,4,4,4,1111,20000,4,245.306,264.608,5,20,1,2,2,0,0,1487
532,13.7853,3,3,4,1111,20000,4,269.444,278.399,3,20,1,0,2,0,0,1493
533,13.8098,2,2,4,1111,20000,4,270.711,283.604,2,20,0,2,0,0,0,1496
534,13.8367,3,3,4,1111,20000,4,270.074,297.186,5,20,1,2,2,0,0,1500
535,13.8399,4,4,4,1111,20000,4,249.451,268.978,5,20,1,2,2,0,0,1500
536,13.8435,3,3,4,1111,20000,4,220.224,240.534,3,20,1,0,2,0,0,1500
537,13.8449,2,2,4,1111,20000,4,181.360,209.815,1,20,1,0,0,0,0,1500
538,13.9535,4,4,4,1111,20000,4,244.450,286.373,5,20,1,2,2,0,0,1513
539,13.9579,3,3,4,1111,20000,4,226.740,258.768,3,20,1,2,0,0,0,1515
540,13.9742,4,4,4,1111,20000,4,206.214,242.979,5,20,1,2,2,0,0,1516
541,13.9812,4,4,4,1111,20000,4,175.956,218.016,5,20,1,2,2,0,0,1517
542,13.9984,4,4,4,1111,20000,4,164.041,203.078,5,20,1,2,2,0,0,1520
543,14.0046,4,4,4,1111,20000,4,149.547,177.287,6,21,1,3,2,0,0,1520
544,14.0220,4,4,4,1111,20000,4,80.596,162.646,6,21,1,3,2,0,0,1523
545,14.0362,4,4,4,1111,20000,4,93.823,144.850,6,21,1,3,2,0,0,1524
546,14.0413,4,4,4,1111,20000,4,97.901,117.922,6,21,1,3,2,0,0,1525
547,14.0799,3,3,4,1111,20000,4,116.020,124.445,2,21,1,0,1,0,0,1529
548,14.0812,2,2,4,1111,20000,4,93.565,106.505,3,21,0,3,0,0,0,1529
549,14.1399,3,3,4,1111,20000,4,124.669,152.025,6,21,1,3,2,0,0,1537
550,14.1409,3,3,4,1111,20000,4,104.460,121.338,2,21,1,0,1,0,0,1537
551,14.1428,4,4,4,1111,20000,4,82.773,104.130,5,21,1,3,1,0,0,1537
552,14.1480,2,2,4,1111,20000,4,64.193,77.301,3,21,0,3,0,0,0,1539
553,14.1817,3,3,4,1111,20000,4,70.444,97.777,5,21,1,3,1,0,0,1543
554,14.1831,4,4,4,1111,20000,4,43.605,67.431,6,21,1,3,2,0,0,1543
555,14.2250,4,4,4,1111,20000,4,58.161,77.303,5,21,1,3,1,0,0,1548
556,14.2262,3,3,4,1111,20000,4,38.060,46.411,3,21,1,0,2,0,0,1548
557,14.2389,2,2,4,1111,20000,4,26.962,40.095,3,21,0,3,0,0,0,1549
558,14.2697,3,3,4,1111,20000,4,30.315,57.748,5,21,1,3,1,0,0,1553
559,14.2821,3,3,4,1111,20000,4,21.635,38.302,3,21,1,0,2,0,0,1555
560,14.3157,4,4,4,1111,20000,4,31.499,52.806,6,21,1,3,2,0,0,1559
561,14.3241,2,2,4,1111,20000,4,16.098,29.206,3,21,0,3,0,0,0,1560
562,14.3572,3,3,4,1111,20000,4,21.704,49.127,6,21,1,3,2,0,0,1564
563,14.3784,3,3,4,1111,20000,4,21.752,38.398,3,21,1,0,2,0,0,1567
564,14.4110,4,4,4,1111,20000,4,30.753,52.053,6,21,1,3,2,0,0,1571
565,14.4200,2,2,4,1111,20000,4,15.892,29.029,3,21,0,3,0,0,0,1572
566,14.4534,3,3,4,1111,20000,4,21.856,49.308,5,21,1,3,1,0,0,1575
567,14.4732,2,2,4,1111,20000,4,20.514,37.110,0,21,0,0,0,0,0,1577
568,14.4981,3,3,4,1111,20000,4,21.732,43.055,4,21,0,3,1,0,0,1579
569,14.5219,3,3,4,1111,20000,4,21.633,34.821,3,21,1,2,0,0,0,1583
570,14.5430,2,2,4,1111,20000,4,15.389,34.754,3,21,0,3,0,0,0,1586
571,14.5703,3,3,4,1111,20000,4,21.587,38.150,2,21,1,0,1,0,0,1589
572,14.6035,4,4,4,1111,20000,4,31.067,52.351,4,21,1,3,0,0,0,1593
573,14.6124,2,2,4,1111,20000,4,16.105,29.223,4,21,1,3,0,0,0,1594
574,14.6454,3,3,4,1111,20000,4,21.659,49.138,4,21,0,3,1,0,0,1598
575,14.6712,3,3,4,1111,20000,4,26.315,42.889,1,21,1,0,0,0,0,1602
576,14.6994,4,4,4,1111,20000,4,30.899,52.152,4,21,1,3,0,0,0,1605
577,14.7083,2,2,4,1111,20000,4,15.933,29.021,3,21,1,2,0,0,0,1606
578,14.7417,3,3,4,1111,20000,4,21.834,49.283,4,21,0,3,1,0,0,1610
579,14.7627,3,3,4,1111,20000,4,21.734,38.343,1,21,1,0,0,0,0,1613
580,14.7957,4,4,4,1111,20000,4,31.056,52.305,4,21,1,3,0,0,0,1616
581,14.8046,2,2,4,1111,20000,4,16.152,29.198,4,21,1,3,0,0,0,1617
582,14.8316,2,2,4,1111,20000,4,15.602,35.036,3,21,0,3,0,0,0,1620
583,14.8525,2,2,4,1111,20000,4,15.431,32.107,1,21,1,0,0,0,0,1622
584,14.8922,4,4,4,1111,20000,4,31.484,52.732,5,21,1,3,1,0,0,1627
585,14.9007,2,2,4,1111,20000,4,16.197,29.201,4,21,1,3,0,0,0,1628
586,14.9338,3,3,4,1111,20000,4,21.692,49.076,4,21,0,3,1,0,0,1632
587,14.9547,3,3,4,1111,20000,4,21.586,38.261,2,21,1,0,1,0,0,1635
588,14.9878,4,4,4,1111,20000,4,31.005,52.225,5,21,1,3,1,0,0,1639
589,14.9966,2,2,4,1111,20000,4,16.048,29.055,4,21,1,3,0,0,0,1640
590,15.0301,3,3,4,1111,20000,4,21.900,49.259,3,21,0,3,0,0,0,1644
591,15.0510,3,3,4,1111,20000,4,21.813,38.512,1,21,1,0,0,0,0,1646
592,15.0738,2,2,4,1111,20000,4,20.419,29.270,1,21,1,0,0,0,0,1646
593,15.0854,1,1,4,1111,20000,4,8.741,8.858,1,21,1,0,0,0,0,1648
594,15.1198,2,2,4,1111,20000,4,15.487,42.815,3,21,0,3,0,0,0,1652
595,15.1471,3,3,4,1111,20000,4,21.764,38.511,2,21,1,0,1,0,0,1655
596,15.1806,4,4,4,1111,20000,4,31.599,52.827,5,21,1,3,1,0,0,1659
597,15.1888,2,2,4,1111,20000,4,16.140,29.061,4,21,1,3,0,0,0,1660
598,15.2221,3,3,4,1111,20000,4,21.702,49.006,4,21,0,3,1,0,0,1664
599,15.2432,3,3,4,1111,20000,4,21.818,38.590,2,21,1,0,1,0,0,1667
600,15.2901,4,4,4,1111,20000,4,45.021,66.230,5,21,1,2,2,0,0,1673
601,15.2911,2,2,4,1111,20000,4,22.139,35.140,4,21,1,3,0,0,0,1673
602,15.3206,3,3,4,1111,20000,4,24.020,51.398,4,21,0,3,1,0,0,1677
603,15.3791,3,3,4,1111,20000,4,61.585,78.389,2,21,1,0,1,0,0,1684
604,15.4005,4,4,4,1111,20000,4,59.260,80.478,5,21,1,3,1,0,0,1687
605,15.4521,2,2,4,1111,20000,4,87.147,100.045,4,21,1,3,0,0,0,1693
606,15.4834,3,3,4,1111,20000,4,90.672,118.069,4,21,0,3,1,0,0,1697
607,15.5256,3,3,4,1111,20000,4,111.831,128.832,2,21,1,0,1,0,0,1703
608,15.5513,4,4,4,1111,20000,4,113.931,135.182,5,21,1,3,1,0,0,1705
609,15.5631,2,2,4,1111,20000,4,102.118,114.967,4,21,1,3,0,0,0,1707
610,15.7135,3,3,4,1111,20000,4,224.593,252.002,4,21,0,3,1,0,0,1725
611,15.7251,3,3,4,1111,20000,4,215.359,232.245,2,21,1,0,1,0,0,1727
612,15.7320,4,4,4,1111,20000,4,198.634,219.864,4,21,1,2,1,0,0,1728
613,15.7336,2,2,4,1111,20000,4,176.578,189.377,4,21,1,3,0,0,0,1728
614,15.7363,3,3,4,1111,20000,4,151.232,178.759,4,21,0,3,1,0,0,1728
615,15.7384,3,3,4,1111,20000,4,132.552,149.480,3,21,1,0,2,0,0,1729
616,15.8531,4,4,4,1111,20000,4,223.556,244.756,5,21,1,3,1,0,0,1742
617,15.8575,4,4,4,1111,20000,4,156.774,217.257,4,21,1,2,1,0,0,1743
618,15.8721,4,4,4,1111,20000,4,170.315,199.766,5,21,1,3,1,0,0,1744
619,15.8755,4,4,4,1111,20000,4,150.012,171.166,6,21,1,3,2,0,0,1744
620,15.8778,2,2,4,1111,20000,4,128.682,141.410,3,21,0,3,0,0,0,1744
621,15.8820,3,3,4,1111,20000,4,105.086,132.161,5,21,0,3,2,0,0,1745
622,15.8942,3,3,4,1111,20000,4,96.302,113.154,2,21,0,0,2,0,0,1746
623,15.8970,4,4,4,1111,20000,4,55.712,96.507,6,21,1,3,2,0,0,1747
624,15.9244,3,3,4,1111,20000,4,62.167,91.896,4,21,0,2,2,0,0,1750
625,15.9255,3,3,4,1111,20000,4,39.850,60.995,4,21,0,3,1,0,0,1750
626,15.9389,2,2,4,1111,20000,4,29.680,42.358,3,21,0,3,0,0,0,1751
627,15.9593,3,3,4,1111,20000,4,22.165,49.231,4,21,0,3,1,0,0,1754
628,15.9799,3,3,4,1111,20000,4,21.858,38.772,2,21,0,0,2,0,0,1757
629,16.0131,4,4,4,1111,20000,4,31.441,52.531,4,21,0,3,1,0,0,1761
630,16.0217,2,2,4,1111,20000,4,16.476,29.078,3,21,0,3,0,0,0,1762
631,16.0552,3,3,4,1111,20000,4,22.063,49.030,4,21,0,3,1,0,0,1766
632,16.0759,3,3,4,1111,20000,4,21.801,38.742,1,21,0,0,1,0,0,1769
633,16.1092,4,4,4,1111,20000,4,31.384,52.463,7,24,3,3,1,0,0,1773
634,16.1177,2,2,4,1111,20000,4,16.355,28.917,6,24,3,3,0,0,0,1774
635,16.1516,3,3,4,1111,20000,4,22.360,49.294,4,24,0,3,1,0,0,1778
636,16.1723,3,3,4,1111,20000,4,22.133,39.086,4,24,3,0,1,0,0,1781
637,16.2057,4,4,4,1111,20000,4,31.874,52.944,7,24,3,3,1,0,0,1784
638,16.2142,2,2,4,1111,20000,4,16.787,29.334,6,24,3,3,0,0,0,1785
639,16.2415,2,2,4,1111,20000,4,15.971,35.679,5,24,0,3,2,0,0,1788
640,16.2622,2,2,4,1111,20000,4,15.871,32.861,4,24,2,0,2,0,0,1790
641,16.3022,4,4,4,1111,20000,4,32.220,53.248,7,24,2,3,2,0,0,1796
642,16.3101,2,2,4,1111,20000,4,16.669,29.174,5,24,2,3,0,0,0,1796
643,16.3571,3,3,4,1111,20000,4,35.669,62.507,4,24,0,3,1,0,0,1801
644,16.3654,3,3,4,1111,20000,4,23.003,39.984,5,24,3,0,2,0,0,1803
645,16.3980,4,4,4,1111,20000,4,31.913,52.960,7,24,3,3,1,0,0,1807
646,16.4064,2,2,4,1111,20000,4,16.891,29.376,3,24,1,2,0,0,0,1808
647,16.4399,3,3,4,1111,20000,4,22.376,49.240,3,24,0,2,1,0,0,1812
648,16.4608,3,3,4,1111,20000,4,22.263,39.329,3,24,2,0,1,0,0,1814
649,16.4793,2,2,4,1111,20000,4,15.987,25.749,2,24,2,0,0,0,0,1814
650,16.4946,1,1,4,1111,20000,4,8.963,9.051,2,24,2,0,0,0,0,1816
651,16.5340,2,2,4,1111,20000,4,20.270,47.134,3,24,0,3,0,0,0,1820
652,16.5566,3,3,4,1111,20000,4,22.062,39.097,3,24,2,0,1,0,0,1823
653,16.5905,4,4,4,1111,20000,4,32.320,53.336,8,24,3,3,2,0,0,1828
654,16.5987,2,2,4,1111,20000,4,17.082,29.437,6,24,3,3,0,0,0,1828
655,16.6325,3,3,4,1111,20000,4,22.642,49.547,4,24,0,3,1,0,0,1832
656,16.6532,3,3,4,1111,20000,4,22.473,39.581,2,24,1,0,1,0,0,1835
657,16.6862,4,4,4,1111,20000,4,31.854,52.875,7,24,3,3,1,0,0,1839
658,16.6945,2,2,4,1111,20000,4,16.810,29.168,6,24,3,3,0,0,0,1840
659,16.7382,3,3,4,1111,20000,4,32.352,59.079,4,24,0,3,1,0,0,1845
660,16.7498,3,3,4,1111,20000,4,22.987,40.144,2,24,2,0,0,0,0,1847
661,16.7826,4,4,4,1111,20000,4,32.218,53.220,5,24,2,3,0,0,0,1852
662,16.7910,2,2,4,1111,20000,4,17.228,29.508,3,24,2,1,0,0,0,1852
663,16.8244,3,3,4,1111,20000,4,22.448,49.207,5,24,0,3,2,0,0,1856
664,16.8452,3,3,4,1111,20000,4,22.284,39.454,3,24,2,0,1,0,0,1859
665,16.8783,4,4,4,1111,20000,4,31.761,52.745,6,24,2,3,1,0,0,1863
666,16.8867,2,2,4,1111,20000,4,16.882,29.174,5,24,2,3,0,0,0,1864
667,16.9202,3,3,4,1111,20000,4,22.225,48.864,1,24,0,1,0,0,0,1868
668,16.9463,3,3,4,1111,20000,4,27.270,44.527,2,24,2,0,0,0,0,1872
669,16.9748,4,4,4,1111,20000,4,32.216,53.163,6,24,2,3,1,0,0,1876
670,16.9829,2,2,4,1111,20000,4,17.053,29.290,4,24,2,2,0,0,0,1876
671,17.0163,3,3,4,1111,20000,4,22.239,48.877,4,24,0,3,1,0,0,1880
672,17.0370,3,3,4,1111,20000,4,22.036,39.199,2,24,2,0,0,0,0,1883
673,17.0706,4,4,4,1111,20000,4,31.929,52.890,5,24,2,2,1,0,0,1887
674,17.0790,2,2,4,1111,20000,4,17.049,29.280,5,24,2,3,0,0,0,1888
675,17.1125,3,3,4,1111,20000,4,22.283,48.911,4,24,0,2,2,0,0,1892
676,17.1380,3,3,4,1111,20000,4,26.896,44.144,4,24,2,0,2,0,0,1896
677,17.1666,4,4,4,1111,20000,4,31.850,52.762,5,24,2,3,0,0,0,1899
678,17.1749,2,2,4,1111,20000,4,16.843,29.026,4,24,2,2,0,0,0,1900
679,17.2084,3,3,4,1111,20000,4,22.083,48.652,5,24,0,3,2,0,0,1904
680,17.2292,3,3,4,1111,20000,4,22.046,39.270,3,24,2,0,1,0,0,1907
681,17.2620,4,4,4,1111,20000,4,31.216,52.154,6,24,2,3,1,0,0,1910
682,17.2720,2,2,4,1111,20000,4,15.992,30.023,3,24,0,3,0,0,0,1911
683,17.2983,2,2,4,1111,20000,4,15.806,35.531,4,24,0,3,1,0,0,1914
684,17.3189,2,2,4,1111,20000,4,15.665,31.009,1,24,0,0,1,0,0,1916
685,17.3586,4,4,4,1111,20000,4,31.700,52.594,6,24,2,3,1,0,0,1921
686,17.3668,2,2,4,1111,20000,4,16.639,28.736,5,24,2,3,0,0,0,1922
687,17.4007,3,3,4,1111,20000,4,22.244,48.767,3,24,0,1,2,0,0,1926
688,17.4216,3,3,4,1111,20000,4,22.213,39.546,4,24,2,0,2,0,0,1929
689,17.4553,4,4,4,1111,20000,4,32.273,53.192,7,24,2,3,2,0,0,1934
690,17.4634,2,2,4,1111,20000,4,17.232,29.303,5,24,2,3,0,0,0,1934
691,17.4967,3,3,4,1111,20000,4,22.089,48.578,4,24,0,3,1,0,0,1938
692,17.5176,3,3,4,1111,20000,4,22.175,39.462,4,24,2,0,2,0,0,1941
693,17.5641,4,4,4,1111,20000,4,45.007,65.907,8,24,3,3,2,0,0,1947
694,17.5649,2,2,4,1111,20000,4,22.600,34.622,5,24,3,2,0,0,0,1947
695,17.5929,3,3,4,1111,20000,4,22.167,48.649,5,24,0,3,2,0,0,1950
696,17.6137,3,3,4,1111,20000,4,22.227,39.521,4,24,2,0,2,0,0,1952
697,17.6305,2,2,4,1111,20000,4,15.838,36.251,4,24,1,3,0,0,0,1954
698,17.6507,2,2,4,1111,20000,4,15.900,35.610,5,24,0,3,2,0,0,1956
699,17.6717,2,2,4,1111,20000,4,16.046,33.505,4,24,2,0,2,0,0,1958
700,17.7121,4,4,4,1111,20000,4,32.835,53.751,6,24,2,3,1,0,0,1964
701,17.7199,2,2,4,1111,20000,4,17.552,29.514,5,24,3,2,0,0,0,1964
702,17.7593,3,3,4,1111,20000,4,36.667,54.817,5,24,0,3,2,0,0,1969
703,17.7670,3,3,4,1111,20000,4,23.645,32.649,3,24,3,0,0,0,0,1970
704,17.7823,2,2,4,1111,20000,4,15.911,27.843,6,24,3,3,0,0,0,1972
705,17.8088,3,3,4,1111,20000,4,22.242,40.266,3,24,0,3,0,0,0,1976
706,17.8298,3,3,4,1111,20000,4,22.470,31.463,4,24,3,0,1,0,0,1977
707,17.8464,2,2,4,1111,20000,4,15.931,27.874,6,24,3,3,0,0,0,1980
708,17.8747,2,2,4,1111,20000,4,15.723,42.061,1,24,0,0,1,0,0,1982
709,17.9033,2,2,4,1111,20000,4,15.838,40.881,3,24,3,0,0,0,0,1984
710,17.9513,3,3,4,1111,20000,4,36.568,56.866,6,24,3,3,0,0,0,1989
711,17.9592,3,3,4,1111,20000,4,23.718,32.768,5,24,3,0,2,0,0,1990
712,17.9745,2,2,4,1111,20000,4,15.960,27.853,5,24,3,2,0,0,0,1992
713,18.0008,3,3,4,1111,20000,4,22.057,40.023,4,24,0,2,2,0,0,1996
714,18.0218,3,3,4,1111,20000,4,22.249,31.290,4,24,3,0,1,0,0,1997
715,18.0385,2,2,4,1111,20000,4,15.891,27.736,5,24,3,2,0,0,0,2000
716,18.0652,3,3,4,1111,20000,4,22.340,40.285,4,24,0,3,1,0,0,2004
717,18.0860,3,3,4,1111,20000,4,22.327,31.445,4,24,3,0,1,0,0,2005
718,18.1025,2,2,4,1111,20000,4,15.856,27.753,6,24,3,3,0,0,0,2008
719,18.1292,3,3,4,1111,20000,4,22.273,40.196,4,24,0,3,1,0,0,2012
720,18.1514,3,3,4,1111,20000,4,23.731,32.813,5,24,3,0,2,0,0,2014
721,18.1667,2,2,4,1111,20000,4,15.996,27.813,3,24,1,2,0,0,0,2016
722,18.1933,3,3,4,1111,20000,4,22.287,40.205,4,24,0,3,1,0,0,2020
723,18.2141,3,3,4,1111,20000,4,22.370,31.465,4,24,2,0,2,0,0,2021
724,18.2306,2,2,4,1111,20000,4,15.809,27.686,4,24,1,3,0,0,0,2024
725,18.2571,3,3,4,1111,20000,4,22.089,39.991,5,24,0,3,2,0,0,2028
726,18.2778,3,3,4,1111,20000,4,22.084,31.208,4,24,2,0,2,0,0,2029
727,18.2946,2,2,4,1111,20000,4,15.833,27.601,5,24,2,3,0,0,0,2032
728,18.3212,3,3,4,1111,20000,4,22.145,40.026,4,24,0,2,2,0,0,2036
729,18.3498,3,3,4,1111,20000,4,30.062,39.172,6,25,3,0,3,0,0,2039
730,18.3588,2,2,4,1111,20000,4,16.031,27.751,6,25,3,3,0,0,0,2040
731,18.3853,3,3,4,1111,20000,4,22.133,39.994,5,25,0,2,3,0,0,2044
732,18.4060,3,3,4,1111,20000,4,22.165,31.314,4,25,2,0,2,0,0,2045
733,18.4226,2,2,4,1111,20000,4,15.730,27.437,4,25,2,2,0,0,0,2048
734,18.4494,3,3,4,1111,20000,4,22.138,39.986,5,25,0,3,2,0,0,2052
735,18.4701,3,3,4,1111,20000,4,22.174,31.330,5,25,3,0,2,0,0,2053
736,18.4867,2,2,4,1111,20000,4,15.787,27.486,5,25,2,3,0,0,0,2056
737,18.5134,3,3,4,1111,20000,4,22.158,39.984,5,25,0,3,2,0,0,2060
738,18.5417,3,3,4,1111,20000,4,29.724,38.894,4,25,2,0,2,0,0,2063
739,18.5513,2,2,4,1111,20000,4,16.350,28.042,5,25,2,3,0,0,0,2064
740,18.5776,3,3,4,1111,20000,4,22.216,40.060,5,25,0,3,2,0,0,2068
741,18.5982,3,3,4,1111,20000,4,22.154,31.320,4,25,2,0,2,0,0,2069
742,18.6148,2,2,4,1111,20000,4,15.859,27.505,5,25,2,3,0,0,0,2072
743,18.6415,3,3,4,1111,20000,4,22.128,39.914,5,25,0,3,2,0,0,2076
744,18.6622,3,3,4,1111,20000,4,22.112,31.309,4,25,2,0,2,0,0,2077
745,18.6816,2,2,4,1111,20000,4,15.760,30.217,3,25,0,3,0,0,0,2079
746,18.7078,2,2,4,1111,20000,4,15.824,35.752,4,25,0,3,1,0,0,2082
747,18.7283,2,2,4,1111,20000,4,15.792,30.538,1,25,0,0,1,0,0,2084
748,18.7706,4,4,4,1111,20000,4,34.392,55.133,7,25,3,3,1,0,0,2090
749,18.7769,2,2,4,1111,20000,4,17.730,29.360,6,25,3,3,0,0,0,2090
750,18.8036,3,3,4,1111,20000,4,23.984,41.750,4,25,0,3,1,0,0,2094
751,18.8235,3,3,4,1111,20000,4,23.050,32.419,4,25,3,0,1,0,0,2096
752,18.8397,2,2,4,1111,20000,4,16.310,28.044,6,25,3,3,0,0,0,2098
753,18.9245,3,3,4,1111,20000,4,80.751,98.504,4,25,0,3,1,0,0,2109
754,18.9381,3,3,4,1111,20000,4,73.435,83.012,4,25,3,0,1,0,0,2110
755,18.9477,2,2,4,1111,20000,4,60.461,71.954,6,25,3,3,0,0,0,2111
756,19.0174,3,3,4,1111,20000,4,108.383,127.308,4,25,0,3,1,0,0,2120
757,19.0537,3,3,4,1111,20000,4,115.765,134.622,4,25,3,0,1,0,0,2123
758,19.0563,4,4,4,1111,20000,4,95.794,116.625,7,25,3,3,1,0,0,2123
759,19.1798,2,2,4,1111,20000,4,196.528,208.095,6,25,3,3,0,0,0,2139
760,19.1992,3,3,4,1111,20000,4,193.705,213.000,5,25,0,3,2,0,0,2141
761,19.2468,2,2,4,1111,20000,4,213.657,231.619,4,25,3,0,1,0,0,2147
762,19.2888,2,2,4,1111,20000,4,233.032,252.991,5,25,2,3,0,0,0,2150
763,19.3538,2,2,4,1111,20000,4,276.282,297.379,4,25,0,3,1,0,0,2156
764,19.3968,4,4,4,1111,20000,4,296.829,317.504,6,25,2,3,1,0,0,2161
765,19.3990,4,4,4,1111,20000,4,231.448,287.727,5,25,1,3,1,0,0,2161
766,19.4018,4,4,4,1111,20000,4,232.948,258.515,5,25,1,3,1,0,0,2162
767,19.4047,4,4,4,1111,20000,4,208.605,229.444,5,25,1,3,1,0,0,2163
768,19.4135,3,3,4,1111,20000,4,196.819,206.233,2,25,1,0,1,0,0,2164
769,19.4146,2,2,4,1111,20000,4,175.184,186.553,3,25,0,3,0,0,0,2164
770,19.5149,3,3,4,1111,20000,4,236.418,272.462,0,25,0,0,0,0,0,2176
771,19.5242,3,3,4,1111,20000,4,199.578,249.648,4,25,1,3,0,0,0,2177
772,19.5297,3,3,4,1111,20000,4,176.384,223.123,1,25,1,0,0,0,0,2178
773,19.5417,4,4,4,1111,20000,4,143.912,203.068,3,25,0,3,0,0,0,2180
774,19.5494,4,4,4,1111,20000,4,140.236,178.683,3,25,0,3,0,0,0,2181
775,19.5528,3,3,4,1111,20000,4,121.234,150.041,3,25,0,3,0,0,0,2181
776,19.5549,3,3,4,1111,20000,4,102.635,120.172,3,25,0,3,0,0,0,2181
777,19.6022,4,4,4,1111,20000,4,101.768,138.781,3,25,0,3,0,0,0,2188
778,19.6133,4,4,4,1111,20000,4,88.403,117.830,3,25,0,3,0,0,0,2189
779,19.6185,3,3,4,1111,20000,4,73.190,91.061,0,25,0,0,0,0,0,2189
780,19.6629,4,4,4,1111,20000,4,93.875,114.545,3,25,0,3,0,0,0,2195
781,19.6642,3,3,4,1111,20000,4,63.261,83.864,3,25,0,3,0,0,0,2195
782,19.6651,2,2,4,1111,20000,4,44.095,64.230,3,25,0,3,0,0,0,2196
783,19.6998,3,3,4,1111,20000,4,58.242,76.206,0,25,0,0,0,0,0,2200
784,19.7008,3,3,4,1111,20000,4,38.729,56.421,3,25,0,3,0,0,0,2200
785,19.7206,2,2,4,1111,20000,4,35.569,55.578,3,25,0,3,0,0,0,2202
786,19.7437,4,4,4,1111,20000,4,35.076,56.102,4,25,0,3,1,0,0,2205
787,19.7537,3,3,4,1111,20000,4,24.584,34.130,1,25,0,0,1,0,0,2206
788,19.7674,2,2,4,1111,20000,4,15.705,26.920,3,25,0,3,0,0,0,2208
789,19.8087,3,3,4,1111,20000,4,36.122,53.547,3,25,0,3,0,0,0,2213
790,19.8168,3,3,4,1111,20000,4,23.667,33.184,0,25,0,0,0,0,0,2214
791,19.8317,2,2,4,1111,20000,4,15.945,27.110,2,25,0,2,0,0,0,2216
792,19.8587,3,3,4,1111,20000,4,22.068,39.476,2,25,0,2,0,0,0,2220
793,19.8799,3,3,4,1111,20000,4,22.680,32.169,0,25,0,0,0,0,0,2222
794,19.9026,2,2,4,1111,20000,4,22.750,33.990,3,25,0,3,0,0,0,2225
795,19.9632,3,3,4,1111,20000,4,62.403,79.804,3,25,0,3,0,0,0,2232
796,19.9635,3,3,4,1111,20000,4,42.180,51.757,0,25,0,0,0,0,0,2232
797,19.9763,2,2,4,1111,20000,4,31.511,43.211,3,25,0,3,0,0,0,2234
798,20.0318,3,3,4,1111,20000,4,58.288,84.248,3,25,0,3,0,0,0,2241
799,20.0332,3,3,4,1111,20000,4,39.283,57.405,0,25,0,0,0,0,0,2241
800,20.1296,4,4,4,1111,20000,4,112.181,132.839,3,25,0,3,0,0,0,2251
801,20.1424,2,2,4,1111,20000,4,102.209,113.566,1,25,0,1,0,0,0,2253
802,20.1716,3,3,4,1111,20000,4,109.418,127.992,3,25,0,3,0,0,0,2256
803,20.1798,2,2,4,1111,20000,4,89.744,104.150,1,25,0,0,1,0,0,2258
804,20.3349,3,3,4,1111,20000,4,221.347,242.009,4,25,0,3,1,0,0,2277
805,20.3399,2,2,4,1111,20000,4,202.032,214.934,3,25,0,3,0,0,0,2278
806,20.3681,3,3,4,1111,20000,4,202.466,227.603,4,25,0,3,1,0,0,2281
807,20.3706,3,3,4,1111,20000,4,184.375,202.648,1,25,0,0,1,0,0,2282
808,20.3747,4,4,4,1111,20000,4,164.914,185.707,3,25,0,3,0,0,0,2282
809,20.3784,2,2,4,1111,20000,4,146.310,157.366,3,25,0,3,0,0,0,2282
810,20.4664,4,4,4,1111,20000,4,146.380,228.564,3,25,0,3,0,0,0,2292
811,20.4749,4,4,4,1111,20000,4,153.584,206.910,3,25,0,3,0,0,0,2292
812,20.4792,4,4,4,1111,20000,4,149.804,179.202,3,25,0,3,0,0,0,2293
813,20.4821,3,3,4,1111,20000,4,124.150,150.114,3,25,0,3,0,0,0,2293
814,20.5144,3,3,4,1111,20000,4,136.206,154.343,0,25,0,0,0,0,0,2297
815,20.5200,4,4,4,1111,20000,4,118.225,138.776,3,25,0,3,0,0,0,2297
816,20.6360,3,3,4,1111,20000,4,173.990,222.825,2,25,0,2,0,0,0,2312
817,20.6687,3,3,4,1111,20000,4,182.736,223.507,3,25,0,3,0,0,0,2316
818,20.7191,4,4,4,1111,20000,4,212.794,241.849,3,25,0,3,0,0,0,2320
819,20.7927,4,4,4,1111,20000,4,262.862,283.368,2,25,0,2,0,0,0,2328
820,20.8096,2,2,4,1111,20000,4,257.285,268.242,3,25,0,3,0,0,0,2330
821,20.8357,3,3,4,1111,20000,4,262.220,279.382,3,25,0,3,0,0,0,2333
822,20.8542,4,4,4,1111,20000,4,224.313,269.981,3,25,0,3,0,0,0,2336
823,20.8849,4,4,4,1111,20000,4,247.347,268.654,3,25,0,3,0,0,0,2340
824,20.9492,3,3,4,1111,20000,4,291.122,300.819,0,25,0,0,0,0,0,2348
825,20.9754,1,1,4,1111,20000,4,294.872,295.015,0,25,0,0,0,0,0,2351
826,20.9813,1,1,4,1111,20000,4,274.025,296.844,0,25,0,0,0,0,0,2352
827,21.0553,4,4,4,1111,20000,4,290.766,343.035,4,26,1,3,0,0,0,2361
828,21.0580,4,4,4,1111,20000,4,265.500,313.648,3,26,1,2,0,0,0,2361
829,21.0818,4,4,4,1111,20000,4,249.647,305.502,4,26,1,3,0,0,0,2364
830,21.0852,4,4,4,1111,20000,4,229.205,276.914,4,26,1,3,0,0,0,2364
831,21.0889,3,3,4,1111,20000,4,212.129,248.571,4,26,1,3,0,0,0,2365
832,21.2182,4,4,4,1111,20000,4,303.375,345.777,4,26,1,3,0,0,0,2381
833,21.2237,4,4,4,1111,20000,4,245.263,319.245,4,26,1,3,0,0,0,2381
834,21.2416,4,4,4,1111,20000,4,228.705,305.175,4,26,1,3,0,0,0,2384
835,21.2552,4,4,4,1111,20000,4,204.102,286.715,4,26,1,3,0,0,0,2385
836,21.2897,4,4,4,1111,20000,4,209.496,289.222,4,26,1,3,0,0,0,2390
837,21.2979,4,4,4,1111,20000,4,193.709,265.301,4,26,1,3,0,0,0,2391
838,21.3140,4,4,4,1111,20000,4,187.795,249.489,4,26,1,3,0,0,0,2393
839,21.3298,4,4,4,1111,20000,4,181.382,233.320,4,26,1,3,0,0,0,2395
840,21.3394,4,4,4,1111,20000,4,128.207,210.857,4,26,1,3,0,0,0,2396
841,21.3547,4,4,4,1111,20000,4,140.824,194.182,4,26,1,3,0,0,0,2398
842,21.3569,4,4,4,1111,20000,4,139.243,164.356,3,26,0,3,0,0,0,2398
843,21.3604,4,4,4,1111,20000,4,114.075,135.764,3,26,0,3,0,0,0,2399
844,21.3862,3,3,4,1111,20000,4,119.703,129.606,0,26,0,0,0,0,0,2402
845,21.3971,2,2,4,1111,20000,4,106.694,119.017,4,26,1,3,0,0,0,2404
846,21.4316,3,3,4,1111,20000,4,112.972,138.416,3,26,0,3,0,0,0,2408
847,21.4358,3,3,4,1111,20000,4,96.927,115.173,1,26,1,0,0,0,0,2408
848,21.5899,4,4,4,1111,20000,4,227.332,247.790,4,26,1,3,0,0,0,2426
849,21.6076,2,2,4,1111,20000,4,222.802,233.446,4,26,1,3,0,0,0,2427
850,21.6352,3,3,4,1111,20000,4,228.784,245.799,3,26,0,3,0,0,0,2431
851,21.6836,3,3,4,1111,20000,4,252.672,266.848,1,26,1,0,0,0,0,2438
852,21.7218,3,3,4,1111,20000,4,268.157,283.546,4,26,1,3,0,0,0,2442
853,21.7335,2,2,4,1111,20000,4,254.335,274.896,3,26,0,3,0,0,0,2443
854,21.7696,4,4,4,1111,20000,4,210.808,284.113,4,26,1,3,0,0,0,2448
855,21.7727,4,4,4,1111,20000,4,190.898,255.129,4,26,1,3,0,0,0,2448
856,21.7748,3,3,4,1111,20000,4,167.676,225.213,3,26,0,3,0,0,0,2449
857,21.7923,4,4,4,1111,20000,4,183.349,210.628,4,26,1,3,0,0,0,2451
858,21.7971,3,3,4,1111,20000,4,166.548,183.365,3,26,0,3,0,0,0,2451
859,21.9639,3,3,4,1111,20000,4,312.853,322.957,1,26,1,0,0,0,0,2470
860,21.9858,2,2,4,1111,20000,4,312.800,323.228,4,26,1,3,0,0,0,2473
861,22.0202,4,4,4,1111,20000,4,306.665,342.411,4,26,1,3,0,0,0,2477
862,22.0907,4,4,4,1111,20000,4,333.917,380.918,4,26,1,3,0,0,0,2485
863,22.1397,4,4,4,1111,20000,4,355.513,397.775,3,26,1,2,0,0,0,2488
864,22.1524,4,4,4,1111,20000,4,342.419,378.505,4,26,1,3,0,0,0,2489
865,22.1761,3,3,4,1111,20000,4,344.376,370.079,3,26,0,3,0,0,0,2493
866,22.1868,4,4,4,1111,20000,4,252.478,353.686,4,26,1,3,0,0,0,2494
867,22.2064,4,4,4,1111,20000,4,260.467,341.296,3,26,0,3,0,0,0,2496
868,22.2133,4,4,4,1111,20000,4,246.864,316.237,3,26,0,3,0,0,0,2497
869,22.2334,3,3,4,1111,20000,4,246.216,304.256,3,26,0,3,0,0,0,2500
870,22.2480,4,4,4,1111,20000,4,226.433,286.750,4,26,1,3,0,0,0,2501
871,22.2538,4,4,4,1111,20000,4,187.224,260.716,4,26,1,3,0,0,0,2502
872,22.2574,4,4,4,1111,20000,4,149.500,232.259,4,26,1,3,0,0,0,2503
873,22.2968,3,3,4,1111,20000,4,156.114,239.656,1,26,1,0,0,0,0,2508
874,22.3107,4,4,4,1111,20000,4,141.521,221.527,4,26,1,3,0,0,0,2509
875,22.3212,4,4,4,1111,20000,4,121.459,199.975,3,26,0,3,0,0,0,2511
876,22.4158,3,3,4,1111,20000,4,190.402,262.629,3,26,0,3,0,0,0,2523
877,22.4242,4,4,4,1111,20000,4,175.655,238.998,3,26,0,3,0,0,0,2524
878,22.4322,4,4,4,1111,20000,4,136.380,214.926,3,26,0,3,0,0,0,2525
879,22.4399,4,4,4,1111,20000,4,136.669,190.625,3,26,0,3,0,0,0,2525
880,22.4426,3,3,4,1111,20000,4,119.124,161.291,0,26,0,0,0,0,0,2526
881,22.4447,2,2,4,1111,20000,4,101.007,131.347,3,26,0,3,0,0,0,2526
882,22.5028,3,3,4,1111,20000,4,138.996,157.462,1,27,0,0,1,0,0,2533
883,22.5272,4,4,4,1111,20000,4,113.252,159.993,4,27,0,3,1,0,0,2536
884,22.5481,4,4,4,1111,20000,4,128.422,148.706,4,27,0,3,1,0,0,2540
885,22.5540,2,2,4,1111,20000,4,112.379,122.582,2,27,0,2,0,0,0,2540
886,22.7004,3,3,4,1111,20000,4,236.948,253.598,4,27,0,3,1,0,0,2558
887,22.7075,3,3,4,1111,20000,4,213.190,234.047,1,27,0,0,1,0,0,2559
888,22.7331,4,4,4,1111,20000,4,217.425,237.694,3,27,0,3,0,0,0,2562
889,22.7490,2,2,4,1111,20000,4,211.420,221.623,3,27,0,3,0,0,0,2564
890,22.7700,3,3,4,1111,20000,4,210.527,227.127,3,27,0,3,0,0,0,2567
891,22.8030,3,3,4,1111,20000,4,223.277,233.463,0,27,0,0,0,0,0,2571
892,22.8345,2,2,4,1111,20000,4,232.897,243.048,3,27,0,3,0,0,0,2575
893,22.8699,4,4,4,1111,20000,4,206.250,262.738,3,27,0,3,0,0,0,2580
894,22.8939,4,4,4,1111,20000,4,228.306,254.826,3,27,0,3,0,0,0,2581
895,22.9147,4,4,4,1111,20000,4,216.403,243.639,4,27,1,3,0,0,0,2584
896,22.9297,3,3,4,1111,20000,4,209.933,226.561,2,27,0,2,0,0,0,2585
897,22.9443,3,3,4,1111,20000,4,204.382,214.673,0,27,0,0,0,0,0,2587
898,22.9516,2,2,4,1111,20000,4,189.879,199.985,2,27,0,2,0,0,0,2587
899,22.9899,3,3,4,1111,20000,4,200.626,222.748,2,27,0,2,0,0,0,2592
900,23.0492,4,4,4,1111,20000,4,222.461,255.565,3,27,1,2,0,0,0,2599
901,23.0602,4,4,4,1111,20000,4,202.053,234.582,3,27,1,2,0,0,0,2602
902,23.0872,4,4,4,1111,20000,4,203.736,229.489,3,27,1,2,0,0,0,2604
903,23.1113,2,2,4,1111,20000,4,205.497,215.976,0,27,0,0,0,0,0,2607
904,23.1212,3,3,4,1111,20000,4,184.695,209.371,3,27,0,3,0,0,0,2609
905,23.3443,4,4,4,1111,20000,4,370.943,400.505,3,27,1,2,0,0,0,2635
906,23.3791,4,4,4,1111,20000,4,365.410,403.262,4,27,1,3,0,0,0,2639
907,23.3805,4,4,4,1111,20000,4,329.599,372.620,4,27,1,3,0,0,0,2640
908,23.3820,4,4,4,1111,20000,4,309.417,342.113,4,27,1,3,0,0,0,2640
909,23.4336,4,4,4,1111,20000,4,331.138,361.583,3,27,1,2,0,0,0,2645
910,23.4594,4,4,4,1111,20000,4,320.881,355.369,3,27,1,2,0,0,0,2649
911,23.5082,4,4,4,1111,20000,4,332.191,372.178,4,27,1,3,0,0,0,2654
912,23.5474,4,4,4,1111,20000,4,257.458,379.373,4,27,1,3,0,0,0,2656
913,23.5775,4,4,4,1111,20000,4,286.600,377.454,4,27,1,3,0,0,0,2660
914,23.6213,4,4,4,1111,20000,4,309.026,389.157,4,27,1,3,0,0,0,2665
915,23.6668,3,3,4,1111,20000,4,328.517,402.693,4,27,1,3,0,0,0,2671
916,23.6742,4,4,4,1111,20000,4,330.023,377.928,3,27,1,2,0,0,0,2672
917,23.6744,3,3,4,1111,20000,4,308.225,346.179,4,27,1,3,0,0,0,2672
918,23.6763,4,4,4,1111,20000,4,250.240,316.046,4,27,1,3,0,0,0,2672
919,23.6774,4,4,4,1111,20000,4,227.738,285.071,4,27,1,3,0,0,0,2672
920,23.7954,4,4,4,1111,20000,4,310.735,370.947,4,27,1,3,0,0,0,2687
921,23.8779,4,4,4,1111,20000,4,345.918,421.549,4,27,1,3,0,0,0,2697
922,23.9448,3,3,4,1111,20000,4,379.604,446.546,4,27,1,3,0,0,0,2705
923,24.0479,4,4,4,1111,20000,4,437.025,517.680,4,27,1,3,0,0,0,2718
924,24.0935,4,4,4,1111,20000,4,435.701,531.172,4,27,1,3,0,0,0,2724
925,24.1335,4,4,4,1111,20000,4,358.299,539.267,3,27,1,2,0,0,0,2729
926,24.1851,4,4,4,1111,20000,4,408.851,558.914,4,27,1,3,0,0,0,2734
927,24.2483,4,4,4,1111,20000,4,464.948,589.782,4,27,1,3,0,0,0,2742
928,24.2950,4,4,4,1111,20000,4,481.449,604.663,4,27,1,3,0,0,0,2747
929,24.3284,4,4,4,1111,20000,4,465.141,606.079,4,27,1,3,0,0,0,2751
930,24.4032,4,4,4,1111,20000,4,507.182,648.869,4,27,1,3,0,0,0,2759
931,24.4542,4,4,4,1111,20000,4,509.401,667.883,4,27,1,3,0,0,0,2763
932,24.5225,4,4,4,1111,20000,4,521.834,704.159,4,27,1,3,0,0,0,2767
933,24.5678,4,4,4,1111,20000,4,520.236,717.335,4,27,1,3,0,0,0,2775
934,24.6202,4,4,4,1111,20000,4,535.171,737.803,4,27,1,3,0,0,0,2779
935,24.6618,4,4,4,1111,20000,4,533.273,747.401,4,27,1,3,0,0,0,2783
936,24.6928,4,4,4,1111,20000,4,518.849,746.428,3,27,0,3,0,0,0,2787
937,24.7393,4,4,4,1111,20000,4,519.144,760.836,4,27,1,3,0,0,0,2795
938,24.7816,4,4,4,1111,20000,4,533.448,771.119,3,27,0,3,0,0,0,2799
939,24.8406,4,4,4,1111,20000,4,550.501,793.045,3,27,0,3,0,0,0,2803
940,24.9126,4,4,4,1111,20000,4,591.018,827.559,3,27,0,3,0,0,0,2807
941,24.9726,4,4,4,1111,20000,4,598.095,844.066,3,27,0,3,0,0,0,2815
942,25.0129,4,4,4,1111,20000,4,610.462,838.751,3,27,0,3,0,0,0,2819
943,25.0595,4,4,4,1111,20000,4,614.132,839.362,3,27,0,3,0,0,0,2823
944,25.1045,4,4,4,1111,20000,4,619.071,856.243,3,27,0,3,0,0,0,2827
945,25.2206,4,4,4,1111,20000,4,697.180,930.443,3,27,0,3,0,0,0,2835
946,25.2724,4,4,4,1111,20000,4,722.235,950.850,3,27,0,3,0,0,0,2839
947,25.3627,4,4,4,1111,20000,4,774.071,988.129,3,27,0,3,0,0,0,2847
948,25.4106,4,4,4,1111,20000,4,782.669,1008.077,3,27,0,3,0,0,0,2851
949,25.5414,4,4,4,1111,20000,4,878.738,1095.948,3,27,0,3,0,0,0,2855
950,25.5623,4,4,4,1111,20000,4,868.274,1076.909,4,27,1,3,0,0,0,2859
951,25.6136,4,4,4,1111,20000,4,883.787,1090.174,3,27,0,3,0,0,0,2863
952,25.6243,4,4,4,1111,20000,4,849.919,1074.067,4,27,1,3,0,0,0,2867
953,25.6459,4,4,4,1111,20000,4,824.815,1057.252,3,27,0,3,0,0,0,2871
954,25.6618,4,4,4,1111,20000,4,799.912,1033.820,3,27,0,3,0,0,0,2875
955,25.6699,4,4,4,1111,20000,4,756.605,1007.200,4,27,1,3,0,0,0,2879
956,25.6901,4,4,4,1111,20000,4,734.925,996.037,4,27,1,3,0,0,0,2883
957,25.6958,4,4,4,1111,20000,4,687.823,965.933,4,27,1,3,0,0,0,2887
958,25.7089,4,4,4,1111,20000,4,651.966,934.500,4,27,1,3,0,0,0,2891
959,25.7162,4,4,4,1111,20000,4,627.235,895.117,3,27,0,3,0,0,0,2895
960,25.7301,4,4,4,1111,20000,4,585.439,868.184,3,27,0,3,0,0,0,2895
961,25.7433,4,4,4,1111,20000,4,560.571,829.990,3,27,0,3,0,0,0,2899
962,25.7627,4,4,4,1111,20000,4,530.878,807.438,3,27,0,3,0,0,0,2903
963,25.7687,4,4,4,1111,20000,4,495.559,760.677,3,27,0,3,0,0,0,2903
964,25.7879,4,4,4,1111,20000,4,469.439,730.864,3,27,0,3,0,0,0,2907
965,25.8325,4,4,4,1111,20000,4,468.773,743.484,2,27,0,2,0,0,0,2911
966,25.9374,4,4,4,1111,20000,4,547.108,792.711,2,27,0,2,0,0,0,2919
967,26.0011,4,4,4,1111,20000,4,562.616,818.308,2,27,0,2,0,0,0,2927
968,26.0773,4,4,4,1111,20000,4,536.077,845.455,2,27,0,2,0,0,0,2931
969,26.1270,4,4,4,1111,20000,4,584.334,853.889,2,27,0,2,0,0,0,2935
970,26.1952,4,4,4,1111,20000,4,639.883,876.687,4,27,1,3,0,0,0,2939
971,26.2355,4,4,4,1111,20000,4,630.133,871.727,4,27,1,3,0,0,0,2943
972,26.3099,4,4,4,1111,20000,4,701.033,898.595,4,27,1,3,0,0,0,2947
973,26.3715,4,4,4,1111,20000,4,734.580,829.113,3,27,1,2,0,0,0,2951
974,26.4342,4,4,4,1111,20000,4,771.679,870.898,3,27,1,2,0,0,0,2956
975,26.4508,4,4,4,1111,20000,4,767.475,836.290,4,27,1,3,0,0,0,2959
976,26.5154,4,4,4,1111,20000,4,806.700,890.315,4,27,1,3,0,0,0,2963
977,26.5413,4,4,4,1111,20000,4,809.132,894.664,3,27,1,2,0,0,0,2967
978,26.5690,4,4,4,1111,20000,4,812.974,906.453,2,27,1,1,0,0,0,2971
979,26.6924,4,4,4,1111,20000,4,910.970,1021.777,2,27,1,1,0,0,0,2975
980,26.8349,4,4,4,1111,20000,4,1023.379,1143.994,3,27,1,2,0,0,0,2979
981,26.8769,4,4,4,1111,20000,4,1014.112,1180.028,3,27,1,2,0,0,0,2983
982,26.8883,4,4,4,1111,20000,4,992.654,1178.548,3,27,1,2,0,0,0,2987
983,26.9078,4,4,4,1111,20000,4,970.100,1175.555,4,27,1,3,0,0,0,2991
984,26.9372,4,4,4,1111,20000,4,945.672,1181.212,4,27,1,3,0,0,0,2995
985,26.9650,4,4,4,1111,20000,4,939.622,1183.503,3,27,1,2,0,0,0,2999
986,27.0191,4,4,4,1111,20000,4,940.802,1207.468,3,27,1,2,0,0,0,3003
987,27.0485,4,4,4,1111,20000,4,932.090,1185.635,3,27,1,2,0,0,0,3007
988,27.0522,4,4,4,1111,20000,4,902.852,1156.574,4,27,1,3,0,0,0,3011
989,27.0736,4,4,4,1111,20000,4,877.725,1135.888,4,27,1,3,0,0,0,3015
990,27.0755,4,4,4,1111,20000,4,840.595,1083.855,5,28,1,3,0,1,0,3019
991,27.0826,4,4,4,1111,20000,4,810.388,1057.144,5,28,1,3,0,1,0,3022
992,27.0849,4,4,4,1111,20000,4,774.247,1005.726,5,28,1,3,0,1,0,3023
993,27.0883,4,4,4,1111,20000,4,740.958,960.333,5,28,1,3,0,1,0,3025
994,27.1071,4,4,4,1111,20000,4,706.480,910.880,5,28,1,3,0,1,0,3035
995,27.1094,4,4,4,1111,20000,4,672.927,873.017,4,28,1,2,0,1,0,3039
996,27.1117,4,4,4,1111,20000,4,600.586,801.036,5,28,1,3,0,1,0,3042
997,27.1148,4,4,4,1111,20000,4,598.541,742.422,4,28,1,2,0,1,0,3045
998,27.1266,4,4,4,1111,20000,4,596.673,747.144,6,29,1,3,1,1,0,3051
999,27.1300,4,4,4,1111,20000,4,568.757,678.385,5,29,1,2,1,1,0,3051
1000,27.1349,4,4,4,1111,20000,4,544.146,618.473,5,29,1,3,0,1,0,3051
1001,27.1517,4,4,4,1111,20000,4,533.047,609.621,5,29,1,3,0,1,0,3055
1002,27.1827,4,4,4,1111,20000,4,488.382,612.881,5,29,1,3,0,1,0,3059
1003,27.1889,4,4,4,1111,20000,4,493.123,495.461,5,29,1,3,0,1,0,3059
1004,27.2375,4,4,4,1111,20000,4,401.266,401.651,5,29,1,3,0,1,0,3067
1005,27.2442,4,4,4,1111,20000,4,366.293,366.460,5,29,1,3,0,1,0,3067
1006,27.2671,4,4,4,1111,20000,4,361.486,378.147,4,29,0,3,0,1,0,3071
1007,27.2817,4,4,4,1111,20000,4,354.095,372.958,5,29,1,3,0,1,0,3071
1008,27.3219,4,4,4,1111,20000,4,382.663,383.793,5,29,1,3,0,1,0,3075
1009,27.3273,3,3,4,1111,20000,4,361.275,361.428,4,29,0,3,0,1,0,3079
1010,27.3404,1,1,4,1111,20000,4,345.678,374.076,1,29,1,0,0,0,0,3079
1011,27.3527,3,3,4,1111,20000,4,332.685,332.836,2,29,1,0,0,1,0,3083
1012,27.3563,1,1,4,1111,20000,4,307.711,336.382,3,29,0,3,0,0,0,3083
1013,27.3826,4,4,4,1111,20000,4,332.843,333.349,5,29,1,3,0,1,0,3083
1014,27.3967,4,4,4,1111,20000,4,332.615,343.862,5,29,1,3,0,1,0,3087
1015,27.4921,4,4,4,1111,20000,4,412.818,417.397,4,29,1,3,0,0,0,3099
1016,27.6985,4,4,4,1111,20000,4,591.973,621.691,5,29,1,3,0,1,0,3107
1017,27.7621,4,4,4,1111,20000,4,643.113,677.082,4,29,1,2,0,1,0,3119
1018,27.7896,4,4,4,1111,20000,4,641.377,697.810,5,29,1,3,0,1,0,3123
1019,27.8365,4,4,4,1111,20000,4,654.907,738.686,5,29,1,3,0,1,0,3127
1020,27.8559,4,4,4,1111,20000,4,639.133,748.160,5,29,1,3,0,1,0,3131
1021,27.8885,4,4,4,1111,20000,4,658.249,778.475,5,29,1,3,0,1,0,3135
1022,27.9288,4,4,4,1111,20000,4,668.416,815.428,4,29,1,2,0,1,0,3139
1023,27.9576,4,4,4,1111,20000,4,671.877,838.629,5,29,1,3,0,1,0,3143
1024,27.9831,4,4,4,1111,20000,4,661.109,834.875,5,29,1,3,0,1,0,3147
1025,28.0164,4,4,4,1111,20000,4,674.856,834.835,4,29,0,3,0,1,0,3151
1026,28.0198,4,4,4,1111,20000,4,636.455,802.980,4,29,0,3,0,1,0,3155
1027,28.0413,4,4,4,1111,20000,4,643.676,811.040,5,29,0,3,1,1,0,3159
1028,28.0704,4,4,4,1111,20000,4,617.914,809.991,6,29,1,3,1,1,0,3163
1029,28.0817,4,4,4,1111,20000,4,591.070,795.857,4,29,0,2,1,1,0,3167
1030,28.0916,4,4,4,1111,20000,4,559.574,769.590,5,29,0,3,1,1,0,3167
1031,28.1065,4,4,4,1111,20000,4,542.608,764.916,6,29,1,3,1,1,0,3167
1032,28.1215,4,4,4,1111,20000,4,421.497,738.064,6,29,1,3,1,1,0,3171
1033,28.1860,4,4,4,1111,20000,4,484.786,788.248,5,29,0,3,1,1,0,3179
1034,28.2561,4,4,4,1111,20000,4,553.389,803.666,3,29,0,3,0,0,0,3187
1035,28.2933,4,4,4,1111,20000,4,539.157,802.641,4,29,1,3,0,0,0,3191
1036,28.3410,4,4,4,1111,20000,4,584.007,808.937,5,29,1,3,0,1,0,3195
1037,28.3880,4,4,4,1111,20000,4,616.078,824.046,4,29,0,3,0,1,0,3199
1038,28.4249,4,4,4,1111,20000,4,611.047,724.938,5,29,1,3,0,1,0,3203
1039,28.4944,4,4,4,1111,20000,4,644.102,793.244,4,29,0,3,0,1,0,3207
1040,28.5025,4,4,4,1111,20000,4,616.308,799.699,4,29,0,3,0,1,0,3211
1041,28.5217,4,4,4,1111,20000,4,605.045,758.682,6,30,1,3,0,2,0,3215
1042,28.5351,4,4,4,1111,20000,4,584.209,744.657,5,30,0,3,0,2,0,3219
1043,28.5447,4,4,4,1111,20000,4,568.880,707.068,4,30,0,2,0,2,0,3223
1044,28.5596,4,4,4,1111,20000,4,554.227,702.911,6,30,1,3,0,2,0,3227
1045,28.5700,4,4,4,1111,20000,4,527.295,680.666,4,30,0,3,0,1,0,3227
1046,28.5888,4,4,4,1111,20000,4,516.264,659.171,5,30,0,3,0,2,0,3231
1047,28.5944,4,4,4,1111,20000,4,485.494,635.996,4,30,0,3,0,1,0,3231
1048,28.6115,4,4,4,1111,20000,4,429.091,627.584,3,30,0,3,0,0,0,3235
1049,28.6172,4,4,4,1111,20000,4,433.319,599.959,4,30,1,3,0,0,0,3235
1050,28.6345,4,4,4,1111,20000,4,426.276,613.509,3,30,0,3,0,0,0,3239
1051,28.6415,4,4,4,1111,20000,4,400.767,597.909,3,30,0,3,0,0,0,3239
1052,28.6580,4,4,4,1111,20000,4,376.029,585.413,4,30,1,3,0,0,0,3243
1053,28.6736,4,4,4,1111,20000,4,363.169,564.594,3,30,0,3,0,0,0,3243
1054,28.6816,4,4,4,1111,20000,4,339.068,499.192,2,30,0,2,0,0,0,3247
1055,28.7066,4,4,4,1111,20000,4,325.959,522.657,3,30,0,3,0,0,0,3251
1056,28.7213,4,4,4,1111,20000,4,309.929,513.053,4,30,0,3,0,1,0,3251
1057,28.7314,4,4,4,1111,20000,4,268.841,490.677,5,31,0,3,0,2,0,3255
1058,28.7505,4,4,4,1111,20000,4,259.600,468.553,6,32,0,3,0,3,0,3259
1059,28.7567,4,4,4,1111,20000,4,242.814,446.267,6,32,0,3,0,3,0,3259
1060,28.7734,4,4,4,1111,20000,4,234.033,430.742,6,32,0,3,0,3,0,3263
1061,28.7793,4,4,4,1111,20000,4,219.996,390.020,6,32,0,3,0,3,0,3263
1062,28.7977,4,4,4,1111,20000,4,215.308,371.931,6,32,0,3,0,3,0,3267
1063,28.8177,4,4,4,1111,20000,4,212.182,322.487,7,33,0,3,0,4,0,3269
1064,28.8236,4,4,4,1111,20000,4,193.942,320.444,6,33,1,3,0,2,0,3270
1065,28.8411,4,4,4,1111,20000,4,188.859,318.653,6,33,1,3,0,2,0,3272
1066,28.8551,4,4,4,1111,20000,4,180.153,315.712,7,33,1,3,0,3,0,3273
1067,28.8670,4,4,4,1111,20000,4,164.854,307.594,5,33,0,3,0,2,0,3275
1068,28.8903,4,4,4,1111,20000,4,167.479,307.813,5,33,0,3,0,2,0,3278
1069,28.8985,4,4,4,1111,20000,4,154.860,292.934,6,33,0,3,0,3,0,3278
1070,28.9391,4,4,4,1111,20000,4,172.322,309.379,6,33,0,3,0,3,0,3282
1071,28.9570,4,4,4,1111,20000,4,168.350,304.748,6,33,0,3,0,3,0,3285
1072,28.9652,4,4,4,1111,20000,4,154.094,290.289,6,34,0,3,0,3,0,3285
1073,29.0055,4,4,4,1111,20000,4,171.217,303.394,7,34,0,3,0,4,0,3290
1074,29.0222,4,4,4,1111,20000,4,165.938,299.370,7,34,0,3,0,4,0,3293
1075,29.0393,4,4,4,1111,20000,4,160.600,295.631,7,34,0,3,0,4,0,3295
1076,29.1140,4,4,4,1111,20000,4,178.399,347.181,8,35,0,3,0,5,0,3305
1077,29.1269,4,4,4,1111,20000,4,190.124,338.268,8,35,0,3,0,5,0,3305
1078,29.1497,4,4,4,1111,20000,4,200.927,338.510,8,35,0,3,0,5,0,3307
1079,29.2129,4,4,4,1111,20000,4,211.913,374.994,8,35,0,3,0,5,0,3313
1080,29.2893,4,4,4,1111,20000,4,287.278,419.413,8,35,0,3,0,5,0,3322
1081,29.3682,4,4,4,1111,20000,4,351.784,466.239,6,35,0,2,0,4,0,3332
1082,29.4513,4,4,4,1111,20000,4,409.500,515.677,8,35,0,3,0,5,0,3342
1083,29.5289,4,4,4,1111,20000,4,434.706,562.784,6,35,0,2,0,4,0,3352
1084,29.6167,4,4,4,1111,20000,4,496.271,618.679,6,35,0,2,0,4,0,3361
1085,29.6955,4,4,4,1111,20000,4,545.213,665.394,6,35,0,2,0,4,0,3371
1086,29.7606,4,4,4,1111,20000,4,561.175,698.320,7,35,0,2,0,5,0,3379
1087,29.8403,4,4,4,1111,20000,4,605.115,746.006,6,35,0,2,0,4,0,3383
1088,29.9182,4,4,4,1111,20000,4,648.324,784.337,4,35,0,2,0,2,0,3391
1089,29.9739,4,4,4,1111,20000,4,661.994,807.768,5,35,0,2,0,3,0,3399
1090,30.0252,4,4,4,1111,20000,4,673.861,827.343,4,35,0,3,0,1,0,3403
1091,30.1104,4,4,4,1111,20000,4,704.506,880.502,5,35,0,3,0,2,0,3411
1092,30.1832,4,4,4,1111,20000,4,730.318,921.332,4,35,0,3,0,1,0,3419
1093,30.2643,4,4,4,1111,20000,4,769.460,970.344,4,35,0,3,0,1,0,3423
1094,30.3466,4,4,4,1111,20000,4,818.026,1020.643,4,35,0,3,0,1,0,3427
1095,30.4619,4,4,4,1111,20000,4,885.017,1103.952,4,35,0,3,0,1,0,3431
1096,30.5298,4,4,4,1111,20000,4,911.866,1139.843,5,35,0,3,0,2,0,3435
1097,30.5810,4,4,4,1111,20000,4,909.198,1159.016,5,35,0,3,0,2,0,3439
1098,30.6725,4,4,4,1111,20000,4,963.601,1218.512,5,35,0,3,0,2,0,3443
1099,30.7644,4,4,4,1111,20000,4,1015.929,1269.386,5,35,0,3,0,2,0,3447
1100,30.8362,4,4,4,1111,20000,4,1052.816,1307.635,5,35,0,3,0,2,0,3451
1101,30.9232,4,4,4,1111,20000,4,1081.692,1346.289,4,35,0,2,0,2,0,3455
1102,31.0059,4,4,4,1111,20000,4,1130.897,1387.938,5,35,0,3,0,2,0,3459
1103,31.0523,4,4,4,1111,20000,4,1132.637,1380.483,5,35,0,3,0,2,0,3463
1104,31.0851,4,4,4,1111,20000,4,1126.404,1376.162,5,35,0,3,0,2,0,3467
1105,31.1092,4,4,4,1111,20000,4,1097.730,1360.651,5,35,0,3,0,2,0,3471
1106,31.1436,4,4,4,1111,20000,4,1091.541,1360.112,5,35,0,3,0,2,0,3475
1107,31.1940,4,4,4,1111,20000,4,1093.978,1352.520,5,35,0,3,0,2,0,3479
1108,31.2170,4,4,4,1111,20000,4,1068.268,1342.002,5,35,0,3,0,2,0,3483
1109,31.2524,4,4,4,1111,20000,4,1069.250,1332.637,5,35,0,3,0,2,0,3487
1110,31.2865,4,4,4,1111,20000,4,1058.171,1327.729,5,35,0,3,0,2,0,3491
1111,31.3293,4,4,4,1111,20000,4,1064.081,1317.814,4,35,0,2,0,2,0,3495
1112,31.3601,4,4,4,1111,20000,4,1039.268,1308.060,5,35,0,3,0,2,0,3499
1113,31.3937,4,4,4,1111,20000,4,1044.476,1293.641,5,35,0,3,0,2,0,3503
1114,31.4435,4,4,4,1111,20000,4,1036.513,1294.694,5,35,0,3,0,2,0,3507
1115,31.5105,4,4,4,1111,20000,4,1048.106,1327.343,6,35,0,3,0,3,0,3511
1116,31.5700,4,4,4,1111,20000,4,1082.090,1341.694,6,35,0,3,0,3,0,3515
1117,31.6364,4,4,4,1111,20000,4,1106.054,1371.116,6,36,0,2,0,4,0,3519
1118,31.6910,4,4,4,1111,20000,4,1119.862,1343.672,6,36,0,3,0,3,0,3523
1119,31.7125,4,4,4,1111,20000,4,1104.767,1249.716,6,36,0,3,0,3,0,3527
1120,31.7358,4,4,4,1111,20000,4,1082.719,1205.102,5,36,0,3,0,2,0,3531
1121,31.7603,4,4,4,1111,20000,4,1053.684,1178.467,5,36,0,3,0,2,0,3535
1122,31.8163,4,4,4,1111,20000,4,1067.606,1142.873,3,36,0,3,0,0,0,3539
1123,31.8191,4,4,4,1111,20000,4,1036.868,1053.939,3,36,0,3,0,0,0,3543
1124,31.8236,4,4,4,1111,20000,4,985.203,986.622,3,36,0,3,0,0,0,3544
1125,31.8256,3,3,4,1111,20000,4,900.973,901.153,3,36,0,3,0,0,0,3545
1126,31.8298,1,1,4,1111,20000,4,876.594,904.133,0,36,0,0,0,0,0,3546
1127,31.8493,3,3,4,1111,20000,4,842.368,842.601,3,36,0,3,0,0,0,3553
1128,31.8514,1,1,4,1111,20000,4,815.820,844.396,0,36,0,0,0,0,0,3554
1129,31.8645,4,4,4,1111,20000,4,810.664,810.992,3,36,0,3,0,0,0,3559
1130,31.8721,1,1,4,1111,20000,4,786.099,786.235,0,36,0,0,0,0,0,3563
1131,31.8757,4,4,4,1111,20000,4,765.602,789.248,2,36,0,2,0,0,0,3564
1132,31.8785,3,3,4,1111,20000,4,741.949,768.547,3,36,0,3,0,0,0,3568
1133,31.8961,3,3,4,1111,20000,4,734.273,751.324,3,36,0,3,0,0,0,3571
1134,31.9060,3,3,4,1111,20000,4,710.746,741.446,0,36,0,0,0,0,0,3574
1135,31.9166,2,2,4,1111,20000,4,698.964,721.389,3,36,0,3,0,0,0,3575
1136,31.9233,4,4,4,1111,20000,4,670.558,705.502,3,36,0,3,0,0,0,3579
1137,31.9265,4,4,4,1111,20000,4,639.420,673.164,3,36,0,3,0,0,0,3579
1138,31.9289,4,4,4,1111,20000,4,607.449,641.424,3,36,0,3,0,0,0,3579
1139,31.9477,4,4,4,1111,20000,4,590.921,617.548,2,36,0,2,0,0,0,3583
1140,31.9509,4,4,4,1111,20000,4,570.641,589.943,3,36,0,3,0,0,0,3583
1141,31.9550,4,4,4,1111,20000,4,512.055,560.358,3,36,0,3,0,0,0,3583
1142,31.9719,4,4,4,1111,20000,4,493.625,527.690,3,36,0,3,0,0,0,3583
1143,31.9791,1,1,4,1111,20000,4,467.455,467.551,3,36,0,3,0,0,0,3587
1144,31.9818,3,3,4,1111,20000,4,426.648,470.164,0,36,0,0,0,0,0,3587
1145,31.9899,4,4,4,1111,20000,4,391.572,419.014,3,36,0,3,0,0,0,3587
1146,32.0126,4,4,4,1111,20000,4,372.610,375.227,3,36,0,3,0,0,0,3591
1147,32.0172,2,2,4,1111,20000,4,325.243,325.412,3,36,0,3,0,0,0,3591
1148,32.0378,3,3,4,1111,20000,4,324.445,345.962,3,36,0,3,0,0,0,3595
1149,32.0522,4,4,4,1111,20000,4,305.976,338.943,3,36,0,3,0,0,0,3595
1150,32.0627,4,4,4,1111,20000,4,283.326,326.192,3,36,0,3,0,0,0,3599
1151,32.0908,3,3,4,1111,20000,4,274.817,329.638,0,36,0,0,0,0,0,3603
1152,32.0972,4,4,4,1111,20000,4,265.791,280.127,3,36,0,3,0,0,0,3603
1153,32.1198,4,4,4,1111,20000,4,260.469,299.143,3,36,0,3,0,0,0,3607
1154,32.1260,4,4,4,1111,20000,4,231.561,291.960,2,36,0,2,0,0,0,3607
1155,32.1494,4,4,4,1111,20000,4,231.954,304.512,3,36,0,3,0,0,0,3611
1156,32.1546,4,4,4,1111,20000,4,211.901,300.862,3,36,0,3,0,0,0,3611
1157,32.2078,4,4,4,1111,20000,4,235.183,342.557,3,36,0,3,0,0,0,3619
1158,32.2222,4,4,4,1111,20000,4,220.889,349.267,3,36,0,3,0,0,0,3619
1159,32.2381,4,4,4,1111,20000,4,211.524,361.508,3,36,0,3,0,0,0,3623
1160,32.2512,4,4,4,1111,20000,4,194.691,354.341,2,36,0,2,0,0,0,3623
1161,32.2789,4,4,4,1111,20000,4,191.288,361.437,3,36,0,3,0,0,0,3627
1162,32.2880,4,4,4,1111,20000,4,172.489,345.318,3,36,0,3,0,0,0,3631
1163,32.3147,4,4,4,1111,20000,4,171.274,342.050,3,36,0,3,0,0,0,3631
1164,32.3193,4,4,4,1111,20000,4,153.479,318.001,3,36,0,3,0,0,0,3635
1165,32.4966,4,4,4,1111,20000,4,299.890,470.064,3,36,0,3,0,0,0,3655
1166,32.5295,4,4,4,1111,20000,4,306.103,473.006,3,36,0,3,0,0,0,3659
1167,32.5729,4,4,4,1111,20000,4,320.305,485.242,3,36,0,3,0,0,0,3663
1168,32.5840,4,4,4,1111,20000,4,301.423,468.426,4,37,1,3,0,0,0,3667
1169,32.6012,4,4,4,1111,20000,4,285.381,457.671,4,37,1,3,0,0,0,3667
1170,32.6438,4,4,4,1111,20000,4,307.365,477.926,4,37,1,3,0,0,0,3675
1171,32.6894,4,4,4,1111,20000,4,310.487,492.650,4,37,1,3,0,0,0,3679
1172,32.6917,4,4,4,1111,20000,4,212.351,468.314,4,37,1,3,0,0,0,3683
1173,32.7134,4,4,4,1111,20000,4,231.389,460.784,5,38,2,3,0,0,0,3683
1174,32.7627,4,4,4,1111,20000,4,272.557,480.105,4,38,1,3,0,0,0,3687
1175,32.8219,4,4,4,1111,20000,4,309.724,506.060,4,38,1,3,0,0,0,3695
1176,32.8645,4,4,4,1111,20000,4,322.232,528.033,5,38,2,3,0,0,0,3699
1177,32.8869,4,4,4,1111,20000,4,311.814,507.890,3,38,1,2,0,0,0,3703
1178,32.8952,4,4,4,1111,20000,4,292.510,415.769,4,38,1,3,0,0,0,3703
1179,32.9606,4,4,4,1111,20000,4,320.360,478.551,4,38,1,3,0,0,0,3711
1180,33.0001,4,4,4,1111,20000,4,311.539,509.965,4,38,1,3,0,0,0,3718
1181,33.0613,4,4,4,1111,20000,4,371.138,549.132,5,39,1,3,0,1,0,3723
1182,33.0898,4,4,4,1111,20000,4,373.246,547.540,6,39,2,3,0,1,0,3727
1183,33.1000,4,4,4,1111,20000,4,335.831,524.911,5,39,1,3,0,1,0,3727
1184,33.1081,4,4,4,1111,20000,4,300.370,505.376,4,39,1,3,0,0,0,3731
1185,33.1775,4,4,4,1111,20000,4,315.109,537.173,5,39,1,3,0,1,0,3735
1186,33.2129,4,4,4,1111,20000,4,333.875,524.269,4,39,1,2,0,1,0,3739
1187,33.2151,4,4,4,1111,20000,4,281.711,524.882,3,39,1,2,0,0,0,3743
1188,33.2301,4,4,4,1111,20000,4,289.793,513.428,4,39,1,2,0,1,0,3743
1189,33.2897,4,4,4,1111,20000,4,328.159,525.488,4,39,1,3,0,0,0,3751
1190,33.3065,4,4,4,1111,20000,4,309.989,498.733,3,39,0,3,0,0,0,3751
1191,33.3225,4,4,4,1111,20000,4,290.006,460.105,3,39,0,3,0,0,0,3755
1192,33.3385,4,4,4,1111,20000,4,253.630,459.491,4,39,1,2,0,1,0,3755
1193,33.3548,4,4,4,1111,20000,4,247.146,421.388,5,39,1,3,0,1,0,3759
1194,33.3999,4,4,4,1111,20000,4,232.463,459.586,4,39,1,3,0,0,0,3763
1195,33.4074,4,4,4,1111,20000,4,194.925,445.838,4,39,1,3,0,0,0,3767
1196,33.4300,4,4,4,1111,20000,4,216.496,433.507,5,39,1,3,0,1,0,3769
1197,33.4367,4,4,4,1111,20000,4,204.269,404.157,5,39,1,3,0,1,0,3769
1198,33.5059,4,4,4,1111,20000,4,216.250,420.912,4,39,1,3,0,0,0,3775
1199,33.5533,4,4,4,1111,20000,4,244.484,445.594,4,39,1,3,0,0,0,3783
1200,33.6224,4,4,4,1111,20000,4,283.086,454.812,4,39,1,3,0,0,0,3787
1201,33.6874,4,4,4,1111,20000,4,320.520,474.925,4,39,1,3,0,0,0,3795
1202,33.7753,4,4,4,1111,20000,4,374.747,561.693,4,39,1,2,0,1,0,3803
1203,33.8644,4,4,4,1111,20000,4,438.991,631.958,5,39,1,3,0,1,0,3811
1204,33.9777,4,4,4,1111,20000,4,526.202,688.023,4,39,1,3,0,0,0,3815
1205,33.9795,4,4,4,1111,20000,4,472.870,670.655,4,39,1,3,0,0,0,3817
1206,33.9821,4,4,4,1111,20000,4,433.134,642.835,4,39,1,3,0,0,0,3823
1207,34.0069,4,4,4,1111,20000,4,410.845,639.935,5,39,1,3,0,1,0,3823
1208,34.0093,4,4,4,1111,20000,4,368.609,608.744,4,39,1,2,0,1,0,3827
1209,34.0271,4,4,4,1111,20000,4,344.823,601.689,5,39,1,3,0,1,0,3827
1210,34.0373,4,4,4,1111,20000,4,320.517,585.822,5,39,1,3,0,1,0,3831
1211,34.0447,4,4,4,1111,20000,4,279.347,538.050,4,39,1,3,0,0,0,3831
1212,34.0602,4,4,4,1111,20000,4,248.931,511.181,3,39,1,2,0,0,0,3835
1213,34.0690,4,4,4,1111,20000,4,222.225,472.945,4,39,1,3,0,0,0,3835
1214,34.0832,4,4,4,1111,20000,4,189.029,442.492,4,39,1,3,0,0,0,3839
1215,34.0968,4,4,4,1111,20000,4,118.904,414.442,5,39,1,3,0,1,0,3839
1216,34.1065,4,4,4,1111,20000,4,127.294,389.630,4,39,1,2,0,1,0,3843
1217,34.3315,4,4,4,1111,20000,4,323.654,566.112,5,39,1,3,0,1,0,3867
1218,34.4224,4,4,4,1111,20000,4,390.507,611.074,5,39,1,3,0,1,0,3879
1219,34.5140,4,4,4,1111,20000,4,460.759,667.161,6,40,1,3,1,1,0,3887
1220,34.5845,4,4,4,1111,20000,4,506.876,690.215,5,40,1,2,1,1,0,3891
1221,34.6173,4,4,4,1111,20000,4,516.475,639.357,5,40,1,3,0,1,0,3895
1222,34.7105,4,4,4,1111,20000,4,586.204,731.257,4,40,1,2,0,1,0,3903
1223,34.7511,4,4,4,1111,20000,4,580.955,743.277,5,40,1,3,0,1,0,3907
1224,34.8339,4,4,4,1111,20000,4,582.302,801.985,5,40,1,3,0,1,0,3915
1225,34.9552,4,4,4,1111,20000,4,702.632,901.908,5,40,1,3,0,1,0,3923
1226,35.0242,4,4,4,1111,20000,4,723.988,946.571,4,40,1,2,0,1,0,3931
1227,35.1917,4,4,4,1111,20000,4,889.057,1090.867,4,40,1,3,0,0,0,3935
1228,35.2498,4,4,4,1111,20000,4,915.922,1125.459,4,40,1,3,0,0,0,3939
1229,35.2642,4,4,4,1111,20000,4,888.597,1093.973,4,40,1,3,0,0,0,3943
1230,35.2904,4,4,4,1111,20000,4,868.100,1038.694,4,40,1,3,0,0,0,3947
1231,35.3122,4,4,4,1111,20000,4,853.075,1059.568,3,40,1,2,0,0,0,3951
1232,35.3183,4,4,4,1111,20000,4,818.065,1018.036,4,40,1,3,0,0,0,3955
1233,35.3281,4,4,4,1111,20000,4,785.116,1025.422,4,40,1,3,0,0,0,3959
1234,35.3607,4,4,4,1111,20000,4,775.153,1026.838,4,40,1,3,0,0,0,3963
1235,35.3762,4,4,4,1111,20000,4,731.333,1000.555,3,40,1,2,0,0,0,3967
1236,35.3909,4,4,4,1111,20000,4,698.302,968.703,4,40,1,3,0,0,0,3971
1237,35.4186,4,4,4,1111,20000,4,691.944,959.505,4,40,1,3,0,0,0,3975
1238,35.4768,4,4,4,1111,20000,4,697.422,976.578,4,40,1,3,0,0,0,3979
1239,35.4803,4,4,4,1111,20000,4,652.721,937.311,4,40,1,3,0,0,0,3983
1240,35.4895,4,4,4,1111,20000,4,585.439,903.851,4,40,1,3,0,0,0,3986
1241,35.5220,4,4,4,1111,20000,4,617.020,877.076,4,40,1,3,0,0,0,3991
1242,35.5227,4,4,4,1111,20000,4,565.640,830.097,4,40,1,3,0,0,0,3991
1243,35.5229,4,4,4,1111,20000,4,538.076,796.188,4,40,1,3,0,0,0,3991
1244,35.5231,4,4,4,1111,20000,4,497.547,743.678,5,41,1,3,1,0,0,3991
1245,35.5354,4,4,4,1111,20000,4,381.690,707.712,5,41,1,3,1,0,0,3991
1246,35.6001,4,4,4,1111,20000,4,445.297,695.996,5,41,1,3,1,0,0,3999
1247,35.6788,4,4,4,1111,20000,4,513.057,773.780,5,41,1,3,1,0,0,4007
1248,35.7451,4,4,4,1111,20000,4,551.853,787.973,5,41,1,3,1,0,0,4011
1249,35.8308,4,4,4,1111,20000,4,603.583,845.946,5,41,1,3,1,0,0,4019
1250,35.8886,4,4,4,1111,20000,4,631.188,862.962,5,41,1,3,1,0,0,4023
1251,35.9811,4,4,4,1111,20000,4,698.184,787.440,5,41,1,3,1,0,0,4031
1252,36.0533,4,4,4,1111,20000,4,741.057,802.704,5,41,1,3,1,0,0,4035
1253,36.0768,4,4,4,1111,20000,4,725.118,811.816,5,41,1,3,1,0,0,4039
1254,36.0865,4,4,4,1111,20000,4,708.371,795.356,5,41,1,3,1,0,0,4043
1255,36.0995,4,4,4,1111,20000,4,695.000,786.556,5,41,1,3,1,0,0,4047
1256,36.1489,4,4,4,1111,20000,4,707.069,829.530,4,41,1,2,1,0,0,4051
1257,36.1838,4,4,4,1111,20000,4,705.629,852.942,4,41,1,2,1,0,0,4055
1258,36.1979,4,4,4,1111,20000,4,689.379,836.330,4,41,1,2,1,0,0,4059
1259,36.2107,4,4,4,1111,20000,4,668.585,833.690,4,41,1,2,1,0,0,4063
1260,36.2289,4,4,4,1111,20000,4,638.174,837.216,4,41,1,2,1,0,0,4067
1261,36.2547,4,4,4,1111,20000,4,633.563,835.234,4,41,1,2,1,0,0,4071
1262,36.2684,4,4,4,1111,20000,4,601.006,790.645,5,41,1,3,1,0,0,4071
1263,36.2807,4,4,4,1111,20000,4,579.549,799.139,5,41,1,3,1,0,0,4075
1264,36.3162,4,4,4,1111,20000,4,570.032,807.611,5,41,1,3,1,0,0,4079
1265,36.4377,4,4,4,1111,20000,4,633.947,895.515,5,41,1,3,1,0,0,4087
1266,36.4838,4,4,4,1111,20000,4,649.016,893.047,5,41,1,3,1,0,0,4091
1267,36.5627,4,4,4,1111,20000,4,673.383,941.540,4,41,1,2,1,0,0,4095
1268,36.6595,4,4,4,1111,20000,4,725.337,992.138,5,41,1,3,1,0,0,4099
1269,36.7496,4,4,4,1111,20000,4,767.214,1048.354,4,41,1,3,0,0,0,4103
1270,36.8361,4,4,4,1111,20000,4,814.726,1089.865,4,41,1,3,0,0,0,4107
1271,36.8720,4,4,4,1111,20000,4,816.244,1068.255,5,41,1,3,1,0,0,4111
1272,36.9527,4,4,4,1111,20000,4,874.664,1117.816,5,41,1,3,1,0,0,4115
1273,37.0277,4,4,4,1111,20000,4,922.489,1138.363,5,41,1,3,1,0,0,4119
1274,37.0923,4,4,4,1111,20000,4,955.042,1158.062,4,41,1,2,1,0,0,4123
1275,37.1835,4,4,4,1111,20000,4,1005.444,1201.183,5,41,1,3,1,0,0,4127
1276,37.2341,4,4,4,1111,20000,4,1034.719,1179.906,5,41,1,3,1,0,0,4131
1277,37.2552,4,4,4,1111,20000,4,1032.250,1177.526,4,41,1,2,1,0,0,4135
1278,37.2825,4,4,4,1111,20000,4,1035.176,1195.226,4,41,1,2,1,0,0,4139
1279,37.3383,4,4,4,1111,20000,4,1067.885,1233.147,5,41,1,3,1,0,0,4143
1280,37.3494,4,4,4,1111,20000,4,1056.455,1199.527,5,41,1,3,1,0,0,4147
1281,37.3535,4,4,4,1111,20000,4,997.439,1168.986,5,41,1,3,1,0,0,4151
1282,37.3593,4,4,4,1111,20000,4,975.958,1159.885,4,41,1,2,1,0,0,4153
1283,37.3627,4,4,4,1111,20000,4,925.650,1139.772,4,41,1,2,1,0,0,4154
1284,37.3714,4,4,4,1111,20000,4,903.646,1124.068,4,41,1,2,1,0,0,4158
1285,37.3771,4,4,4,1111,20000,4,850.315,1106.641,4,41,1,2,1,0,0,4160
1286,37.3794,4,4,4,1111,20000,4,815.492,1086.432,3,41,1,2,0,0,0,4162
1287,37.3818,4,4,4,1111,20000,4,759.971,1025.638,4,41,1,2,1,0,0,4163
1288,37.3958,4,4,4,1111,20000,4,743.067,1012.454,4,41,1,3,0,0,0,4173
1289,37.4000,4,4,4,1111,20000,4,655.579,961.599,4,41,1,3,0,0,0,4177
1290,37.4160,4,4,4,1111,20000,4,669.264,931.290,2,41,1,1,0,0,0,4183
1291,37.4191,4,4,4,1111,20000,4,648.598,855.466,2,41,1,1,0,0,0,4183
1292,37.4220,4,4,4,1111,20000,4,596.679,761.649,3,41,1,2,0,0,0,4183
1293,37.4353,4,4,4,1111,20000,4,573.994,684.995,4,41,1,3,0,0,0,4187
1294,37.4388,4,4,4,1111,20000,4,528.155,601.980,3,41,0,3,0,0,0,4187
1295,37.4426,4,4,4,1111,20000,4,487.939,569.850,3,41,0,3,0,0,0,4187
1296,37.4531,4,4,4,1111,20000,4,465.078,499.743,3,41,0,3,0,0,0,4187
1297,37.4626,3,3,4,1111,20000,4,433.641,433.872,4,41,1,3,0,0,0,4191
1298,37.4635,1,1,4,1111,20000,4,384.490,433.997,0,41,0,0,0,0,0,4191
1299,37.4983,4,4,4,1111,20000,4,384.748,404.934,2,41,0,2,0,0,0,4191
1300,37.5659,3,3,4,1111,20000,4,381.055,381.260,3,41,1,2,0,0,0,4199
1301,37.5720,1,1,4,1111,20000,4,358.457,387.004,0,41,0,0,0,0,0,4199
1302,37.6397,3,3,4,1111,20000,4,404.731,404.899,3,41,0,3,0,0,0,4207
1303,37.6947,2,2,4,1111,20000,4,437.924,459.749,1,41,1,0,0,0,0,4211
1304,37.7572,4,4,4,1111,20000,4,451.315,500.972,4,41,1,3,0,0,0,4215
1305,37.8215,3,3,4,1111,20000,4,482.652,538.161,4,41,1,3,0,0,0,4223
1306,37.9051,4,4,4,1111,20000,4,550.941,565.985,4,41,1,3,0,0,0,4231
1307,38.0128,4,4,4,1111,20000,4,640.588,662.654,4,41,1,3,0,0,0,4239
1308,38.0242,4,4,4,1111,20000,4,628.093,668.718,4,41,1,3,0,0,0,4243
1309,38.0442,4,4,4,1111,20000,4,632.383,677.904,3,41,1,2,0,0,0,4247
1310,38.0513,4,4,4,1111,20000,4,620.078,675.914,3,41,1,2,0,0,0,4247
1311,38.0703,4,4,4,1111,20000,4,613.075,687.940,3,41,1,2,0,0,0,4251
1312,38.0885,4,4,4,1111,20000,4,589.412,700.027,4,41,1,3,0,0,0,4255
1313,38.0953,4,4,4,1111,20000,4,557.147,701.767,3,41,1,2,0,0,0,4255
1314,38.1127,4,4,4,1111,20000,4,509.444,714.238,3,41,1,2,0,0,0,4259
1315,38.1205,4,4,4,1111,20000,4,488.919,708.583,4,41,1,3,0,0,0,4259
1316,38.1359,4,4,4,1111,20000,4,467.326,704.696,4,42,2,2,0,0,0,4263
1317,38.1495,4,4,4,1111,20000,4,423.054,692.288,4,42,2,2,0,0,0,4263
1318,38.1592,4,4,4,1111,20000,4,401.122,660.020,4,42,2,2,0,0,0,4267
1319,38.1977,4,4,4,1111,20000,4,393.995,659.529,4,42,2,2,0,0,0,4271
1320,38.2152,4,4,4,1111,20000,4,357.456,611.873,4,42,2,2,0,0,0,4271
1321,38.2247,4,4,4,1111,20000,4,327.971,593.117,4,42,2,2,0,0,0,4275
1322,38.2412,4,4,4,1111,20000,4,305.461,572.535,4,42,2,2,0,0,0,4279
1323,38.2479,4,4,4,1111,20000,4,262.695,521.405,5,42,2,3,0,0,0,4279
1324,38.2652,4,4,4,1111,20000,4,250.667,507.085,5,42,2,3,0,0,0,4283
1325,38.2711,4,4,4,1111,20000,4,234.033,467.367,5,42,2,3,0,0,0,4283
1326,38.2893,4,4,4,1111,20000,4,227.946,431.528,4,42,2,2,0,0,0,4287
1327,38.3031,4,4,4,1111,20000,4,217.998,406.365,7,45,2,2,3,0,0,4287
1328,38.3130,4,4,4,1111,20000,4,204.901,377.262,6,45,2,3,1,0,0,4291
1329,38.3221,4,4,4,1111,20000,4,192.903,336.885,7,45,2,3,2,0,0,4291
1330,38.4220,4,4,4,1111,20000,4,270.319,407.506,8,45,2,3,3,0,0,4303
1331,38.4821,4,4,4,1111,20000,4,287.955,445.013,7,45,2,2,3,0,0,4307
1332,38.5454,4,4,4,1111,20000,4,329.417,484.042,6,45,2,2,2,0,0,4311
1333,38.6288,4,4,4,1111,20000,4,390.059,543.625,7,45,2,3,2,0,0,4319
1334,38.7242,4,4,4,1111,20000,4,462.518,616.055,6,45,2,2,2,0,0,4331
1335,38.8061,4,4,4,1111,20000,4,522.470,676.842,7,45,2,3,2,0,0,4339
1336,38.8857,4,4,4,1111,20000,4,580.662,734.029,7,45,2,3,2,0,0,4343
1337,38.9287,4,4,4,1111,20000,4,549.650,734.505,9,47,2,3,3,1,0,4351
1338,38.9466,4,4,4,1111,20000,4,561.567,730.570,9,47,2,3,3,1,0,4351
1339,38.9557,4,4,4,1111,20000,4,554.099,716.997,8,47,2,2,3,1,0,4355
1340,38.9759,4,4,4,1111,20000,4,517.852,714.184,9,47,2,3,3,1,0,4359
1341,39.0178,4,4,4,1111,20000,4,534.804,734.142,8,47,2,2,3,1,0,4363
1342,39.0250,4,4,4,1111,20000,4,478.217,719.848,6,47,2,0,3,1,0,4363
1343,39.0491,4,4,4,1111,20000,4,472.544,670.008,6,47,2,0,3,1,0,4367
1344,39.0812,4,4,4,1111,20000,4,451.846,696.078,6,47,2,0,3,1,0,4371
1345,39.1255,4,4,4,1111,20000,4,446.227,723.779,6,47,2,0,3,1,0,4375
1346,39.1362,4,4,4,1111,20000,4,417.238,678.163,6,47,2,0,3,1,0,4379
1347,39.1563,4,4,4,1111,20000,4,403.575,673.291,5,47,1,0,3,1,0,4383
1348,39.1628,4,4,4,1111,20000,4,366.827,616.024,5,47,2,0,2,1,0,4383
1349,39.1814,4,4,4,1111,20000,4,340.878,604.761,6,47,2,0,3,1,0,4387
1350,39.2014,4,4,4,1111,20000,4,315.039,572.063,6,47,2,0,3,1,0,4390
1351,39.2068,4,4,4,1111,20000,4,278.408,527.565,6,49,2,2,1,1,0,4391
1352,39.2322,4,4,4,1111,20000,4,284.850,513.201,8,49,2,2,3,1,0,4394
1353,39.2786,4,4,4,1111,20000,4,308.407,525.808,7,49,2,1,3,1,0,4399
1354,39.2885,4,4,4,1111,20000,4,272.313,492.432,5,49,2,1,1,1,0,4402
1355,39.3064,4,4,4,1111,20000,4,261.135,465.827,6,49,2,1,2,1,0,4405
1356,39.3131,4,4,4,1111,20000,4,243.050,426.692,7,49,2,2,2,1,0,4406
1357,39.3300,4,4,4,1111,20000,4,231.320,401.569,7,49,2,2,2,1,0,4408
1358,39.3362,4,4,4,1111,20000,4,209.991,388.818,7,49,2,2,2,1,0,4409
1359,39.3572,4,4,4,1111,20000,4,207.622,387.007,7,49,2,2,2,1,0,4412
1360,39.3796,4,4,4,1111,20000,4,205.351,363.408,7,49,2,2,2,1,0,4416
1361,39.3950,4,4,4,1111,20000,4,200.042,349.784,7,49,2,2,2,1,0,4417
1362,39.4041,4,4,4,1111,20000,4,184.302,333.966,6,49,2,1,2,1,0,4419
1363,39.4210,4,4,4,1111,20000,4,178.722,322.236,6,49,2,1,2,1,0,4421
1364,39.4280,4,4,4,1111,20000,4,148.638,301.751,7,49,2,2,2,1,0,4422
1365,39.4474,4,4,4,1111,20000,4,143.740,297.772,6,49,2,1,2,1,0,4425
1366,39.4605,4,4,4,1111,20000,4,134.636,286.229,6,49,2,1,2,1,0,4426
1367,39.4779,4,4,4,1111,20000,4,131.302,282.893,7,49,2,2,2,1,0,4429
1368,39.6056,4,4,4,1111,20000,4,231.139,385.770,5,49,1,2,1,1,0,4445
1369,39.6106,4,4,4,1111,20000,4,214.463,368.355,6,49,1,2,2,1,0,4445
1370,39.6284,4,4,4,1111,20000,4,210.188,349.000,7,49,2,2,2,1,0,4447
1371,39.6447,4,4,4,1111,20000,4,205.126,341.041,6,49,2,2,2,0,0,4449
1372,39.7056,4,4,4,1111,20000,4,244.448,379.754,6,49,2,2,2,0,0,4457
1373,39.8024,4,4,4,1111,20000,4,312.024,455.749,6,49,2,2,2,0,0,4468
1374,40.0034,4,4,4,1111,20000,4,493.333,628.911,6,49,2,2,2,0,0,4491
1375,40.0626,4,4,4,1111,20000,4,470.607,666.413,6,49,2,2,2,0,0,4499
1376,40.1479,4,4,4,1111,20000,4,554.940,729.660,6,49,2,2,2,0,0,4509
1377,40.2229,4,4,4,1111,20000,4,628.920,778.321,7,50,2,2,3,0,0,4517
1378,40.2798,4,4,4,1111,20000,4,680.807,803.219,8,51,2,2,4,0,0,4523
1379,40.3956,4,4,4,1111,20000,4,774.814,887.011,8,51,2,2,4,0,0,4531
1380,40.4699,4,4,4,1111,20000,4,811.213,929.241,8,51,2,2,4,0,0,4535
1381,40.5377,4,4,4,1111,20000,4,848.817,945.686,9,52,2,2,4,1,0,4539
1382,40.5544,4,4,4,1111,20000,4,814.279,949.713,8,52,2,2,3,1,0,4541
1383,40.5605,4,4,4,1111,20000,4,781.059,923.806,8,52,2,2,3,1,0,4544
1384,40.5693,4,4,4,1111,20000,4,654.692,900.548,8,52,2,2,3,1,0,4548
1385,40.5818,4,4,4,1111,20000,4,666.162,880.876,7,52,2,2,2,1,0,4551
1386,40.5938,4,4,4,1111,20000,4,653.291,860.957,7,52,2,2,2,1,0,4555
1387,40.6134,4,4,4,1111,20000,4,669.847,848.630,7,52,2,2,2,1,0,4559
1388,40.6265,4,4,4,1111,20000,4,641.643,812.647,7,52,2,2,2,1,0,4559
1389,40.6366,4,4,4,1111,20000,4,606.279,790.667,6,52,2,2,2,0,0,4562
1390,40.6421,4,4,4,1111,20000,4,552.502,727.385,6,52,2,1,2,1,0,4562
1391,40.6600,4,4,4,1111,20000,4,526.948,744.345,6,52,1,2,2,1,0,4566
1392,40.6734,4,4,4,1111,20000,4,492.582,731.358,5,52,1,1,2,1,0,4566
1393,40.6838,4,4,4,1111,20000,4,461.313,709.742,6,52,1,2,2,1,0,4569
1394,40.6968,4,4,4,1111,20000,4,434.729,690.301,6,52,1,2,2,1,0,4570
1395,40.7079,4,4,4,1111,20000,4,400.652,669.622,6,52,1,2,2,1,0,4572
1396,40.7217,4,4,4,1111,20000,4,359.363,632.072,6,52,1,2,2,1,0,4575
1397,40.7292,4,4,4,1111,20000,4,337.921,596.069,6,52,1,2,2,1,0,4576
1398,40.7590,4,4,4,1111,20000,4,319.219,578.154,5,52,1,2,1,1,0,4580
1399,40.7759,4,4,4,1111,20000,4,303.314,553.313,4,52,1,2,1,0,0,4583
1400,40.7816,4,4,4,1111,20000,4,251.798,519.562,6,52,1,2,2,1,0,4583
1401,40.7993,4,4,4,1111,20000,4,239.307,492.020,5,52,1,2,1,1,0,4585
1402,40.8066,4,4,4,1111,20000,4,224.166,444.295,4,52,1,2,0,1,0,4586
1403,40.8226,4,4,4,1111,20000,4,217.209,426.123,4,52,1,2,0,1,0,4589
1404,40.8363,4,4,4,1111,20000,4,205.386,365.621,3,52,1,2,0,0,0,4590
1405,40.8458,4,4,4,1111,20000,4,193.308,307.168,4,52,1,2,0,1,0,4591
1406,40.8592,4,4,4,1111,20000,4,181.246,303.939,4,52,1,2,0,1,0,4593
1407,40.8687,4,4,4,1111,20000,4,170.560,300.223,3,52,1,2,0,0,0,4594
1408,40.8849,4,4,4,1111,20000,4,164.802,302.409,4,52,1,2,0,1,0,4596
1409,40.8920,4,4,4,1111,20000,4,133.003,286.544,4,52,1,2,0,1,0,4597
1410,40.8992,4,4,4,1111,20000,4,127.574,268.308,4,52,1,2,0,1,0,4597
1411,41.0323,4,4,4,1111,20000,4,239.793,379.730,3,52,1,2,0,0,0,4615
1412,41.0420,4,4,4,1111,20000,4,224.715,364.030,3,52,1,2,0,0,0,4615
1413,41.0570,4,4,4,1111,20000,4,216.740,358.822,3,52,1,2,0,0,0,4617
1414,41.0690,4,4,4,1111,20000,4,205.562,348.902,3,52,1,2,0,0,0,4619
1415,41.0865,4,4,4,1111,20000,4,200.575,327.645,4,52,1,2,0,1,0,4621
1416,41.0945,4,4,4,1111,20000,4,188.448,322.845,5,52,1,2,1,1,0,4622
1417,41.1108,4,4,4,1111,20000,4,117.487,318.188,5,52,1,2,1,1,0,4625
1418,41.1247,4,4,4,1111,20000,4,130.459,303.281,4,52,1,2,1,0,0,4626
1419,41.1337,4,4,4,1111,20000,4,138.419,280.254,6,53,1,2,2,1,0,4627
1420,41.1571,4,4,4,1111,20000,4,156.956,271.495,5,53,1,2,2,0,0,4630
1421,41.1631,4,4,4,1111,20000,4,126.427,245.582,4,53,0,2,2,0,0,4631
1422,41.3605,4,4,4,1111,20000,4,302.803,410.940,5,53,0,2,2,1,0,4653
1423,41.4296,4,4,4,1111,20000,4,347.568,436.310,4,53,0,2,1,1,0,4662
1424,41.5036,4,4,4,1111,20000,4,399.322,490.099,6,54,1,2,2,1,0,4671
1425,41.5554,4,4,4,1111,20000,4,429.438,509.819,6,54,1,2,2,1,0,4678
1426,41.6032,3,3,4,1111,20000,4,456.056,525.619,4,54,1,2,0,1,0,4682
1427,41.6877,4,4,4,1111,20000,4,515.397,578.049,5,54,1,2,2,0,0,4693
1428,41.7407,3,3,4,1111,20000,4,542.828,599.012,3,54,1,0,2,0,0,4699
1429,41.7611,4,4,4,1111,20000,4,463.654,587.387,6,55,1,2,3,0,0,4701
1430,41.7827,4,4,4,1111,20000,4,484.343,558.958,6,55,1,2,3,0,0,4705
1431,41.7902,4,4,4,1111,20000,4,441.212,534.305,6,55,1,2,3,0,0,4705
1432,41.8073,4,4,4,1111,20000,4,452.021,519.397,6,55,1,2,3,0,0,4707
1433,41.8226,4,4,4,1111,20000,4,431.669,502.666,6,55,1,2,3,0,0,4708
1434,41.8489,4,4,4,1111,20000,4,397.883,496.900,6,55,1,2,3,0,0,4710
1435,41.8576,4,4,4,1111,20000,4,368.873,473.569,6,55,1,2,3,0,0,4710
1436,41.8762,4,4,4,1111,20000,4,346.975,460.106,5,55,1,2,2,0,0,4712
1437,41.8846,4,4,4,1111,20000,4,307.910,436.373,4,55,1,2,1,0,0,4713
1438,41.9008,4,4,4,1111,20000,4,273.703,420.681,6,55,1,2,2,1,0,4715
1439,41.9164,4,4,4,1111,20000,4,227.445,404.292,5,55,1,2,1,1,0,4717
1440,41.9247,4,4,4,1111,20000,4,198.896,380.477,7,56,1,2,4,0,0,4717
1441,41.9419,4,4,4,1111,20000,4,184.366,354.884,5,56,1,2,2,0,0,4720
1442,41.9472,4,4,4,1111,20000,4,172.644,328.112,6,56,1,2,3,0,0,4721
1443,41.9652,4,4,4,1111,20000,4,163.001,313.998,6,56,1,2,2,1,0,4723
1444,41.9774,4,4,4,1111,20000,4,153.927,294.251,6,56,1,2,2,1,0,4725
1445,41.9967,4,4,4,1111,20000,4,146.805,281.503,5,56,1,2,2,0,0,4727
1446,42.0276,4,4,4,1111,20000,4,157.854,280.376,5,56,1,2,2,0,0,4731
1447,42.0693,4,4,4,1111,20000,4,174.761,290.095,5,56,1,2,2,0,0,4736
1448,42.0899,4,4,4,1111,20000,4,172.182,243.802,5,56,1,2,2,0,0,4739
1449,42.0961,4,4,4,1111,20000,4,156.382,217.970,6,57,1,3,2,0,0,4739
1450,42.1543,4,4,4,1111,20000,4,188.068,244.171,5,57,1,2,2,0,0,4747
1451,42.1598,4,4,4,1111,20000,4,168.349,217.309,5,57,0,3,2,0,0,4747
1452,42.1620,3,3,4,1111,20000,4,142.774,187.789,4,57,1,3,0,0,0,4747
1453,42.3227,4,4,4,1111,20000,4,273.159,316.411,6,57,1,3,2,0,0,4767
1454,42.3444,4,4,4,1111,20000,4,258.028,306.116,5,57,1,2,2,0,0,4770
1455,42.3586,4,4,4,1111,20000,4,251.872,288.365,6,57,1,3,2,0,0,4773
1456,42.4310,4,4,4,1111,20000,4,283.009,328.725,5,57,1,2,2,0,0,4781
1457,42.4921,4,4,4,1111,20000,4,325.566,357.827,6,58,1,2,3,0,0,4789
1458,42.5695,3,3,4,1111,20000,4,374.307,403.108,3,58,1,0,2,0,0,4798
1459,42.6001,4,4,4,1111,20000,4,382.788,404.385,6,58,1,3,2,0,0,4802
1460,42.6457,4,4,4,1111,20000,4,352.261,417.942,4,58,1,0,3,0,0,4807
1461,42.6903,4,4,4,1111,20000,4,395.815,430.518,4,58,1,0,3,0,0,4811
1462,42.7183,4,4,4,1111,20000,4,396.362,426.225,5,58,0,2,3,0,0,4815
1463,42.7383,4,4,4,1111,20000,4,392.754,414.476,5,58,1,1,3,0,0,4817
1464,42.7485,3,3,4,1111,20000,4,373.510,392.621,4,58,1,0,3,0,0,4819
1465,42.7620,4,4,4,1111,20000,4,339.564,384.613,4,58,1,0,3,0,0,4821
1466,42.7735,4,4,4,1111,20000,4,295.419,364.074,2,58,1,0,1,0,0,4822
1467,42.7877,4,4,4,1111,20000,4,274.593,346.244,2,58,1,0,1,0,0,4823
1468,42.7979,4,4,4,1111,20000,4,235.700,324.436,1,58,1,0,0,0,0,4825
1469,42.8163,4,4,4,1111,20000,4,232.099,310.731,1,58,1,0,0,0,0,4827
1470,42.8624,4,4,4,1111,20000,4,223.423,324.857,1,58,1,0,0,0,0,4833
1471,42.8841,4,4,4,1111,20000,4,200.261,314.392,1,58,1,0,0,0,0,4835
1472,42.9231,4,4,4,1111,20000,4,213.518,321.408,1,58,1,0,0,0,0,4841
1473,42.9305,4,4,4,1111,20000,4,191.688,296.878,1,58,1,0,0,0,0,4841
1474,42.9469,4,4,4,1111,20000,4,183.215,281.209,1,58,1,0,0,0,0,4843
1475,42.9759,4,4,4,1111,20000,4,187.888,278.152,1,58,1,0,0,0,0,4847
1476,43.0019,4,4,4,1111,20000,4,191.351,272.146,2,59,1,1,0,0,0,4850
1477,43.0411,4,4,4,1111,20000,4,178.096,279.293,0,59,0,0,0,0,0,4853
1478,43.0503,4,4,4,1111,20000,4,165.711,256.400,0,59,0,0,0,0,0,4855
1479,43.1900,4,4,4,1111,20000,4,277.704,364.038,0,59,0,0,0,0,0,4872
1480,43.1923,4,4,4,1111,20000,4,249.392,334.303,1,59,0,1,0,0,0,4873
1481,43.1958,4,4,4,1111,20000,4,225.223,305.840,2,59,1,1,0,0,0,4873
1482,43.2269,4,4,4,1111,20000,4,224.103,304.844,1,59,0,1,0,0,0,4876
1483,43.2313,4,4,4,1111,20000,4,189.376,277.166,1,59,0,1,0,0,0,4876
1484,43.2504,4,4,4,1111,20000,4,187.372,253.958,2,59,1,1,0,0,0,4877
1485,43.2554,3,3,4,1111,20000,4,164.561,226.853,1,59,0,1,0,0,0,4878
1486,43.2755,4,4,4,1111,20000,4,113.397,215.011,2,59,1,1,0,0,0,4879
1487,43.2955,4,4,4,1111,20000,4,132.197,202.893,2,60,0,1,0,1,0,4881
1488,43.2980,4,4,4,1111,20000,4,119.464,173.396,3,60,1,1,0,1,0,4881
1489,43.3345,3,3,4,1111,20000,4,128.069,177.816,1,60,0,1,0,0,0,4886
1490,43.3374,4,4,4,1111,20000,4,105.779,148.732,1,60,0,1,0,0,0,4886
1491,43.3481,2,2,4,1111,20000,4,92.902,105.673,0,60,0,0,0,0,0,4887
1492,43.3582,1,1,4,1111,20000,4,74.248,83.662,1,60,0,0,0,1,0,4889
1493,43.4253,4,4,4,1111,20000,4,118.626,140.550,2,60,0,1,0,1,0,4897
1494,43.4261,2,2,4,1111,20000,4,92.026,109.246,1,60,0,1,0,0,0,4897
1495,43.4304,4,4,4,1111,20000,4,79.126,95.970,4,61,1,1,1,1,0,4897
1496,43.4520,2,2,4,1111,20000,4,72.622,85.576,2,61,0,0,1,1,0,4901
1497,43.4845,4,4,4,1111,20000,4,59.935,103.636,4,61,1,1,1,1,0,4905
1498,43.4865,4,4,4,1111,20000,4,43.185,73.624,2,61,0,1,1,0,0,4905
1499,43.5274,4,4,4,1111,20000,4,60.433,82.400,2,61,0,1,1,0,0,4910
1500,43.5284,3,3,4,1111,20000,4,33.638,51.437,3,61,1,1,1,0,0,4910
1501,43.5475,3,3,4,1111,20000,4,24.185,48.665,1,61,0,1,0,0,0,4913
1502,43.5715,4,4,4,1111,20000,4,28.144,44.917,4,61,1,1,1,1,0,4915
1503,43.5876,2,2,4,1111,20000,4,15.996,29.024,1,61,0,0,1,0,0,4917
1504,43.7050,4,4,4,1111,20000,4,109.811,131.973,3,61,1,1,1,0,0,4933
1505,43.7343,2,2,4,1111,20000,4,118.353,129.124,2,61,1,1,0,0,0,4936
1506,43.7474,2,2,4,1111,20000,4,111.406,124.719,1,61,0,0,1,0,0,4937
1507,43.7849,4,4,4,1111,20000,4,125.756,147.713,3,61,1,1,1,0,0,4942
1508,43.8197,2,2,4,1111,20000,4,139.806,150.478,2,61,1,1,0,0,0,4947
1509,43.8512,3,3,4,1111,20000,4,149.881,164.495,2,61,0,1,1,0,0,4950
1510,43.8787,3,3,4,1111,20000,4,155.431,175.339,2,61,1,0,1,0,0,4953
1511,43.9072,2,2,4,1111,20000,4,163.305,173.960,2,61,1,1,0,0,0,4957
1512,43.9524,3,3,4,1111,20000,4,186.796,201.664,2,61,0,1,1,0,0,4963
1513,44.0076,3,3,4,1111,20000,4,220.156,240.158,2,61,1,0,1,0,0,4970
1514,44.0278,3,3,4,1111,20000,4,212.808,230.508,3,61,1,1,1,0,0,4972
1515,44.1321,3,3,4,1111,20000,4,291.616,312.800,2,61,1,1,0,0,0,4983
1516,44.2252,4,4,4,1111,20000,4,352.011,378.245,3,61,1,1,1,0,0,4994
1517,44.2976,4,4,4,1111,20000,4,388.635,418.679,3,61,1,1,1,0,0,5000
1518,44.3248,4,4,4,1111,20000,4,386.223,413.853,3,61,1,1,1,0,0,5000
1519,44.3801,4,4,4,1111,20000,4,407.249,437.164,3,61,1,1,1,0,0,5000
1520,44.4146,4,4,4,1111,20000,4,406.404,439.561,3,61,1,1,1,0,0,5000
1521,44.4355,4,4,4,1111,20000,4,328.499,428.382,3,61,1,1,1,0,0,5000
1522,44.4542,4,4,4,1111,20000,4,334.469,410.535,2,61,0,1,1,0,0,5000
1523,44.4677,3,3,4,1111,20000,4,327.881,392.116,2,61,0,1,1,0,0,5000
1524,44.4874,4,4,4,1111,20000,4,316.163,379.647,3,61,1,1,1,0,0,5000
1525,44.5032,4,4,4,1111,20000,4,275.908,368.073,3,61,1,1,1,0,0,5000
1526,44.7208,3,3,4,1111,20000,4,216.505,553.504,2,61,0,1,1,0,0,5028
1527,44.7747,3,3,4,1111,20000,4,269.418,575.482,2,61,0,1,1,0,0,5032
1528,44.8139,3,3,4,1111,20000,4,307.870,582.645,2,61,0,1,1,0,0,5037
1529,44.8637,3,3,4,1111,20000,4,356.876,600.406,2,61,0,1,1,0,0,5041
1530,44.8962,3,3,4,1111,20000,4,386.795,392.029,2,61,0,1,1,0,0,5044
1531,44.9137,3,3,4,1111,20000,4,369.507,409.553,2,61,0,1,1,0,0,5046
1532,44.9699,3,3,4,1111,20000,4,394.154,465.619,2,61,0,1,1,0,0,5051
1533,45.0077,3,3,4,1111,20000,4,399.826,502.433,2,61,0,1,1,0,0,5055
1534,45.0689,3,3,4,1111,20000,4,372.591,549.361,2,61,0,1,1,0,0,5060
1535,45.1181,3,3,4,1111,20000,4,420.733,566.609,2,61,0,1,1,0,0,5065
1536,45.1701,3,3,4,1111,20000,4,461.448,586.479,2,61,0,1,1,0,0,5070
1537,45.1914,3,3,4,1111,20000,4,447.178,575.897,2,61,0,1,1,0,0,5071
1538,45.2033,3,3,4,1111,20000,4,428.606,550.883,2,61,0,1,1,0,0,5073
1539,45.2072,3,3,4,1111,20000,4,407.760,522.807,2,61,0,1,1,0,0,5074
1540,45.2158,3,3,4,1111,20000,4,376.114,499.383,2,61,0,1,1,0,0,5074
1541,45.2226,3,3,4,1111,20000,4,355.743,474.131,1,61,0,1,0,0,0,5074
1542,45.2273,3,3,4,1111,20000,4,324.007,446.749,1,61,0,1,0,0,0,5075
1543,45.2569,3,3,4,1111,20000,4,319.806,444.299,2,61,0,1,1,0,0,5078
1544,45.2879,3,3,4,1111,20000,4,317.463,443.267,2,61,0,1,1,0,0,5080
1545,45.3258,3,3,4,1111,20000,4,323.024,449.133,1,61,0,1,0,0,0,5085
1546,45.3421,3,3,4,1111,20000,4,311.132,433.374,2,61,0,1,1,0,0,5086
1547,45.3566,3,3,4,1111,20000,4,287.139,415.823,2,61,0,1,1,0,0,5087
1548,45.3871,3,3,4,1111,20000,4,282.674,414.304,2,61,0,1,1,0,0,5090
1549,45.4202,3,3,4,1111,20000,4,269.434,415.359,2,61,0,1,1,0,0,5093
1550,45.4327,3,3,4,1111,20000,4,242.480,395.861,1,61,0,1,0,0,0,5095
1551,45.4397,3,3,4,1111,20000,4,240.381,370.746,2,61,0,1,1,0,0,5095
1552,45.4435,3,3,4,1111,20000,4,225.736,342.543,2,61,0,1,1,0,0,5095
1553,45.4591,3,3,4,1111,20000,4,201.227,326.121,2,61,0,1,1,0,0,5097
1554,45.4994,3,3,4,1111,20000,4,219.505,334.405,2,61,0,1,1,0,0,5101
1555,45.5035,3,3,4,1111,20000,4,184.154,306.460,2,61,0,1,1,0,0,5101
1556,45.5063,3,3,4,1111,20000,4,163.696,277.119,2,61,0,1,1,0,0,5101
1557,45.5235,3,3,4,1111,20000,4,151.555,262.327,2,61,0,1,1,0,0,5103
1558,45.5281,3,3,4,1111,20000,4,108.420,234.919,2,61,0,1,1,0,0,5104
1559,45.6252,3,3,4,1111,20000,4,191.889,299.893,2,61,0,1,1,0,0,5112
1560,45.6281,3,3,4,1111,20000,4,174.433,270.809,1,61,0,1,0,0,0,5112
1561,45.6467,3,3,4,1111,20000,4,146.719,257.424,2,61,0,1,1,0,0,5113
1562,45.6492,3,3,4,1111,20000,4,147.973,227.828,2,61,0,1,1,0,0,5113
1563,45.6518,2,2,4,1111,20000,4,127.557,198.378,0,61,0,0,0,0,0,5113
1564,45.6535,3,3,4,1111,20000,4,108.995,167.974,0,61,0,0,0,0,0,5113
1565,45.6718,2,2,4,1111,20000,4,98.704,154.251,1,62,0,0,0,1,0,5114
1566,45.7022,3,3,4,1111,20000,4,87.621,152.662,1,62,0,0,0,1,0,5114
1567,45.7034,3,3,4,1111,20000,4,71.525,121.778,1,62,0,0,0,1,0,5114
1568,45.7223,2,2,4,1111,20000,4,17.858,81.773,0,62,0,0,0,0,0,5114
