batch_idx,t_mono,n_in_batch,n_real,n_active,active_mask,timeout_us,mux_batch,compute_ms,e2e_ms,total_dets,new_ids_cum,dets_cam0,dets_cam1,dets_cam2,dets_cam3,drops_cum,arrivals_cum
0,1.6478,1,1,4,1111,1000,4,1169.439,1171.077,0,0,0,0,0,0,0,55
1,1.6484,1,1,4,1111,1000,4,1165.599,1170.114,0,0,0,0,0,0,0,55
2,1.6485,1,1,4,1111,1000,4,1163.502,1167.374,0,0,0,0,0,0,0,55
3,1.6486,1,1,4,1111,1000,4,1161.453,1165.249,0,0,0,0,0,0,0,55
4,1.6487,1,1,4,1111,1000,4,1150.715,1150.810,0,0,0,0,0,0,0,55
5,1.6488,1,1,4,1111,1000,4,1061.715,1118.900,1,1,1,0,0,0,0,55
6,1.6489,1,1,4,1111,1000,4,1033.868,1086.948,0,1,0,0,0,0,0,55
7,1.6490,1,1,4,1111,1000,4,955.464,1055.046,0,1,0,0,0,0,0,55
8,1.6490,1,1,4,1111,1000,4,953.365,1023.057,0,1,0,0,0,0,0,55
9,1.6491,1,1,4,1111,1000,4,946.385,991.105,0,1,0,0,0,0,0,55
10,1.6491,1,1,4,1111,1000,4,924.296,955.675,0,1,0,0,0,0,0,55
11,1.6492,1,1,4,1111,1000,4,867.176,927.191,0,1,0,0,0,0,0,55
12,1.6493,1,1,4,1111,1000,4,865.137,895.267,0,1,0,0,0,0,0,55
13,1.6493,1,1,4,1111,1000,4,827.150,863.297,0,1,0,0,0,0,0,55
14,1.6494,1,1,4,1111,1000,4,825.112,831.350,0,1,0,0,0,0,0,55
15,1.6495,1,1,4,1111,1000,4,799.308,799.385,0,1,0,0,0,0,0,55
16,1.6495,2,2,4,1111,1000,4,747.042,776.617,0,1,0,0,0,0,0,55
17,1.6496,1,1,4,1111,1000,4,743.500,744.671,0,1,0,0,0,0,0,55
18,1.6497,2,2,4,1111,1000,4,707.602,735.588,0,1,0,0,0,0,0,55
19,1.6498,1,1,4,1111,1000,4,703.552,703.625,0,1,0,0,0,0,0,55
20,1.6498,1,1,4,1111,1000,4,680.684,680.797,0,1,0,0,0,0,0,55
21,1.6499,2,2,4,1111,1000,4,629.113,671.765,0,1,0,0,0,0,0,55
22,1.6500,1,1,4,1111,1000,4,627.019,639.791,0,1,0,0,0,0,0,55
23,1.6501,1,1,4,1111,1000,4,615.398,616.892,0,1,0,0,0,0,0,55
24,1.6501,2,2,4,1111,1000,4,580.418,607.910,0,1,0,0,0,0,0,55
25,1.6502,2,2,4,1111,1000,4,522.785,575.973,1,2,0,0,0,1,0,55
26,1.6503,2,2,4,1111,1000,4,519.517,544.042,1,2,0,0,0,1,0,55
27,1.6504,1,1,4,1111,1000,4,488.974,489.072,1,2,0,0,0,1,0,55
28,1.6505,1,1,4,1111,1000,4,421.332,457.111,1,2,0,0,0,1,0,55
29,1.6506,1,1,4,1111,1000,4,419.241,425.141,1,2,0,0,0,1,0,55
30,1.6506,1,1,4,1111,1000,4,393.111,393.173,1,2,0,0,0,1,0,55
31,1.6507,1,1,4,1111,1000,4,361.130,361.196,1,2,0,0,0,1,0,55
32,1.6508,1,1,4,1111,1000,4,314.381,329.218,1,2,0,0,0,1,0,55
33,1.6508,1,1,4,1111,1000,4,297.134,297.243,1,2,0,0,0,1,0,55
34,1.6509,1,1,4,1111,1000,4,265.194,265.261,1,2,0,0,0,1,0,55
35,1.6516,2,2,4,1111,1000,4,194.610,233.890,1,2,0,0,0,1,0,55
36,1.6517,1,1,4,1111,1000,4,192.541,201.949,1,2,0,0,0,1,0,55
37,1.6517,1,1,4,1111,1000,4,179.047,179.152,0,2,0,0,0,0,0,55
38,1.6832,1,1,4,1111,1000,4,201.422,201.495,1,2,0,0,0,1,0,61
39,1.6866,1,1,4,1111,1000,4,181.900,181.990,0,2,0,0,0,0,0,61
40,1.6990,2,2,4,1111,1000,4,136.152,185.185,1,2,0,0,0,1,0,66
41,1.7005,1,1,4,1111,1000,4,135.500,154.670,1,2,0,0,0,1,0,66
42,1.7889,1,1,4,1111,1000,4,217.206,220.224,0,2,0,0,0,0,0,71
43,1.7977,1,1,4,1111,1000,4,197.752,219.841,1,2,0,0,0,1,0,73
44,1.8067,3,3,4,1111,1000,4,123.132,205.978,1,2,0,0,0,1,0,74
45,1.8113,3,3,4,1111,1000,4,124.136,178.531,1,2,0,0,0,1,0,75
46,1.9035,3,3,4,1111,1000,4,209.232,244.257,1,2,0,0,0,1,0,83
47,1.9129,3,3,4,1111,1000,4,191.115,225.711,1,2,0,0,0,1,0,84
48,1.9181,3,3,4,1111,1000,4,128.434,230.810,1,2,0,0,0,1,0,84
49,1.9340,3,3,4,1111,1000,4,135.745,246.758,1,2,0,0,0,1,0,86
50,1.9381,2,2,4,1111,1000,4,137.729,250.851,0,2,0,0,0,0,0,86
51,2.0249,3,3,4,1111,1000,4,188.448,246.175,1,2,0,0,0,1,0,95
52,2.0406,3,3,4,1111,1000,4,145.834,229.861,1,2,0,0,0,1,0,98
53,2.0565,3,3,4,1111,1000,4,159.638,213.759,1,2,0,0,0,1,0,99
54,2.0602,2,2,4,1111,1000,4,156.201,185.461,1,2,0,0,0,1,0,99
55,2.0702,2,2,4,1111,1000,4,142.548,163.449,0,2,0,0,0,0,0,100
56,2.0785,2,2,4,1111,1000,4,127.842,148.171,1,2,0,0,0,1,0,101
57,2.1607,3,3,4,1111,1000,4,153.304,207.606,1,2,0,0,0,1,0,110
58,2.1635,4,4,4,1111,1000,4,153.817,178.478,2,3,1,0,0,1,0,111
59,2.1641,1,1,4,1111,1000,4,138.811,146.972,0,3,0,0,0,0,0,111
60,2.1678,3,3,4,1111,1000,4,119.415,141.319,2,3,1,0,0,1,0,111
61,2.2628,3,3,4,1111,1000,4,188.389,213.631,0,3,0,0,0,0,0,123
62,2.2743,4,4,4,1111,1000,4,113.993,193.071,1,3,0,0,0,1,0,125
63,2.2890,4,4,4,1111,1000,4,127.496,175.718,1,3,0,0,0,1,0,126
64,2.2932,1,1,4,1111,1000,4,130.734,147.984,0,3,0,0,0,0,0,127
65,2.2946,1,1,4,1111,1000,4,130.836,131.659,0,3,0,0,0,0,0,127
66,2.3758,3,3,4,1111,1000,4,188.990,207.776,1,3,0,0,0,1,0,133
67,2.3879,4,4,4,1111,1000,4,133.575,192.884,1,3,0,0,0,1,0,135
68,2.4070,4,4,4,1111,1000,4,150.349,179.986,1,3,0,0,0,1,0,137
69,2.4087,1,1,4,1111,1000,4,145.230,149.713,0,3,0,0,0,0,0,137
70,2.4156,3,3,4,1111,1000,4,129.334,151.510,1,3,0,0,0,1,0,138
71,2.4909,2,2,4,1111,1000,4,180.578,199.886,0,3,0,0,0,0,0,148
72,2.5030,2,2,4,1111,1000,4,136.269,188.117,1,3,0,0,0,1,0,149
73,2.5081,3,3,4,1111,1000,4,138.415,161.236,1,3,0,0,0,1,0,150
74,2.5099,1,1,4,1111,1000,4,130.899,130.967,1,3,0,0,0,1,0,150
75,2.5804,2,2,4,1111,1000,4,182.000,193.311,1,4,0,0,1,0,0,159
76,2.5964,4,4,4,1111,1000,4,167.484,194.869,2,4,0,0,1,1,0,161
77,2.6101,4,4,4,1111,1000,4,120.987,176.490,3,4,1,0,1,1,0,162
78,2.6506,4,4,4,1111,1000,4,159.006,185.055,3,4,1,0,1,1,0,168
79,2.6519,1,1,4,1111,1000,4,151.865,154.295,0,4,0,0,0,0,0,168
80,2.6725,4,4,4,1111,1000,4,94.629,165.374,3,4,1,0,1,1,0,170
81,2.6781,4,4,4,1111,1000,4,96.975,138.939,3,4,1,0,1,1,0,171
82,2.7547,3,3,4,1111,1000,4,166.712,183.463,2,4,1,0,0,1,0,181
83,2.7618,1,1,4,1111,1000,4,166.805,168.098,0,4,0,0,0,0,0,181
84,2.7632,1,1,4,1111,1000,4,152.459,159.960,1,4,0,0,0,1,0,181
85,2.7703,4,4,4,1111,1000,4,125.637,159.087,2,4,1,0,0,1,0,182
86,2.8409,3,3,4,1111,1000,4,174.822,197.609,2,4,1,0,1,0,0,192
87,2.8454,3,3,4,1111,1000,4,156.459,178.105,2,4,1,0,0,1,0,192
88,2.8635,4,4,4,1111,1000,4,117.676,173.647,3,4,1,0,1,1,0,194
89,2.8725,4,4,4,1111,1000,4,123.146,150.661,2,4,1,0,0,1,0,195
90,2.9116,1,1,4,1111,1000,4,156.402,157.752,0,4,0,0,0,0,0,200
91,2.9225,3,3,4,1111,1000,4,144.803,159.040,3,4,1,0,1,1,0,201
92,2.9331,4,4,4,1111,1000,4,93.710,147.166,2,4,1,0,0,1,0,203
93,3.0124,3,3,4,1111,1000,4,171.786,184.840,2,4,1,0,0,1,0,213
94,3.0452,2,2,4,1111,1000,4,189.299,204.563,0,4,0,0,0,0,0,217
95,3.0536,3,3,4,1111,1000,4,175.223,194.005,2,4,1,0,0,1,0,218
96,3.0623,4,4,4,1111,1000,4,150.035,180.306,3,4,1,0,1,1,0,219
97,3.0990,2,2,4,1111,1000,4,172.421,184.962,1,4,0,0,0,1,0,224
98,3.1040,3,3,4,1111,1000,4,157.548,172.557,1,4,1,0,0,0,0,224
99,3.1211,4,4,4,1111,1000,4,117.044,165.392,3,4,1,0,1,1,0,226
100,3.1253,3,3,4,1111,1000,4,118.916,137.538,2,4,1,0,0,1,0,226
101,3.1936,1,1,4,1111,1000,4,180.041,183.455,0,4,0,0,0,0,0,234
102,3.2119,4,4,4,1111,1000,4,166.518,192.069,2,4,1,0,0,1,0,235
103,3.2332,4,4,4,1111,1000,4,134.568,181.426,2,4,1,0,0,1,0,238
104,3.2573,3,3,4,1111,1000,4,157.467,173.395,3,4,1,0,1,1,0,242
105,3.2645,1,1,4,1111,1000,4,150.078,158.275,0,4,0,0,0,0,0,242
106,3.2668,2,2,4,1111,1000,4,130.070,150.916,1,4,0,0,0,1,0,243
107,3.3471,4,4,4,1111,1000,4,152.960,208.789,2,4,1,0,0,1,0,251
108,3.3483,3,3,4,1111,1000,4,145.178,178.043,2,4,0,0,1,1,0,253
109,3.3489,1,1,4,1111,1000,4,138.766,146.552,1,5,0,1,0,0,0,253
110,3.3499,3,3,4,1111,1000,4,116.486,137.825,3,5,1,0,1,1,0,253
111,3.4583,4,4,4,1111,1000,4,200.361,223.874,3,5,1,1,0,1,0,266
112,3.4653,4,4,4,1111,1000,4,118.824,198.893,3,5,1,1,0,1,0,267
113,3.4833,4,4,4,1111,1000,4,135.870,184.884,3,5,1,1,0,1,0,269
114,3.4953,3,3,4,1111,1000,4,146.162,164.814,3,5,1,1,0,1,0,270
115,3.4985,1,1,4,1111,1000,4,145.402,145.463,0,5,0,0,0,0,0,270
116,3.5041,2,2,4,1111,1000,4,129.576,141.546,2,5,0,1,0,1,0,270
117,3.5951,4,4,4,1111,1000,4,153.660,215.324,3,5,1,1,0,1,0,281
118,3.6083,4,4,4,1111,1000,4,157.554,196.531,3,5,1,1,0,1,0,283
119,3.6154,2,2,4,1111,1000,4,157.450,171.633,1,5,1,0,0,0,0,284
120,3.6167,1,1,4,1111,1000,4,143.172,158.098,1,5,0,1,0,0,0,284
121,3.6217,3,3,4,1111,1000,4,122.896,145.875,2,5,1,1,0,0,0,285
122,3.7015,2,2,4,1111,1000,4,182.218,193.692,1,5,1,0,0,0,0,295
123,3.7181,4,4,4,1111,1000,4,131.786,195.394,4,6,1,1,1,1,0,296
124,3.7318,4,4,4,1111,1000,4,144.607,177.097,4,6,1,1,1,1,0,297
125,3.7394,1,1,4,1111,1000,4,145.966,152.683,1,6,0,1,0,0,0,298
126,3.7441,3,3,4,1111,1000,4,132.402,147.520,3,6,1,0,1,1,0,298
127,3.8337,4,4,4,1111,1000,4,190.176,214.904,2,6,0,1,0,1,0,308
128,3.8883,4,4,4,1111,1000,4,188.249,237.526,3,6,0,1,1,1,0,314
129,3.9050,3,3,4,1111,1000,4,202.741,222.206,2,6,0,1,0,1,0,316
130,3.9060,1,1,4,1111,1000,4,196.692,200.617,1,6,0,0,1,0,0,316
131,3.9083,1,1,4,1111,1000,4,176.335,183.550,1,6,0,0,0,1,0,317
132,3.9100,1,1,4,1111,1000,4,155.362,178.059,0,6,0,0,0,0,0,317
133,3.9281,4,4,4,1111,1000,4,116.149,171.352,2,6,0,1,0,1,0,319
134,3.9324,3,3,4,1111,1000,4,117.263,143.554,2,6,0,1,0,1,0,320
135,4.0012,1,1,4,1111,1000,4,179.882,180.393,1,6,0,0,0,1,0,328
136,4.0522,4,4,4,1111,1000,4,166.735,224.142,2,6,0,1,0,1,0,335
137,4.0601,4,4,4,1111,1000,4,172.439,200.018,3,6,1,1,0,1,0,336
138,4.0732,2,2,4,1111,1000,4,174.056,181.171,1,6,1,0,0,0,0,337
139,4.0753,2,2,4,1111,1000,4,153.480,168.284,2,6,0,1,0,1,0,337
140,4.0811,3,3,4,1111,1000,4,136.213,156.983,2,6,1,1,0,0,0,338
141,4.1468,4,4,4,1111,1000,4,145.030,197.802,3,6,1,1,0,1,0,346
142,4.1882,4,4,4,1111,1000,4,181.977,207.122,2,6,0,1,0,1,0,352
143,4.2012,4,4,4,1111,1000,4,150.379,188.024,3,6,1,1,0,1,0,353
144,4.2077,2,2,4,1111,1000,4,154.757,162.505,2,6,1,0,0,1,0,354
145,4.2108,1,1,4,1111,1000,4,144.345,153.077,0,6,0,0,0,0,0,354
146,4.2249,4,4,4,1111,1000,4,82.316,157.657,3,6,1,1,0,1,0,356
147,4.2483,4,4,4,1111,1000,4,103.083,149.003,3,6,1,1,0,1,0,359
148,4.3171,2,2,4,1111,1000,4,170.503,185.803,2,6,0,1,0,1,0,368
149,4.3334,4,4,4,1111,1000,4,146.454,185.148,1,6,0,0,0,1,0,369
150,4.3371,2,2,4,1111,1000,4,148.387,156.802,1,6,1,0,0,0,0,370
151,4.3404,1,1,4,1111,1000,4,136.874,145.074,0,6,0,0,0,0,0,371
152,4.4002,3,3,4,1111,1000,4,175.150,194.869,3,6,1,0,1,1,0,378
153,4.4057,4,4,4,1111,1000,4,90.742,178.267,2,6,0,0,1,1,0,379
154,4.4594,4,4,4,1111,1000,4,141.690,199.918,2,6,1,0,0,1,0,385
155,4.5021,4,4,4,1111,1000,4,177.226,210.673,2,7,0,1,0,1,0,391
156,4.5042,1,1,4,1111,1000,4,171.937,180.697,1,7,0,1,0,0,0,391
157,4.5149,3,3,4,1111,1000,4,167.395,181.403,2,7,1,0,0,1,0,392
158,4.5268,4,4,4,1111,1000,4,128.759,171.259,3,7,1,1,0,1,0,394
159,4.5305,2,2,4,1111,1000,4,130.328,142.965,2,7,0,1,0,1,0,394
160,4.5958,4,4,4,1111,1000,4,138.556,191.366,3,7,1,1,0,1,0,400
161,4.6131,3,3,4,1111,1000,4,154.158,176.625,2,7,1,1,0,0,0,403
162,4.6205,4,4,4,1111,1000,4,119.122,158.759,3,7,1,1,0,1,0,403
163,4.6502,2,2,4,1111,1000,4,147.567,156.452,2,7,1,0,0,1,0,407
164,4.6623,2,2,4,1111,1000,4,146.314,156.257,1,7,0,1,0,0,0,409
165,4.6690,3,3,4,1111,1000,4,77.181,143.210,1,7,0,0,0,1,0,410
166,4.7501,3,3,4,1111,1000,4,157.218,192.268,1,7,0,0,0,1,0,420
167,4.7573,1,1,4,1111,1000,4,162.205,167.383,1,7,0,0,0,1,0,421
168,4.7594,2,2,4,1111,1000,4,153.485,162.865,1,7,1,0,0,0,0,421
169,4.7729,4,4,4,1111,1000,4,135.634,161.093,2,7,1,0,0,1,0,423
170,4.7839,3,3,4,1111,1000,4,120.801,140.094,1,7,0,0,0,1,0,424
171,4.8663,2,2,4,1111,1000,4,181.886,200.090,0,7,0,0,0,0,0,434
172,4.8805,4,4,4,1111,1000,4,139.632,194.475,2,7,1,0,0,1,0,435
173,4.8864,4,4,4,1111,1000,4,136.729,168.369,2,7,1,0,0,1,0,436
174,4.8952,1,1,4,1111,1000,4,144.448,145.135,1,7,0,0,0,1,0,437
175,4.9055,3,3,4,1111,1000,4,131.956,148.869,1,7,1,0,0,0,0,438
176,4.9853,3,3,4,1111,1000,4,187.679,203.124,2,7,1,0,0,1,0,447
177,4.9965,4,4,4,1111,1000,4,132.854,192.490,2,7,1,0,0,1,0,449
178,5.0160,4,4,4,1111,1000,4,149.077,179.948,3,7,1,1,0,1,0,451
179,5.0172,1,1,4,1111,1000,4,142.205,149.106,0,7,0,0,0,0,0,451
180,5.0206,2,2,4,1111,1000,4,124.431,135.843,1,7,1,0,0,0,0,452
181,5.1005,2,2,4,1111,1000,4,180.721,200.386,2,7,1,1,0,0,0,461
182,5.1171,4,4,4,1111,1000,4,140.744,194.674,3,7,1,1,0,1,0,464
183,5.1212,3,3,4,1111,1000,4,141.447,166.747,1,7,0,0,0,1,0,464
184,5.1234,1,1,4,1111,1000,4,137.817,142.651,1,7,1,0,0,0,0,464
185,5.1853,3,3,4,1111,1000,4,176.779,198.749,2,7,0,1,0,1,0,468
186,5.1898,3,3,4,1111,1000,4,152.116,177.025,2,7,1,1,0,0,0,469
187,5.2078,4,4,4,1111,1000,4,108.752,169.291,2,7,0,1,0,1,0,471
188,5.2131,4,4,4,1111,1000,4,111.977,142.606,2,7,0,1,0,1,0,472
189,5.2919,2,2,4,1111,1000,4,182.784,189.353,1,7,0,0,0,1,0,481
190,5.3069,3,3,4,1111,1000,4,123.152,192.213,1,7,0,0,0,1,0,484
191,5.3103,2,2,4,1111,1000,4,124.346,143.600,1,7,0,0,0,1,0,484
192,5.3117,1,1,4,1111,1000,4,123.238,123.319,1,7,0,1,0,0,0,484
193,5.3797,1,1,4,1111,1000,4,178.518,180.999,1,7,0,0,0,1,0,492
194,5.4206,3,3,4,1111,1000,4,197.254,215.620,2,7,1,1,0,0,0,497
195,5.4561,4,4,4,1111,1000,4,165.744,225.409,3,7,1,1,0,1,0,502
196,5.4744,4,4,4,1111,1000,4,181.862,211.575,2,7,0,1,0,1,0,504
197,5.4768,1,1,4,1111,1000,4,177.313,181.952,1,7,0,0,0,1,0,505
198,5.4887,3,3,4,1111,1000,4,166.641,187.655,2,7,1,1,0,0,0,506
199,5.4984,4,4,4,1111,1000,4,118.211,171.574,3,7,1,1,0,1,0,507
200,5.5119,4,4,4,1111,1000,4,127.730,152.999,3,7,1,1,0,1,0,509
201,5.5244,4,4,4,1111,1000,4,104.071,133.425,3,7,1,1,0,1,0,510
202,5.5922,1,1,4,1111,1000,4,169.173,169.256,1,7,0,0,0,1,0,519
203,5.6041,2,2,4,1111,1000,4,162.072,174.987,1,7,1,0,0,0,0,520
204,5.6107,3,3,4,1111,1000,4,143.794,165.995,3,7,1,1,0,1,0,521
205,5.6175,3,3,4,1111,1000,4,127.524,150.550,3,8,0,2,0,1,0,522
206,5.6867,3,3,4,1111,1000,4,174.231,193.566,1,8,0,1,0,0,0,531
207,5.6911,3,3,4,1111,1000,4,154.442,171.979,1,8,0,0,0,1,0,531
208,5.7099,4,4,4,1111,1000,4,116.979,169.128,3,8,0,2,0,1,0,533
209,5.7172,4,4,4,1111,1000,4,115.137,144.409,3,8,0,2,0,1,0,534
210,5.7800,1,1,4,1111,1000,4,175.105,175.186,1,8,0,1,0,0,0,542
211,5.7826,2,2,4,1111,1000,4,157.377,167.399,1,8,0,0,0,1,0,543
212,5.8012,4,4,4,1111,1000,4,119.388,174.074,2,8,0,1,0,1,0,545
213,5.8079,3,3,4,1111,1000,4,122.665,148.744,3,8,0,2,0,1,0,546
214,5.8816,3,3,4,1111,1000,4,178.551,196.327,1,8,0,1,0,0,0,555
215,5.8946,3,3,4,1111,1000,4,168.065,183.196,1,8,0,0,0,1,0,557
216,5.9042,4,4,4,1111,1000,4,123.664,171.267,2,8,0,1,0,1,0,558
217,5.9160,3,3,4,1111,1000,4,133.420,150.984,4,8,1,2,0,1,0,560
218,5.9230,1,1,4,1111,1000,4,129.659,135.762,0,8,0,0,0,0,0,560
219,6.0052,3,3,4,1111,1000,4,189.360,208.204,4,8,1,2,0,1,0,568
220,6.0174,4,4,4,1111,1000,4,138.583,198.084,4,8,1,2,0,1,0,570
221,6.0406,4,4,4,1111,1000,4,160.786,189.257,4,8,1,2,0,1,0,573
222,6.0600,2,2,4,1111,1000,4,164.692,176.707,2,8,0,2,0,0,0,575
223,6.0696,3,3,4,1111,1000,4,153.411,165.931,2,8,1,0,0,1,0,577
224,6.0733,2,2,4,1111,1000,4,133.302,148.125,3,8,0,2,0,1,0,577
225,6.1566,3,3,4,1111,1000,4,160.450,209.169,3,8,0,2,0,1,0,587
226,6.1591,2,2,4,1111,1000,4,159.761,179.688,2,8,0,2,0,0,0,587
227,6.1612,1,1,4,1111,1000,4,155.818,161.473,1,8,0,0,0,1,0,588
228,6.1726,3,3,4,1111,1000,4,144.238,167.116,3,8,1,2,0,0,0,590
229,6.1826,4,4,4,1111,1000,4,121.477,150.835,3,8,0,2,0,1,0,591
230,6.2628,3,3,4,1111,1000,4,178.374,198.986,2,9,0,0,1,1,0,601
231,6.3010,4,4,4,1111,1000,4,150.791,215.738,3,9,0,1,1,1,0,605
232,6.3064,4,4,4,1111,1000,4,153.443,189.081,3,9,0,1,1,1,0,605
233,6.3158,1,1,4,1111,1000,4,158.616,166.422,1,9,0,1,0,0,0,606
234,6.3247,3,3,4,1111,1000,4,151.031,164.735,3,10,0,0,2,1,0,606
235,6.3293,3,3,4,1111,1000,4,131.230,147.912,2,10,0,1,0,1,0,607
236,6.4153,4,4,4,1111,1000,4,161.089,211.678,4,10,0,1,2,1,0,617
237,6.4199,3,3,4,1111,1000,4,163.708,184.224,4,10,0,1,2,1,0,618
238,6.4286,1,1,4,1111,1000,4,164.960,166.958,0,10,0,0,0,0,0,620
239,6.4398,2,2,4,1111,1000,4,146.171,172.154,3,10,0,1,2,0,0,621
240,6.4642,3,3,4,1111,1000,4,144.785,170.513,3,10,0,1,2,0,0,624
241,6.4696,2,2,4,1111,1000,4,129.526,143.969,2,10,0,0,2,0,0,624
242,6.5587,4,4,4,1111,1000,4,152.257,217.109,4,10,0,1,2,1,0,634
243,6.5646,4,4,4,1111,1000,4,157.290,191.032,3,10,0,1,1,1,0,634
244,6.5739,1,1,4,1111,1000,4,160.046,168.232,1,10,0,1,0,0,0,634
245,6.5821,3,3,4,1111,1000,4,152.460,165.798,2,10,0,0,1,1,0,636
246,6.5898,4,4,4,1111,1000,4,126.911,152.074,2,10,0,1,0,1,0,636
247,6.6641,3,3,4,1111,1000,4,177.396,194.425,2,10,0,1,0,1,0,645
248,6.6825,4,4,4,1111,1000,4,140.102,190.600,1,10,0,0,0,1,0,647
249,6.6839,1,1,4,1111,1000,4,139.341,159.934,0,10,0,0,0,0,0,647
250,6.6881,2,2,4,1111,1000,4,136.726,143.603,1,10,0,0,0,1,0,648
251,6.7548,1,1,4,1111,1000,4,178.185,178.260,1,10,0,0,0,1,0,656
252,6.7723,4,4,4,1111,1000,4,111.373,190.504,0,10,0,0,0,0,0,658
253,6.7781,4,4,4,1111,1000,4,115.098,164.262,1,11,0,1,0,0,0,659
254,6.7928,2,2,4,1111,1000,4,128.134,146.895,1,11,0,1,0,0,0,661
255,6.7949,1,1,4,1111,1000,4,120.194,122.224,0,11,0,0,0,0,0,661
256,6.8851,3,3,4,1111,1000,4,187.055,207.235,2,11,0,1,1,0,0,672
257,6.8970,4,4,4,1111,1000,4,141.673,192.295,1,11,0,1,0,0,0,674
258,6.9136,4,4,4,1111,1000,4,149.511,176.861,1,11,0,1,0,0,0,676
259,6.9161,1,1,4,1111,1000,4,147.189,147.267,0,11,0,0,0,0,0,676
260,6.9197,2,2,4,1111,1000,4,130.105,145.770,1,11,0,0,1,0,0,677
261,6.9974,3,3,4,1111,1000,4,186.514,207.382,1,11,0,1,0,0,0,686
262,7.0101,4,4,4,1111,1000,4,133.601,197.897,2,11,0,1,1,0,0,688
263,7.0292,4,4,4,1111,1000,4,150.439,185.044,2,11,0,1,1,0,0,690
264,7.0311,1,1,4,1111,1000,4,145.365,154.843,0,11,0,0,0,0,0,691
265,7.0629,4,4,4,1111,1000,4,152.406,176.741,1,11,0,1,0,0,0,695
266,7.0659,2,2,4,1111,1000,4,132.757,147.737,1,11,0,1,0,0,0,695
267,7.1436,4,4,4,1111,1000,4,154.888,209.522,2,11,0,1,0,1,0,705
268,7.1445,3,3,4,1111,1000,4,152.129,178.392,3,11,0,1,2,0,0,705
269,7.1451,2,2,4,1111,1000,4,146.718,152.060,1,11,0,0,0,1,0,705
270,7.1459,2,2,4,1111,1000,4,124.731,141.515,2,11,0,1,1,0,0,705
271,7.2727,4,4,4,1111,1000,4,209.537,247.584,3,11,0,1,1,1,0,721
272,7.2802,4,4,4,1111,1000,4,137.450,223.015,4,11,0,1,2,1,0,721
273,7.2971,4,4,4,1111,1000,4,153.331,207.887,3,11,0,1,2,0,0,724
274,7.3038,4,4,4,1111,1000,4,158.765,182.589,2,11,0,1,1,0,0,725
275,7.3053,1,1,4,1111,1000,4,151.938,152.023,0,11,0,0,0,0,0,725
276,7.3171,2,2,4,1111,1000,4,147.114,158.899,2,11,0,0,2,0,0,726
277,7.3255,4,4,4,1111,1000,4,97.562,151.051,4,11,0,1,2,1,0,728
278,7.4118,4,4,4,1111,1000,4,181.545,205.294,2,11,0,1,1,0,0,736
279,7.4131,1,1,4,1111,1000,4,174.535,174.614,1,11,0,1,0,0,0,736
280,7.4273,4,4,4,1111,1000,4,155.094,177.862,4,11,0,1,2,1,0,738
281,7.4419,3,3,4,1111,1000,4,147.458,160.427,2,11,0,0,2,0,0,740
282,7.4648,2,2,4,1111,1000,4,147.122,162.277,1,11,0,1,0,0,0,743
283,7.4686,3,3,4,1111,1000,4,130.297,150.240,3,11,0,1,2,0,0,743
284,7.5558,3,3,4,1111,1000,4,160.073,210.262,4,11,0,1,2,1,0,754
285,7.5580,2,2,4,1111,1000,4,159.952,180.404,1,11,0,0,1,0,0,754
286,7.5605,1,1,4,1111,1000,4,155.791,161.809,1,11,0,1,0,0,0,755
287,7.5716,3,3,4,1111,1000,4,144.066,161.921,0,11,0,0,0,0,0,756
288,7.5831,4,4,4,1111,1000,4,117.675,152.391,2,11,0,1,0,1,0,758
289,7.6710,3,3,4,1111,1000,4,187.557,208.235,1,11,0,1,0,0,0,769
290,7.6805,4,4,4,1111,1000,4,137.787,195.731,1,11,0,1,0,0,0,770
291,7.6860,4,4,4,1111,1000,4,136.545,169.209,2,11,0,1,1,0,0,770
292,7.6948,1,1,4,1111,1000,4,138.081,145.935,2,11,0,0,2,0,0,771
293,7.7032,2,2,4,1111,1000,4,130.727,144.379,1,11,0,1,0,0,0,772
294,7.7847,3,3,4,1111,1000,4,188.657,210.187,1,11,0,1,0,0,0,781
295,7.7967,4,4,4,1111,1000,4,133.908,194.833,2,11,0,1,1,0,0,782
296,7.8448,4,4,4,1111,1000,4,179.604,210.865,2,11,0,1,1,0,0,788
297,7.8672,2,2,4,1111,1000,4,191.921,201.259,0,11,0,0,0,0,0,791
298,7.8697,2,2,4,1111,1000,4,173.885,192.745,2,11,0,1,1,0,0,792
299,7.8745,3,3,4,1111,1000,4,155.339,171.907,2,11,0,1,1,0,0,792
300,7.8927,4,4,4,1111,1000,4,116.738,158.148,2,11,0,1,1,0,0,794
301,7.8960,2,2,4,1111,1000,4,117.643,129.399,1,11,0,0,1,0,0,795
302,7.9639,1,1,4,1111,1000,4,179.008,180.864,1,11,0,1,0,0,0,802
303,7.9813,4,4,4,1111,1000,4,140.362,187.112,2,11,0,1,1,0,0,802
304,7.9859,3,3,4,1111,1000,4,140.675,159.729,1,11,0,0,1,0,0,802
305,8.0017,3,3,4,1111,1000,4,137.080,154.566,1,11,0,1,0,0,0,804
306,8.0053,2,2,4,1111,1000,4,121.500,136.200,2,11,0,1,1,0,0,804
307,8.0954,3,3,4,1111,1000,4,187.976,205.118,1,11,0,0,1,0,0,816
308,8.1064,4,4,4,1111,1000,4,142.005,195.229,3,11,0,1,1,1,0,817
309,8.1106,2,2,4,1111,1000,4,137.515,156.253,1,11,0,0,0,1,0,817
310,8.1182,1,1,4,1111,1000,4,131.695,131.799,1,11,0,0,0,1,0,818
311,8.1255,1,1,4,1111,1000,4,127.193,134.719,0,11,0,0,0,0,0,820
312,8.2010,2,2,4,1111,1000,4,181.980,193.694,2,11,0,1,0,1,0,829
313,8.2156,4,4,4,1111,1000,4,129.023,192.815,2,11,0,1,1,0,0,831
314,8.2220,4,4,4,1111,1000,4,132.875,167.187,3,11,0,1,1,1,0,832
315,8.2336,2,2,4,1111,1000,4,137.676,146.798,1,11,0,0,1,0,0,833
316,8.2390,2,2,4,1111,1000,4,120.286,135.569,1,11,0,1,0,0,0,833
317,8.3301,3,3,4,1111,1000,4,188.098,211.247,2,11,0,1,1,0,0,845
318,8.3417,4,4,4,1111,1000,4,142.806,195.096,2,11,0,1,1,0,0,846
319,8.3604,4,4,4,1111,1000,4,158.802,181.792,3,11,0,1,1,1,0,849
320,8.3617,1,1,4,1111,1000,4,150.933,150.997,0,11,0,0,0,0,0,849
321,8.3654,2,2,4,1111,1000,4,134.424,150.512,1,11,0,0,1,0,0,849
322,8.4655,4,4,4,1111,1000,4,200.957,233.927,2,11,0,1,1,0,0,861
323,8.4844,4,4,4,1111,1000,4,162.803,220.841,3,11,0,1,1,1,0,864
324,8.5048,4,4,4,1111,1000,4,180.227,209.198,3,11,0,1,1,1,0,867
325,8.5057,1,1,4,1111,1000,4,175.026,178.040,1,11,0,1,0,0,0,867
326,8.5103,3,3,4,1111,1000,4,157.096,171.408,2,11,0,0,1,1,0,868
327,8.5258,3,3,4,1111,1000,4,148.491,166.146,1,11,0,1,0,0,0,869
328,8.5328,4,4,4,1111,1000,4,98.722,151.243,2,11,0,1,1,0,0,870
329,8.6101,3,3,4,1111,1000,4,173.671,196.419,1,11,0,1,0,0,0,880
330,8.6183,2,2,4,1111,1000,4,168.794,179.224,0,11,0,0,0,0,0,881
331,8.6228,3,3,4,1111,1000,4,148.068,167.073,2,11,0,1,0,1,0,881
332,8.6329,2,2,4,1111,1000,4,134.761,155.238,0,11,0,0,0,0,0,883
333,8.6707,4,4,4,1111,1000,4,149.289,171.624,1,11,0,0,0,1,0,888
334,8.6763,3,3,4,1111,1000,4,130.959,145.154,1,11,0,0,0,1,0,888
335,8.7615,4,4,4,1111,1000,4,160.280,209.611,1,11,0,1,0,0,0,898
336,8.7660,3,3,4,1111,1000,4,161.691,182.073,1,11,0,1,0,0,0,899
337,8.7674,1,1,4,1111,1000,4,157.019,161.582,0,11,0,0,0,0,0,899
338,8.7847,3,3,4,1111,1000,4,151.599,168.809,1,11,0,1,0,0,0,900
339,8.7901,4,4,4,1111,1000,4,118.955,152.329,2,12,0,1,1,0,0,901
340,8.8683,2,2,4,1111,1000,4,179.849,198.440,2,12,0,1,1,0,0,910
341,8.8845,4,4,4,1111,1000,4,130.189,193.118,2,12,0,1,1,0,0,912
342,8.8978,4,4,4,1111,1000,4,140.639,174.399,2,12,0,1,1,0,0,914
343,8.9011,1,1,4,1111,1000,4,140.482,145.710,1,12,0,0,0,1,0,914
344,8.9065,2,2,4,1111,1000,4,128.951,140.568,2,12,0,1,1,0,0,915
345,8.9806,2,2,4,1111,1000,4,179.118,193.182,1,12,0,0,1,0,0,924
346,8.9972,4,4,4,1111,1000,4,130.894,189.040,2,12,0,1,1,0,0,926
347,9.0105,4,4,4,1111,1000,4,141.695,170.405,2,12,0,1,1,0,0,927
348,9.0180,1,1,4,1111,1000,4,142.050,145.761,1,12,0,1,0,0,0,929
349,9.0225,3,3,4,1111,1000,4,123.678,138.880,1,12,0,0,1,0,0,930
350,9.1098,3,3,4,1111,1000,4,187.102,205.604,2,12,0,1,0,1,0,939
351,9.1213,4,4,4,1111,1000,4,142.370,195.220,3,12,0,1,1,1,0,941
352,9.1329,3,3,4,1111,1000,4,151.559,174.781,3,12,0,1,1,1,0,942
353,9.1401,1,1,4,1111,1000,4,151.896,156.706,0,12,0,0,0,0,0,942
354,9.1434,2,2,4,1111,1000,4,132.608,153.221,2,12,0,1,1,0,0,942
355,9.2299,4,4,4,1111,1000,4,194.381,218.116,2,12,0,1,1,0,0,953
356,9.2356,4,4,4,1111,1000,4,134.242,191.735,3,12,0,1,1,1,0,953
357,9.2676,4,4,4,1111,1000,4,164.122,191.706,3,12,0,1,1,1,0,957
358,9.2764,1,1,4,1111,1000,4,164.816,164.931,0,12,0,0,0,0,0,959
359,9.2847,2,2,4,1111,1000,4,151.591,166.478,2,12,0,1,1,0,0,960
360,9.2886,2,2,4,1111,1000,4,131.541,145.065,1,12,0,0,1,0,0,960
361,9.3672,4,4,4,1111,1000,4,153.636,206.697,3,12,0,1,1,1,0,969
362,9.3686,4,4,4,1111,1000,4,152.466,176.109,3,12,0,1,1,1,0,970
363,9.3694,1,1,4,1111,1000,4,144.728,144.806,1,12,0,1,0,0,0,970
364,9.3769,3,3,4,1111,1000,4,124.641,140.772,2,12,0,0,1,1,0,970
365,9.4754,3,3,4,1111,1000,4,197.592,218.836,2,12,0,1,0,1,0,980
366,9.4814,4,4,4,1111,1000,4,114.928,202.997,3,12,0,1,1,1,0,981
367,9.4992,4,4,4,1111,1000,4,131.803,188.822,2,12,0,1,1,0,0,983
368,9.5044,3,3,4,1111,1000,4,135.879,161.969,2,12,0,0,1,1,0,984
369,9.5084,1,1,4,1111,1000,4,112.018,112.112,1,12,0,0,0,1,0,984
370,9.5673,4,4,4,1111,1000,4,107.930,167.614,3,12,0,1,1,1,0,992
371,9.5717,3,3,4,1111,1000,4,110.986,139.984,2,12,0,1,0,1,0,992
372,9.5819,2,2,4,1111,1000,4,108.966,118.227,1,12,0,0,1,0,0,993
373,9.5895,1,1,4,1111,1000,4,108.648,108.705,0,12,0,0,0,0,0,994
374,9.6724,1,1,4,1111,1000,4,179.926,179.997,1,12,0,0,0,1,0,1004
375,9.6898,3,3,4,1111,1000,4,174.142,194.026,1,12,0,0,1,0,0,1007
376,9.6950,4,4,4,1111,1000,4,136.203,170.578,2,12,0,0,1,1,0,1008
377,9.7364,2,2,4,1111,1000,4,175.281,179.957,1,12,0,0,0,1,0,1012
378,9.7393,2,2,4,1111,1000,4,155.988,172.659,1,12,0,0,1,0,0,1013
379,9.7501,3,3,4,1111,1000,4,144.253,161.531,2,12,0,0,1,1,0,1014
380,9.7617,4,4,4,1111,1000,4,88.506,152.757,2,12,0,0,1,1,0,1016
381,9.8467,4,4,4,1111,1000,4,164.446,205.711,2,12,0,0,1,1,0,1026
382,9.8812,3,3,4,1111,1000,4,191.433,208.147,1,12,0,0,0,1,0,1031
383,9.8953,4,4,4,1111,1000,4,158.206,200.486,2,12,0,0,1,1,0,1032
384,9.9039,2,2,4,1111,1000,4,164.795,177.120,1,12,0,0,1,0,0,1033
385,9.9061,1,1,4,1111,1000,4,155.531,157.305,1,12,0,0,0,1,0,1033
386,9.9192,3,3,4,1111,1000,4,146.298,167.241,1,12,0,0,1,0,0,1036
387,9.9274,4,4,4,1111,1000,4,96.256,146.633,2,12,0,0,1,1,0,1036
388,10.0160,4,4,4,1111,1000,4,176.216,203.138,2,12,0,0,1,1,0,1048
389,10.0173,1,1,4,1111,1000,4,172.366,172.449,1,12,0,0,0,1,0,1048
390,10.0305,4,4,4,1111,1000,4,151.281,182.517,2,12,0,0,1,1,0,1049
391,10.0394,2,2,4,1111,1000,4,143.480,159.359,1,12,0,0,1,0,0,1050
392,10.0637,4,4,4,1111,1000,4,144.089,166.473,2,12,0,0,1,1,0,1053
393,10.0703,2,2,4,1111,1000,4,127.174,141.068,0,12,0,0,0,0,0,1054
394,10.1525,4,4,4,1111,1000,4,153.802,208.480,2,12,0,0,1,1,0,1064
395,10.1540,4,4,4,1111,1000,4,145.831,177.949,2,12,0,0,1,1,0,1065
396,10.1547,2,2,4,1111,1000,4,139.135,146.639,1,12,0,0,1,0,0,1065
397,10.1551,1,1,4,1111,1000,4,124.212,129.704,0,12,0,0,0,0,0,1065
398,10.2599,4,4,4,1111,1000,4,195.967,222.738,1,12,0,0,1,0,0,1075
399,10.2862,4,4,4,1111,1000,4,134.327,217.066,1,12,0,0,1,0,0,1079
400,10.2919,4,4,4,1111,1000,4,138.959,190.640,1,12,0,0,1,0,0,1079
401,10.3101,4,4,4,1111,1000,4,156.151,176.888,1,12,0,0,1,0,0,1082
402,10.3127,1,1,4,1111,1000,4,147.287,147.382,0,12,0,0,0,0,0,1082
403,10.3139,1,1,4,1111,1000,4,133.792,138.683,1,12,0,0,1,0,0,1083
404,10.3995,4,4,4,1111,1000,4,162.536,213.942,1,12,0,0,1,0,0,1094
405,10.4050,3,3,4,1111,1000,4,165.121,187.377,2,13,0,0,1,1,0,1094
406,10.4132,1,1,4,1111,1000,4,163.529,163.603,2,15,0,2,0,0,0,1095
407,10.4225,3,3,4,1111,1000,4,143.352,161.079,1,15,0,0,1,0,0,1096
408,10.4271,3,3,4,1111,1000,4,124.810,145.454,2,15,0,2,0,0,0,1097
409,10.5065,2,2,4,1111,1000,4,182.069,203.145,3,15,0,2,1,0,0,1107
410,10.5226,4,4,4,1111,1000,4,131.911,197.064,3,15,0,2,1,0,0,1108
411,10.5310,4,4,4,1111,1000,4,139.398,173.483,3,15,0,2,1,0,0,1109
412,10.5703,2,2,4,1111,1000,4,171.894,180.652,0,15,0,0,0,0,0,1113
413,10.5756,2,2,4,1111,1000,4,161.370,176.147,3,15,0,2,1,0,0,1113
414,10.5894,3,3,4,1111,1000,4,151.373,167.788,2,16,0,0,1,1,0,1115
415,10.5955,4,4,4,1111,1000,4,91.007,153.681,3,16,0,2,0,1,0,1116
416,10.6881,4,4,4,1111,1000,4,181.074,214.222,3,16,0,2,0,1,0,1128
417,10.6894,1,1,4,1111,1000,4,175.457,183.520,2,16,0,2,0,0,0,1128
418,10.6945,3,3,4,1111,1000,4,126.529,174.038,2,16,0,2,0,0,0,1128
419,10.7126,3,3,4,1111,1000,4,142.082,160.193,2,16,0,2,0,0,0,1131
420,10.7147,1,1,4,1111,1000,4,131.326,132.890,1,16,0,0,0,1,0,1131
421,10.7988,3,3,4,1111,1000,4,194.507,214.347,2,16,0,2,0,0,0,1138
422,10.8051,4,4,4,1111,1000,4,133.283,191.202,3,16,0,1,1,1,0,1138
423,10.8218,4,4,4,1111,1000,4,146.375,175.855,3,16,0,1,1,1,0,1140
424,10.8255,2,2,4,1111,1000,4,144.333,147.564,1,16,0,0,0,1,0,1140
425,10.8290,2,2,4,1111,1000,4,125.259,141.350,2,16,0,1,1,0,0,1141
426,10.9138,3,3,4,1111,1000,4,186.635,203.752,2,17,0,0,1,1,0,1152
427,10.9256,4,4,4,1111,1000,4,140.835,195.506,4,17,0,1,2,1,0,1153
428,10.9296,2,2,4,1111,1000,4,135.080,155.438,1,17,0,0,0,1,0,1153
429,10.9387,1,1,4,1111,1000,4,132.440,132.530,1,17,0,0,0,1,0,1155
430,10.9424,1,1,4,1111,1000,4,124.376,133.774,0,17,0,0,0,0,0,1155
431,11.0210,2,2,4,1111,1000,4,181.885,194.793,2,17,0,1,0,1,0,1165
432,11.0885,4,4,4,1111,1000,4,183.328,247.886,4,17,0,1,2,1,0,1173
433,11.0943,4,4,4,1111,1000,4,186.013,221.650,5,17,0,2,2,1,0,1173
434,11.1054,2,2,4,1111,1000,4,190.181,200.715,2,17,0,0,2,0,0,1176
435,11.1131,3,3,4,1111,1000,4,173.955,190.796,2,17,0,1,0,1,0,1176
436,11.1168,2,2,4,1111,1000,4,155.481,172.848,4,17,0,2,2,0,0,1177
437,11.1339,4,4,4,1111,1000,4,116.465,167.497,4,17,0,1,2,1,0,1179
438,11.1396,4,4,4,1111,1000,4,118.038,141.177,5,17,0,2,2,1,0,1180
439,11.2243,4,4,4,1111,1000,4,157.565,193.894,5,17,0,2,2,1,0,1190
440,11.2286,3,3,4,1111,1000,4,146.407,166.157,3,17,0,0,2,1,0,1191
441,11.2300,1,1,4,1111,1000,4,142.391,147.579,1,17,0,1,0,0,0,1191
442,11.2717,3,3,4,1111,1000,4,166.319,176.689,2,17,0,0,1,1,0,1196
443,11.2728,2,2,4,1111,1000,4,144.383,158.328,2,17,0,1,0,1,0,1196
444,11.3537,3,3,4,1111,1000,4,202.048,224.892,3,17,0,1,2,0,0,1207
445,11.3631,4,4,4,1111,1000,4,154.994,204.500,3,17,0,1,1,1,0,1208
446,11.3716,4,4,4,1111,1000,4,154.944,180.924,3,17,0,1,1,1,0,1209
447,11.4083,1,1,4,1111,1000,4,185.532,185.616,1,17,0,0,0,1,0,1213
448,11.4169,4,4,4,1111,1000,4,155.689,191.869,3,17,0,1,1,1,0,1214
449,11.4849,4,4,4,1111,1000,4,196.017,227.991,3,17,0,1,1,1,0,1223
450,11.4987,4,4,4,1111,1000,4,153.327,209.823,2,17,0,1,0,1,0,1224
451,11.5072,3,3,4,1111,1000,4,159.621,186.209,2,17,0,1,1,0,0,1225
452,11.5109,2,2,4,1111,1000,4,155.513,160.022,1,17,0,0,0,1,0,1225
453,11.5300,4,4,4,1111,1000,4,121.247,169.690,3,17,0,1,1,1,0,1228
454,11.5324,2,2,4,1111,1000,4,120.806,140.134,2,17,0,2,0,0,0,1229
455,11.6197,4,4,4,1111,1000,4,163.307,204.756,5,18,1,2,1,1,0,1238
456,11.6245,3,3,4,1111,1000,4,165.896,177.483,2,18,1,0,0,1,0,1238
457,11.6370,2,2,4,1111,1000,4,157.017,170.089,3,18,0,2,0,1,0,1239
458,11.6431,3,3,4,1111,1000,4,141.060,162.075,2,18,1,1,0,0,0,1241
459,11.6497,3,3,4,1111,1000,4,126.323,138.586,2,18,1,0,0,1,0,1242
460,11.7341,3,3,4,1111,1000,4,187.205,203.209,3,18,1,1,0,1,0,1251
461,11.7438,3,3,4,1111,1000,4,140.369,191.302,4,18,0,2,1,1,0,1253
462,11.7470,2,2,4,1111,1000,4,140.507,162.509,2,18,0,2,0,0,0,1254
463,11.7513,1,1,4,1111,1000,4,138.987,144.085,0,18,0,0,0,0,0,1254
464,11.7926,2,2,4,1111,1000,4,155.511,176.107,2,18,0,2,0,0,0,1259
465,11.8099,4,4,4,1111,1000,4,144.359,170.646,3,18,1,2,0,0,0,1262
466,11.8158,4,4,4,1111,1000,4,90.063,144.478,2,18,1,1,0,0,0,1262
467,11.9095,4,4,4,1111,1000,4,181.914,204.286,2,18,1,1,0,0,0,1274
468,11.9108,1,1,4,1111,1000,4,175.335,175.408,0,18,0,0,0,0,0,1274
469,11.9245,4,4,4,1111,1000,4,132.832,187.256,3,18,1,2,0,0,0,1275
470,11.9341,3,3,4,1111,1000,4,140.960,164.825,3,18,1,2,0,0,0,1276
471,11.9381,2,2,4,1111,1000,4,134.924,138.661,1,18,1,0,0,0,0,1277
472,12.0056,2,2,4,1111,1000,4,180.150,196.922,1,18,0,1,0,0,0,1284
473,12.0239,4,4,4,1111,1000,4,131.407,192.433,2,18,1,1,0,0,0,1286
474,12.0373,4,4,4,1111,1000,4,135.490,173.787,3,18,1,2,0,0,0,1288
475,12.0468,3,3,4,1111,1000,4,137.712,151.217,1,18,1,0,0,0,0,1289
476,12.0497,1,1,4,1111,1000,4,124.749,134.362,1,18,0,1,0,0,0,1289
477,12.1362,3,3,4,1111,1000,4,188.637,206.900,2,18,1,1,0,0,0,1300
478,12.1465,4,4,4,1111,1000,4,141.914,185.116,2,18,1,1,0,0,0,1301
479,12.1510,2,2,4,1111,1000,4,144.831,157.591,1,18,1,0,0,0,0,1301
480,12.1591,1,1,4,1111,1000,4,144.517,147.731,2,18,0,2,0,0,0,1303
481,12.1678,3,3,4,1111,1000,4,130.414,144.023,1,18,1,0,0,0,0,1304
482,12.2600,4,4,4,1111,1000,4,191.655,216.531,3,18,1,2,0,0,0,1312
483,12.2901,4,4,4,1111,1000,4,162.120,214.591,3,18,1,2,0,0,0,1316
484,12.3032,4,4,4,1111,1000,4,172.765,195.731,3,18,1,2,0,0,0,1317
485,12.3061,1,1,4,1111,1000,4,166.422,166.521,1,18,0,1,0,0,0,1317
486,12.3114,2,2,4,1111,1000,4,151.308,159.465,1,18,1,0,0,0,0,1317
487,12.3124,1,1,4,1111,1000,4,128.795,151.334,0,18,0,0,0,0,0,1318
488,12.4013,3,3,4,1111,1000,4,161.263,217.330,2,18,1,1,0,0,0,1329
489,12.4028,2,2,4,1111,1000,4,159.269,186.756,1,18,1,0,0,0,0,1329
490,12.4041,1,1,4,1111,1000,4,154.824,156.015,0,18,0,0,0,0,0,1329
491,12.4485,4,4,4,1111,1000,4,167.515,198.948,4,19,1,2,1,0,0,1335
492,12.4545,3,3,4,1111,1000,4,147.779,172.931,3,19,1,2,0,0,0,1336
493,12.4839,3,3,4,1111,1000,4,156.905,171.702,2,19,1,0,1,0,0,1340
494,12.5011,4,4,4,1111,1000,4,107.307,169.389,3,19,0,2,1,0,0,1341
495,12.5064,4,4,4,1111,1000,4,105.618,142.666,3,19,1,1,1,0,0,1343
496,12.5744,1,1,4,1111,1000,4,172.194,178.571,2,19,0,2,0,0,0,1351
497,12.5927,4,4,4,1111,1000,4,143.824,184.361,4,19,1,2,1,0,0,1353
498,12.6006,3,3,4,1111,1000,4,149.110,160.220,2,19,1,0,1,0,0,1354
499,12.6081,1,1,4,1111,1000,4,136.872,148.238,1,19,0,1,0,0,0,1355
500,12.6182,4,4,4,1111,1000,4,122.383,145.812,3,19,1,1,1,0,0,1356
501,12.7060,3,3,4,1111,1000,4,186.883,201.564,2,19,1,0,1,0,0,1368
502,12.7142,4,4,4,1111,1000,4,139.150,190.207,3,19,1,1,1,0,0,1368
503,12.7196,4,4,4,1111,1000,4,135.514,163.612,3,19,1,1,1,0,0,1369
504,12.7236,1,1,4,1111,1000,4,132.344,135.621,1,19,0,1,0,0,0,1369
505,12.7661,2,2,4,1111,1000,4,157.687,165.569,1,19,1,0,0,0,0,1375
506,12.7767,2,2,4,1111,1000,4,146.267,167.253,2,19,0,1,1,0,0,1376
507,12.7843,4,4,4,1111,1000,4,87.400,151.636,3,19,1,1,1,0,0,1377
508,12.9044,4,4,4,1111,1000,4,204.093,239.805,3,19,1,1,1,0,0,1392
509,12.9122,3,3,4,1111,1000,4,205.005,215.548,2,19,1,0,1,0,0,1393
510,12.9514,3,3,4,1111,1000,4,220.741,235.245,2,19,1,1,0,0,0,1397
511,12.9702,4,4,4,1111,1000,4,205.483,232.666,3,19,1,1,1,0,0,1400
512,12.9715,1,1,4,1111,1000,4,194.115,201.912,1,19,0,0,1,0,0,1400
513,12.9760,3,3,4,1111,1000,4,178.387,195.794,2,19,1,1,0,0,0,1401
514,13.0196,4,4,4,1111,1000,4,163.976,218.011,3,19,1,1,1,0,0,1405
515,13.0875,4,4,4,1111,1000,4,228.001,253.839,4,20,1,1,2,0,0,1413
516,13.0943,4,4,4,1111,1000,4,190.249,228.646,4,20,1,1,2,0,0,1414
517,13.0969,1,1,4,1111,1000,4,191.830,199.255,1,20,0,0,1,0,0,1414
518,13.1151,4,4,4,1111,1000,4,166.128,206.686,4,20,1,1,2,0,0,1417
519,13.1163,1,1,4,1111,1000,4,166.282,175.937,1,20,0,1,0,0,0,1417
520,13.1205,3,3,4,1111,1000,4,157.528,167.516,3,20,1,0,2,0,0,1417
521,13.1637,3,3,4,1111,1000,4,146.628,191.281,3,20,0,1,2,0,0,1422
522,13.1664,2,2,4,1111,1000,4,147.692,161.984,1,20,0,1,0,0,0,1423
523,13.1850,4,4,4,1111,1000,4,117.123,159.223,5,20,1,2,2,0,0,1425
524,13.1883,2,2,4,1111,1000,4,118.228,130.437,4,20,0,2,2,0,0,1426
525,13.2741,2,2,4,1111,1000,4,186.275,192.885,1,20,1,0,0,0,0,1436
526,13.2825,2,2,4,1111,1000,4,174.326,192.620,4,20,0,2,2,0,0,1438
527,13.2876,4,4,4,1111,1000,4,125.068,174.324,5,20,1,2,2,0,0,1438
528,13.3314,3,3,4,1111,1000,4,167.082,186.176,2,20,1,0,1,0,0,1443
529,13.3329,1,1,4,1111,1000,4,156.919,168.261,1,20,0,1,0,0,0,1443
530,13.3516,4,4,4,1111,1000,4,153.198,174.238,5,20,1,2,2,0,0,1445
531,13.3580,4,4,4,1111,1000,4,101.317,148.613,4,20,1,2,1,0,0,1446
532,13.4229,4,4,4,1111,1000,4,147.985,181.554,5,20,1,2,2,0,0,1453
533,13.4382,3,3,4,1111,1000,4,155.808,164.784,3,20,1,0,2,0,0,1455
534,13.4450,4,4,4,1111,1000,4,114.845,152.230,5,20,1,2,2,0,0,1456
535,13.4465,1,1,4,1111,1000,4,114.365,121.718,1,20,0,1,0,0,0,1456
536,13.5226,1,1,4,1111,1000,4,179.539,184.323,1,20,1,0,0,0,0,1465
537,13.5629,2,2,4,1111,1000,4,197.155,216.846,4,20,0,2,2,0,0,1471
538,13.5698,4,4,4,1111,1000,4,150.645,199.457,4,20,1,2,1,0,0,1471
539,13.5846,2,2,4,1111,1000,4,163.772,182.286,3,20,1,0,2,0,0,1472
540,13.5879,2,2,4,1111,1000,4,154.006,167.048,2,20,0,2,0,0,0,1472
541,13.5948,3,3,4,1111,1000,4,137.848,160.480,5,20,1,2,2,0,0,1474
542,13.6458,4,4,4,1111,1000,4,122.620,180.061,5,20,1,2,2,0,0,1477
543,13.6541,4,4,4,1111,1000,4,126.860,156.352,5,20,1,2,2,0,0,1477
544,13.6622,4,4,4,1111,1000,4,98.594,132.438,5,20,1,2,2,0,0,1479
545,13.7443,2,2,4,1111,1000,4,178.186,182.445,1,20,1,0,0,0,0,1489
546,13.7514,1,1,4,1111,1000,4,173.445,181.010,2,20,0,0,2,0,0,1489
547,13.7532,2,2,4,1111,1000,4,119.002,159.315,1,20,1,0,0,0,0,1489
548,13.7568,2,2,4,1111,1000,4,121.400,130.852,1,20,1,0,0,0,0,1491
549,13.8249,1,1,4,1111,1000,4,178.834,179.830,2,20,0,2,0,0,0,1499
550,13.8903,3,3,4,1111,1000,4,214.845,232.321,3,20,1,0,2,0,0,1507
551,13.8974,4,4,4,1111,1000,4,161.342,220.233,5,20,1,2,2,0,0,1508
552,13.9113,4,4,4,1111,1000,4,166.516,202.149,5,20,1,2,2,0,0,1509
553,13.9187,1,1,4,1111,1000,4,166.690,177.483,2,20,0,2,0,0,0,1511
554,13.9233,3,3,4,1111,1000,4,155.884,169.198,3,20,1,0,2,0,0,1512
555,13.9415,4,4,4,1111,1000,4,116.041,168.238,5,20,1,2,2,0,0,1513
556,13.9470,4,4,4,1111,1000,4,117.507,141.734,6,21,1,3,2,0,0,1515
557,14.0311,4,4,4,1111,1000,4,159.583,193.791,5,21,1,2,2,0,0,1525
558,14.0374,4,4,4,1111,1000,4,146.473,168.044,6,21,1,3,2,0,0,1525
559,14.0464,1,1,4,1111,1000,4,144.959,145.018,3,21,0,3,0,0,0,1527
560,14.0536,1,1,4,1111,1000,4,139.238,139.309,0,21,0,0,0,0,0,1528
561,14.0580,3,3,4,1111,1000,4,123.201,143.374,5,21,1,3,1,0,0,1528
562,14.1460,3,3,4,1111,1000,4,186.812,199.674,3,21,1,0,2,0,0,1539
563,14.1574,4,4,4,1111,1000,4,142.525,192.019,5,21,1,3,1,0,0,1540
564,14.1710,3,3,4,1111,1000,4,153.603,173.553,4,21,1,3,0,0,0,1543
565,14.1744,1,1,4,1111,1000,4,150.502,155.687,1,21,0,0,1,0,0,1543
566,14.1805,3,3,4,1111,1000,4,133.962,151.019,4,21,1,3,0,0,0,1544
567,14.2716,4,4,4,1111,1000,4,193.514,220.823,5,21,1,3,1,0,0,1555
568,14.2997,4,4,4,1111,1000,4,162.364,216.932,6,21,1,3,2,0,0,1559
569,14.3140,4,4,4,1111,1000,4,173.209,199.241,5,21,1,3,1,0,0,1560
570,14.3213,1,1,4,1111,1000,4,174.376,174.454,2,21,0,0,2,0,0,1561
571,14.3262,3,3,4,1111,1000,4,155.007,168.400,4,21,1,3,0,0,0,1561
572,14.3363,2,2,4,1111,1000,4,142.712,157.444,4,21,0,3,1,0,0,1563
573,14.3464,4,4,4,1111,1000,4,96.533,143.687,6,21,1,3,2,0,0,1564
574,14.4264,3,3,4,1111,1000,4,173.157,191.701,3,21,1,0,2,0,0,1572
575,14.4339,1,1,4,1111,1000,4,174.636,180.224,3,21,0,3,0,0,0,1573
576,14.4401,4,4,4,1111,1000,4,148.974,173.353,6,21,1,3,2,0,0,1574
577,14.4567,3,3,4,1111,1000,4,142.028,157.862,3,21,1,0,2,0,0,1575
578,14.4611,3,3,4,1111,1000,4,122.900,143.262,4,21,1,3,0,0,0,1577
579,14.5423,2,2,4,1111,1000,4,181.595,203.282,5,21,0,3,2,0,0,1587
580,14.5578,4,4,4,1111,1000,4,140.467,194.922,5,21,1,3,1,0,0,1589
581,14.5624,3,3,4,1111,1000,4,142.144,167.526,3,21,0,3,0,0,0,1589
582,14.5711,1,1,4,1111,1000,4,143.997,144.101,0,21,0,0,0,0,0,1590
583,14.5779,2,2,4,1111,1000,4,128.407,142.885,3,21,0,2,1,0,0,1591
584,14.6738,4,4,4,1111,1000,4,193.900,214.784,4,21,1,3,0,0,0,1603
585,14.7011,4,4,4,1111,1000,4,160.832,210.031,5,21,1,3,1,0,0,1606
586,14.7075,4,4,4,1111,1000,4,164.632,184.467,4,21,1,3,0,0,0,1607
587,14.7164,1,1,4,1111,1000,4,161.262,161.357,1,21,1,0,0,0,0,1609
588,14.7255,3,3,4,1111,1000,4,150.069,170.386,4,21,0,3,1,0,0,1610
589,14.7302,3,3,4,1111,1000,4,133.811,143.136,1,21,1,0,0,0,0,1610
590,14.8155,4,4,4,1111,1000,4,162.911,209.410,4,21,1,3,0,0,0,1619
591,14.8197,3,3,4,1111,1000,4,164.228,181.572,3,21,1,2,0,0,0,1620
592,14.8287,1,1,4,1111,1000,4,166.631,169.409,1,21,0,0,1,0,0,1620
593,14.8388,4,4,4,1111,1000,4,145.090,168.692,4,21,1,3,0,0,0,1621
594,14.8448,3,3,4,1111,1000,4,127.486,142.625,4,21,1,3,0,0,0,1623
595,14.9141,2,2,4,1111,1000,4,174.024,190.763,3,21,0,3,0,0,0,1631
596,14.9185,3,3,4,1111,1000,4,112.195,171.317,4,21,1,3,0,0,0,1632
597,14.9292,3,3,4,1111,1000,4,120.700,149.981,4,21,1,3,0,0,0,1633
598,14.9369,2,2,4,1111,1000,4,123.131,125.707,1,21,1,0,0,0,0,1633
599,15.0105,1,1,4,1111,1000,4,180.791,191.085,1,21,0,0,1,0,0,1642
600,15.0293,4,4,4,1111,1000,4,177.051,198.989,5,21,1,3,1,0,0,1642
601,15.0424,4,4,4,1111,1000,4,128.203,180.001,5,21,1,3,1,0,0,1644
602,15.0546,4,4,4,1111,1000,4,138.445,160.246,5,21,1,3,1,0,0,1645
603,15.0562,1,1,4,1111,1000,4,122.642,129.778,3,21,0,3,0,0,0,1645
604,15.1420,3,3,4,1111,1000,4,188.803,202.667,1,21,1,0,0,0,0,1656
605,15.1542,4,4,4,1111,1000,4,143.107,195.712,4,21,1,3,0,0,0,1657
606,15.1644,2,2,4,1111,1000,4,144.119,160.990,1,21,1,0,0,0,0,1659
607,15.1721,1,1,4,1111,1000,4,136.608,136.691,1,21,1,0,0,0,0,1660
608,15.1737,1,1,4,1111,1000,4,130.477,137.949,0,21,0,0,0,0,0,1660
609,15.2449,1,1,4,1111,1000,4,179.047,190.368,3,21,0,3,0,0,0,1668
610,15.2974,4,4,4,1111,1000,4,164.518,230.009,5,21,1,3,1,0,0,1675
611,15.3166,4,4,4,1111,1000,4,180.703,217.178,5,21,1,3,1,0,0,1677
612,15.3207,3,3,4,1111,1000,4,178.247,189.262,2,21,1,0,1,0,0,1677
613,15.3317,3,3,4,1111,1000,4,166.694,181.069,4,21,1,3,0,0,0,1679
614,15.3407,2,2,4,1111,1000,4,152.078,168.969,3,21,0,2,1,0,0,1680
615,15.3494,4,4,4,1111,1000,4,104.144,153.941,6,21,1,3,2,0,0,1681
616,15.4070,4,4,4,1111,1000,4,157.577,179.492,5,21,1,3,1,0,0,1689
617,15.4223,4,4,4,1111,1000,4,127.391,162.688,5,21,1,3,1,0,0,1691
618,15.4309,2,2,4,1111,1000,4,133.966,139.386,1,21,1,0,0,0,0,1692
619,15.4344,1,1,4,1111,1000,4,124.564,134.488,1,21,0,0,1,0,0,1692
620,15.5288,4,4,4,1111,1000,4,196.342,217.998,5,21,1,3,1,0,0,1704
621,15.5346,4,4,4,1111,1000,4,144.768,191.791,5,21,1,3,1,0,0,1704
622,15.5517,3,3,4,1111,1000,4,160.458,176.852,4,21,1,3,0,0,0,1707
623,15.5528,1,1,4,1111,1000,4,152.924,156.846,1,21,0,0,1,0,0,1707
624,15.5573,3,3,4,1111,1000,4,134.859,150.375,4,21,1,3,0,0,0,1708
625,15.6283,2,2,4,1111,1000,4,182.048,200.348,4,21,0,3,1,0,0,1716
626,15.6433,4,4,4,1111,1000,4,130.893,191.652,4,21,1,2,1,0,0,1717
627,15.6573,4,4,4,1111,1000,4,142.124,173.561,5,21,1,3,1,0,0,1720
628,15.6660,2,2,4,1111,1000,4,143.590,150.308,1,21,1,0,0,0,0,1721
629,15.6695,2,2,4,1111,1000,4,124.521,145.450,4,21,0,3,1,0,0,1721
630,15.7638,4,4,4,1111,1000,4,195.033,216.025,6,21,1,3,2,0,0,1733
631,15.7695,4,4,4,1111,1000,4,143.693,189.754,5,21,1,3,1,0,0,1733
632,15.7869,3,3,4,1111,1000,4,158.084,175.195,2,21,1,0,1,0,0,1736
633,15.7883,1,1,4,1111,1000,4,151.424,157.147,3,21,0,3,0,0,0,1736
634,15.7931,3,3,4,1111,1000,4,135.647,149.246,2,21,1,0,1,0,0,1737
635,15.9117,4,4,4,1111,1000,4,222.108,248.526,5,21,1,3,1,0,0,1750
636,15.9544,4,4,4,1111,1000,4,206.604,259.165,5,21,0,3,2,0,0,1755
637,15.9597,4,4,4,1111,1000,4,209.725,232.468,5,21,0,3,2,0,0,1755
638,15.9687,1,1,4,1111,1000,4,209.408,209.461,3,21,0,3,0,0,0,1757
639,15.9772,2,2,4,1111,1000,4,197.439,205.377,1,21,1,0,0,0,0,1758
640,15.9808,2,2,4,1111,1000,4,177.088,200.535,4,21,0,2,2,0,0,1758
641,15.9940,3,3,4,1111,1000,4,133.785,189.234,5,21,0,3,2,0,0,1759
642,16.0010,3,3,4,1111,1000,4,136.918,164.189,4,21,0,3,1,0,0,1761
643,16.0151,4,4,4,1111,1000,4,104.405,147.158,3,21,0,2,1,0,0,1762
644,16.0263,3,3,4,1111,1000,4,114.089,126.334,2,21,0,0,2,0,0,1763
645,16.1211,4,4,4,1111,1000,4,166.110,201.618,4,21,0,3,1,0,0,1775
646,16.1224,1,1,4,1111,1000,4,166.077,170.930,3,21,0,3,0,0,0,1775
647,16.1260,2,2,4,1111,1000,4,156.370,161.977,0,21,0,0,0,0,0,1777
648,16.1312,2,2,4,1111,1000,4,136.805,158.692,4,21,0,3,1,0,0,1777
649,16.1902,4,4,4,1111,1000,4,174.428,194.212,4,21,0,3,1,0,0,1783
650,16.1950,3,3,4,1111,1000,4,155.285,166.937,4,24,3,0,1,0,0,1783
651,16.2124,4,4,4,1111,1000,4,106.835,164.812,8,24,3,3,2,0,0,1785
652,16.2187,4,4,4,1111,1000,4,104.739,139.086,7,24,3,3,1,0,0,1785
653,16.2944,1,1,4,1111,1000,4,176.047,182.756,3,24,0,3,0,0,0,1796
654,16.3116,3,3,4,1111,1000,4,174.289,187.528,4,24,3,0,1,0,0,1797
655,16.3166,3,3,4,1111,1000,4,141.358,172.984,8,24,3,3,2,0,0,1798
656,16.3190,1,1,4,1111,1000,4,136.660,143.240,3,24,0,3,0,0,0,1799
657,16.3827,2,2,4,1111,1000,4,176.738,194.583,4,24,2,0,2,0,0,1807
658,16.3892,3,3,4,1111,1000,4,161.158,181.480,5,24,2,3,0,0,0,1808
659,16.4300,4,4,4,1111,1000,4,135.110,201.299,7,24,2,3,2,0,0,1810
660,16.4748,4,4,4,1111,1000,4,176.886,214.033,7,24,3,3,1,0,0,1813
661,16.5016,2,2,4,1111,1000,4,196.794,208.822,5,24,0,3,2,0,0,1817
662,16.5071,4,4,4,1111,1000,4,125.615,190.852,6,24,3,2,1,0,0,1817
663,16.5247,4,4,4,1111,1000,4,141.430,176.413,4,24,1,2,1,0,0,1820
664,16.5281,2,2,4,1111,1000,4,143.064,147.850,2,24,2,0,0,0,0,1821
665,16.5395,3,3,4,1111,1000,4,112.990,150.624,3,24,2,0,1,0,0,1821
666,16.5468,1,1,4,1111,1000,4,102.330,102.440,2,24,2,0,0,0,0,1823
667,16.6215,2,2,4,1111,1000,4,150.615,175.847,3,24,0,3,0,0,0,1832
668,16.6299,1,1,4,1111,1000,4,153.537,153.610,2,24,2,0,0,0,0,1833
669,16.6370,3,3,4,1111,1000,4,135.386,159.342,4,24,0,3,1,0,0,1834
670,16.6454,3,3,4,1111,1000,4,126.123,137.028,5,24,3,0,2,0,0,1836
671,16.6954,1,1,4,1111,1000,4,155.267,167.300,3,24,0,3,0,0,0,1841
672,16.7138,4,4,4,1111,1000,4,151.959,173.417,7,24,3,3,1,0,0,1844
673,16.7207,4,4,4,1111,1000,4,100.772,148.297,5,24,1,3,1,0,0,1845
674,16.7870,3,3,4,1111,1000,4,164.730,182.548,4,24,3,0,1,0,0,1853
675,16.7956,1,1,4,1111,1000,4,165.004,171.487,3,24,0,3,0,0,0,1853
676,16.8078,4,4,4,1111,1000,4,112.275,171.362,7,24,3,3,1,0,0,1856
677,16.8531,4,4,4,1111,1000,4,153.848,184.634,5,24,2,3,0,0,0,1861
678,16.8643,2,2,4,1111,1000,4,157.736,163.841,2,24,2,0,0,0,0,1863
679,16.8709,2,2,4,1111,1000,4,142.073,161.783,1,24,0,1,0,0,0,1864
680,16.8778,4,4,4,1111,1000,4,92.829,145.344,7,24,2,3,2,0,0,1864
681,16.9710,4,4,4,1111,1000,4,184.591,206.449,6,24,2,3,1,0,0,1876
682,16.9723,1,1,4,1111,1000,4,175.669,175.747,2,24,2,0,0,0,0,1876
683,16.9859,4,4,4,1111,1000,4,134.205,187.795,6,24,2,3,1,0,0,1877
684,16.9955,3,3,4,1111,1000,4,142.165,165.344,1,24,0,1,0,0,0,1879
685,17.0009,2,2,4,1111,1000,4,136.212,140.328,2,24,2,0,0,0,0,1880
686,17.0653,4,4,4,1111,1000,4,170.021,195.998,5,24,2,3,0,0,0,1888
687,17.0879,4,4,4,1111,1000,4,133.404,186.611,5,24,2,2,1,0,0,1891
688,17.1084,4,4,4,1111,1000,4,145.086,175.120,6,24,2,3,1,0,0,1893
689,17.1155,1,1,4,1111,1000,4,144.714,150.142,0,24,0,0,0,0,0,1893
690,17.1166,1,1,4,1111,1000,4,130.420,140.037,2,24,0,2,0,0,0,1893
691,17.2060,4,4,4,1111,1000,4,196.852,217.326,6,24,2,3,1,0,0,1905
692,17.2150,4,4,4,1111,1000,4,153.408,194.333,6,24,2,2,2,0,0,1906
693,17.2554,3,3,4,1111,1000,4,192.630,202.676,4,24,2,0,2,0,0,1910
694,17.2583,1,1,4,1111,1000,4,179.761,185.634,3,24,0,3,0,0,0,1910
695,17.2737,4,4,4,1111,1000,4,165.055,188.965,4,24,2,2,0,0,0,1911
696,17.2810,3,3,4,1111,1000,4,147.622,164.293,4,24,2,0,2,0,0,1913
697,17.3100,4,4,4,1111,1000,4,121.045,173.336,6,24,2,3,1,0,0,1916
698,17.3288,4,4,4,1111,1000,4,130.719,160.050,6,24,2,3,1,0,0,1918
699,17.3306,1,1,4,1111,1000,4,125.066,129.875,3,24,0,3,0,0,0,1919
700,17.4127,3,3,4,1111,1000,4,159.711,197.995,4,24,0,3,1,0,0,1929
701,17.4178,2,2,4,1111,1000,4,163.058,171.031,1,24,0,0,1,0,0,1930
702,17.4190,1,1,4,1111,1000,4,151.229,154.161,3,24,0,3,0,0,0,1930
703,17.4331,4,4,4,1111,1000,4,127.705,156.234,6,24,2,3,1,0,0,1931
704,17.4427,3,3,4,1111,1000,4,121.456,133.846,4,24,2,0,2,0,0,1933
705,17.5321,3,3,4,1111,1000,4,186.697,203.166,3,24,2,1,0,0,0,1943
706,17.5436,4,4,4,1111,1000,4,142.143,193.840,7,24,2,3,2,0,0,1946
707,17.5611,4,4,4,1111,1000,4,151.182,179.331,7,24,2,3,2,0,0,1947
708,17.5628,1,1,4,1111,1000,4,148.951,149.032,1,24,0,0,1,0,0,1947
709,17.5640,1,1,4,1111,1000,4,130.693,138.995,3,24,0,3,0,0,0,1947
710,17.6448,3,3,4,1111,1000,4,189.024,207.870,4,24,2,0,2,0,0,1956
711,17.6566,4,4,4,1111,1000,4,132.820,199.539,7,24,3,2,2,0,0,1957
712,17.6750,4,4,4,1111,1000,4,149.130,185.964,7,24,3,2,2,0,0,1960
713,17.6771,2,2,4,1111,1000,4,143.812,156.056,5,24,2,3,0,0,0,1960
714,17.7088,3,3,4,1111,1000,4,152.299,173.710,5,24,0,3,2,0,0,1964
715,17.7124,2,2,4,1111,1000,4,132.639,147.357,2,24,1,0,1,0,0,1964
716,17.7897,4,4,4,1111,1000,4,154.003,204.567,7,24,2,3,2,0,0,1974
717,17.7909,3,3,4,1111,1000,4,151.686,173.761,6,24,2,3,1,0,0,1974
718,17.7918,1,1,4,1111,1000,4,142.496,142.563,3,24,0,3,0,0,0,1975
719,17.7922,2,2,4,1111,1000,4,124.497,131.103,3,24,3,0,0,0,0,1975
720,17.9213,4,4,4,1111,1000,4,213.181,251.296,8,24,3,3,2,0,0,1987
721,17.9271,4,4,4,1111,1000,4,137.897,225.085,6,24,3,3,0,0,0,1988
722,17.9457,4,4,4,1111,1000,4,155.240,211.658,6,24,3,3,0,0,0,1989
723,17.9531,4,4,4,1111,1000,4,161.267,186.978,6,24,3,3,0,0,0,1991
724,17.9601,1,1,4,1111,1000,4,161.923,162.014,1,24,0,0,1,0,0,1992
725,17.9676,1,1,4,1111,1000,4,146.279,146.371,3,24,3,0,0,0,0,1992
726,17.9721,3,3,4,1111,1000,4,98.131,148.609,6,24,3,3,0,0,0,1993
727,18.0402,1,1,4,1111,1000,4,163.983,184.711,0,24,0,0,0,0,0,2001
728,18.0810,2,2,4,1111,1000,4,192.362,195.786,3,24,3,0,0,0,0,2007
729,18.1140,4,4,4,1111,1000,4,192.500,219.796,7,24,3,2,2,0,0,2011
730,18.1172,2,2,4,1111,1000,4,178.554,190.995,4,24,0,2,2,0,0,2011
731,18.1349,3,3,4,1111,1000,4,174.088,185.617,4,24,3,0,1,0,0,2013
732,18.1394,3,3,4,1111,1000,4,155.322,169.790,5,24,3,2,0,0,0,2013
733,18.1571,4,4,4,1111,1000,4,115.902,166.840,7,24,3,3,1,0,0,2016
734,18.1594,2,2,4,1111,1000,4,114.372,137.068,4,24,0,3,1,0,0,2016
735,18.2472,4,4,4,1111,1000,4,165.768,201.875,7,24,3,3,1,0,0,2028
736,18.2510,2,2,4,1111,1000,4,164.597,173.636,3,24,3,0,0,0,0,2028
737,18.2624,3,3,4,1111,1000,4,150.985,176.061,5,24,1,2,2,0,0,2029
738,18.2707,2,2,4,1111,1000,4,143.150,158.849,1,24,0,0,1,0,0,2030
739,18.2776,4,4,4,1111,1000,4,125.558,147.926,7,24,2,3,2,0,0,2031
740,18.3552,2,2,4,1111,1000,4,179.916,193.432,4,24,1,3,0,0,0,2041
741,18.3708,4,4,4,1111,1000,4,139.941,194.838,7,24,2,3,2,0,0,2043
742,18.3751,3,3,4,1111,1000,4,141.380,167.155,5,24,0,3,2,0,0,2044
743,18.3779,1,1,4,1111,1000,4,137.846,140.420,2,24,2,0,0,0,0,2044
744,18.4389,3,3,4,1111,1000,4,176.290,198.905,4,24,0,2,2,0,0,2052
745,18.4446,4,4,4,1111,1000,4,152.890,175.120,8,25,3,2,3,0,0,2052
746,18.4628,4,4,4,1111,1000,4,108.913,161.216,8,25,3,2,3,0,0,2054
747,18.4775,4,4,4,1111,1000,4,121.629,143.869,6,25,2,2,2,0,0,2056
748,18.4888,1,1,4,1111,1000,4,123.061,123.158,2,25,2,0,0,0,0,2057
749,18.5773,3,3,4,1111,1000,4,191.127,209.043,5,25,0,3,2,0,0,2068
750,18.5895,4,4,4,1111,1000,4,153.046,191.807,8,25,3,3,2,0,0,2069
751,18.5925,2,2,4,1111,1000,4,154.280,162.863,2,25,2,0,0,0,0,2070
752,18.6046,2,2,4,1111,1000,4,149.642,165.799,5,25,0,3,2,0,0,2072
753,18.6125,3,3,4,1111,1000,4,134.802,150.814,4,25,2,0,2,0,0,2073
754,18.7101,4,4,4,1111,1000,4,198.203,227.977,7,25,2,3,2,0,0,2083
755,18.7239,4,4,4,1111,1000,4,155.909,209.801,7,25,2,3,2,0,0,2085
756,18.7355,4,4,4,1111,1000,4,157.968,189.301,7,25,2,3,2,0,0,2086
757,18.7368,1,1,4,1111,1000,4,157.390,158.364,3,25,0,3,0,0,0,2086
758,18.7797,3,3,4,1111,1000,4,177.313,190.005,4,25,2,0,2,0,0,2091
759,18.7822,2,2,4,1111,1000,4,155.604,171.963,3,25,0,3,0,0,0,2092
760,18.8253,3,3,4,1111,1000,4,142.574,194.408,4,25,0,3,1,0,0,2098
761,18.8400,4,4,4,1111,1000,4,148.914,177.092,7,25,3,3,1,0,0,2099
762,18.8452,2,2,4,1111,1000,4,135.588,150.256,4,25,0,3,1,0,0,2099
763,18.8487,2,2,4,1111,1000,4,124.571,130.933,3,25,3,0,0,0,0,2100
764,18.9417,4,4,4,1111,1000,4,163.552,214.789,7,25,3,3,1,0,0,2111
765,18.9451,2,2,4,1111,1000,4,164.060,186.098,4,25,0,3,1,0,0,2113
766,18.9591,4,4,4,1111,1000,4,135.378,177.217,7,25,3,3,1,0,0,2114
767,18.9696,3,3,4,1111,1000,4,143.912,155.705,4,25,3,0,1,0,0,2115
768,18.9713,1,1,4,1111,1000,4,133.923,136.888,3,25,0,3,0,0,0,2115
769,19.0484,3,3,4,1111,1000,4,188.643,202.523,4,25,3,0,1,0,0,2124
770,19.0598,4,4,4,1111,1000,4,132.220,193.293,7,25,3,3,1,0,0,2125
771,19.1140,4,4,4,1111,1000,4,183.203,215.471,7,25,3,3,1,0,0,2132
772,19.1162,1,1,4,1111,1000,4,178.794,185.658,3,25,0,3,0,0,0,2132
773,19.1267,3,3,4,1111,1000,4,167.379,184.739,5,25,3,0,2,0,0,2133
774,19.1361,3,3,4,1111,1000,4,152.775,173.505,7,25,3,3,1,0,0,2134
775,19.1439,3,3,4,1111,1000,4,104.157,149.322,6,25,2,3,1,0,0,2136
776,19.1945,3,3,4,1111,1000,4,151.388,167.879,5,25,2,3,0,0,0,2141
777,19.2016,1,1,4,1111,1000,4,152.264,154.368,1,25,0,0,1,0,0,2143
778,19.2070,4,4,4,1111,1000,4,92.897,148.329,5,25,1,3,1,0,0,2143
779,19.3106,4,4,4,1111,1000,4,193.917,219.917,5,25,1,3,1,0,0,2152
780,19.3466,1,1,4,1111,1000,4,219.019,223.827,3,25,0,3,0,0,0,2156
781,19.3509,3,3,4,1111,1000,4,201.219,216.813,2,25,1,0,1,0,0,2157
782,19.3688,4,4,4,1111,1000,4,183.457,214.063,5,25,1,3,1,0,0,2160
783,19.3703,1,1,4,1111,1000,4,175.122,183.507,3,25,0,3,0,0,0,2160
784,19.3765,3,3,4,1111,1000,4,159.289,178.416,0,25,0,0,0,0,0,2160
785,19.3889,2,2,4,1111,1000,4,113.514,158.772,0,25,0,0,0,0,0,2161
786,19.3951,3,3,4,1111,1000,4,110.928,132.982,4,25,1,3,0,0,0,2163
787,19.4639,1,1,4,1111,1000,4,169.641,169.712,1,25,1,0,0,0,0,2172
788,19.4823,4,4,4,1111,1000,4,135.526,184.857,3,25,0,3,0,0,0,2173
789,19.4880,3,3,4,1111,1000,4,139.022,158.524,3,25,0,3,0,0,0,2174
790,19.5281,2,2,4,1111,1000,4,165.331,169.859,0,25,0,0,0,0,0,2180
791,19.5361,2,2,4,1111,1000,4,150.367,168.558,3,25,0,3,0,0,0,2180
792,19.5406,3,3,4,1111,1000,4,132.795,150.346,0,25,0,0,0,0,0,2181
793,19.6258,4,4,4,1111,1000,4,161.364,214.751,3,25,0,3,0,0,0,2192
794,19.6315,4,4,4,1111,1000,4,158.120,188.477,3,25,0,3,0,0,0,2192
795,19.6401,1,1,4,1111,1000,4,159.268,164.992,3,25,0,3,0,0,0,2193
796,19.6534,4,4,4,1111,1000,4,134.242,167.091,3,25,0,3,0,0,0,2195
797,19.6711,3,3,4,1111,1000,4,142.365,152.774,0,25,0,0,0,0,0,2197
798,19.6739,2,2,4,1111,1000,4,121.489,134.701,3,25,0,3,0,0,0,2197
799,19.7702,4,4,4,1111,1000,4,158.796,216.366,3,25,0,3,0,0,0,2209
800,19.7754,4,4,4,1111,1000,4,157.287,189.621,3,25,0,3,0,0,0,2210
801,19.7858,2,2,4,1111,1000,4,160.273,167.891,0,25,0,0,0,0,0,2212
802,19.7931,1,1,4,1111,1000,4,151.868,157.816,3,25,0,3,0,0,0,2212
803,19.7977,3,3,4,1111,1000,4,133.919,151.270,1,25,0,0,1,0,0,2213
804,19.8837,4,4,4,1111,1000,4,195.073,216.404,3,25,0,3,0,0,0,2224
805,19.8968,4,4,4,1111,1000,4,142.599,197.513,3,25,0,3,0,0,0,2225
806,19.9188,4,4,4,1111,1000,4,155.790,187.452,3,25,0,3,0,0,0,2228
807,19.9202,1,1,4,1111,1000,4,154.083,156.835,2,25,0,2,0,0,0,2228
808,19.9630,3,3,4,1111,1000,4,176.976,188.529,0,25,0,0,0,0,0,2233
809,19.9750,3,3,4,1111,1000,4,164.152,179.585,2,25,0,2,0,0,0,2235
810,19.9854,4,4,4,1111,1000,4,118.567,169.429,3,25,0,3,0,0,0,2236
811,20.0010,4,4,4,1111,1000,4,125.269,153.056,3,25,0,3,0,0,0,2238
812,20.0047,1,1,4,1111,1000,4,121.389,124.714,0,25,0,0,0,0,0,2239
813,20.1037,3,3,4,1111,1000,4,191.827,212.148,3,25,0,3,0,0,0,2249
814,20.1278,4,4,4,1111,1000,4,165.574,215.735,3,25,0,3,0,0,0,2252
815,20.1317,2,2,4,1111,1000,4,167.961,187.654,3,25,0,3,0,0,0,2253
816,20.1430,3,3,4,1111,1000,4,166.746,176.373,0,25,0,0,0,0,0,2254
817,20.1513,2,2,4,1111,1000,4,149.719,163.688,1,25,0,1,0,0,0,2255
818,20.1559,3,3,4,1111,1000,4,133.075,153.498,3,25,0,3,0,0,0,2255
819,20.2405,3,3,4,1111,1000,4,160.993,206.043,4,25,0,3,1,0,0,2266
820,20.2451,3,3,4,1111,1000,4,156.625,178.603,4,25,0,3,1,0,0,2267
821,20.2493,1,1,4,1111,1000,4,154.539,154.606,0,25,0,0,0,0,0,2267
822,20.2898,3,3,4,1111,1000,4,169.328,191.298,4,25,0,3,1,0,0,2272
823,20.3185,3,3,4,1111,1000,4,175.042,191.799,1,25,0,0,1,0,0,2275
824,20.3233,3,3,4,1111,1000,4,157.061,175.474,3,25,0,3,0,0,0,2277
825,20.3417,4,4,4,1111,1000,4,109.013,173.442,3,25,0,3,0,0,0,2279
826,20.3626,4,4,4,1111,1000,4,122.525,162.339,3,25,0,3,0,0,0,2282
827,20.3638,1,1,4,1111,1000,4,122.665,131.473,0,25,0,0,0,0,0,2282
828,20.4516,4,4,4,1111,1000,4,164.065,207.735,3,25,0,3,0,0,0,2291
829,20.4552,2,2,4,1111,1000,4,165.469,179.262,3,25,0,3,0,0,0,2291
830,20.4667,3,3,4,1111,1000,4,148.807,175.911,3,25,0,3,0,0,0,2292
831,20.4763,3,3,4,1111,1000,4,143.868,157.477,0,25,0,0,0,0,0,2293
832,20.4894,3,3,4,1111,1000,4,134.075,149.381,3,25,0,3,0,0,0,2296
833,20.5264,2,2,4,1111,1000,4,147.919,165.936,2,25,0,2,0,0,0,2300
834,20.5308,3,3,4,1111,1000,4,95.753,147.916,3,25,0,3,0,0,0,2300
835,20.6107,3,3,4,1111,1000,4,172.310,195.787,3,25,0,3,0,0,0,2310
836,20.6179,1,1,4,1111,1000,4,170.949,171.001,0,25,0,0,0,0,0,2312
837,20.6211,2,2,4,1111,1000,4,154.195,170.095,0,25,0,0,0,0,0,2312
838,20.6662,4,4,4,1111,1000,4,176.565,198.091,2,25,0,2,0,0,0,2314
839,20.7192,4,4,4,1111,1000,4,192.094,218.968,3,25,0,3,0,0,0,2320
840,20.7225,2,2,4,1111,1000,4,176.510,190.307,3,25,0,3,0,0,0,2320
841,20.7403,4,4,4,1111,1000,4,138.650,193.175,3,25,0,3,0,0,0,2323
842,20.7450,3,3,4,1111,1000,4,140.595,165.827,3,25,0,3,0,0,0,2324
843,20.7474,1,1,4,1111,1000,4,136.383,140.411,0,25,0,0,0,0,0,2324
844,20.8133,3,3,4,1111,1000,4,146.445,202.068,0,25,0,0,0,0,0,2332
845,20.8221,1,1,4,1111,1000,4,153.869,178.869,0,25,0,0,0,0,0,2333
846,20.8332,4,4,4,1111,1000,4,113.867,162.118,4,26,1,3,0,0,0,2334
847,20.8385,2,2,4,1111,1000,4,116.385,135.360,1,26,1,0,0,0,0,2335
848,20.8918,1,1,4,1111,1000,4,158.260,167.388,2,26,0,2,0,0,0,2341
849,20.9276,3,3,4,1111,1000,4,172.500,192.469,1,26,1,0,0,0,0,2346
850,20.9333,4,4,4,1111,1000,4,121.983,176.912,4,26,1,3,0,0,0,2347
851,20.9524,4,4,4,1111,1000,4,139.713,163.931,4,26,1,3,0,0,0,2349
852,20.9544,1,1,4,1111,1000,4,131.444,133.901,3,26,0,3,0,0,0,2349
853,21.0334,3,3,4,1111,1000,4,187.469,202.242,1,26,1,0,0,0,0,2360
854,21.0453,4,4,4,1111,1000,4,153.111,192.827,4,26,1,3,0,0,0,2361
855,21.0889,3,3,4,1111,1000,4,186.634,204.283,4,26,1,3,0,0,0,2366
856,21.0912,2,2,4,1111,1000,4,165.826,186.259,3,26,0,3,0,0,0,2366
857,21.1136,3,3,4,1111,1000,4,169.400,186.328,1,26,1,0,0,0,0,2369
858,21.1198,3,3,4,1111,1000,4,150.945,171.216,4,26,1,3,0,0,0,2370
859,21.1337,4,4,4,1111,1000,4,108.875,164.697,4,26,1,3,0,0,0,2372
860,21.1462,4,4,4,1111,1000,4,118.325,145.172,4,26,1,3,0,0,0,2373
861,21.2139,1,1,4,1111,1000,4,179.794,180.879,0,26,0,0,0,0,0,2381
862,21.2341,4,4,4,1111,1000,4,144.691,189.351,4,26,1,3,0,0,0,2384
863,21.2370,2,2,4,1111,1000,4,145.952,160.225,4,26,1,3,0,0,0,2385
864,21.2539,3,3,4,1111,1000,4,141.763,162.069,3,26,0,3,0,0,0,2387
865,21.2584,3,3,4,1111,1000,4,124.111,139.080,1,26,1,0,0,0,0,2388
866,21.3453,3,3,4,1111,1000,4,186.584,204.521,3,26,0,3,0,0,0,2398
867,21.3574,4,4,4,1111,1000,4,142.896,196.260,3,26,0,3,0,0,0,2400
868,21.3767,4,4,4,1111,1000,4,152.820,183.520,3,26,0,3,0,0,0,2402
869,21.3786,1,1,4,1111,1000,4,147.334,153.417,0,26,0,0,0,0,0,2402
870,21.3835,2,2,4,1111,1000,4,135.143,146.562,3,26,0,3,0,0,0,2403
871,21.4435,3,3,4,1111,1000,4,173.379,191.440,3,26,0,3,0,0,0,2409
872,21.4493,4,4,4,1111,1000,4,112.681,169.793,4,26,1,3,0,0,0,2410
873,21.4673,4,4,4,1111,1000,4,128.355,155.835,4,26,1,3,0,0,0,2412
874,21.4694,1,1,4,1111,1000,4,123.621,125.888,1,26,1,0,0,0,0,2412
875,21.5577,3,3,4,1111,1000,4,189.480,209.512,3,26,0,3,0,0,0,2423
876,21.5693,4,4,4,1111,1000,4,128.164,193.738,4,26,1,3,0,0,0,2424
877,21.5863,4,4,4,1111,1000,4,143.435,178.740,4,26,1,3,0,0,0,2426
878,21.5884,1,1,4,1111,1000,4,144.052,144.124,0,26,0,0,0,0,0,2426
879,21.5894,1,1,4,1111,1000,4,130.417,139.979,0,26,0,0,0,0,0,2427
880,21.6636,2,2,4,1111,1000,4,182.190,202.481,3,26,0,3,0,0,0,2435
881,21.6805,4,4,4,1111,1000,4,131.552,199.073,4,26,1,3,0,0,0,2438
882,21.7356,4,4,4,1111,1000,4,183.341,222.126,4,26,1,3,0,0,0,2445
883,21.7384,2,2,4,1111,1000,4,180.112,192.915,3,26,0,3,0,0,0,2446
884,21.7554,3,3,4,1111,1000,4,173.308,187.730,1,26,1,0,0,0,0,2447
885,21.7604,3,3,4,1111,1000,4,154.704,171.082,4,26,1,3,0,0,0,2448
886,21.7784,4,4,4,1111,1000,4,116.951,168.800,4,26,1,3,0,0,0,2450
887,21.7833,3,3,4,1111,1000,4,119.073,141.669,4,26,1,3,0,0,0,2451
888,21.8514,1,1,4,1111,1000,4,180.690,182.785,0,26,0,0,0,0,0,2457
889,21.8699,4,4,4,1111,1000,4,133.667,196.306,4,26,1,3,0,0,0,2460
890,21.8840,4,4,4,1111,1000,4,146.062,178.309,3,26,1,2,0,0,0,2461
891,21.8919,2,2,4,1111,1000,4,140.501,154.262,3,26,0,3,0,0,0,2462
892,21.8969,3,3,4,1111,1000,4,124.972,137.120,1,26,1,0,0,0,0,2463
893,21.9774,2,2,4,1111,1000,4,181.649,195.959,4,26,1,3,0,0,0,2473
894,21.9916,3,3,4,1111,1000,4,139.539,189.857,3,26,0,3,0,0,0,2475
895,21.9984,4,4,4,1111,1000,4,137.026,164.592,3,26,0,3,0,0,0,2476
896,22.0088,1,1,4,1111,1000,4,140.484,143.031,0,26,0,0,0,0,0,2477
897,22.0126,1,1,4,1111,1000,4,128.611,135.003,3,26,0,3,0,0,0,2477
898,22.1030,4,4,4,1111,1000,4,189.519,215.090,3,26,0,3,0,0,0,2485
899,22.1378,4,4,4,1111,1000,4,162.708,217.896,4,26,1,3,0,0,0,2489
900,22.1433,4,4,4,1111,1000,4,165.140,191.359,4,26,1,3,0,0,0,2489
901,22.1523,1,1,4,1111,1000,4,168.159,168.382,1,26,1,0,0,0,0,2491
902,22.1614,3,3,4,1111,1000,4,152.133,172.386,3,26,0,3,0,0,0,2492
903,22.1658,3,3,4,1111,1000,4,134.617,149.854,1,26,1,0,0,0,0,2492
904,22.2501,2,2,4,1111,1000,4,162.250,202.096,1,26,1,0,0,0,0,2503
905,22.2523,2,2,4,1111,1000,4,161.428,172.288,0,26,0,0,0,0,0,2504
906,22.2546,1,1,4,1111,1000,4,152.641,152.726,3,26,0,3,0,0,0,2504
907,22.2730,4,4,4,1111,1000,4,139.062,160.991,3,26,0,3,0,0,0,2506
908,22.2774,3,3,4,1111,1000,4,121.819,133.351,0,26,0,0,0,0,0,2506
909,22.3579,2,2,4,1111,1000,4,180.478,191.976,3,26,0,3,0,0,0,2516
910,22.3745,4,4,4,1111,1000,4,131.364,193.229,3,26,0,3,0,0,0,2519
911,22.3880,4,4,4,1111,1000,4,136.817,174.630,3,26,0,3,0,0,0,2520
912,22.3964,2,2,4,1111,1000,4,143.876,151.041,0,26,0,0,0,0,0,2521
913,22.3979,1,1,4,1111,1000,4,131.675,135.941,3,26,0,3,0,0,0,2521
914,22.4777,3,3,4,1111,1000,4,189.010,205.553,0,26,0,0,0,0,0,2532
915,22.4890,4,4,4,1111,1000,4,132.673,194.931,4,27,0,3,1,0,0,2533
916,22.5145,4,4,4,1111,1000,4,156.192,188.525,4,27,0,3,1,0,0,2536
917,22.5319,1,1,4,1111,1000,4,166.301,173.811,3,27,0,3,0,0,0,2538
918,22.5400,3,3,4,1111,1000,4,151.816,171.787,1,27,0,0,1,0,0,2540
919,22.5455,4,4,4,1111,1000,4,133.226,155.435,3,27,0,2,1,0,0,2540
920,22.6229,4,4,4,1111,1000,4,154.251,200.764,4,27,0,3,1,0,0,2549
921,22.6239,3,3,4,1111,1000,4,152.975,169.741,3,27,0,3,0,0,0,2549
922,22.6242,1,1,4,1111,1000,4,145.993,149.829,0,27,0,0,0,0,0,2549
923,22.6251,2,2,4,1111,1000,4,124.233,138.857,3,27,0,3,0,0,0,2550
924,22.7927,4,4,4,1111,1000,4,257.236,290.963,3,27,0,3,0,0,0,2571
925,22.7988,4,4,4,1111,1000,4,176.549,265.039,3,27,0,3,0,0,0,2572
926,22.8181,4,4,4,1111,1000,4,194.519,252.280,3,27,0,3,0,0,0,2574
927,22.8344,4,4,4,1111,1000,4,209.844,236.578,3,27,0,3,0,0,0,2576
928,22.8387,1,1,4,1111,1000,4,208.684,208.764,0,27,0,0,0,0,0,2577
929,22.8410,2,2,4,1111,1000,4,190.197,206.564,3,27,0,3,0,0,0,2577
930,22.8617,4,4,4,1111,1000,4,170.455,205.321,3,27,1,2,0,0,0,2579
931,22.8673,4,4,4,1111,1000,4,147.198,178.906,2,27,0,2,0,0,0,2579
932,22.9012,4,4,4,1111,1000,4,124.952,180.750,2,27,0,2,0,0,0,2582
933,22.9182,4,4,4,1111,1000,4,139.574,165.748,3,27,1,2,0,0,0,2584
934,22.9205,1,1,4,1111,1000,4,134.781,136.032,1,27,1,0,0,0,0,2585
935,23.0060,3,3,4,1111,1000,4,197.385,215.901,2,27,0,2,0,0,0,2595
936,23.0103,3,3,4,1111,1000,4,175.574,193.842,1,27,1,0,0,0,0,2596
937,23.0160,2,2,4,1111,1000,4,161.007,177.464,1,27,0,1,0,0,0,2597
938,23.0552,2,2,4,1111,1000,4,169.290,196.546,3,27,0,3,0,0,0,2602
939,23.0669,3,3,4,1111,1000,4,155.578,180.714,2,27,0,2,0,0,0,2603
940,23.1038,3,3,4,1111,1000,4,169.915,191.227,1,27,1,0,0,0,0,2607
941,23.1105,4,4,4,1111,1000,4,120.789,175.798,4,27,1,3,0,0,0,2608
942,23.1272,4,4,4,1111,1000,4,128.122,160.488,4,27,1,3,0,0,0,2611
943,23.1292,1,1,4,1111,1000,4,122.589,130.434,3,27,0,3,0,0,0,2611
944,23.2184,4,4,4,1111,1000,4,164.760,209.748,3,27,1,2,0,0,0,2621
945,23.2232,3,3,4,1111,1000,4,167.571,182.610,1,27,1,0,0,0,0,2622
946,23.2248,1,1,4,1111,1000,4,157.385,161.954,2,27,0,2,0,0,0,2622
947,23.2436,4,4,4,1111,1000,4,142.644,170.922,4,27,1,3,0,0,0,2624
948,23.2618,3,3,4,1111,1000,4,137.301,157.169,1,27,1,0,0,0,0,2625
949,23.2662,3,3,4,1111,1000,4,119.675,139.324,4,27,1,3,0,0,0,2626
950,23.3652,4,4,4,1111,1000,4,162.870,218.218,4,27,1,3,0,0,0,2638
951,23.3780,3,3,4,1111,1000,4,173.446,199.026,4,27,1,3,0,0,0,2640
952,23.3810,1,1,4,1111,1000,4,169.319,170.003,0,27,0,0,0,0,0,2640
953,23.3869,2,2,4,1111,1000,4,152.870,163.951,4,27,1,3,0,0,0,2641
954,23.3908,2,2,4,1111,1000,4,133.005,147.745,2,27,0,2,0,0,0,2641
955,23.4684,3,3,4,1111,1000,4,183.831,203.646,1,27,1,0,0,0,0,2650
956,23.5079,4,4,4,1111,1000,4,151.972,220.907,4,27,1,3,0,0,0,2652
957,23.5144,4,4,4,1111,1000,4,157.209,195.348,4,27,1,3,0,0,0,2653
958,23.5308,2,2,4,1111,1000,4,167.348,179.765,4,27,1,3,0,0,0,2655
959,23.5348,2,2,4,1111,1000,4,155.727,167.939,0,27,0,0,0,0,0,2656
960,23.5469,3,3,4,1111,1000,4,143.941,163.729,4,27,1,3,0,0,0,2657
961,23.5569,4,4,4,1111,1000,4,97.195,153.718,4,27,1,3,0,0,0,2658
962,23.6383,3,3,4,1111,1000,4,175.040,203.056,1,27,1,0,0,0,0,2668
963,23.6426,1,1,4,1111,1000,4,153.604,153.689,1,27,1,0,0,0,0,2669
964,23.6439,1,1,4,1111,1000,4,140.417,148.894,0,27,0,0,0,0,0,2669
965,23.6475,2,2,4,1111,1000,4,123.770,136.210,4,27,1,3,0,0,0,2669
966,23.7660,3,3,4,1111,1000,4,218.789,238.874,3,27,0,3,0,0,0,2684
967,23.7707,3,3,4,1111,1000,4,200.660,217.768,1,27,1,0,0,0,0,2685
968,23.7893,4,4,4,1111,1000,4,163.075,214.012,4,27,1,3,0,0,0,2688
969,23.8030,4,4,4,1111,1000,4,167.403,195.693,3,27,1,2,0,0,0,2689
970,23.8111,1,1,4,1111,1000,4,171.683,171.762,3,27,0,3,0,0,0,2690
971,23.8149,2,2,4,1111,1000,4,156.631,165.904,1,27,1,0,0,0,0,2690
972,23.8315,4,4,4,1111,1000,4,105.457,172.099,4,27,1,3,0,0,0,2692
973,23.8385,4,4,4,1111,1000,4,108.424,147.049,4,27,1,3,0,0,0,2693
974,23.9307,4,4,4,1111,1000,4,164.115,207.197,4,27,1,3,0,0,0,2705
975,23.9354,2,2,4,1111,1000,4,166.552,179.887,3,27,0,3,0,0,0,2705
976,23.9372,1,1,4,1111,1000,4,156.851,160.077,1,27,1,0,0,0,0,2705
977,23.9553,3,3,4,1111,1000,4,152.187,171.852,3,27,0,3,0,0,0,2708
978,23.9601,3,3,4,1111,1000,4,133.017,150.972,1,27,1,0,0,0,0,2709
979,24.0376,3,3,4,1111,1000,4,187.526,205.957,4,27,1,3,0,0,0,2718
980,24.0493,4,4,4,1111,1000,4,133.172,197.698,4,27,1,3,0,0,0,2720
981,24.1034,4,4,4,1111,1000,4,183.937,219.815,3,27,0,3,0,0,0,2726
982,24.1050,1,1,4,1111,1000,4,177.579,189.363,0,27,0,0,0,0,0,2727
983,24.1229,4,4,4,1111,1000,4,174.911,195.227,4,27,1,3,0,0,0,2729
984,24.1258,2,2,4,1111,1000,4,152.825,166.126,3,27,0,3,0,0,0,2729
985,24.1700,4,4,4,1111,1000,4,141.621,194.285,3,27,0,3,0,0,0,2735
986,24.1775,3,3,4,1111,1000,4,145.648,169.823,3,27,0,3,0,0,0,2736
987,24.1841,1,1,4,1111,1000,4,146.191,150.842,0,27,0,0,0,0,0,2737
988,24.1925,4,4,4,1111,1000,4,90.470,152.760,3,27,0,3,0,0,0,2737
989,24.3054,4,4,4,1111,1000,4,201.631,233.635,3,27,0,3,0,0,0,2750
990,24.3135,2,2,4,1111,1000,4,195.510,209.579,0,27,0,0,0,0,0,2751
991,24.3217,4,4,4,1111,1000,4,151.272,201.764,3,27,0,3,0,0,0,2752
992,24.3368,4,4,4,1111,1000,4,163.444,184.910,3,27,0,3,0,0,0,2754
993,24.3389,1,1,4,1111,1000,4,153.963,154.920,3,27,0,3,0,0,0,2754
994,24.3440,3,3,4,1111,1000,4,137.053,150.594,0,27,0,0,0,0,0,2754
995,24.4055,4,4,4,1111,1000,4,140.813,189.500,3,27,0,3,0,0,0,2762
996,24.4183,3,3,4,1111,1000,4,144.484,170.304,3,27,0,3,0,0,0,2764
997,24.4218,1,1,4,1111,1000,4,137.909,141.725,3,27,0,3,0,0,0,2764
998,24.4266,2,2,4,1111,1000,4,121.241,130.526,0,27,0,0,0,0,0,2765
999,24.5179,3,3,4,1111,1000,4,187.427,205.848,3,27,0,3,0,0,0,2776
1000,24.5290,4,4,4,1111,1000,4,126.036,196.943,3,27,0,3,0,0,0,2778
1001,24.5481,4,4,4,1111,1000,4,143.995,184.048,3,27,0,3,0,0,0,2780
1002,24.5494,1,1,4,1111,1000,4,144.183,153.336,0,27,0,0,0,0,0,2780
1003,24.5531,2,2,4,1111,1000,4,133.594,144.913,4,27,1,3,0,0,0,2781
1004,24.6305,3,3,4,1111,1000,4,187.944,206.269,3,27,0,3,0,0,0,2789
1005,24.6426,4,4,4,1111,1000,4,133.359,193.052,3,27,0,3,0,0,0,2791
1006,24.7150,4,4,4,1111,1000,4,203.645,233.432,4,27,1,3,0,0,0,2799
1007,24.7159,1,1,4,1111,1000,4,197.508,202.343,0,27,0,0,0,0,0,2799
1008,24.7209,3,3,4,1111,1000,4,179.939,200.498,3,27,0,3,0,0,0,2800
1009,24.7379,3,3,4,1111,1000,4,172.809,192.254,0,27,0,0,0,0,0,2802
1010,24.7521,4,4,4,1111,1000,4,130.489,183.736,4,27,1,3,0,0,0,2804
1011,24.7608,3,3,4,1111,1000,4,135.841,160.446,4,27,1,3,0,0,0,2805
1012,24.7632,1,1,4,1111,1000,4,130.716,130.782,3,27,0,3,0,0,0,2805
1013,24.8753,4,4,4,1111,1000,4,184.949,233.640,4,27,1,3,0,0,0,2818
1014,24.8787,2,2,4,1111,1000,4,186.141,204.998,1,27,1,0,0,0,0,2818
1015,24.9047,3,3,4,1111,1000,4,189.457,208.223,3,27,0,3,0,0,0,2819
1016,24.9072,2,2,4,1111,1000,4,177.097,190.849,3,27,0,3,0,0,0,2820
1017,24.9236,3,3,4,1111,1000,4,170.024,185.873,0,27,0,0,0,0,0,2821
1018,24.9264,2,2,4,1111,1000,4,149.623,165.870,3,27,0,3,0,0,0,2821
1019,24.9469,4,4,4,1111,1000,4,114.147,170.181,3,27,0,3,0,0,0,2824
1020,24.9544,4,4,4,1111,1000,4,117.465,145.668,3,27,0,3,0,0,0,2825
1021,25.0197,3,3,4,1111,1000,4,145.707,178.867,0,27,0,0,0,0,0,2833
1022,25.0312,1,1,4,1111,1000,4,155.607,158.298,0,27,0,0,0,0,0,2834
1023,25.0359,1,1,4,1111,1000,4,137.941,138.007,0,27,0,0,0,0,0,2835
1024,25.0369,1,1,4,1111,1000,4,117.826,131.940,0,27,0,0,0,0,0,2836
1025,25.1284,3,3,4,1111,1000,4,188.802,207.696,3,27,0,3,0,0,0,2846
1026,25.1381,3,3,4,1111,1000,4,175.425,197.473,2,27,0,2,0,0,0,2848
1027,25.1521,4,4,4,1111,1000,4,134.168,183.047,3,27,0,3,0,0,0,2849
1028,25.1600,3,3,4,1111,1000,4,141.082,159.017,2,27,0,2,0,0,0,2850
1029,25.1622,1,1,4,1111,1000,4,130.341,136.241,0,27,0,0,0,0,0,2851
1030,25.2417,3,3,4,1111,1000,4,190.257,208.649,2,27,0,2,0,0,0,2861
1031,25.2503,4,4,4,1111,1000,4,130.835,192.369,4,27,1,3,0,0,0,2862
1032,25.2634,4,4,4,1111,1000,4,141.036,173.471,4,27,1,3,0,0,0,2864
1033,25.2661,1,1,4,1111,1000,4,137.150,144.095,1,27,1,0,0,0,0,2864
1034,25.2734,3,3,4,1111,1000,4,121.097,144.165,3,27,0,3,0,0,0,2865
1035,25.3635,3,3,4,1111,1000,4,187.659,209.476,1,27,1,0,0,0,0,2876
1036,25.3749,4,4,4,1111,1000,4,142.713,197.885,4,27,1,3,0,0,0,2877
1037,25.3893,4,4,4,1111,1000,4,153.862,180.335,3,27,1,2,0,0,0,2880
1038,25.3945,1,1,4,1111,1000,4,152.186,153.458,2,27,0,2,0,0,0,2880
1039,25.3991,3,3,4,1111,1000,4,133.401,149.051,1,27,1,0,0,0,0,2880
1040,25.5195,4,4,4,1111,1000,4,225.326,246.462,4,27,1,3,0,0,0,2896
1041,25.5383,4,4,4,1111,1000,4,183.286,233.227,4,27,1,3,0,0,0,2898
1042,25.5462,4,4,4,1111,1000,4,189.014,209.049,3,27,1,2,0,0,0,2899
1043,25.5535,1,1,4,1111,1000,4,184.296,184.363,1,27,0,1,0,0,0,2900
1044,25.5617,2,2,4,1111,1000,4,174.985,183.510,1,27,1,0,0,0,0,2901
1045,25.5686,3,3,4,1111,1000,4,158.003,179.663,2,27,1,1,0,0,0,2901
1046,25.5863,4,4,4,1111,1000,4,119.119,168.741,3,27,1,2,0,0,0,2904
1047,25.5994,3,3,4,1111,1000,4,128.176,149.810,2,27,0,2,0,0,0,2905
1048,25.6112,4,4,4,1111,1000,4,93.320,136.964,3,27,1,2,0,0,0,2907
1049,25.7297,3,3,4,1111,1000,4,209.724,223.420,1,27,1,0,0,0,0,2919
1050,25.7323,1,1,4,1111,1000,4,200.941,202.997,3,27,0,3,0,0,0,2920
1051,25.7433,3,3,4,1111,1000,4,189.592,205.070,1,27,1,0,0,0,0,2922
1052,25.7516,2,2,4,1111,1000,4,174.466,190.216,4,27,1,3,0,0,0,2922
1053,25.7565,3,3,4,1111,1000,4,156.682,178.634,2,27,0,2,0,0,0,2923
1054,25.7750,3,3,4,1111,1000,4,152.100,172.656,1,27,1,0,0,0,0,2926
1055,25.7892,4,4,4,1111,1000,4,109.440,163.782,3,27,1,2,0,0,0,2927
1056,25.8007,3,3,4,1111,1000,4,116.869,143.232,2,27,0,2,0,0,0,2928
1057,25.9210,4,4,4,1111,1000,4,190.476,231.454,5,28,1,3,0,1,0,2943
1058,25.9227,1,1,4,1111,1000,4,189.683,201.145,3,28,0,3,0,0,0,2944
1059,25.9645,2,2,4,1111,1000,4,221.020,226.507,1,28,0,0,0,1,0,2949
1060,25.9686,2,2,4,1111,1000,4,201.988,215.081,4,28,1,3,0,0,0,2950
1061,25.9849,3,3,4,1111,1000,4,195.413,214.809,4,28,0,3,0,1,0,2951
1062,25.9892,3,3,4,1111,1000,4,176.275,194.759,2,28,1,0,0,1,0,2952
1063,26.0065,4,4,4,1111,1000,4,137.211,188.857,5,28,1,3,0,1,0,2954
1064,26.0137,4,4,4,1111,1000,4,140.437,164.026,5,28,1,3,0,1,0,2955
1065,26.0585,4,4,4,1111,1000,4,138.549,176.748,5,28,1,3,0,1,0,2959
1066,26.0614,1,1,4,1111,1000,4,139.818,147.729,2,28,0,2,0,0,0,2959
1067,26.0772,4,4,4,1111,1000,4,112.293,154.684,5,28,1,3,0,1,0,2961
1068,26.0830,3,3,4,1111,1000,4,114.831,128.426,2,28,1,0,0,1,0,2962
1069,26.1540,1,1,4,1111,1000,4,172.913,176.145,2,28,0,2,0,0,0,2970
1070,26.1587,3,3,4,1111,1000,4,157.093,172.125,3,29,1,0,1,1,0,2972
1071,26.1764,3,3,4,1111,1000,4,120.506,166.595,5,29,1,3,1,0,0,2973
1072,26.1803,2,2,4,1111,1000,4,122.196,138.407,3,29,1,2,0,0,0,2974
1073,26.2487,1,1,4,1111,1000,4,179.381,187.004,0,29,0,0,0,0,0,2982
1074,26.2959,4,4,4,1111,1000,4,141.691,221.970,5,29,1,3,0,1,0,2986
1075,26.3243,4,4,4,1111,1000,4,167.229,218.321,5,29,1,3,0,1,0,2988
1076,26.3435,4,4,4,1111,1000,4,185.191,205.559,5,29,1,3,0,1,0,2990
1077,26.3458,1,1,4,1111,1000,4,175.727,175.807,3,29,0,3,0,0,0,2990
1078,26.3575,3,3,4,1111,1000,4,166.260,178.850,2,29,1,0,0,1,0,2992
1079,26.3688,4,4,4,1111,1000,4,119.560,166.821,5,29,1,3,0,1,0,2993
1080,26.3802,3,3,4,1111,1000,4,127.070,146.195,5,29,1,3,0,1,0,2995
1081,26.3897,3,3,4,1111,1000,4,100.138,135.983,1,29,0,0,0,1,0,2996
1082,26.4600,1,1,4,1111,1000,4,153.117,153.198,1,29,1,0,0,0,0,3005
1083,26.4689,1,1,4,1111,1000,4,149.217,154.068,1,29,0,0,0,1,0,3006
1084,26.4767,1,1,4,1111,1000,4,141.858,146.561,3,29,0,3,0,0,0,3007
1085,26.4812,3,3,4,1111,1000,4,123.589,142.432,2,29,1,0,0,1,0,3008
1086,26.5689,3,3,4,1111,1000,4,188.235,206.727,5,29,1,3,0,1,0,3018
1087,26.5778,3,3,4,1111,1000,4,173.062,195.894,4,29,1,3,0,0,0,3020
1088,26.5863,4,4,4,1111,1000,4,125.804,175.414,5,29,1,3,0,1,0,3020
1089,26.6277,4,4,4,1111,1000,4,157.764,184.707,5,29,1,3,0,1,0,3026
1090,26.6370,1,1,4,1111,1000,4,159.593,161.977,1,29,0,0,0,1,0,3027
1091,26.6449,2,2,4,1111,1000,4,152.593,166.936,3,29,0,3,0,0,0,3028
1092,26.6507,4,4,4,1111,1000,4,90.699,151.836,4,29,1,3,0,0,0,3029
1093,26.7435,4,4,4,1111,1000,4,180.927,212.631,5,29,1,3,0,1,0,3040
1094,26.7450,1,1,4,1111,1000,4,175.564,182.015,1,29,1,0,0,0,0,3040
1095,26.7591,4,4,4,1111,1000,4,135.433,187.986,5,29,1,3,0,1,0,3042
1096,26.7706,3,3,4,1111,1000,4,144.704,167.409,3,29,0,2,0,1,0,3044
1097,26.7742,2,2,4,1111,1000,4,136.638,147.238,2,29,1,0,0,1,0,3044
1098,26.8384,3,3,4,1111,1000,4,177.857,200.239,4,29,1,3,0,0,0,3052
1099,26.8567,4,4,4,1111,1000,4,129.084,189.453,5,29,1,3,0,1,0,3054
1100,26.8630,4,4,4,1111,1000,4,133.120,163.688,5,29,1,3,0,1,0,3056
1101,26.8794,2,2,4,1111,1000,4,142.263,148.039,1,29,0,0,0,1,0,3057
1102,26.8828,2,2,4,1111,1000,4,122.743,136.201,4,29,1,3,0,0,0,3057
1103,26.9785,4,4,4,1111,1000,4,142.818,215.101,4,29,1,2,0,1,0,3069
1104,26.9840,4,4,4,1111,1000,4,146.401,188.584,4,29,0,3,0,1,0,3070
1105,26.9940,2,2,4,1111,1000,4,155.115,166.518,1,29,0,0,0,1,0,3072
1106,27.0014,1,1,4,1111,1000,4,151.760,158.714,3,29,0,3,0,0,0,3072
1107,27.0064,3,3,4,1111,1000,4,134.116,155.258,1,29,0,0,0,1,0,3073
1108,27.0912,4,4,4,1111,1000,4,195.403,216.471,4,29,0,3,0,1,0,3083
1109,27.1234,4,4,4,1111,1000,4,160.811,216.612,6,29,1,3,1,1,0,3086
1110,27.1292,4,4,4,1111,1000,4,164.375,190.376,5,29,0,3,1,1,0,3086
1111,27.1381,1,1,4,1111,1000,4,166.249,167.216,3,29,0,3,0,0,0,3087
1112,27.1472,3,3,4,1111,1000,4,152.949,168.017,2,29,0,0,1,1,0,3088
1113,27.1511,2,2,4,1111,1000,4,132.668,148.292,3,29,1,2,0,0,0,3090
1114,27.2368,4,4,4,1111,1000,4,162.104,217.075,6,29,1,3,1,1,0,3100
1115,27.2417,3,3,4,1111,1000,4,164.503,189.984,5,29,0,3,1,1,0,3100
1116,27.2505,1,1,4,1111,1000,4,166.466,166.694,1,29,0,0,0,1,0,3102
1117,27.2592,3,3,4,1111,1000,4,135.593,172.662,5,29,0,3,1,1,0,3103
1118,27.2638,3,3,4,1111,1000,4,121.342,145.215,4,29,0,3,1,0,0,3103
1119,27.3450,2,2,4,1111,1000,4,182.932,197.129,1,29,0,0,1,0,0,3114
1120,27.3588,4,4,4,1111,1000,4,130.414,195.772,3,29,0,3,0,0,0,3115
1121,27.3655,4,4,4,1111,1000,4,133.782,170.456,3,29,0,3,0,0,0,3116
1122,27.3811,2,2,4,1111,1000,4,144.778,154.002,4,29,1,3,0,0,0,3118
1123,27.3842,2,2,4,1111,1000,4,131.864,140.187,0,29,0,0,0,0,0,3118
1124,27.4574,2,2,4,1111,1000,4,182.079,198.326,3,29,0,3,0,0,0,3126
1125,27.4726,4,4,4,1111,1000,4,130.717,196.522,3,29,0,3,0,0,0,3128
1126,27.4863,4,4,4,1111,1000,4,140.727,178.216,3,29,0,3,0,0,0,3129
1127,27.4949,2,2,4,1111,1000,4,142.668,154.787,1,29,0,0,0,1,0,3130
1128,27.5268,3,3,4,1111,1000,4,152.496,171.587,5,29,1,3,0,1,0,3134
1129,27.5314,3,3,4,1111,1000,4,133.396,156.573,3,29,0,3,0,0,0,3134
1130,27.6157,4,4,4,1111,1000,4,160.964,211.447,5,29,1,3,0,1,0,3145
1131,27.6191,2,2,4,1111,1000,4,161.008,180.230,3,29,0,3,0,0,0,3145
1132,27.6204,1,1,4,1111,1000,4,155.325,160.885,0,29,0,0,0,0,0,3146
1133,27.6306,2,2,4,1111,1000,4,144.126,159.711,3,29,0,3,0,0,0,3147
1134,27.6432,4,4,4,1111,1000,4,117.104,151.690,4,29,0,3,0,1,0,3148
1135,27.7298,3,3,4,1111,1000,4,187.585,206.225,2,29,1,0,0,1,0,3156
1136,27.7422,4,4,4,1111,1000,4,134.147,194.742,6,31,0,3,0,3,0,3157
1137,27.7603,4,4,4,1111,1000,4,149.591,180.800,4,31,0,2,0,2,0,3160
1138,27.7617,1,1,4,1111,1000,4,146.811,150.217,3,31,0,3,0,0,0,3160
1139,27.7653,2,2,4,1111,1000,4,134.420,145.671,4,31,1,0,0,3,0,3160
1140,27.8416,3,3,4,1111,1000,4,187.055,210.560,3,31,0,3,0,0,0,3169
1141,27.8512,3,3,4,1111,1000,4,130.085,190.642,3,31,0,0,0,3,0,3170
1142,27.8564,2,2,4,1111,1000,4,132.295,163.739,3,31,0,0,0,3,0,3172
1143,27.8662,1,1,4,1111,1000,4,136.208,141.510,1,31,0,0,0,1,0,3172
1144,27.8723,2,2,4,1111,1000,4,117.675,132.628,3,31,0,3,0,0,0,3173
1145,27.9631,3,3,4,1111,1000,4,186.725,206.398,6,31,0,3,0,3,0,3184
1146,27.9751,4,4,4,1111,1000,4,142.294,195.350,6,31,1,3,0,2,0,3186
1147,27.9863,3,3,4,1111,1000,4,150.630,174.516,0,31,0,0,0,0,0,3188
1148,27.9941,1,1,4,1111,1000,4,152.144,158.352,3,31,0,3,0,0,0,3188
1149,27.9987,3,3,4,1111,1000,4,132.289,154.943,1,31,0,0,0,1,0,3189
1150,28.1186,4,4,4,1111,1000,4,230.455,250.797,5,31,1,3,0,1,0,3204
1151,28.1379,4,4,4,1111,1000,4,183.339,238.173,3,31,0,3,0,0,0,3206
1152,28.1436,4,4,4,1111,1000,4,185.575,211.743,3,31,0,3,0,0,0,3208
1153,28.1527,1,1,4,1111,1000,4,188.473,188.851,3,31,0,3,0,0,0,3208
1154,28.1624,3,3,4,1111,1000,4,175.929,190.584,1,31,0,0,0,1,0,3209
1155,28.1659,2,2,4,1111,1000,4,155.062,169.992,2,31,0,2,0,0,0,3210
1156,28.1841,4,4,4,1111,1000,4,116.989,171.019,4,31,0,3,0,1,0,3212
1157,28.1897,4,4,4,1111,1000,4,118.446,144.571,4,31,0,3,0,1,0,3213
1158,28.2749,4,4,4,1111,1000,4,157.225,197.774,5,31,0,3,0,2,0,3224
1159,28.2787,2,2,4,1111,1000,4,159.452,169.505,3,32,0,0,0,3,0,3224
1160,28.2804,1,1,4,1111,1000,4,149.386,156.378,3,32,0,3,0,0,0,3224
1161,28.2992,4,4,4,1111,1000,4,143.067,167.273,6,32,0,3,0,3,0,3226
1162,28.3297,3,3,4,1111,1000,4,149.540,165.748,3,32,0,0,0,3,0,3230
1163,28.3342,2,2,4,1111,1000,4,132.667,146.159,3,32,0,3,0,0,0,3231
1164,28.4196,4,4,4,1111,1000,4,162.155,214.302,6,32,0,3,0,3,0,3241
1165,28.4263,4,4,4,1111,1000,4,159.410,188.937,7,32,1,3,0,3,0,3242
1166,28.4420,2,2,4,1111,1000,4,167.770,172.597,3,32,0,0,0,3,0,3244
1167,28.4439,1,1,4,1111,1000,4,154.021,159.159,3,32,0,3,0,0,0,3244
1168,28.4647,4,4,4,1111,1000,4,136.654,172.645,7,33,1,3,0,3,0,3248
1169,28.4695,3,3,4,1111,1000,4,123.770,145.360,3,33,1,0,0,2,0,3248
1170,28.5638,4,4,4,1111,1000,4,152.041,215.545,5,33,0,3,0,2,0,3258
1171,28.5693,4,4,4,1111,1000,4,154.865,189.073,6,33,0,3,0,3,0,3258
1172,28.5791,1,1,4,1111,1000,4,160.188,166.759,3,33,0,3,0,0,0,3259
1173,28.5890,3,3,4,1111,1000,4,154.286,168.819,2,33,0,0,0,2,0,3260
1174,28.5924,2,2,4,1111,1000,4,134.454,148.049,3,33,0,3,0,0,0,3262
1175,28.6692,3,3,4,1111,1000,4,187.751,207.507,5,33,0,3,0,2,0,3271
1176,28.6782,3,3,4,1111,1000,4,130.449,184.515,6,33,0,3,0,3,0,3272
1177,28.6916,4,4,4,1111,1000,4,141.235,165.799,6,33,0,3,0,3,0,3274
1178,28.6985,1,1,4,1111,1000,4,140.596,140.683,3,33,0,0,0,3,0,3274
1179,28.7044,2,2,4,1111,1000,4,124.558,144.581,3,33,0,3,0,0,0,3275
1180,28.7915,3,3,4,1111,1000,4,188.036,211.256,3,34,0,0,0,3,0,3286
1181,28.8034,4,4,4,1111,1000,4,142.979,198.861,7,34,0,3,0,4,0,3287
1182,28.8201,4,4,4,1111,1000,4,156.804,183.542,7,34,0,3,0,4,0,3290
1183,28.8223,1,1,4,1111,1000,4,152.751,153.772,3,34,0,3,0,0,0,3290
1184,28.8271,3,3,4,1111,1000,4,134.593,150.807,4,34,0,0,0,4,0,3290
1185,28.9263,4,4,4,1111,1000,4,200.677,225.712,8,35,0,3,0,5,0,3301
1186,28.9449,4,4,4,1111,1000,4,162.156,212.280,8,35,0,3,0,5,0,3304
1187,28.9592,4,4,4,1111,1000,4,174.122,194.475,8,35,0,3,0,5,0,3305
1188,28.9661,1,1,4,1111,1000,4,169.343,169.426,3,35,0,3,0,0,0,3306
1189,28.9710,3,3,4,1111,1000,4,154.550,166.631,5,35,0,0,0,5,0,3306
1190,28.9763,2,2,4,1111,1000,4,136.580,147.501,3,35,0,3,0,0,0,3308
1191,29.0264,3,3,4,1111,1000,4,130.786,178.266,2,35,0,2,0,0,0,3313
1192,29.0359,3,3,4,1111,1000,4,126.414,155.772,3,35,0,3,0,0,0,3314
1193,29.0382,1,1,4,1111,1000,4,126.480,127.909,5,35,0,0,0,5,0,3314
1194,29.1190,3,3,4,1111,1000,4,182.662,206.846,2,35,0,2,0,0,0,3322
1195,29.1257,3,3,4,1111,1000,4,166.250,183.398,7,35,0,2,0,5,0,3323
1196,29.1387,4,4,4,1111,1000,4,122.249,174.231,7,35,0,2,0,5,0,3324
1197,29.1492,3,3,4,1111,1000,4,131.344,152.645,4,35,0,0,0,4,0,3325
1198,29.1512,1,1,4,1111,1000,4,124.370,130.277,2,35,0,2,0,0,0,3325
1199,29.2285,3,3,4,1111,1000,4,179.391,199.944,4,35,0,0,0,4,0,3334
1200,29.2665,4,4,4,1111,1000,4,159.051,213.520,6,35,0,2,0,4,0,3340
1201,29.2700,2,2,4,1111,1000,4,153.995,177.357,5,35,0,0,0,5,0,3340
1202,29.2710,1,1,4,1111,1000,4,146.275,146.330,0,35,0,0,0,0,0,3340
1203,29.2803,1,1,4,1111,1000,4,140.802,145.707,4,35,0,0,0,4,0,3341
1204,29.2886,2,2,4,1111,1000,4,126.726,139.500,2,35,0,2,0,0,0,3342
1205,29.3710,4,4,4,1111,1000,4,151.473,204.407,4,35,0,2,0,2,0,3352
1206,29.3729,4,4,4,1111,1000,4,150.630,174.251,6,35,0,3,0,3,0,3352
1207,29.3737,1,1,4,1111,1000,4,142.907,143.003,1,35,0,0,0,1,0,3353
1208,29.3816,3,3,4,1111,1000,4,120.185,149.170,3,35,0,3,0,0,0,3354
1209,29.4634,3,3,4,1111,1000,4,178.871,200.671,5,35,0,3,0,2,0,3364
1210,29.4732,4,4,4,1111,1000,4,102.969,188.492,4,35,0,3,0,1,0,3365
1211,29.5083,4,4,4,1111,1000,4,137.056,191.534,4,35,0,3,0,1,0,3369
1212,29.5610,3,3,4,1111,1000,4,188.739,212.257,1,35,0,0,0,1,0,3376
1213,29.5620,1,1,4,1111,1000,4,186.261,188.673,3,35,0,3,0,0,0,3376
1214,29.5668,3,3,4,1111,1000,4,169.699,185.990,1,35,0,0,0,1,0,3377
1215,29.6135,4,4,4,1111,1000,4,158.547,208.188,5,35,0,3,0,2,0,3382
1216,29.6188,4,4,4,1111,1000,4,161.346,181.408,5,35,0,3,0,2,0,3384
1217,29.6217,1,1,4,1111,1000,4,152.237,152.310,3,35,0,3,0,0,0,3384
1218,29.6841,4,4,4,1111,1000,4,178.678,207.236,5,35,0,3,0,2,0,3392
1219,29.7407,4,4,4,1111,1000,4,179.843,231.823,5,35,0,3,0,2,0,3398
1220,29.7520,3,3,4,1111,1000,4,189.300,211.092,2,35,0,0,0,2,0,3400
1221,29.7636,4,4,4,1111,1000,4,178.488,198.077,4,35,0,2,0,2,0,3401
1222,29.7685,2,2,4,1111,1000,4,161.772,170.975,3,35,0,3,0,0,0,3402
1223,29.7834,4,4,4,1111,1000,4,101.610,168.212,5,35,0,3,0,2,0,3404
1224,29.7924,4,4,4,1111,1000,4,109.596,145.179,5,35,0,3,0,2,0,3405
1225,29.8326,2,2,4,1111,1000,4,148.715,153.278,2,35,0,0,0,2,0,3410
1226,29.8505,4,4,4,1111,1000,4,111.386,156.837,5,35,0,3,0,2,0,3412
1227,29.8537,2,2,4,1111,1000,4,112.622,128.055,3,35,0,3,0,0,0,3412
1228,29.9414,2,2,4,1111,1000,4,189.121,198.061,2,35,0,0,0,2,0,3422
1229,29.9503,4,4,4,1111,1000,4,172.997,192.636,5,35,0,3,0,2,0,3423
1230,29.9564,4,4,4,1111,1000,4,124.276,166.677,5,35,0,3,0,2,0,3423
1231,29.9723,2,2,4,1111,1000,4,138.955,150.537,3,35,0,3,0,0,0,3426
1232,29.9755,2,2,4,1111,1000,4,130.692,135.985,2,35,0,0,0,2,0,3426
1233,30.0546,2,2,4,1111,1000,4,187.817,200.821,3,35,0,3,0,0,0,3436
1234,30.0646,3,3,4,1111,1000,4,131.358,193.050,4,35,0,2,0,2,0,3437
1235,30.0777,3,3,4,1111,1000,4,135.922,174.150,5,35,0,3,0,2,0,3438
1236,30.0870,2,2,4,1111,1000,4,142.107,151.408,2,35,0,0,0,2,0,3440
1237,30.0905,2,2,4,1111,1000,4,124.603,140.557,3,35,0,3,0,0,0,3440
1238,30.1696,4,4,4,1111,1000,4,180.067,201.924,5,35,0,3,0,2,0,3450
1239,30.1774,4,4,4,1111,1000,4,131.036,177.722,5,35,0,3,0,2,0,3451
1240,30.1852,4,4,4,1111,1000,4,130.113,153.503,6,35,0,3,0,3,0,3452
1241,30.1924,1,1,4,1111,1000,4,128.526,128.605,3,35,0,0,0,3,0,3453
1242,30.1969,1,1,4,1111,1000,4,119.026,131.613,0,35,0,0,0,0,0,3454
1243,30.2967,4,4,4,1111,1000,4,195.359,218.700,6,36,0,2,0,4,0,3464
1244,30.3020,4,4,4,1111,1000,4,142.304,191.937,6,36,0,3,0,3,0,3464
1245,30.3194,4,4,4,1111,1000,4,151.288,177.322,6,36,0,3,0,3,0,3466
1246,30.3208,1,1,4,1111,1000,4,146.596,146.662,3,36,0,3,0,0,0,3467
1247,30.3242,2,2,4,1111,1000,4,131.429,142.849,2,36,0,0,0,2,0,3468
1248,30.4053,3,3,4,1111,1000,4,190.232,211.921,3,36,0,3,0,0,0,3477
1249,30.4428,4,4,4,1111,1000,4,162.214,218.781,5,36,0,3,0,2,0,3482
1250,30.4488,3,3,4,1111,1000,4,165.563,191.416,3,36,0,3,0,0,0,3483
1251,30.4578,1,1,4,1111,1000,4,167.965,168.377,0,36,0,0,0,0,0,3484
1252,30.4643,2,2,4,1111,1000,4,151.327,161.997,3,36,0,3,0,0,0,3485
1253,30.4734,4,4,4,1111,1000,4,72.771,153.243,3,36,0,3,0,0,0,3486
1254,30.5311,4,4,4,1111,1000,4,128.142,178.893,3,36,0,3,0,0,0,3490
1255,30.5368,4,4,4,1111,1000,4,130.950,152.632,3,36,0,3,0,0,0,3491
1256,30.5543,4,4,4,1111,1000,4,113.560,138.025,2,36,0,2,0,0,0,3492
1257,30.5557,1,1,4,1111,1000,4,107.364,107.424,0,36,0,0,0,0,0,3492
1258,30.6349,1,1,4,1111,1000,4,176.588,185.350,0,36,0,0,0,0,0,3502
1259,30.6526,4,4,4,1111,1000,4,138.849,190.197,3,36,0,3,0,0,0,3504
1260,30.6562,2,2,4,1111,1000,4,139.151,154.660,0,36,0,0,0,0,0,3505
1261,30.6574,1,1,4,1111,1000,4,123.749,123.825,0,36,0,0,0,0,0,3505
1262,30.7344,1,1,4,1111,1000,4,186.200,190.017,0,36,0,0,0,0,0,3514
1263,30.7444,2,2,4,1111,1000,4,173.911,185.820,3,36,0,3,0,0,0,3516
1264,30.7553,4,4,4,1111,1000,4,119.983,178.881,3,36,0,3,0,0,0,3517
1265,30.7721,4,4,4,1111,1000,4,127.989,163.525,3,36,0,3,0,0,0,3520
1266,30.7755,2,2,4,1111,1000,4,127.878,134.989,0,36,0,0,0,0,0,3520
1267,30.8494,2,2,4,1111,1000,4,181.222,194.737,3,36,0,3,0,0,0,3529
1268,30.8663,4,4,4,1111,1000,4,131.385,193.665,3,36,0,3,0,0,0,3532
1269,30.8855,4,4,4,1111,1000,4,146.974,180.876,2,36,0,2,0,0,0,3533
1270,30.8889,2,2,4,1111,1000,4,143.944,152.239,0,36,0,0,0,0,0,3534
1271,30.9024,3,3,4,1111,1000,4,133.594,151.701,3,36,0,3,0,0,0,3536
1272,30.9337,3,3,4,1111,1000,4,142.397,163.893,3,36,0,3,0,0,0,3540
1273,30.9458,4,4,4,1111,1000,4,98.606,145.023,3,36,0,3,0,0,0,3541
1274,31.0232,3,3,4,1111,1000,4,173.240,190.372,3,36,0,3,0,0,0,3550
1275,31.0304,1,1,4,1111,1000,4,174.000,176.699,0,36,0,0,0,0,0,3552
1276,31.0356,3,3,4,1111,1000,4,154.254,170.732,3,36,0,3,0,0,0,3552
1277,31.0492,3,3,4,1111,1000,4,146.026,163.415,0,36,0,0,0,0,0,3554
1278,31.0581,4,4,4,1111,1000,4,123.893,147.227,3,36,0,3,0,0,0,3556
1279,31.1387,2,2,4,1111,1000,4,180.265,195.815,3,36,0,3,0,0,0,3565
1280,31.1547,4,4,4,1111,1000,4,140.671,193.680,3,36,0,3,0,0,0,3568
1281,31.1682,4,4,4,1111,1000,4,150.805,175.192,3,36,0,3,0,0,0,3569
1282,31.1738,1,1,4,1111,1000,4,148.676,148.749,0,36,0,0,0,0,0,3569
1283,31.1782,3,3,4,1111,1000,4,131.662,152.063,3,36,0,3,0,0,0,3570
1284,31.2519,2,2,4,1111,1000,4,181.117,194.698,0,36,0,0,0,0,0,3580
1285,31.2672,4,4,4,1111,1000,4,130.498,196.110,3,36,0,3,0,0,0,3581
1286,31.2742,4,4,4,1111,1000,4,134.923,171.103,3,36,0,3,0,0,0,3582
1287,31.2893,2,2,4,1111,1000,4,143.077,154.215,2,36,0,2,0,0,0,3584
1288,31.2942,3,3,4,1111,1000,4,124.308,140.945,3,36,0,3,0,0,0,3584
1289,31.3813,3,3,4,1111,1000,4,188.360,207.278,0,36,0,0,0,0,0,3594
1290,31.3931,4,4,4,1111,1000,4,143.342,193.930,3,36,0,3,0,0,0,3595
1291,31.4384,4,4,4,1111,1000,4,185.870,207.131,3,36,0,3,0,0,0,3600
1292,31.4394,1,1,4,1111,1000,4,176.096,176.175,3,36,0,3,0,0,0,3600
1293,31.4503,2,2,4,1111,1000,4,168.152,180.229,0,36,0,0,0,0,0,3602
1294,31.4572,2,2,4,1111,1000,4,150.954,174.906,3,36,0,3,0,0,0,3603
1295,31.4631,4,4,4,1111,1000,4,90.489,149.598,2,36,0,2,0,0,0,3604
1296,31.5487,3,3,4,1111,1000,4,172.966,203.227,3,36,0,3,0,0,0,3614
1297,31.5568,2,2,4,1111,1000,4,175.176,179.251,0,36,0,0,0,0,0,3615
1298,31.5720,4,4,4,1111,1000,4,135.373,180.645,3,36,0,3,0,0,0,3618
1299,31.5792,2,2,4,1111,1000,4,140.113,155.747,3,36,0,3,0,0,0,3618
1300,31.5822,2,2,4,1111,1000,4,131.462,140.612,0,36,0,0,0,0,0,3618
1301,31.6549,2,2,4,1111,1000,4,182.587,199.473,3,36,0,3,0,0,0,3628
1302,31.6707,4,4,4,1111,1000,4,131.077,197.051,3,36,0,3,0,0,0,3629
1303,31.7236,4,4,4,1111,1000,4,180.673,217.781,3,36,0,3,0,0,0,3634
1304,31.7436,2,2,4,1111,1000,4,194.390,205.839,0,36,0,0,0,0,0,3636
1305,31.7505,4,4,4,1111,1000,4,178.139,198.983,3,36,0,3,0,0,0,3638
1306,31.7607,2,2,4,1111,1000,4,164.148,177.078,4,37,1,3,0,0,0,3638
1307,31.7731,4,4,4,1111,1000,4,121.071,171.241,4,37,1,3,0,0,0,3640
1308,31.7906,4,4,4,1111,1000,4,135.165,156.728,4,37,1,3,0,0,0,3642
1309,31.7918,1,1,4,1111,1000,4,125.054,125.133,0,37,0,0,0,0,0,3642
1310,31.8723,3,3,4,1111,1000,4,148.617,192.641,4,37,1,3,0,0,0,3653
1311,31.8791,2,2,4,1111,1000,4,154.299,167.306,4,37,1,3,0,0,0,3654
1312,31.8814,2,2,4,1111,1000,4,141.148,151.416,0,37,0,0,0,0,0,3654
1313,31.8849,2,2,4,1111,1000,4,123.809,141.111,4,37,1,3,0,0,0,3654
1314,31.9760,4,4,4,1111,1000,4,190.104,213.936,4,37,1,3,0,0,0,3662
1315,31.9844,3,3,4,1111,1000,4,175.899,190.278,2,37,0,2,0,0,0,3662
1316,31.9991,4,4,4,1111,1000,4,134.951,184.678,3,37,1,2,0,0,0,3664
1317,32.0050,3,3,4,1111,1000,4,138.590,158.633,1,37,1,0,0,0,0,3665
1318,32.0058,1,1,4,1111,1000,4,128.858,133.968,3,37,0,3,0,0,0,3665
1319,32.0857,3,3,4,1111,1000,4,189.808,207.285,1,37,1,0,0,0,0,3676
1320,32.0940,2,2,4,1111,1000,4,130.695,183.541,1,37,1,0,0,0,0,3676
1321,32.0977,2,2,4,1111,1000,4,132.027,155.193,1,37,1,0,0,0,0,3677
1322,32.0990,1,1,4,1111,1000,4,125.925,131.038,3,37,0,3,0,0,0,3677
1323,32.1851,3,3,4,1111,1000,4,188.998,210.645,1,37,1,0,0,0,0,3688
1324,32.1951,4,4,4,1111,1000,4,175.749,195.128,4,37,1,3,0,0,0,3689
1325,32.2103,4,4,4,1111,1000,4,133.248,178.271,4,37,1,3,0,0,0,3690
1326,32.2165,2,2,4,1111,1000,4,136.854,152.441,4,37,1,3,0,0,0,3692
1327,32.2203,2,2,4,1111,1000,4,134.388,137.820,0,37,0,0,0,0,0,3692
1328,32.2912,2,2,4,1111,1000,4,181.481,195.126,5,38,2,3,0,0,0,3701
1329,32.3088,4,4,4,1111,1000,4,132.130,194.291,5,38,2,3,0,0,0,3704
1330,32.3420,4,4,4,1111,1000,4,162.416,195.400,4,38,1,3,0,0,0,3708
1331,32.3460,2,2,4,1111,1000,4,159.313,167.345,0,38,0,0,0,0,0,3708
1332,32.3590,2,2,4,1111,1000,4,148.350,166.780,4,38,1,3,0,0,0,3710
1333,32.3663,4,4,4,1111,1000,4,133.813,155.443,5,38,2,3,0,0,0,3710
1334,32.4532,4,4,4,1111,1000,4,163.633,210.491,3,38,1,2,0,0,0,3721
1335,32.4655,3,3,4,1111,1000,4,173.667,190.725,3,38,0,3,0,0,0,3722
1336,32.4690,1,1,4,1111,1000,4,170.338,174.252,1,38,1,0,0,0,0,3724
1337,32.4776,4,4,4,1111,1000,4,138.444,170.765,4,38,1,3,0,0,0,3724
1338,32.4892,3,3,4,1111,1000,4,133.072,150.332,3,38,0,3,0,0,0,3726
1339,32.4988,3,3,4,1111,1000,4,122.154,140.091,2,39,1,0,0,1,0,3726
1340,32.5958,4,4,4,1111,1000,4,152.483,211.394,5,39,1,3,0,1,0,3740
1341,32.6018,4,4,4,1111,1000,4,150.993,185.371,6,39,2,3,0,1,0,3740
1342,32.6110,1,1,4,1111,1000,4,159.130,162.508,3,39,0,3,0,0,0,3741
1343,32.6181,1,1,4,1111,1000,4,151.541,163.338,2,39,2,0,0,0,0,3742
1344,32.6240,4,4,4,1111,1000,4,134.614,156.979,5,39,1,3,0,1,0,3742
1345,32.7013,3,3,4,1111,1000,4,183.122,202.172,4,39,0,3,0,1,0,3752
1346,32.7131,4,4,4,1111,1000,4,133.395,194.269,4,39,1,3,0,0,0,3753
1347,32.7496,4,4,4,1111,1000,4,167.605,198.713,4,39,1,2,0,1,0,3756
1348,32.7580,1,1,4,1111,1000,4,168.946,175.096,1,39,1,0,0,0,0,3758
1349,32.7663,3,3,4,1111,1000,4,154.352,171.063,3,39,0,2,0,1,0,3758
1350,32.7783,3,3,4,1111,1000,4,142.477,163.401,1,39,1,0,0,0,0,3760
1351,32.7889,4,4,4,1111,1000,4,96.593,148.227,4,39,1,2,0,1,0,3762
1352,32.8756,4,4,4,1111,1000,4,180.870,202.936,4,39,1,3,0,0,0,3772
1353,32.8769,1,1,4,1111,1000,4,172.121,172.195,3,39,0,3,0,0,0,3772
1354,32.8854,3,3,4,1111,1000,4,141.949,162.025,3,39,0,3,0,0,0,3774
1355,32.9350,2,2,4,1111,1000,4,176.489,179.549,0,39,0,0,0,0,0,3779
1356,32.9402,2,2,4,1111,1000,4,159.939,171.354,2,39,0,2,0,0,0,3780
1357,32.9795,3,3,4,1111,1000,4,176.758,192.035,4,39,0,3,0,1,0,3784
1358,32.9983,4,4,4,1111,1000,4,138.800,191.247,4,39,0,3,0,1,0,3787
1359,33.0031,3,3,4,1111,1000,4,140.914,164.103,1,39,1,0,0,0,0,3788
1360,33.0045,1,1,4,1111,1000,4,135.921,139.594,3,39,0,3,0,0,0,3788
1361,33.0882,4,4,4,1111,1000,4,154.664,217.108,4,39,1,3,0,0,0,3797
1362,33.0937,4,4,4,1111,1000,4,158.171,190.639,5,39,1,3,0,1,0,3798
1363,33.1122,4,4,4,1111,1000,4,134.870,177.032,5,39,1,3,0,1,0,3800
1364,33.1163,2,2,4,1111,1000,4,136.365,149.178,1,39,1,0,0,0,0,3800
1365,33.1472,1,1,4,1111,1000,4,155.913,167.135,0,39,0,0,0,0,0,3804
1366,33.1902,4,4,4,1111,1000,4,175.988,197.132,4,39,1,3,0,0,0,3809
1367,33.2048,4,4,4,1111,1000,4,132.360,179.735,4,39,1,3,0,0,0,3812
1368,33.2316,2,2,4,1111,1000,4,156.925,174.474,4,39,1,3,0,0,0,3814
1369,33.2339,1,1,4,1111,1000,4,152.736,157.993,0,39,0,0,0,0,0,3814
1370,33.2377,2,2,4,1111,1000,4,133.633,148.586,3,39,1,2,0,0,0,3816
1371,33.3312,4,4,4,1111,1000,4,183.511,223.177,4,39,1,3,0,0,0,3825
1372,33.3544,4,4,4,1111,1000,4,163.297,214.392,5,39,1,3,0,1,0,3827
1373,33.3592,3,3,4,1111,1000,4,165.477,187.157,4,39,1,3,0,0,0,3827
1374,33.3699,2,2,4,1111,1000,4,164.503,165.948,1,39,0,0,0,1,0,3828
1375,33.3766,2,2,4,1111,1000,4,149.195,159.317,4,39,1,3,0,0,0,3828
1376,33.3811,3,3,4,1111,1000,4,130.889,145.043,3,39,0,3,0,0,0,3829
1377,33.4691,4,4,4,1111,1000,4,162.362,213.728,3,39,1,2,0,0,0,3840
1378,33.4740,3,3,4,1111,1000,4,163.846,186.614,1,39,1,0,0,0,0,3841
1379,33.4831,1,1,4,1111,1000,4,163.659,163.732,1,39,1,0,0,0,0,3842
1380,33.4902,1,1,4,1111,1000,4,142.293,158.092,1,39,0,0,0,1,0,3842
1381,33.4922,2,2,4,1111,1000,4,120.492,140.828,2,39,1,0,0,1,0,3842
1382,33.5756,2,2,4,1111,1000,4,181.769,198.172,4,39,1,3,0,0,0,3854
1383,33.5919,4,4,4,1111,1000,4,131.522,195.624,5,39,1,3,0,1,0,3856
1384,33.6055,4,4,4,1111,1000,4,144.191,177.225,5,39,1,3,0,1,0,3857
1385,33.6148,2,2,4,1111,1000,4,147.057,154.477,0,39,0,0,0,0,0,3858
1386,33.6184,2,2,4,1111,1000,4,134.917,144.842,3,39,1,2,0,0,0,3858
1387,33.6948,3,3,4,1111,1000,4,187.648,202.428,3,39,0,3,0,0,0,3868
1388,33.7060,4,4,4,1111,1000,4,132.181,194.507,4,39,1,3,0,0,0,3870
1389,33.7338,4,4,4,1111,1000,4,157.643,190.257,4,39,1,3,0,0,0,3873
1390,33.7495,1,1,4,1111,1000,4,166.386,173.936,1,39,1,0,0,0,0,3876
1391,33.7585,3,3,4,1111,1000,4,152.763,170.098,3,39,0,2,0,1,0,3876
1392,33.7632,3,3,4,1111,1000,4,133.237,155.595,2,39,1,0,0,1,0,3877
1393,33.8405,4,4,4,1111,1000,4,154.134,206.752,5,39,1,3,0,1,0,3886
1394,33.8420,4,4,4,1111,1000,4,152.386,176.262,5,39,1,3,0,1,0,3886
1395,33.8428,1,1,4,1111,1000,4,144.908,145.000,3,39,0,3,0,0,0,3886
1396,33.8435,3,3,4,1111,1000,4,125.052,139.864,3,40,1,0,1,1,0,3886
1397,33.9956,4,4,4,1111,1000,4,244.752,265.686,5,40,1,2,1,1,0,3906
1398,34.0012,4,4,4,1111,1000,4,161.208,239.398,5,40,1,3,0,1,0,3906
1399,34.0186,4,4,4,1111,1000,4,177.573,224.731,4,40,1,2,0,1,0,3909
1400,34.0225,2,2,4,1111,1000,4,180.169,196.573,4,40,1,3,0,0,0,3909
1401,34.0262,2,2,4,1111,1000,4,181.296,181.507,1,40,0,0,0,1,0,3910
1402,34.0415,2,2,4,1111,1000,4,173.135,183.529,4,40,1,3,0,0,0,3912
1403,34.0464,3,3,4,1111,1000,4,155.030,169.774,4,40,0,3,0,1,0,3912
1404,34.0645,3,3,4,1111,1000,4,151.212,168.746,2,40,1,0,0,1,0,3914
1405,34.0712,4,4,4,1111,1000,4,92.016,149.153,4,40,1,2,0,1,0,3916
1406,34.1639,4,4,4,1111,1000,4,182.134,209.896,5,40,1,3,0,1,0,3924
1407,34.1652,1,1,4,1111,1000,4,176.527,179.169,2,40,0,2,0,0,0,3925
1408,34.1702,3,3,4,1111,1000,4,158.806,178.350,1,40,1,0,0,0,0,3926
1409,34.1864,2,2,4,1111,1000,4,151.683,168.318,4,40,1,3,0,0,0,3928
1410,34.1920,4,4,4,1111,1000,4,134.133,155.170,4,40,1,3,0,0,0,3928
1411,34.2626,2,2,4,1111,1000,4,182.022,193.729,0,40,0,0,0,0,0,3938
1412,34.2772,4,4,4,1111,1000,4,129.805,195.013,4,40,1,3,0,0,0,3939
1413,34.2818,3,3,4,1111,1000,4,131.064,167.635,3,40,0,3,0,0,0,3940
1414,34.2909,1,1,4,1111,1000,4,134.074,144.720,2,40,0,2,0,0,0,3940
1415,34.3000,3,3,4,1111,1000,4,120.563,135.025,3,40,0,3,0,0,0,3942
1416,34.3909,3,3,4,1111,1000,4,187.518,207.002,1,40,1,0,0,0,0,3954
1417,34.4010,4,4,4,1111,1000,4,140.949,190.694,4,40,1,3,0,0,0,3954
1418,34.4149,4,4,4,1111,1000,4,151.471,172.550,4,40,1,3,0,0,0,3956
1419,34.4196,1,1,4,1111,1000,4,145.209,145.261,2,40,0,2,0,0,0,3956
1420,34.4219,1,1,4,1111,1000,4,129.805,141.919,1,40,1,0,0,0,0,3958
1421,34.5109,4,4,4,1111,1000,4,196.434,217.829,4,40,1,3,0,0,0,3967
1422,34.5160,4,4,4,1111,1000,4,133.538,190.917,4,40,1,3,0,0,0,3967
1423,34.5455,4,4,4,1111,1000,4,160.850,188.320,4,40,1,3,0,0,0,3970
1424,34.5484,2,2,4,1111,1000,4,156.816,159.208,0,40,0,0,0,0,0,3970
1425,34.5584,2,2,4,1111,1000,4,142.809,155.934,4,40,1,3,0,0,0,3972
1426,34.5688,3,3,4,1111,1000,4,130.823,147.658,3,40,0,3,0,0,0,3974
1427,34.6564,4,4,4,1111,1000,4,161.405,216.241,4,40,1,3,0,0,0,3984
1428,34.6598,2,2,4,1111,1000,4,161.697,187.693,1,40,1,0,0,0,0,3985
1429,34.6622,1,1,4,1111,1000,4,158.521,163.625,3,40,0,3,0,0,0,3985
1430,34.6779,3,3,4,1111,1000,4,142.712,173.770,4,40,1,3,0,0,0,3987
1431,34.6824,3,3,4,1111,1000,4,123.033,146.178,2,41,1,0,1,0,0,3988
1432,34.7770,4,4,4,1111,1000,4,195.038,214.369,5,41,1,3,1,0,0,3996
1433,34.7832,4,4,4,1111,1000,4,135.147,188.488,5,41,1,3,1,0,0,3996
1434,34.8017,4,4,4,1111,1000,4,146.879,175.016,5,41,1,3,1,0,0,3998
1435,34.8038,1,1,4,1111,1000,4,144.993,145.069,3,41,0,3,0,0,0,3998
1436,34.8053,1,1,4,1111,1000,4,134.429,141.088,1,41,1,0,0,0,0,3998
1437,34.9128,3,3,4,1111,1000,4,219.386,235.359,4,41,0,3,1,0,0,4012
1438,34.9169,3,3,4,1111,1000,4,155.852,220.560,2,41,1,0,1,0,0,4013
1439,34.9906,2,2,4,1111,1000,4,226.936,262.303,1,41,1,0,0,0,0,4022
1440,34.9925,1,1,4,1111,1000,4,222.897,232.226,1,41,1,0,0,0,0,4022
1441,34.9980,3,3,4,1111,1000,4,205.343,223.927,4,41,1,3,0,0,0,4023
1442,35.0111,2,2,4,1111,1000,4,194.344,205.611,1,41,0,0,1,0,0,4025
1443,35.0169,4,4,4,1111,1000,4,144.108,197.944,5,41,1,3,1,0,0,4026
1444,35.0359,4,4,4,1111,1000,4,159.049,185.001,5,41,1,3,1,0,0,4028
1445,35.0500,4,4,4,1111,1000,4,136.514,167.028,5,41,1,3,1,0,0,4030
1446,35.0573,1,1,4,1111,1000,4,141.932,142.302,3,41,0,3,0,0,0,4030
1447,35.0638,4,4,4,1111,1000,4,72.824,143.328,5,41,1,3,1,0,0,4032
1448,35.1570,4,4,4,1111,1000,4,163.771,204.537,5,41,1,3,1,0,0,4042
1449,35.1587,1,1,4,1111,1000,4,164.402,174.275,1,41,1,0,0,0,0,4044
1450,35.1616,2,2,4,1111,1000,4,157.467,163.929,1,41,0,0,1,0,0,4044
1451,35.1726,2,2,4,1111,1000,4,145.292,161.465,4,41,1,3,0,0,0,4045
1452,35.1811,4,4,4,1111,1000,4,130.867,151.361,4,41,1,2,1,0,0,4046
1453,35.2557,2,2,4,1111,1000,4,182.462,193.936,1,41,0,0,1,0,0,4056
1454,35.2961,4,4,4,1111,1000,4,159.622,220.957,4,41,1,2,1,0,0,4060
1455,35.3128,4,4,4,1111,1000,4,175.013,205.583,4,41,1,2,1,0,0,4062
1456,35.3165,2,2,4,1111,1000,4,161.630,177.274,3,41,1,2,0,0,0,4062
1457,35.3373,3,3,4,1111,1000,4,164.225,179.461,3,41,0,2,1,0,0,4066
1458,35.3482,3,3,4,1111,1000,4,152.774,171.655,2,41,1,0,1,0,0,4066
1459,35.3545,4,4,4,1111,1000,4,102.028,151.226,4,41,1,2,1,0,0,4068
1460,35.4197,4,4,4,1111,1000,4,163.369,184.423,5,41,1,3,1,0,0,4076
1461,35.4375,4,4,4,1111,1000,4,144.433,170.053,5,41,1,3,1,0,0,4078
1462,35.4388,1,1,4,1111,1000,4,139.267,139.349,2,41,0,2,0,0,0,4078
1463,35.4417,1,1,4,1111,1000,4,132.711,136.971,1,41,1,0,0,0,0,4078
1464,35.5513,4,4,4,1111,1000,4,205.076,233.327,5,41,1,3,1,0,0,4091
1465,35.5631,4,4,4,1111,1000,4,146.957,213.112,4,41,1,2,1,0,0,4092
1466,35.5799,4,4,4,1111,1000,4,161.364,197.861,4,41,1,2,1,0,0,4094
1467,35.5832,2,2,4,1111,1000,4,163.532,169.115,1,41,0,0,1,0,0,4094
1468,35.5860,1,1,4,1111,1000,4,154.860,158.431,3,41,0,3,0,0,0,4094
1469,35.5998,3,3,4,1111,1000,4,146.367,167.009,1,41,1,0,0,0,0,4096
1470,35.6092,4,4,4,1111,1000,4,98.345,149.664,4,41,1,3,0,0,0,4098
1471,35.6939,4,4,4,1111,1000,4,173.988,202.350,5,41,1,3,1,0,0,4108
1472,35.6951,1,1,4,1111,1000,4,164.871,171.492,3,41,0,3,0,0,0,4108
1473,35.6987,2,2,4,1111,1000,4,147.360,156.499,1,41,0,0,1,0,0,4108
1474,35.7151,3,3,4,1111,1000,4,138.407,159.393,4,41,0,3,1,0,0,4110
1475,35.7183,2,2,4,1111,1000,4,117.896,130.558,4,41,1,3,0,0,0,4111
1476,35.8086,3,3,4,1111,1000,4,187.883,202.401,3,41,0,2,1,0,0,4122
1477,35.8193,4,4,4,1111,1000,4,141.259,194.445,5,41,1,3,1,0,0,4124
1478,35.8262,3,3,4,1111,1000,4,145.349,169.278,2,41,1,0,1,0,0,4124
1479,35.8626,1,1,4,1111,1000,4,175.741,178.850,3,41,0,3,0,0,0,4129
1480,35.8688,3,3,4,1111,1000,4,158.586,179.936,2,41,1,0,1,0,0,4130
1481,35.9567,4,4,4,1111,1000,4,216.396,240.863,4,41,1,2,1,0,0,4138
1482,35.9657,4,4,4,1111,1000,4,165.776,217.796,4,41,1,2,1,0,0,4140
1483,35.9787,4,4,4,1111,1000,4,175.391,198.757,5,41,1,3,1,0,0,4142
1484,35.9817,1,1,4,1111,1000,4,169.675,169.742,3,41,0,3,0,0,0,4142
1485,35.9901,4,4,4,1111,1000,4,127.127,173.047,5,41,1,3,1,0,0,4142
1486,36.0029,3,3,4,1111,1000,4,136.977,153.893,2,41,1,0,1,0,0,4144
1487,36.0072,1,1,4,1111,1000,4,128.325,130.483,2,41,0,2,0,0,0,4145
1488,36.0973,3,3,4,1111,1000,4,159.831,216.212,4,41,1,2,1,0,0,4156
1489,36.1013,2,2,4,1111,1000,4,161.635,188.256,2,41,1,0,1,0,0,4157
1490,36.1048,2,2,4,1111,1000,4,149.543,164.698,3,41,1,2,0,0,0,4157
1491,36.1218,4,4,4,1111,1000,4,142.807,163.220,4,41,1,2,1,0,0,4160
1492,36.1255,2,2,4,1111,1000,4,122.025,134.899,0,41,0,0,0,0,0,4160
1493,36.2194,4,4,4,1111,1000,4,194.734,215.234,4,41,1,2,1,0,0,4168
1494,36.2246,4,4,4,1111,1000,4,143.082,188.430,3,41,1,2,0,0,0,4168
1495,36.2420,4,4,4,1111,1000,4,151.498,173.813,4,41,1,3,0,0,0,4170
1496,36.2431,1,1,4,1111,1000,4,142.785,142.850,3,41,0,3,0,0,0,4170
1497,36.2452,1,1,4,1111,1000,4,130.087,139.977,1,41,1,0,0,0,0,4170
1498,36.3246,3,3,4,1111,1000,4,179.543,205.911,1,41,1,0,0,0,0,4181
1499,36.3578,3,3,4,1111,1000,4,154.394,205.854,2,41,1,1,0,0,0,4185
1500,36.3630,2,2,4,1111,1000,4,157.221,179.101,1,41,1,0,0,0,0,4186
1501,36.3643,1,1,4,1111,1000,4,149.427,149.498,0,41,0,0,0,0,0,4186
1502,36.3698,3,3,4,1111,1000,4,132.789,153.844,2,41,1,1,0,0,0,4186
1503,36.4351,2,2,4,1111,1000,4,176.000,188.252,0,41,0,0,0,0,0,4194
1504,36.4513,4,4,4,1111,1000,4,136.326,190.878,3,41,1,2,0,0,0,4196
1505,36.4572,4,4,4,1111,1000,4,138.857,164.747,3,41,0,3,0,0,0,4197
1506,36.4587,1,1,4,1111,1000,4,133.393,134.256,3,41,0,3,0,0,0,4198
1507,36.5547,4,4,4,1111,1000,4,196.675,225.316,3,41,0,3,0,0,0,4210
1508,36.5746,4,4,4,1111,1000,4,140.271,213.290,3,41,0,3,0,0,0,4212
1509,36.5807,4,4,4,1111,1000,4,144.998,187.257,4,41,1,3,0,0,0,4212
1510,36.5857,1,1,4,1111,1000,4,147.536,160.269,0,41,0,0,0,0,0,4213
1511,36.6226,2,2,4,1111,1000,4,174.135,183.579,0,41,0,0,0,0,0,4218
1512,36.6229,2,2,4,1111,1000,4,152.566,170.271,3,41,1,2,0,0,0,4218
1513,36.6277,4,4,4,1111,1000,4,100.758,156.702,3,41,1,2,0,0,0,4218
1514,36.7072,4,4,4,1111,1000,4,163.506,204.138,4,41,1,3,0,0,0,4228
1515,36.7179,4,4,4,1111,1000,4,163.826,182.772,4,41,1,3,0,0,0,4230
1516,36.7214,2,2,4,1111,1000,4,152.482,154.219,0,41,0,0,0,0,0,4230
1517,36.7563,4,4,4,1111,1000,4,135.043,175.511,4,41,1,3,0,0,0,4234
1518,36.7702,2,2,4,1111,1000,4,146.564,157.368,4,41,1,3,0,0,0,4236
1519,36.7718,2,2,4,1111,1000,4,130.904,140.621,0,41,0,0,0,0,0,4236
1520,36.8526,4,4,4,1111,1000,4,156.102,207.746,4,41,1,3,0,0,0,4246
1521,36.8540,4,4,4,1111,1000,4,154.242,177.209,4,41,1,3,0,0,0,4246
1522,36.8549,1,1,4,1111,1000,4,145.932,146.015,2,41,0,2,0,0,0,4246
1523,36.8555,3,3,4,1111,1000,4,125.044,141.904,1,41,1,0,0,0,0,4247
1524,37.0031,4,4,4,1111,1000,4,240.402,262.219,3,41,1,2,0,0,0,4264
1525,37.0102,4,4,4,1111,1000,4,158.174,237.274,3,41,1,2,0,0,0,4264
1526,37.0307,4,4,4,1111,1000,4,177.718,225.748,4,41,1,3,0,0,0,4267
1527,37.0347,2,2,4,1111,1000,4,180.627,197.648,3,41,1,2,0,0,0,4268
1528,37.0388,2,2,4,1111,1000,4,181.792,183.398,0,41,0,0,0,0,0,4268
1529,37.0516,2,2,4,1111,1000,4,171.281,182.601,3,41,1,2,0,0,0,4270
1530,37.0574,3,3,4,1111,1000,4,153.880,170.026,3,41,0,3,0,0,0,4270
1531,37.0686,3,3,4,1111,1000,4,142.473,162.858,2,42,2,0,0,0,0,4272
1532,37.0776,3,3,4,1111,1000,4,86.018,144.510,2,42,0,2,0,0,0,4272
1533,37.1675,3,3,4,1111,1000,4,173.339,202.356,2,42,0,2,0,0,0,4284
1534,37.1705,1,1,4,1111,1000,4,168.936,173.340,2,42,0,2,0,0,0,4284
1535,37.1768,3,3,4,1111,1000,4,153.373,174.961,2,42,2,0,0,0,0,4285
1536,37.1813,3,3,4,1111,1000,4,132.816,152.164,4,42,2,2,0,0,0,4286
1537,37.2451,3,3,4,1111,1000,4,174.674,196.000,4,42,2,2,0,0,0,4294
1538,37.2483,2,2,4,1111,1000,4,155.862,168.729,0,42,0,0,0,0,0,4294
1539,37.2655,4,4,4,1111,1000,4,106.742,172.242,4,42,2,2,0,0,0,4296
1540,37.2712,4,4,4,1111,1000,4,109.565,145.939,4,42,2,2,0,0,0,4296
1541,37.3642,2,2,4,1111,1000,4,193.055,206.889,4,42,2,2,0,0,0,4306
1542,37.3676,3,3,4,1111,1000,4,175.538,191.912,2,42,0,2,0,0,0,4306
1543,37.3879,4,4,4,1111,1000,4,144.148,194.015,4,42,2,2,0,0,0,4310
1544,37.3926,3,3,4,1111,1000,4,147.795,166.694,2,42,2,0,0,0,0,4310
1545,37.3963,2,2,4,1111,1000,4,136.860,142.869,4,42,2,2,0,0,0,4310
1546,37.4560,2,2,4,1111,1000,4,173.125,184.272,0,42,0,0,0,0,0,4318
1547,37.4607,3,3,4,1111,1000,4,112.906,175.253,4,42,2,2,0,0,0,4318
1548,37.4763,3,3,4,1111,1000,4,127.452,158.839,4,42,2,2,0,0,0,4320
1549,37.4799,2,2,4,1111,1000,4,115.255,130.361,4,42,2,2,0,0,0,4321
1550,37.5629,2,2,4,1111,1000,4,181.947,194.978,0,42,0,0,0,0,0,4330
1551,37.5797,4,4,4,1111,1000,4,175.714,198.155,5,42,2,3,0,0,0,4331
1552,37.5946,4,4,4,1111,1000,4,138.759,181.018,5,42,2,3,0,0,0,4332
1553,37.6009,2,2,4,1111,1000,4,143.969,155.345,6,43,3,3,0,0,0,4332
1554,37.6050,2,2,4,1111,1000,4,131.850,141.079,0,43,0,0,0,0,0,4332
1555,37.6761,2,2,4,1111,1000,4,181.364,198.489,5,43,3,2,0,0,0,4342
1556,37.6915,4,4,4,1111,1000,4,130.380,195.528,5,43,3,2,0,0,0,4344
1557,37.6961,3,3,4,1111,1000,4,132.703,168.139,2,43,2,0,0,0,0,4344
1558,37.7045,1,1,4,1111,1000,4,134.045,142.717,0,43,0,0,0,0,0,4345
1559,37.7126,2,2,4,1111,1000,4,117.893,134.450,2,43,2,0,0,0,0,4346
1560,37.7982,2,2,4,1111,1000,4,181.377,192.412,6,43,3,3,0,0,0,4357
1561,37.8135,4,4,4,1111,1000,4,140.339,189.417,5,43,2,3,0,0,0,4358
1562,37.8271,4,4,4,1111,1000,4,150.498,170.996,7,45,3,2,2,0,0,4360
1563,37.8336,1,1,4,1111,1000,4,145.363,145.443,3,46,0,0,3,0,0,4361
1564,37.8355,2,2,4,1111,1000,4,129.846,145.515,2,46,0,2,0,0,0,4362
1565,37.9237,3,3,4,1111,1000,4,194.753,217.420,6,46,3,0,3,0,0,4372
1566,37.9293,4,4,4,1111,1000,4,133.700,195.402,7,46,3,3,1,0,0,4373
1567,37.9645,4,4,4,1111,1000,4,165.858,198.612,7,46,2,3,2,0,0,4378
1568,37.9773,2,2,4,1111,1000,4,172.455,179.305,5,46,2,3,0,0,0,4379
1569,37.9807,2,2,4,1111,1000,4,153.320,164.445,3,46,0,0,3,0,0,4380
1570,37.9947,4,4,4,1111,1000,4,143.926,164.685,7,46,2,2,3,0,0,4382
1571,38.0072,4,4,4,1111,1000,4,99.035,145.166,6,46,2,2,2,0,0,4382
1572,38.0917,4,4,4,1111,1000,4,174.541,197.663,7,46,2,3,2,0,0,4394
1573,38.0929,1,1,4,1111,1000,4,166.688,166.752,2,46,0,2,0,0,0,4394
1574,38.0973,3,3,4,1111,1000,4,149.373,166.878,4,46,2,0,2,0,0,4394
1575,38.1082,2,2,4,1111,1000,4,134.145,150.011,5,46,2,3,0,0,0,4396
1576,38.1197,4,4,4,1111,1000,4,124.429,143.303,7,46,2,3,2,0,0,4397
1577,38.1997,2,2,4,1111,1000,4,181.894,191.271,2,46,0,0,2,0,0,4406
1578,38.2163,4,4,4,1111,1000,4,141.247,194.102,9,48,2,3,3,1,0,4409
1579,38.2313,4,4,4,1111,1000,4,152.754,177.033,9,48,2,3,3,1,0,4410
1580,38.2360,1,1,4,1111,1000,4,149.709,149.765,3,48,0,3,0,0,0,4412
1581,38.2403,3,3,4,1111,1000,4,132.839,149.753,6,48,2,0,3,1,0,4412
1582,38.3130,2,2,4,1111,1000,4,181.560,194.696,4,48,2,2,0,0,0,4421
1583,38.3288,4,4,4,1111,1000,4,131.178,192.226,9,48,2,3,3,1,0,4423
1584,38.3631,4,4,4,1111,1000,4,162.831,194.511,8,48,2,2,3,1,0,4427
1585,38.3684,2,2,4,1111,1000,4,161.212,167.776,4,48,0,0,3,1,0,4427
1586,38.4069,2,2,4,1111,1000,4,175.283,192.495,2,48,2,0,0,0,0,4431
1587,38.4261,4,4,4,1111,1000,4,172.531,193.444,6,48,2,0,3,1,0,4433
1588,38.4318,4,4,4,1111,1000,4,121.346,167.171,6,48,2,0,3,1,0,4434
1589,38.4487,3,3,4,1111,1000,4,135.103,152.015,4,48,0,0,3,1,0,4436
1590,38.4501,1,1,4,1111,1000,4,130.626,135.431,2,48,2,0,0,0,0,4436
1591,38.5338,3,3,4,1111,1000,4,181.895,205.145,4,48,0,0,3,1,0,4446
1592,38.5685,3,3,4,1111,1000,4,162.788,207.743,4,48,0,0,3,1,0,4451
1593,38.5738,3,3,4,1111,1000,4,166.572,181.002,3,48,0,0,2,1,0,4452
1594,38.5757,1,1,4,1111,1000,4,156.547,164.928,1,48,1,0,0,0,0,4452
1595,38.5914,3,3,4,1111,1000,4,148.767,166.606,4,48,0,0,3,1,0,4454
1596,38.5966,3,3,4,1111,1000,4,130.478,153.820,6,48,2,0,3,1,0,4454
1597,38.6758,4,4,4,1111,1000,4,153.633,205.085,4,48,2,0,1,1,0,4464
1598,38.6773,4,4,4,1111,1000,4,146.066,174.552,8,50,2,2,3,1,0,4464
1599,38.6776,1,1,4,1111,1000,4,142.747,142.835,2,50,0,2,0,0,0,4464
1600,38.6788,3,3,4,1111,1000,4,113.583,139.970,6,50,2,0,3,1,0,4464
1601,38.7861,4,4,4,1111,1000,4,197.663,219.286,7,50,2,1,3,1,0,4476
1602,38.7914,4,4,4,1111,1000,4,116.217,192.557,5,50,2,1,1,1,0,4477
1603,38.8101,4,4,4,1111,1000,4,133.941,179.287,7,50,2,1,3,1,0,4479
1604,38.8138,2,2,4,1111,1000,4,136.558,150.956,3,50,2,1,0,0,0,4480
1605,38.8154,1,1,4,1111,1000,4,134.276,134.361,3,50,0,0,3,0,0,4480
1606,38.8913,3,3,4,1111,1000,4,188.413,208.080,5,50,2,2,0,1,0,4490
1607,38.9010,3,3,4,1111,1000,4,131.062,187.896,6,50,2,2,2,0,0,4490
1608,38.9140,3,3,4,1111,1000,4,135.730,168.921,6,50,2,2,2,0,0,4492
1609,38.9225,2,2,4,1111,1000,4,141.214,145.424,3,50,0,0,2,1,0,4493
1610,38.9260,2,2,4,1111,1000,4,123.791,135.029,3,50,2,1,0,0,0,4494
1611,39.0130,3,3,4,1111,1000,4,187.208,203.816,5,50,0,2,2,1,0,4500
1612,39.0224,4,4,4,1111,1000,4,139.919,195.408,8,50,2,2,3,1,0,4502
1613,39.0273,3,3,4,1111,1000,4,142.378,168.329,5,50,2,0,2,1,0,4502
1614,39.0394,2,2,4,1111,1000,4,147.747,152.260,4,50,2,2,0,0,0,4504
1615,39.0446,2,2,4,1111,1000,4,130.353,139.388,4,50,0,0,3,1,0,4504
1616,39.1257,3,3,4,1111,1000,4,187.939,206.567,6,50,2,1,3,0,0,4514
1617,39.1339,2,2,4,1111,1000,4,129.371,194.255,3,50,2,0,0,1,0,4516
1618,39.1373,2,2,4,1111,1000,4,130.818,165.644,3,50,2,0,0,1,0,4516
1619,39.1385,1,1,4,1111,1000,4,124.153,134.788,1,50,0,0,0,1,0,4516
1620,39.2321,4,4,4,1111,1000,4,195.639,216.883,7,50,2,1,3,1,0,4528
1621,39.2344,2,2,4,1111,1000,4,173.064,187.094,4,50,2,2,0,0,0,4528
1622,39.2486,4,4,4,1111,1000,4,132.031,183.229,7,50,2,1,3,1,0,4530
1623,39.2609,4,4,4,1111,1000,4,140.932,163.472,7,51,1,1,4,1,0,4532
1624,39.2615,1,1,4,1111,1000,4,131.980,132.041,3,51,0,0,3,0,0,4532
1625,39.3380,3,3,4,1111,1000,4,183.142,206.171,4,51,1,2,0,1,0,4541
1626,39.3701,4,4,4,1111,1000,4,153.654,208.617,7,51,2,2,2,1,0,4545
1627,39.3811,4,4,4,1111,1000,4,161.841,187.614,7,51,2,2,2,1,0,4546
1628,39.3824,1,1,4,1111,1000,4,156.478,156.910,2,51,0,0,2,0,0,4546
1629,39.3954,3,3,4,1111,1000,4,147.110,167.372,4,51,2,2,0,0,0,4548
1630,39.4013,3,3,4,1111,1000,4,128.579,143.710,4,51,0,2,2,0,0,4549
1631,39.4920,4,4,4,1111,1000,4,163.063,216.715,6,51,2,2,2,0,0,4560
1632,39.4998,3,3,4,1111,1000,4,168.220,192.488,4,51,2,0,2,0,0,4562
1633,39.5067,1,1,4,1111,1000,4,168.360,171.109,2,51,0,2,0,0,0,4562
1634,39.5169,4,4,4,1111,1000,4,146.675,177.540,7,51,2,2,3,0,0,4564
1635,39.5280,3,3,4,1111,1000,4,131.744,156.662,5,51,2,0,3,0,0,4565
1636,39.5358,2,2,4,1111,1000,4,119.434,136.211,4,51,2,2,0,0,0,4566
1637,39.6606,4,4,4,1111,1000,4,177.897,242.909,7,51,2,2,3,0,0,4582
1638,39.7041,4,4,4,1111,1000,4,220.427,254.380,7,51,2,2,3,0,0,4586
1639,39.7072,2,2,4,1111,1000,4,217.110,225.486,4,52,0,0,4,0,0,4587
1640,39.7169,2,2,4,1111,1000,4,209.732,221.165,4,52,2,2,0,0,0,4588
1641,39.7253,3,3,4,1111,1000,4,196.279,211.518,6,52,0,2,4,0,0,4590
1642,39.7308,4,4,4,1111,1000,4,170.263,199.322,9,53,2,2,4,1,0,4590
1643,39.7719,4,4,4,1111,1000,4,153.073,208.472,9,53,2,2,4,1,0,4594
1644,39.7810,3,3,4,1111,1000,4,158.518,185.475,7,53,2,0,4,1,0,4595
1645,39.7894,4,4,4,1111,1000,4,130.164,165.519,8,53,2,2,3,1,0,4596
1646,39.8020,2,2,4,1111,1000,4,141.050,146.146,4,53,2,2,0,0,0,4596
1647,39.8080,4,4,4,1111,1000,4,103.520,134.008,8,53,2,2,3,1,0,4598
1648,39.8841,1,1,4,1111,1000,4,177.284,178.094,3,53,0,0,3,0,0,4608
1649,39.8869,1,1,4,1111,1000,4,168.833,178.303,1,53,0,0,0,1,0,4608
1650,39.8936,3,3,4,1111,1000,4,152.937,173.665,6,53,2,2,2,0,0,4608
1651,39.8999,3,3,4,1111,1000,4,123.227,159.179,5,53,0,2,2,1,0,4609
1652,39.9713,2,2,4,1111,1000,4,174.194,198.614,3,53,0,2,0,1,0,4618
1653,39.9757,3,3,4,1111,1000,4,157.621,173.609,4,53,0,2,2,0,0,4618
1654,39.9931,4,4,4,1111,1000,4,108.183,173.505,7,53,2,2,2,1,0,4620
1655,39.9990,4,4,4,1111,1000,4,111.261,147.344,6,53,2,1,2,1,0,4622
1656,40.0657,1,1,4,1111,1000,4,173.736,182.075,2,53,2,0,0,0,0,4630
1657,40.0752,2,2,4,1111,1000,4,167.269,177.057,3,53,0,0,2,1,0,4631
1658,40.0871,4,4,4,1111,1000,4,116.449,174.925,5,53,1,1,2,1,0,4632
1659,40.1042,4,4,4,1111,1000,4,132.361,159.980,5,53,1,1,2,1,0,4634
1660,40.1070,2,2,4,1111,1000,4,119.736,130.784,3,53,1,2,0,0,0,4635
1661,40.1974,3,3,4,1111,1000,4,187.960,203.212,5,53,0,2,2,1,0,4644
1662,40.2087,4,4,4,1111,1000,4,142.441,196.951,6,53,1,2,2,1,0,4646
1663,40.2278,4,4,4,1111,1000,4,152.779,183.971,6,53,1,2,2,1,0,4648
1664,40.2289,1,1,4,1111,1000,4,152.810,153.128,1,53,1,0,0,0,0,4648
1665,40.2325,2,2,4,1111,1000,4,133.348,142.181,3,53,0,0,2,1,0,4649
1666,40.3098,3,3,4,1111,1000,4,186.893,205.390,5,53,1,2,2,0,0,4658
1667,40.3193,3,3,4,1111,1000,4,130.610,182.914,4,53,1,2,1,0,0,4660
1668,40.3746,4,4,4,1111,1000,4,182.938,206.227,4,53,1,2,1,0,0,4665
1669,40.3765,1,1,4,1111,1000,4,175.962,176.041,2,53,0,2,0,0,0,4665
1670,40.3813,2,2,4,1111,1000,4,160.895,177.434,3,53,1,0,2,0,0,4665
1671,40.3952,3,3,4,1111,1000,4,150.165,173.867,4,53,1,2,0,1,0,4666
1672,40.4012,4,4,4,1111,1000,4,100.072,150.742,5,53,1,2,1,1,0,4667
1673,40.4839,4,4,4,1111,1000,4,179.436,201.479,4,53,1,2,0,1,0,4676
1674,40.4851,1,1,4,1111,1000,4,170.463,170.544,0,53,0,0,0,0,0,4676
1675,40.4925,4,4,4,1111,1000,4,117.664,175.031,4,53,1,2,0,1,0,4678
1676,40.5034,2,2,4,1111,1000,4,126.245,153.893,1,53,1,0,0,0,0,4678
1677,40.5068,1,1,4,1111,1000,4,117.042,125.228,1,53,0,0,0,1,0,4679
1678,40.5890,1,1,4,1111,1000,4,179.060,193.009,1,53,1,0,0,0,0,4690
1679,40.6325,4,4,4,1111,1000,4,164.960,218.876,4,53,1,2,0,1,0,4694
1680,40.6506,3,3,4,1111,1000,4,179.080,204.996,3,53,1,2,0,0,0,4697
1681,40.6518,1,1,4,1111,1000,4,174.765,177.110,0,53,0,0,0,0,0,4697
1682,40.6561,3,3,4,1111,1000,4,154.380,178.440,4,53,1,2,0,1,0,4698
1683,40.6719,3,3,4,1111,1000,4,147.765,165.171,3,53,0,2,0,1,0,4700
1684,40.6787,4,4,4,1111,1000,4,89.054,154.580,4,53,1,2,0,1,0,4700
1685,40.7748,4,4,4,1111,1000,4,181.461,218.681,3,53,1,2,0,0,0,4712
1686,40.8195,4,4,4,1111,1000,4,189.131,231.369,3,53,1,2,0,0,0,4718
1687,40.8215,1,1,4,1111,1000,4,189.497,201.370,1,53,1,0,0,0,0,4718
1688,40.8239,2,2,4,1111,1000,4,180.367,189.046,0,53,0,0,0,0,0,4718
1689,40.8412,3,3,4,1111,1000,4,173.976,192.265,3,53,1,2,0,0,0,4721
1690,40.8457,3,3,4,1111,1000,4,155.523,175.814,3,53,1,2,0,0,0,4722
1691,40.8633,4,4,4,1111,1000,4,116.526,164.462,4,53,1,2,0,1,0,4724
1692,40.8684,4,4,4,1111,1000,4,113.505,137.506,4,53,1,2,0,1,0,4724
1693,40.9383,2,2,4,1111,1000,4,164.215,175.395,1,53,0,0,0,1,0,4733
1694,41.0086,4,4,4,1111,1000,4,188.712,231.511,4,53,1,2,1,0,0,4742
1695,41.0117,2,2,4,1111,1000,4,189.474,202.572,3,53,1,2,0,0,0,4742
1696,41.0220,2,2,4,1111,1000,4,188.656,194.986,2,53,0,0,1,1,0,4743
1697,41.0303,2,2,4,1111,1000,4,173.467,189.144,3,53,1,2,0,0,0,4744
1698,41.0377,4,4,4,1111,1000,4,157.419,178.660,3,53,0,2,1,0,0,4746
1699,41.0535,4,4,4,1111,1000,4,116.747,162.472,5,54,0,2,2,1,0,4747
1700,41.0600,3,3,4,1111,1000,4,121.089,136.968,5,54,0,2,2,1,0,4748
1701,41.1186,1,1,4,1111,1000,4,172.935,178.215,0,54,0,0,0,0,0,4756
1702,41.1239,4,4,4,1111,1000,4,115.146,168.838,6,54,1,2,2,1,0,4756
1703,41.1426,4,4,4,1111,1000,4,131.133,155.451,6,54,1,2,2,1,0,4758
1704,41.1449,2,2,4,1111,1000,4,122.248,125.702,2,54,0,0,1,1,0,4758
1705,41.2276,2,2,4,1111,1000,4,180.775,194.315,3,54,1,2,0,0,0,4767
1706,41.2441,4,4,4,1111,1000,4,124.982,192.888,6,55,1,2,2,1,0,4769
1707,41.2572,4,4,4,1111,1000,4,136.424,173.984,5,55,1,2,2,0,0,4770
1708,41.2662,2,2,4,1111,1000,4,144.394,150.979,2,55,0,0,2,0,0,4772
1709,41.2699,2,2,4,1111,1000,4,134.166,140.433,3,55,1,2,0,0,0,4772
1710,41.3466,3,3,4,1111,1000,4,179.069,199.289,4,55,0,2,2,0,0,4782
1711,41.3795,3,3,4,1111,1000,4,153.636,200.238,5,56,0,2,3,0,0,4786
1712,41.3881,3,3,4,1111,1000,4,160.196,176.795,5,56,0,2,3,0,0,4787
1713,41.3903,1,1,4,1111,1000,4,155.473,161.766,1,56,1,0,0,0,0,4788
1714,41.4017,3,3,4,1111,1000,4,143.703,158.345,5,56,0,2,3,0,0,4788
1715,41.4109,3,3,4,1111,1000,4,129.237,150.319,4,56,1,0,3,0,0,4790
1716,41.5006,4,4,4,1111,1000,4,162.622,211.013,6,56,1,2,3,0,0,4801
1717,41.5055,3,3,4,1111,1000,4,164.789,183.883,6,56,1,2,3,0,0,4802
1718,41.5134,1,1,4,1111,1000,4,165.905,170.608,0,56,0,0,0,0,0,4802
1719,41.5252,4,4,4,1111,1000,4,145.722,171.573,6,56,1,2,3,0,0,4804
1720,41.5291,2,2,4,1111,1000,4,126.417,143.466,3,56,1,2,0,0,0,4804
1721,41.6041,4,4,4,1111,1000,4,179.505,200.621,5,56,1,2,2,0,0,4812
1722,41.6218,4,4,4,1111,1000,4,130.354,186.282,5,56,1,2,1,1,0,4814
1723,41.6276,4,4,4,1111,1000,4,128.914,160.082,6,56,1,2,2,1,0,4814
1724,41.6367,1,1,4,1111,1000,4,136.920,137.135,1,56,0,0,1,0,0,4816
1725,41.6446,2,2,4,1111,1000,4,130.085,141.533,2,56,0,2,0,0,0,4817
1726,41.7343,4,4,4,1111,1000,4,133.570,217.499,7,57,1,2,4,0,0,4828
1727,41.7402,3,3,4,1111,1000,4,137.662,191.384,5,57,1,2,2,0,0,4829
1728,41.7616,2,2,4,1111,1000,4,158.017,180.872,4,57,1,0,3,0,0,4832
1729,41.7743,2,2,4,1111,1000,4,159.326,164.396,3,57,1,2,0,0,0,4833
1730,41.7869,2,2,4,1111,1000,4,149.780,159.166,2,57,0,0,2,0,0,4833
1731,41.7911,3,3,4,1111,1000,4,130.928,149.139,5,57,1,2,2,0,0,4833
1732,41.8789,4,4,4,1111,1000,4,161.568,215.640,6,57,1,2,2,1,0,4842
1733,41.8855,4,4,4,1111,1000,4,159.240,190.222,6,57,1,2,2,1,0,4843
1734,41.8932,1,1,4,1111,1000,4,159.479,165.847,0,57,0,0,0,0,0,4844
1735,41.9019,2,2,4,1111,1000,4,152.602,163.881,3,57,1,2,0,0,0,4846
1736,41.9065,3,3,4,1111,1000,4,123.914,150.632,3,57,1,0,2,0,0,4846
1737,41.9836,1,1,4,1111,1000,4,178.770,192.226,0,57,0,0,0,0,0,4855
1738,42.0262,4,4,4,1111,1000,4,155.876,221.290,5,57,1,2,2,0,0,4860
1739,42.0383,3,3,4,1111,1000,4,166.373,201.376,4,58,1,3,0,0,0,4862
1740,42.0456,1,1,4,1111,1000,4,171.926,176.588,1,58,1,0,0,0,0,4863
1741,42.0495,2,2,4,1111,1000,4,155.376,165.551,2,58,0,0,2,0,0,4864
1742,42.0607,3,3,4,1111,1000,4,142.928,162.533,4,58,0,2,2,0,0,4865
1743,42.0711,4,4,4,1111,1000,4,86.545,151.507,6,58,1,3,2,0,0,4866
1744,42.1649,4,4,4,1111,1000,4,176.705,213.298,6,58,1,3,2,0,0,4878
1745,42.1903,4,4,4,1111,1000,4,166.409,206.555,6,58,1,3,2,0,0,4882
1746,42.1913,1,1,4,1111,1000,4,166.420,175.600,0,58,0,0,0,0,0,4882
1747,42.1952,2,2,4,1111,1000,4,156.509,168.821,3,58,1,2,0,0,0,4882
1748,42.2145,4,4,4,1111,1000,4,151.288,170.380,6,58,1,3,2,0,0,4884
1749,42.2179,2,2,4,1111,1000,4,131.435,141.799,2,58,0,0,2,0,0,4884
1750,42.2956,4,4,4,1111,1000,4,153.773,205.235,7,59,1,3,3,0,0,4894
1751,42.2971,4,4,4,1111,1000,4,152.456,174.690,5,59,1,2,2,0,0,4894
1752,42.2974,1,1,4,1111,1000,4,142.862,142.923,3,59,0,3,0,0,0,4894
1753,42.3053,3,3,4,1111,1000,4,121.663,148.108,3,59,1,0,2,0,0,4896
1754,42.3975,3,3,4,1111,1000,4,191.400,211.039,4,59,1,0,3,0,0,4907
1755,42.4085,4,4,4,1111,1000,4,113.663,200.560,4,59,1,0,3,0,0,4908
1756,42.4261,4,4,4,1111,1000,4,130.117,186.055,5,59,0,2,3,0,0,4910
1757,42.4316,3,3,4,1111,1000,4,134.402,159.591,2,59,1,1,0,0,0,4911
1758,42.4330,1,1,4,1111,1000,4,132.230,132.655,3,59,0,0,3,0,0,4912
1759,42.5097,3,3,4,1111,1000,4,188.527,205.644,1,59,1,0,0,0,0,4922
1760,42.5213,4,4,4,1111,1000,4,132.411,188.957,4,59,1,0,3,0,0,4922
1761,42.5748,4,4,4,1111,1000,4,183.545,210.437,4,59,1,0,3,0,0,4929
1762,42.5772,1,1,4,1111,1000,4,179.087,180.834,1,59,0,0,1,0,0,4929
1763,42.5881,3,3,4,1111,1000,4,166.846,187.834,1,59,1,0,0,0,0,4929
1764,42.5971,3,3,4,1111,1000,4,152.296,168.661,1,59,0,0,1,0,0,4931
1765,42.6130,4,4,4,1111,1000,4,111.859,167.696,1,59,1,0,0,0,0,4932
1766,42.6223,3,3,4,1111,1000,4,117.801,144.899,1,59,1,0,0,0,0,4933
1767,42.6998,2,2,4,1111,1000,4,188.950,192.942,1,59,1,0,0,0,0,4943
1768,42.7110,4,4,4,1111,1000,4,135.767,186.461,1,59,1,0,0,0,0,4944
1769,42.7236,3,3,4,1111,1000,4,145.804,167.098,0,59,0,0,0,0,0,4946
1770,42.7269,1,1,4,1111,1000,4,138.223,138.308,0,59,0,0,0,0,0,4946
1771,42.7323,2,2,4,1111,1000,4,118.971,139.844,0,59,0,0,0,0,0,4947
1772,42.8170,2,2,4,1111,1000,4,182.102,196.367,0,59,0,0,0,0,0,4958
1773,42.8311,4,4,4,1111,1000,4,139.667,196.098,1,59,1,0,0,0,0,4960
1774,42.8379,4,4,4,1111,1000,4,136.627,170.884,1,59,1,0,0,0,0,4960
1775,42.8513,2,2,4,1111,1000,4,142.607,152.246,2,60,1,1,0,0,0,4962
1776,42.8545,2,2,4,1111,1000,4,129.276,137.784,0,60,0,0,0,0,0,4962
1777,42.9296,2,2,4,1111,1000,4,181.628,198.520,1,60,1,0,0,0,0,4972
1778,42.9804,4,4,4,1111,1000,4,166.202,231.705,1,60,1,0,0,0,0,4976
1779,42.9969,4,4,4,1111,1000,4,179.254,216.097,0,60,0,0,0,0,0,4978
1780,42.9989,2,2,4,1111,1000,4,174.578,186.141,0,60,0,0,0,0,0,4978
1781,43.0039,3,3,4,1111,1000,4,155.758,176.791,1,60,0,1,0,0,0,4978
1782,43.0211,3,3,4,1111,1000,4,150.371,172.310,1,60,0,1,0,0,0,4981
1783,43.0269,4,4,4,1111,1000,4,100.494,150.120,1,60,0,1,0,0,0,4982
1784,43.1099,4,4,4,1111,1000,4,179.697,201.024,2,60,1,1,0,0,0,4992
1785,43.1141,3,3,4,1111,1000,4,137.143,173.241,1,60,0,1,0,0,0,4992
1786,43.1151,1,1,4,1111,1000,4,136.603,142.128,0,60,0,0,0,0,0,4992
1787,43.1253,2,2,4,1111,1000,4,133.239,137.977,1,60,0,1,0,0,0,4994
1788,43.1331,2,2,4,1111,1000,4,119.728,128.181,0,60,0,0,0,0,0,4995
1789,43.2189,2,2,4,1111,1000,4,181.889,199.498,1,60,0,1,0,0,0,5003
1790,43.2332,4,4,4,1111,1000,4,139.982,196.242,2,60,1,1,0,0,0,5003
1791,43.2423,4,4,4,1111,1000,4,146.245,173.279,1,60,0,1,0,0,0,5004
1792,43.2791,1,1,4,1111,1000,4,175.925,178.061,0,60,0,0,0,0,0,5010
1793,43.2838,3,3,4,1111,1000,4,157.476,178.625,3,61,1,1,0,1,0,5010
1794,43.3021,4,4,4,1111,1000,4,151.487,169.001,2,61,0,1,0,1,0,5012
1795,43.3068,3,3,4,1111,1000,4,90.361,141.719,0,61,0,0,0,0,0,5012
1796,43.3853,2,2,4,1111,1000,4,166.168,184.053,0,61,0,0,0,0,0,5022
1797,43.3929,1,1,4,1111,1000,4,159.422,159.538,1,61,0,0,0,1,0,5023
1798,43.4033,4,4,4,1111,1000,4,124.069,159.755,2,61,0,1,0,1,0,5024
1799,43.4074,2,2,4,1111,1000,4,125.874,131.754,1,61,0,1,0,0,0,5026
1800,43.4678,1,1,4,1111,1000,4,174.355,174.545,1,62,0,0,1,0,0,5032
1801,43.4718,3,3,4,1111,1000,4,156.132,174.404,3,62,1,1,0,1,0,5034
1802,43.4895,4,4,4,1111,1000,4,106.001,164.266,4,62,1,1,1,1,0,5035
1803,43.4952,4,4,4,1111,1000,4,109.302,137.930,3,62,0,1,1,1,0,5036
1804,43.5680,1,1,4,1111,1000,4,174.492,178.742,1,62,0,0,1,0,0,5046
1805,43.5903,3,3,4,1111,1000,4,175.103,196.797,1,62,0,1,0,0,0,5048
1806,43.5967,4,4,4,1111,1000,4,128.562,175.350,3,62,1,1,1,0,0,5049
1807,43.6128,3,3,4,1111,1000,4,143.277,159.433,2,62,0,1,1,0,0,5050
1808,43.6151,1,1,4,1111,1000,4,129.763,145.046,0,62,0,0,0,0,0,5051
1809,43.7015,4,4,4,1111,1000,4,195.902,216.092,4,62,1,1,1,1,0,5062
1810,43.7070,4,4,4,1111,1000,4,137.322,189.536,3,62,1,1,1,0,0,5062
1811,43.7250,4,4,4,1111,1000,4,136.282,175.562,3,62,1,1,1,0,0,5065
1812,43.7291,2,2,4,1111,1000,4,139.121,147.624,1,62,0,0,1,0,0,5066
1813,43.7414,2,2,4,1111,1000,4,136.206,145.427,2,62,1,1,0,0,0,5066
1814,43.7486,3,3,4,1111,1000,4,120.116,135.146,2,62,0,1,1,0,0,5068
1815,43.8391,4,4,4,1111,1000,4,153.756,209.007,3,62,1,1,1,0,0,5079
1816,43.8401,3,3,4,1111,1000,4,152.345,178.006,2,62,1,0,1,0,0,5079
1817,43.8409,2,2,4,1111,1000,4,146.426,148.834,2,62,1,1,0,0,0,5079
1818,43.8471,2,2,4,1111,1000,4,129.873,137.534,1,62,0,0,1,0,0,5080
1819,43.9311,3,3,4,1111,1000,4,189.089,207.018,3,62,1,1,1,0,0,5090
1820,43.9421,4,4,4,1111,1000,4,103.773,196.058,3,62,1,1,1,0,0,5092
1821,43.9615,4,4,4,1111,1000,4,122.082,183.392,3,62,1,1,1,0,0,5094
1822,43.9984,4,4,4,1111,1000,4,157.990,188.361,3,62,1,1,1,0,0,5098
1823,44.0009,1,1,4,1111,1000,4,157.627,158.787,0,62,0,0,0,0,0,5098
1824,44.0159,2,2,4,1111,1000,4,151.321,163.720,2,62,1,1,0,0,0,5100
1825,44.0218,4,4,4,1111,1000,4,99.325,152.098,3,62,1,1,1,0,0,5100
1826,44.1057,4,4,4,1111,1000,4,180.021,203.926,3,62,1,1,1,0,0,5110
1827,44.1068,1,1,4,1111,1000,4,172.947,172.985,1,62,0,0,1,0,0,5110
1828,44.1131,3,3,4,1111,1000,4,159.033,174.810,2,62,1,1,0,0,0,5112
1829,44.1295,3,3,4,1111,1000,4,133.571,163.670,2,62,0,1,1,0,0,5113
1830,44.1331,2,2,4,1111,1000,4,123.464,135.240,1,62,0,0,1,0,0,5114
1831,44.2135,2,2,4,1111,1000,4,181.113,201.161,2,62,0,1,1,0,0,5122
1832,44.2294,4,4,4,1111,1000,4,140.093,195.017,3,62,1,1,1,0,0,5124
1833,44.2341,3,3,4,1111,1000,4,141.306,167.705,1,62,0,1,0,0,0,5124
1834,44.2457,2,2,4,1111,1000,4,147.020,151.760,1,62,0,0,1,0,0,5125
1835,44.2512,2,2,4,1111,1000,4,129.315,142.687,2,62,1,1,0,0,0,5125
1836,44.2668,4,4,4,1111,1000,4,121.581,140.861,3,62,1,1,1,0,0,5125
1837,44.4151,3,3,4,1111,1000,4,147.329,257.117,2,62,0,1,1,0,0,5139
1838,44.4244,3,3,4,1111,1000,4,155.658,234.395,2,62,0,1,1,0,0,5140
1839,44.4289,3,3,4,1111,1000,4,159.337,206.815,2,62,0,1,1,0,0,5141
1840,44.4454,3,3,4,1111,1000,4,175.155,177.719,2,62,0,1,1,0,0,5141
1841,44.4468,1,1,4,1111,1000,4,160.603,160.664,1,62,0,0,1,0,0,5142
1842,44.4484,1,1,4,1111,1000,4,153.663,157.663,0,62,0,0,0,0,0,5142
1843,44.4504,1,1,4,1111,1000,4,132.658,149.726,1,62,0,1,0,0,0,5142
1844,44.5270,3,3,4,1111,1000,4,187.866,208.895,2,62,0,1,1,0,0,5150
1845,44.5352,2,2,4,1111,1000,4,129.015,185.050,2,62,0,1,1,0,0,5150
1846,44.5390,2,2,4,1111,1000,4,130.750,156.780,2,62,0,1,1,0,0,5150
1847,44.5403,1,1,4,1111,1000,4,124.380,126.039,1,62,0,0,1,0,0,5150
1848,44.6201,2,2,4,1111,1000,4,181.818,201.173,1,62,0,1,0,0,0,5156
1849,44.6338,3,3,4,1111,1000,4,171.836,187.509,2,62,0,1,1,0,0,5156
1850,44.6384,3,3,4,1111,1000,4,120.106,160.080,2,62,0,1,1,0,0,5156
1851,44.6483,2,2,4,1111,1000,4,127.672,137.945,1,62,0,0,1,0,0,5157
1852,44.6552,1,1,4,1111,1000,4,127.972,130.306,1,62,0,1,0,0,0,5158
1853,44.7306,2,2,4,1111,1000,4,180.678,188.266,1,62,0,0,1,0,0,5164
1854,44.7451,3,3,4,1111,1000,4,127.843,188.169,2,62,0,1,1,0,0,5166
1855,44.7464,1,1,4,1111,1000,4,126.083,135.279,0,62,0,0,0,0,0,5166
1856,44.7487,1,1,4,1111,1000,4,105.439,105.495,0,62,0,0,0,0,0,5166
1857,44.8269,1,1,4,1111,1000,4,173.779,173.825,1,62,0,1,0,0,0,5173
1858,44.8306,1,1,4,1111,1000,4,159.358,160.155,1,62,0,0,1,0,0,5174
1859,44.8669,3,3,4,1111,1000,4,138.544,191.681,2,62,0,1,1,0,0,5177
1860,44.8704,2,2,4,1111,1000,4,139.446,163.086,1,62,0,1,0,0,0,5178
1861,44.8727,1,1,4,1111,1000,4,135.211,138.218,1,62,0,0,1,0,0,5178
1862,44.9361,2,2,4,1111,1000,4,176.280,196.765,1,62,0,1,0,0,0,5184
1863,44.9477,3,3,4,1111,1000,4,120.517,181.153,1,62,0,1,0,0,0,5185
1864,44.9574,3,3,4,1111,1000,4,126.269,158.766,1,62,0,1,0,0,0,5185
1865,44.9766,3,3,4,1111,1000,4,111.433,145.998,2,62,0,1,1,0,0,5188
1866,45.0040,1,1,4,1111,1000,4,137.750,141.371,1,62,0,0,1,0,0,5190
1867,45.0092,2,2,4,1111,1000,4,127.821,141.735,1,62,0,1,0,0,0,5191
1868,45.0907,3,3,4,1111,1000,4,156.324,196.096,1,62,0,1,0,0,0,5198
1869,45.0990,2,2,4,1111,1000,4,162.522,172.285,1,62,0,0,1,0,0,5199
1870,45.1014,1,1,4,1111,1000,4,153.461,160.089,1,62,0,1,0,0,0,5199
1871,45.1131,3,3,4,1111,1000,4,136.179,154.440,2,62,0,1,1,0,0,5200
1872,45.1209,2,2,4,1111,1000,4,116.422,130.199,1,62,0,0,1,0,0,5201
1873,45.2052,2,2,4,1111,1000,4,179.611,199.737,2,62,0,1,1,0,0,5209
1874,45.2203,3,3,4,1111,1000,4,138.466,192.570,1,62,0,1,0,0,0,5211
1875,45.2240,2,2,4,1111,1000,4,139.746,164.283,1,62,0,1,0,0,0,5211
1876,45.2253,1,1,4,1111,1000,4,134.402,138.498,1,62,0,0,1,0,0,5211
1877,45.2960,2,2,4,1111,1000,4,182.088,204.157,1,62,0,1,0,0,0,5218
1878,45.3088,3,3,4,1111,1000,4,171.199,189.939,2,62,0,1,1,0,0,5218
1879,45.3133,3,3,4,1111,1000,4,109.840,162.415,2,62,0,1,1,0,0,5219
1880,45.3263,3,3,4,1111,1000,4,120.715,143.411,2,62,0,1,1,0,0,5221
1881,45.3306,1,1,4,1111,1000,4,115.558,115.650,1,62,0,0,1,0,0,5221
1882,45.4173,2,2,4,1111,1000,4,182.162,197.345,1,62,0,1,0,0,0,5229
1883,45.4310,3,3,4,1111,1000,4,138.191,184.035,2,62,0,1,1,0,0,5230
1884,45.4354,3,3,4,1111,1000,4,139.052,156.374,2,62,0,1,1,0,0,5230
1885,45.4379,1,1,4,1111,1000,4,126.823,126.894,1,62,0,0,1,0,0,5230
1886,45.5027,2,2,4,1111,1000,4,176.117,186.626,1,62,0,1,0,0,0,5236
1887,45.5057,1,1,4,1111,1000,4,157.930,162.592,1,62,0,0,1,0,0,5237
1888,45.5195,3,3,4,1111,1000,4,105.597,171.365,1,62,0,1,0,0,0,5239
1889,45.5238,3,3,4,1111,1000,4,106.184,143.584,2,62,0,1,1,0,0,5239
1890,45.6112,2,2,4,1111,1000,4,186.395,199.009,1,62,0,1,0,0,0,5247
1891,45.6194,2,2,4,1111,1000,4,173.533,180.286,1,62,0,0,1,0,0,5248
1892,45.6239,3,3,4,1111,1000,4,121.488,170.022,2,63,0,1,0,1,0,5248
1893,45.6338,2,2,4,1111,1000,4,129.207,147.898,0,63,0,0,0,0,0,5249
1894,45.6371,1,1,4,1111,1000,4,123.346,128.713,1,63,0,0,0,1,0,5250
1895,45.7144,1,1,4,1111,1000,4,179.202,196.495,0,63,0,0,0,0,0,5257
1896,45.7313,3,3,4,1111,1000,4,128.596,196.080,1,63,0,0,0,1,0,5258
1897,45.7357,3,3,4,1111,1000,4,131.850,168.422,1,63,0,0,0,1,0,5259
1898,45.7412,2,2,4,1111,1000,4,129.001,141.899,1,63,0,0,0,1,0,5259
1899,45.7933,2,2,4,1111,1000,4,157.616,179.312,0,63,0,0,0,0,0,5263
1900,45.8083,2,2,4,1111,1000,4,149.892,171.810,1,63,0,0,0,1,0,5264
1901,45.8129,3,3,4,1111,1000,4,98.014,149.509,1,63,0,0,0,1,0,5264
1902,45.8919,3,3,4,1111,1000,4,168.345,196.527,1,63,0,0,0,1,0,5271
1903,45.8961,1,1,4,1111,1000,4,168.619,168.681,0,63,0,0,0,0,0,5272
1904,45.8987,2,2,4,1111,1000,4,151.776,165.995,1,63,0,0,0,1,0,5272
1905,45.9023,2,2,4,1111,1000,4,110.873,142.860,1,63,0,0,1,0,0,5272
1906,45.9698,1,1,4,1111,1000,4,168.465,178.303,0,63,0,0,0,0,0,5279
1907,46.0545,2,2,4,1111,1000,4,230.036,248.258,1,63,0,0,1,0,0,5279
1908,46.0631,3,3,4,1111,1000,4,181.877,234.265,2,63,0,0,1,1,0,5279
1909,46.0661,2,2,4,1111,1000,4,181.829,205.297,1,63,0,0,0,1,0,5279
1910,46.0679,1,1,4,1111,1000,4,175.790,180.405,1,63,0,0,1,0,0,5279
1911,46.0774,2,2,4,1111,1000,4,164.735,184.499,1,63,0,0,0,1,0,5279
1912,46.0785,3,3,4,1111,1000,4,108.276,158.888,2,63,0,0,1,1,0,5279
1913,46.0796,3,3,4,1111,1000,4,100.720,127.969,2,63,0,0,1,1,0,5279
