cam,pts_ns,mono_ns,real_ns
0,64041999,9955377135697,1783481698200515633
0,97375332,9955379246493,1783481698202626461
0,130708665,9955381589833,1783481698204969801
0,164041998,9955384156503,1783481698207536471
0,197375331,9955386008289,1783481698209388257
0,230708664,9955387966956,1783481698211346892
0,264041997,9955577341268,1783481698400721236
3,567200000,9955721168772,1783481698544548740
0,297375330,9955729904595,1783481698553284531
0,330708663,9955729955956,1783481698553335892
0,364041996,9955729962932,1783481698553342868
3,600533333,9955753192530,1783481698576572434
0,397375329,9955761940066,1783481698585320034
3,633866666,9955785246785,1783481698608626721
0,430708662,9955785409538,1783481698608789506
3,667199999,9955817288079,1783481698640668047
0,464041995,9955825853982,1783481698649233950
3,700533332,9955849322462,1783481698672702494
0,497375328,9955857839276,1783481698681219244
3,733866665,9955881369197,1783481698704749133
0,530708661,9955993973362,1783481698817353298
3,767199998,9955993973938,1783481698817353906
0,564041994,9955993993138,1783481698817373106
0,597375327,9955993998194,1783481698817378162
0,630708660,9955994002674,1783481698817382642
0,664041993,9956018491032,1783481698841870968
0,697375326,9956202556163,1783481699025936099
3,800533331,9956202562339,1783481699025942307
3,833866664,9956202582467,1783481699025962403
0,730708659,9956202655235,1783481699026035203
0,764041992,9956202667203,1783481699026047139
3,867199997,9956202671043,1783481699026051011
0,797375325,9956202671875,1783481699026051811
0,830708658,9956210608047,1783481699033988015
1,1134800000,9956288767385,1783481699112147321
0,864041991,9956297381448,1783481699120761384
3,900533330,9956297385736,1783481699120765672
3,933866663,9956297408520,1783481699120788456
0,897375324,9956297418376,1783481699120798344
0,930708657,9956306665658,1783481699130045626
1,1168133333,9956320759559,1783481699144139527
3,967199996,9956329336438,1783481699152716406
0,964041990,9956338677289,1783481699162057225
1,1201466666,9956352783702,1783481699176163638
3,1000533329,9956361289348,1783481699184669316
0,997375323,9956370709367,1783481699194089303
1,1234799999,9956384837444,1783481699208217380
3,1033866662,9956393360819,1783481699216740755
0,1030708656,9956402729190,1783481699226109158
3,1067199995,9956411050963,1783481699234430931
1,1268133332,9956416861427,1783481699240241395
0,1064041989,9956434746325,1783481699258126261
1,1301466665,9956448893634,1783481699272273602
1,1334799998,9956619675173,1783481699443055141
0,1097375322,9956619678661,1783481699443058629
3,1100533328,9956619686565,1783481699443066533
3,1133866661,9956619706853,1783481699443086789
0,1130708655,9956619709413,1783481699443089381
3,1167199994,9956619713733,1783481699443093669
0,1164041988,9956619719813,1783481699443099781
3,1200533327,9956619721221,1783481699443101157
0,1197375321,9956626874316,1783481699450254284
3,1233866660,9956650384300,1783481699473764268
0,1230708654,9956658905018,1783481699482284986
3,1267199993,9956682417499,1783481699505797435
0,1264041987,9956690914601,1783481699514294569
3,1300533326,9956714476425,1783481699537856361
0,1297375320,9956722952408,1783481699546332376
1,1368133331,9956731428518,1783481699554808454
3,1333866659,9956746502456,1783481699569882392
0,1330708653,9956754960390,1783481699578340326
1,1401466664,9956763492437,1783481699586872405
3,1367199992,9956778524902,1783481699601904870
0,1364041986,9956787002453,1783481699610382421
1,1434799997,9956795562051,1783481699618942019
3,1400533325,9956810565269,1783481699633945205
0,1397375319,9956819008163,1783481699642388131
1,1468133330,9956827630066,1783481699651010002
1,1501466663,9956827691506,1783481699651071474
3,1433866658,9956842610372,1783481699665990340
0,1430708652,9956851038386,1783481699674418322
2,1702100000,9956856053037,1783481699679432973
3,1467199991,9956874659315,1783481699698039283
0,1464041985,9956883055808,1783481699706435808
2,1735433333,9956888038235,1783481699711418203
1,1534799996,9956896534026,1783481699719913962
0,1497375318,9956915073679,1783481699738453647
2,1768766666,9956920061738,1783481699743441674
0,1530708651,9956947080125,1783481699770460093
2,1802099999,9956952120953,1783481699775500921
1,1568133329,9956952379098,1783481699775759066
1,1601466662,9956960779112,1783481699784159080
3,1500533324,9956970792191,1783481699794172127
0,1564041984,9956979118764,1783481699802498732
2,1835433332,9956984135687,1783481699807515655
1,1634799995,9956992630294,1783481699816010262
3,1533866657,9957002840205,1783481699826220205
0,1597375317,9957011133978,1783481699834513914
2,1868766665,9957016158774,1783481699839538742
3,1567199990,9957034900476,1783481699858280444
1,1668133328,9957035079837,1783481699858459805
1,1701466661,9957035095421,1783481699858475421
0,1630708650,9957043179433,1783481699866559529
3,1600533323,9957066926763,1783481699890306731
0,1664041983,9957075175320,1783481699898555288
2,1902099998,9957075279768,1783481699898659736
1,1734799994,9957075282552,1783481699898662520
3,1633866656,9957098983129,1783481699922363065
0,1697375316,9957107218982,1783481699930598950
1,1768133327,9957107352487,1783481699930732455
2,1935433331,9957107358983,1783481699930738951
3,1667199989,9957131011656,1783481699954391624
0,1730708649,9957139245173,1783481699962625141
1,1801466660,9957139384054,1783481699962764022
2,1968766664,9957139385878,1783481699962765814
3,1700533322,9957163062551,1783481699986442519
0,1764041982,9957171274179,1783481699994654115
1,1834799993,9957171443236,1783481699994823172
2,2002099997,9957171568677,1783481699994948645
3,1733866655,9957195117317,1783481700018497253
0,1797375315,9957203288754,1783481700026668754
1,1868133326,9957203431731,1783481700026811795
3,1767199988,9957227141300,1783481700050521268
0,1830708648,9957235302017,1783481700058681953
1,1901466659,9957235433377,1783481700058813313
2,2035433330,9957240362140,1783481700063742076
3,1800533321,9957259163395,1783481700082543363
0,1864041981,9957267297263,1783481700090677231
1,1934799992,9957267396112,1783481700090776080
2,2068766663,9957272409323,1783481700095789259
3,1833866654,9957291213425,1783481700114593361
0,1897375314,9957299317982,1783481700122697918
1,1968133325,9957299415486,1783481700122795454
2,2102099996,9957304420409,1783481700127800409
3,1867199987,9957323264672,1783481700146644640
0,1930708647,9957331351788,1783481700154731756
1,2001466658,9957331466125,1783481700154846061
2,2135433329,9957336453512,1783481700159833448
3,1900533320,9957355292559,1783481700178672527
0,1964041980,9957363359771,1783481700186739739
1,2034799991,9957363434843,1783481700186814779
2,2168766662,9957368471863,1783481700191851799
3,1933866653,9957387338462,1783481700210718430
0,1997375313,9957395397002,1783481700218776970
1,2068133324,9957395501418,1783481700218881386
2,2202099995,9957400509157,1783481700223889125
3,1967199986,9957419393740,1783481700242773676
0,2030708646,9957427400216,1783481700250780184
1,2101466657,9957427476600,1783481700250856568
2,2235433328,9957432535444,1783481700255915508
3,2000533319,9957451420571,1783481700274800539
0,2064041979,9957459427367,1783481700282807367
1,2134799990,9957459517351,1783481700282897287
2,2268766661,9957464578211,1783481700287958179
3,2033866652,9957483474506,1783481700306854442
0,2097375312,9957491447509,1783481700314827445
1,2168133323,9957491535318,1783481700314915254
2,2302099994,9957496615281,1783481700319995249
3,2067199985,9957515515641,1783481700338895577
0,2130708645,9957523464804,1783481700346844772
1,2201466656,9957523547780,1783481700346927748
2,2335433327,9957528621760,1783481700352001728
3,2100533318,9957547566503,1783481700370946439
0,2164041978,9957555492403,1783481700378872371
2,2368766660,9957560648239,1783481700384028207
3,2133866651,9957579589782,1783481700402969750
0,2197375311,9957587507489,1783481700410887425
1,2234799989,9957588097604,1783481700411477540
2,2402099993,9957592670333,1783481700416050333
3,2167199984,9957611635941,1783481700435015877
0,2230708644,9957619540336,1783481700442920304
1,2268133322,9957619664176,1783481700443044144
2,2435433326,9957624699532,1783481700448079500
3,2200533317,9957643684339,1783481700467064275
0,2264041977,9957651543134,1783481700474923102
1,2301466655,9957651651583,1783481700475031551
2,2468766659,9957656727003,1783481700480106971
3,2233866650,9957675744450,1783481700499124418
0,2297375310,9957683586861,1783481700506966797
1,2334799988,9957683709998,1783481700507089966
2,2502099992,9957688775465,1783481700512155401
3,2267199983,9957707801457,1783481700531181425
0,2330708643,9957715611900,1783481700538991868
1,2368133321,9957715870653,1783481700539250589
2,2535433325,9957720802232,1783481700544182168
3,2300533316,9957739996545,1783481700563376449
0,2364041976,9957747629834,1783481700571009802
1,2401466654,9957747761323,1783481700571141291
2,2568766658,9957752820423,1783481700576200359
3,2333866649,9957771844046,1783481700595223982
0,2397375309,9957779633753,1783481700603013721
1,2434799987,9957779830938,1783481700603210906
2,2602099991,9957784857941,1783481700608237909
3,2367199982,9957803922205,1783481700627302173
0,2430708642,9957811681416,1783481700635061352
1,2468133320,9957811820904,1783481700635200872
2,2635433324,9957816880324,1783481700640260228
3,2400533315,9957835974508,1783481700659354476
0,2464041975,9957843717814,1783481700667097750
1,2501466653,9957843891575,1783481700667271543
2,2668766657,9957848913523,1783481700672293491
3,2433866648,9957868015483,1783481700691395419
0,2497375308,9957875733157,1783481700699113125
1,2534799986,9957875873542,1783481700699253510
2,2702099990,9957880960129,1783481700704340097
3,2467199981,9957900041449,1783481700723421417
0,2530708641,9957907717811,1783481700731097747
1,2568133319,9957907804916,1783481700731184884
2,2735433323,9957912969456,1783481700736349424
3,2500533314,9957932042392,1783481700755422360
0,2564041974,9957939730786,1783481700763110754
1,2601466652,9957939841794,1783481700763221730
2,2768766656,9957944998687,1783481700768378655
3,2533866647,9957964110631,1783481700787490599
1,2634799985,9957972657877,1783481700796037845
2,2802099989,9957977026125,1783481700800406061
3,2567199980,9957996158390,1783481700819538358
1,2668133318,9958004638820,1783481700828018788
2,2835433322,9958009054556,1783481700832434652
3,2600533313,9958028187140,1783481700851567076
0,2597375307,9958035796878,1783481700859176846
1,2701466651,9958035897742,1783481700859277678
2,2868766655,9958041077163,1783481700864457099
3,2633866646,9958060231411,1783481700883611379
0,2630708640,9958067838172,1783481700891218140
1,2734799984,9958067934237,1783481700891314173
2,2902099988,9958073109497,1783481700896489465
3,2667199979,9958092283330,1783481700915663298
0,2664041973,9958099839979,1783481700923219947
1,2768133317,9958099926731,1783481700923306699
2,2935433321,9958105137928,1783481700928517896
3,2700533312,9958124349873,1783481700947729841
0,2697375306,9958131878490,1783481700955258458
1,2801466650,9958131984602,1783481700955364538
2,2968766654,9958137169367,1783481700960549303
3,2733866645,9958156355647,1783481700979735615
0,2730708639,9958163879880,1783481700987259816
1,2834799983,9958163959689,1783481700987339657
2,3002099987,9958169206597,1783481700992586565
3,2767199978,9958188399406,1783481701011779374
0,2764041972,9958195902423,1783481701019282359
1,2868133316,9958195985783,1783481701019365719
2,3035433320,9958201223284,1783481701024603380
3,2800533311,9958220443485,1783481701043823421
0,2797375305,9958227931878,1783481701051311878
1,2901466649,9958228069254,1783481701051449222
2,3068766653,9958233276227,1783481701056656195
3,2833866644,9958252551148,1783481701075931084
0,2830708638,9958259962004,1783481701083341972
1,2934799982,9958260102901,1783481701083482869
2,3102099986,9958265286353,1783481701088666289
3,2867199977,9958284547834,1783481701107927802
0,2864041971,9958291992355,1783481701115372323
1,2968133315,9958292154372,1783481701115534308
2,3135433319,9958297322016,1783481701120701952
0,2897375304,9958324049650,1783481701147429586
1,3001466648,9958332671329,1783481701156051361
2,3168766652,9958332673505,1783481701156053441
0,2930708637,9958356048160,1783481701179428096
1,3034799981,9958364522799,1783481701187902767
2,3202099985,9958364523727,1783481701187903695
3,2900533310,9958380669735,1783481701204049735
0,2964041970,9958388034991,1783481701211414959
3,2933866643,9958412727702,1783481701236107638
0,2997375303,9958420040766,1783481701243420766
2,3235433318,9958420152542,1783481701243532510
1,3068133314,9958420278623,1783481701243658559
3,2967199976,9958444749572,1783481701268129540
0,3030708636,9958452037036,1783481701275417004
1,3101466647,9958452116557,1783481701275496525
2,3268766651,9958452121997,1783481701275501933
3,3000533309,9958476788691,1783481701300168659
0,3064041969,9958484085179,1783481701307465147
1,3134799980,9958484166491,1783481701307546427
2,3302099984,9958484168283,1783481701307548219
3,3033866642,9958508840386,1783481701332220354
0,3097375302,9958516116586,1783481701339496522
1,3168133313,9958516212522,1783481701339592490
2,3335433317,9958516215914,1783481701339595882
3,3067199975,9958540878449,1783481701364258417
0,3130708635,9958548128312,1783481701371508248
1,3201466646,9958548212537,1783481701371592473
2,3368766650,9958548215449,1783481701371595417
3,3100533308,9958572914943,1783481701396294943
0,3164041968,9958580149735,1783481701403529703
2,3402099983,9958580239271,1783481701403619239
1,3234799979,9958580335592,1783481701403715528
3,3133866641,9958604958094,1783481701428338062
0,3197375301,9958612178998,1783481701435558934
1,3268133312,9958612276310,1783481701435656246
3,3167199974,9958636994749,1783481701460374749
0,3230708634,9958644189028,1783481701467568964
1,3301466645,9958644266565,1783481701467646501
2,3435433316,9958649630242,1783481701473010178
3,3200533307,9958669044620,1783481701492424556
0,3264041967,9958676207731,1783481701499587699
1,3334799978,9958676290931,1783481701499670899
2,3468766649,9958681662353,1783481701505042321
3,3233866640,9958701081691,1783481701524461659
0,3297375300,9958708243234,1783481701531623170
1,3368133311,9958708339362,1783481701531719298
2,3502099982,9958713687167,1783481701537067135
3,3267199973,9958733141034,1783481701556521002
0,3330708633,9958740254096,1783481701563634064
1,3401466644,9958740365489,1783481701563745425
2,3535433315,9958745719694,1783481701569099630
3,3300533306,9958765196984,1783481701588576952
0,3364041966,9958772277311,1783481701595657279
1,3434799977,9958772356895,1783481701595736863
2,3568766648,9958777744061,1783481701601123965
3,3333866639,9958797225095,1783481701620605031
0,3397375299,9958804298062,1783481701627677998
1,3468133310,9958804386254,1783481701627766222
2,3602099981,9958809773996,1783481701633153932
3,3367199972,9958829273238,1783481701652653206
0,3430708632,9958836320924,1783481701659700860
1,3501466643,9958836413341,1783481701659793309
2,3635433314,9958841804250,1783481701665184186
3,3400533305,9958861312613,1783481701684692549
0,3464041965,9958868341035,1783481701691720971
1,3534799976,9958868418508,1783481701691798444
2,3668766647,9958873837129,1783481701697217097
3,3433866638,9958893340819,1783481701716720755
0,3497375298,9958900367514,1783481701723747450
1,3568133309,9958900460186,1783481701723840122
2,3702099980,9958905863896,1783481701729243864
3,3467199971,9958925400354,1783481701748780322
0,3530708631,9958932383336,1783481701755763304
1,3601466642,9958932486249,1783481701755866217
2,3735433313,9958937893255,1783481701761273191
3,3500533304,9958957401905,1783481701780781873
0,3564041964,9958964416951,1783481701787796919
1,3634799975,9958964528600,1783481701787908536
2,3768766646,9958969920085,1783481701793300021
3,3533866637,9958989483776,1783481701812863744
0,3597375297,9958996429126,1783481701819809094
1,3668133308,9958996507910,1783481701819887878
2,3802099979,9959001961060,1783481701825341028
3,3567199970,9959021510959,1783481701844890927
0,3630708630,9959028445876,1783481701851825812
1,3701466641,9959028527989,1783481701851907893
2,3835433312,9959033978131,1783481701857358099
3,3600533303,9959053554877,1783481701876934813
0,3664041963,9959060497891,1783481701883877827
1,3734799974,9959060632260,1783481701884012228
2,3868766645,9959066037058,1783481701889416962
3,3633866636,9959085614796,1783481701908994892
0,3697375296,9959092486898,1783481701915866866
1,3768133307,9959092577746,1783481701915957682
2,3902099978,9959098045200,1783481701921425168
3,3667199969,9959117648891,1783481701941028859
0,3730708629,9959124504705,1783481701947884673
1,3801466640,9959124577249,1783481701947957185
2,3935433311,9959130063775,1783481701953443711
3,3700533302,9959149674378,1783481701973054346
0,3764041962,9959156522319,1783481701979902287
1,3834799973,9959156591824,1783481701979971792
2,3968766644,9959162094766,1783481701985474734
3,3733866635,9959181728729,1783481702005108697
0,3797375295,9959188552510,1783481702011932478
2,4002099977,9959194121116,1783481702017501084
3,3767199968,9959213780008,1783481702037159976
0,3830708628,9959220576525,1783481702043956493
1,3868133306,9959220698541,1783481702044078477
2,4035433310,9959226157963,1783481702049537899
3,3800533301,9959245826710,1783481702069206646
0,3864041961,9959252617436,1783481702075997436
1,3901466639,9959252752284,1783481702076132252
2,4068766643,9959258185114,1783481702081565050
3,3833866634,9959277852869,1783481702101232837
0,3897375294,9959284619882,1783481702107999850
1,3934799972,9959284726667,1783481702108106571
2,4102099976,9959290222825,1783481702113602793
3,3867199967,9959309890740,1783481702133270676
0,3930708627,9959316634457,1783481702140014425
1,3968133305,9959316723737,1783481702140103673
2,4135433309,9959322239543,1783481702145619479
3,3900533300,9959341949923,1783481702165329859
0,3964041960,9959348656456,1783481702172036392
1,4001466638,9959348747080,1783481702172127048
2,4168766642,9959354266982,1783481702177647014
3,3933866633,9959373978354,1783481702197358322
1,4034799971,9959382517696,1783481702205897664
2,4202099975,9959386298773,1783481702209678741
3,3967199966,9959406026209,1783481702229406177
1,4068133304,9959414626832,1783481702238006800
2,4235433308,9959418330756,1783481702241710660
3,4000533299,9959438081808,1783481702261461776
0,3997375293,9959444732020,1783481702268111956
1,4101466637,9959444834708,1783481702268214676
2,4268766641,9959450355347,1783481702273735315
3,4033866632,9959470134463,1783481702293514399
0,4030708626,9959476763331,1783481702300143299
1,4134799970,9959476879203,1783481702300259139
2,4302099974,9959482389697,1783481702305769633
3,4067199965,9959502152365,1783481702325532301
0,4064041959,9959508764017,1783481702332143985
1,4168133303,9959508983827,1783481702332363763
2,4335433307,9959514424432,1783481702337804368
3,4100533298,9959534202076,1783481702357581980
0,4097375292,9959540783840,1783481702364163808
1,4201466636,9959541034625,1783481702364414561
2,4368766640,9959546475519,1783481702369855487
3,4133866631,9959566243659,1783481702389623627
0,4130708625,9959572809071,1783481702396189039
1,4234799969,9959572894863,1783481702396274831
2,4402099973,9959578471310,1783481702401851246
3,4167199964,9959598273082,1783481702421653050
0,4164041958,9959604827646,1783481702428207582
1,4268133302,9959604922974,1783481702428302942
2,4435433306,9959610500349,1783481702433880285
3,4200533297,9959630319209,1783481702453699177
0,4197375291,9959636846700,1783481702460226636
1,4301466635,9959636941613,1783481702460321549
2,4468766639,9959642536139,1783481702465916075
3,4233866630,9959662370776,1783481702485750712
0,4230708624,9959668871515,1783481702492251451
1,4334799968,9959668947260,1783481702492327228
2,4502099972,9959674555802,1783481702497935802
3,4267199963,9959694399174,1783481702517779110
0,4264041957,9959700891818,1783481702524271786
1,4368133301,9959700972330,1783481702524352298
2,4535433305,9959706585609,1783481702529965577
0,4297375290,9959732912089,1783481702556292057
2,4568766638,9959741440615,1783481702564820583
1,4401466634,9959741441319,1783481702564821287
0,4330708623,9959764951527,1783481702588331495
1,4434799967,9959773427158,1783481702596807126
2,4602099971,9959773440566,1783481702596820534
3,4300533296,9959790551251,1783481702613931155
0,4364041956,9959796957206,1783481702620337142
1,4468133300,9959797052567,1783481702620432535
2,4635433304,9959802675733,1783481702626055701
3,4333866629,9959822578210,1783481702645958178
0,4397375289,9959828968645,1783481702652348613
1,4501466633,9959829045093,1783481702652424997
2,4668766637,9959834704804,1783481702658084772
3,4367199962,9959854636465,1783481702678016369
0,4430708622,9959860990196,1783481702684370132
1,4534799966,9959861065364,1783481702684445300
2,4702099970,9959866750483,1783481702690130451
3,4400533295,9959886675488,1783481702710055424
0,4464041955,9959893010562,1783481702716390498
1,4568133299,9959893100483,1783481702716480419
2,4735433303,9959898773602,1783481702722153538
3,4433866628,9959918709807,1783481702742089775
0,4497375288,9959925035345,1783481702748415281
1,4601466632,9959925116721,1783481702748496657
2,4768766636,9959930790448,1783481702754170416
3,4467199961,9959950759389,1783481702774139357
0,4530708621,9959957062144,1783481702780442112
1,4634799965,9959957142080,1783481702780522048
2,4802099969,9959962825183,1783481702786205151
3,4500533294,9959982811116,1783481702806191084
0,4564041954,9959989084111,1783481702812464047
3,4533866627,9960014827003,1783481702838206939
0,4597375287,9960021127261,1783481702844507197
1,4668133298,9960021254526,1783481702844634462
3,4567199960,9960046894026,1783481702870273994
0,4630708620,9960053136812,1783481702876516812
1,4701466631,9960053265165,1783481702876645101
2,4835433302,9960058930476,1783481702882310508
1,4734799964,9960068602753,1783481702891982721
3,4600533293,9960078939385,1783481702902319353
0,4664041953,9960085145467,1783481702908525435
2,4868766635,9960090940378,1783481702914320314
1,4768133297,9960100637039,1783481702924017007
3,4633866626,9960110968488,1783481702934348424
0,4697375286,9960117162474,1783481702940542442
2,4902099968,9960122971753,1783481702946351721
1,4801466630,9960132661726,1783481702956041694
3,4667199959,9960143017463,1783481702966397431
0,4730708619,9960149179832,1783481702972559800
2,4935433301,9960154993336,1783481702978373272
1,4834799963,9960164705037,1783481702988085005
3,4700533292,9960175060933,1783481702998440869
0,4764041952,9960181212039,1783481703004592007
2,4968766634,9960187023495,1783481703010403431
1,4868133296,9960196740220,1783481703020120188
3,4733866625,9960207096308,1783481703030476244
0,4797375285,9960213235030,1783481703036614966
2,5002099967,9960219055542,1783481703042435478
1,4901466629,9960228775083,1783481703052155179
3,4767199958,9960239150883,1783481703062530819
0,4830708618,9960245252773,1783481703068632741
2,5035433300,9960251086853,1783481703074466821
1,4934799962,9960260799738,1783481703084179706
3,4800533291,9960271189042,1783481703094569010
0,4864041951,9960277273843,1783481703100653811
2,5068766633,9960283114707,1783481703106494675
1,4968133295,9960292832200,1783481703116212168
3,4833866624,9960303227969,1783481703126607937
0,4897375284,9960309291874,1783481703132671842
2,5102099966,9960315132898,1783481703138512834
1,5001466628,9960324872663,1783481703148252631
3,4867199957,9960335270736,1783481703158650704
0,4930708617,9960341315569,1783481703164695537
2,5135433299,9960347162929,1783481703170542897
3,4900533290,9960367300255,1783481703190680191
0,4964041950,9960373336800,1783481703196716768
1,5034799961,9960373404672,1783481703196784640
2,5168766632,9960379194528,1783481703202574496
3,4933866623,9960399375150,1783481703222755118
0,4997375283,9960405359055,1783481703228738991
1,5068133294,9960405439471,1783481703228819407
2,5202099965,9960411225487,1783481703234605455
3,4967199956,9960431406749,1783481703254786685
0,5030708616,9960437378942,1783481703260758910
1,5101466627,9960437458174,1783481703260838110
2,5235433298,9960443254014,1783481703266634046
3,5000533289,9960463447500,1783481703286827404
0,5064041949,9960469419340,1783481703292799308
1,5134799960,9960469512269,1783481703292892237
2,5268766631,9960475281324,1783481703298661324
3,5033866622,9960495473915,1783481703318853851
0,5097375282,9960501415611,1783481703324795579
1,5168133293,9960501490876,1783481703324870844
2,5302099964,9960507311803,1783481703330691707
3,5067199955,9960527533098,1783481703350913034
0,5130708615,9960533446922,1783481703356826826
1,5201466626,9960533535018,1783481703356914954
2,5335433297,9960539353162,1783481703362733098
3,5100533288,9960559573785,1783481703382953721
0,5164041948,9960565457017,1783481703388836921
1,5234799959,9960565532953,1783481703388912921
2,5368766630,9960571368281,1783481703394748217
3,5133866621,9960591599079,1783481703414979047
0,5197375281,9960597476008,1783481703420855976
1,5268133292,9960597547944,1783481703420927880
2,5402099963,9960603396968,1783481703426776936
3,5167199954,9960623659958,1783481703447039894
0,5230708614,9960629496982,1783481703452876950
1,5301466625,9960629568503,1783481703452948439
2,5435433296,9960635426199,1783481703458806167
3,5200533287,9960655698533,1783481703479078501
0,5264041947,9960661529797,1783481703484909797
1,5334799958,9960661631238,1783481703485011206
2,5468766629,9960667459526,1783481703490839462
3,5233866620,9960687759572,1783481703511139508
0,5297375280,9960693573396,1783481703516953332
1,5368133291,9960693832374,1783481703517212310
2,5502099962,9960699499925,1783481703522879893
3,5267199953,9960719788131,1783481703543168067
0,5330708613,9960725567011,1783481703548946947
1,5401466624,9960725648963,1783481703549028899
2,5535433295,9960731519139,1783481703554899107
3,5300533286,9960751831954,1783481703575211890
0,5364041946,9960757578354,1783481703580958322
1,5434799957,9960757654386,1783481703581034322
2,5568766628,9960763553106,1783481703586933074
3,5333866619,9960783875489,1783481703607255425
1,5468133290,9960792395312,1783481703615775280
2,5602099961,9960795577281,1783481703618957313
3,5367199952,9960815908464,1783481703639288368
1,5501466623,9960824344894,1783481703647724862
2,5635433294,9960827602416,1783481703650982384
3,5400533285,9960847954495,1783481703671334495
0,5397375279,9960853648638,1783481703677028606
2,5668766627,9960859617983,1783481703682997919
3,5433866618,9960880013870,1783481703703393838
0,5430708612,9960885674765,1783481703709054733
1,5534799956,9960885754381,1783481703709134349
2,5702099960,9960891660910,1783481703715040974
3,5467199951,9960912060893,1783481703735440861
0,5464041945,9960917689180,1783481703741069116
1,5568133289,9960917764892,1783481703741144860
2,5735433293,9960923687356,1783481703747067452
3,5500533284,9960944075020,1783481703767454956
0,5497375278,9960949712842,1783481703773092810
1,5601466622,9960949790603,1783481703773170571
2,5768766626,9960955719659,1783481703779099595
3,5533866617,9960976131771,1783481703799511707
0,5530708611,9960981736665,1783481703805116633
1,5634799955,9960981815994,1783481703805195962
2,5802099959,9960987747194,1783481703811127130
3,5567199950,9961008173578,1783481703831553546
0,5564041944,9961013757640,1783481703837137608
1,5668133288,9961013846441,1783481703837226377
2,5835433292,9961019776201,1783481703843156169
3,5600533283,9961040199000,1783481703863578968
0,5597375277,9961045764439,1783481703869144407
1,5701466621,9961045840599,1783481703869220567
2,5868766625,9961051800600,1783481703875180568
3,5633866616,9961072255655,1783481703895635623
0,5630708610,9961077793094,1783481703901173062
1,5734799954,9961077870086,1783481703901250054
2,5902099958,9961083840295,1783481703907220199
3,5667199949,9961104298902,1783481703927678838
0,5664041943,9961109806740,1783481703933186676
1,5768133287,9961109890485,1783481703933270421
2,5935433291,9961115864086,1783481703939244022
0,5697375276,9961141835427,1783481703965215331
1,5801466620,9961150319890,1783481703973699826
2,5968766624,9961150323570,1783481703973703538
0,5730708609,9961173858226,1783481703997238162
1,5834799953,9961182291360,1783481704005671296
2,6002099957,9961182295104,1783481704005675040
3,5700533282,9961200427971,1783481704023807907
0,5764041942,9961205888065,1783481704029268033
1,5868133286,9961205968418,1783481704029348386
2,6035433290,9961211950818,1783481704035330786
3,5733866615,9961232468274,1783481704055848242
0,5797375275,9961237902448,1783481704061282416
1,5901466619,9961238081265,1783481704061461233
2,6068766623,9961243993649,1783481704067373585
3,5767199948,9961264534849,1783481704087914817
0,5830708608,9961269943135,1783481704093323071
1,5934799952,9961270064256,1783481704093444224
2,6102099956,9961276033376,1783481704099413312
3,5800533281,9961296568592,1783481704119948560
0,5864041941,9961301949390,1783481704125329326
1,5968133285,9961302047598,1783481704125427566
2,6135433289,9961308039471,1783481704131419439
3,5833866614,9961328601759,1783481704151981727
0,5897375274,9961333981373,1783481704157361341
1,6001466618,9961334074173,1783481704157454141
2,6168766622,9961340035582,1783481704163415550
3,5867199947,9961360639694,1783481704184019662
0,5930708607,9961365982891,1783481704189362859
1,6034799951,9961366071052,1783481704189451020
2,6202099955,9961372105709,1783481704195485677
3,5900533280,9961392679357,1783481704216059325
0,5964041940,9961398004090,1783481704221384058
1,6068133284,9961398092923,1783481704221472891
3,5933866613,9961424739948,1783481704248119916
0,5997375273,9961430040265,1783481704253420201
1,6101466617,9961446065025,1783481704269444993
3,5967199946,9961456764411,1783481704280144347
0,6030708606,9961462053624,1783481704285433560
2,6235433288,9961468187994,1783481704291567930
1,6134799950,9961478050767,1783481704301430735
3,6000533279,9961488790954,1783481704312170890
0,6064041939,9961494066439,1783481704317446407
2,6268766621,9961500220072,1783481704323600168
1,6168133283,9961510081438,1783481704333461374
3,6033866612,9961520849465,1783481704344229433
0,6097375272,9961526086358,1783481704349466294
2,6302099954,9961532239575,1783481704355619575
1,6201466616,9961542114157,1783481704365494125
3,6067199945,9961552900584,1783481704376280552
0,6130708605,9961558118981,1783481704381498885
2,6335433287,9961564270502,1783481704387650438
1,6234799949,9961574159388,1783481704397539356
3,6100533278,9961584928055,1783481704408307991
0,6164041938,9961590133876,1783481704413513844
2,6368766620,9961596296533,1783481704419676501
1,6268133282,9961606179595,1783481704429559531
3,6133866611,9961616965862,1783481704440345862
0,6197375271,9961622152578,1783481704445532546
2,6402099953,9961628323652,1783481704451703620
1,6301466615,9961638215898,1783481704461595962
3,6167199944,9961649018613,1783481704472398549
0,6230708604,9961654171761,1783481704477551761
2,6435433286,9961660347635,1783481704483727571
1,6334799948,9961670260585,1783481704493640521
3,6200533277,9961681060964,1783481704504440900
0,6264041937,9961686194944,1783481704509574880
2,6468766619,9961692385026,1783481704515764930
1,6368133281,9961702284792,1783481704525664728
3,6233866610,9961713090515,1783481704536470483
0,6297375270,9961718209519,1783481704541589455
2,6502099952,9961724408305,1783481704547788273
1,6401466614,9961734312871,1783481704557692839
3,6267199943,9961745138658,1783481704568518594
0,6330708603,9961750228446,1783481704573608414
2,6535433285,9961756437984,1783481704579817952
1,6434799947,9961766352534,1783481704589732470
3,6300533276,9961777191921,1783481704600571857
0,6364041936,9961782266765,1783481704605646733
2,6568766618,9961788483503,1783481704611863471
1,6468133280,9961798386277,1783481704621766245
3,6333866609,9961809222752,1783481704632602688
0,6397375269,9961814282140,1783481704637662076
2,6602099951,9961820498526,1783481704643878526
1,6501466613,9961830415668,1783481704653795636
3,6367199942,9961841260399,1783481704664640367
0,6430708602,9961846290986,1783481704669670986
2,6635433284,9961852521933,1783481704675901869
1,6534799946,9961862477571,1783481704685857539
3,6400533275,9961873332222,1783481704696712190
0,6464041935,9961878331097,1783481704701711033
2,6668766617,9961884568924,1783481704707948892
1,6568133279,9961894494418,1783481704717874322
3,6433866608,9961905360589,1783481704728740557
0,6497375268,9961910333512,1783481704733713448
2,6702099950,9961916596938,1783481704739976906
1,6601466612,9961926518145,1783481704749898113
3,6467199941,9961937401596,1783481704760781532
0,6530708601,9961942374199,1783481704765754135
2,6735433283,9961948619609,1783481704771999577
1,6634799945,9961958550160,1783481704781930128
3,6500533274,9961969453163,1783481704792833131
0,6564041934,9961974381830,1783481704797761798
2,6768766616,9961980641512,1783481704804021480
3,6533866607,9962001487578,1783481704824867610
0,6597375267,9962006411605,1783481704829791541
1,6668133278,9962006513429,1783481704829893365
2,6802099949,9962012675735,1783481704836055671
3,6567199940,9962033523241,1783481704856903177
0,6630708600,9962038416452,1783481704861796420
1,6701466611,9962038488100,1783481704861868036
2,6835433282,9962044703494,1783481704868083430
3,6600533273,9962065586840,1783481704888966808
0,6664041933,9962070454547,1783481704893834515
1,6734799944,9962070548755,1783481704893928723
2,6868766615,9962076755925,1783481704900135861
3,6633866606,9962097627463,1783481704921007431
0,6697375266,9962102472866,1783481704925852802
1,6768133277,9962102576258,1783481704925956194
2,6902099948,9962108771620,1783481704932151556
3,6667199939,9962129667350,1783481704953047318
0,6730708599,9962134508593,1783481704957888529
1,6801466610,9962134647601,1783481704958027569
2,6935433281,9962140796979,1783481704964176979
3,6700533272,9962161691781,1783481704985071749
0,6764041932,9962166507871,1783481704989887807
1,6834799943,9962166623936,1783481704990003904
2,6968766614,9962172822306,1783481704996202306
3,6733866605,9962193736596,1783481705017116532
1,6868133276,9962202295523,1783481705025675491
2,7002099947,9962204854033,1783481705028233969
3,6767199938,9962225793699,1783481705049173667
1,6901466609,9962234330802,1783481705057710770
2,7035433280,9962236884224,1783481705060264160
3,6800533271,9962257837330,1783481705081217362
0,6797375265,9962262592204,1783481705085972140
1,6934799942,9962262711373,1783481705086091341
2,7068766613,9962268910575,1783481705092290511
3,6833866604,9962289865633,1783481705113245601
0,6830708598,9962294606395,1783481705117986331
1,6968133275,9962294723484,1783481705118103484
2,7102099946,9962300954238,1783481705124334206
3,6867199937,9962321911824,1783481705145291792
0,6864041931,9962326628138,1783481705150008074
1,7001466608,9962326732299,1783481705150112203
2,7135433279,9962332995469,1783481705156375405
3,6900533270,9962353947423,1783481705177327359
0,6897375264,9962358634713,1783481705182014681
1,7034799941,9962358726457,1783481705182106393
2,7168766612,9962364995292,1783481705188375260
3,6933866603,9962385995022,1783481705209374990
0,6930708597,9962390662824,1783481705214042792
1,7068133274,9962390753736,1783481705214133640
2,7202099945,9962397023755,1783481705220403691
3,6967199936,9962418029053,1783481705241409053
0,6964041930,9962422684727,1783481705246064695
1,7101466607,9962422786711,1783481705246166647
2,7235433278,9962429063770,1783481705252443738
3,7000533269,9962450091309,1783481705273471277
0,6997375263,9962454707110,1783481705278087078
2,7268766611,9962461078281,1783481705284458249
3,7033866602,9962482149084,1783481705305529020
0,7030708596,9962486734389,1783481705310114325
1,7134799940,9962486843989,1783481705310223925
2,7302099944,9962493110392,1783481705316490328
3,7067199935,9962514161355,1783481705337541291
0,7064041929,9962518732836,1783481705342112804
1,7168133273,9962518820420,1783481705342200388
2,7335433277,9962525152231,1783481705348532167
0,7097375262,9962550766131,1783481705374146099
2,7368766610,9962559385378,1783481705382765282
1,7201466606,9962559410306,1783481705382790274
1,7234799939,9962559417314,1783481705382797282
1,7268133272,9962567176076,1783481705390556012
0,7130708595,9962582781345,1783481705406161281
2,7402099943,9962589194276,1783481705412574244
3,7100533268,9962610308120,1783481705433688088
0,7164041928,9962614792912,1783481705438172880
1,7301466605,9962614874641,1783481705438254577
2,7435433276,9962621234132,1783481705444614100
3,7133866601,9962642340807,1783481705465720743
0,7197375261,9962646823551,1783481705470203519
1,7334799938,9962646929216,1783481705470309184
2,7468766609,9962653257794,1783481705476637730
3,7167199934,9962674391446,1783481705497771414
0,7230708594,9962678846158,1783481705502226094
1,7368133271,9962678931055,1783481705502310991
2,7502099942,9962685287793,1783481705508667729
3,7200533267,9962706410821,1783481705529790757
0,7264041927,9962710873981,1783481705534253917
1,7401466604,9962710977630,1783481705534357566
2,7535433275,9962717313664,1783481705540693632
3,7233866600,9962738455700,1783481705561835636
0,7297375260,9962742880236,1783481705566260204
1,7434799937,9962742962253,1783481705566342189
2,7568766608,9962749350639,1783481705572730607
3,7267199933,9962770514115,1783481705593894083
0,7330708593,9962774910075,1783481705598290011
1,7468133270,9962775003868,1783481705598383804
2,7602099941,9962781369758,1783481705604749694
3,7300533266,9962802554962,1783481705625934930
0,7364041926,9962806936554,1783481705630316490
3,7333866599,9962834592833,1783481705657972801
0,7397375259,9962838952505,1783481705662332441
1,7501466603,9962855474899,1783481705678854867
3,7367199932,9962866638896,1783481705690018896
0,7430708592,9962870973768,1783481705694353704
2,7635433274,9962877463083,1783481705700843051
1,7534799936,9962887500546,1783481705710880482
3,7400533265,9962898691551,1783481705722071487
0,7464041925,9962902992951,1783481705726372887
2,7668766607,9962909491930,1783481705732871994
1,7568133269,9962919542417,1783481705742922353
3,7433866598,9962930742670,1783481705754122638
0,7497375258,9962935013094,1783481705758393030
2,7702099940,9962941524393,1783481705764904329
1,7601466602,9962951568576,1783481705774948544
3,7467199931,9962962754941,1783481705786134877
0,7530708591,9962967029813,1783481705790409781
2,7735433273,9962973558136,1783481705796938104
1,7634799935,9962983598511,1783481705806978447
3,7500533264,9962994806284,1783481705818186220
0,7564041924,9962999052836,1783481705822432772
2,7768766606,9963005583207,1783481705828963143
1,7668133268,9963015642654,1783481705839022622
3,7533866597,9963026862140,1783481705850242076
0,7597375257,9963031065395,1783481705854445363
2,7802099939,9963037601014,1783481705860980982
1,7701466601,9963047675469,1783481705871055437
3,7567199930,9963059039851,1783481705882419787
0,7630708590,9963063092226,1783481705886472194
2,7835433272,9963069631461,1783481705893011429
1,7734799934,9963079695324,1783481705903075260
3,7600533263,9963090931546,1783481705914311514
0,7664041923,9963095123889,1783481705918503857
2,7868766605,9963101671572,1783481705925051540
1,7768133267,9963111729515,1783481705935109451
3,7633866596,9963122985929,1783481705946365865
0,7697375256,9963127140191,1783481705950520159
2,7902099938,9963133693955,1783481705957073923
1,7801466600,9963143764218,1783481705967144186
3,7667199929,9963155009048,1783481705978388984
0,7730708589,9963159148846,1783481705982528782
2,7935433271,9963165724434,1783481705989104434
1,7834799933,9963175801961,1783481705999181897
3,7700533262,9963187068999,1783481706010448967
0,7764041922,9963191179869,1783481706014559837
2,7968766604,9963197766369,1783481706021146305
1,7868133266,9963207840248,1783481706031220184
3,7733866595,9963219114486,1783481706042494422
0,7797375255,9963223196428,1783481706046576364
2,8002099937,9963229810896,1783481706053190864
1,7901466599,9963239869703,1783481706063249671
3,7767199928,9963251157861,1783481706074537797
0,7830708588,9963255229339,1783481706078609307
2,8035433270,9963261800799,1783481706085180735
1,7934799932,9963271913047,1783481706095292983
3,7800533261,9963283190932,1783481706106570900
0,7864041921,9963287254538,1783481706110634474
2,8068766603,9963293840110,1783481706117220046
1,7968133265,9963303935462,1783481706127315430
3,7833866594,9963315221315,1783481706138601283
0,7897375254,9963319266713,1783481706142646681
2,8102099936,9963325859709,1783481706149239677
1,8001466598,9963335972789,1783481706159352725
3,7867199927,9963347273234,1783481706170653202
0,7930708587,9963351280648,1783481706174660616
2,8135433269,9963357887052,1783481706181267020
1,8034799931,9963367998564,1783481706191378468
3,7900533260,9963379376674,1783481706202756610
0,7964041920,9963383302743,1783481706206682711
2,8168766602,9963389916283,1783481706213296219
1,8068133264,9963400039443,1783481706223419539
3,7933866593,9963411352337,1783481706234732273
0,7997375253,9963415321446,1783481706238701382
2,8202099935,9963421944203,1783481706245324139
1,8101466597,9963432045314,1783481706255425282
3,7967199926,9963443409376,1783481706266789312
0,8030708586,9963447341845,1783481706270721781
2,8235433268,9963453975418,1783481706277355386
1,8134799930,9963464109137,1783481706287489105
3,8000533259,9963475473679,1783481706298853647
0,8064041919,9963479391269,1783481706302771173
2,8268766601,9963486022985,1783481706309402921
1,8168133263,9963496143008,1783481706319522976
3,8033866592,9963507497022,1783481706330876990
0,8097375252,9963511400819,1783481706334780787
2,8302099934,9963518041944,1783481706341421912
1,8201466596,9963528167023,1783481706351546959
3,8067199925,9963539520045,1783481706362900013
0,8130708585,9963543423458,1783481706366803394
2,8335433267,9963550068743,1783481706373448679
1,8234799929,9963560196318,1783481706383576286
3,8100533258,9963571586012,1783481706394965980
0,8164041918,9963575425009,1783481706398804977
2,8368766600,9963582089686,1783481706405469654
1,8268133262,9963592228813,1783481706415608909
3,8133866591,9963603622955,1783481706427002923
2,8402099933,9963614119333,1783481706437499301
1,8301466595,9963624265244,1783481706447645180
3,8167199924,9963635647674,1783481706459027610
2,8435433266,9963646156564,1783481706469536532
1,8334799928,9963656304715,1783481706479684683
3,8200533257,9963667710826,1783481706491090794
0,8197375251,9963671528063,1783481706494908031
2,8468766599,9963678190787,1783481706501570755
1,8368133261,9963688369595,1783481706511749499
3,8233866590,9963699764025,1783481706523143993
0,8230708584,9963703542062,1783481706526922030
2,8502099932,9963710232978,1783481706533612914
1,8401466594,9963720378570,1783481706543758506
3,8267199923,9963731791048,1783481706555171016
0,8264041917,9963735537564,1783481706558917564
2,8535433265,9963742249729,1783481706565629697
1,8434799927,9963752386713,1783481706575766681
3,8300533256,9963763835095,1783481706587215031
0,8297375250,9963767561995,1783481706590941931
2,8568766598,9963774301808,1783481706597681744
1,8468133260,9963784428488,1783481706607808424
3,8333866589,9963795893382,1783481706619273318
0,8330708583,9963799586138,1783481706622966106
2,8602099931,9963806307039,1783481706629687007
1,8501466593,9963816481815,1783481706639861783
3,8367199922,9963827980374,1783481706651360342
0,8364041916,9963831613002,1783481706654993002
2,8635433264,9963838363278,1783481706661743214
1,8534799926,9963848516838,1783481706671896806
3,8400533255,9963859983333,1783481706683363301
0,8397375249,9963863653529,1783481706687033497
2,8668766597,9963870394333,1783481706693774461
1,8568133259,9963880536117,1783481706703916053
3,8433866588,9963892054004,1783481706715434004
0,8430708582,9963895665320,1783481706719045288
2,8702099930,9963902400620,1783481706725780556
1,8601466592,9963912596708,1783481706735976676
3,8467199921,9963924086627,1783481706747466595
0,8464041915,9963927678519,1783481706751058487
2,8735433263,9963934422107,1783481706757802139
1,8634799925,9963944590675,1783481706767970611
0,8497375248,9963959698246,1783481706783078214
2,8768766596,9963966448586,1783481706789828554
1,8668133258,9963976627618,1783481706800007554
0,8530708581,9963991722389,1783481706815102357
2,8802099929,9963998475513,1783481706821855481
3,8500533254,9964020190704,1783481706843570672
0,8564041914,9964023719939,1783481706847099907
1,8701466591,9964023829060,1783481706847209028
2,8835433262,9964030504393,1783481706853884329
3,8533866587,9964052230911,1783481706875610879
0,8597375247,9964055762739,1783481706879142707
1,8734799924,9964055890099,1783481706879270035
2,8868766595,9964062548632,1783481706885928600
3,8567199920,9964084263694,1783481706907643630
0,8630708580,9964087774978,1783481706911154914
1,8768133257,9964087876674,1783481706911256610
2,8902099928,9964094573959,1783481706917953927
3,8600533253,9964116302781,1783481706939682749
0,8664041913,9964119789008,1783481706943168944
1,8801466590,9964119902321,1783481706943282257
2,8935433261,9964126592406,1783481706949972374
3,8633866586,9964148351245,1783481706971731181
0,8697375246,9964151800863,1783481706975180831
1,8834799923,9964151882976,1783481706975262912
2,8968766594,9964158617189,1783481706981997125
3,8667199919,9964180378972,1783481707003759036
0,8730708579,9964183831567,1783481707007211471
1,8868133256,9964183913711,1783481707007293679
2,9002099927,9964190646132,1783481707014026132
3,8700533252,9964212430507,1783481707035810443
0,8764041912,9964215866718,1783481707039246686
3,8733866585,9964244503546,1783481707067883514
0,8797375245,9964247894765,1783481707071274701
1,8901466589,9964264966218,1783481707088346154
3,8767199918,9964276540713,1783481707099920649
0,8830708578,9964279917500,1783481707103297468
2,9035433260,9964286750593,1783481707110130529
1,8934799922,9964296962585,1783481707120342617
3,8800533251,9964308552760,1783481707131932728
0,8864041911,9964311919339,1783481707135299307
2,9068766593,9964318762928,1783481707142142864
1,8968133255,9964328998024,1783481707152377992
3,8833866584,9964340594600,1783481707163974568
0,8897375244,9964343938138,1783481707167318106
2,9102099926,9964350793887,1783481707174173855
1,9001466588,9964361027223,1783481707184407191
3,8867199917,9964372648631,1783481707196028599
0,8930708577,9964375949897,1783481707199329833
2,9135433259,9964382823342,1783481707206203278
1,9034799921,9964393076455,1783481707216456391
3,8900533250,9964404681574,1783481707228061510
0,8964041910,9964407987032,1783481707231366936
2,9168766592,9964414855006,1783481707238234942
1,9068133254,9964425089846,1783481707248469814
3,8933866583,9964436743349,1783481707260123317
0,8997375243,9964440026375,1783481707263406311
2,9202099925,9964446885197,1783481707270265165
1,9101466587,9964457123941,1783481707280503909
3,8967199916,9964468779684,1783481707292159652
0,9030708576,9964472033814,1783481707295413750
2,9235433258,9964478914396,1783481707302294364
1,9134799920,9964489156948,1783481707312536884
3,9000533249,9964500819572,1783481707324199540
0,9064041909,9964504045029,1783481707327425029
2,9268766591,9964510944715,1783481707334324683
1,9168133253,9964521191459,1783481707344571395
3,9033866582,9964532854051,1783481707356234019
0,9097375242,9964536054356,1783481707359434292
2,9302099924,9964542972090,1783481707366352026
1,9201466586,9964553234738,1783481707376614674
3,9067199915,9964564898674,1783481707388278642
0,9130708575,9964568079011,1783481707391458947
2,9335433257,9964574993513,1783481707398373449
1,9234799919,9964585261601,1783481707408641569
3,9100533248,9964596945217,1783481707420325185
0,9164041908,9964600105362,1783481707423485330
2,9368766590,9964607026392,1783481707430406328
1,9268133252,9964617285456,1783481707440665424
3,9133866581,9964628980144,1783481707452360080
0,9197375241,9964632118721,1783481707455498657
2,9402099923,9964639053959,1783481707462433927
1,9301466585,9964649318047,1783481707472698015
3,9167199914,9964661021855,1783481707484401791
0,9230708574,9964664149585,1783481707487529553
2,9435433256,9964671083606,1783481707494463542
1,9334799918,9964681353455,1783481707504733423
3,9200533247,9964693077295,1783481707516457263
0,9264041907,9964696165920,1783481707519545888
2,9468766589,9964703125318,1783481707526505254
1,9368133251,9964713389406,1783481707536769374
3,9233866580,9964725114622,1783481707548494558
0,9297375240,9964728182223,1783481707551562191
2,9502099922,9964735145141,1783481707558525109
1,9401466584,9964745421677,1783481707568801645
3,9267199913,9964757159245,1783481707580539213
0,9330708573,9964760198334,1783481707583578302
2,9535433255,9964767171492,1783481707590551428
1,9434799917,9964777463324,1783481707600843260
3,9300533246,9964789209660,1783481707612589628
0,9364041906,9964792234349,1783481707615614285
2,9568766588,9964799202291,1783481707622582259
1,9468133250,9964809484715,1783481707632864779
3,9333866579,9964821245835,1783481707644625771
0,9397375239,9964824243836,1783481707647623772
2,9602099921,9964831229250,1783481707654609218
1,9501466583,9964841530778,1783481707664910714
3,9367199912,9964853298075,1783481707676678075
0,9430708572,9964856273611,1783481707679653547
2,9635433254,9964863264625,1783481707686644593
1,9534799916,9964873552073,1783481707696932009
3,9400533245,9964885357258,1783481707708737226
0,9464041905,9964888315834,1783481707711695770
2,9668766587,9964895297728,1783481707718677696
1,9568133249,9964905593721,1783481707728973657
3,9433866578,9964917380825,1783481707740760761
0,9497375238,9964920332137,1783481707743712073
2,9702099920,9964927321359,1783481707750701295
1,9601466582,9964937631240,1783481707761011208
3,9467199911,9964949406312,1783481707772786280
0,9530708571,9964952341304,1783481707775721272
2,9735433253,9964959338974,1783481707782718910
1,9634799915,9964969651831,1783481707793031735
3,9500533244,9964981445175,1783481707804825111
0,9564041904,9964984356807,1783481707807736743
2,9768766586,9964991367726,1783481707814747694
1,9668133248,9965001694790,1783481707825074790
3,9533866577,9965013495399,1783481707836875335
2,9802099919,9965023397149,1783481707846777181
1,9701466581,9965033717621,1783481707857097589
3,9567199910,9965045537206,1783481707868917174
2,9835433252,9965055433548,1783481707878813484
1,9734799914,9965065747396,1783481707889127460
3,9600533243,9965077571589,1783481707900951589
0,9597375237,9965080443829,1783481707903823765
2,9868766585,9965087464795,1783481707910844763
1,9768133247,9965097787891,1783481707921167827
3,9633866576,9965109624724,1783481707933004660
0,9630708570,9965112447172,1783481707935827108
2,9902099918,9965119487146,1783481707942867082
1,9801466580,9965129818595,1783481707953198531
3,9667199909,9965141677891,1783481707965057827
0,9664041903,9965144454035,1783481707967833971
2,9935433251,9965151507129,1783481707974887065
1,9834799913,9965161847634,1783481707985227730
3,9700533242,9965173701458,1783481707997081394
0,9697375236,9965176477314,1783481707999857282
2,9968766584,9965183544328,1783481708006924296
1,9868133246,9965193878945,1783481708017258913
3,9733866575,9965205742850,1783481708029122786
0,9730708569,9965208507377,1783481708031887313
2,10002099917,9965215570999,1783481708038950903
1,9901466579,9965225919504,1783481708049299472
3,9767199908,9965237816369,1783481708061196305
0,9764041902,9965240540512,1783481708063920448
2,10035433250,9965247609095,1783481708070989063
1,9934799912,9965257968767,1783481708081348703
3,9800533241,9965269841760,1783481708093221728
0,9797375235,9965272557871,1783481708095937807
2,10068766583,9965279636662,1783481708103016630
1,9968133245,9965289987502,1783481708113367470
3,9833866574,9965301863535,1783481708125243503
0,9830708568,9965304562910,1783481708127942846
2,10102099916,9965311669637,1783481708135049669
1,10001466578,9965322013566,1783481708145393534
3,9867199907,9965333913727,1783481708157293695
0,9864041901,9965336588141,1783481708159968045
2,10135433249,9965343694452,1783481708167074420
1,10034799911,9965354045645,1783481708177425613
0,9897375234,9965368604092,1783481708191984060
2,10168766582,9965375710467,1783481708199090403
1,10068133244,9965386084220,1783481708209464188
0,9930708567,9965400626028,1783481708224005964
2,10202099915,9965407751603,1783481708231131539
3,9900533240,9965430048268,1783481708253428204
0,9964041900,9965432650843,1783481708256030811
1,10101466577,9965432746939,1783481708256126907
2,10235433248,9965439792738,1783481708263172674
3,9933866573,9965462103132,1783481708285483068
0,9997375233,9965464674986,1783481708288054954
1,10134799910,9965464784106,1783481708288164042
2,10268766581,9965471809681,1783481708295189745
3,9967199906,9965494138987,1783481708317518923
0,10030708566,9965496689753,1783481708320069753
1,10168133243,9965496790234,1783481708320170202
2,10302099914,9965503845152,1783481708327225120
3,10000533239,9965526182490,1783481708349562426
0,10064041899,9965528713928,1783481708352093864
1,10201466576,9965528810921,1783481708352190889
2,10335433247,9965535868591,1783481708359248527
3,10033866572,9965558210921,1783481708381590857
0,10097375232,9965560736919,1783481708384116951
1,10234799909,9965560840312,1783481708384220248
2,10368766580,9965567898846,1783481708391278814
3,10067199905,9965590269433,1783481708413649401
0,10130708565,9965592761670,1783481708416141638
1,10268133242,9965592855527,1783481708416235463
2,10402099913,9965599939150,1783481708423319086
3,10100533238,9965622339048,1783481708445718984
0,10164041898,9965624788182,1783481708448168150
3,10133866571,9965654340919,1783481708477720919
0,10197375231,9965656793029,1783481708480172965
1,10301466575,9965674410693,1783481708497790629
3,10167199904,9965686390119,1783481708509770087
0,10230708564,9965688822708,1783481708512202644
2,10435433246,9965696022971,1783481708519402939
1,10334799908,9965706416788,1783481708529796724
3,10200533237,9965718443158,1783481708541823126
0,10264041897,9965720841923,1783481708544221891
2,10468766579,9965728032298,1783481708551412234
1,10368133241,9965738437763,1783481708561817667
3,10233866570,9965750472741,1783481708573852709
0,10297375230,9965752850130,1783481708576230098
2,10502099912,9965760038361,1783481708583418329
1,10401466574,9965770478418,1783481708593858354
3,10267199903,9965782544020,1783481708605923956
0,10330708563,9965784899105,1783481708608279105
2,10535433245,9965792141705,1783481708615521641
1,10434799907,9965802519202,1783481708625899170
3,10300533236,9965814575172,1783481708637955108
0,10364041896,9965816898448,1783481708640278416
2,10568766578,9965824129720,1783481708647509816
1,10468133240,9965834536817,1783481708657916753
3,10333866569,9965846613843,1783481708669993811
0,10397375229,9965848913503,1783481708672293439
2,10602099911,9965856153799,1783481708679533799
1,10501466573,9965866568800,1783481708689948768
3,10367199902,9965878648802,1783481708702028738
0,10430708562,9965880934319,1783481708704314255
2,10635433244,9965888202582,1783481708711582518
1,10534799906,9965898606255,1783481708721986223
3,10400533235,9965910686001,1783481708734065937
0,10464041895,9965912965598,1783481708736345534
2,10668766577,9965920216549,1783481708743596517
1,10568133239,9965930638494,1783481708754018462
3,10433866568,9965942742145,1783481708766122113
0,10497375228,9965944974093,1783481708768354061
2,10702099910,9965952250293,1783481708775630261
1,10601466572,9965962669358,1783481708786049326
3,10467199901,9965974766384,1783481708798146352
0,10530708561,9965976994524,1783481708800374492
2,10735433243,9965984278884,1783481708807658852
1,10634799905,9965994700765,1783481708818080701
3,10500533234,9966006806271,1783481708830186239
0,10564041894,9966009033195,1783481708832413163
2,10768766576,9966016316243,1783481708839696179
1,10668133238,9966026736684,1783481708850116652
3,10533866567,9966038870958,1783481708862250894
0,10597375227,9966041038778,1783481708864418714
2,10802099909,9966048327074,1783481708871707042
1,10701466571,9966058768283,1783481708882148251
3,10567199900,9966070925246,1783481708894305182
0,10630708560,9966073069129,1783481708896449065
2,10835433242,9966080364017,1783481708903743985
1,10734799904,9966090810186,1783481708914190122
3,10600533233,9966102941549,1783481708926321517
0,10664041893,9966105086937,1783481708928466873
2,10868766575,9966112401953,1783481708935781921
1,10768133237,9966122843930,1783481708946223866
3,10633866566,9966134991420,1783481708958371356
0,10697375226,9966137103912,1783481708960483848
2,10902099908,9966144421872,1783481708967801872
1,10801466570,9966154872361,1783481708978252329
3,10667199899,9966167038571,1783481708990418539
0,10730708559,9966169121015,1783481708992500983
2,10935433241,9966176449663,1783481708999829599
1,10834799903,9966186907320,1783481709010287256
3,10700533232,9966199066779,1783481709022446747
0,10764041892,9966201148422,1783481709024528390
2,10968766574,9966208491822,1783481709031871758
1,10868133236,9966218935975,1783481709042315911
3,10733866565,9966231142314,1783481709054522282
0,10797375225,9966233194005,1783481709056573941
2,11002099907,9966240514653,1783481709063894589
1,10901466569,9966250969239,1783481709074349207
3,10767199898,9966263176057,1783481709086556025
0,10830708558,9966265200772,1783481709088580740
2,11035433240,9966272539757,1783481709095919693
1,10934799902,9966283019014,1783481709106398982
3,10800533231,9966295200777,1783481709118580777
0,10864041891,9966297220756,1783481709120600724
2,11068766573,9966304568796,1783481709127948732
1,10968133235,9966315031413,1783481709138411349
3,10833866564,9966327234264,1783481709150614200
0,10897375224,9966329231523,1783481709152611491
2,11102099906,9966336596203,1783481709159976139
1,11001466568,9966347063172,1783481709170443108
3,10867199897,9966359295271,1783481709182675207
0,10930708557,9966361248690,1783481709184628626
2,11135433239,9966368628314,1783481709192008282
1,11034799901,9966379094420,1783481709202474388
3,10900533230,9966391328310,1783481709214708278
0,10964041890,9966393274273,1783481709216654241
2,11168766572,9966400650409,1783481709224030345
1,11068133234,9966411127427,1783481709234507363
3,10933866563,9966423366342,1783481709246746278
2,11202099905,9966432685209,1783481709256065145
1,11101466567,9966443163058,1783481709266542994
3,10967199896,9966455415253,1783481709278795221
2,11235433238,9966464713992,1783481709288094088
1,11134799900,9966475211105,1783481709298591073
3,11000533229,9966487459492,1783481709310839460
0,10997375223,9966489340047,1783481709312720015
2,11268766571,9966496734295,1783481709320114263
1,11168133233,9966507232561,1783481709330612529
3,11033866562,9966519500148,1783481709342880116
0,11030708556,9966521367198,1783481709344747166
2,11302099904,9966528753798,1783481709352133766
1,11201466566,9966539268320,1783481709362648448
3,11067199895,9966551552739,1783481709374932675
0,11064041889,9966553404109,1783481709376784077
2,11335433237,9966560791510,1783481709384171478
1,11234799899,9966571307535,1783481709394687503
3,11100533228,9966583599954,1783481709406979922
0,11097375222,9966585409724,1783481709408789692
2,11368766570,9966592819237,1783481709416199205
1,11268133232,9966603332414,1783481709426712382
3,11133866561,9966615631938,1783481709439011906
0,11130708555,9966617424044,1783481709440803980
2,11402099903,9966624850004,1783481709448229972
1,11301466565,9966635368014,1783481709458747950
3,11167199894,9966647658513,1783481709471038449
0,11164041888,9966649443131,1783481709472823067
2,11435433236,9966656870659,1783481709480250595
1,11334799898,9966667438717,1783481709490818653
3,11200533227,9966679731168,1783481709503111136
0,11197375221,9966681475914,1783481709504855882
2,11468766569,9966688920979,1783481709512300915
1,11368133231,9966699438764,1783481709522818732
3,11233866560,9966711742864,1783481709535122832
0,11230708554,9966713495161,1783481709536875097
2,11502099902,9966720938050,1783481709544317986
1,11401466564,9966731465787,1783481709554845883
3,11267199893,9966743816575,1783481709567196511
0,11264041887,9966745508232,1783481709568888168
2,11535433235,9966752966417,1783481709576346385
1,11434799897,9966763503755,1783481709586883691
0,11297375220,9966777555352,1783481709600935288
2,11568766568,9966785014592,1783481709608394528
1,11468133230,9966795561754,1783481709618941722
0,11330708553,9966809577831,1783481709632957767
2,11602099901,9966817037584,1783481709640417552
3,11300533226,9966839944077,1783481709663324045
0,11364041886,9966841588022,1783481709664967990
1,11501466563,9966841718135,1783481709665098071
2,11635433234,9966849068031,1783481709672447967
3,11333866559,9966871989660,1783481709695369628
0,11397375219,9966873599653,1783481709696979621
1,11534799896,9966873712870,1783481709697092806
2,11668766567,9966881088910,1783481709704468846
3,11367199892,9966904019820,1783481709727399788
0,11430708552,9966905617652,1783481709728997588
1,11568133229,9966905712373,1783481709729092341
2,11702099900,9966913124605,1783481709736504573
3,11400533225,9966936036699,1783481709759416635
0,11464041885,9966937633859,1783481709761013795
1,11601466562,9966937719204,1783481709761099140
2,11735433233,9966945139437,1783481709768519405
3,11433866558,9966968091370,1783481709791471306
0,11497375218,9966969647027,1783481709793027027
1,11634799895,9966969733907,1783481709793113875
2,11768766566,9966977170780,1783481709800550748
3,11467199891,9967000123289,1783481709823503289
0,11530708551,9967001678370,1783481709825058306
1,11668133228,9967001756930,1783481709825136898
2,11802099899,9967009215883,1783481709832595851
3,11500533224,9967032195017,1783481709855574953
0,11564041884,9967033703377,1783481709857083345
3,11533866557,9967064234296,1783481709887614264
0,11597375217,9967065715136,1783481709889095104
1,11701466561,9967083828899,1783481709907208867
3,11567199890,9967096267783,1783481709919647719
0,11630708550,9967097735759,1783481709921115727
2,11835433232,9967105292345,1783481709928672281
1,11734799894,9967115854579,1783481709939234579
3,11600533223,9967128311991,1783481709951691927
0,11664041883,9967129774143,1783481709953154111
2,11868766565,9967137327560,1783481709960707528
1,11768133227,9967147891458,1783481709971271426
3,11633866556,9967160360102,1783481709983740038
0,11697375216,9967161775374,1783481709985155310
2,11902099898,9967169352215,1783481709992732183
1,11801466560,9967179920497,1783481710003300465
3,11667199889,9967192392981,1783481710015772917
0,11730708549,9967193800285,1783481710017180221
2,11935433231,9967201385895,1783481710024765863
1,11834799893,9967211951808,1783481710035331776
3,11700533222,9967224434213,1783481710047814181
0,11764041882,9967225811340,1783481710049191276
2,11968766564,9967233441846,1783481710056821814
1,11868133226,9967244029680,1783481710067409648
3,11733866555,9967256501204,1783481710079881204
0,11797375215,9967257868892,1783481710081248860
2,12002099897,9967265445797,1783481710088825765
1,11901466559,9967276047647,1783481710099427583
3,11767199888,9967288535684,1783481710111915620
0,11830708548,9967289877387,1783481710113257387
2,12035433230,9967297469301,1783481710120849269
1,11934799892,9967308039342,1783481710131419310
3,11800533221,9967320565043,1783481710143945011
0,11864041881,9967321880346,1783481710145260282
2,12068766563,9967329488964,1783481710152868868
1,11968133225,9967340105246,1783481710163485214
3,11833866554,9967352605250,1783481710175985218
0,11897375214,9967353901929,1783481710177281897
2,12102099896,9967361525843,1783481710184905779
1,12001466558,9967372127405,1783481710195507373
3,11867199887,9967384667090,1783481710208047058
0,11930708547,9967385925113,1783481710209305049
2,12135433229,9967393548098,1783481710216928066
1,12034799891,9967404156924,1783481710227536860
3,11900533220,9967416694305,1783481710240074273
0,11964041880,9967417939976,1783481710241319944
2,12168766562,9967425576498,1783481710248956466
1,12068133224,9967436200140,1783481710259580076
3,11933866553,9967448738928,1783481710272118896
0,11997375213,9967449969591,1783481710273349527
2,12202099895,9967457607937,1783481710280987905
1,12101466557,9967468222395,1783481710291602331
3,11967199886,9967480789472,1783481710304169408
0,12030708546,9967481983590,1783481710305363526
2,12235433228,9967489639312,1783481710313019280
1,12134799890,9967500255146,1783481710323635082
3,12000533219,9967512814511,1783481710336194447
0,12064041879,9967514009686,1783481710337389654
2,12268766561,9967521664800,1783481710345044768
1,12168133223,9967532290714,1783481710355670650
3,12033866552,9967544863103,1783481710368243071
0,12097375212,9967546036389,1783481710369416325
2,12302099894,9967553699567,1783481710377079503
1,12201466556,9967564331913,1783481710387711881
3,12067199885,9967576919342,1783481710400299310
0,12130708545,9967578045332,1783481710401425300
2,12335433227,9967585725758,1783481710409105790
1,12234799889,9967596350616,1783481710419730584
3,12100533218,9967608961949,1783481710432341917
0,12164041878,9967610071940,1783481710433451876
2,12368766560,9967617750862,1783481710441130798
1,12268133222,9967628387976,1783481710451767944
3,12133866551,9967640990893,1783481710464370861
0,12197375211,9967642093843,1783481710465473779
2,12402099893,9967649779517,1783481710473159517
1,12301466555,9967660414519,1783481710483794423
3,12167199884,9967673037276,1783481710496417212
0,12230708544,9967674111426,1783481710497491394
2,12435433226,9967681814732,1783481710505194764
1,12334799888,9967692456518,1783481710515836454
3,12200533217,9967705094092,1783481710528474060
0,12264041877,9967706134897,1783481710529514833
2,12468766559,9967713843003,1783481710537223067
1,12368133221,9967724492022,1783481710547871958
3,12233866550,9967737122331,1783481710560502299
0,12297375210,9967738161665,1783481710561541633
2,12502099892,9967745870187,1783481710569250123
1,12401466554,9967756514661,1783481710579894629
3,12267199883,9967769155818,1783481710592535786
0,12330708543,9967770169616,1783481710593549584
2,12535433225,9967777894202,1783481710601274138
1,12434799887,9967788574325,1783481710611954325
3,12300533216,9967801216666,1783481710624596634
0,12364041876,9967802204159,1783481710625584159
2,12568766558,9967809928201,1783481710633308137
1,12468133220,9967820580836,1783481710643960804
3,12333866549,9967833257673,1783481710656637641
2,12602099891,9967841972729,1783481710665352697
1,12501466553,9967852613075,1783481710675993011
3,12367199882,9967865288408,1783481710688668344
2,12635433224,9967874083721,1783481710697463657
1,12534799886,9967884647074,1783481710708026978
3,12400533215,9967897320872,1783481710720700808
0,12397375209,9967898265421,1783481710721645421
2,12668766557,9967906017335,1783481710729397303
1,12568133219,9967916691346,1783481710740071314
3,12433866548,9967929370391,1783481710752750391
0,12430708542,9967930285372,1783481710753665340
2,12702099890,9967938045799,1783481710761425767
1,12601466552,9967948719297,1783481710772099265
3,12467199881,9967961411239,1783481710784791175
0,12464041875,9967962300843,1783481710785680811
2,12735433223,9967970067446,1783481710793447382
1,12634799885,9967980743280,1783481710804123248
3,12500533214,9967993448950,1783481710816828918
0,12497375208,9967994323387,1783481710817703323
2,12768766556,9968002104101,1783481710825484101
1,12668133218,9968012796000,1783481710836175936
3,12533866547,9968025509893,1783481710848889861
0,12530708541,9968026347882,1783481710849727818
2,12802099889,9968034132341,1783481710857512277
1,12701466551,9968044819983,1783481710868199919
3,12567199880,9968057556405,1783481710880936373
0,12564041874,9968058362297,1783481710881742233
2,12835433222,9968066156356,1783481710889536324
1,12734799884,9968076843582,1783481710900223550
3,12600533213,9968089591556,1783481710912971492
0,12597375207,9968090385576,1783481710913765544
2,12868766555,9968098184467,1783481710921564435
1,12768133217,9968108882734,1783481710932262670
3,12633866546,9968121624787,1783481710945004723
0,12630708540,9968122418392,1783481710945798360
2,12902099888,9968130209922,1783481710953589890
1,12801466550,9968140917789,1783481710964297725
3,12667199879,9968153687651,1783481710977067587
0,12664041873,9968154429863,1783481710977809831
2,12935433221,9968162242354,1783481710985622290
1,12834799883,9968172949260,1783481710996329292
0,12697375206,9968186497303,1783481711009877303
2,12968766554,9968194286945,1783481711017666881
1,12868133216,9968204988316,1783481711028368284
0,12730708539,9968218482534,1783481711041862470
2,13002099887,9968226304496,1783481711049684464
3,12700533212,9968249825041,1783481711073204977
0,12764041872,9968250509877,1783481711073889845
1,12901466549,9968250618486,1783481711073998422
2,13035433220,9968258333888,1783481711081713824
3,12733866545,9968281857153,1783481711105237121
0,12797375205,9968282511204,1783481711105891172
1,12934799882,9968282594277,1783481711105974213
2,13068766553,9968290362383,1783481711113742447
3,12767199878,9968313883600,1783481711137263568
0,12830708538,9968314535796,1783481711137915732
1,12968133215,9968314613780,1783481711137993748
2,13102099886,9968322385439,1783481711145765407
3,12800533211,9968345920095,1783481711169300031
0,12864041871,9968346560899,1783481711169940835
1,13001466548,9968346641219,1783481711170021155
2,13135433219,9968354414830,1783481711177794830
3,12833866544,9968377990159,1783481711201370127
0,12897375204,9968378587922,1783481711201967826
1,13034799881,9968378680499,1783481711202060435
2,13168766552,9968386451613,1783481711209831549
3,12867199877,9968410024574,1783481711233404510
0,12930708537,9968410602082,1783481711233982050
1,13068133214,9968410683906,1783481711234063874
2,13202099885,9968418473293,1783481711241853261
3,12900533210,9968442058606,1783481711265438574
0,12964041870,9968442626353,1783481711266006321
3,12933866543,9968474107997,1783481711297487965
0,12997375203,9968474649120,1783481711298029088
1,13101466547,9968493291686,1783481711316671654
3,12967199876,9968506154701,1783481711329534637
0,13030708536,9968506661840,1783481711330041776
2,13235433218,9968514569403,1783481711337949371
1,13134799880,9968525306198,1783481711348686134
3,13000533209,9968538189148,1783481711361569084
0,13064041869,9968538683039,1783481711362063007
2,13268766551,9968546599850,1783481711369979818
1,13168133213,9968557346853,1783481711380726821
3,13033866542,9968570219692,1783481711393599660
0,13097375202,9968570698798,1783481711394078734
2,13302099884,9968578626810,1783481711402006906
1,13201466546,9968589407477,1783481711412787413
3,13067199875,9968602281851,1783481711425661787
0,13130708535,9968602729694,1783481711426109694
2,13335433217,9968610651817,1783481711434031785
1,13234799879,9968621419428,1783481711444799364
3,13100533208,9968634315626,1783481711457695594
0,13164041868,9968634750413,1783481711458130349
2,13368766550,9968642686040,1783481711466066072
1,13268133212,9968653466163,1783481711476846099
3,13133866541,9968666376762,1783481711489756698
0,13197375201,9968666827740,1783481711490207676
2,13402099883,9968674731720,1783481711498111688
1,13301466545,9968685523299,1783481711508903267
3,13167199874,9968698416585,1783481711521796521
0,13230708534,9968698814636,1783481711522194604
2,13435433216,9968706783063,1783481711530163031
1,13334799878,9968717526482,1783481711540906450
3,13200533207,9968730457721,1783481711553837657
0,13264041867,9968730812347,1783481711554192315
2,13468766549,9968738782694,1783481711562162630
1,13368133211,9968749547457,1783481711572927425
3,13233866540,9968762497864,1783481711585877800
0,13297375200,9968762826602,1783481711586206570
2,13502099882,9968770802134,1783481711594182070
1,13401466544,9968781568721,1783481711604948657
3,13267199873,9968794539800,1783481711617919736
0,13330708533,9968794864186,1783481711618244122
2,13535433215,9968802850789,1783481711626230757
1,13434799877,9968813622752,1783481711637002720
3,13300533206,9968826608423,1783481711649988359
0,13364041866,9968826899657,1783481711650279625
2,13568766548,9968834861397,1783481711658241333
1,13468133210,9968845679760,1783481711669059696
3,13333866539,9968858628695,1783481711682008631
0,13397375199,9968858910008,1783481711682289976
2,13602099881,9968866893572,1783481711690273540
1,13501466543,9968877684703,1783481711701064639
3,13367199872,9968890653478,1783481711714033446
0,13430708532,9968890925031,1783481711714304967
2,13635433214,9968898913171,1783481711722293107
1,13534799876,9968909727662,1783481711733107598
3,13400533205,9968922706166,1783481711746086134
0,13464041865,9968922939831,1783481711746319799
2,13668766547,9968930941955,1783481711754321891
1,13568133209,9968941746110,1783481711765126046
3,13433866538,9968954752005,1783481711778131941
0,13497375198,9968954952422,1783481711778332390
2,13702099880,9968962969266,1783481711786349330
1,13601466542,9968973793421,1783481711797173325
3,13467199871,9968986783156,1783481711810163092
0,13530708531,9968986995350,1783481711810375318
2,13735433213,9968995014113,1783481711818394049
1,13634799875,9969005825053,1783481711829205021
3,13500533204,9969018825188,1783481711842205156
0,13564041864,9969019000933,1783481711842380901
2,13768766546,9969027044273,1783481711850424305
1,13668133208,9969037848876,1783481711861228844
3,13533866537,9969050887187,1783481711874267155
0,13597375197,9969051034228,1783481711874414196
2,13802099879,9969059061056,1783481711882440992
1,13701466541,9969069883387,1783481711893263355
3,13567199870,9969082920963,1783481711906300899
0,13630708530,9969083051587,1783481711906431523
2,13835433212,9969091093424,1783481711914473392
1,13734799874,9969101904427,1783481711925284395
3,13600533203,9969114941042,1783481711938321010
0,13664041863,9969115062739,1783481711938442707
2,13868766545,9969123120927,1783481711946500863
1,13768133207,9969133939322,1783481711957319290
3,13633866536,9969146993602,1783481711970373570
0,13697375196,9969147101826,1783481711970481762
2,13902099878,9969155147950,1783481711978527886
1,13801466540,9969165971561,1783481711989351465
3,13667199869,9969179045873,1783481712002425809
0,13730708529,9969179109745,1783481712002489713
2,13935433211,9969187175966,1783481712010555934
1,13834799873,9969197999193,1783481712021379161
3,13700533202,9969211077441,1783481712034457409
0,13764041862,9969211122977,1783481712034502913
2,13968766544,9969219200653,1783481712042580589
1,13868133206,9969230063945,1783481712053443977
3,13733866535,9969243125520,1783481712066505456
2,14002099877,9969251234972,1783481712074614908
1,13901466539,9969262101816,1783481712085481784
3,13767199868,9969275191680,1783481712098571648
2,14035433210,9969283281740,1783481712106661708
1,13934799872,9969294116199,1783481712117496135
0,13797375195,9969307220239,1783481712130600207
3,13800533201,9969307225455,1783481712130605423
2,14068766543,9969315313979,1783481712138693947
1,13968133205,9969326146615,1783481712149526583
0,13830708528,9969339223742,1783481712162603742
3,13833866534,9969339255935,1783481712162635903
2,14102099876,9969347321323,1783481712170701355
1,14001466538,9969358176230,1783481712181556166
0,13864041861,9969371249198,1783481712194629134
3,13867199867,9969371293038,1783481712194673006
2,14135433209,9969379358266,1783481712202738234
1,14034799871,9969390213846,1783481712213593782
0,13897375194,9969403270493,1783481712226650461
3,13900533200,9969403328094,1783481712226708030
2,14168766542,9969411382986,1783481712234762922
1,14068133204,9969422239301,1783481712245619269
0,13930708527,9969435277773,1783481712258657741
3,13933866533,9969435373101,1783481712258753037
2,14202099875,9969443412025,1783481712266791993
1,14101466537,9969454275509,1783481712277655477
0,13964041860,9969467299452,1783481712290679388
3,13967199866,9969467430013,1783481712290809981
2,14235433208,9969475462249,1783481712298842217
1,14134799870,9969486312420,1783481712309692388
0,13997375193,9969499319179,1783481712322699115
3,14000533199,9969499459756,1783481712322839692
2,14268766541,9969507491544,1783481712330871512
1,14168133203,9969518348276,1783481712341728244
0,14030708526,9969531340699,1783481712354720667
3,14033866532,9969531524956,1783481712354904892
2,14302099874,9969539506951,1783481712362886919
1,14201466536,9969550365603,1783481712373745571
0,14064041859,9969563349610,1783481712386729546
3,14067199865,9969563542507,1783481712386922475
2,14335433207,9969571538199,1783481712394918135
1,14234799869,9969582401362,1783481712405781298
0,14097375192,9969595416762,1783481712418796730
2,14368766540,9969603572294,1783481712426952262
1,14268133202,9969614467106,1783481712437847042
0,14130708525,9969627431785,1783481712450811753
2,14402099873,9969635590326,1783481712458970294
0,14164041858,9969659459608,1783481712482839576
3,14100533198,9969659695130,1783481712483075098
1,14301466535,9969659843547,1783481712483223515
0,14197375191,9969691451528,1783481712514831496
3,14133866531,9969691730825,1783481712515110793
1,14334799868,9969691855146,1783481712515235146
0,14230708524,9969723469047,1783481712546848983
3,14167199864,9969723768537,1783481712547148473
0,14264041857,9969755488806,1783481712578868774
3,14200533197,9969755818440,1783481712579198376
1,14368133201,9969755955017,1783481712579334985
1,14401466534,9969755964457,1783481712579344393
2,14435433206,9969755967273,1783481712579347209
0,14297375190,9969787510038,1783481712610890006
3,14233866530,9969787905976,1783481712611285944
1,14434799867,9969788052249,1783481712611432185
2,14468766539,9969788056121,1783481712611436089
0,14330708523,9969819528901,1783481712642908869
3,14267199863,9969819893351,1783481712643273319
1,14468133200,9969819993000,1783481712643372936
2,14502099872,9969820017640,1783481712643397608
0,14364041856,9969851559637,1783481712674939605
3,14300533196,9969851940311,1783481712675320247
2,14535433205,9969852073463,1783481712675453431
0,14397375189,9969883600900,1783481712706980868
3,14333866529,9969883988166,1783481712707368102
2,14568766538,9969884139367,1783481712707519303
1,14501466533,9969902737997,1783481712726118061
0,14430708522,9969915583987,1783481712738963955
3,14367199862,9969916012246,1783481712739392214
2,14602099871,9969916105590,1783481712739485558
1,14534799866,9969934776156,1783481712758156124
0,14464041855,9969947624067,1783481712771004163
3,14400533195,9969948043365,1783481712771423333
2,14635433204,9969948135366,1783481712771515334
1,14568133199,9969966807628,1783481712790187596
0,14497375188,9969979623986,1783481712803003922
3,14433866528,9969980117141,1783481712803497077
2,14668766537,9969980220885,1783481712803600853
1,14601466532,9969998828795,1783481712822208731
0,14530708521,9970011648194,1783481712835028130
3,14467199861,9970012136068,1783481712835516004
2,14702099870,9970012218789,1783481712835598757
1,14634799865,9970030874155,1783481712854254091
0,14564041854,9970043662993,1783481712867042961
3,14500533194,9970044185492,1783481712867565428
2,14735433203,9970044281716,1783481712867661684
1,14668133198,9970062895930,1783481712886275866
0,14597375187,9970075683072,1783481712899063040
3,14533866527,9970076236899,1783481712899616835
2,14768766536,9970076329924,1783481712899709892
1,14701466531,9970094935050,1783481712918315018
0,14630708520,9970107718064,1783481712931098032
3,14567199860,9970108262931,1783481712931642867
2,14802099869,9970108351347,1783481712931731283
1,14734799864,9970126972249,1783481712950352185
0,14664041853,9970139751615,1783481712963131551
3,14600533193,9970140324610,1783481712963704546
2,14835433202,9970140426979,1783481712963806947
1,14768133197,9970159000521,1783481712982380489
0,14697375186,9970171745998,1783481712995125966
3,14633866526,9970172375506,1783481712995755474
2,14868766535,9970172470866,1783481712995850834
1,14801466530,9970191037464,1783481713014417368
0,14730708519,9970203780830,1783481713027160798
3,14667199859,9970204413025,1783481713027792961
2,14902099868,9970204498818,1783481713027878786
1,14834799863,9970223067528,1783481713046447464
0,14764041852,9970235818701,1783481713059198637
3,14700533192,9970236453233,1783481713059833201
2,14935433201,9970236550834,1783481713059930770
1,14868133196,9970255100951,1783481713078480887
0,14797375185,9970267845533,1783481713091225469
3,14733866525,9970268492129,1783481713091872065
2,14968766534,9970268597281,1783481713091977217
1,14901466529,9970287156327,1783481713110536263
0,14830708518,9970299847948,1783481713123227916
3,14767199858,9970300552272,1783481713123932208
2,15002099867,9970300651153,1783481713124031089
1,14934799862,9970319179062,1783481713142559030
0,14864041851,9970331870620,1783481713155250620
3,14800533191,9970332586272,1783481713155966208
2,15035433200,9970332679264,1783481713156059200
1,14968133195,9970351194630,1783481713174574598
0,14897375184,9970363885579,1783481713187265547
3,14833866524,9970364613167,1783481713187993135
2,15068766533,9970364712272,1783481713188092208
1,15001466528,9970383228885,1783481713206608853
0,14930708517,9970395901723,1783481713219281691
3,14867199857,9970396674719,1783481713220054687
2,15102099866,9970396765311,1783481713220145279
1,15034799861,9970415268037,1783481713238647973
0,14964041850,9970427921066,1783481713251301002
3,14900533190,9970428712558,1783481713252092526
2,15135433199,9970428799119,1783481713252179087
1,15068133194,9970447298388,1783481713270678356
0,14997375183,9970459943514,1783481713283323450
3,14933866523,9970460744414,1783481713284124382
2,15168766532,9970460833726,1783481713284213758
1,15101466527,9970479336836,1783481713302716804
0,15030708516,9970491968009,1783481713315347913
3,14967199856,9970492801582,1783481713316181518
2,15202099865,9970492891566,1783481713316271534
1,15134799860,9970511361107,1783481713334741011
0,15064041849,9970523982392,1783481713347362360
3,15000533189,9970524836381,1783481713348216317
2,15235433198,9970524921918,1783481713348301854
1,15168133193,9970543390339,1783481713366770403
0,15097375182,9970556008200,1783481713379388168
3,15033866522,9970556878253,1783481713380258221
2,15268766531,9970556959917,1783481713380339853
1,15201466526,9970575422482,1783481713398802578
0,15130708515,9970588036695,1783481713411416631
3,15067199855,9970588933788,1783481713412313724
2,15302099864,9970589059229,1783481713412439165
1,15234799859,9970607472450,1783481713430852386
0,15164041848,9970620031143,1783481713443411143
3,15100533188,9970620974124,1783481713444354092
2,15335433197,9970621073964,1783481713444453932
1,15268133192,9970639495185,1783481713462875249
3,15133866521,9970653012571,1783481713476392507
2,15368766530,9970661457994,1783481713484837930
1,15301466525,9970671522369,1783481713494902337
3,15167199854,9970685044779,1783481713508424747
1,15334799858,9970703580337,1783481713526960305
0,15197375181,9970716111925,1783481713539491957
3,15200533187,9970717079226,1783481713540459194
2,15402099863,9970717195035,1783481713540575003
1,15368133191,9970735593376,1783481713558973312
0,15230708514,9970748135013,1783481713571514981
3,15233866520,9970749142250,1783481713572522186
2,15435433196,9970749258315,1783481713572638251
1,15401466524,9970767629263,1783481713591009199
0,15264041847,9970780151924,1783481713603531860
3,15267199853,9970781189754,1783481713604569722
2,15468766529,9970781297498,1783481713604677434
1,15434799857,9970799663871,1783481713623043871
0,15297375180,9970812176580,1783481713635556548
3,15300533186,9970813221513,1783481713636601481
2,15502099862,9970813342634,1783481713636722602
1,15468133190,9970831702639,1783481713655082575
0,15330708513,9970844193203,1783481713667573139
3,15333866519,9970845562522,1783481713668942490
2,15535433195,9970845673275,1783481713669053243
1,15501466523,9970863725854,1783481713687105822
0,15364041846,9970876214914,1783481713699594850
3,15367199852,9970877309128,1783481713700689064
2,15568766528,9970877421033,1783481713700800969
1,15534799856,9970895758414,1783481713719138382
0,15397375179,9970908241170,1783481713731621106
3,15400533185,9970909331480,1783481713732711448
2,15602099861,9970909426936,1783481713732806872
1,15568133189,9970927817405,1783481713751197373
0,15430708512,9970940262849,1783481713763642817
3,15433866518,9970941387880,1783481713764767848
2,15635433194,9970941500712,1783481713764880680
1,15601466522,9970959855853,1783481713783235789
0,15464041845,9970972294001,1783481713795673969
3,15467199851,9970973444727,1783481713796824663
2,15668766527,9970973575160,1783481713796955128
1,15634799855,9970991864284,1783481713815244252
0,15497375178,9971004342209,1783481713827722145
2,15702099860,9971012907727,1783481713836287695
1,15668133188,9971023904972,1783481713847284940
0,15530708511,9971036362928,1783481713859742864
0,15564041844,9971068339679,1783481713891719647
3,15500533184,9971069574438,1783481713892954374
1,15701466521,9971069729959,1783481713893109863
0,15597375177,9971100360623,1783481713923740591
3,15533866517,9971101618518,1783481713924998486
2,15735433193,9971101757174,1783481713925137142
1,15734799854,9971101772246,1783481713925152214
0,15630708510,9971132393918,1783481713955773886
3,15567199850,9971133648293,1783481713957028229
1,15768133187,9971133768710,1783481713957148678
2,15768766526,9971133772710,1783481713957152678
0,15664041843,9971164408206,1783481713987788206
3,15600533183,9971165686997,1783481713989066965
2,15802099859,9971166117335,1783481713989497303
1,15801466520,9971166120599,1783481713989500535
0,15697375176,9971196428285,1783481714019808253
3,15633866516,9971197741572,1783481714021121508
2,15835433192,9971198137830,1783481714021517798
1,15834799853,9971198158663,1783481714021538599
1,15868133186,9971221375526,1783481714044755494
2,15868766525,9971221382502,1783481714044762438
0,15730708509,9971228468525,1783481714051848493
3,15667199849,9971229772212,1783481714053152180
0,15764041842,9971260484924,1783481714083864892
3,15700533182,9971261804419,1783481714085184387
2,15902099858,9971262202054,1783481714085582022
0,15797375175,9971292535212,1783481714115915148
3,15733866515,9971293863923,1783481714117243891
2,15935433191,9971294307638,1783481714117687574
1,15901466519,9971312221496,1783481714135601496
0,15830708508,9971324530075,1783481714147910043
3,15767199848,9971325901187,1783481714149281155
2,15968766524,9971326015683,1783481714149395651
1,15934799852,9971344221607,1783481714167601543
0,15864041841,9971356523787,1783481714179903723
3,15800533181,9971357926610,1783481714181306578
2,16002099857,9971358372501,1783481714181752469
1,15968133185,9971376253495,1783481714199633463
0,15897375174,9971388555002,1783481714211934938
3,15833866514,9971389970082,1783481714213350050
1,16001466518,9971408285798,1783481714231665734
0,15930708507,9971420571690,1783481714243951658
3,15867199847,9971422037362,1783481714245417298
2,16035433190,9971422605941,1783481714245985909
2,16068766523,9971422642165,1783481714246022133
1,16034799851,9971440312662,1783481714263692598
0,15964041840,9971452604633,1783481714275984601
3,15900533180,9971454065537,1783481714277445537
2,16102099856,9971454164258,1783481714277544194
1,16068133184,9971472346821,1783481714295726757
0,15997375173,9971484606537,1783481714307986505
3,15933866513,9971486110417,1783481714309490353
2,16135433189,9971486206321,1783481714309586257
1,16101466517,9971504390581,1783481714327770549
0,16030708506,9971516632344,1783481714340012312
3,15967199846,9971518158305,1783481714341538273
2,16168766522,9971518262945,1783481714341642881
1,16134799850,9971536419717,1783481714359799685
0,16064041839,9971548665128,1783481714372045096
3,16000533179,9971550206512,1783481714373586448
2,16202099855,9971550307121,1783481714373687089
1,16168133183,9971568462100,1783481714391842068
0,16097375172,9971580689815,1783481714404069815
3,16033866512,9971582254112,1783481714405634048
2,16235433188,9971582362208,1783481714405742176
1,16201466516,9971600482884,1783481714423862852
0,16130708505,9971612706599,1783481714436086599
3,16067199845,9971614284079,1783481714437664047
2,16268766521,9971614387152,1783481714437767120
1,16234799849,9971632519187,1783481714455899123
0,16164041838,9971644716278,1783481714468096246
3,16100533178,9971646363647,1783481714469743615
2,16302099854,9971646483488,1783481714469863424
1,16268133182,9971664540867,1783481714487920803
0,16197375171,9971676732774,1783481714500112742
3,16133866511,9971678368815,1783481714501748751
2,16335433187,9971678463631,1783481714501843567
1,16301466515,9971696582803,1783481714519962771
0,16230708504,9971708780277,1783481714532160213
3,16167199844,9971710420670,1783481714533800638
2,16368766520,9971710524191,1783481714533904127
1,16334799848,9971728621378,1783481714552001346
0,16264041837,9971740780933,1783481714564160869
3,16200533177,9971742467662,1783481714565847630
2,16402099853,9971742576783,1783481714565956719
1,16368133181,9971760647250,1783481714584027314
0,16297375170,9971772798836,1783481714596178804
3,16233866510,9971774510398,1783481714597890526
2,16435433186,9971774610526,1783481714597990462
1,16401466514,9971792686049,1783481714616066049
0,16330708503,9971804825700,1783481714628205668
3,16267199843,9971806547053,1783481714629927021
2,16468766519,9971806642958,1783481714630022894
1,16434799847,9971824705873,1783481714648085937
0,16364041836,9971836854451,1783481714660234387
3,16300533176,9971838579709,1783481714661959677
2,16502099852,9971838682045,1783481714662061981
1,16468133180,9971856745600,1783481714680125504
0,16397375169,9971868870595,1783481714692250531
3,16333866509,9971870634957,1783481714694014925
2,16535433185,9971870733677,1783481714694113645
1,16501466513,9971888773008,1783481714712152944
0,16430708502,9971900880210,1783481714724260178
3,16367199842,9971902669884,1783481714726049820
2,16568766518,9971902762365,1783481714726142301
1,16534799846,9971920808928,1783481714744188896
0,16464041835,9971932908226,1783481714756288162
3,16400533175,9971934702828,1783481714758082796
2,16602099851,9971934787244,1783481714758167148
1,16568133179,9971952866447,1783481714776246383
0,16497375168,9971964929649,1783481714788309585
3,16433866508,9971966754395,1783481714790134331
2,16635433184,9971966854396,1783481714790234332
1,16601466512,9971984873919,1783481714808253855
0,16530708501,9971996945697,1783481714820325665
3,16467199841,9971998836939,1783481714822216875
2,16668766517,9971998961612,1783481714822341580
1,16634799845,9972016913006,1783481714840292974
0,16564041834,9972028967024,1783481714852346960
3,16500533174,9972030835419,1783481714854215323
2,16702099850,9972030927739,1783481714854307707
1,16668133178,9972048959966,1783481714872339902
3,16533866507,9972062883722,1783481714886263690
2,16735433183,9972071328761,1783481714894708697
1,16701466511,9972080979886,1783481714904359822
3,16567199840,9972094927194,1783481714918307162
1,16734799844,9972113004477,1783481714936384413
0,16597375167,9972125043615,1783481714948423583
3,16600533173,9972126958250,1783481714950338186
2,16768766516,9972127497837,1783481714950877773
2,16802099849,9972127514733,1783481714950894669
1,16768133177,9972145043629,1783481714968423533
0,16630708500,9972157062351,1783481714980442415
3,16633866506,9972159000057,1783481714982379993
2,16835433182,9972159107418,1783481714982487418
1,16801466510,9972177068124,1783481715000448060
0,16664041833,9972189084190,1783481715012464158
3,16667199839,9972191063177,1783481715014443145
2,16868766515,9972191167210,1783481715014547146
1,16834799843,9972209114156,1783481715032494124
0,16697375166,9972221098798,1783481715044478766
3,16700533172,9972223089881,1783481715046469817
2,16902099848,9972223190841,1783481715046570777
1,16868133176,9972241149308,1783481715064529276
0,16730708499,9972253133565,1783481715076513597
3,16733866505,9972255142184,1783481715078522120
2,16935433181,9972255260905,1783481715078640873
1,16901466509,9972273203563,1783481715096583531
0,16764041832,9972285145805,1783481715108525869
3,16767199838,9972287195064,1783481715110575000
2,16968766514,9972287298617,1783481715110678553
1,16934799842,9972305210299,1783481715128590267
0,16797375165,9972317160124,1783481715140540060
3,16800533171,9972319236040,1783481715142616008
2,17002099847,9972319329736,1783481715142709704
1,16968133175,9972337233675,1783481715160613643
0,16830708498,9972349186028,1783481715172565964
3,16833866504,9972351262807,1783481715174642743
2,17035433180,9972351357656,1783481715174737592
1,17001466508,9972369276378,1783481715192656346
0,16864041831,9972381197692,1783481715204577628
3,16867199837,9972383308103,1783481715206688071
2,17068766513,9972383395624,1783481715206775592
1,17034799841,9972401333034,1783481715224713002
0,16897375164,9972413268363,1783481715236648331
1,17068133174,9972433360570,1783481715256740538
0,16930708497,9972445289179,1783481715268669147
0,16964041830,9972477320363,1783481715300700299
3,16900533170,9972479456886,1783481715302836886
2,17102099846,9972479634071,1783481715303014007
1,17101466507,9972479647319,1783481715303027255
0,16997375163,9972509341242,1783481715332721178
3,16933866503,9972511505702,1783481715334885606
2,17135433179,9972511665383,1783481715335045319
1,17134799840,9972511702503,1783481715335082439
0,17030708496,9972541334346,1783481715364714282
3,16967199836,9972543518998,1783481715366898966
1,17168133173,9972543643798,1783481715367023766
2,17168766512,9972543645974,1783481715367025910
0,17064041829,9972573334841,1783481715396714841
3,17000533169,9972575545701,1783481715398925637
2,17202099845,9972575662310,1783481715399042246
1,17201466506,9972575670534,1783481715399050502
2,17235433178,9972584147028,1783481715407526996
1,17234799839,9972593508360,1783481715416888328
0,17097375162,9972605369833,1783481715428749769
3,17033866502,9972607589045,1783481715430969013
0,17130708495,9972637397208,1783481715460777144
3,17067199835,9972639673573,1783481715463053541
2,17268766511,9972639900870,1783481715463280806
1,17268133172,9972639902118,1783481715463282054
0,17164041828,9972669399336,1783481715492779304
3,17100533168,9972671703253,1783481715495083221
2,17302099844,9972671865493,1783481715495245461
0,17197375161,9972701433880,1783481715524813816
3,17133866501,9972703742852,1783481715527122820
2,17335433177,9972703889957,1783481715527269893
1,17301466505,9972721656902,1783481715545036902
2,17368766510,9972730153493,1783481715553533429
0,17230708494,9972733440871,1783481715556820807
3,17167199834,9972735769748,1783481715559149748
1,17334799838,9972753690966,1783481715577071062
2,17402099843,9972762140964,1783481715585520932
0,17264041827,9972765455479,1783481715588835447
3,17200533167,9972767814308,1783481715591194244
1,17368133171,9972785698502,1783481715609078470
2,17435433176,9972785786022,1783481715609165958
0,17297375160,9972797488518,1783481715620868582
3,17233866500,9972799867539,1783481715623247507
1,17401466504,9972817734933,1783481715641114901
2,17468766509,9972826258180,1783481715649638084
0,17330708493,9972829496310,1783481715652876374
3,17267199833,9972831899811,1783481715655279779
1,17434799837,9972849773093,1783481715673153221
2,17502099842,9972858239059,1783481715681619027
0,17364041826,9972861517765,1783481715684897829
3,17300533166,9972863951091,1783481715687331059
1,17468133170,9972881805141,1783481715705185237
0,17397375159,9972893555317,1783481715716935285
3,17333866499,9972896019267,1783481715719399203
2,17535433175,9972896147203,1783481715719527171
1,17501466503,9972913862820,1783481715737242756
0,17430708492,9972925572357,1783481715748952325
3,17367199832,9972928083474,1783481715751463410
2,17568766508,9972928235251,1783481715751615219
1,17534799836,9972945896852,1783481715769276820
0,17464041825,9972957592340,1783481715780972532
3,17400533165,9972960070786,1783481715783450722
2,17602099841,9972960184674,1783481715783564642
1,17568133169,9972977919460,1783481715801299524
2,17635433174,9972986363826,1783481715809743762
0,17497375158,9972989604708,1783481715812984676
3,17433866498,9972992112369,1783481715815492337
1,17601466502,9973009934163,1783481715833314099
0,17530708491,9973021625843,1783481715845005811
3,17467199831,9973024143585,1783481715847523553
1,17634799835,9973041974819,1783481715865354755
2,17668766507,9973050473297,1783481715873853265
0,17564041824,9973053643171,1783481715877023139
3,17500533164,9973056190545,1783481715879570513
2,17702099840,9973064693887,1783481715888073823
1,17668133168,9973074002386,1783481715897382290
0,17597375157,9973085663634,1783481715909043570
3,17533866497,9973088250177,1783481715911630145
2,17735433173,9973088359329,1783481715911739297
1,17701466501,9973106050018,1783481715929429986
0,17630708490,9973117688226,1783481715941068194
3,17567199830,9973120279152,1783481715943659120
2,17768766506,9973120392305,1783481715943772241
1,17734799834,9973138073618,1783481715961453554
0,17664041823,9973149707474,1783481715973087442
3,17600533163,9973152317120,1783481715975697088
2,17802099839,9973152414464,1783481715975794432
1,17768133167,9973170097409,1783481715993477377
0,17697375156,9973181722657,1783481716005102593
3,17633866496,9973184371472,1783481716007751440
2,17835433172,9973184480848,1783481716007860816
1,17801466500,9973202141201,1783481716025521137
0,17730708489,9973213745937,1783481716037125905
3,17667199829,9973216426463,1783481716039806431
2,17868766505,9973216532512,1783481716039912448
1,17834799833,9973234197217,1783481716057577185
0,17764041822,9973245777632,1783481716069157600
3,17700533162,9973248450223,1783481716071830159
2,17902099838,9973248562704,1783481716071942672
1,17868133166,9973266211121,1783481716089591089
0,17797375155,9973277800304,1783481716101180368
3,17733866495,9973280495935,1783481716103875871
2,17935433171,9973280618656,1783481716103998624
1,17901466499,9973298236928,1783481716121616864
0,17830708488,9973309809504,1783481716133189472
3,17767199828,9973312533199,1783481716135913167
2,17968766504,9973312634159,1783481716136014127
1,17934799832,9973330270320,1783481716153650256
0,17864041821,9973341861104,1783481716165241072
3,17800533161,9973344596831,1783481716167976735
2,18002099837,9973344738879,1783481716168118847
1,17968133165,9973362372736,1783481716185752704
0,17897375154,9973373878239,1783481716197258175
3,17833866494,9973376644174,1783481716200024142
2,18035433170,9973376771823,1783481716200151759
1,18001466498,9973394390448,1783481716217770384
0,17930708487,9973405895855,1783481716229275791
3,17867199827,9973408682462,1783481716232062398
2,18068766503,9973408809183,1783481716232189151
1,18034799831,9973426403519,1783481716249783487
0,17964041820,9973437913534,1783481716261293502
3,17900533160,9973440722510,1783481716264102478
2,18102099836,9973440850447,1783481716264230415
1,18068133164,9973458408111,1783481716281788047
3,17933866493,9973472905726,1783481716296285790
2,18135433169,9973481431597,1783481716304811565
1,18101466497,9973490444927,1783481716313824895
3,17967199826,9973504793069,1783481716328173037
1,18134799830,9973522491118,1783481716345871022
0,17997375153,9973533976365,1783481716357356493
3,18000533159,9973536839101,1783481716360219069
2,18168766502,9973537016350,1783481716360396318
2,18202099835,9973537029918,1783481716360409854
1,18168133163,9973554513502,1783481716377893470
0,18030708486,9973565987485,1783481716389367453
3,18033866492,9973568886733,1783481716392266669
2,18235433168,9973569013710,1783481716392393646
1,18201466496,9973586536238,1783481716409916174
0,18064041819,9973597999885,1783481716421379853
3,18067199825,9973600923261,1783481716424303197
2,18268766501,9973601011773,1783481716424391741
1,18234799829,9973618567005,1783481716441946973
0,18097375152,9973630017660,1783481716453397596
3,18100533158,9973632973324,1783481716456353260
2,18302099834,9973633082285,1783481716456462253
1,18268133162,9973650591853,1783481716473971821
0,18130708485,9973662037836,1783481716485417804
3,18133866491,9973665006076,1783481716488386012
2,18335433167,9973665100573,1783481716488480509
1,18301466495,9973682631421,1783481716506011357
0,18164041818,9973694062235,1783481716517442203
3,18167199824,9973697058316,1783481716520438284
2,18368766500,9973697160908,1783481716520540844
1,18334799828,9973714671405,1783481716538051373
0,18197375151,9973726082379,1783481716549462379
3,18200533157,9973729093116,1783481716552473052
2,18402099833,9973729189916,1783481716552569884
1,18368133161,9973746719324,1783481716570099260
0,18230708484,9973758102971,1783481716581482939
3,18233866490,9973761135019,1783481716584514955
2,18435433166,9973761245260,1783481716584625228
1,18401466494,9973778745548,1783481716602125516
0,18264041817,9973790130250,1783481716613510218
3,18267199823,9973793192027,1783481716616571963
2,18468766499,9973793317596,1783481716616697564
1,18434799827,9973810775868,1783481716634155836
0,18297375150,9973822145050,1783481716645524986
1,18468133160,9973842886764,1783481716666266732
0,18330708483,9973854190122,1783481716677570122
2,18502099832,9973862751737,1783481716686131673
1,18501466493,9973874853691,1783481716698233659
0,18364041816,9973886206073,1783481716709586073
3,18300533156,9973889324491,1783481716712704427
0,18397375149,9973918213257,1783481716741593193
3,18333866489,9973921350586,1783481716744730554
1,18534799826,9973921472667,1783481716744852635
2,18535433165,9973921488763,1783481716744868731
0,18430708482,9973950242489,1783481716773622457
3,18367199822,9973953391690,1783481716776771658
2,18568766498,9973953517515,1783481716776897451
1,18568133159,9973953526923,1783481716776906891
2,18602099831,9973962037433,1783481716785417401
1,18601466492,9973970944042,1783481716794323978
0,18464041815,9973982261928,1783481716805641896
3,18400533155,9973985437274,1783481716808817210
2,18635433164,9974001905588,1783481716825285620
2,18668766497,9974001944788,1783481716825324756
1,18634799825,9974002965306,1783481716826345242
0,18497375148,9974014283416,1783481716837663352
3,18433866488,9974017469097,1783481716840849065
1,18668133158,9974034982858,1783481716858362858
0,18530708481,9974046295144,1783481716869675112
3,18467199821,9974049509369,1783481716872889337
0,18564041814,9974078324311,1783481716901704247
3,18500533154,9974081581609,1783481716904961545
2,18702099830,9974081750282,1783481716905130218
0,18597375147,9974110353095,1783481716933733031
3,18533866487,9974113622809,1783481716937002745
2,18735433163,9974113745466,1783481716937125434
1,18701466491,9974131121113,1783481716954501081
2,18768766496,9974139632328,1783481716963012296
0,18630708480,9974142359863,1783481716965739831
3,18567199820,9974145649961,1783481716969029929
1,18734799824,9974163124168,1783481716986504136
2,18802099829,9974171581431,1783481716994961367
0,18664041813,9974174375718,1783481716997755686
3,18600533153,9974177686616,1783481717001066616
1,18768133157,9974195158264,1783481717018538360
2,18835433162,9974203682919,1783481717027062887
2,18868766495,9974203708167,1783481717027088103
0,18697375146,9974206405686,1783481717029785654
3,18633866486,9974209736648,1783481717033116616
1,18801466490,9974227200456,1783481717050580424
0,18730708479,9974238447590,1783481717061827526
3,18667199819,9974241786712,1783481717065166648
1,18834799823,9974259240696,1783481717082620664
2,18902099828,9974267817287,1783481717091197255
0,18764041812,9974270452405,1783481717093832373
3,18700533152,9974273815016,1783481717097194984
1,18868133156,9974291295592,1783481717114675560
2,18935433161,9974299779126,1783481717123159094
0,18797375145,9974302469989,1783481717125849925
3,18733866485,9974305880024,1783481717129260120
1,18901466489,9974323314391,1783481717146694359
2,18968766494,9974331801638,1783481717155181574
0,18830708478,9974334491733,1783481717157871701
3,18767199818,9974337911847,1783481717161291815
1,18934799822,9974355327367,1783481717178707335
2,19002099827,9974363789621,1783481717187169557
0,18864041811,9974366506660,1783481717189886596
3,18800533151,9974369939735,1783481717193319703
1,18968133155,9974387353431,1783481717210733367
2,19035433160,9974395796453,1783481717219176389
0,18897375144,9974398525780,1783481717221905748
3,18833866484,9974401994087,1783481717225373991
2,19068766493,9974410495926,1783481717233875894
1,19001466488,9974419390151,1783481717242770119
0,18930708477,9974430554692,1783481717253934628
3,18867199817,9974434044439,1783481717257424375
1,19034799821,9974451461079,1783481717274841047
2,19102099826,9974460068774,1783481717283448742
0,18964041810,9974462581268,1783481717285961236
3,18900533150,9974466078087,1783481717289458055
1,19068133154,9974483469542,1783481717306849510
2,19135433159,9974491901812,1783481717315281748
0,18997375143,9974494589667,1783481717317969635
3,18933866483,9974498115799,1783481717321495767
1,19101466487,9974515499638,1783481717338879574
0,19030708476,9974526608371,1783481717349988339
3,18967199816,9974530153574,1783481717353533510
2,19168766492,9974530254951,1783481717353634887
1,19134799820,9974547534662,1783481717370914630
0,19064041809,9974558632355,1783481717382012291
3,19000533149,9974562203574,1783481717385583510
2,19202099825,9974562307159,1783481717385687127
1,19168133153,9974579552725,1783481717402932693
0,19097375142,9974590644114,1783481717414024082
3,19033866482,9974594237926,1783481717417617862
2,19235433158,9974594343879,1783481717417723815
1,19201466486,9974611579525,1783481717434959461
2,19268766491,9974611658150,1783481717435038086
0,19130708475,9974622676194,1783481717446056162
3,19067199815,9974626286198,1783481717449666134
1,19234799819,9974643621845,1783481717467001813
0,19164041808,9974654686098,1783481717478066066
3,19100533148,9974658310694,1783481717481690630
2,19302099824,9974658716264,1783481717482096200
1,19268133152,9974675658501,1783481717499038469
0,19197375141,9974686706721,1783481717510086689
3,19133866481,9974690370198,1783481717513750134
1,19301466485,9974707682261,1783481717531062197
0,19230708474,9974718743857,1783481717542123793
3,19167199814,9974722426885,1783481717545806853
2,19335433157,9974722562118,1783481717545942086
2,19368766490,9974722575174,1783481717545955110
1,19334799818,9974739724932,1783481717563104868
0,19264041807,9974750761505,1783481717574141441
3,19200533147,9974754474901,1783481717577854869
2,19402099823,9974754602518,1783481717577982454
1,19368133151,9974771789716,1783481717595169748
0,19297375140,9974782779793,1783481717606159825
3,19233866480,9974786499461,1783481717609879429
2,19435433156,9974786605894,1783481717609985862
1,19401466484,9974803846948,1783481717627226884
0,19330708473,9974814977633,1783481717638357569
3,19267199813,9974823273167,1783481717646653103
2,19468766489,9974828563116,1783481717651943084
1,19434799817,9974835925204,1783481717659305172
0,19364041806,9974846878128,1783481717670258064
3,19300533146,9974850648997,1783481717674028965
2,19502099822,9974850849190,1783481717674229158
1,19468133150,9974867900100,1783481717691280068
3,19333866479,9974882651925,1783481717706031893
1,19501466483,9974899923731,1783481717723303667
2,19535433155,9974908517443,1783481717731897411
3,19367199812,9974914704357,1783481717738084293
2,19568766488,9974914840485,1783481717738220453
1,19534799816,9974931967363,1783481717755347299
0,19397375139,9974942918239,1783481717766298271
3,19400533145,9974946730068,1783481717770110036
2,19602099821,9974946851349,1783481717770231285
1,19568133149,9974963980659,1783481717787360595
0,19430708472,9974974948879,1783481717798328911
3,19433866478,9974978760900,1783481717802140836
2,19635433154,9974978923397,1783481717802303333
1,19601466482,9974996042595,1783481717819422563
0,19464041805,9975006957055,1783481717830337055
3,19467199811,9975010811860,1783481717834191828
2,19668766487,9975010915060,1783481717834294996
1,19634799815,9975028080883,1783481717851460851
0,19497375138,9975038966990,1783481717862346958
3,19500533144,9975042851492,1783481717866231492
2,19702099820,9975042965700,1783481717866345636
1,19668133148,9975060053250,1783481717883433218
0,19530708471,9975070987326,1783481717894367294
3,19533866477,9975074888755,1783481717898268691
2,19735433153,9975074985556,1783481717898365492
1,19701466481,9975092044114,1783481717915424050
0,19564041804,9975103005806,1783481717926385742
3,19567199810,9975106928227,1783481717930308163
2,19768766486,9975107027972,1783481717930407940
1,19734799814,9975124125474,1783481717947505410
0,19597375137,9975135029150,1783481717958409118
3,19600533143,9975138968979,1783481717962348915
2,19802099819,9975139054260,1783481717962434196
1,19768133147,9975156181074,1783481717979561042
0,19630708470,9975167057069,1783481717990437005
3,19633866476,9975171015939,1783481717994395875
2,19835433152,9975171124356,1783481717994504292
1,19801466480,9975188225249,1783481718011605185
0,19664041803,9975199075293,1783481718022455229
3,19667199809,9975203059123,1783481718026439059
2,19868766485,9975203157715,1783481718026537683
1,19834799813,9975220216529,1783481718043596497
0,19697375136,9975231092045,1783481718054472013
1,19868133146,9975252268801,1783481718075648737
0,19730708469,9975263123421,1783481718086503357
2,19902099818,9975271691404,1783481718095071340
1,19901466479,9975284285457,1783481718107665361
0,19764041802,9975295135116,1783481718118515084
3,19700533142,9975299179266,1783481718122559202
2,19935433151,9975299317443,1783481718122697379
1,19934799812,9975316314337,1783481718139694273
0,19797375135,9975327152860,1783481718150532828
3,19733866475,9975331214642,1783481718154594578
2,19968766484,9975331330451,1783481718154710419
1,19968133145,9975348348848,1783481718171728784
0,19830708468,9975359175276,1783481718182555244
3,19767199808,9975363267522,1783481718186647458
2,20002099817,9975363688005,1783481718187067973
1,20001466478,9975380382848,1783481718203762816
0,19864041801,9975391220316,1783481718214600284
3,19800533141,9975395351186,1783481718218731154
2,20035433150,9975396140279,1783481718219520247
2,20068766483,9975411711500,1783481718235091436
1,20034799811,9975412421424,1783481718235801360
0,19897375134,9975423231467,1783481718246611403
3,19833866474,9975427374978,1783481718250754914
1,20068133144,9975444465856,1783481718267845824
0,19930708467,9975455264667,1783481718278644603
3,19867199807,9975459406354,1783481718282786290
2,20102099816,9975459576243,1783481718282956179
0,19964041800,9975487280043,1783481718310660011
3,19900533140,9975491451682,1783481718314831650
2,20135433149,9975491606883,1783481718314986851
0,19997375133,9975519288123,1783481718342668091
3,19933866473,9975523479346,1783481718346859314
1,20101466477,9975540552527,1783481718363932495
2,20168766482,9975549162623,1783481718372542655
0,20030708466,9975551291594,1783481718374671562
3,19967199806,9975555527906,1783481718378907874
2,20202099815,9975564102001,1783481718387481969
1,20134799810,9975572593407,1783481718395973343
0,20064041799,9975583309466,1783481718406689370
3,20000533139,9975587561329,1783481718410941297
1,20168133143,9975604607247,1783481718427987183
2,20235433148,9975613143710,1783481718436523646
2,20268766481,9975613157214,1783481718436537182
0,20097375132,9975615323626,1783481718438703594
3,20033866472,9975619600769,1783481718442980705
1,20201466476,9975636641951,1783481718460021887
0,20130708465,9975647361370,1783481718470741306
3,20067199805,9975651651633,1783481718475031601
1,20234799809,9975668693679,1783481718492073647
2,20302099814,9975677290974,1783481718500670910
0,20164041798,9975679371465,1783481718502751401
3,20100533138,9975683687809,1783481718507067777
2,20335433147,9975692220048,1783481718515599984
1,20268133142,9975700714879,1783481718524094847
0,20197375131,9975711398905,1783481718534778841
3,20133866471,9975715751121,1783481718539131089
1,20301466475,9975732751246,1783481718556131182
2,20368766480,9975741413246,1783481718564793278
0,20230708464,9975743444937,1783481718566824905
3,20167199804,9975747794465,1783481718571174433
1,20334799808,9975764787358,1783481718588167262
2,20402099813,9975773456846,1783481718596836782
0,20264041797,9975775462425,1783481718598842393
3,20200533137,9975779841169,1783481718603221137
1,20368133141,9975796847790,1783481718620227758
2,20435433146,9975805448606,1783481718628828542
0,20297375130,9975807484937,1783481718630864873
3,20233866470,9975811909921,1783481718635290017
2,20468766479,9975820651537,1783481718644031505
1,20401466474,9975828866718,1783481718652246686
0,20330708463,9975839509784,1783481718662889720
3,20267199803,9975843927441,1783481718667307377
1,20434799807,9975860895790,1783481718684275758
2,20502099812,9975869491677,1783481718692871613
0,20364041796,9975871520744,1783481718694900680
3,20300533136,9975875954209,1783481718699334145
1,20468133140,9975892901118,1783481718716281118
2,20535433145,9975901371148,1783481718724751084
0,20397375129,9975903527352,1783481718726907288
3,20333866469,9975907984368,1783481718731364336
1,20501466473,9975924931245,1783481718748311213
2,20568766478,9975933613853,1783481718756993821
0,20430708462,9975935553960,1783481718758933864
3,20367199802,9975940030784,1783481718763410752
1,20534799806,9975956966045,1783481718780346013
2,20602099811,9975965432300,1783481718788812268
0,20464041795,9975967575607,1783481718790955543
3,20400533135,9975972048528,1783481718795428592
1,20568133139,9975989012877,1783481718812392813
2,20635433144,9975997514268,1783481718820894236
0,20497375128,9975999594119,1783481718822974055
3,20433866468,9976004119200,1783481718827499168
1,20601466472,9976021042685,1783481718844422621
2,20668766477,9976021156510,1783481718844536478
0,20530708461,9976031619927,1783481718854999895
3,20467199801,9976036163344,1783481718859543280
1,20634799805,9976053076365,1783481718876456333
2,20702099810,9976061828029,1783481718885207965
0,20564041794,9976063618183,1783481718886998119
3,20500533134,9976068198016,1783481718891577952
1,20668133138,9976085106077,1783481718908486013
2,20735433143,9976093573003,1783481718916952971
0,20597375127,9976095657079,1783481718919037015
3,20533866467,9976100238768,1783481718923618704
1,20701466471,9976117135340,1783481718940515308
2,20768766476,9976125584763,1783481718948964731
0,20630708460,9976127674630,1783481718951054598
3,20567199800,9976132281632,1783481718955661600
1,20734799804,9976149160956,1783481718972540892
0,20664041793,9976159683414,1783481718983063350
3,20600533133,9976164322095,1783481718987702063
2,20802099809,9976164411760,1783481718987791696
1,20768133137,9976181206988,1783481719004586956
0,20697375126,9976191718054,1783481719015098022
3,20633866466,9976196367455,1783481719019747391
2,20835433142,9976196466432,1783481719019846368
1,20801466470,9976213237756,1783481719036617724
2,20868766475,9976221691210,1783481719045071178
0,20730708459,9976223750710,1783481719047130646
3,20667199799,9976228424591,1783481719051804559
1,20834799803,9976245282252,1783481719068662188
0,20764041792,9976255766022,1783481719079145990
3,20700533132,9976260459263,1783481719083839231
2,20902099808,9976260593696,1783481719083973664
1,20868133136,9976277316956,1783481719100696892
3,20733866465,9976292497711,1783481719115877647
2,20935433141,9976300981822,1783481719124361790
1,20901466469,9976309333580,1783481719132713516
3,20767199798,9976324536479,1783481719147916447
2,20968766474,9976333068430,1783481719156448398
1,20934799802,9976341523292,1783481719164903260
0,20797375125,9976351840725,1783481719175220693
3,20800533131,9976356586383,1783481719179966351
1,20968133135,9976373408332,1783481719196788300
0,20830708458,9976383861861,1783481719207241829
3,20833866464,9976388626335,1783481719212006303
2,21002099807,9976388731968,1783481719212111936
1,21001466468,9976405436347,1783481719228816315
0,20864041791,9976415853813,1783481719239233749
3,20867199797,9976420664975,1783481719244044943
2,21035433140,9976420795504,1783481719244175472
2,21068766473,9976429301631,1783481719252681599
2,21102099806,9976429317119,1783481719252697087
1,21034799801,9976437470187,1783481719260850123
0,20897375124,9976447879973,1783481719271259941
3,20900533130,9976452724511,1783481719276104479
2,21135433139,9976452831840,1783481719276211808
1,21068133134,9976469507963,1783481719292887899
0,20930708457,9976479899092,1783481719303279028
3,20933866463,9976484756847,1783481719308136783
2,21168766472,9976484839183,1783481719308219119
1,21101466467,9976501531371,1783481719324911339
0,20964041790,9976511912964,1783481719335292900
3,20967199796,9976516790527,1783481719340170463
2,21202099805,9976516857503,1783481719340237471
1,21134799800,9976533570075,1783481719356950011
0,20997375123,9976543947220,1783481719367327156
3,21000533129,9976548843663,1783481719372223631
2,21235433138,9976548938959,1783481719372318927
1,21168133133,9976565602795,1783481719388982731
0,21030708456,9976575982244,1783481719399362212
3,21033866462,9976580886079,1783481719404266015
2,21268766471,9976580964319,1783481719404344223
1,21201466466,9976597629563,1783481719421009659
0,21064041789,9976607978676,1783481719431358644
3,21067199795,9976612925711,1783481719436305647
2,21302099804,9976613034639,1783481719436414575
1,21234799799,9976629663563,1783481719453043563
0,21097375122,9976639999972,1783481719463379908
1,21268133132,9976661701083,1783481719485081051
0,21130708455,9976672036403,1783481719495416339
1,21301466465,9976693730987,1783481719517110955
0,21164041788,9976704043459,1783481719527423395
3,21100533128,9976709061855,1783481719532441759
2,21335433137,9976709205600,1783481719532585536
1,21334799798,9976725767738,1783481719549147706
0,21197375121,9976736045235,1783481719559425235
3,21133866461,9976741105775,1783481719564485743
2,21368766470,9976741234159,1783481719564614127
1,21368133131,9976757811530,1783481719581191530
0,21230708454,9976768100675,1783481719591480643
3,21167199794,9976773155903,1783481719596535871
2,21402099803,9976773356832,1783481719596736928
1,21401466464,9976789849210,1783481719613229146
0,21264041787,9976800120467,1783481719623500403
3,21200533127,9976805223887,1783481719628603855
2,21435433136,9976805413040,1783481719628792976
2,21468766469,9976821581001,1783481719644960937
1,21434799797,9976821868522,1783481719645248490
0,21297375120,9976832125987,1783481719655505923
3,21233866460,9976837226783,1783481719660606751
1,21468133130,9976853894970,1783481719677274938
0,21330708453,9976864143698,1783481719687523634
3,21267199793,9976869271822,1783481719692651758
2,21502099802,9976869392911,1783481719692772879
0,21364041786,9976896186882,1783481719719566850
3,21300533126,9976901331871,1783481719724711839
2,21535433135,9976901473183,1783481719724853151
0,21397375119,9976928206450,1783481719751586418
3,21333866459,9976933365102,1783481719756745070
2,21568766468,9976933477999,1783481719756857935
1,21501466463,9976950021866,1783481719773401802
2,21602099801,9976958469464,1783481719781849432
0,21430708452,9976960207586,1783481719783587522
3,21367199792,9976965396638,1783481719788776574
1,21534799796,9976982020986,1783481719805400954
0,21464041785,9976992237106,1783481719815617010
3,21400533125,9976997435822,1783481719820815758
2,21635433134,9976997531631,1783481719820911535
1,21568133129,9977014094346,1783481719837474282
2,21668766467,9977022709241,1783481719846089177
0,21497375118,9977024273570,1783481719847653538
3,21433866458,9977029492734,1783481719852872670
1,21601466462,9977046255130,1783481719869635098
0,21530708451,9977056289777,1783481719879669745
3,21467199791,9977061571118,1783481719884951086
2,21702099800,9977061815024,1783481719885194992
1,21634799795,9977078177802,1783481719901557770
0,21564041784,9977088326945,1783481719911706881
3,21500533124,9977093579006,1783481719916958974
2,21735433133,9977093764255,1783481719917144191
1,21668133128,9977110212442,1783481719933592378
0,21597375117,9977120347761,1783481719943727697
3,21533866457,9977125652910,1783481719949032846
2,21768766466,9977125859663,1783481719949239631
1,21701466461,9977142252426,1783481719965632362
0,21630708450,9977152398433,1783481719975778401
3,21567199790,9977157695070,1783481719981075038
1,21734799794,9977174344314,1783481719997724250
2,21802099799,9977183073162,1783481720006453162
0,21664041783,9977184383665,1783481720007763633
3,21600533123,9977189730990,1783481720013110926
2,21835433132,9977198950145,1783481720022330113
1,21768133127,9977206372138,1783481720029752106
0,21697375116,9977216430849,1783481720039810817
3,21633866456,9977221787902,1783481720045167870
2,21868766465,9977231390899,1783481720054770867
2,21902099798,9977231412883,1783481720054792851
1,21801466460,9977238329273,1783481720061709241
0,21730708449,9977248448561,1783481720071828529
3,21667199789,9977253814958,1783481720077194894
1,21834799793,9977270392425,1783481720093772393
0,21764041782,9977280460961,1783481720103840897
3,21700533122,9977285857054,1783481720109236990
1,21868133126,9977302411897,1783481720125791865
2,21935433131,9977311124233,1783481720134504201
0,21797375115,9977312474800,1783481720135854768
3,21733866455,9977317925614,1783481720141305550
2,21968766464,9977326582814,1783481720149962750
1,21901466459,9977334438857,1783481720157818825
0,21830708448,9977344517120,1783481720167897088
3,21767199788,9977349938014,1783481720173317982
1,21934799792,9977366478041,1783481720189858009
2,22002099797,9977375175753,1783481720198555689
0,21864041781,9977376497712,1783481720199877680
3,21800533121,9977381978638,1783481720205358606
1,21968133125,9977398495305,1783481720221875273
2,22035433130,9977406932599,1783481720230312567
0,21897375114,9977408530144,1783481720231910080
3,21833866454,9977414017566,1783481720237397502
1,22001466458,9977430524601,1783481720253904537
2,22068766463,9977439139144,1783481720262519080
2,22102099796,9977439158952,1783481720262538888
0,21930708447,9977440600848,1783481720263980816
3,21867199787,9977446082414,1783481720269462350
1,22034799791,9977462554281,1783481720285934249
0,21964041780,9977472575680,1783481720295955648
3,21900533120,9977478112222,1783481720301492158
1,22068133124,9977494580569,1783481720317960505
2,22135433129,9977503186312,1783481720326566280
0,21997375113,9977504574320,1783481720327954288
3,21933866453,9977510130606,1783481720333510542
1,22101466457,9977526616425,1783481720349996361
2,22168766462,9977535097591,1783481720358477623
0,22030708446,9977536593024,1783481720359972960
3,21967199786,9977542181950,1783481720365561854
1,22134799790,9977558652665,1783481720382032633
2,22202099795,9977567128167,1783481720390508135
0,22064041779,9977568613871,1783481720391993839
3,22000533119,9977574235662,1783481720397615630
1,22168133123,9977590664681,1783481720414044649
2,22235433128,9977599115831,1783481720422495799
0,22097375112,9977600627839,1783481720424007775
3,22033866452,9977606247998,1783481720429627902
1,22201466456,9977622682489,1783481720446062617
2,22268766461,9977631139495,1783481720454519463
0,22130708445,9977632645327,1783481720456025263
3,22067199785,9977638338351,1783481720461718287
2,22302099794,9977646956382,1783481720470336350
1,22234799789,9977654755913,1783481720478135849
0,22164041778,9977664688063,1783481720488068031
3,22100533118,9977670366814,1783481720493746782
1,22268133122,9977686779577,1783481720510159673
2,22335433127,9977695478408,1783481720518858376
3,22133866451,9977702400046,1783481720525780014
1,22301466455,9977718814793,1783481720542194729
2,22368766460,9977727363608,1783481720550743544
3,22167199784,9977734427998,1783481720557807934
1,22334799788,9977750823224,1783481720574203160
2,22402099793,9977759347143,1783481720582727111
0,22197375111,9977760743567,1783481720584123503
3,22200533117,9977766476110,1783481720589856078
1,22368133121,9977782861032,1783481720606241000
2,22435433126,9977791324503,1783481720614704471
0,22230708444,9977792765919,1783481720616145887
3,22233866450,9977798532222,1783481720621912158
1,22401466454,9977814901016,1783481720638280952
0,22264041777,9977824781039,1783481720648161007
3,22267199783,9977830550606,1783481720653930606
2,22468766459,9977830683055,1783481720654062991
1,22434799787,9977846923304,1783481720670303240
2,22502099792,9977855360087,1783481720678740055
0,22297375110,9977856797023,1783481720680176991
3,22300533116,9977862598974,1783481720685978942
1,22468133120,9977878974392,1783481720702354360
0,22330708443,9977888814894,1783481720712194862
3,22333866449,9977894681167,1783481720718061135
2,22535433125,9977894870768,1783481720718250672
1,22501466453,9977911030472,1783481720734410408
0,22364041776,9977920878335,1783481720744258271
3,22367199782,9977926693055,1783481720750073023
2,22568766458,9977926878816,1783481720750258784
1,22534799786,9977943034744,1783481720766414680
0,22397375109,9977952897390,1783481720776277326
3,22400533115,9977958735407,1783481720782115343
2,22602099791,9977958888431,1783481720782268335
1,22568133119,9977975097512,1783481720798477480
0,22430708442,9977984926238,1783481720808306206
3,22433866448,9977990788159,1783481720814168095
1,22601466452,9978007107768,1783481720830487736
2,22635433124,9978015737768,1783481720839117736
0,22464041775,9978016927118,1783481720840307086
3,22467199781,9978022820527,1783481720846200495
2,22668766457,9978031365565,1783481720854745533
1,22634799785,9978039135080,1783481720862515016
0,22497375108,9978048951390,1783481720872331326
2,22702099790,9978057502189,1783481720880882157
1,22668133118,9978071156184,1783481720894536120
0,22530708441,9978080971822,1783481720904351758
1,22701466451,9978103222952,1783481720926602888
2,22735433123,9978111765111,1783481720935145079
0,22564041774,9978112991710,1783481720936371646
3,22500533114,9978118938015,1783481720942317983
2,22768766456,9978127546830,1783481720950926830
1,22734799784,9978135238648,1783481720958618616
0,22597375107,9978145008078,1783481720968388014
3,22533866447,9978150972751,1783481720974352719
1,22768133117,9978167249416,1783481720990629352
0,22630708440,9978177014110,1783481721000394046
3,22567199780,9978183022271,1783481721006402239
2,22802099789,9978183136159,1783481721006516127
2,22835433122,9978191627918,1783481721015007854
1,22801466450,9978199278232,1783481721022658168
0,22664041773,9978209045070,1783481721032425006
3,22600533113,9978215073967,1783481721038453903
1,22834799783,9978231344840,1783481721054724776
0,22697375106,9978241082014,1783481721064461982
3,22633866446,9978247115007,1783481721070494975
2,22868766455,9978247275968,1783481721070655936
1,22868133116,9978263367576,1783481721086747544
2,22902099788,9978266016743,1783481721089396679
2,22935433121,9978266033735,1783481721089413703
0,22730708439,9978273083405,1783481721096463373
3,22667199779,9978279164271,1783481721102544239
0,22764041772,9978305143582,1783481721128523518
3,22700533112,9978311214015,1783481721134593951
0,22797375105,9978337118445,1783481721160498413
3,22733866445,9978343234415,1783481721166614383
2,22968766454,9978343414544,1783481721166794512
1,22901466449,9978359465128,1783481721182845064
2,23002099787,9978368050871,1783481721191430775
0,22830708438,9978369154781,1783481721192534717
3,22767199778,9978375287679,1783481721198667615
1,22934799782,9978391499032,1783481721214878936
2,23035433120,9978399978599,1783481721223358535
0,22864041771,9978401171629,1783481721224551597
3,22800533111,9978407324431,1783481721230704335
1,22968133115,9978423508008,1783481721246887944
2,23068766453,9978431999255,1783481721255379383
0,22897375104,9978433176285,1783481721256556253
3,22833866444,9978439365951,1783481721262745887
1,23001466448,9978455553720,1783481721278933656
2,23102099786,9978464067591,1783481721287447559
0,22930708437,9978465207277,1783481721288587245
3,22867199777,9978471428591,1783481721294808559
2,23135433119,9978475593062,1783481721298973030
1,23034799781,9978487583464,1783481721310963432
0,22964041770,9978497223805,1783481721320603741
3,22900533110,9978503446751,1783481721326826751
1,23068133114,9978519609656,1783481721342989624
2,23168766452,9978528096775,1783481721351476743
0,22997375103,9978529245773,1783481721352625677
3,22933866443,9978535505840,1783481721358885808
1,23101466447,9978551664040,1783481721375044008
2,23202099785,9978560136791,1783481721383516759
0,23030708436,9978561265981,1783481721384645949
3,22967199776,9978567532704,1783481721390912672
1,23134799780,9978583692440,1783481721407072408
2,23235433118,9978592194055,1783481721415574023
0,23064041769,9978593292941,1783481721416672845
3,23000533109,9978599571344,1783481721422951280
1,23168133113,9978615712552,1783481721439092488
0,23097375102,9978625311677,1783481721448691613
3,23033866442,9978631607680,1783481721454987648
2,23268766451,9978631707008,1783481721455086944
1,23201466446,9978647739064,1783481721471119032
0,23130708435,9978657340301,1783481721480720269
3,23067199775,9978663674896,1783481721487054800
2,23302099784,9978663813137,1783481721487193105
2,23335433117,9978672316255,1783481721495696223
1,23234799779,9978679785896,1783481721503165896
0,23164041768,9978689365693,1783481721512745597
3,23100533108,9978695697728,1783481721519077664
1,23268133112,9978711848953,1783481721535228889
0,23197375101,9978721383021,1783481721544762957
3,23133866441,9978727762128,1783481721551142096
2,23368766450,9978727902449,1783481721551282385
1,23301466445,9978743892329,1783481721567272265
0,23230708434,9978753413981,1783481721576793917
3,23167199774,9978759820928,1783481721583200864
2,23402099783,9978759991585,1783481721583371489
1,23334799778,9978775924025,1783481721599303961
0,23264041767,9978785434157,1783481721608814093
3,23200533107,9978791863696,1783481721615243632
2,23435433116,9978792065713,1783481721615445681
1,23368133111,9978807956425,1783481721631336489
0,23297375100,9978817460125,1783481721640840093
3,23233866440,9978823901952,1783481721647281920
1,23401466444,9978839989657,1783481721663369721
2,23468766449,9978848619976,1783481721671999944
0,23330708433,9978849462509,1783481721672842477
3,23267199773,9978855948176,1783481721679328144
2,23502099782,9978864566272,1783481721687946208
1,23434799777,9978871995625,1783481721695375561
2,23535433115,9978880885177,1783481721704265145
0,23364041766,9978881481469,1783481721704861405
3,23300533106,9978887977600,1783481721711357568
1,23468133110,9978904056377,1783481721727436345
0,23397375099,9978913517709,1783481721736897677
3,23333866439,9978920050545,1783481721743430513
1,23501466443,9978936056745,1783481721759436841
2,23568766448,9978944639672,1783481721768019576
0,23430708432,9978945525693,1783481721768905629
3,23367199772,9978952050753,1783481721775430721
2,23602099781,9978960582127,1783481721783962095
1,23534799776,9978968043992,1783481721791423960
0,23464041765,9978977570285,1783481721800950221
3,23400533105,9978984110801,1783481721807490769
1,23568133109,9979000128969,1783481721823508905
2,23635433114,9979008763640,1783481721832143608
0,23497375098,9979009567965,1783481721832947933
3,23433866438,9979016139905,1783481721839519873
2,23668766447,9979024692208,1783481721848072144
1,23601466442,9979032145209,1783481721855525177
0,23530708431,9979041617421,1783481721864997389
3,23467199771,9979048198033,1783481721871578001
1,23634799775,9979064200905,1783481721887580873
2,23702099780,9979072889945,1783481721896269881
0,23564041764,9979073618877,1783481721896998845
3,23500533104,9979080230049,1783481721903609985
2,23735433113,9979088890160,1783481721912270128
1,23668133108,9979096223705,1783481721919603673
3,23533866437,9979112307377,1783481721935687313
1,23701466441,9979128265481,1783481721951645449
2,23768766446,9979136832120,1783481721960212056
3,23567199770,9979144333025,1783481721967712993
1,23734799774,9979160294393,1783481721983674361
2,23802099779,9979168840264,1783481721992220232
0,23597375097,9979169687724,1783481721993067660
3,23600533103,9979176356081,1783481721999736017
1,23768133107,9979192302377,1783481722015682345
2,23835433112,9979200757143,1783481722024137079
0,23630708430,9979201690556,1783481722025070524
3,23633866436,9979208421345,1783481722031801313
1,23801466440,9979224339417,1783481722047719385
2,23868766445,9979232829864,1783481722056209800
0,23664041763,9979233728524,1783481722057108492
3,23667199769,9979240465778,1783481722063845746
1,23834799773,9979256414185,1783481722079794153
2,23902099778,9979265163545,1783481722088543481
0,23697375096,9979265751005,1783481722089130941
3,23700533102,9979272513218,1783481722095893218
1,23868133106,9979288426681,1783481722111806777
2,23935433111,9979296927528,1783481722120307528
2,23968766444,9979296938248,1783481722120318216
0,23730708429,9979297754156,1783481722121134156
3,23733866435,9979304525810,1783481722127905874
1,23901466439,9979320439849,1783481722143819785
0,23764041762,9979329774812,1783481722153154780
3,23767199768,9979336611842,1783481722159991778
1,23934799772,9979352481433,1783481722175861433
2,24002099777,9979361068072,1783481722184448008
0,23797375095,9979361806573,1783481722185186509
3,23800533101,9979368618546,1783481722191998482
1,23968133105,9979384524969,1783481722207904937
2,24035433110,9979393038328,1783481722216418264
0,23830708428,9979393799836,1783481722217179772
3,23833866434,9979400662178,1783481722224042146
1,24001466438,9979416568186,1783481722239948154
2,24068766443,9979425143113,1783481722248523113
0,23864041761,9979425839341,1783481722249219309
3,23867199767,9979432712178,1783481722256092114
1,24034799771,9979448604874,1783481722271984842
0,23897375094,9979457871517,1783481722281251453
2,24102099776,9979466439820,1783481722289819788
1,24068133104,9979480632442,1783481722304012410
0,23930708427,9979489889485,1783481722313269453
2,24135433109,9979498427356,1783481722321807324
2,24168766442,9979498442716,1783481722321822684
1,24101466437,9979512666122,1783481722336046058
0,23964041760,9979521935261,1783481722345315229
3,23900533100,9979528830275,1783481722352210211
1,24134799770,9979544680730,1783481722368060666
0,23997375093,9979553926733,1783481722377306701
3,23933866433,9979560892115,1783481722384272083
2,24202099775,9979561059188,1783481722384439124
1,24168133103,9979576728330,1783481722400108298
0,24030708426,9979585948477,1783481722409328413
3,23967199766,9979592937155,1783481722416317251
2,24235433108,9979593231973,1783481722416611909
1,24201466436,9979608767322,1783481722432147290
0,24064041759,9979617974541,1783481722441354541
3,24000533099,9979624963027,1783481722448342963
2,24268766441,9979625263157,1783481722448643125
1,24234799769,9979640795658,1783481722464175594
0,24097375092,9979649998333,1783481722473378301
3,24033866432,9979657002499,1783481722480382435
1,24268133102,9979672835866,1783481722496215802
0,24130708425,9979682023661,1783481722505403629
3,24067199765,9979689057299,1783481722512437235
2,24302099774,9979689250325,1783481722512630261
2,24335433107,9979698091077,1783481722521471109
2,24368766440,9979706817653,1783481722530197653
0,24164041758,9979714043229,1783481722537423197
3,24100533098,9979721099140,1783481722544479076
0,24197375091,9979746071277,1783481722569451245
3,24133866431,9979753128116,1783481722576508084
1,24301466435,9979768951499,1783481722592331467
2,24402099773,9979777590426,1783481722600970458
0,24230708424,9979778081373,1783481722601461309
3,24167199764,9979785201284,1783481722608581252
2,24435433106,9979793874996,1783481722617254964
1,24334799768,9979800960955,1783481722624340891
0,24264041757,9979810109549,1783481722633489485
3,24200533097,9979817214996,1783481722640594964
1,24368133101,9979832987531,1783481722656367467
2,24468766439,9979841539002,1783481722664918970
0,24297375090,9979842117469,1783481722665497437
3,24233866430,9979849242692,1783481722672622628
1,24401466434,9979865019867,1783481722688399771
2,24502099772,9979873516905,1783481722696896873
0,24330708423,9979874135629,1783481722697515565
3,24267199763,9979881289652,1783481722704669620
1,24434799767,9979897046251,1783481722720426219
2,24535433105,9979905525561,1783481722728905497
0,24364041756,9979906146205,1783481722729526173
3,24300533096,9979913327844,1783481722736707780
2,24568766438,9979916891128,1783481722740271064
1,24468133100,9979929074555,1783481722752454491
0,24397375089,9979938176909,1783481722761556845
3,24333866429,9979945370260,1783481722768750228
1,24501466433,9979961104747,1783481722784484715
2,24602099771,9979969697530,1783481722793077466
0,24430708422,9979970187485,1783481722793567453
3,24367199762,9979977408517,1783481722800788485
1,24534799766,9979993137819,1783481722816517787
2,24635433104,9980001640106,1783481722825020074
0,24464041755,9980002211053,1783481722825591021
3,24400533095,9980009458197,1783481722832838197
1,24568133099,9980025167915,1783481722848547883
2,24668766437,9980033643546,1783481722857023482
0,24497375088,9980034235837,1783481722857615805
3,24433866428,9980041500997,1783481722864880933
1,24601466432,9980057218683,1783481722880598619
2,24702099770,9980065682218,1783481722889062186
0,24530708421,9980066252237,1783481722889632173
3,24467199761,9980073557685,1783481722896937653
1,24634799765,9980089248235,1783481722912628203
2,24735433103,9980097709722,1783481722921089690
0,24564041754,9980098277629,1783481722921657597
3,24500533094,9980105589957,1783481722928969925
2,24768766436,9980114171348,1783481722937551316
1,24668133098,9980121279643,1783481722944659611
0,24597375087,9980130306797,1783481722953686733
3,24533866427,9980137626613,1783481722961006549
1,24701466431,9980153312364,1783481722976692300
2,24802099769,9980161855035,1783481722985234971
0,24630708420,9980162312925,1783481722985692861
3,24567199760,9980169667301,1783481722993047237
1,24734799764,9980185344060,1783481723008723996
2,24835433102,9980193852362,1783481723017232330
0,24664041753,9980194333773,1783481723017713709
3,24600533093,9980201708342,1783481723025088278
1,24768133097,9980217402348,1783481723040782316
2,24868766435,9980226030907,1783481723049410843
0,24697375086,9980226427646,1783481723049807582
3,24633866426,9980233779814,1783481723057159782
1,24801466430,9980249427580,1783481723072807548
0,24730708419,9980258401581,1783481723081781549
3,24667199759,9980265809142,1783481723089189078
2,24902099768,9980265934071,1783481723089314007
1,24834799763,9980281459564,1783481723104839532
0,24764041752,9980290414141,1783481723113794077
3,24700533092,9980297844166,1783481723121224102
2,24935433101,9980297963207,1783481723121343175
1,24868133096,9980313467996,1783481723136847932
2,24968766434,9980321925995,1783481723145305963
0,24797375085,9980322416909,1783481723145796845
3,24733866425,9980329879926,1783481723153259894
1,24901466429,9980345493196,1783481723168873164
0,24830708418,9980354459934,1783481723177839902
3,24767199758,9980361929703,1783481723185309671
2,25002099767,9980362039751,1783481723185419719
1,24934799762,9980377554141,1783481723200934077
0,24864041751,9980386480590,1783481723209860526
3,24800533091,9980393978999,1783481723217359095
2,25035433100,9980394103256,1783481723217483192
1,24968133095,9980409579981,1783481723232959949
0,24897375084,9980418492350,1783481723241872286
3,24833866424,9980426020839,1783481723249400775
2,25068766433,9980426134760,1783481723249514728
1,25001466428,9980441623261,1783481723265003229
0,24930708417,9980450518542,1783481723273898478
3,24867199757,9980458063351,1783481723281443319
2,25102099766,9980458478074,1783481723281858010
1,25034799761,9980473633421,1783481723297013357
0,24964041750,9980482531486,1783481723305911454
3,24900533090,9980490090535,1783481723313470471
1,25068133094,9980505657213,1783481723329037149
2,25135433099,9980514169484,1783481723337549388
3,24933866423,9980522148568,1783481723345528536
2,25168766432,9980522271416,1783481723345651384
1,25101466427,9980537710157,1783481723361090125
3,24967199756,9980554198760,1783481723377578760
2,25202099765,9980562693303,1783481723386073271
1,25134799760,9980569729085,1783481723393109021
0,24997375083,9980578601678,1783481723401981614
3,25000533089,9980586228312,1783481723409608280
1,25168133093,9980601770926,1783481723425150862
2,25235433098,9980610279324,1783481723433659260
0,25030708416,9980610604478,1783481723433984414
3,25033866422,9980618285352,1783481723441665480
2,25268766431,9980626824695,1783481723450204631
1,25201466426,9980633787614,1783481723457167550
0,25064041749,9980642618702,1783481723465998670
3,25067199755,9980650302232,1783481723473682168
1,25234799759,9980665828174,1783481723489208110
2,25302099764,9980674398237,1783481723497778173
0,25097375082,9980674642398,1783481723498022334
3,25100533088,9980682344297,1783481723505724265
1,25268133092,9980697883326,1783481723521263294
2,25335433097,9980706374445,1783481723529754381
0,25130708415,9980706673934,1783481723530053902
3,25133866421,9980714387289,1783481723537767225
2,25368766430,9980722920264,1783481723546300200
1,25301466425,9980729883758,1783481723553263726
0,25164041748,9980738690431,1783481723562070367
3,25167199754,9980746423369,1783481723569803305
1,25334799758,9980761931742,1783481723585311710
2,25402099763,9980770459725,1783481723593839693
0,25197375081,9980770710415,1783481723594090351
3,25200533087,9980778472569,1783481723601852537
1,25368133091,9980793964110,1783481723617344078
2,25435433096,9980802425277,1783481723625805213
0,25230708414,9980802730591,1783481723626110559
3,25233866420,9980810544490,1783481723633924458
1,25401466424,9980825995039,1783481723649375007
2,25468766429,9980834444109,1783481723657824077
0,25264041747,9980834745711,1783481723658125679
3,25267199753,9980842554906,1783481723665934842
1,25434799757,9980858020911,1783481723681400879
2,25502099762,9980866515677,1783481723689895581
0,25297375080,9980866779167,1783481723690159135
1,25468133090,9980890059039,1783481723713438975
2,25535433095,9980898564238,1783481723721944206
0,25330708413,9980898790639,1783481723722170575
1,25501466423,9980922084975,1783481723745464911
2,25568766428,9980930584030,1783481723753963998
2,25602099761,9980930593726,1783481723753973662
0,25364041746,9980930812447,1783481723754192383
3,25300533086,9980938684330,1783481723762064266
1,25534799756,9980954117087,1783481723777497055
0,25397375079,9980962829871,1783481723786209839
3,25333866419,9980970725691,1783481723794105659
1,25568133089,9980986151151,1783481723809531087
2,25635433094,9980994655070,1783481723818035038
0,25430708412,9980994847743,1783481723818227647
3,25367199752,9981002779275,1783481723826159243
1,25601466422,9981018186176,1783481723841566144
2,25668766427,9981026615406,1783481723849995374
0,25464041745,9981026868655,1783481723850248623
3,25400533085,9981034834299,1783481723858214267
1,25634799755,9981050223088,1783481723873603024
2,25702099760,9981058662878,1783481723882042814
0,25497375078,9981058891551,1783481723882271487
3,25433866418,9981066858155,1783481723890238123
1,25668133088,9981082252032,1783481723905631968
0,25530708411,9981090927376,1783481723914307344
3,25467199751,9981098893083,1783481723922273019
2,25735433093,9981098979964,1783481723922359932
0,25564041744,9981122937920,1783481723946317888
3,25500533084,9981130942892,1783481723954322892
2,25768766426,9981131061164,1783481723954441100
2,25802099759,9981131070028,1783481723954449996
0,25597375077,9981154990032,1783481723978369968
3,25533866417,9981162993084,1783481723986373020
1,25701466421,9981178398865,1783481724001778833
0,25630708410,9981186961248,1783481724010341312
3,25567199750,9981195032908,1783481724018412876
2,25835433092,9981198053053,1783481724021433021
1,25734799754,9981210382144,1783481724033762112
0,25664041743,9981219000144,1783481724042380080
3,25600533083,9981227072828,1783481724050452764
2,25868766425,9981230099021,1783481724053478989
1,25768133087,9981242420721,1783481724065800689
0,25697375076,9981251031552,1783481724074411552
3,25633866416,9981259152333,1783481724082532301
2,25902099758,9981262113757,1783481724085493725
1,25801466420,9981274455265,1783481724097835233
0,25730708409,9981283047824,1783481724106427792
3,25667199749,9981291155933,1783481724114535869
1,25834799753,9981306478353,1783481724129858289
2,25935433091,9981314979616,1783481724138359552
0,25764041742,9981315060096,1783481724138440064
3,25700533082,9981323192333,1783481724146572269
2,25968766424,9981331712700,1783481724155092636
1,25868133086,9981338511905,1783481724161891873
0,25797375075,9981347080112,1783481724170460080
3,25733866415,9981355241053,1783481724178621053
2,26002099757,9981358218030,1783481724181597998
1,25901466419,9981370550802,1783481724193930770
0,25830708408,9981379132321,1783481724202512289
3,25767199748,9981387311022,1783481724210690958
1,25934799752,9981402603042,1783481724225982978
0,25864041741,9981411095697,1783481724234475665
2,26035433090,9981411183761,1783481724234563697
3,25800533081,9981419362430,1783481724242742366
1,25968133085,9981434616050,1783481724257996018
0,25897375074,9981443167009,1783481724266546977
2,26068766423,9981443179073,1783481724266559009
3,25833866414,9981451392686,1783481724274772654
1,26001466418,9981466672738,1783481724290052674
0,25930708407,9981475189649,1783481724298569617
2,26102099756,9981475280562,1783481724298660466
3,25867199747,9981483419166,1783481724306799102
2,26135433089,9981491949773,1783481724315329741
1,26034799751,9981498678834,1783481724322058802
0,25964041740,9981507210913,1783481724330590849
3,25900533080,9981515448719,1783481724338828687
1,26068133084,9981530711619,1783481724354091587
0,25997375073,9981539210673,1783481724362590641
2,26168766422,9981539675092,1783481724363055060
3,25933866413,9981547492671,1783481724370872639
2,26202099755,9981550361583,1783481724373741551
1,26101466417,9981562751059,1783481724386131027
0,26030708406,9981571240290,1783481724394620226
3,25967199746,9981579565903,1783481724402945871
1,26134799750,9981594773539,1783481724418153507
0,26064041739,9981603260690,1783481724426640658
2,26235433088,9981603290034,1783481724426670002
3,26000533079,9981611608256,1783481724434988192
1,26168133083,9981626810867,1783481724450190835
2,26268766421,9981635295426,1783481724458675362
0,26097375072,9981635299618,1783481724458679554
3,26033866412,9981643620592,1783481724467000528
1,26201466416,9981658837027,1783481724482216963
0,26130708405,9981667305298,1783481724490685298
2,26302099754,9981667337650,1783481724490717586
3,26067199745,9981675665472,1783481724499045408
1,26234799749,9981690880884,1783481724514260820
0,26164041738,9981699321186,1783481724522701122
2,26335433087,9981699380002,1783481724522759970
3,26100533078,9981707703696,1783481724531083632
1,26268133082,9981722931396,1783481724546311364
0,26197375071,9981731339250,1783481724554719186
2,26368766420,9981731427027,1783481724554806995
3,26133866411,9981739754241,1783481724563134209
2,26402099753,9981742538992,1783481724565918928
1,26301466415,9981754957044,1783481724578336980
0,26230708404,9981763368130,1783481724586748098
3,26167199744,9981771800241,1783481724595180209
1,26334799748,9981786981092,1783481724610361060
0,26264041737,9981795407539,1783481724618787475
2,26435433086,9981795493331,1783481724618873299
3,26200533077,9981803877089,1783481724627257057
1,26368133081,9981819049717,1783481724642429653
0,26297375070,9981827435843,1783481724650815811
2,26468766419,9981827597284,1783481724650977220
3,26233866410,9981835911794,1783481724659291762
1,26401466414,9981851089797,1783481724674469765
0,26330708403,9981859450387,1783481724682830291
2,26502099752,9981859613300,1783481724682993236
3,26267199743,9981867952386,1783481724691332354
1,26434799747,9981883111157,1783481724706491125
0,26364041736,9981891476643,1783481724714856579
2,26535433085,9981891640676,1783481724715020644
3,26300533076,9981899999122,1783481724723379090
1,26468133080,9981915147141,1783481724738527109
3,26333866409,9981932055938,1783481724755435874
2,26568766418,9981940609457,1783481724763989425
2,26602099751,9981940625458,1783481724764005426
1,26501466413,9981947175350,1783481724770555286
3,26367199742,9981964066931,1783481724787446867
1,26534799746,9981979179430,1783481724802559366
0,26397375069,9981987518676,1783481724810898612
3,26400533075,9981996097507,1783481724819477475
2,26635433084,9982004596497,1783481724827976433
1,26568133079,9982011208822,1783481724834588790
0,26430708402,9982019519172,1783481724842899108
2,26668766417,9982028069171,1783481724851449139
3,26433866408,9982028136947,1783481724851516915
1,26601466412,9982043246502,1783481724866626502
0,26464041735,9982051548116,1783481724874928084
3,26467199741,9982060191523,1783481724883571459
2,26702099750,9982068758834,1783481724892138802
1,26634799745,9982075273334,1783481724898653238
0,26497375068,9982083601956,1783481724906981892
2,26735433083,9982092120531,1783481724915500467
3,26500533074,9982092218291,1783481724915598259
1,26668133078,9982107327079,1783481724930707047
0,26530708401,9982115609780,1783481724938989716
3,26533866407,9982124277796,1783481724947657764
2,26768766416,9982133131157,1783481724956511061
1,26701466411,9982139412951,1783481724962792887
0,26564041734,9982147634500,1783481724971014468
2,26802099749,9982147769317,1783481724971149285
3,26567199740,9982156324628,1783481724979704564
1,26734799744,9982171376071,1783481724994756039
0,26597375067,9982179651892,1783481725003031828
3,26600533073,9982188359204,1783481725011739172
2,26835433082,9982196905459,1783481725020285427
1,26768133077,9982203410039,1783481725026789975
0,26630708400,9982211653349,1783481725035033253
3,26633866406,9982220391989,1783481725043771957
2,26868766415,9982228896387,1783481725052276355
1,26801466410,9982235459336,1783481725058839304
0,26664041733,9982243679093,1783481725067059029
3,26667199739,9982252453733,1783481725075833669
2,26902099748,9982260986100,1783481725084366036
1,26834799743,9982267486968,1783481725090866904
0,26697375066,9982275716677,1783481725099096645
1,26868133076,9982299523912,1783481725122903848
0,26730708399,9982307719541,1783481725131099477
2,26935433081,9982307843254,1783481725131223222
1,26901466409,9982331528952,1783481725154908888
0,26764041732,9982339736453,1783481725163116421
2,26968766414,9982339818182,1783481725163198118
2,27002099747,9982348301205,1783481725171681173
3,26700533072,9982348568790,1783481725171948758
1,26934799742,9982363568553,1783481725186948521
0,26797375065,9982371763382,1783481725195143350
3,26733866405,9982380622726,1783481725204002662
1,26968133075,9982395604825,1783481725218984761
0,26830708398,9982403778726,1783481725227158694
2,27035433080,9982403882662,1783481725227262598
3,26767199738,9982412663863,1783481725236043799
1,27001466408,9982427646345,1783481725251026281
0,26864041731,9982435829654,1783481725259209590
2,27068766413,9982436028503,1783481725259408471
3,26800533071,9982444728903,1783481725268108839
1,27034799741,9982459704826,1783481725283084794
0,26897375064,9982467869478,1783481725291249414
2,27102099746,9982468098440,1783481725291478408
3,26833866404,9982476776216,1783481725300156152
1,27068133074,9982491744522,1783481725315124458
0,26930708397,9982499880119,1783481725323260087
2,27135433079,9982500071448,1783481725323451416
3,26867199737,9982508788808,1783481725332168744
0,26964041730,9982531875943,1783481725355255911
2,27168766412,9982540355445,1783481725363735413
3,26900533070,9982540818648,1783481725364198584
2,27202099745,9982556838960,1783481725380218896
0,26997375063,9982563892023,1783481725387272023
3,26933866403,9982572873608,1783481725396253576
1,27101466407,9982587814747,1783481725411194715
0,27030708396,9982595908487,1783481725419288423
3,26967199736,9982604926073,1783481725428306009
2,27235433078,9982607327750,1783481725430707718
1,27134799740,9982619846859,1783481725443226795
0,27064041729,9982627930839,1783481725451310807
3,27000533069,9982636976009,1783481725460355945
2,27268766411,9982639360086,1783481725462740054
1,27168133073,9982651876955,1783481725475256923
0,27097375062,9982659953192,1783481725483333160
3,27033866402,9982669000217,1783481725492380153
2,27302099744,9982671395367,1783481725494775335
1,27201466406,9982683900011,1783481725507279947
0,27130708395,9982691965432,1783481725515345368
3,27067199735,9982701036778,1783481725524416778
2,27335433077,9982703468663,1783481725526848631
1,27234799739,9982715934588,1783481725539314492
0,27164041728,9982723991432,1783481725547371400
3,27100533068,9982733094266,1783481725556474202
2,27368766410,9982741641865,1783481725565021833
1,27268133072,9982747968620,1783481725571348588
0,27197375061,9982756009400,1783481725579389336
3,27133866401,9982765118858,1783481725588498794
2,27402099743,9982767469687,1783481725590849655
1,27301466405,9982779999484,1783481725603379420
0,27230708394,9982788028168,1783481725611408136
3,27167199734,9982797166971,1783481725620546907
2,27435433076,9982799508552,1783481725622888552
1,27334799738,9982812049197,1783481725635429165
0,27264041727,9982820044729,1783481725643424697
3,27200533067,9982829200459,1783481725652580427
2,27468766409,9982838051804,1783481725661431772
1,27368133071,9982844042013,1783481725667421981
0,27297375060,9982852025385,1783481725675405353
3,27233866400,9982861245179,1783481725684625115
2,27502099742,9982863556168,1783481725686936136
1,27401466404,9982876108237,1783481725699488205
0,27330708393,9982884086457,1783481725707466425
3,27267199733,9982893290476,1783481725716670412
2,27535433075,9982901884635,1783481725725264603
1,27434799737,9982908125789,1783481725731505757
0,27364041726,9982916105417,1783481725739485353
3,27300533066,9982925333372,1783481725748713340
2,27568766408,9982927626761,1783481725751006697
1,27468133070,9982940166862,1783481725763546798
0,27397375059,9982948137337,1783481725771517337
3,27333866399,9982957375660,1783481725780755628
2,27602099741,9982965950011,1783481725789329979
1,27501466403,9982972198366,1783481725795578302
0,27430708392,9982980156106,1783481725803536074
3,27367199732,9982989413213,1783481725812793149
2,27635433074,9982991673097,1783481725815053033
1,27534799736,9983004232686,1783481725827612654
0,27464041725,9983012168826,1783481725835548762
3,27400533065,9983021450477,1783481725844830445
2,27668766407,9983030013244,1783481725853393212
1,27568133069,9983036259134,1783481725859639102
0,27497375058,9983044191466,1783481725867571402
3,27433866398,9983053493149,1783481725876873085
2,27702099740,9983062008204,1783481725885388140
1,27601466402,9983068308239,1783481725891688207
0,27530708391,9983076217946,1783481725899597914
3,27467199731,9983085537774,1783481725908917710
2,27735433073,9983094110141,1783481725917490109
1,27634799735,9983100336319,1783481725923716287
0,27564041724,9983108249579,1783481725931629547
3,27500533064,9983117586334,1783481725940966302
2,27768766406,9983126076653,1783481725949456589
1,27668133068,9983132360655,1783481725955740591
0,27597375057,9983140254427,1783481725963634395
3,27533866397,9983149627886,1783481725973007854
2,27802099739,9983158136797,1783481725981516765
1,27701466401,9983164416352,1783481725987796288
0,27630708390,9983172318859,1783481725995698795
3,27567199730,9983181687071,1783481726005067071
2,27835433072,9983183880427,1783481726007260363
1,27734799734,9983196436144,1783481726019816112
0,27664041723,9983204355419,1783481726027735451
3,27600533063,9983213772463,1783481726037152399
1,27768133067,9983228501888,1783481726051881856
0,27697375056,9983236391308,1783481726059771276
2,27868766405,9983236941615,1783481726060321551
3,27633866396,9983245799680,1783481726069179616
1,27801466400,9983260530257,1783481726083910225
0,27730708389,9983268399708,1783481726091779644
2,27902099738,9983268625565,1783481726092005501
3,27667199729,9983277802896,1783481726101182896
1,27834799733,9983292579649,1783481726115959617
0,27764041722,9983300429676,1783481726123809644
2,27935433071,9983300689678,1783481726124069614
3,27700533062,9983309877280,1783481726133257216
1,27868133066,9983324588433,1783481726147968369
2,27968766404,9983333203969,1783481726156583937
3,27733866395,9983341917361,1783481726165297297
1,27901466399,9983356643938,1783481726180023906
2,28002099737,9983365235281,1783481726188615249
3,27767199728,9983373946433,1783481726197326401
2,28035433070,9983376052717,1783481726199432685
1,27934799732,9983388656114,1783481726212036082
0,27797375055,9983396461469,1783481726219841437
3,27800533061,9983406016530,1783481726229396466
1,27968133065,9983420696066,1783481726244076034
0,27830708388,9983428471021,1783481726251850989
2,28068766403,9983428667630,1783481726252047598
3,27833866394,9983438041218,1783481726261421186
1,28001466398,9983452721395,1783481726276101331
0,27864041721,9983460486237,1783481726283866141
2,28102099736,9983460659646,1783481726284039582
3,27867199727,9983470085522,1783481726293465458
1,28034799731,9983484774915,1783481726308154851
0,27897375054,9983492522894,1783481726315902830
2,28135433069,9983492720943,1783481726316100879
3,27900533060,9983502134915,1783481726325514883
1,28068133064,9983516786099,1783481726340166067
0,27930708387,9983524525982,1783481726347905918
2,28168766402,9983524707071,1783481726348087007
3,27933866393,9983534292660,1783481726357672628
1,28101466397,9983548948964,1783481726372329028
0,27964041720,9983556551822,1783481726379931790
3,27967199726,9983566191555,1783481726389571491
2,28202099735,9983574762322,1783481726398142290
2,28235433068,9983574795155,1783481726398175091
1,28134799730,9983580839092,1783481726404219060
0,27997375053,9983588577919,1783481726411957855
3,28000533059,9983598245524,1783481726421625460
1,28168133063,9983612859364,1783481726436239300
0,28030708386,9983620604783,1783481726443984751
3,28033866392,9983630285924,1783481726453665892
2,28268766401,9983638829171,1783481726462209075
1,28201466396,9983644893973,1783481726468273941
0,28064041719,9983652625343,1783481726476005343
2,28302099734,9983661155534,1783481726484535502
3,28067199725,9983662343605,1783481726485723541
1,28234799729,9983676941157,1783481726500321093
0,28097375052,9983684641327,1783481726508021359
1,28268133062,9983708988917,1783481726532368853
0,28130708385,9983716656288,1783481726540036256
2,28335433067,9983716827137,1783481726540207105
2,28368766400,9983725330607,1783481726548710575
1,28301466395,9983741023622,1783481726564403558
0,28164041718,9983748685968,1783481726572065936
3,28100533058,9983758448166,1783481726581828134
2,28402099733,9983766990421,1783481726590370357
1,28334799728,9983773026774,1783481726596406742
0,28197375051,9983780680352,1783481726604060288
2,28435433066,9983780779105,1783481726604159073
3,28133866391,9983790486294,1783481726613866262
1,28368133061,9983805076518,1783481726628456454
0,28230708384,9983812711568,1783481726636091536
3,28167199724,9983822535366,1783481726645915366
2,28468766399,9983831069397,1783481726654449333
1,28401466394,9983837122519,1783481726660502487
0,28264041717,9983844750241,1783481726668130209
3,28200533057,9983854571607,1783481726677951607
2,28502099732,9983863026117,1783481726686406053
1,28434799727,9983869150375,1783481726692530311
0,28297375050,9983876756593,1783481726700136529
3,28233866390,9983886621223,1783481726710001191
2,28535433065,9983895063318,1783481726718443254
1,28468133060,9983901168279,1783481726724548247
0,28330708383,9983908759681,1783481726732139649
3,28267199723,9983918686200,1783481726742066168
2,28568766398,9983927135654,1783481726750515622
0,28364041716,9983940804658,1783481726764184626
3,28300533056,9983950723752,1783481726774103688
2,28602099731,9983959225815,1783481726782605751
0,28397375049,9983972812258,1783481726796192226
3,28333866389,9983982744056,1783481726806123992
1,28501466393,9983997266312,1783481726820646280
0,28430708382,9984004824690,1783481726828204658
3,28367199722,9984014780457,1783481726838160425
2,28635433064,9984016605139,1783481726839985107
1,28534799726,9984029293081,1783481726852673017
0,28464041715,9984036854882,1783481726860234946
3,28400533055,9984046845497,1783481726870225497
2,28668766397,9984048623971,1783481726872003971
1,28568133059,9984061343625,1783481726884723593
0,28497375048,9984068907059,1783481726892286995
3,28433866388,9984078902794,1783481726902282762
2,28702099730,9984080673651,1783481726904053619
1,28601466392,9984093368377,1783481726916748345
0,28530708381,9984100905699,1783481726924285667
3,28467199721,9984110911738,1783481726934291706
2,28735433063,9984112680900,1783481726936060868
1,28634799725,9984125379050,1783481726948759018
0,28564041714,9984132905747,1783481726956285715
3,28500533054,9984142955466,1783481726966335402
2,28768766396,9984144725684,1783481726968105620
1,28668133058,9984157426458,1783481726980806394
0,28597375047,9984164933859,1783481726988313827
3,28533866387,9984175010139,1783481726998390075
2,28802099729,9984176758820,1783481727000138788
1,28701466391,9984189456458,1783481727012836426
0,28630708380,9984196960308,1783481727020340244
3,28567199720,9984207039115,1783481727030419051
2,28835433062,9984208774965,1783481727032154965
1,28734799724,9984221483835,1783481727044863803
0,28664041713,9984228979812,1783481727052359780
3,28600533053,9984239087132,1783481727062467100
2,28868766395,9984240797605,1783481727064177541
1,28768133057,9984253515499,1783481727076895467
0,28697375046,9984261008884,1783481727084388852
3,28633866386,9984271146220,1783481727094526188
2,28902099728,9984272826677,1783481727096206613
1,28801466390,9984285566108,1783481727108946044
0,28730708379,9984293023269,1783481727116403205
3,28667199719,9984303200541,1783481727126580477
2,28935433061,9984304880678,1783481727128260614
1,28834799723,9984317598284,1783481727140978252
0,28764041712,9984325050357,1783481727148430325
3,28700533052,9984335207981,1783481727158587917
2,28968766394,9984336894166,1783481727160274134
1,28868133056,9984349614940,1783481727172994908
0,28797375045,9984357053445,1783481727180433413
3,28733866385,9984367264190,1783481727190644158
2,29002099727,9984375810925,1783481727199190829
1,28901466389,9984381655789,1783481727205035789
0,28830708378,9984389083318,1783481727212463286
3,28767199718,9984399319726,1783481727222699694
2,29035433060,9984400957207,1783481727224337175
1,28934799722,9984413687133,1783481727237067101
0,28864041711,9984421098566,1783481727244478534
3,28800533051,9984431335614,1783481727254715550
2,29068766393,9984439848077,1783481727263228045
1,28968133055,9984445726990,1783481727269106926
0,28897375044,9984453122230,1783481727276502166
3,28833866384,9984463375855,1783481727286755791
2,29102099726,9984465005240,1783481727288385176
1,29001466388,9984477787262,1783481727301167230
0,28930708377,9984485165831,1783481727308545799
3,28867199717,9984495432159,1783481727318812127
2,29135433059,9984503978638,1783481727327358574
1,29034799721,9984509805486,1783481727333185422
0,28964041710,9984517161559,1783481727340541495
3,28900533050,9984527465616,1783481727350845584
2,29168766392,9984529065689,1783481727352445625
1,29068133054,9984541814527,1783481727365194495
0,28997375043,9984549180039,1783481727372560007
3,28933866383,9984559510496,1783481727382890464
2,29202099725,9984568047503,1783481727391427439
1,29101466387,9984573851087,1783481727397231023
0,29030708376,9984581231800,1783481727404611768
3,28967199716,9984591555793,1783481727414935729
2,29235433058,9984593121337,1783481727416501305
1,29134799720,9984605887200,1783481727429267168
0,29064041709,9984613223560,1783481727436603496
3,29000533049,9984623589921,1783481727446969857
2,29268766391,9984632093712,1783481727455473680
1,29168133053,9984637917456,1783481727461297424
0,29097375042,9984645240696,1783481727468620664
3,29033866382,9984655632338,1783481727479012274
2,29302099724,9984664319873,1783481727487699841
1,29201466386,9984669951392,1783481727493331360
0,29130708375,9984677265833,1783481727500645769
3,29067199715,9984687677282,1783481727511057250
2,29335433057,9984696384786,1783481727519764754
1,29234799719,9984702006673,1783481727525386609
0,29164041708,9984709285305,1783481727532665241
3,29100533048,9984719726514,1783481727543106482
2,29368766390,9984728183265,1783481727551563201
1,29268133052,9984734019265,1783481727557399233
3,29133866381,9984751766531,1783481727575146467
2,29402099723,9984760288722,1783481727583668626
1,29301466385,9984766064146,1783481727589444114
3,29167199714,9984783847476,1783481727607227412
2,29435433056,9984792481475,1783481727615861411
1,29334799718,9984798099682,1783481727621479650
0,29197375041,9984805362602,1783481727628742570
3,29200533047,9984815864772,1783481727639244900
2,29468766389,9984817338700,1783481727640718636
1,29368133051,9984830142195,1783481727653522131
0,29230708374,9984837398266,1783481727660778234
3,29233866380,9984847925332,1783481727671305300
1,29401466384,9984862161891,1783481727685541859
0,29264041707,9984869415915,1783481727692795883
2,29502099722,9984869569772,1783481727692949740
3,29267199713,9984879949829,1783481727703329797
1,29434799717,9984894179891,1783481727717559859
0,29297375040,9984901414747,1783481727724794683
2,29535433055,9984901772893,1783481727725152829
3,29300533046,9984911980021,1783481727735359957
1,29468133050,9984926222116,1783481727749602084
0,29330708373,9984933428747,1783481727756808683
2,29568766388,9984933789069,1783481727757169037
3,29333866379,9984944031782,1783481727767411718
1,29501466383,9984958306900,1783481727781686868
0,29364041706,9984965462364,1783481727788842332
2,29602099721,9984965606268,1783481727788986236
3,29367199712,9984976071286,1783481727799451254
1,29534799716,9984990304772,1783481727813684708
0,29397375039,9984997487052,1783481727820867020
2,29635433054,9984997639853,1783481727821019789
3,29400533045,9985008138247,1783481727831518183
2,29668766387,9985009504398,1783481727832884302
1,29568133049,9985022342997,1783481727845722965
0,29430708372,9985029510396,1783481727852890364
3,29433866378,9985040165815,1783481727863545783
1,29601466382,9985054358245,1783481727877738181
0,29464041705,9985061520173,1783481727884900109
2,29702099720,9985061632173,1783481727885012109
3,29467199711,9985072198791,1783481727895578727
1,29634799715,9985086388470,1783481727909768438
0,29497375038,9985093537533,1783481727916917501
2,29735433053,9985093647742,1783481727917027710
1,29668133048,9985118411174,1783481727941791142
0,29530708371,9985125589613,1783481727948969581
2,29768766386,9985125727182,1783481727949107150
1,29701466381,9985150458870,1783481727973838838
0,29564041704,9985157609374,1783481727980989310
3,29500533044,9985168340025,1783481727991719993
2,29802099719,9985176912328,1783481728000292296
1,29734799714,9985182482759,1783481728005862695
0,29597375037,9985189606926,1783481728012986862
2,29835433052,9985198191837,1783481728021571805
3,29533866377,9985200369353,1783481728023749289
2,29868766385,9985201685521,1783481728025065489
1,29768133047,9985214510775,1783481728037890743
0,29630708370,9985221628542,1783481728045008510
3,29567199710,9985232431098,1783481728055811066
1,29801466380,9985246543848,1783481728069923816
0,29664041703,9985253643055,1783481728077023023
3,29600533043,9985264471082,1783481728087851018
2,29902099718,9985273078586,1783481728096458522
1,29834799713,9985278592504,1783481728101972472
0,29697375036,9985285698911,1783481728109078879
2,29935433051,9985294353775,1783481728117733743
3,29633866376,9985296521659,1783481728119901595
1,29868133046,9985310630537,1783481728134010473
0,29730708369,9985317713936,1783481728141093904
3,29667199709,9985328534411,1783481728151914379
2,29968766384,9985337077882,1783481728160457850
0,29764041702,9985349714048,1783481728173094016
2,30002099717,9985358160271,1783481728181540239
3,29700533042,9985360566460,1783481728183946428
0,29797375035,9985381764049,1783481728205143985
3,29733866375,9985392632236,1783481728216012172
1,29901466379,9985406706906,1783481728230086842
0,29830708368,9985413858913,1783481728237238881
3,29767199708,9985424659005,1783481728248038941
2,30035433050,9985425888164,1783481728249268132
1,29934799712,9985438742922,1783481728262122890
0,29864041701,9985445768337,1783481728269148305
3,29800533041,9985456695789,1783481728280075725
2,30068766383,9985457909236,1783481728281289204
1,29968133045,9985470776539,1783481728294156507
0,29897375034,9985477791618,1783481728301171586
3,29833866374,9985488743326,1783481728312123294
2,30102099716,9985489930788,1783481728313310756
1,30001466378,9985502812491,1783481728326192459
0,29930708367,9985509816146,1783481728333196114
3,29867199707,9985520785294,1783481728344165262
2,30135433049,9985521963637,1783481728345343573
1,30034799711,9985534849116,1783481728358229084
0,29964041700,9985541835458,1783481728365215394
3,29900533040,9985552826335,1783481728376206303
2,30168766382,9985554000261,1783481728377380229
1,30068133044,9985566868716,1783481728390248684
0,29997375033,9985573856755,1783481728397236723
3,29933866373,9985584875183,1783481728408255087
2,30202099715,9985586024246,1783481728409404182
1,30101466377,9985598904477,1783481728422284445
0,30030708366,9985605896451,1783481728429276387
3,29967199706,9985616911616,1783481728440291552
2,30235433048,9985618048326,1783481728441428294
1,30134799710,9985630933069,1783481728454313037
0,30064041699,9985638002644,1783481728461382548
3,30000533039,9985648968625,1783481728472348561
2,30268766381,9985650086039,1783481728473466007
1,30168133043,9985662965854,1783481728486345822
0,30097375032,9985669928548,1783481728493308516
3,30033866372,9985681012897,1783481728504392865
2,30302099714,9985682116999,1783481728505496935
1,30201466376,9985694996942,1783481728518376878
0,30130708365,9985702096533,1783481728525476501
3,30067199705,9985713053554,1783481728536433522
2,30335433047,9985714139000,1783481728537518968
1,30234799709,9985727038975,1783481728550419039
0,30164041698,9985734031845,1783481728557411813
3,30100533038,9985745106498,1783481728568486466
2,30368766380,9985746175848,1783481728569555816
1,30268133042,9985759090159,1783481728582470063
0,30197375031,9985765986613,1783481728589366549
3,30133866371,9985777136211,1783481728600516147
2,30402099713,9985778199736,1783481728601579704
1,30301466375,9985791096512,1783481728614476480
0,30230708364,9985798006758,1783481728621386694
3,30167199704,9985809167427,1783481728632547363
2,30435433046,9985810227497,1783481728633607433
1,30334799708,9985823128720,1783481728646508688
0,30264041697,9985830021910,1783481728653401846
3,30200533037,9985841229556,1783481728664609524
2,30468766379,9985842260313,1783481728665640217
1,30368133041,9985855214369,1783481728678594305
0,30297375030,9985862054854,1783481728685434822
3,30233866370,9985873281316,1783481728696661252
2,30502099712,9985874293258,1783481728697673226
1,30401466374,9985887199441,1783481728710579409
0,30330708363,9985894062999,1783481728717442967
3,30267199703,9985905303637,1783481728728683605
2,30535433045,9985906311354,1783481728729691290
1,30434799707,9985919227905,1783481728742607873
0,30364041696,9985926081415,1783481728749461383
3,30300533036,9985937349093,1783481728760729061
2,30568766378,9985938335179,1783481728761715147
1,30468133040,9985951286610,1783481728774666546
0,30397375029,9985958139192,1783481728781519160
3,30333866369,9985969413302,1783481728792793270
2,30602099711,9985970380443,1783481728793760411
1,30501466373,9985983378179,1783481728806758115
0,30430708362,9985990149480,1783481728813529480
3,30367199702,9986001435366,1783481728824815366
2,30635433044,9986009977813,1783481728833357749
1,30534799706,9986015334707,1783481728838714643
0,30464041695,9986022153208,1783481728845533176
3,30400533035,9986033467319,1783481728856847287
2,30668766377,9986034423004,1783481728857802940
1,30568133039,9986047361411,1783481728870741379
0,30497375028,9986054175849,1783481728877555785
3,30433866368,9986065526567,1783481728888906503
2,30702099710,9986074128759,1783481728897508695
1,30601466372,9986079414772,1783481728902794708
0,30530708361,9986086237561,1783481728909617529
3,30467199701,9986097572760,1783481728920952696
2,30735433043,9986098492733,1783481728921872701
1,30634799705,9986111457028,1783481728934836996
0,30564041694,9986118222474,1783481728941602410
3,30500533034,9986129606504,1783481728952986472
2,30768766376,9986138151575,1783481728961531511
1,30668133038,9986143464597,1783481728966844565
3,30533866367,9986161664121,1783481728985044089
2,30802099709,9986170201960,1783481728993581896
1,30701466371,9986175508357,1783481728998888293
3,30567199700,9986193708105,1783481729017088073
2,30835433042,9986202359769,1783481729025739737
1,30734799704,9986207535830,1783481729030915766
0,30597375027,9986214284859,1783481729037664795
3,30600533033,9986225740378,1783481729049120314
2,30868766375,9986226634623,1783481729050014655
1,30768133037,9986239568518,1783481729062948454
0,30630708360,9986246322539,1783481729069702507
3,30633866366,9986257766730,1783481729081146698
2,30902099708,9986266301594,1783481729089681562
1,30801466370,9986271599191,1783481729094979127
0,30664041693,9986278342396,1783481729101722332
3,30667199699,9986289810427,1783481729113190363
2,30935433041,9986298300362,1783481729121680330
1,30834799703,9986303636071,1783481729127016039
0,30697375026,9986310355052,1783481729133735020
3,30700533032,9986321868332,1783481729145248300
2,30968766374,9986330352186,1783481729153732154
1,30868133036,9986335664792,1783481729159044728
0,30730708359,9986342359869,1783481729165739805
3,30733866365,9986353896188,1783481729177276124
2,31002099707,9986362335275,1783481729185715243
1,30901466369,9986367696456,1783481729191076424
0,30764041692,9986374381037,1783481729197760973
3,30767199698,9986385937805,1783481729209317773
2,31035433040,9986394424988,1783481729217804924
1,30934799702,9986399738489,1783481729223118457
0,30797375025,9986406402654,1783481729229782622
3,30800533031,9986417985309,1783481729241365245
2,31068766373,9986418776546,1783481729242156514
1,30968133035,9986431781673,1783481729255161609
0,30830708358,9986438424686,1783481729261804622
3,30833866364,9986450023598,1783481729273403534
2,31102099706,9986458544509,1783481729281924477
1,31001466368,9986463790202,1783481729287170106
0,30864041691,9986470441470,1783481729293821406
3,30867199697,9986482066079,1783481729305446015
1,31034799701,9986495818602,1783481729319198506
0,30897375024,9986502486639,1783481729325866607
2,31135433039,9986502632560,1783481729326012496
1,31068133034,9986527859963,1783481729351239931
0,30930708357,9986534494687,1783481729357874655
2,31168766372,9986534621408,1783481729358001344
1,31101466367,9986559909996,1783481729383289964
0,30964041690,9986566510352,1783481729389890288
2,31202099705,9986566628817,1783481729390008785
3,30900533030,9986578197744,1783481729401577680
1,31134799700,9986591921372,1783481729415301340
0,30997375023,9986598521312,1783481729421901280
2,31235433038,9986598626145,1783481729422006081
3,30933866363,9986610233889,1783481729433613857
2,31268766371,9986618714320,1783481729442094256
1,31168133033,9986623961036,1783481729447340972
0,31030708356,9986630545137,1783481729453925105
3,30967199696,9986642275537,1783481729465655505
1,31201466366,9986655986237,1783481729479366205
0,31064041689,9986662562689,1783481729485942625
2,31302099704,9986662669250,1783481729486049186
3,31000533029,9986674320034,1783481729497700002
1,31234799699,9986688022830,1783481729511402766
0,31097375022,9986694585010,1783481729517964978
2,31335433037,9986694685106,1783481729518065042
3,31033866362,9986706373491,1783481729529753459
1,31268133032,9986720030622,1783481729543410590
0,31130708355,9986726622850,1783481729550002786
2,31368766370,9986726769283,1783481729550149219
3,31067199695,9986738408579,1783481729561788515
0,31164041688,9986758656051,1783481729582036019
2,31402099703,9986767143746,1783481729590523714
3,31100533028,9986770448468,1783481729593828436
0,31197375021,9986790679427,1783481729614059395
3,31133866361,9986802497412,1783481729625877380
1,31301466365,9986816163664,1783481729639543632
0,31230708354,9986822673460,1783481729646053396
3,31167199694,9986834532693,1783481729657912629
2,31435433036,9986835151640,1783481729658531608
1,31334799698,9986848202272,1783481729671582240
0,31264041687,9986854698852,1783481729678078788
3,31200533027,9986866574693,1783481729689954661
2,31468766369,9986867181225,1783481729690561161
1,31368133031,9986880243921,1783481729703623889
0,31297375020,9986886727829,1783481729710107797
3,31233866360,9986898639446,1783481729722019414
2,31502099702,9986899210169,1783481729722590105
1,31401466364,9986912286977,1783481729735666945
0,31330708353,9986918732197,1783481729742112165
3,31267199693,9986930687303,1783481729754067271
2,31535433035,9986931244458,1783481729754624394
1,31434799697,9986944323666,1783481729767703634
0,31364041686,9986950764757,1783481729774144725
3,31300533026,9986962713879,1783481729786093847
2,31568766368,9986963272858,1783481729786652794
1,31468133030,9986976329922,1783481729799709890
0,31397375019,9986982791302,1783481729806171270
3,31333866359,9986994777896,1783481729818157832
2,31602099701,9986995316715,1783481729818696683
1,31501466363,9987008358195,1783481729831738163
0,31430708352,9987014804342,1783481729838184310
3,31367199692,9987026788568,1783481729850168504
2,31635433034,9987027329115,1783481729850709051
1,31534799696,9987040378179,1783481729863758179
0,31464041685,9987046823527,1783481729870203495
3,31400533025,9987058833577,1783481729882213513
2,31668766367,9987059357100,1783481729882737036
1,31568133029,9987072436692,1783481729895816660
0,31497375018,9987078859447,1783481729902239415
3,31433866358,9987090898522,1783481729914278490
2,31702099700,9987091392668,1783481729914772572
1,31601466362,9987104490501,1783481729927870437
0,31530708351,9987110921672,1783481729934301800
3,31467199691,9987122946794,1783481729946326730
2,31735433033,9987123425805,1783481729946805773
1,31634799695,9987136497045,1783481729959877013
0,31564041684,9987142900632,1783481729966280600
3,31500533024,9987154964027,1783481729978343963
2,31768766366,9987155441341,1783481729978821277
1,31668133028,9987168535173,1783481729991915141
0,31597375017,9987174909001,1783481729998289001
3,31533866357,9987187014443,1783481730010394411
2,31802099699,9987187472686,1783481730010852622
1,31701466361,9987200582006,1783481730023961942
0,31630708350,9987206940505,1783481730030320441
3,31567199690,9987219070204,1783481730042450140
2,31835433032,9987219515294,1783481730042895262
1,31734799694,9987232616871,1783481730055996775
0,31664041683,9987238959914,1783481730062339882
3,31600533023,9987251094733,1783481730074474701
2,31868766365,9987251533263,1783481730074913199
1,31768133027,9987264620855,1783481730088000823
0,31697375016,9987270960794,1783481730094340762
3,31633866356,9987283128861,1783481730106508829
2,31902099698,9987283556736,1783481730106936672
1,31801466360,9987296658152,1783481730120038088
0,31730708349,9987302990027,1783481730126369995
3,31667199689,9987315187310,1783481730138567470
2,31935433031,9987315598096,1783481730138978064
1,31834799693,9987328684728,1783481730152064664
0,31764041682,9987335003739,1783481730158383707
3,31700533022,9987347219262,1783481730170599230
2,31968766364,9987347622561,1783481730171002497
1,31868133026,9987360713257,1783481730184093193
0,31797375015,9987367021804,1783481730190401772
3,31733866355,9987379261679,1783481730202641647
2,32002099697,9987379652465,1783481730203032433
1,31901466359,9987392753305,1783481730216133273
0,31830708348,9987399054684,1783481730222434652
3,31767199688,9987411307648,1783481730234687584
2,32035433030,9987411674146,1783481730235054114
1,31934799692,9987424795050,1783481730248174986
0,31864041681,9987431065613,1783481730254445581
3,31800533021,9987443347792,1783481730266727760
2,32068766363,9987443710354,1783481730267090322
1,31968133025,9987456820763,1783481730280200731
0,31897375014,9987463088829,1783481730286468733
3,31833866354,9987475383649,1783481730298763617
2,32102099696,9987475741187,1783481730299121123
1,32001466358,9987488863947,1783481730312243883
0,31930708347,9987495134670,1783481730318514638
3,31867199687,9987507449746,1783481730330829682
2,32135433029,9987507775764,1783481730331155700
1,32034799691,9987520903292,1783481730344283228
0,31964041680,9987527131422,1783481730350511390
3,31900533020,9987539470466,1783481730362850402
2,32168766362,9987539800772,1783481730363180740
1,32068133024,9987552936173,1783481730376316109
3,31933866353,9987571523027,1783481730394902995
2,32202099695,9987571832693,1783481730395212661
1,32101466357,9987584953597,1783481730408333565
3,31967199686,9987603556452,1783481730426936420
2,32235433028,9987603851909,1783481730427231877
1,32134799690,9987616988526,1783481730440368462
0,31997375013,9987623200016,1783481730446579984
3,32000533019,9987635604116,1783481730458984052
2,32268766361,9987635872598,1783481730459252534
1,32168133023,9987649012446,1783481730472392414
0,32030708346,9987655209952,1783481730478589888
3,32033866352,9987667644965,1783481730491024901
2,32302099694,9987667896806,1783481730491276742
1,32201466356,9987681047567,1783481730504427535
0,32064041679,9987687235153,1783481730510615089
3,32067199685,9987699684053,1783481730523064021
2,32335433027,9987708188868,1783481730531568804
1,32234799689,9987713079935,1783481730536459903
0,32097375012,9987719266785,1783481730542646753
3,32100533018,9987731734214,1783481730555114182
2,32368766360,9987731965767,1783481730555345735
1,32268133022,9987745112816,1783481730568492784
0,32130708345,9987751272178,1783481730574652114
3,32133866351,9987763766775,1783481730587146743
2,32402099693,9987772272870,1783481730595652838
1,32301466355,9987777139776,1783481730600519744
0,32164041678,9987783297538,1783481730606677506
3,32167199684,9987795816487,1783481730619196487
2,32435433026,9987796037193,1783481730619417129
1,32334799688,9987809186673,1783481730632566641
0,32197375011,9987815320627,1783481730638700595
3,32200533017,9987827857304,1783481730651237240
2,32468766359,9987836372679,1783481730659752615
1,32368133021,9987841216994,1783481730664596930
0,32230708344,9987847336259,1783481730670716195
3,32233866350,9987859901129,1783481730683281097
2,32502099692,9987860044201,1783481730683424169
1,32401466354,9987873246066,1783481730696626034
0,32264041677,9987879366804,1783481730702746772
3,32267199683,9987891945561,1783481730715325657
2,32535433025,9987900491048,1783481730723871016
1,32434799687,9987905286947,1783481730728666883
0,32297375010,9987911389733,1783481730734769669
1,32468133020,9987937310323,1783481730760690259
0,32330708343,9987943440853,1783481730766820821
2,32568766358,9987943614390,1783481730766994326
1,32501466353,9987969359044,1783481730792739012
0,32364041676,9987975432678,1783481730798812614
2,32602099691,9987975607431,1783481730798987399
3,32300533016,9987988081227,1783481730811461195
2,32635433024,9987996554010,1783481730819933946
1,32534799686,9988001377589,1783481730824757557
0,32397375009,9988007444342,1783481730830824278
3,32333866349,9988020112956,1783481730843492892
2,32668766357,9988028543466,1783481730851923434
1,32568133019,9988033413573,1783481730856793509
0,32430708342,9988039470055,1783481730862849991
3,32367199682,9988052154669,1783481730875534637
2,32702099690,9988052257773,1783481730875637741
1,32601466352,9988065457910,1783481730888837878
0,32464041675,9988071499127,1783481730894879095
3,32400533015,9988084240957,1783481730907620893
2,32735433023,9988092882093,1783481730916262029
1,32634799685,9988097518247,1783481730920898183
0,32497375008,9988103531624,1783481730926911560
3,32433866348,9988116268622,1783481730939648590
2,32768766356,9988124770237,1783481730948150205
1,32668133018,9988129522807,1783481730952902743
0,32530708341,9988135550584,1783481730958930552
3,32467199681,9988148293503,1783481730971673439
0,32564041674,9988167572137,1783481730990952137
3,32500533014,9988180349327,1783481731003729295
0,32597375007,9988199588633,1783481731022968601
3,32533866347,9988212380384,1783481731035760352
1,32701466351,9988225615721,1783481731048995689
0,32630708340,9988231622122,1783481731055002090
3,32567199680,9988244414801,1783481731067794769
0,32664041673,9988263629114,1783481731087009082
3,32600533013,9988276473121,1783481731099853089
