cam,seq,pts_ns,mono_ns,real_ns
1,0,587347852,4586944178840,1783476329767558840
1,2,631020516,4587079531201,1783476329902911201
1,3,663032188,4587087486319,1783476329910866255
1,4,695016092,4587089729788,1783476329913109788
1,6,759049836,4587112026876,1783476329935406876
1,7,795032028,4587282537742,1783476330105917710
2,0,1154423844,4587487422468,1783476330310802468
1,8,827012868,4587490038195,1783476330313418227
1,9,859132932,4587494700685,1783476330318080717
1,12,959029964,4587497776671,1783476330321156639
1,13,995019196,4587500722192,1783476330324102192
2,2,1158425380,4587501739126,1783476330325119094
2,3,1166414060,4587511315277,1783476330334695213
2,4,1198412708,4587543398436,1783476330366778436
1,19,1195013028,4587556276814,1783476330379656846
2,5,1234403420,4587579368179,1783476330402748179
1,20,1227033804,4587698621470,1783476330522001502
2,6,1262423932,4587699622212,1783476330523002212
1,21,1263015900,4587701688368,1783476330525068368
1,22,1295014868,4587704590432,1783476330527970432
1,25,1395014868,4587748054265,1783476330571434297
2,7,1298402508,4587908486961,1783476330731866897
1,26,1427032604,4587910277179,1783476330733657147
1,27,1463014132,4587930175021,1783476330753555021
1,28,1495030900,4587933907714,1783476330757287714
1,31,1595053612,4587948156916,1783476330771536916
1,32,1627043036,4587980095211,1783476330803475179
1,33,1663018356,4588012051362,1783476330835431394
2,8,1330443676,4588025753840,1783476330849133872
1,34,1695030676,4588047964496,1783476330871344560
3,0,1722655612,4588051636613,1783476330875016613
2,10,1398415124,4588061491165,1783476330884871165
3,2,1722663188,4588066609339,1783476330889989371
3,3,1734653932,4588079555557,1783476330902935557
1,35,1727033028,4588079952039,1783476330903332039
2,16,1598442932,4588086489421,1783476330909869453
1,36,1763015388,4588111974975,1783476330935354975
3,4,1770653516,4588115587475,1783476330938967507
2,19,1698425900,4588116514617,1783476330939894617
3,5,1806641804,4588147577835,1783476330970957835
1,37,1795038900,4588147941421,1783476330971321421
2,21,1766433932,4588161303545,1783476330984683577
1,38,1827033900,4588179931748,1783476331003311748
2,22,1798444060,4588193118063,1783476331016498095
1,39,1863035900,4588215961970,1783476331039341970
2,23,1830444868,4588229145085,1783476331052525117
1,40,1895031932,4588247931113,1783476331071311113
2,24,1866575836,4588260996084,1783476331084376084
1,41,1927032868,4588279945472,1783476331103325504
2,25,1898441932,4588292873194,1783476331116253226
1,42,1963017900,4588315951918,1783476331139331918
2,26,1930442676,4588320752745,1783476331144132777
3,6,1830654452,4588321950864,1783476331145330864
2,27,1966412740,4588323640890,1783476331147020922
1,43,1995037932,4588347934277,1783476331171314277
1,44,2031018868,4588383939955,1783476331207320019
2,28,1998428996,4588396922397,1783476331220302397
1,45,2063017964,4588415924074,1783476331239304106
2,29,2030479028,4588428809267,1783476331252189299
1,46,2095031932,4588447931169,1783476331271311201
2,30,2066413932,4588460885643,1783476331284265675
1,47,2131020996,4588483950319,1783476331307330383
2,31,2098427964,4588496894905,1783476331320274937
1,48,2163014996,4588515927750,1783476331339307750
2,32,2130471836,4588528839792,1783476331352219824
3,7,1866658740,4588529908854,1783476331353288886
2,33,2166399932,4588531722080,1783476331355102080
1,49,2195034996,4588547933885,1783476331371313917
1,50,2231021900,4588583937291,1783476331407317323
2,34,2198475964,4588596876885,1783476331420256949
3,8,1898655124,4588597919195,1783476331421299195
1,51,2263018996,4588615925026,1783476331439305026
3,11,1998655836,4588628972588,1783476331452352620
2,35,2230475804,4588629965490,1783476331453345490
0,0,2290061548,4588647025140,1783476331470405140
1,52,2295034836,4588647933081,1783476331471313081
3,18,2234643188,4588656878092,1783476331480258124
2,36,2266413060,4588657840977,1783476331481220977
0,2,2334030964,4588682960001,1783476331506340001
1,53,2331019996,4588683930471,1783476331507310503
3,20,2298660060,4588689377830,1783476331512757862
2,37,2298410900,4588690376172,1783476331513756204
0,3,2370046612,4588714985464,1783476331538365464
1,54,2363023900,4588715924094,1783476331539304126
3,21,2334656060,4588720573400,1783476331543953400
2,38,2330421900,4588721636350,1783476331545016350
2,39,2366426964,4588737596858,1783476331560976858
3,22,2366676124,4588738628320,1783476331562008352
0,4,2398046612,4588746973967,1783476331570353999
1,55,2395038868,4588747929077,1783476331571309109
0,5,2430116612,4588782973821,1783476331606353821
1,56,2431029932,4588783933699,1783476331607313699
3,23,2398660028,4588797052654,1783476331620432686
2,40,2398427900,4588798108564,1783476331621488564
1,57,2463019132,4588815990682,1783476331639370682
3,24,2434659740,4588829510983,1783476331652891015
2,41,2430439900,4588830561325,1783476331653941325
0,6,2466046932,4588831623187,1783476331655003219
3,25,2466660548,4588832756634,1783476331656136634
2,42,2466410996,4588833716895,1783476331657096895
1,58,2495034836,4588847932753,1783476331671312753
0,7,2498027836,4588861115836,1783476331684495836
2,43,2498397028,4588862144418,1783476331685524418
3,26,2502661156,4588863192296,1783476331686572328
1,59,2531029964,4588883925855,1783476331707305855
0,8,2530117188,4588897186154,1783476331720566155
2,44,2530440996,4588898214864,1783476331721594896
3,27,2534659996,4588899280150,1783476331722660150
1,60,2563020612,4588915961302,1783476331739341334
2,45,2566412220,4588929318626,1783476331752698658
0,9,2566046124,4588930371176,1783476331753751208
3,28,2566659964,4588931407278,1783476331754787310
1,61,2595037252,4588947930925,1783476331771310925
0,10,2598059804,4588961162296,1783476331784542296
2,46,2598412932,4588962201790,1783476331785581822
3,29,2602648028,4588963259268,1783476331786639300
1,62,2627037932,4588983925723,1783476331807305723
0,11,2630109900,4588997067238,1783476331820447238
2,47,2630438996,4588998101580,1783476331821481612
3,30,2634675932,4588999159602,1783476331822539634
1,63,2663020932,4589015923730,1783476331839303794
2,48,2666412612,4589029176285,1783476331852556285
0,12,2666046772,4589030232675,1783476331853612675
3,31,2666661028,4589031269225,1783476331854649257
1,64,2695036676,4589052056544,1783476331875436544
0,13,2698058900,4589065642382,1783476331889022382
2,49,2698413124,4589066677460,1783476331890057460
3,32,2702646708,4589067726874,1783476331891106874
1,65,2731023804,4589083927095,1783476331907307159
0,14,2730106804,4589097116898,1783476331920496930
2,50,2730435092,4589098163080,1783476331921543080
3,33,2734678900,4589099219726,1783476331922599758
1,66,2763021868,4589115957422,1783476331939337486
0,15,2766045836,4589129114969,1783476331952495001
2,51,2766413060,4589130169951,1783476331953549951
3,34,2766660804,4589131227941,1783476331954607941
1,67,2795037836,4589151931292,1783476331975311292
2,52,2798412836,4589165499625,1783476331988879625
3,35,2802646676,4589166526671,1783476331989906671
0,16,2798058740,4589167580277,1783476331990960277
1,68,2827038900,4589183932371,1783476332007312435
0,17,2830118772,4589197329919,1783476332020709919
2,53,2830443028,4589198375013,1783476332021755013
3,36,2834660804,4589199440555,1783476332022820555
1,69,2863029932,4589215941929,1783476332039321961
0,18,2866048900,4589229009396,1783476332052389428
2,54,2866414028,4589230045242,1783476332053425242
3,37,2866676772,4589231105984,1783476332054485984
1,70,2895036964,4589251931095,1783476332075311095
0,19,2898059868,4589265023074,1783476332088403106
3,38,2902663932,4589266085960,1783476332089465960
2,55,2898428996,4589267134862,1783476332090514862
1,71,2931023996,4589283936142,1783476332107316238
0,20,2934048804,4589296967832,1783476332120347832
2,56,2930433996,4589298004766,1783476332121384766
3,39,2934662900,4589299055076,1783476332122435108
1,72,2963022932,4589315949348,1783476332139329412
0,21,2966040804,4589329324561,1783476332152704593
3,40,2966656060,4589330365271,1783476332153745271
2,57,2966408124,4589331423453,1783476332154803453
1,73,2995038868,4589351926514,1783476332175306514
0,22,3002108580,4589365302078,1783476332188682078
3,41,3002648964,4589366336964,1783476332189716964
2,58,2998429996,4589367414666,1783476332190794666
1,74,3031024804,4589384076041,1783476332207456041
0,23,3034050900,4589397901656,1783476332221281688
2,59,3030419028,4589398924158,1783476332222304190
3,42,3034661772,4589399995620,1783476332223375620
1,75,3063023644,4589415972831,1783476332239352863
0,24,3066060580,4589429628493,1783476332253008493
2,60,3066414060,4589430662739,1783476332254042739
3,43,3066677580,4589431727321,1783476332255107353
1,76,3095030900,4589451946477,1783476332275326477
2,61,3098447836,4589465294681,1783476332288674713
0,25,3098066868,4589466326559,1783476332289706559
3,44,3098678644,4589467394469,1783476332290774469
1,77,3131023028,4589483937411,1783476332307317443
0,26,3134036868,4589497310384,1783476332320690416
3,45,3134657836,4589498358678,1783476332321738678
2,62,3130433188,4589499405628,1783476332322785660
1,78,3163023900,4589519978577,1783476332343358577
0,27,3166060772,4589533963201,1783476332357343201
3,46,3166662772,4589534992199,1783476332358372231
2,63,3166414836,4589536108013,1783476332359488013
1,79,3195042836,4589551956040,1783476332375336072
0,28,3198062028,4589565648214,1783476332389028214
3,47,3202648772,4589566703580,1783476332390083580
2,64,3198416124,4589567752002,1783476332391132002
1,80,3231024932,4589583938270,1783476332407318270
0,29,3234051740,4589597201482,1783476332420581514
3,48,3234664028,4589598252848,1783476332421632848
2,65,3230438964,4589599306838,1783476332422686870
1,81,3263024964,4589619922572,1783476332443302572
0,30,3266062804,4589633376537,1783476332456756569
2,66,3266414028,4589634428639,1783476332457808639
3,49,3266678740,4589635489445,1783476332458869445
1,82,3295040060,4589651934467,1783476332475314467
0,31,3298061964,4589665356143,1783476332488736143
2,67,3298415092,4589666402261,1783476332489782293
3,50,3302647708,4589667453179,1783476332490833179
1,83,3331025900,4589683952409,1783476332507332441
0,32,3334050932,4589697302918,1783476332520682950
3,51,3334648868,4589698355724,1783476332521735724
2,68,3330423868,4589699403922,1783476332522783922
1,84,3363024964,4589719930407,1783476332543310407
0,33,3366062996,4589733185554,1783476332556565586
3,52,3366679060,4589734231832,1783476332557611832
2,69,3366415708,4589735307199,1783476332558687199
1,85,3395040964,4589751937406,1783476332575317502
0,34,3398063868,4589765381226,1783476332588761258
2,70,3398416028,4589766432976,1783476332589812976
3,53,3402647964,4589767486742,1783476332590866742
1,86,3431026868,4589783937396,1783476332607317396
0,35,3434050900,4589797211904,1783476332620591936
2,71,3430424060,4589798259654,1783476332621639654
3,54,3434650964,4589799306732,1783476332622686732
1,87,3463024868,4589819957378,1783476332643337378
0,36,3466063868,4589833514927,1783476332656894927
2,72,3466415932,4589834576117,1783476332657956149
3,55,3466678836,4589835626523,1783476332659006523
1,88,3495040932,4589851944120,1783476332675324120
0,37,3498066932,4589865388901,1783476332688768901
2,73,3498432868,4589866437515,1783476332689817515
3,56,3502649964,4589867503697,1783476332690883729
1,89,3527039996,4589883944463,1783476332707324495
0,38,3534049836,4589897370908,1783476332720750908
2,74,3530421964,4589898432290,1783476332721812290
3,57,3534648996,4589899474600,1783476332722854632
1,90,3563024996,4589919956221,1783476332743336253
0,39,3566064772,4589933567018,1783476332756947018
2,75,3566415900,4589934627633,1783476332758007633
3,58,3566679932,4589935657142,1783476332759037174
1,91,3595044028,4589951940723,1783476332775320755
0,40,3598067900,4589965392800,1783476332788772800
3,59,3602649868,4589966448198,1783476332789828198
2,76,3598417028,4589967489260,1783476332790869260
1,92,3631026900,4589983948298,1783476332807328330
0,41,3634054868,4589997380695,1783476332820760727
2,77,3630446092,4589998430333,1783476332821810333
3,60,3634651996,4589999473251,1783476332822853251
1,93,3663026836,4590019936248,1783476332843316280
0,42,3666065740,4590033365956,1783476332856745956
2,78,3666431996,4590034427626,1783476332857807658
3,61,3666679932,4590035472048,1783476332858852048
1,94,3695040836,4590051934446,1783476332875314446
0,43,3698065804,4590065321563,1783476332888701595
2,79,3698450092,4590066372257,1783476332889752257
3,62,3698680932,4590067430343,1783476332890810375
1,95,3727041060,4590087943484,1783476332911323484
0,44,3734053964,4590101447113,1783476332924827145
2,80,3730429964,4590102507951,1783476332925887983
3,63,3734652028,4590103553013,1783476332926933013
1,96,3763026900,4590119935827,1783476332943315859
3,64,3766664868,4590133486880,1783476332956866944
2,81,3766432156,4590134551206,1783476332957931206
0,45,3766063092,4590135742861,1783476332959122893
1,97,3795042804,4590151967081,1783476332975347081
0,46,3798066932,4590166053178,1783476332989433210
2,82,3798432836,4590167000191,1783476332990380191
3,65,3798697188,4590168061349,1783476332991441349
1,98,3831029356,4590187998359,1783476333011378359
2,83,3830422348,4590202164008,1783476333025544008
3,66,3834650612,4590203136365,1783476333026516397
0,47,3834051484,4590204177043,1783476333027557075
1,99,3863028900,4590219954669,1783476333043334733
0,48,3866064900,4590233824092,1783476333057204092
2,84,3866419092,4590235133252,1783476333058513252
3,67,3866651284,4590235820232,1783476333059200200
1,100,3895045452,4590251957764,1783476333075337764
0,49,3902051900,4590265628241,1783476333089008273
2,85,3898451092,4590266679863,1783476333090059863
3,68,3898696996,4590267679741,1783476333091059773
1,101,3927042804,4590287936337,1783476333111316337
0,50,3934053124,4590301706015,1783476333125086047
2,86,3930428676,4590302761381,1783476333126141381
3,69,3934652124,4590303793547,1783476333127173579
1,102,3963028612,4590319976071,1783476333143356071
0,51,3966066836,4590333894966,1783476333157274998
2,87,3966431932,4590335038973,1783476333158418973
3,70,3966665996,4590335995106,1783476333159375106
1,103,3995046516,4590351955997,1783476333175335997
0,52,3998066548,4590365789068,1783476333189169068
3,71,3998698996,4590366790962,1783476333190170962
2,88,3998448899,4590367941689,1783476333191321721
1,104,4031033580,4590387964907,1783476333211344971
0,53,4034054028,4590401928986,1783476333225309018
3,72,4034652708,4590403045761,1783476333226425761
2,89,4030431060,4590403965094,1783476333227345094
1,105,4063030356,4590419939681,1783476333243319681
2,90,4066417964,4590433952177,1783476333257332177
0,54,4066065028,4590434919478,1783476333258299510
3,73,4066652156,4590435899452,1783476333259279388
1,106,4095040132,4590455954094,1783476333279334126
0,55,4102055964,4590469799037,1783476333293179037
2,91,4098437996,4590470852483,1783476333294232547
3,74,4098701996,4590471858793,1783476333295238793
1,107,4127047484,4590487951652,1783476333311331652
2,92,4130437804,4590501804179,1783476333325184179
0,56,4134053900,4590502760569,1783476333326140569
3,75,4134666188,4590503822943,1783476333327202943
1,108,4163029580,4590519968539,1783476333343348635
2,93,4166433676,4590533968843,1783476333357348843
0,57,4166066028,4590534982288,1783476333358362288
3,76,4166665964,4590536069367,1783476333359449367
1,109,4195062612,4590551974001,1783476333375354001
0,58,4198111932,4590565947713,1783476333389327713
2,94,4198453964,4590566985063,1783476333390365095
3,77,4198702964,4590568047469,1783476333391427469
1,110,4231035644,4590587950558,1783476333411330654
0,59,4234085060,4590601830253,1783476333425210253
2,95,4230438028,4590602837395,1783476333426217395
3,78,4234667060,4590603973530,1783476333427353562
1,111,4263028708,4590619953813,1783476333443333813
0,60,4266065836,4590633888388,1783476333457268420
2,96,4262437028,4590634909226,1783476333458289226
3,79,4266679996,4590636025040,1783476333459405072
1,112,4295043644,4590655946050,1783476333479326050
2,97,4298433900,4590670024850,1783476333493404850
0,61,4298065804,4590671064760,1783476333494444792
3,80,4298698964,4590672143550,1783476333495523550
1,113,4331058612,4590687961176,1783476333511341208
0,62,4334073220,4590701860328,1783476333525240360
2,98,4330454996,4590702893517,1783476333526273517
3,81,4330709964,4590703923091,1783476333527303123
1,114,4363031740,4590719954191,1783476333543334223
3,82,4366652676,4590733966910,1783476333557346942
0,63,4366065996,4590734995972,1783476333558376004
2,99,4362437156,4590736068586,1783476333559448618
1,115,4395049260,4590756041788,1783476333579421788
0,64,4398066900,4590770641744,1783476333594021776
2,100,4398451932,4590771660469,1783476333595040469
3,83,4398699932,4590772738331,1783476333596118331
1,116,4431038516,4590787990546,1783476333611370546
0,65,4434103900,4590802463557,1783476333625843589
2,101,4430436028,4590803495723,1783476333626875755
3,84,4434668612,4590804557201,1783476333627937201
1,117,4463051868,4590819953289,1783476333643333289
0,66,4466066964,4590833735575,1783476333657115575
2,102,4462438612,4590834785181,1783476333658165213
3,85,4466652612,4590835829283,1783476333659209315
1,118,4495044932,4590855939830,1783476333679319830
2,103,4498451772,4590869816869,1783476333693196869
0,67,4498066932,4590870875723,1783476333694255723
3,86,4498699708,4590871911793,1783476333695291793
1,119,4531039932,4590887968268,1783476333711348300
0,68,4534058420,4590901816763,1783476333725196763
2,104,4530453868,4590902848321,1783476333726228321
3,87,4534666836,4590903899431,1783476333727279463
1,120,4563046548,4590919980611,1783476333743360643
2,105,4566418676,4590934159731,1783476333757539731
0,69,4566065868,4590935195833,1783476333758575865
3,88,4566653548,4590936236575,1783476333759616575
1,121,4595047708,4590955966928,1783476333779346960
0,70,4598127804,4590970162241,1783476333793542305
2,106,4598447900,4590971213319,1783476333794593351
3,89,4598707644,4590972262701,1783476333795642701
1,122,4631067868,4590987942918,1783476333811322918
0,71,4634095836,4591001682612,1783476333825062612
2,107,4630423964,4591002734586,1783476333826114586
3,90,4634658932,4591003790240,1783476333827170240
1,123,4663044836,4591023960371,1783476333847340403
0,72,4666067836,4591038042691,1783476333861422723
2,108,4662437868,4591039083241,1783476333862463241
3,91,4666653964,4591040161519,1783476333863541519
1,124,4695052836,4591055961610,1783476333879341610
0,73,4698068772,4591069820216,1783476333893200216
2,109,4698436900,4591070876319,1783476333894256319
3,92,4698700836,4591071925220,1783476333895305252
1,125,4731034932,4591087948096,1783476333911328096
0,74,4734057868,4591101681614,1783476333925061614
2,110,4730438740,4591102739956,1783476333926119988
3,93,4734655028,4591103800410,1783476333927180410
1,126,4763046964,4591123945229,1783476333947325261
0,75,4766066772,4591137781500,1783476333961161500
3,94,4766666868,4591138826530,1783476333962206530
2,111,4766421028,4591139888040,1783476333963268040
1,127,4795049964,4591155957891,1783476333979337891
0,76,4802055804,4591169873651,1783476333993253683
2,112,4798436996,4591170923705,1783476333994303737
3,95,4798700836,4591171983071,1783476333995363103
1,128,4831047932,4591187951034,1783476334011331066
0,77,4834113772,4591201741128,1783476334025121128
2,113,4830460060,4591202787406,1783476334026167406
3,96,4834669060,4591203847956,1783476334027227988
1,129,4863051028,4591223934310,1783476334047314342
0,78,4866070804,4591237715669,1783476334061095701
3,97,4866670060,4591238753851,1783476334062133883
2,114,4862442836,4591239808929,1783476334063188929
1,130,4899046868,4591255943900,1783476334079323900
0,79,4898067676,4591269619402,1783476334092999402
2,115,4898437028,4591270676208,1783476334094056208
3,98,4898702060,4591271726742,1783476334095106742
1,131,4931029964,4591287951059,1783476334111331059
0,80,4934035868,4591301579392,1783476334124959424
2,116,4930453964,4591302614182,1783476334125994182
3,99,4930679252,4591303658348,1783476334127038348
1,132,4963045932,4591323945567,1783476334147325599
0,81,4966065804,4591337692781,1783476334161072781
2,117,4962420996,4591338753204,1783476334162133204
3,100,4966666900,4591339791321,1783476334163171321
1,133,4999031836,4591355948149,1783476334179328149
0,82,4998054772,4591369720132,1783476334193100132
3,101,4998686740,4591370769930,1783476334194149930
2,118,4998438900,4591371840336,1783476334195220400
1,134,5031032900,4591391961058,1783476334215341154
0,83,5034042996,4591405859089,1783476334229239121
2,119,5030456028,4591406907863,1783476334230287863
3,102,5034652124,4591407943709,1783476334231323709
1,135,5063050900,4591423942712,1783476334247322712
2,120,5062422804,4591437780455,1783476334261160487
0,84,5066068772,4591438827373,1783476334262207405
3,103,5066667644,4591439874259,1783476334263254259
1,136,5099031900,4591455938478,1783476334279318510
0,85,5098070932,4591469687964,1783476334293067996
2,121,5098421932,4591470746690,1783476334294126722
3,104,5098687028,4591471800936,1783476334295180936
1,137,5131066060,4591491948859,1783476334315328955
0,86,5134061580,4591505778826,1783476334329158858
3,105,5130707028,4591506839408,1783476334330219440
2,122,5130454836,4591507902198,1783476334331282198
1,138,5163050092,4591523943377,1783476334347323409
0,87,5166068964,4591537696191,1783476334361076191
2,123,5162425060,4591538738629,1783476334362118661
3,106,5166670060,4591539794411,1783476334363174443
1,139,5199030804,4591555980679,1783476334379360743
0,88,5198069836,4591570060119,1783476334393440119
2,124,5198439028,4591571095933,1783476334394475965
3,107,5198687964,4591572169763,1783476334395549763
1,140,5231046708,4591587966525,1783476334411346589
0,89,5234111932,4591601783660,1783476334425163660
3,108,5234662060,4591602812818,1783476334426192818
2,125,5230440028,4591603871384,1783476334427251416
1,141,5263047060,4591623941290,1783476334447321322
0,90,5266068932,4591637848441,1783476334461228473
3,109,5266669964,4591638864127,1783476334462244159
2,126,5266422900,4591639947973,1783476334463328005
1,142,5299032996,4591655946688,1783476334479326720
0,91,5298069900,4591669812943,1783476334493192943
2,127,5298455028,4591670857141,1783476334494237141
3,110,5298688996,4591671921467,1783476334495301467
1,143,5331047580,4591691950989,1783476334515331117
0,92,5334058804,4591705714331,1783476334529094363
2,128,5330455092,4591706765185,1783476334530145217
3,111,5330685868,4591707821607,1783476334531201639
1,144,5363050900,4591723948387,1783476334547328387
0,93,5366068804,4591737693617,1783476334561073617
2,129,5366406868,4591738755959,1783476334562135959
3,112,5366669996,4591739801629,1783476334563181661
1,145,5399033900,4591755952345,1783476334579332441
0,94,5398071612,4591769889704,1783476334593269704
2,130,5398455092,4591770938766,1783476334594318766
3,113,5398687900,4591771993716,1783476334595373716
1,146,5431046900,4591791957446,1783476334615337510
0,95,5434098644,4591806112758,1783476334629492758
2,131,5430471612,4591807118588,1783476334630498588
3,114,5430702676,4591808231458,1783476334631611458
1,147,5467048420,4591823963388,1783476334647343388
0,96,5466070932,4591837833099,1783476334661213099
2,132,5466408092,4591838915313,1783476334662295313
3,115,5466669932,4591839940119,1783476334663320151
1,148,5499033708,4591855960690,1783476334679340690
0,97,5498071836,4591869943937,1783476334693324001
2,133,5498472868,4591870978503,1783476334694358503
3,116,5498688060,4591872086221,1783476334695466221
1,149,5531050708,4591891953246,1783476334715333406
0,98,5534110644,4591906085391,1783476334729465391
2,134,5530440772,4591907107925,1783476334730487957
3,117,5530690060,4591908200859,1783476334731580923
1,150,5567044868,4591923981973,1783476334747361973
2,135,5566415868,4591938376839,1783476334761756871
3,118,5566669932,4591939412716,1783476334762792716
0,99,5566063772,4591940520147,1783476334763900179
1,151,5599051740,4591959951297,1783476334783331297
0,100,5598076868,4591973983441,1783476334797363473
2,136,5598473028,4591975088215,1783476334798468215
3,119,5598690644,4591976108221,1783476334799488221
1,152,5631054900,4591991950071,1783476334815330103
2,137,5630441740,4592005849542,1783476334829229574
0,101,5634081996,4592006872812,1783476334830252844
3,120,5630689804,4592007937426,1783476334831317458
1,153,5667033932,4592023947341,1783476334847327373
2,138,5666408836,4592037828700,1783476334861208732
0,102,5666072060,4592038874210,1783476334862254210
3,121,5666657900,4592039924392,1783476334863304392
1,154,5699049964,4592059950554,1783476334883330554
0,103,5698072900,4592073840905,1783476334897220905
3,122,5698703900,4592074898831,1783476334898278831
2,139,5698472092,4592075965269,1783476334899345269
1,155,5731054420,4592091979120,1783476334915359120
0,104,5734106836,4592106294274,1783476334929674306
2,140,5730454932,4592107328104,1783476334930708136
3,123,5734690868,4592108393006,1783476334931773006
1,156,5767056740,4592123975334,1783476334947355366
0,105,5766072868,4592138032918,1783476334961412950
2,141,5766409932,4592139084316,1783476334962464348
3,124,5766657900,4592140173250,1783476334963553282
1,157,5799049868,4592155957468,1783476334979337468
0,106,5798072932,4592169972204,1783476334993352204
3,125,5798705804,4592171009362,1783476334994389362
2,142,5798472900,4592172127480,1783476334995507480
1,158,5831050260,4592191982153,1783476335015362153
2,143,5834460836,4592206283130,1783476335029663130
3,126,5834707772,4592207306272,1783476335030686304
0,107,5834108804,4592208365478,1783476335031745510
1,159,5867058676,4592223948255,1783476335047328255
2,144,5866430772,4592237717965,1783476335061097965
0,108,5866101996,4592238757395,1783476335062137395
3,127,5866662740,4592239798649,1783476335063178649
1,160,5899048964,4592259947915,1783476335083327915
0,109,5902070060,4592273641465,1783476335097021497
3,128,5898726060,4592274686495,1783476335098066527
2,145,5898473996,4592275760005,1783476335099140005
1,161,5931054932,4592291931873,1783476335115311905
0,110,5934098676,4592305635438,1783476335129015470
2,146,5934425964,4592306703924,1783476335130083924
3,129,5934689964,4592307727898,1783476335131107898
1,162,5967034676,4592323966806,1783476335147346806
0,111,5966075740,4592337779877,1783476335161159877
2,147,5966441836,4592338824235,1783476335162204235
3,130,5966686060,4592339923537,1783476335163303537
1,163,5999048900,4592355952748,1783476335179332748
0,112,6002070772,4592369953660,1783476335193333660
2,148,5998475092,4592370996194,1783476335194376194
3,131,5998704964,4592372089416,1783476335195469416
1,164,6035052932,4592391954969,1783476335215335001
0,113,6034106804,4592405785383,1783476335229165383
2,149,6034447092,4592406829613,1783476335230209645
3,132,6034708060,4592407887603,1783476335231267635
1,165,6067036996,4592423956558,1783476335247336590
2,150,6066457900,4592437963102,1783476335261343102
0,114,6066076028,4592439012964,1783476335262392964
3,133,6066674804,4592440082762,1783476335263462762
1,166,6099069900,4592459989819,1783476335283369819
0,115,6098130708,4592474346188,1783476335297726188
2,151,6098497028,4592475374770,1783476335298754770
3,134,6098714708,4592476431352,1783476335299811384
1,167,6135051028,4592491979121,1783476335315359121
0,116,6134115836,4592506040320,1783476335329420352
2,152,6134430028,4592507095974,1783476335330476038
3,135,6134708804,4592508169516,1783476335331549516
1,168,6167039932,4592523961638,1783476335347341702
0,117,6166076612,4592537752532,1783476335361132564
2,153,6166461964,4592538806234,1783476335362186266
3,136,6166676028,4592539839712,1783476335363219744
1,169,6199050900,4592559949266,1783476335383329266
0,118,6202071964,4592573826785,1783476335397206817
2,154,6198459516,4592575126953,1783476335398506953
3,137,6198708996,4592575967789,1783476335399347821
1,170,6235040132,4592591993032,1783476335415373064
0,119,6234117932,4592606312826,1783476335429692858
2,155,6234598708,4592607277215,1783476335430657247
3,138,6234683964,4592608325253,1783476335431705253
1,171,6267062676,4592623989278,1783476335447369310
2,156,6266486836,4592638205039,1783476335461585039
0,120,6266113964,4592639245237,1783476335462625237
3,139,6266718420,4592640298939,1783476335463678939
1,172,6299083356,4592659999371,1783476335483379371
0,121,6302089932,4592674118587,1783476335497498587
2,157,6298455964,4592675153057,1783476335498533057
3,140,6302713964,4592676208615,1783476335499588615
1,173,6335045356,4592691989984,1783476335515370016
0,122,6334102156,4592705962160,1783476335529342160
2,158,6334431900,4592706986613,1783476335530366645
3,141,6334677964,4592708079708,1783476335531459708
1,174,6367050164,4592727993197,1783476335551373229
2,159,6366474900,4592742347070,1783476335565727102
0,123,6366078996,4592743372516,1783476335566752548
3,142,6366694836,4592744426442,1783476335567806474
1,175,6399056708,4592759994914,1783476335583374946
2,160,6402459836,4592774260307,1783476335597640307
0,124,6402078028,4592775280761,1783476335598660761
3,143,6402706772,4592776346879,1783476335599726911
1,176,6435064804,4592792020184,1783476335615400216
0,125,6434117092,4592806149352,1783476335629529352
2,161,6434451932,4592807164718,1783476335630544718
3,144,6434679868,4592808207092,1783476335631587092
1,177,6467053484,4592823998478,1783476335647378478
2,162,6466475028,4592837958813,1783476335661338813
0,126,6466078644,4592838988259,1783476335662368259
3,145,6466706868,4592840086441,1783476335663466441
1,178,6499053708,4592859973978,1783476335683354010
0,127,6502073772,4592874016458,1783476335697396490
2,163,6502460996,4592875086224,1783476335698466224
3,146,6498711804,4592876142870,1783476335699522902
1,179,6535038548,4592892053904,1783476335715433936
0,128,6534115868,4592906097440,1783476335729477472
2,164,6534476612,4592907122854,1783476335730502854
3,147,6534695188,4592908180172,1783476335731560172
1,180,6567052228,4592927966588,1783476335751346620
0,129,6566076868,4592941909003,1783476335765289003
2,165,6566475868,4592942940945,1783476335766320945
3,148,6566707772,4592943989943,1783476335767369943
1,181,6603052356,4592959983250,1783476335783363282
0,130,6602076868,4592974045570,1783476335797425602
3,149,6602707900,4592975081352,1783476335798461384
2,166,6602442996,4592976184878,1783476335799564910
1,182,6635041452,4592991987912,1783476335815367912
3,150,6634664836,4593005947863,1783476335829327863
2,167,6634464996,4593006982269,1783476335830362269
0,131,6634112900,4593008066403,1783476335831446403
1,183,6667053292,4593027990772,1783476335851370772
0,132,6666082092,4593042070404,1783476335865450436
2,168,6666475964,4593043090986,1783476335866470986
3,151,6666708932,4593044184016,1783476335867564048
1,184,6703051844,4593059986218,1783476335883366250
2,169,6702429836,4593073985049,1783476335897365081
0,133,6702076900,4593075007167,1783476335898387199
3,152,6702708900,4593076107461,1783476335899487461
1,185,6735041516,4593091987616,1783476335915367616
2,170,6734464740,4593105979151,1783476335929359183
0,134,6734116996,4593106993749,1783476335930373781
3,153,6734680028,4593108089179,1783476335931469179
1,186,6767053804,4593127960108,1783476335951340140
2,171,6766463964,4593141839931,1783476335965219963
3,154,6766711932,4593142871552,1783476335966251552
0,135,6770075868,4593143936775,1783476335967316807
1,187,6803038228,4593159959137,1783476335983339137
0,136,6802076676,4593174050162,1783476335997430194
2,172,6802430028,4593175090551,1783476335998470583
3,155,6802676836,4593176132285,1783476335999512285
1,188,6835056516,4593191996375,1783476336015376375
0,137,6834089932,4593206006791,1783476336029386855
2,173,6834465996,4593207102605,1783476336030482637
3,156,6834693964,4593208129619,1783476336031509651
1,189,6867059420,4593227972227,1783476336051352227
0,138,6870077708,4593241790994,1783476336065171026
2,174,6866449964,4593242808055,1783476336066188087
3,157,6866715060,4593243856605,1783476336067236605
1,190,6903036516,4593259983737,1783476336083363769
0,139,6902063996,4593273530437,1783476336096910437
3,158,6902675932,4593274560555,1783476336097940587
2,175,6902428932,4593275604017,1783476336098984049
1,191,6935053484,4593295974245,1783476336119354245
3,159,6934711740,4593309482417,1783476336132862449
2,176,6934511060,4593310528439,1783476336133908439
0,140,6934077964,4593311571069,1783476336134951101
1,192,6967057708,4593327996506,1783476336151376538
0,141,6970059836,4593341978889,1783476336165358921
2,177,6970456964,4593343023855,1783476336166403887
3,160,6966715028,4593344091509,1783476336167471541
1,193,7003040316,4593359950959,1783476336183330895
0,142,7002088996,4593373017273,1783476336196397273
2,178,7002446092,4593374041535,1783476336197421535
3,161,7002677708,4593375094341,1783476336198474341
1,194,7035049708,4593391994373,1783476336215374373
0,143,7034069028,4593405946740,1783476336229326772
3,162,7034707092,4593406975962,1783476336230355962
2,179,7034473836,4593408062336,1783476336231442336
1,195,7067055580,4593427964721,1783476336251344753
3,163,7066712932,4593441878400,1783476336265258400
2,180,7070462964,4593442917958,1783476336266297990
0,144,7070075996,4593443968235,1783476336267348267
1,196,7103039420,4593459965030,1783476336283345030
0,145,7102075900,4593473992054,1783476336297372086
3,164,7102677900,4593475016059,1783476336298396059
2,181,7102445836,4593476117250,1783476336299497282
1,197,7135055772,4593495962770,1783476336319342802
0,146,7134111060,4593509897825,1783476336333277825
2,182,7134482028,4593510928743,1783476336334308775
3,165,7134713060,4593511984109,1783476336335364141
1,198,7171054164,4593527959880,1783476336351339880
2,183,7170445932,4593541841174,1783476336365221174
0,147,7170078804,4593542865724,1783476336366245724
3,166,7170709964,4593543918466,1783476336367298498
1,199,7203039388,4593559967805,1783476336383347805
0,148,7202077868,4593574009933,1783476336397389965
2,184,7202463028,4593575106003,1783476336398486035
3,167,7202663804,4593576114360,1783476336399494392
1,200,7235061676,4593595974889,1783476336419354889
0,149,7234129772,4593610453403,1783476336433833403
2,185,7234487964,4593611483969,1783476336434864001
3,168,7234716900,4593612542215,1783476336435922247
1,201,7271055452,4593628028703,1783476336451408703
0,150,7270151900,4593642096494,1783476336465476494
3,169,7270716932,4593643107028,1783476336466487028
2,186,7270437900,4593644181018,1783476336467561050
1,202,7303043548,4593659989684,1783476336483369684
0,151,7302081708,4593673953603,1783476336497333603
2,187,7302467060,4593674996553,1783476336498376553
3,170,7302666740,4593676074223,1783476336499454223
1,203,7335056420,4593695977280,1783476336519357280
0,152,7338079220,4593709642957,1783476336533022957
2,188,7334468156,4593710652467,1783476336534032435
3,171,7334716060,4593711721913,1783476336535101881
1,204,7371041548,4593727976373,1783476336551356373
0,153,7370065996,4593741806948,1783476336565186980
2,189,7370441996,4593742835945,1783476336566215977
3,172,7370680060,4593743904464,1783476336567284496
1,205,7403042836,4593759980619,1783476336583360619
0,154,7402085868,4593773853273,1783476336597233273
2,190,7402465996,4593774898975,1783476336598278975
3,173,7402666868,4593775950501,1783476336599330533
1,206,7435060836,4593795973271,1783476336619353303
3,174,7434718772,4593810191911,1783476336633571911
2,191,7434471028,4593811179277,1783476336634559277
0,155,7438091996,4593812243571,1783476336635623571
1,207,7471052676,4593827993612,1783476336651373644
0,156,7470087932,4593842065020,1783476336665445020
2,192,7470432548,4593843172962,1783476336666552994
3,175,7470680836,4593844219176,1783476336667599176
1,208,7503058900,4593863976536,1783476336687356568
0,157,7502094996,4593877973383,1783476336701353415
2,193,7502484028,4593878995597,1783476336702375597
3,176,7502714996,4593880063891,1783476336703443923
1,209,7535065772,4593895969101,1783476336719349133
0,158,7538089644,4593910064765,1783476336733444765
3,177,7534721836,4593911097411,1783476336734477411
2,194,7538466996,4593912176905,1783476336735556937
1,210,7571049092,4593927975011,1783476336751355043
0,159,7570121028,4593941823633,1783476336765203633
2,195,7570455964,4593942849783,1783476336766229815
3,178,7570702868,4593943918973,1783476336767298973
1,211,7603059156,4593959993400,1783476336783373400
0,160,7602083028,4593973960583,1783476336797340615
3,179,7602712996,4593974980621,1783476336798360653
2,196,7602480867,4593976086772,1783476336799466772
1,212,7635063804,4593995979076,1783476336819359076
0,161,7638090772,4594009942259,1783476336833322259
3,180,7634723580,4594010965561,1783476336834345561
2,197,7638466996,4594012077216,1783476336835457248
1,213,7671046260,4594028050202,1783476336851430234
2,198,7670455868,4594042226698,1783476336865606698
0,162,7670123060,4594043246128,1783476336866626128
3,181,7670684676,4594044317078,1783476336867697078
1,214,7703071908,4594064142663,1783476336887522663
3,182,7702703740,4594078583256,1783476336901963288
2,199,7702482092,4594079912448,1783476336903292480
0,163,7702085868,4594080671460,1783476336904051492
1,215,7739059844,4594096043131,1783476336919423131
2,200,7738454388,4594110338284,1783476336933718316
0,164,7738121028,4594111359506,1783476336934739538
3,183,7738717644,4594112414904,1783476336935794936
1,216,7771043804,4594127987697,1783476336951367697
2,201,7770453964,4594142125665,1783476336965505665
0,165,7770096516,4594143159046,1783476336966539046
3,184,7770668676,4594144231917,1783476336967611917
1,217,7803058708,4594163991421,1783476336987371421
0,166,7802084836,4594178054284,1783476337001434284
2,202,7802482900,4594179069234,1783476337002449234
3,185,7802713868,4594180195000,1783476337003575000
1,218,7839056708,4594196034354,1783476337019414354
2,203,7838435420,4594210307427,1783476337033687459
0,167,7838106676,4594211322473,1783476337034702473
3,186,7838714612,4594212374670,1783476337035754702
1,219,7871054516,4594228031719,1783476337051411719
2,204,7870469900,4594242398552,1783476337065778584
3,187,7870686708,4594243411646,1783476337066791646
0,168,7870090188,4594244456068,1783476337067836100
1,220,7903060516,4594263986066,1783476337087366098
0,169,7906095932,4594278072930,1783476337101452930
2,205,7902477028,4594279092424,1783476337102472456
3,188,7902730740,4594280167822,1783476337103547854
1,221,7939045804,4594295993416,1783476337119373416
2,206,7938437028,4594310199704,1783476337133579704
0,170,7938085932,4594311211902,1783476337134591902
3,189,7938682900,4594312263012,1783476337135643012
1,222,7971043548,4594331997075,1783476337155377075
0,171,7970123772,4594345960674,1783476337169340674
2,207,7970467900,4594346992296,1783476337170372296
3,190,7970668868,4594348094254,1783476337171474286
1,223,8003062740,4594363976872,1783476337187356840
0,172,8006088868,4594377541877,1783476337200921909
3,191,8002721964,4594378582107,1783476337201962107
2,208,8002454836,4594379658433,1783476337203038433
1,224,8039044740,4594395974013,1783476337219354045
0,173,8038117028,4594409856876,1783476337233236908
2,209,8038440772,4594410887026,1783476337234267026
3,192,8038685708,4594411949368,1783476337235329400
1,225,8071062004,4594427967314,1783476337251347346
0,174,8070129836,4594441896033,1783476337265276065
2,210,8070486900,4594442900519,1783476337266280551
3,193,8070717644,4594443980237,1783476337267360269
1,226,8103057228,4594464029054,1783476337287409086
2,211,8106467964,4594478045646,1783476337301425646
0,175,8106091868,4594479093780,1783476337302473812
3,194,8102719964,4594480157530,1783476337303537530
1,227,8139047772,4594495965587,1783476337319345587
0,176,8138110932,4594509810721,1783476337333190721
2,212,8138440996,4594510829223,1783476337334209255
3,195,8138686900,4594511899437,1783476337335279437
1,228,8171064580,4594527966952,1783476337351346952
0,177,8170110772,4594541821238,1783476337365201270
2,213,8170487964,4594542845532,1783476337366225532
3,196,8170718932,4594543922018,1783476337367302050
1,229,8203075836,4594563993748,1783476337387373780
0,178,8206095836,4594577979363,1783476337401359363
3,197,8202718836,4594579008969,1783476337402389001
2,214,8206470964,4594580120143,1783476337403500175
1,230,8239046644,4594595975433,1783476337419355433
0,179,8238099772,4594609865975,1783476337433245975
2,215,8238454060,4594610892221,1783476337434272221
3,198,8238685964,4594611955491,1783476337435335491
1,231,8271062708,4594631976692,1783476337455356724
0,180,8270097060,4594646087780,1783476337469467812
2,216,8270487996,4594647114026,1783476337470494058
3,199,8270718644,4594648194416,1783476337471574416
1,232,8307060228,4594663999114,1783476337487379146
2,217,8306452836,4594678026553,1783476337501406553
0,181,8306091836,4594679079263,1783476337502459263
3,200,8306715932,4594680127269,1783476337503507301
1,233,8339046676,4594695967103,1783476337519347103
0,182,8338092996,4594709863053,1783476337533243053
2,218,8338453900,4594710893235,1783476337534273235
3,201,8338684868,4594711943833,1783476337535323833
1,234,8371061644,4594731963754,1783476337555343786
2,219,8370488900,4594745836153,1783476337569216153
0,183,8370101836,4594746862590,1783476337570242622
3,202,8370718028,4594747913764,1783476337571293764
1,235,8407059868,4594763996351,1783476337587376415
2,220,8406436964,4594777910030,1783476337601290030
0,184,8406092060,4594778914836,1783476337602294836
3,203,8406715996,4594779990010,1783476337603370010
1,236,8439047804,4594795968628,1783476337619348628
3,204,8438670836,4594810115332,1783476337633495332
0,185,8438092708,4594811137866,1783476337634517866
2,221,8438469996,4594812211536,1783476337635591536
1,237,8471078420,4594831972256,1783476337655352256
2,222,8470486676,4594846011567,1783476337669391631
0,186,8474102028,4594847096182,1783476337670476214
3,205,8470728644,4594848132987,1783476337671513019
1,238,8507045676,4594863991541,1783476337687371541
2,223,8506437804,4594877927908,1783476337701307908
0,187,8506079996,4594878948650,1783476337702328650
3,206,8506685580,4594880033104,1783476337703413104
1,239,8539047772,4594895976362,1783476337719356394
2,224,8538470868,4594909987289,1783476337733367321
0,188,8538093612,4594911026495,1783476337734406527
3,207,8538670676,4594912116037,1783476337735496037
1,240,8571071772,4594931957398,1783476337755337462
0,189,8574092420,4594945735588,1783476337769115588
3,208,8570733932,4594946781002,1783476337770161002
2,225,8570454868,4594947846128,1783476337771226128
1,241,8607044420,4594963996299,1783476337787376395
2,226,8606437708,4594977948186,1783476337801328186
0,190,8606081092,4594978982304,1783476337802362336
3,209,8606684676,4594980068998,1783476337803449030
1,242,8639060772,4594995972832,1783476337819352896
0,191,8638089772,4595009844814,1783476337833224814
2,227,8638486028,4595010889972,1783476337834270004
3,210,8638716932,4595011961786,1783476337835341786
1,243,8671060740,4595031980652,1783476337855360652
0,192,8670091772,4595045825978,1783476337869205978
3,211,8670718932,4595046874944,1783476337870254944
2,228,8674473836,4595047933702,1783476337871313702
1,244,8707046708,4595064035905,1783476337887415937
0,193,8706077644,4595077951248,1783476337901331248
2,229,8706421996,4595079007478,1783476337902387510
3,212,8706671612,4595080084412,1783476337903464444
1,245,8739062516,4595095980854,1783476337919360886
0,194,8738093804,4595109782532,1783476337933162532
2,230,8738486932,4595110832906,1783476337934212906
3,213,8738717804,4595111900464,1783476337935280464
1,246,8771062900,4595131975137,1783476337955355169
0,195,8774119772,4595145842000,1783476337969222000
2,231,8774474964,4595146896246,1783476337970276246
3,214,8770720932,4595147940540,1783476337971320572
1,247,8807048740,4595164069431,1783476337987449463
2,232,8806454772,4595178089830,1783476338001469830
0,196,8806096028,4595179115084,1783476338002495116
3,215,8806685644,4595180178450,1783476338003558482
1,248,8839061228,4595195980491,1783476338019360523
0,197,8838092708,4595209878234,1783476338033258234
3,216,8838717804,4595210949408,1783476338034329440
2,233,8838486644,4595212066278,1783476338035446310
1,249,8875066028,4595231969271,1783476338055349335
0,198,8874124996,4595245763365,1783476338069143365
2,234,8874459804,4595246825451,1783476338070205483
3,217,8870693060,4595247877200,1783476338071257232
1,250,8907047836,4595263995467,1783476338087375499
0,199,8906089772,4595277834714,1783476338101214714
2,235,8906452932,4595278882272,1783476338102262272
3,218,8906670996,4595279935493,1783476338103315493
1,251,8939062964,4595299952407,1783476338123332407
0,200,8938090580,4595313744356,1783476338137124388
2,236,8938486836,4595314777354,1783476338138157354
3,219,8938717996,4595315826224,1783476338139206224
1,252,8975060772,4595331967147,1783476338155347147
0,201,8974100932,4595345623896,1783476338169003896
2,237,8974440060,4595346664126,1783476338170044158
3,220,8974740092,4595347783973,1783476338171163973
1,253,9007047836,4595364025824,1783476338187405856
0,202,9006086548,4595377948527,1783476338201328559
2,238,9006470028,4595379000533,1783476338202380533
3,221,9006670900,4595380131963,1783476338203511963
1,254,9039062836,4595399967307,1783476338223347307
0,203,9042089932,4595413833594,1783476338237213594
2,239,9038488900,4595414894240,1783476338238274240
3,222,9038721868,4595415943302,1783476338239323302
1,255,9075051900,4595432045473,1783476338255425505
0,204,9074116836,4595445857007,1783476338269237007
2,240,9074443900,4595446908116,1783476338270288116
3,223,9074690515,4595447977435,1783476338271357467
1,256,9107049740,4595468100812,1783476338291480812
0,205,9106088612,4595482422333,1783476338305802333
2,241,9106471900,4595483477379,1783476338306857379
3,224,9106672644,4595484516201,1783476338307896233
1,257,9139077740,4595499965472,1783476338323345472
0,206,9142096868,4595513866831,1783476338337246863
2,242,9138477900,4595514916469,1783476338338296501
3,225,9138724612,4595515980123,1783476338339360155
1,258,9175053772,4595531970645,1783476338355350645
2,243,9174442548,4595545934724,1783476338369314724
0,207,9174091028,4595546966570,1783476338370346602
3,226,9174689868,4595548082960,1783476338371462992
1,259,9207063836,4595564048458,1783476338387428522
0,208,9206088804,4595577891352,1783476338401271384
2,244,9206489188,4595578957566,1783476338402337598
3,227,9206718964,4595580041892,1783476338403421892
1,260,9239064516,4595599965909,1783476338423345909
0,209,9242091771,4595613889220,1783476338437269220
2,245,9242487708,4595614938089,1783476338438318121
3,228,9238721644,4595615992015,1783476338439372015
1,261,9275052292,4595631972266,1783476338455352266
0,210,9274091772,4595645899064,1783476338469279096
2,246,9274447740,4595646949662,1783476338470329662
3,229,9274690708,4595648036708,1783476338471416740
1,262,9307064612,4595667988917,1783476338491368917
0,211,9306087804,4595682117797,1783476338505497797
3,230,9306711836,4595683146059,1783476338506526059
2,247,9306486868,4595684221233,1783476338507601233
1,263,9339074228,4595699973674,1783476338523353674
2,248,9342488612,4595713923736,1783476338537303768
3,231,9338725772,4595714963006,1783476338538343038
0,212,9342096868,4595716050565,1783476338539430597
1,264,9375062388,4595731971486,1783476338555351486
0,213,9374101740,4595745943885,1783476338569323917
2,249,9374449028,4595746965651,1783476338570345683
3,232,9374680580,4595748070009,1783476338571450041
1,265,9407064804,4595764045140,1783476338587425140
0,214,9406090676,4595777964866,1783476338601344898
2,250,9406489028,4595779004328,1783476338602384360
3,233,9406719644,4595780113102,1783476338603493134
1,266,9439063836,4595800047679,1783476338623427679
2,251,9442471612,4595814081646,1783476338637461646
0,215,9442092060,4595815133076,1783476338638513076
3,234,9438723644,4595816180154,1783476338639560154
1,267,9475053740,4595831968403,1783476338655348403
0,216,9474124804,4595845912898,1783476338669292930
2,252,9474477932,4595846946856,1783476338670326856
3,235,9474693612,4595848000046,1783476338671380046
1,268,9507065804,4595867987071,1783476338691367103
0,217,9506091836,4595881961486,1783476338705341518
2,253,9506488932,4595882998419,1783476338706378419
3,236,9506720996,4595884111066,1783476338707491098
1,269,9543063740,4595899971923,1783476338723351923
0,218,9542100580,4595913986658,1783476338737366690
2,254,9542473932,4595915017992,1783476338738397992
3,237,9542721740,4595916159087,1783476338739539087
1,270,9575050772,4595931974952,1783476338755354952
0,219,9574087868,4595945721398,1783476338769101430
2,255,9574473996,4595946759195,1783476338770139227
3,238,9574674708,4595947813377,1783476338771193377
1,271,9607064900,4595967982579,1783476338791362611
0,220,9610095932,4595981903810,1783476338805283842
2,256,9606474996,4595982962728,1783476338806342728
3,239,9606721644,4595984063022,1783476338807443022
1,272,9643049388,4595999966440,1783476338823346472
0,221,9642083868,4596013861302,1783476338837241334
2,257,9642442996,4596014898556,1783476338838278556
3,240,9642705612,4596015973314,1783476338839353314
1,273,9675054868,4596031970653,1783476338855350685
0,222,9674127516,4596045823435,1783476338869203467
3,241,9674676900,4596046873297,1783476338870253297
2,258,9674477868,4596047932535,1783476338871312535
1,274,9707066676,4596067990344,1783476338891370376
0,223,9710094804,4596081911287,1783476338905291287
2,259,9706474932,4596082961309,1783476338906341309
3,242,9706722708,4596084043843,1783476338907423843
1,275,9743050868,4596099967261,1783476338923347261
0,224,9742085548,4596113876267,1783476338937256299
2,260,9742444932,4596114930609,1783476338938310609
3,243,9742706612,4596115984119,1783476338939364119
1,276,9775064644,4596131970609,1783476338955350609
0,225,9774088900,4596145794752,1783476338969174752
3,244,9774720708,4596146824037,1783476338970204069
2,261,9774489932,4596147879691,1783476338971259723
1,277,9807066028,4596167998301,1783476338991378301
2,262,9806460836,4596182141741,1783476339005521741
0,226,9810096092,4596183179923,1783476339006559923
3,245,9806723580,4596184215064,1783476339007595064
1,278,9843071580,4596199992305,1783476339023372305
2,263,9842442028,4596214137665,1783476339037517665
0,227,9842086028,4596215156519,1783476339038536551
3,246,9842704708,4596216223085,1783476339039603085
1,279,9875067516,4596232025734,1783476339055405734
0,228,9874095932,4596245900596,1783476339069280628
2,264,9874491028,4596246938202,1783476339070318202
3,247,9874720676,4596247982048,1783476339071362048
1,280,9907066836,4596267986353,1783476339091366385
0,229,9910087964,4596281756254,1783476339105136318
2,265,9910489092,4596282798564,1783476339106178564
3,248,9906725772,4596283840042,1783476339107220074
1,281,9943055580,4596299963781,1783476339123343781
0,230,9942117708,4596313730195,1783476339137110195
3,249,9942693740,4596314765176,1783476339138145176
2,266,9942432028,4596315827614,1783476339139207614
1,282,9975064644,4596331982169,1783476339155362169
0,231,9974090676,4596345894280,1783476339169274280
2,267,9974490028,4596346942574,1783476339170322574
3,250,9974742868,4596348024020,1783476339171404052
1,283,10007067612,4596368044037,1783476339191424101
0,232,10010091932,4596381989331,1783476339205369363
3,251,10006727996,4596383032729,1783476339206412729
2,268,10010474836,4596384107839,1783476339207487839
1,284,10043050836,4596399968601,1783476339223348601
0,233,10042104676,4596413855783,1783476339237235815
2,269,10042460028,4596414892397,1783476339238272397
3,252,10042690804,4596415958131,1783476339239338131
1,285,10075067772,4596435963236,1783476339259343236
0,234,10074079932,4596449881874,1783476339273261874
3,253,10074723996,4596450908216,1783476339274288216
2,270,10074490836,4596451976158,1783476339275356190
1,286,10111065868,4596467992152,1783476339291372152
0,235,10110086644,4596481828966,1783476339305208998
3,254,10110723060,4596482858028,1783476339306238028
2,271,10110474900,4596483938002,1783476339307318002
1,287,10143054644,4596499968748,1783476339323348780
0,236,10142096644,4596513787674,1783476339337167674
2,272,10142462060,4596514815968,1783476339338196000
3,255,10142678060,4596515876742,1783476339339256742
1,288,10175065932,4596535973495,1783476339359353527
0,237,10174090900,4596549802373,1783476339373182373
3,256,10174727900,4596550847819,1783476339374227851
2,273,10174490772,4596551891985,1783476339375271985
1,289,10211051868,4596567998924,1783476339391378924
3,257,10210708900,4596581915706,1783476339405295738
0,238,10210088932,4596582971904,1783476339406351936
2,274,10210443900,4596584046022,1783476339407426054
1,290,10243055772,4596599970336,1783476339423350336
0,239,10242096900,4596613709998,1783476339437090030
2,275,10242461060,4596614751508,1783476339438131540
3,258,10242677964,4596615807898,1783476339439187898
1,291,10275067644,4596635966987,1783476339459346987
0,240,10278094804,4596649969722,1783476339473349754
3,259,10274735932,4596651018656,1783476339474398688
2,276,10274491868,4596652114118,1783476339475494118
1,292,10311051580,4596667998624,1783476339491378624
0,241,10310087996,4596681917102,1783476339505297102
2,277,10310444996,4596682962900,1783476339506342900
3,260,10310708092,4596684054202,1783476339507434234
1,293,10343066772,4596699972916,1783476339523352916
0,242,10342094612,4596713833666,1783476339537213666
2,278,10342492092,4596714879272,1783476339538259272
3,261,10342723964,4596715956078,1783476339539336078
1,294,10375068028,4596735964479,1783476339559344479
0,243,10378095612,4596749852845,1783476339573232877
2,279,10374479028,4596750919123,1783476339574299123
3,262,10374726964,4596751965625,1783476339575345657
1,295,10411051964,4596767990803,1783476339591370803
0,244,10410087900,4596781845314,1783476339605225314
2,280,10410444963,4596782904232,1783476339606284232
3,263,10410708900,4596783971022,1783476339607351022
1,296,10443068452,4596800239945,1783476339623619945
0,245,10442094932,4596814306521,1783476339637686521
3,264,10442723868,4596815335390,1783476339638715422
2,281,10442492060,4596816417860,1783476339639797860
1,297,10475075804,4596835965907,1783476339659345939
0,246,10478098516,4596849980642,1783476339673360674
2,282,10478490996,4596851038664,1783476339674418664
3,265,10474731676,4596852102638,1783476339675482638
1,298,10511055348,4596868044904,1783476339691424904
0,247,10510102868,4596882343160,1783476339705723160
2,283,10510447996,4596883350686,1783476339706730686
3,266,10510709644,4596884404036,1783476339707784068
1,299,10543085612,4596900031836,1783476339723411868
0,248,10542094580,4596914303212,1783476339737683212
3,267,10542723772,4596915326482,1783476339738706514
2,284,10542494092,4596916395672,1783476339739775704
1,300,10575085772,4596935971238,1783476339759351270
0,249,10578133612,4596949847733,1783476339773227733
2,285,10578480708,4596950881947,1783476339774261947
3,268,10574727516,4596951924512,1783476339775304544
1,301,10611055060,4596968028507,1783476339791408539
0,250,10610102836,4596981929706,1783476339805309706
2,286,10610462900,4596982971055,1783476339806351055
3,269,10610693708,4596984090966,1783476339807470966
1,302,10643071996,4596999990575,1783476339823370575
0,251,10642096484,4597014020990,1783476339837401022
2,287,10642493060,4597014973252,1783476339838353252
3,270,10642724580,4597015997162,1783476339839377194
1,303,10679067292,4597035997594,1783476339859377626
0,252,10678095644,4597049917257,1783476339873297257
2,288,10678478028,4597050960431,1783476339874340431
3,271,10678725580,4597052056757,1783476339875436757
1,304,10711056676,4597068048879,1783476339891428879
0,253,10710102580,4597082157567,1783476339905537631
2,289,10710462996,4597083179940,1783476339906559940
3,272,10710693836,4597084269546,1783476339907649546
1,305,10743084356,4597104081402,1783476339927461402
1,306,10779014084,4597136068398,1783476339959448462
3,273,10742739868,4597150202366,1783476339973582398
2,290,10742493996,4597151235396,1783476339974615396
0,254,10742097900,4597152290858,1783476339975670890
3,274,10778725388,4597154130164,1783476339977510196
2,291,10778462772,4597155154906,1783476339978534906
1,307,10811055028,4597171976345,1783476339995356377
2,292,10810463996,4597185744230,1783476340009124230
3,275,10810679804,4597196078017,1783476340019458049
1,308,10843068836,4597203970669,1783476340027350669
1,309,10879062644,4597236060258,1783476340059440290
0,255,10778099996,4597249444077,1783476340072824141
3,276,10842722836,4597250447795,1783476340073827795
2,293,10842488932,4597251498904,1783476340074878904
3,277,10878724868,4597254282632,1783476340077662632
2,294,10878448060,4597255314766,1783476340078694798
1,310,10911064644,4597267993077,1783476340091373077
0,256,10810100580,4597281818915,1783476340105198915
3,278,10910740868,4597282821705,1783476340106201705
2,295,10910499124,4597283909263,1783476340107289295
1,311,10943067484,4597303996672,1783476340127376672
1,312,10979054644,4597335997236,1783476340159377236
3,279,10942728868,4597349850498,1783476340173230530
2,296,10942481028,4597350891272,1783476340174271304
0,257,10846099996,4597351950830,1783476340175330830
3,280,10978708836,4597353696408,1783476340177076440
2,297,10978445996,4597354814878,1783476340178194910
1,313,11011070324,4597368020936,1783476340191400936
0,260,10946101156,4597382147224,1783476340205527224
3,281,11010725092,4597383110077,1783476340206490077
2,298,11010492836,4597384192931,1783476340207572963
1,314,11043071292,4597403975283,1783476340227355283
1,315,11079054804,4597435976519,1783476340259356551
3,282,11042731092,4597449887317,1783476340273267317
2,299,11046494028,4597450922075,1783476340274302075
0,261,10978080156,4597451972609,1783476340275352609
3,283,11078678804,4597453748331,1783476340277128363
2,300,11078429964,4597454786128,1783476340278166160
1,316,11111068452,4597468024923,1783476340291404923
0,263,11046091708,4597481965609,1783476340305345641
2,301,11110492964,4597482979311,1783476340306359343
3,284,11110724964,4597483994293,1783476340307374325
1,317,11143073484,4597503980677,1783476340327360677
1,318,11179055772,4597535989753,1783476340359369753
3,285,11142732900,4597549795815,1783476340373175847
2,302,11146494900,4597550813645,1783476340374193645
0,264,11078093028,4597551885907,1783476340375265939
3,286,11178693932,4597553663677,1783476340377043677
2,303,11178463996,4597554769635,1783476340378149635
1,319,11211070580,4597567992781,1783476340391372781
2,304,11210494092,4597581936764,1783476340405316796
0,266,11146094060,4597583054978,1783476340406434978
3,287,11210724900,4597584071272,1783476340407451240
1,320,11247068420,4597604029336,1783476340427409368
1,321,11279056612,4597635982444,1783476340459362444
3,288,11242700028,4597649946459,1783476340473326459
2,305,11246477996,4597650969760,1783476340474349760
0,267,11178094836,4597652059783,1783476340475439815
3,289,11278681060,4597653854993,1783476340477234993
2,306,11278462772,4597654862966,1783476340478242966
1,322,11311069548,4597671992951,1783476340495372951
2,307,11310494092,4597685874629,1783476340509254661
3,290,11310725996,4597695806749,1783476340519186781
0,269,11246080028,4597696879459,1783476340520259491
1,323,11347070100,4597704038731,1783476340527418731
1,324,11379056292,4597735997343,1783476340559377375
3,291,11346727804,4597749767244,1783476340573147276
2,308,11346462932,4597750802258,1783476340574182290
0,270,11278094804,4597751857304,1783476340575237304
3,292,11378680028,4597753645410,1783476340577025410
2,309,11378464932,4597754798601,1783476340578178601
0,272,11346097868,4597755950831,1783476340579330895
1,325,11411071100,4597771991721,1783476340595371753
2,310,11410496092,4597785886872,1783476340609266872
0,273,11378095932,4597795805071,1783476340619185071
3,293,11410726932,4597796847189,1783476340620227221
1,326,11447055356,4597804064414,1783476340627444478
1,327,11479076484,4597835984818,1783476340659364850
3,294,11446713060,4597849892768,1783476340673272768
2,311,11446453124,4597850927334,1783476340674307334
0,275,11446082836,4597852075948,1783476340675455948
3,295,11478681188,4597853727829,1783476340677107861
2,312,11478464060,4597854823324,1783476340678203324
0,276,11478096964,4597855999554,1783476340679379586
1,328,11511070836,4597871988156,1783476340695368156
2,313,11510481060,4597885933419,1783476340709313419
3,296,11510727772,4597895851778,1783476340719231778
0,277,11514094772,4597896885832,1783476340720265832
1,329,11547056516,4597903986384,1783476340727366416
1,330,11579077932,4597935992100,1783476340759372100
3,297,11546711740,4597949997331,1783476340773377331
2,314,11546447996,4597951036569,1783476340774416569
0,278,11546096092,4597952139615,1783476340775519615
3,298,11578730836,4597953849289,1783476340777229289
2,315,11578501932,4597954934159,1783476340778314191
0,279,11578139932,4597956107798,1783476340779487798
1,331,11611071644,4597971976655,1783476340795356655
2,316,11614495900,4597985907549,1783476340809287549
0,280,11614095996,4597995842037,1783476340819222037
3,299,11610730028,4597996894139,1783476340820274171
1,332,11647057580,4598003990435,1783476340827370435
1,333,11679076004,4598036079640,1783476340859459640
3,300,11646712060,4598050039750,1783476340873419782
2,317,11646449124,4598051104044,1783476340874484044
0,281,11646103740,4598052156946,1783476340875536946
3,301,11678730548,4598053897500,1783476340877277500
2,318,11678502060,4598054946242,1783476340878326274
0,282,11678134092,4598056181609,1783476340879561641
1,334,11711072420,4598071994754,1783476340895374786
2,319,11714496060,4598086031569,1783476340909411569
3,302,11710731580,4598096048041,1783476340919428073
0,283,11714095804,4598097008878,1783476340920388910
1,335,11747057644,4598104047158,1783476340927427158
1,336,11779073356,4598139958240,1783476340963338272
3,303,11746696580,4598153694701,1783476340977074701
2,320,11746450060,4598154719955,1783476340978099987
0,284,11746135868,4598155766169,1783476340979146169
3,304,11778728804,4598157459331,1783476340980839331
2,321,11778497964,4598158493704,1783476340981873704
0,285,11778107676,4598159686191,1783476340983066191
1,337,11815071484,4598171987860,1783476340995367860
2,322,11814479932,4598185942755,1783476341009322755
3,305,11814727708,4598195898267,1783476341019278299
0,286,11814131836,4598196913504,1783476341020293504
1,338,11847032932,4598204037288,1783476341027417320
1,339,11879073676,4598240063059,1783476341063443091
2,323,11846447932,4598253866912,1783476341077246912
3,306,11846681804,4598254879590,1783476341078259590
0,287,11846135548,4598255932108,1783476341079312140
2,324,11878498964,4598257799990,1783476341081180022
3,307,11878728260,4598258887229,1783476341082267229
0,288,11878147060,4598260028067,1783476341083408067
0,289,11914099068,4598271064833,1783476341094444833
2,325,11914462868,4598271371427,1783476341094751491
3,308,11914736836,4598271622692,1783476341095002788
1,340,11915069772,4598271985254,1783476341095365286
1,341,11947082676,4598304077146,1783476341127457146
1,342,11979076548,4598340056709,1783476341163436741
3,309,11946685580,4598354676791,1783476341178056791
0,290,11946143964,4598355676828,1783476341179056828
2,326,11946471964,4598356736546,1783476341180116546
3,310,11978734900,4598358654061,1783476341182034061
0,291,11978138996,4598359810516,1783476341183190516
2,327,11978501804,4598360849113,1783476341184229145
1,343,12015061100,4598372069400,1783476341195449432
2,328,12014467964,4598386132103,1783476341209512135
3,311,12014717740,4598396097919,1783476341219477951
0,292,12014105772,4598397096133,1783476341220476165
1,344,12047059548,4598404031820,1783476341227411820
1,345,12079075516,4598439974102,1783476341263354134
3,312,12046699836,4598453934788,1783476341277314820
2,329,12046470124,4598454946698,1783476341278326698
0,293,12046136708,4598456043984,1783476341279423984
3,313,12078733708,4598457800762,1783476341281180794
2,330,12078487964,4598458844544,1783476341282224672
0,294,12078112932,4598460062759,1783476341283442759
0,295,12114138708,4598471063428,1783476341294443428
2,331,12114450932,4598471376998,1783476341294757062
3,314,12114713740,4598471623976,1783476341295003976
1,346,12115058420,4598472045610,1783476341295425642
1,347,12147081804,4598504084222,1783476341327464222
2,332,12146504644,4598518524047,1783476341341904079
0,296,12146138028,4598528753833,1783476341352133833
3,315,12146732740,4598529717454,1783476341353097486
1,348,12179076292,4598540021928,1783476341363401960
3,316,12178736932,4598554157495,1783476341377537527
2,333,12182508228,4598555206429,1783476341378586429
0,297,12178112900,4598556243459,1783476341379623459
1,349,12215063452,4598571997179,1783476341395377179
2,334,12214439996,4598585903850,1783476341409283850
3,317,12214686028,4598595867650,1783476341419247682
0,298,12214138900,4598596905415,1783476341420285415
1,350,12247069612,4598603996431,1783476341427376431
1,351,12279096932,4598639983513,1783476341463363513
2,335,12246502028,4598654116041,1783476341477496041
3,318,12246733060,4598655150543,1783476341478530575
0,299,12246140060,4598656212596,1783476341479592628
2,336,12282498804,4598657950846,1783476341481330846
3,319,12278733996,4598658989540,1783476341482369540
0,300,12278109740,4598660216459,1783476341483596459
0,301,12314125868,4598671033768,1783476341494413832
2,337,12314454836,4598671375178,1783476341494755178
3,320,12314700932,4598671618315,1783476341494998347
1,352,12315060580,4598672026125,1783476341495406125
1,353,12347077132,4598704042497,1783476341527422529
1,354,12383071516,4598740050827,1783476341563430827
3,321,12346732708,4598754079578,1783476341577459578
2,338,12346501996,4598755100352,1783476341578480352
0,302,12346136996,4598756195462,1783476341579575462
3,322,12382730100,4598757887920,1783476341581267920
2,339,12382481964,4598758987606,1783476341582367606
0,303,12382098740,4598760162588,1783476341583542620
1,355,12415058644,4598771994079,1783476341595374079
2,340,12414450964,4598785874221,1783476341609254253
3,323,12414685060,4598795784260,1783476341619164260
0,304,12414086740,4598796820874,1783476341620200874
1,356,12447074068,4598808045993,1783476341631426025
3,324,12446729868,4598822290457,1783476341645670489
2,341,12446499092,4598823303615,1783476341646683647
0,305,12446100964,4598824365477,1783476341647745509
1,357,12483097548,4598839987101,1783476341663367101
3,325,12482731996,4598853985707,1783476341677365739
2,342,12482467964,4598855005937,1783476341678385969
0,306,12482102932,4598856138200,1783476341679518232
0,307,12514086932,4598871052203,1783476341694432203
2,343,12514482964,4598871389805,1783476341694769869
1,358,12515060644,4598871991281,1783476341695371281
3,326,12514685580,4598875675301,1783476341699055333
1,359,12547091972,4598908128156,1783476341731508188
2,344,12546498932,4598923826036,1783476341747206036
0,308,12546106708,4598924705721,1783476341748085753
3,327,12546733868,4598925794527,1783476341749174527
1,360,12583069452,4598940140527,1783476341763520527
2,345,12582471996,4598954901954,1783476341778281986
0,309,12582176932,4598955874696,1783476341779254728
3,328,12582726708,4598957045614,1783476341780425614
1,361,12615069932,4598976056409,1783476341799436441
3,329,12614688516,4598990432010,1783476341813812010
2,346,12614478868,4598991458576,1783476341814838576
0,310,12614136188,4598992509462,1783476341815889462
1,362,12647080836,4599008065773,1783476341831445805
3,330,12646733676,4599022313597,1783476341845693629
2,347,12646484996,4599023338019,1783476341846718019
0,311,12646103900,4599024393897,1783476341847773929
1,363,12683027587,4599040044705,1783476341863424705
3,331,12682717708,4599054242896,1783476341877622896
0,312,12682111316,4599055355831,1783476341878735831
2,348,12682455900,4599056475101,1783476341879855101
2,349,12714506964,4599071415697,1783476341894795697
1,364,12715052572,4599072038580,1783476341895418644
0,313,12714144644,4599075115846,1783476341898495846
3,332,12714736932,4599075667817,1783476341899047849
1,365,12747096228,4599108041695,1783476341931421727
3,333,12746739996,4599122194510,1783476341945574542
2,350,12750502996,4599123207156,1783476341946587156
0,314,12746154868,4599124254746,1783476341947634778
1,366,12783082548,4599139999186,1783476341963379218
3,334,12782716772,4599153759167,1783476341977139199
2,351,12782455060,4599154766341,1783476341978146341
0,315,12782123092,4599155819307,1783476341979199307
1,367,12815075324,4599172040678,1783476341995420678
2,352,12814499452,4599184987567,1783476342008367567
3,335,12814732644,4599194982471,1783476342018362503
0,316,12814109612,4599195976300,1783476342019356332
1,368,12847093484,4599208055824,1783476342031435856
2,353,12850511356,4599222153631,1783476342045533663
3,336,12846752740,4599223184965,1783476342046564997
0,317,12846127836,4599224284907,1783476342047664907
1,369,12883057644,4599240139940,1783476342063519940
2,354,12882433996,4599253630672,1783476342077010704
3,337,12882683676,4599254617205,1783476342077997237
0,318,12882100580,4599256413855,1783476342079793887
1,370,12915079772,4599272036439,1783476342095416471
0,319,12914157868,4599274997927,1783476342098377927
2,355,12914489964,4599275382346,1783476342098762442
3,338,12914736932,4599275618027,1783476342098998027
1,371,12951075004,4599308079777,1783476342131459809
3,339,12950733772,4599322390097,1783476342145770129
2,356,12950485964,4599323393591,1783476342146773623
0,320,12950105964,4599324463133,1783476342147843133
1,372,12983063684,4599340042964,1783476342163422964
3,340,12982688804,4599354006114,1783476342177386114
2,357,12982455900,4599355028008,1783476342178408008
0,321,12982097868,4599356130606,1783476342179510606
1,373,13015061452,4599376032382,1783476342199412382
2,358,13014504900,4599390236686,1783476342213616718
3,341,13014735804,4599391249427,1783476342214629459
0,322,13014122060,4599392310137,1783476342215690137
1,374,13051079324,4599407992849,1783476342231372849
2,359,13050472452,4599421843199,1783476342245223199
3,342,13050734964,4599422855396,1783476342246235428
0,323,13050155772,4599423921322,1783476342247301354
1,375,13083060972,4599440037317,1783476342263417317
3,343,13082686644,4599453921619,1783476342277301651
2,360,13082469868,4599454946488,1783476342278326488
0,324,13082089868,4599455994462,1783476342279374494
0,325,13114104868,4599475059337,1783476342298439337
2,361,13114501964,4599475365483,1783476342298745483
3,344,13114736028,4599475613548,1783476342298993548
1,376,13115078484,4599476029583,1783476342299409583
1,377,13151068516,4599508051330,1783476342331431362
3,345,13150721580,4599522198962,1783476342345578962
2,362,13150468932,4599523236823,1783476342346616823
0,326,13150134964,4599524284413,1783476342347664413
1,378,13183073644,4599544058284,1783476342367438284
3,346,13182699612,4599558098843,1783476342381478875
2,363,13182473996,4599559127105,1783476342382507105
0,327,13182090708,4599560199975,1783476342383580007
1,379,13215083324,4599575994655,1783476342399374655
3,347,13214736996,4599589706380,1783476342413086380
2,364,13214489868,4599590751634,1783476342414131634
0,328,13214105028,4599591816024,1783476342415196024
1,380,13251062612,4599607990995,1783476342431371027
3,348,13250718772,4599621674399,1783476342445054399
0,329,13250102932,4599622713285,1783476342446093317
2,365,13250454124,4599623784043,1783476342447164075
1,381,13283080708,4599639996646,1783476342463376646
3,349,13282732900,4599653899124,1783476342477279124
2,366,13282501836,4599654948090,1783476342478328090
0,330,13282102060,4599655999616,1783476342479379648
0,331,13314106900,4599675033546,1783476342498413546
2,367,13318500900,4599675365420,1783476342498745580
3,350,13314735964,4599675617134,1783476342498997166
1,382,13315081836,4599675993776,1783476342499373776
1,383,13351079740,4599708088772,1783476342531468804
3,351,13350699612,4599722237651,1783476342545617683
2,368,13350449836,4599723287641,1783476342546667641
0,332,13350092996,4599724328607,1783476342547708607
1,384,13383084612,4599740068439,1783476342563448471
2,369,13382506548,4599754480680,1783476342577860712
3,352,13382735708,4599755514830,1783476342578894862
0,333,13382123964,4599756584052,1783476342579964052
1,385,13415085804,4599776093633,1783476342599473633
3,353,13414744356,4599790003023,1783476342613383055
2,370,13418508964,4599791095573,1783476342614475573
0,334,13414159060,4599792158587,1783476342615538587
1,386,13451063284,4599807984340,1783476342631364276
3,354,13450688092,4599820965085,1783476342644345053
2,371,13450440284,4599822029027,1783476342645408995
0,335,13450090220,4599823086505,1783476342646466505
1,387,13483080900,4599839986471,1783476342663366471
3,355,13482734772,4599853705428,1783476342677085428
2,372,13482503868,4599854742106,1783476342678122138
0,336,13482104964,4599856280515,1783476342679660547
0,337,13514105900,4599875020460,1783476342698400492
2,373,13518485260,4599875379246,1783476342698759246
3,356,13514743740,4599875616495,1783476342698996495
1,388,13519075900,4599875990769,1783476342699370769
1,389,13551069972,4599908043525,1783476342731423557
3,357,13550690644,4599922137044,1783476342745517044
0,338,13550115932,4599923166650,1783476342746546682
2,374,13550458932,4599924255104,1783476342747635136
1,390,13583086900,4599943976271,1783476342767356303
2,375,13582502548,4599957825148,1783476342781205180
3,358,13582733708,4599958860578,1783476342782240610
0,339,13582104964,4599959916488,1783476342783296520
1,391,13619083836,4599975999874,1783476342799379874
3,359,13618736804,4599989818320,1783476342813198320
0,340,13618145932,4599990853205,1783476342814233205
2,376,13618474452,4599991928795,1783476342815308827
1,392,13651066900,4600008047478,1783476342831427510
3,360,13650690420,4600022206437,1783476342845586437
0,341,13650097124,4600023225995,1783476342846605995
2,377,13650474060,4600024285361,1783476342847665393
1,393,13683081900,4600044036608,1783476342867416608
3,361,13682737708,4600057868589,1783476342881248589
0,342,13682122060,4600058904499,1783476342882284531
2,378,13682506932,4600059973593,1783476342883353593
0,343,13718109900,4600075019917,1783476342898399917
2,379,13718456900,4600075364943,1783476342898744975
3,362,13718718804,4600075606449,1783476342898986449
1,394,13719064996,4600075988243,1783476342899368307
1,395,13751066772,4600111980669,1783476342935360733
3,363,13750684964,4600125709962,1783476342949089994
2,380,13750467028,4600126745647,1783476342950125679
0,344,13750074964,4600127799445,1783476342951179477
1,396,13783079380,4600143993904,1783476342967373936
3,364,13782735804,4600157674973,1783476342981054973
2,381,13782501644,4600158707715,1783476342982087715
0,345,13782091900,4600159755080,1783476342983135080
1,397,13819064676,4600175998308,1783476342999378308
3,365,13818721676,4600189786225,1783476343013166289
2,382,13818459028,4600190858295,1783476343014238295
0,346,13818106092,4600191897021,1783476343015277053
1,398,13851067868,4600207993303,1783476343031373303
3,366,13850737740,4600221967653,1783476343045347685
2,383,13850506868,4600223044203,1783476343046424203
0,347,13850112836,4600224098897,1783476343047478897
1,399,13883087260,4600244055008,1783476343067435008
3,367,13882742612,4600258054895,1783476343081434927
2,384,13886510124,4600259135925,1783476343082515957
0,348,13882156900,4600260161819,1783476343083541851
0,349,13918075324,4600275025774,1783476343098405774
2,385,13918436900,4600275372752,1783476343098752816
3,368,13918700868,4600275628145,1783476343099008177
1,400,13919068028,4600275996819,1783476343099376883
1,401,13951082324,4600307996646,1783476343131376646
2,386,13950506836,4600321797492,1783476343145177524
3,369,13950738900,4600322816377,1783476343146196409
0,350,13950142964,4600323872927,1783476343147252927
1,402,13983085548,4600343993360,1783476343167373392
3,370,13982743932,4600358066239,1783476343181446239
2,387,13986505060,4600359093700,1783476343182473732
0,351,13982144420,4600360202219,1783476343183582219
1,403,14019089260,4600376031235,1783476343199411235
2,388,14018443964,4600389847889,1783476343213227889
3,371,14018706868,4600390868310,1783476343214248310
0,352,14018103060,4600391943772,1783476343215323804
1,404,14051086132,4600408060214,1783476343231440246
3,372,14050740932,4600421896868,1783476343245276868
2,389,14050510964,4600422914634,1783476343246294634
0,353,14050142420,4600423967152,1783476343247347184
1,405,14083083324,4600443993216,1783476343267373216
3,373,14082744932,4600457853197,1783476343281233229
2,390,14086489868,4600458876147,1783476343282256179
0,354,14082121028,4600459940153,1783476343283320153
0,355,14118099836,4600475025037,1783476343298405069
2,391,14118474964,4600475361647,1783476343298741679
3,374,14118692932,4600475619185,1783476343298999185
1,406,14119066292,4600476027475,1783476343299407475
1,407,14151081708,4600511983804,1783476343335363804
2,392,14150505772,4600525905066,1783476343349285098
3,375,14150738092,4600526929008,1783476343350309040
0,356,14150114932,4600527992726,1783476343351372726
1,408,14187083388,4600543987951,1783476343367367983
2,393,14186493836,4600557875869,1783476343381255933
3,376,14182709996,4600558913827,1783476343382293827
0,357,14186142996,4600559940585,1783476343383320585
1,409,14219068324,4600576041571,1783476343399421603
3,377,14218692516,4600589842896,1783476343413222928
2,394,14218476028,4600590866934,1783476343414246934
0,358,14218101740,4600591986428,1783476343415366428
1,410,14251082356,4600612048716,1783476343435428748
0,359,14250114804,4600625957210,1783476343449337210
2,395,14250506900,4600626977856,1783476343450357856
3,378,14250739772,4600628063526,1783476343451443526
1,411,14287067708,4600644024447,1783476343467404479
2,396,14286460804,4600657854605,1783476343481234605
3,379,14286722836,4600658877938,1783476343482257938
0,360,14286111804,4600659933656,1783476343483313688
0,361,14318143708,4600679036931,1783476343502416931
2,397,14318476964,4600679423365,1783476343502803365
3,380,14318692868,4600679651655,1783476343503031687
1,412,14319068548,4600680025641,1783476343503405641
1,413,14351084324,4600711989372,1783476343535369404
3,381,14350738676,4600725903338,1783476343549283338
2,398,14350508964,4600726927759,1783476343550307759
0,362,14350107060,4600727988981,1783476343551368981
1,414,14387067772,4600743986223,1783476343567366223
3,382,14386723868,4600757783804,1783476343581163836
2,399,14386461092,4600758809954,1783476343582189986
0,363,14386114420,4600759873864,1783476343583253896
1,415,14419084324,4600776037442,1783476343599417474
2,400,14418507580,4600790019152,1783476343613399152
3,383,14418738644,4600791043350,1783476343614423350
0,364,14418145932,4600792143516,1783476343615523580
1,416,14451086676,4600812092236,1783476343635472236
3,384,14450741708,4600826289787,1783476343649669787
2,401,14450497900,4600827304513,1783476343650684513
0,365,14450148996,4600828367527,1783476343651747527
1,417,14487067708,4600843991710,1783476343667371742
2,402,14486462835,4600857757804,1783476343681137836
3,385,14486724932,4600858778417,1783476343682158417
0,366,14486148060,4600859848887,1783476343683228887
1,418,14519083612,4600876036754,1783476343699416754
0,367,14518144964,4600879060131,1783476343702440163
2,403,14518507836,4600879396453,1783476343702776517
3,386,14518721900,4600879659174,1783476343703039174
1,419,14551087804,4600912023483,1783476343735403515
3,387,14550745932,4600926107466,1783476343749487498
2,404,14554507964,4600927124880,1783476343750504880
0,368,14550155092,4600928189430,1783476343751569462
1,420,14587068772,4600944025934,1783476343767405934
2,405,14586465836,4600957837244,1783476343781217244
3,388,14586725708,4600958881602,1783476343782261634
0,369,14586131868,4600959910567,1783476343783290599
1,421,14619084516,4600976051234,1783476343799431266
0,370,14618119676,4600990311377,1783476343813691377
3,389,14618741708,4600991318647,1783476343814698647
2,406,14618509708,4600992369629,1783476343815749661
1,422,14651086644,4601012041707,1783476343835421739
3,390,14650743028,4601026068538,1783476343849448538
2,407,14654494676,4601027104575,1783476343850484607
0,371,14650150804,4601028153349,1783476343851533349
1,423,14687070452,4601043996926,1783476343867376926
3,391,14686709836,4601057816427,1783476343881196427
2,408,14686468996,4601058836721,1783476343882216721
0,372,14686117028,4601059887543,1783476343883267575
0,373,14718149932,4601078992546,1783476343902372546
2,409,14718510996,4601079344068,1783476343902724100
3,392,14718740996,4601079609637,1783476343902989669
1,424,14719085548,4601079996199,1783476343903376359
1,425,14755093196,4601112034907,1783476343935414939
3,393,14750710676,4601125703943,1783476343949083975
2,410,14754498740,4601126735949,1783476343950116013
0,374,14754149964,4601127772051,1783476343951152051
1,426,14787070836,4601143997998,1783476343967377998
3,394,14786716996,4601157808699,1783476343981188731
2,411,14786470996,4601158848097,1783476343982228097
0,375,14786085676,4601159888551,1783476343983268615
1,427,14819084612,4601180043543,1783476344003423543
3,395,14818740516,4601194033574,1783476344017413574
2,412,14818506804,4601195044395,1783476344018424395
0,376,14818108708,4601196140689,1783476344019520689
1,428,14855069516,4601212075658,1783476344035455690
2,413,14854463580,4601226540027,1783476344049920027
3,396,14854726932,4601227544769,1783476344050924769
0,377,14854126420,4601228667431,1783476344052047431
1,429,14887073484,4601244076477,1783476344067456509
3,397,14886700644,4601258063051,1783476344081443083
2,414,14886482612,4601259128465,1783476344082508497
0,378,14886108060,4601260161911,1783476344083541943
0,379,14918127708,4601279013088,1783476344102393120
2,415,14918508836,4601279362882,1783476344102742946
3,398,14918741060,4601279601700,1783476344102981700
1,430,14919081452,4601279991814,1783476344103371814
1,431,14955069580,4601312031769,1783476344135411801
3,399,14954725868,4601325823526,1783476344149203526
2,416,14954478996,4601326848332,1783476344150228364
0,380,14954145804,4601327905874,1783476344151285874
1,432,14987086484,4601344019852,1783476344167399852
3,400,14986724060,4601357908601,1783476344181288601
2,417,14986508964,4601358936479,1783476344182316511
0,381,14986110900,4601359980517,1783476344183360549
1,433,15019085676,4601380027989,1783476344203408021
3,401,15018743356,4601393949955,1783476344217329955
2,418,15018496836,4601394967240,1783476344218347272
0,382,15018125028,4601396054926,1783476344219434958
1,434,15055070612,4601412056616,1783476344235436616
3,402,15054726676,4601425826805,1783476344249206805
2,419,15054465932,4601426864186,1783476344250244218
0,383,15054146028,4601427907872,1783476344251287872
1,435,15087086132,4601444034810,1783476344267414810
2,420,15086511612,4601457884488,1783476344281264520
3,403,15086725804,4601458905102,1783476344282285102
0,384,15086122996,4601459963923,1783476344283343923
0,385,15118122580,4601479018846,1783476344302398846
3,404,15118745996,4601479847587,1783476344303227587
1,436,15119085356,4601480032580,1783476344303412580
2,421,15122511996,4601480909512,1783476344304289512
1,437,15155071356,4601511998166,1783476344335378166
3,405,15154728740,4601525890052,1783476344349270052
2,422,15154465964,4601526918538,1783476344350298570
0,386,15154107996,4601527990224,1783476344351370224
1,438,15187086580,4601544048745,1783476344367428745
2,423,15186509932,4601557965079,1783476344381345079
3,406,15186741996,4601558989565,1783476344382369565
0,387,15186146932,4601560065763,1783476344383445827
1,439,15219086708,4601580079091,1783476344403459091
2,424,15222492708,4601594279266,1783476344417659266
3,407,15218743868,4601595291368,1783476344418671400
0,388,15218120804,4601596354669,1783476344419734669
1,440,15255071196,4601612124134,1783476344435504166
0,389,15254107484,4601626428310,1783476344449808374
2,425,15254481932,4601627444059,1783476344450824059
3,408,15254712868,4601628497505,1783476344451877537
1,441,15287085580,4601648067758,1783476344471447758
3,409,15286741548,4601662682208,1783476344486062208
2,426,15286510868,4601663692774,1783476344487072806
0,390,15286126612,4601664736268,1783476344488116300
1,442,15323097516,4601680084481,1783476344503464449
2,427,15322512740,4601685061949,1783476344508441949
0,391,15322142964,4601686073539,1783476344509453571
3,410,15318716092,4601687128841,1783476344510508841
1,443,15355072612,4601712097748,1783476344535477748
2,428,15354486836,4601726453732,1783476344549833732
3,411,15354699708,4601727479594,1783476344550859594
0,392,15354121124,4601728527216,1783476344551907216
1,444,15387092068,4601748028605,1783476344571408637
3,412,15386748996,4601761919947,1783476344585299947
2,429,15386517964,4601762952240,1783476344586332240
0,393,15386162028,4601764070871,1783476344587450903
1,445,15423086516,4601780076208,1783476344603456208
3,413,15422741675,4601794314944,1783476344617694944
2,430,15422478964,4601795332453,1783476344618712453
0,394,15422111516,4601796397323,1783476344619777355
1,446,15455072996,4601812031875,1783476344635411875
3,414,15454697676,4601826073425,1783476344649453425
0,395,15454149028,4601827115095,1783476344650495127
2,431,15454496996,4601828183101,1783476344651563101
1,447,15487089580,4601848066828,1783476344671446860
2,432,15486501868,4601862421244,1783476344685801244
3,415,15486748612,4601863411778,1783476344686791778
0,396,15486158059,4601864471752,1783476344687851784
1,448,15523078547,4601880055263,1783476344703435263
2,433,15522462836,4601885835871,1783476344709215871
0,397,15522117324,4601888060587,1783476344711440619
3,416,15522725124,4601888121132,1783476344711501132
2,434,15554510972,4601911457934,1783476344734837934
1,449,15555088900,4601912042577,1783476344735422577
0,398,15554144644,4601926257601,1783476344749637601
3,417,15554726772,4601927267590,1783476344750647622
1,450,15587090516,4601948069307,1783476344771449307
0,399,15586132868,4601962990798,1783476344786370798
2,435,15586498452,4601963975635,1783476344787355635
3,418,15586747260,4601965033113,1783476344788413113
1,451,15623080900,4601980051821,1783476344803431853
3,419,15622735644,4601994382269,1783476344817762301
2,436,15622464676,4601995405667,1783476344818785699
0,400,15622145092,4601996500777,1783476344819880809
1,452,15655082484,4602012101888,1783476344835481888
3,420,15654727708,4602025947758,1783476344849327790
2,437,15654514964,4602026978707,1783476344850358707
0,401,15654152996,4602028075994,1783476344851455994
1,453,15687087708,4602048068233,1783476344871448265
3,421,15686741580,4602062022071,1783476344885402071
2,438,15690514996,4602063047005,1783476344886427005
0,402,15686104772,4602064146243,1783476344887526275
1,454,15723073484,4602080128188,1783476344903508188
2,439,15722467996,4602094207915,1783476344917587915
3,422,15722712836,4602095238289,1783476344918618321
0,403,15722147060,4602096273527,1783476344919653527
1,455,15755087908,4602112030351,1783476344935410383
0,404,15754152868,4602115013087,1783476344938393119
2,440,15754513188,4602115386433,1783476344938766465
3,423,15754728868,4602115659907,1783476344939039907
1,456,15787088644,4602148024088,1783476344971404120
3,424,15786746868,4602161945766,1783476344985325798
2,441,15790511868,4602162967659,1783476344986347691
0,405,15786119028,4602164060241,1783476344987440273
1,457,15823072548,4602179999146,1783476345003379146
3,425,15822696740,4602193981720,1783476345017361720
2,442,15822463932,4602194980958,1783476345018360958
0,406,15822098676,4602196070980,1783476345019450980
1,458,15855089388,4602216063252,1783476345039443412
2,443,15854510740,4602230547172,1783476345053927172
3,426,15854742740,4602231549002,1783476345054929002
0,407,15854113292,4602232606000,1783476345055986032
1,459,15891076444,4602248022374,1783476345071402342
3,427,15886721516,4602261552817,1783476345084932817
2,444,15890500996,4602262579671,1783476345085959671
0,408,15890145060,4602263635805,1783476345087015837
1,460,15923073420,4602280221209,1783476345103601209
3,428,15922698644,4602294468105,1783476345117848105
2,445,15922481964,4602295493807,1783476345118873839
0,409,15922106060,4602296635957,1783476345120015957
0,410,15954150868,4602315015644,1783476345138395676
2,446,15954514060,4602315351581,1783476345138731613
3,429,15954744348,4602315608991,1783476345138988991
1,461,15955088644,4602316049153,1783476345139429153
1,462,15991089356,4602348051924,1783476345171431924
3,430,15990744868,4602361892929,1783476345185272929
2,447,15990481932,4602362914855,1783476345186294855
0,411,15990119964,4602363977453,1783476345187357453
1,463,16023074292,4602380107495,1783476345203487527
2,448,16022481996,4602393997236,1783476345217377236
0,412,16022102932,4602395025882,1783476345218405882
3,431,16022712932,4602396102176,1783476345219482208
1,464,16055088356,4602415999663,1783476345239379663
3,432,16054745996,4602429827772,1783476345253207804
2,449,16054512092,4602430848674,1783476345254228674
0,413,16054115092,4602431904455,1783476345255284455
1,465,16091073708,4602447992801,1783476345271372801
3,433,16090729772,4602461818190,1783476345285198222
2,450,16090465028,4602462840372,1783476345286220372
0,414,16090114772,4602463899130,1783476345287279130
1,466,16123077388,4602479996660,1783476345303376692
3,434,16122700772,4602493862017,1783476345317242017
2,451,16122484964,4602494877159,1783476345318257159
0,415,16122143028,4602495940941,1783476345319320941
0,416,16154115548,4602515051991,1783476345338431991
2,452,16154498548,4602515412889,1783476345338792921
3,435,16154745420,4602515625882,1783476345339005914
1,467,16155090932,4602516078813,1783476345339458813
1,468,16191073356,4602548080943,1783476345371460943
3,436,16190729548,4602562297663,1783476345385677663
2,453,16190466964,4602563304836,1783476345386684868
0,417,16190118124,4602564356650,1783476345387736682
1,469,16223087420,4602580019106,1783476345403399138
2,454,16222512644,4602593897871,1783476345417277871
3,437,16222729028,4602594915349,1783476345418295349
0,418,16222119964,4602595971451,1783476345419351483
1,470,16255088548,4602616047498,1783476345439427530
2,455,16258512932,4602629955608,1783476345453335608
3,438,16254747932,4602630998622,1783476345454378654
0,419,16254118060,4602632073412,1783476345455453412
1,471,16291074644,4602648072637,1783476345471452637
3,439,16290729804,4602661904202,1783476345485284234
2,456,16290465932,4602662931632,1783476345486311632
0,420,16290101900,4602663995254,1783476345487375254
1,472,16323093612,4602680027823,1783476345503407823
3,440,16322746772,4602693828124,1783476345517208124
2,457,16322517996,4602694841858,1783476345518221858
0,421,16322133028,4602695912424,1783476345519292424
0,422,16354116836,4602715044339,1783476345538424339
2,458,16358513060,4602715363700,1783476345538743700
3,441,16354748932,4602715635350,1783476345539015382
1,473,16355091548,4602716070680,1783476345539450680
1,474,16391075388,4602748060043,1783476345571440043
3,442,16390702740,4602762342074,1783476345585722074
2,459,16390451996,4602763346016,1783476345586726016
0,423,16390116420,4602764377766,1783476345587757766
1,475,16423115324,4602780113950,1783476345603493950
3,443,16422749356,4602794394989,1783476345617775021
2,460,16422520868,4602795415635,1783476345618795635
0,424,16422133484,4602796483705,1783476345619863737
1,476,16459090740,4602816065734,1783476345639445766
2,461,16458498740,4602830304917,1783476345653684917
3,444,16454722580,4602831329275,1783476345654709275
0,425,16458116996,4602832385793,1783476345655765825
1,477,16491077612,4602848040600,1783476345671420600
3,445,16490702836,4602861920806,1783476345685300838
2,462,16490470868,4602862946828,1783476345686326860
0,426,16490149804,4602863992369,1783476345687372369
1,478,16523091228,4602884037985,1783476345707417985
3,446,16522746804,4602898005679,1783476345721385679
2,463,16522514964,4602899030069,1783476345722410069
0,427,16522115900,4602900117307,1783476345723497339
0,428,16558114644,4602915082318,1783476345738462318
2,464,16558482612,4602915391504,1783476345738771536
3,447,16558805644,4602915639409,1783476345739019441
1,479,16559089612,4602916080564,1783476345739460596
1,480,16591101804,4602948076614,1783476345771456614
3,448,16590701836,4602962091508,1783476345785471508
2,465,16590486028,4602963085786,1783476345786465786
0,429,16590147804,4602964172032,1783476345787552064
1,481,16623091580,4602984051855,1783476345807431855
3,449,16622750836,4602997957757,1783476345821337789
2,466,16622517804,4602998993314,1783476345822373314
0,430,16622157028,4603000064008,1783476345823444008
1,482,16659076092,4603015978945,1783476345839358913
2,467,16658465836,4603029410380,1783476345852790412
3,450,16658729740,4603030435538,1783476345853815570
0,431,16658116740,4603031479479,1783476345854859479
1,483,16691091092,4603048031444,1783476345871411412
2,468,16690501804,4603060801659,1783476345884181691
3,451,16690710836,4603061812929,1783476345885192961
0,432,16690155964,4603062882791,1783476345886262823
1,484,16723090228,4603084048157,1783476345907428157
3,452,16722748740,4603097958154,1783476345921338154
2,469,16722503964,4603098993744,1783476345922373776
0,433,16722129028,4603100120598,1783476345923500630
0,434,16758115452,4603115088650,1783476345938468650
2,470,16758469060,4603115423884,1783476345938803916
3,453,16758730676,4603115655853,1783476345939035853
1,485,16759076292,4603116074159,1783476345939454191
1,486,16791113036,4603148094530,1783476345971474562
2,471,16790516772,4603161953487,1783476345985333551
3,454,16790730548,4603162985173,1783476345986365173
0,435,16790161996,4603164088763,1783476345987468763
1,487,16823090292,4603184050314,1783476346007430314
2,472,16826514804,4603198266746,1783476346021646778
3,455,16822749772,4603199264063,1783476346022644063
0,436,16822124028,4603200328549,1783476346023708549
1,488,16859076100,4603216066461,1783476346039446493
3,456,16858716420,4603230509165,1783476346053889197
0,437,16858125836,4603231511955,1783476346054891987
2,473,16858455028,4603232570201,1783476346055950201
1,489,16891092708,4603248081071,1783476346071461039
2,474,16890518676,4603261423897,1783476346084803929
3,457,16890748580,4603262450591,1783476346085830591
0,438,16890133028,4603263505765,1783476346086885765
1,490,16923093132,4603284070007,1783476346107450007
3,458,16922752804,4603298194470,1783476346121574470
2,475,16926515708,4603299179691,1783476346122559691
0,439,16922178900,4603300250161,1783476346123630193
0,440,16958144868,4603315028932,1783476346138408932
2,476,16958461996,4603315444326,1783476346138824358
3,459,16958705220,4603315620103,1783476346139000135
1,491,16959077388,4603316040585,1783476346139420585
1,492,16991094228,4603348053659,1783476346171433659
2,477,16990518740,4603361956233,1783476346185336233
0,441,16990129740,4603362976879,1783476346186356879
3,460,16990750028,4603364066581,1783476346187446613
1,493,17027091228,4603384062212,1783476346207442212
3,461,17022719708,4603398389652,1783476346221769652
2,478,17026499868,4603399394201,1783476346222774201
0,442,17026115964,4603400464895,1783476346223844927
1,494,17059079580,4603416168471,1783476346239548503
3,462,17058706708,4603430351910,1783476346253731942
2,479,17058491996,4603431372427,1783476346254752427
0,443,17058135868,4603432445297,1783476346255825329
1,495,17091097228,4603452075743,1783476346275455775
2,480,17090519740,4603466540431,1783476346289920431
0,444,17090128580,4603467591957,1783476346290971989
3,463,17090751580,4603468614427,1783476346291994459
1,496,17127091388,4603484109521,1783476346307489521
3,464,17122725836,4603498297472,1783476346321677472
2,481,17126488996,4603499327206,1783476346322707206
0,445,17126139580,4603500387852,1783476346323767852
0,446,17158133900,4603515034109,1783476346338414141
2,482,17158489060,4603515380255,1783476346338760287
1,497,17159080484,4603516059971,1783476346339440003
3,465,17158705804,4603519687351,1783476346343067351
1,498,17191074716,4603552032395,1783476346375412459
3,466,17190754060,4603565842552,1783476346389222552
0,447,17190130028,4603566868222,1783476346390248222
2,483,17190520028,4603567934980,1783476346391314980
1,499,17227078580,4603584056349,1783476346407436349
3,467,17226734028,4603598046827,1783476346421426827
2,484,17226471932,4603599070993,1783476346422450993
0,448,17226126932,4603600161879,1783476346423541879
1,500,17259083804,4603616043184,1783476346439423184
3,468,17258705060,4603630008189,1783476346453388221
2,485,17258489996,4603631019619,1783476346454399619
0,449,17258113644,4603632170921,1783476346455550921
1,501,17291095676,4603652038200,1783476346475418232
0,450,17290145740,4603665870501,1783476346489250501
3,469,17290752772,4603666881803,1783476346490261803
2,486,17290504060,4603667953361,1783476346491333393
1,502,17327077836,4603684109258,1783476346507489290
2,487,17326469676,4603698417690,1783476346521797690
3,470,17326733676,4603699411552,1783476346522791584
0,451,17326118644,4603700466246,1783476346523846310
1,503,17359094708,4603716094909,1783476346539474909
0,452,17358166772,4603719081325,1783476346542461325
2,488,17358519900,4603719413263,1783476346542793295
3,471,17358732772,4603719674032,1783476346543054064
1,504,17391094772,4603752072165,1783476346575452165
3,472,17390755836,4603766283732,1783476346589663732
2,489,17394519932,4603767306618,1783476346590686618
0,453,17390178092,4603768366432,1783476346591746464
1,505,17427079004,4603784080951,1783476346607460951
3,473,17426720644,4603798234598,1783476346621614598
2,490,17426459996,4603799228779,1783476346622608779
0,454,17426156060,4603800293457,1783476346623673457
1,506,17459101548,4603816091913,1783476346639471913
0,455,17458230124,4603830546170,1783476346653926202
2,491,17458533868,4603831542815,1783476346654922847
3,474,17458758932,4603832578597,1783476346655958597
1,507,17491098324,4603852139794,1783476346675519826
3,475,17490756804,4603866505186,1783476346689885122
0,456,17490147156,4603867478919,1783476346690858887
2,492,17494526996,4603868564301,1783476346691944269
1,508,17527080908,4603884118468,1783476346707498468
2,493,17526475220,4603898826966,1783476346722206934
3,476,17526719868,4603899828571,1783476346723208539
0,457,17526133412,4603900853025,1783476346724232961
1,509,17559093548,4603916128854,1783476346739508822
0,458,17558155156,4603919022086,1783476346742402086
2,494,17558520092,4603919393800,1783476346742773736
3,477,17558749740,4603919675210,1783476346743055178
1,510,17595096484,4603952132863,1783476346775512895
3,478,17590744740,4603966082028,1783476346789461996
2,495,17594516060,4603967116658,1783476346790496690
0,459,17594139548,4603968222360,1783476346791602360
1,511,17627078932,4603984028880,1783476346807408880
0,460,17626111444,4603997507195,1783476346820887131
2,496,17626471060,4603998555105,1783476346821935105
3,479,17626704060,4603999601575,1783476346822981575
1,512,17659091740,4604020058745,1783476346843438777
2,497,17658517508,4604033795045,1783476346857174981
3,480,17658749836,4604034923340,1783476346858303340
0,461,17658112644,4604036091218,1783476346859471218
1,513,17695094804,4604052031019,1783476346875410955
3,481,17690722580,4604064958259,1783476346888338195
0,462,17694128804,4604066016921,1783476346889396921
2,498,17694488028,4604067047934,1783476346890427934
1,514,17727075676,4604084110845,1783476346907490845
3,482,17726702284,4604098344013,1783476346921723981
0,463,17726131156,4604099360882,1783476346922740850
2,499,17726484996,4604100400792,1783476346923780728
0,464,17758135316,4604119104512,1783476346942484480
2,500,17758521188,4604119377698,1783476346942757666
3,483,17758755124,4604119618499,1783476346942998467
1,515,17759094612,4604120056518,1783476346943436550
1,516,17795082676,4604152195417,1783476346975575449
2,501,17794474028,4604166715497,1783476346990095497
0,465,17794140804,4604167725007,1783476346991105039
3,484,17794738028,4604168740117,1783476346992120085
1,517,17827081836,4604188055840,1783476347011435840
0,466,17826119644,4604202618609,1783476347025998641
3,485,17826707356,4604203674679,1783476347027054711
2,502,17826491515,4604204686973,1783476347028067005
1,518,17859103548,4604220130290,1783476347043510322
3,486,17858752772,4604234817316,1783476347058197284
2,503,17858518964,4604235855306,1783476347059235338
0,467,17858122092,4604236909776,1783476347060289808
1,519,17895080292,4604252052676,1783476347075432708
2,504,17894474740,4604266184402,1783476347089564402
3,487,17894737644,4604267198168,1783476347090578168
0,468,17894146092,4604268265022,1783476347091645054
1,520,17927099228,4604284049910,1783476347107429942
3,488,17926737676,4604298034595,1783476347121414595
2,505,17926521932,4604299047593,1783476347122427625
0,469,17926132092,4604300142799,1783476347123522831
0,470,17958140996,4604319022200,1783476347142402232
2,506,17962520900,4604319363898,1783476347142743930
3,489,17958759932,4604319608763,1783476347142988763
1,521,17959099196,4604320057886,1783476347143437918
1,522,17995082644,4604352116336,1783476347175496336
3,490,17994719644,4604366683201,1783476347190063201
2,507,17994458932,4604367693542,1783476347191073542
0,471,17994148028,4604368759468,1783476347192139468
1,523,18027098516,4604384083682,1783476347207463714
3,491,18026754580,4604398343761,1783476347221723761
2,508,18026522932,4604399354134,1783476347222734134
0,472,18026135060,4604400417404,1783476347223797436
1,524,18059112452,4604420060138,1783476347243440138
3,492,18058757452,4604434049751,1783476347257429783
2,509,18062522996,4604435122269,1783476347258502269
0,473,18058135932,4604436150883,1783476347259530915
1,525,18095086036,4604452057531,1783476347275437563
3,493,18094722804,4604465964137,1783476347289344169
2,510,18094465060,4604466985230,1783476347290365262
0,474,18094150676,4604468060020,1783476347291440052
1,526,18127087708,4604484046381,1783476347307426381
3,494,18126754740,4604498016475,1783476347321396507
2,511,18126523932,4604499039200,1783476347322419200
0,475,18126131932,4604500127206,1783476347323507238
2,512,18162504868,4604519389490,1783476347342769490
0,476,18158185060,4604519771668,1783476347343151668
1,527,18159105452,4604520063669,1783476347343443701
3,495,18158763900,4604520858842,1783476347344238842
2,513,18194485292,4604551459716,1783476347374839716
1,528,18195082644,4604552113639,1783476347375493671
0,477,18194154996,4604566461879,1783476347389841879
3,496,18194707804,4604567448477,1783476347390828477
1,529,18227098612,4604588062031,1783476347411441999
3,497,18226752356,4604601586842,1783476347424966810
2,514,18226524156,4604602566976,1783476347425946912
0,478,18226167580,4604603611878,1783476347426991814
1,530,18263100740,4604620080193,1783476347443460161
0,479,18262119156,4604633435787,1783476347456815723
3,498,18258726740,4604634392625,1783476347457772593
2,515,18262488252,4604635464759,1783476347458844727
1,531,18295087028,4604652092499,1783476347475472435
0,480,18294111868,4604665317373,1783476347488697277
3,499,18294710124,4604666333442,1783476347489713410
2,516,18294494060,4604667385096,1783476347490765064
1,532,18327093252,4604688034011,1783476347511413979
2,517,18326520188,4604701326149,1783476347524706085
0,481,18326118220,4604702344810,1783476347525724778
3,500,18326751644,4604703380592,1783476347526760560
1,533,18363048987,4604720043053,1783476347543423021
3,501,18362736156,4604724516838,1783476347547896774
2,518,18362477124,4604725608492,1783476347548988460
0,482,18362146220,4604726653265,1783476347550033233
2,519,18394511388,4604751472027,1783476347574852027
1,534,18395085092,4604752035103,1783476347575415199
0,483,18394137740,4604755054255,1783476347578434255
3,502,18394709612,4604755726611,1783476347579106579
1,535,18427107324,4604788405929,1783476347611785929
0,484,18426141836,4604802757912,1783476347626137880
3,503,18426766996,4604803722686,1783476347627102654
2,520,18426522316,4604804763396,1783476347628143364
1,536,18463086708,4604820048761,1783476347643428729
3,504,18462738580,4604833717188,1783476347657097188
0,485,18462167028,4604834744138,1783476347658124138
2,521,18462487060,4604835812048,1783476347659192048
1,537,18495108028,4604852039658,1783476347675419658
3,505,18494752644,4604866321722,1783476347689701722
2,522,18494536900,4604867386624,1783476347690766624
0,486,18494126932,4604868428901,1783476347691808933
1,538,18527105644,4604887994418,1783476347711374450
3,506,18526757580,4604901865919,1783476347725245919
2,523,18526508932,4604902895493,1783476347726275525
0,487,18526146836,4604904102060,1783476347727482092
1,539,18563083164,4604920078724,1783476347743458724
3,507,18562739580,4604925943237,1783476347749323269
2,524,18562484772,4604927073995,1783476347750453995
0,488,18562130708,4604928056945,1783476347751436977
1,540,18595099132,4604952082646,1783476347775462646
0,489,18594125932,4604955087015,1783476347778467079
2,525,18594521996,4604955421289,1783476347778801321
3,508,18594753740,4604955685866,1783476347779065866
1,541,18627116356,4604988058366,1783476347811438398
2,526,18630524868,4605002158861,1783476347825538925
3,509,18626757644,4605003233843,1783476347826613875
0,490,18626134644,4605004283544,1783476347827663544
1,542,18663082388,4605020033872,1783476347843413904
3,510,18662721580,4605033736892,1783476347857116892
2,527,18662475932,4605034819010,1783476347858199010
0,491,18662108996,4605035844968,1783476347859224968
1,543,18695098740,4605052044290,1783476347875424322
3,511,18694754612,4605065790382,1783476347889170414
2,528,18694521932,4605066823924,1783476347890203924
0,492,18694123772,4605067864282,1783476347891244282
1,544,18727099452,4605088046378,1783476347911426378
3,512,18726779644,4605101851927,1783476347925231927
2,529,18730507612,4605103013373,1783476347926393405
0,493,18726124772,4605103953122,1783476347927333122
1,545,18763084324,4605120058556,1783476347943438588
3,513,18762709060,4605133765288,1783476347957145288
0,494,18762109900,4605134785774,1783476347958165806
2,530,18762475092,4605135896884,1783476347959276884
0,495,18794111996,4605155045406,1783476347978425438
2,531,18794522996,4605155364960,1783476347978744960
3,514,18794755964,4605155636546,1783476347979016546
1,546,18795099356,4605156093924,1783476347979473956
1,547,18831100324,4605188099222,1783476348011479222
3,515,18826727644,4605202202436,1783476348025582468
0,496,18830166028,4605203221642,1783476348026601642
2,532,18830513156,4605204238799,1783476348027618799
1,548,18863085420,4605220069159,1783476348043449191
0,497,18862111644,4605233906484,1783476348057286516
3,516,18862708644,4605234925946,1783476348058305978
2,533,18862493444,4605235923071,1783476348059303039
1,549,18895101612,4605256025775,1783476348079405775
3,517,18894757804,4605270017180,1783476348093397180
2,534,18894523772,4605271041090,1783476348094421090
0,498,18894125676,4605272170696,1783476348095550728
1,550,18931089644,4605288038560,1783476348111418912
3,518,18930739836,4605301855341,1783476348125235341
2,535,18930476964,4605302869043,1783476348126249075
0,499,18930125708,4605303942457,1783476348127322457
1,551,18963086356,4605320028754,1783476348143408786
3,519,18962710124,4605333772190,1783476348157152190
2,536,18962492868,4605334804964,1783476348158184964
0,500,18962111804,4605335862378,1783476348159242410
0,501,18994129772,4605355039956,1783476348178419956
2,537,18994523772,4605355367574,1783476348178747574
3,520,18994756900,4605355614455,1783476348178994487
1,552,18995105644,4605355994809,1783476348179374809
1,553,19031093516,4605388064107,1783476348211444107
3,521,19030744964,4605401944120,1783476348225324120
2,538,19030482996,4605402964318,1783476348226344382
0,502,19030167836,4605404056356,1783476348227436388
1,554,19063102612,4605420063453,1783476348243443453
3,522,19062739060,4605433922026,1783476348257302026
0,503,19062123900,4605434927695,1783476348258307727
2,539,19062523900,4605436037589,1783476348259417589
1,555,19095107740,4605456075013,1783476348279455013
3,523,19094759028,4605469954834,1783476348293334866
2,540,19094512124,4605470960727,1783476348294340759
0,504,19094126996,4605472052509,1783476348295432509
1,556,19131101676,4605488089014,1783476348311469046
3,524,19130740900,4605501957507,1783476348325337507
2,541,19130478060,4605502931177,1783476348326311177
0,505,19130128836,4605503987022,1783476348327367054
1,557,19163101772,4605520061096,1783476348343441128
3,525,19162739836,4605533894004,1783476348357274036
2,542,19162525092,4605534904026,1783476348358284026
0,506,19162124996,4605536119329,1783476348359499361
0,507,19194127772,4605555031146,1783476348378411178
2,543,19198523932,4605555381772,1783476348378761804
3,526,19194759740,4605555645421,1783476348379025421
1,558,19195101740,4605556057999,1783476348379437999
1,559,19231111676,4605588072577,1783476348411452609
2,544,19230468964,4605601921038,1783476348425301070
3,527,19230729996,4605603052564,1783476348426432564
0,508,19230156932,4605604037529,1783476348427417561
1,560,19263100228,4605620067794,1783476348443447794
2,545,19262523836,4605633903551,1783476348457283551
3,528,19262782868,4605634924389,1783476348458304389
0,509,19262125772,4605636110571,1783476348459490571
1,561,19295100580,4605656054746,1783476348479434746
3,529,19294759092,4605669837639,1783476348493217639
2,546,19298507740,4605670855884,1783476348494235884
0,510,19294128772,4605672077843,1783476348495457843
1,562,19331086580,4605688091084,1783476348511471084
3,530,19330710708,4605701914457,1783476348525294457
2,547,19330476772,4605702930142,1783476348526310142
0,511,19330111804,4605704100101,1783476348527480133
1,563,19363104580,4605724046995,1783476348547427027
3,531,19362756804,4605737895200,1783476348561275200
2,548,19362524708,4605738913382,1783476348562293382
0,512,19362127996,4605740110892,1783476348563490924
0,513,19398124740,4605755043263,1783476348578423327
2,549,19398509220,4605755365601,1783476348578745601
3,532,19394728932,4605755659939,1783476348579039939
1,564,19399100804,4605756105253,1783476348579485285
1,565,19431091516,4605788058486,1783476348611438486
2,550,19430500388,4605802072292,1783476348625452324
0,514,19430158804,4605803415244,1783476348626795276
3,533,19430714868,4605804286064,1783476348627666064
1,566,19463087644,4605824092510,1783476348647472542
2,551,19462524644,4605838304589,1783476348661684621
3,534,19462759964,4605839407155,1783476348662787155
0,515,19462124964,4605840386457,1783476348663766489
1,567,19499102548,4605856088592,1783476348679468592
3,535,19498757356,4605870232286,1783476348693612286
2,552,19498493932,4605871239204,1783476348694619236
0,516,19498127964,4605872363498,1783476348695743530
1,568,19531087772,4605892105464,1783476348715485560
2,553,19530496964,4605906172326,1783476348729552358
3,536,19530711996,4605907219628,1783476348730599628
0,517,19530130060,4605908266417,1783476348731646417
2,554,19562534548,4605923381349,1783476348746761349
1,569,19563115388,4605924041609,1783476348747421641
3,537,19562763931,4605929036293,1783476348752416293
0,518,19562157804,4605930062986,1783476348753442986
0,519,19598128580,4605955044149,1783476348778424181
2,555,19598478836,4605955396631,1783476348778776695
3,538,19598742900,4605955649112,1783476348779029112
1,570,19599088740,4605956058554,1783476348779438554
1,571,19631104292,4605988065996,1783476348811446028
3,539,19630743900,4606001898073,1783476348825278073
2,556,19630530932,4606002921246,1783476348826301246
0,520,19630170612,4606004100229,1783476348827480261
1,572,19663101228,4606024076212,1783476348847456244
2,557,19662512804,4606038186370,1783476348861566402
3,540,19662758868,4606039200936,1783476348862580936
0,521,19662128996,4606040320622,1783476348863700654
1,573,19699086420,4606056065861,1783476348879445861
2,558,19698480964,4606069912946,1783476348893292978
3,541,19698744868,4606070919512,1783476348894299544
0,522,19698130612,4606072113854,1783476348895493854
1,574,19731090580,4606088121623,1783476348911501623
2,559,19730528804,4606102437383,1783476348925817415
3,542,19730758612,4606103437708,1783476348926817740
0,523,19730136772,4606104554962,1783476348927934962
1,575,19763106548,4606124118047,1783476348947498079
3,543,19762764772,4606138185261,1783476348961565293
2,560,19766534900,4606139191570,1783476348962571602
0,524,19762144060,4606140309721,1783476348963689721
0,525,19798127900,4606155053802,1783476348978433802
2,561,19798465868,4606155404588,1783476348978784588
3,544,19798727708,4606155638862,1783476348979018894
1,576,19799088420,4606156046896,1783476348979426928
1,577,19831105676,4606188074850,1783476349011454850
3,545,19830762452,4606202078863,1783476349025458863
2,562,19830534932,4606203198037,1783476349026578069
0,526,19830176644,4606204181371,1783476349027561403
1,578,19863118612,4606224091849,1783476349047471849
3,546,19862762708,4606238463033,1783476349061843033
2,563,19866544092,4606239632703,1783476349063012671
0,527,19862140476,4606240448452,1783476349063828420
1,579,19899090612,4606256034362,1783476349079414362
3,547,19898717900,4606269963591,1783476349093343623
2,564,19898490932,4606271111853,1783476349094491853
0,528,19898123772,4606272082643,1783476349095462675
1,580,19931107388,4606288062379,1783476349111442411
3,548,19930760708,4606301920888,1783476349125300888
2,565,19930529932,4606303076350,1783476349126456350
0,529,19930136932,4606304042692,1783476349127422724
1,581,19967102516,4606324034355,1783476349147414387
3,549,19962733868,4606337764351,1783476349161144351
2,566,19966512932,4606338821444,1783476349162201444
0,530,19966130868,4606339856874,1783476349163236874
0,531,19998123580,4606355053470,1783476349178433502
2,567,19998513612,4606355405120,1783476349178785120
3,550,19998730028,4606355629121,1783476349179009121
1,582,19999092804,4606356031332,1783476349179411332
1,583,20031106292,4606392083755,1783476349215463755
2,568,20030529996,4606405978744,1783476349229358744
3,551,20030761028,4606406987614,1783476349230367614
0,532,20030170060,4606408173476,1783476349231553508
2,569,20066499676,4606423402105,1783476349246782105
1,584,20067106644,4606424046748,1783476349247426748
3,552,20066761835,4606428947032,1783476349252327064
0,533,20066141964,4606429978173,1783476349253358173
1,585,20099093708,4606456048142,1783476349279428142
3,553,20098717836,4606469902906,1783476349293282906
2,570,20098500964,4606470926880,1783476349294306880
0,534,20098158644,4606472099687,1783476349295479687
1,586,20131106420,4606492092181,1783476349315472213
3,554,20130762964,4606505906754,1783476349329286754
2,571,20130530900,4606506933031,1783476349330313063
0,535,20130145932,4606508110542,1783476349331490606
1,587,20167091452,4606524046694,1783476349347426726
3,555,20166745676,4606537942451,1783476349361322515
2,572,20166483996,4606538956153,1783476349362336153
0,536,20166141996,4606540124959,1783476349363504959
0,537,20198162804,4606559059656,1783476349382439656
2,573,20198518252,4606559413418,1783476349382793482
3,556,20198732868,4606559689644,1783476349383069676
1,588,20199110260,4606560036782,1783476349383416814
1,589,20231111932,4606592268736,1783476349415648736
3,557,20230765964,4606606137069,1783476349429517101
2,574,20230503996,4606607171923,1783476349430551923
0,538,20230150772,4606608279609,1783476349431659641
2,575,20266483900,4606623393612,1783476349446773612
1,590,20267090900,4606624051664,1783476349447431696
3,558,20266747900,4606628798282,1783476349452178282
0,539,20266142964,4606629875280,1783476349453255280
1,591,20299112996,4606656064129,1783476349479444161
3,559,20298780996,4606669834286,1783476349493214318
2,576,20298541996,4606670887699,1783476349494267731
0,540,20298179028,4606672060122,1783476349495440154
1,592,20331107868,4606692080969,1783476349515460969
3,560,20330764740,4606705739860,1783476349529119860
0,541,20330144900,4606706833210,1783476349530213210
2,577,20334530964,4606707863264,1783476349531243264
1,593,20367093804,4606724085050,1783476349547465050
2,578,20366468836,4606737741542,1783476349561121606
3,561,20366730964,4606738778923,1783476349562158923
0,542,20366133156,4606739888530,1783476349563268530
1,594,20399106836,4606756065995,1783476349579446027
0,543,20398138964,4606759047420,1783476349582427452
2,579,20398530804,4606759431518,1783476349582811550
3,562,20398762804,4606759770240,1783476349583150240
1,595,20431120676,4606792110003,1783476349615490067
2,580,20434533676,4606806454914,1783476349629834914
3,563,20430808708,4606807462568,1783476349630842600
0,544,20430161548,4606809274802,1783476349632654802
2,581,20466470092,4606823373472,1783476349646753440
1,596,20467093188,4606824037988,1783476349647418020
3,564,20466718996,4606828924959,1783476349652304991
0,545,20466132028,4606830001861,1783476349653381861
1,597,20499112676,4606856089077,1783476349679469077
2,582,20498544868,4606870488965,1783476349693868997
3,565,20498769580,4606871542443,1783476349694922443
0,546,20498151804,4606872623345,1783476349696003377
1,598,20535105644,4606892070044,1783476349715450076
3,566,20530740644,4606905951497,1783476349729331497
2,583,20534516772,4606907016271,1783476349730396271
0,547,20534176676,4606908109589,1783476349731489589
1,599,20567094740,4606924117966,1783476349747497966
3,567,20566716612,4606938112219,1783476349761492219
2,584,20566501028,4606939168097,1783476349762548097
0,548,20566129060,4606940174183,1783476349763554215
0,549,20598134156,4606959068303,1783476349782448303
2,585,20598531964,4606959385937,1783476349782765937
3,568,20598764027,4606959635443,1783476349783015443
1,600,20599127932,4606960065365,1783476349783445397
1,601,20635111548,4606992128870,1783476349815508870
0,550,20634177996,4607006671703,1783476349830051735
2,586,20634504868,4607007698781,1783476349831078813
3,569,20634767028,4607008733058,1783476349832113058
2,587,20666507932,4607023443988,1783476349846823988
1,602,20667097740,4607024101848,1783476349847481848
3,570,20666718676,4607029106291,1783476349852486291
0,551,20666166388,4607030140857,1783476349853520889
1,603,20699114708,4607060069247,1783476349883449279
2,588,20698544060,4607073917835,1783476349897297835
3,571,20698772900,4607074956081,1783476349898336081
0,552,20698165932,4607075998647,1783476349899378647
2,589,20734485740,4607091392940,1783476349914772972
1,604,20735093676,4607092030960,1783476349915410992
0,553,20734138804,4607097017771,1783476349920397803
3,572,20734749028,4607098037361,1783476349921417393
1,605,20767094772,4607124072097,1783476349947452129
2,590,20766501964,4607138026414,1783476349961406414
3,573,20766718060,4607139056980,1783476349962436980
0,554,20766127900,4607140191418,1783476349963571418
2,591,20798521932,4607159388581,1783476349982768581
3,574,20798765772,4607159791879,1783476349983171879
1,606,20799108516,4607160046568,1783476349983426568
0,555,20798157932,4607160853325,1783476349984233325
0,556,20834180964,4607191071956,1783476350014452020
2,592,20834489284,4607191390550,1783476350014770582
3,575,20834750996,4607191646071,1783476350015026071
1,607,20835094516,4607192061338,1783476350015441658
1,608,20867125804,4607224102187,1783476350047482219
3,576,20866762740,4607238222649,1783476350061602681
0,557,20866163996,4607239245694,1783476350062625694
2,593,20866553964,4607240295588,1783476350063675588
1,609,20899129772,4607260072690,1783476350083452690
3,577,20898766772,4607274179488,1783476350097559520
2,594,20902531772,4607275203397,1783476350098583397
0,558,20898143028,4607276261099,1783476350099641099
2,595,20934471964,4607291388351,1783476350114768351
1,610,20935117644,4607292043746,1783476350115423778
3,578,20934733868,4607296898557,1783476350120278589
0,559,20934132868,4607297940835,1783476350121320835
1,611,20967107708,4607324056307,1783476350147436307
3,579,20966763964,4607337870432,1783476350161250432
2,596,20966531900,4607338895813,1783476350162275813
0,560,20966133996,4607339955019,1783476350163335019
1,612,20999107708,4607360039770,1783476350183419770
3,580,20998767996,4607365464984,1783476350188844984
0,561,20998148932,4607366487102,1783476350189867134
2,597,21002532612,4607367545668,1783476350190925668
0,562,21034128932,4607391064486,1783476350214444518
2,598,21034470868,4607391398600,1783476350214778632
3,581,21034719996,4607391642921,1783476350215022921
1,613,21035093996,4607392032011,1783476350215412011
1,614,21067111932,4607424039836,1783476350247419836
3,582,21066764836,4607437808008,1783476350261188008
2,599,21066534932,4607438815726,1783476350262195726
0,563,21066154932,4607439869492,1783476350263249492
1,615,21103127292,4607460112740,1783476350283492772
3,583,21098736580,4607474414099,1783476350297794131
2,600,21102538964,4607475412376,1783476350298792376
0,564,21102170740,4607476466558,1783476350299846590
0,565,21134124676,4607491092303,1783476350314472303
2,601,21134499092,4607491400432,1783476350314780432
3,584,21134719740,4607491642770,1783476350315022802
1,616,21135093516,4607492122420,1783476350315502420
1,617,21167113388,4607528043035,1783476350351423035
3,585,21166768708,4607541982536,1783476350365362536
2,602,21166545900,4607543007534,1783476350366387566
0,566,21166181900,4607544090548,1783476350367470548
0,567,21202144708,4607559041926,1783476350382421926
2,603,21202503060,4607559382920,1783476350382762920
3,586,21198738156,4607559631818,1783476350383011850
1,618,21203109676,4607560035820,1783476350383415820
0,568,21234164836,4607591066007,1783476350414446007
2,604,21234507028,4607591408409,1783476350414788441
1,619,21235100484,4607592066205,1783476350415446237
3,587,21234723868,4607595692465,1783476350419072465
1,620,21267111708,4607628034020,1783476350451414020
3,588,21266767772,4607641936849,1783476350465316849
2,605,21266535932,4607642963670,1783476350466343670
0,569,21266150028,4607644047580,1783476350467427612
0,570,21302145836,4607659043727,1783476350482423759
2,606,21302488060,4607659383505,1783476350482763505
3,589,21302750996,4607659629299,1783476350483009331
1,621,21303095388,4607660038357,1783476350483418357
1,622,21335096708,4607692122342,1783476350515502342
2,607,21334519964,4607706092275,1783476350529472275
3,590,21334720804,4607707148953,1783476350530528953
0,571,21334131708,4607708172895,1783476350531552927
2,608,21366521996,4607727401833,1783476350550781833
1,623,21367109196,4607728091853,1783476350551471885
3,591,21366766900,4607728140045,1783476350551520045
0,572,21366151900,4607729137523,1783476350552517523
1,624,21403100836,4607760092990,1783476350583473022
2,609,21402509836,4607774313773,1783476350597693773
3,592,21402751772,4607775339922,1783476350598719922
0,573,21402156516,4607776398200,1783476350599778200
1,625,21435111644,4607792071343,1783476350615451375
0,574,21434147028,4607795045375,1783476350618425375
2,610,21434535932,4607795412289,1783476350618792289
3,593,21434749708,4607795691107,1783476350619071107
1,626,21467113612,4607828092022,1783476350651472054
2,611,21470548836,4607842542598,1783476350665922630
0,575,21466155676,4607843573643,1783476350666953675
3,594,21466769676,4607844588753,1783476350667968785
0,576,21502153316,4607859096065,1783476350682476097
2,612,21502489900,4607859412803,1783476350682792803
3,595,21502749900,4607859676260,1783476350683056324
1,627,21503115676,4607860108583,1783476350683488615
1,628,21535127228,4607892126552,1783476350715506520
2,613,21534559516,4607906875049,1783476350730255049
3,596,21534781708,4607907829583,1783476350731209615
0,577,21534168900,4607908905973,1783476350732286005
2,614,21570540420,4607927434299,1783476350750814331
1,629,21567121900,4607928085759,1783476350751465759
0,578,21566156836,4607929463526,1783476350752843558
3,597,21566773772,4607930371115,1783476350753751115
1,630,21603117964,4607960228944,1783476350783608944
3,598,21602721676,4607974419295,1783476350797799327
2,615,21602490060,4607975456389,1783476350798836389
0,579,21602126284,4607976517450,1783476350799897482
1,631,21635112220,4607992033152,1783476350815413184
0,580,21634146900,4607995028465,1783476350818408465
2,616,21634535900,4607995376691,1783476350818756691
3,599,21634766740,4607995659796,1783476350819039796
1,632,21671108804,4608028128840,1783476350851508840
3,600,21666740804,4608042026613,1783476350865406645
2,617,21670518996,4608043081562,1783476350866461562
0,581,21670144996,4608044149856,1783476350867529856
0,582,21702147548,4608059052883,1783476350882432883
2,618,21702490964,4608059391765,1783476350882771797
3,601,21702722060,4608059633622,1783476350883013654
1,633,21703097028,4608060071064,1783476350883451096
1,634,21735110356,4608096093311,1783476350919473311
3,602,21734766804,4608110457071,1783476350933837103
2,619,21734535740,4608111474548,1783476350934854548
0,583,21734137996,4608112536826,1783476350935916858
0,584,21770182612,4608127050155,1783476350950430187
2,620,21770511028,4608127386412,1783476350950766412
3,603,21766748252,4608127637166,1783476350951017198
1,635,21771114708,4608128050288,1783476350951430288
1,636,21803097484,4608160038145,1783476350983418177
2,621,21802503772,4608173869005,1783476350997249037
3,604,21802721964,4608174918963,1783476350998298963
0,585,21802142964,4608175972889,1783476350999352889
0,586,21834153516,4608195052802,1783476351018432802
2,622,21834536868,4608195382340,1783476351018762372
3,605,21834770060,4608195658374,1783476351019038374
1,637,21835112452,4608196047368,1783476351019427400
1,638,21871101420,4608228110041,1783476351051490393
2,623,21870498092,4608242289319,1783476351065669319
3,606,21870758740,4608243296525,1783476351066676525
0,587,21870183964,4608244375923,1783476351067755923
1,639,21903102324,4608260111497,1783476351083491529
0,588,21902170740,4608263070554,1783476351086450554
2,624,21902519932,4608263430524,1783476351086810524
3,607,21902727932,4608263690077,1783476351087070109
1,640,21935112684,4608296061232,1783476351119441296
3,608,21934772644,4608310223294,1783476351133603294
2,625,21934526900,4608311246916,1783476351134626948
0,589,21934161092,4608312305641,1783476351135685641
0,590,21970140676,4608327049371,1783476351150429403
2,626,21970492932,4608327387005,1783476351150767005
3,609,21970751996,4608327629406,1783476351151009406
1,641,21971099548,4608328081025,1783476351151461025
1,642,22003112228,4608360120593,1783476351183500593
2,627,22002536028,4608373944382,1783476351197324382
3,610,22002751028,4608375023716,1783476351198403716
0,591,22002148868,4608376078089,1783476351199458089
0,592,22034172612,4608395101266,1783476351218481298
2,628,22038535996,4608395404084,1783476351218784116
3,611,22034771932,4608395652565,1783476351219032565
1,643,22035136580,4608396062520,1783476351219442520
1,644,22071096196,4608428120969,1783476351251500969
2,629,22070477580,4608442444248,1783476351265824280
3,612,22070736740,4608443460925,1783476351266840925
0,593,22070140900,4608444506403,1783476351267886435
1,645,22103113292,4608460088793,1783476351283468793
0,594,22102147996,4608463050057,1783476351286430089
2,630,22102540060,4608463415979,1783476351286795979
3,613,22102770964,4608463682349,1783476351287062381
1,646,22135114196,4608496080384,1783476351319460384
2,631,22138520516,4608510237230,1783476351333617230
3,614,22134773868,4608511269587,1783476351334649587
0,595,22134158028,4608512327737,1783476351335707769
0,596,22170157676,4608527049899,1783476351350429899
2,632,22170475964,4608527387948,1783476351350767948
3,615,22170738028,4608527636142,1783476351351016174
1,647,22171097548,4608528100208,1783476351351480240
1,648,22203117324,4608560057505,1783476351383437505
2,633,22202539964,4608573945261,1783476351397325261
3,616,22202770932,4608574968211,1783476351398348211
0,597,22202180028,4608576079673,1783476351399459673
0,598,22238134996,4608595044034,1783476351418424034
2,634,22238519900,4608595386788,1783476351418766820
3,617,22234742932,4608595632165,1783476351419012165
1,649,22239110484,4608596045895,1783476351419425895
1,650,22271098516,4608628037848,1783476351451417880
0,599,22270139028,4608641792644,1783476351465172644
2,635,22270490996,4608642815113,1783476351466195113
3,618,22270724580,4608643861807,1783476351467241807
0,600,22302136836,4608663036921,1783476351486416921
2,636,22302536028,4608663379323,1783476351486759355
3,619,22302767740,4608663648284,1783476351487028316
1,651,22303111676,4608664066367,1783476351487446367
1,652,22339116676,4608696123632,1783476351519503664
3,620,22334739644,4608710287838,1783476351533667838
2,637,22338509772,4608711310467,1783476351534690499
0,601,22338176836,4608712356425,1783476351535736425
0,602,22370150772,4608727050842,1783476351550430842
2,638,22370518932,4608727406172,1783476351550786204
1,653,22371104484,4608728067968,1783476351551447968
3,621,22370741452,4608731710548,1783476351555090548
1,654,22403113028,4608764054087,1783476351587434119
3,622,22402773028,4608778046356,1783476351601426388
2,639,22402537964,4608779177018,1783476351602557050
0,603,22402129644,4608780181856,1783476351603561856
0,604,22438138964,4608795044754,1783476351618424754
2,640,22438489028,4608795387667,1783476351618767699
3,623,22438753868,4608795644757,1783476351619024789
1,655,22439097932,4608796044503,1783476351619424535
1,656,22471100900,4608828095144,1783476351651475176
3,624,22470724708,4608842134005,1783476351665514005
0,605,22470162996,4608843154587,1783476351666534587
2,641,22470509060,4608844208897,1783476351667588897
0,606,22502141644,4608863056681,1783476351686436713
2,642,22502538028,4608863396043,1783476351686776075
3,625,22502770188,4608863672556,1783476351687052588
1,657,22503112740,4608864130575,1783476351687510607
1,658,22539116420,4608896136223,1783476351719516223
3,626,22538758420,4608910878449,1783476351734258481
0,607,22538185156,4608911880342,1783476351735260374
2,643,22538495932,4608913585728,1783476351736965760
1,659,22571115740,4608928079152,1783476351751459152
2,644,22570540772,4608942497279,1783476351765877279
3,627,22570754996,4608943513061,1783476351766893093
0,608,22570179676,4608944558859,1783476351767938859
0,609,22602149868,4608963092369,1783476351786472401
2,645,22606537900,4608963387763,1783476351786767795
3,628,22602776028,4608963631956,1783476351787011956
1,660,22603116452,4608964074294,1783476351787454294
0,610,22638172996,4608995062081,1783476351818442081
2,646,22638477124,4608995386115,1783476351818766115
3,629,22638737772,4608995636421,1783476351819016453
1,661,22639098516,4608996105511,1783476351819485543
1,662,22671099772,4609028090648,1783476351851470648
2,647,22670542964,4609031442922,1783476351854822922
3,630,22670772772,4609031692556,1783476351855072620
0,611,22670185708,4609042280422,1783476351865660422
0,612,22702143060,4609063334138,1783476351886714138
2,648,22706537028,4609063408955,1783476351886788955
3,631,22702773380,4609063654236,1783476351887034268
1,663,22703112804,4609064086974,1783476351887466974
1,664,22739109100,4609096098063,1783476351919478063
2,649,22738481868,4609110128988,1783476351933508988
3,632,22738741900,4609111162626,1783476351934542626
0,613,22738169740,4609112209736,1783476351935589768
1,665,22771117772,4609128064863,1783476351951444863
0,614,22770178804,4609131043536,1783476351954423536
2,650,22770541932,4609131412402,1783476351954792434
3,633,22770773028,4609131679411,1783476351955059411
1,666,22803116420,4609164049542,1783476351987429542
3,634,22802773836,4609178041171,1783476352001421235
2,651,22806539964,4609179062137,1783476352002442169
0,615,22802155028,4609180144511,1783476352003524511
0,616,22838169356,4609195060945,1783476352018440945
2,652,22838498932,4609195389491,1783476352018769523
3,635,22838729932,4609195635380,1783476352019015412
1,667,22839109836,4609196054294,1783476352019434454
0,617,22870149612,4609231093847,1783476352054473879
2,653,22870541156,4609231389913,1783476352054769945
3,636,22870770836,4609231654715,1783476352055034715
1,668,22871114836,4609232060445,1783476352055440445
1,669,22907126388,4609264090637,1783476352087470669
3,637,22902744388,4609278219867,1783476352101599867
2,654,22906524772,4609279236737,1783476352102616737
0,618,22906154092,4609280299943,1783476352103679975
0,619,22938168676,4609295062744,1783476352118442744
2,655,22938525996,4609295402682,1783476352118782714
1,670,22939102484,4609296105854,1783476352119485854
3,638,22938728028,4609299697617,1783476352123077681
1,671,22971116676,4609332034468,1783476352155414468
2,656,22970541124,4609345902896,1783476352169282896
3,639,22970772996,4609346933366,1783476352170313366
0,620,22970180964,4609347985851,1783476352171365883
0,621,23006144740,4609363056590,1783476352186436590
2,657,23006493124,4609363382128,1783476352186762192
3,640,23006757092,4609363632754,1783476352187012786
1,672,23007101868,4609364082100,1783476352187462100
2,658,23038512804,4609399458487,1783476352222838487
1,673,23039101420,4609400094874,1783476352223474906
0,622,23038164028,4609400129275,1783476352223509307
3,641,23038725932,4609400994559,1783476352224374559
0,623,23070141772,4609431053957,1783476352254433957
2,659,23070542028,4609431386695,1783476352254766695
3,642,23070771996,4609431648744,1783476352255028776
1,674,23071138484,4609432073739,1783476352255453739
1,675,23107101452,4609464071451,1783476352287451451
3,643,23106755772,4609478181001,1783476352301561033
2,660,23106493028,4609479181678,1783476352302561678
0,624,23106181964,4609480245876,1783476352303625876
1,676,23139116580,4609496059883,1783476352319439979
0,625,23138162868,4609499054268,1783476352322434300
2,661,23138540996,4609499441374,1783476352322821374
3,644,23138756996,4609499683423,1783476352323063455
1,677,23171120196,4609532075314,1783476352355455346
0,626,23170163772,4609546194399,1783476352369574399
2,662,23170531028,4609547219429,1783476352370599429
3,645,23170777868,4609548281259,1783476352371661291
0,627,23206151676,4609563046908,1783476352386426908
2,663,23206496060,4609563392798,1783476352386772798
3,646,23206758836,4609563658400,1783476352387038400
1,678,23207117612,4609564042690,1783476352387422722
1,679,23239116484,4609596098450,1783476352419478482
3,647,23238774836,4609601657393,1783476352425037393
2,664,23238541932,4609602681591,1783476352426061591
0,628,23238182060,4609603744572,1783476352427124604
0,629,23270194420,4609631089907,1783476352454469907
2,665,23274552804,4609631409813,1783476352454789845
3,648,23270777676,4609631647510,1783476352455027542
1,680,23271120836,4609632049944,1783476352455429944
1,681,23307102644,4609664080297,1783476352487460329
3,649,23306742772,4609678062838,1783476352501442838
2,666,23306485932,4609679082843,1783476352502462843
0,630,23306164900,4609680162817,1783476352503542849
1,682,23339119028,4609696032025,1783476352519412057
0,631,23338147060,4609699052681,1783476352522432681
2,667,23338541028,4609699436140,1783476352522816140
3,650,23338772740,4609699689421,1783476352523069453
1,683,23371120452,4609732065951,1783476352555445983
3,651,23370778356,4609746001484,1783476352569381484
2,668,23374534028,4609747046194,1783476352570426194
0,632,23370166028,4609748117368,1783476352571497368
0,633,23406126868,4609763048010,1783476352586428042
2,669,23406492964,4609763390796,1783476352586770796
3,652,23406725932,4609763636653,1783476352587016685
1,684,23407101188,4609764047248,1783476352587427248
1,685,23439117676,4609800080726,1783476352623460758
2,670,23438583676,4609805787989,1783476352629168021
3,653,23438758836,4609806803611,1783476352630183611
0,634,23438149932,4609807854657,1783476352631234689
0,635,23474155092,4609831091841,1783476352654471841
2,671,23474535516,4609831432739,1783476352654812739
3,654,23470745900,4609831664548,1783476352655044548
1,686,23475116740,4609832138151,1783476352655518119
1,687,23507102812,4609864111639,1783476352687491671
3,655,23506728164,4609878554278,1783476352701934310
2,672,23506513932,4609879552844,1783476352702932844
0,636,23506162196,4609880613554,1783476352703993554
0,637,23538151356,4609899121400,1783476352722501400
2,673,23538544836,4609899413625,1783476352722793625
3,656,23538777932,4609899659707,1783476352723039707
1,688,23539120580,4609900088477,1783476352723468477
1,689,23575125804,4609932144782,1783476352755524782
2,674,23574495676,4609946656222,1783476352770036222
0,638,23574160028,4609947654115,1783476352771034115
3,657,23574759644,4609948704873,1783476352772084905
0,639,23606129964,4609963066424,1783476352786446456
1,690,23607101452,4609964074205,1783476352787454205
2,675,23606509868,4609967465808,1783476352790845840
3,658,23606725612,4609967686353,1783476352791066353
1,691,23639123676,4610000097444,1783476352823477444
2,676,23638551772,4610014301682,1783476352837681714
3,659,23638778996,4610015325848,1783476352838705848
0,640,23638184932,4610016392542,1783476352839772574
0,641,23674160548,4610031049934,1783476352854429934
2,677,23674496996,4610031403568,1783476352854783568
3,660,23674760028,4610031641650,1783476352855021682
1,692,23675103580,4610032081332,1783476352855461332
1,693,23707135516,4610064146661,1783476352887526661
3,661,23706777388,4610078212594,1783476352901592594
2,678,23706545900,4610079203128,1783476352902583128
0,642,23706185252,4610080257598,1783476352903637630
0,643,23738182676,4610099054789,1783476352922434821
2,679,23738533868,4610099387655,1783476352922767655
3,662,23738780804,4610099637992,1783476352923018024
1,694,23739124548,4610100078315,1783476352923458315
1,695,23775102484,4610132071515,1783476352955451547
2,680,23774502836,4610145925383,1783476352969305415
3,663,23774762932,4610146946669,1783476352970326701
0,644,23774158092,4610147996723,1783476352971376755
0,645,23806150836,4610163060710,1783476352986440710
1,696,23807120420,4610164078315,1783476352987458315
2,681,23806544644,4610167430846,1783476352990810846
3,664,23806757932,4610167679807,1783476352991059839
1,697,23839118516,4610200097010,1783476353023477010
2,682,23842542644,4610214466689,1783476353037846689
3,665,23838776740,4610215493254,1783476353038873254
0,646,23838178996,4610216559788,1783476353039939788
0,647,23874140644,4610231079804,1783476353054459804
2,683,23874482028,4610231414270,1783476353054794302
3,666,23874745028,4610231642463,1783476353055022463
1,698,23875103484,4610232095266,1783476353055475266
1,699,23907121420,4610264092337,1783476353087472369
2,684,23906544868,4610278179167,1783476353101559167
3,667,23906775868,4610279186213,1783476353102566213
0,648,23906187092,4610280237802,1783476353103617834
0,649,23938158932,4610299056850,1783476353122436850
2,685,23942525900,4610299390516,1783476353122770516
3,668,23938780996,4610299634421,1783476353123014453
1,700,23939120483,4610300106584,1783476353123486616
1,701,23975108740,4610332068199,1783476353155448199
3,669,23974746900,4610345719346,1783476353169099346
2,686,23974499996,4610346737464,1783476353170117464
0,650,23974169900,4610347786398,1783476353171166398
0,651,24006181772,4610367051624,1783476353190431656
2,687,24006548868,4610367402410,1783476353190782442
3,670,24006778028,4610367659883,1783476353191039883
1,702,24007120580,4610368037549,1783476353191417709
1,703,24043121612,4610400069085,1783476353223449085
2,688,24042530996,4610413921033,1783476353237301033
3,671,24038748708,4610414946831,1783476353238326863
0,652,24042165772,4610416025173,1783476353239405205
0,653,24074159900,4610431069928,1783476353254449928
2,689,24074511996,4610431415306,1783476353254795338
1,704,24075123388,4610432045901,1783476353255425901
3,672,24074729388,4610435719777,1783476353259099809
1,705,24107126420,4610468048787,1783476353291428819
3,673,24106781804,4610481997504,1783476353305377536
2,690,24106549868,4610483032070,1783476353306412070
0,654,24106187772,4610484103915,1783476353307483915
0,655,24142150092,4610499050558,1783476353322430558
2,691,24142512964,4610499393408,1783476353322773408
3,674,24142775060,4610499638817,1783476353323018817
1,706,24143118516,4610500081187,1783476353323461219
1,707,24175125356,4610532080083,1783476353355460115
3,675,24174731580,4610546040416,1783476353369420448
2,692,24174514932,4610547062246,1783476353370442278
0,656,24174173028,4610548144044,1783476353371524044
0,657,24206155900,4610567043380,1783476353390423380
2,693,24206546676,4610567381493,1783476353390761493
3,676,24206779996,4610567632023,1783476353391012087
1,708,24207121516,4610568034361,1783476353391414361
1,709,24243105484,4610600110217,1783476353423490217
2,694,24242498804,4610614206263,1783476353437586263
3,677,24242760739,4610615225149,1783476353438605149
0,658,24242152420,4610616290114,1783476353439670146
0,659,24274187676,4610631061748,1783476353454441748
2,695,24274547708,4610631423510,1783476353454803542
1,710,24275146548,4610632077561,1783476353455457561
3,678,24274753548,4610635709069,1783476353459089069
1,711,24307121484,4610668068447,1783476353491448447
3,679,24306779676,4610682230125,1783476353505610157
2,696,24306531964,4610683255155,1783476353506635155
0,660,24306190548,4610684297176,1783476353507677176
0,661,24342153772,4610699056362,1783476353522436426
2,697,24342499964,4610699397483,1783476353522777547
3,680,24342761900,4610699646829,1783476353523026829
1,712,24343104484,4610700106927,1783476353523486959
1,713,24375142452,4610732103583,1783476353555483615
3,681,24374761996,4610746133260,1783476353569513292
2,698,24374547092,4610747162802,1783476353570542802
0,662,24374160092,4610748218008,1783476353571598040
0,663,24406186548,4610767045343,1783476353590425343
2,699,24410544996,4610767386113,1783476353590766145
3,682,24406782964,4610767644899,1783476353591024899
1,714,24407133772,4610768045893,1783476353591425925
1,715,24443106548,4610800105909,1783476353623485941
3,683,24442747388,4610814298851,1783476353637678883
2,700,24442484836,4610815312169,1783476353638692169
0,664,24442177644,4610816369039,1783476353639749039
1,716,24475123252,4610832042565,1783476353655422597
0,665,24474188964,4610835041557,1783476353658421557
2,701,24474548644,4610835430520,1783476353658810552
3,684,24474777644,4610835693273,1783476353659073337
1,717,24507120972,4610868114859,1783476353691494923
3,685,24506780324,4610882647291,1783476353706027291
2,702,24510546612,4610883660033,1783476353707040033
0,666,24506150324,4610884718727,1783476353708098727
0,667,24542130516,4610899135734,1783476353722515702
2,703,24542512964,4610899569976,1783476353722950008
1,718,24543105092,4610900226172,1783476353723606172
3,686,24542730516,4610900287228,1783476353723667260
1,719,24575149260,4610932152171,1783476353755532171
2,704,24574557900,4610946657915,1783476353770037915
3,687,24574778324,4610947676929,1783476353771056961
0,668,24574187900,4610948723175,1783476353772103207
0,669,24610145900,4610967054283,1783476353790434283
2,705,24610529092,4610967387917,1783476353790767949
3,688,24606750772,4610967643951,1783476353791023983
1,720,24611120964,4610968061489,1783476353791441521
1,721,24643106996,4611000046977,1783476353823426977
3,689,24642730868,4611013875885,1783476353837255885
2,706,24642514900,4611014932275,1783476353838312275
0,670,24642132996,4611015974232,1783476353839354232
0,671,24674152324,4611035054369,1783476353858434401
2,707,24674549868,4611035390019,1783476353858770051
3,690,24674780964,4611035650181,1783476353859030213
1,722,24675124868,4611036055623,1783476353859435655
1,723,24711119708,4611068067767,1783476353891447799
3,691,24710776804,4611082342373,1783476353905722373
0,672,24710144900,4611083371755,1783476353906751755
2,708,24710514060,4611084439889,1783476353907819921
2,709,24742513836,4611099439843,1783476353922819875
0,673,24742131804,4611103058327,1783476353926438327
3,692,24742730644,4611103677915,1783476353927057915
1,724,24743106964,4611104048573,1783476353927428605
1,725,24775125772,4611136056909,1783476353959436909
3,693,24774778900,4611149800312,1783476353973180312
2,710,24774545868,4611150856414,1783476353974236414
0,674,24774151932,4611151912036,1783476353975292036
0,675,24810145740,4611167047063,1783476353990427063
2,711,24810497932,4611167393177,1783476353990773177
3,694,24810762028,4611167640218,1783476353991020250
1,726,24811107220,4611168045661,1783476353991425661
1,727,24843106836,4611200104077,1783476354023484109
3,695,24842731452,4611214063481,1783476354037443481
2,712,24842516028,4611215098463,1783476354038478495
0,676,24842133836,4611216203173,1783476354039583205
0,677,24874148644,4611235087693,1783476354058467725
2,713,24874533900,4611235411343,1783476354058791375
3,696,24874780964,4611235658352,1783476354059038384
1,728,24875122932,4611236073138,1783476354059453170
1,729,24911116292,4611268089346,1783476354091469474
3,697,24910769932,4611282252752,1783476354105632752
2,714,24910578964,4611283306998,1783476354106686998
0,678,24910215772,4611284357563,1783476354107737563
0,679,24942154772,4611299057292,1783476354122437292
1,730,24943122932,4611300070482,1783476354123450514
2,715,24942548060,4611303439460,1783476354126819492
3,698,24942764708,4611303699462,1783476354127079462
1,731,24975123836,4611336050647,1783476354159430647
3,699,24974784900,4611349839427,1783476354173219427
2,716,24978546964,4611350885385,1783476354174265385
0,680,24974158644,4611351948686,1783476354175328686
0,681,25010144740,4611367055841,1783476354190435841
2,717,25010485028,4611367394531,1783476354190774531
3,700,25010746932,4611367680133,1783476354191060133
1,732,25011108996,4611368051367,1783476354191431399
1,733,25043123676,4611400064407,1783476354223444439
3,701,25042779644,4611413759010,1783476354237139010
2,718,25042547772,4611414796935,1783476354238176967
0,682,25042185740,4611415862381,1783476354239242413
0,683,25074159772,4611435052919,1783476354258432951
2,719,25078547996,4611435389017,1783476354258769017
3,702,25074782060,4611435650682,1783476354259030682
1,734,25075125028,4611436076572,1783476354259456604
0,684,25110175868,4611467083495,1783476354290463495
2,720,25110488060,4611467417320,1783476354290797320
3,703,25110733932,4611467652170,1783476354291032170
1,735,25111107932,4611468072428,1783476354291452428
1,736,25143123612,4611500069436,1783476354323449468
3,704,25142779708,4611513836135,1783476354337216167
2,721,25142549964,4611514870029,1783476354338250029
0,685,25142186092,4611515921267,1783476354339301267
0,686,25178154228,4611535090332,1783476354358470364
2,722,25178533772,4611535414558,1783476354358794590
3,705,25174751900,4611535654335,1783476354359034335
1,737,25179123932,4611536062273,1783476354359442273
1,738,25211109900,4611568082065,1783476354391462129
3,706,25210735580,4611581924349,1783476354405304381
2,723,25210501932,4611582942307,1783476354406322339
0,687,25210179548,4611583998568,1783476354407378568
0,688,25242161028,4611603050513,1783476354426430545
2,724,25242553060,4611603390003,1783476354426770003
3,707,25242782932,4611603641620,1783476354427021620
1,739,25243129964,4611604060086,1783476354427440118
2,725,25278518836,4611635547203,1783476354458927203
3,708,25278781804,4611635651940,1783476354459031972
1,740,25279123964,4611636117574,1783476354459497574
0,689,25278156348,4611636633865,1783476354460013897
0,690,25310173028,4611667072816,1783476354490452848
2,726,25310523124,4611667418034,1783476354490798066
1,741,25311109964,4611668061046,1783476354491441046
3,709,25310737676,4611671702890,1783476354495082922
1,742,25343125772,4611704064924,1783476354527444924
3,710,25342782580,4611717949960,1783476354541329960
2,727,25342549996,4611718991245,1783476354542371245
0,691,25342157124,4611720069171,1783476354543449203
0,692,25378190772,4611735064166,1783476354558444198
2,728,25378506964,4611735399400,1783476354558779400
3,711,25378766996,4611735652361,1783476354559032361
1,743,25379111964,4611736069099,1783476354559449131
1,744,25411111964,4611768085819,1783476354591465883
3,712,25410734772,4611781905159,1783476354605285223
2,729,25410519868,4611782956365,1783476354606336365
0,693,25410167612,4611784039187,1783476354607419187
0,694,25442183676,4611803122107,1783476354626502139
2,730,25442537836,4611803416381,1783476354626796413
3,713,25442783740,4611803665630,1783476354627045662
1,745,25443126836,4611804091425,1783476354627471489
1,746,25479114996,4611836044784,1783476354659424784
2,731,25478504964,4611841446574,1783476354664826606
0,695,25478165644,4611842490611,1783476354665870611
3,714,25478767708,4611843553753,1783476354666933817
0,696,25510161740,4611867127419,1783476354690507419
2,732,25510551156,4611867457117,1783476354690837149
1,747,25511124932,4611868128224,1783476354691508288
3,715,25510764836,4611871742676,1783476354695122740
1,748,25543179612,4611904083750,1783476354727463750
3,716,25542805228,4611918812342,1783476354742192342
0,697,25542227932,4611919811036,1783476354743191036
2,733,25546570028,4611920853538,1783476354744233570
0,698,25578162900,4611935121328,1783476354758501360
2,734,25578504836,4611935436274,1783476354758816274
3,717,25578766092,4611935678099,1783476354759058099
1,749,25579126932,4611936105781,1783476354759485813
1,750,25611134452,4611968094213,1783476354791474245
2,735,25610565124,4611982557076,1783476354805937076
3,718,25610773644,4611983601274,1783476354806981306
0,699,25610226868,4611984648704,1783476354808028736
0,700,25642193580,4612003057605,1783476354826437637
2,736,25646549060,4612003395879,1783476354826775879
3,719,25642789772,4612003648776,1783476354827028776
1,751,25643130156,4612004047370,1783476354827427402
1,752,25679110740,4612036089114,1783476354859469114
3,720,25678734708,4612041784122,1783476354865164154
2,737,25678485996,4612042842847,1783476354866222847
0,701,25678135900,4612043887205,1783476354867267237
1,753,25711125868,4612068071722,1783476354891451722
0,702,25710153028,4612071057146,1783476354894437178
2,738,25710549932,4612071399932,1783476354894779964
3,721,25710781740,4612071681278,1783476354895061310
1,754,25747125676,4612104093808,1783476354927473808
2,739,25746534900,4612118311038,1783476354941691070
0,703,25746151324,4612119329795,1783476354942709795
3,722,25742753740,4612120379273,1783476354943759273
0,704,25778151708,4612135079290,1783476354958459290
2,740,25778504804,4612135418428,1783476354958798428
3,723,25778736772,4612135673405,1783476354959053405
1,755,25779110932,4612136109407,1783476354959489407
1,756,25811128932,4612172037093,1783476354995417093
3,724,25810782580,4612185789392,1783476355009169392
2,741,25810551836,4612186833046,1783476355010213046
0,705,25810149548,4612187888476,1783476355011268476
0,706,25846145932,4612203074511,1783476355026454511
2,742,25846519932,4612203402033,1783476355026782033
3,725,25842754028,4612203667666,1783476355027047666
1,757,25847125868,4612204582103,1783476355027962103
0,707,25878137452,4612235077342,1783476355058457406
2,743,25878537028,4612235414208,1783476355058794208
1,758,25879126900,4612236108964,1783476355059488964
3,726,25878747612,4612239713304,1783476355063093336
0,708,25910197836,4612271104228,1783476355094484260
2,744,25910554900,4612271417637,1783476355094797669
3,727,25910785836,4612271672135,1783476355095052135
1,759,25911131964,4612272092585,1783476355095472617
0,709,25946157900,4612303071283,1783476355126451283
2,745,25946505124,4612303410229,1783476355126790229
3,728,25946767868,4612303649590,1783476355127029590
1,760,25947112932,4612304095128,1783476355127475160
1,761,25979116804,4612336089480,1783476355159469512
3,729,25978739996,4612349806067,1783476355173186099
2,746,25978524964,4612350843993,1783476355174224025
0,710,25978181932,4612351906270,1783476355175286302
0,711,26010167900,4612371074311,1783476355194454311
2,747,26010539964,4612371397033,1783476355194777033
3,730,26010784836,4612371642251,1783476355195022251
1,762,26011130028,4612372046861,1783476355195426861
0,712,26046194028,4612403063671,1783476355226443671
2,748,26046505932,4612403409145,1783476355226789145
3,731,26046768964,4612403661882,1783476355227041914
1,763,26047113060,4612404071932,1783476355227451932
1,764,26079129804,4612436075532,1783476355259455532
3,732,26078767900,4612449836343,1783476355273216375
2,749,26078554868,4612450881117,1783476355274261117
0,713,26078161836,4612451946435,1783476355275326467
0,714,26110163028,4612471048779,1783476355294428779
2,750,26114551868,4612471395661,1783476355294775661
3,733,26110786188,4612471650703,1783476355295030735
1,765,26111127060,4612472064017,1783476355295444017
0,715,26146150900,4612503068987,1783476355326448987
2,751,26146491996,4612503399837,1783476355326779837
3,734,26146753932,4612503666782,1783476355327046814
1,766,26147115220,4612504078528,1783476355327458560
1,767,26179130932,4612536077200,1783476355359457232
2,752,26178552868,4612550016156,1783476355373396188
3,735,26178783708,4612551075682,1783476355374455714
0,716,26178193516,4612552152552,1783476355375532584
0,717,26210211580,4612571052591,1783476355394432591
2,753,26214557316,4612571404689,1783476355394784689
3,736,26210833060,4612571652339,1783476355395032339
1,768,26211153060,4612572049109,1783476355395429109
0,718,26246197740,4612603074527,1783476355426454559
2,754,26246496996,4612603407105,1783476355426787137
3,737,26246757124,4612603648194,1783476355427028194
1,769,26247119156,4612604067748,1783476355427447780
1,770,26279131836,4612636061716,1783476355459441716
2,755,26278563932,4612650104801,1783476355473484801
3,738,26278793228,4612651196487,1783476355474576487
0,719,26278213900,4612652224172,1783476355475604172
0,720,26314157484,4612671106868,1783476355494486868
2,756,26314536708,4612671416597,1783476355494796629
3,739,26310756644,4612671687223,1783476355495067223
1,771,26315127836,4612672096601,1783476355495476633
2,757,26346507612,4612703457669,1783476355526837669
1,772,26347120996,4612704080776,1783476355527460808
3,740,26346754452,4612718298230,1783476355541678230
0,721,26346152740,4612719259516,1783476355542639548
0,722,26378197900,4612739079848,1783476355562459848
2,758,26378559676,4612739402666,1783476355562782698
3,741,26378790188,4612739670795,1783476355563050795
1,773,26379138708,4612740069806,1783476355563449806
0,723,26414204964,4612771086392,1783476355594466392
2,759,26414523868,4612771423898,1783476355594803962
3,742,26410757900,4612771657659,1783476355595037691
1,774,26415131708,4612772064989,1783476355595444989
0,724,26446158580,4612803129479,1783476355626509479
2,760,26446523868,4612803451273,1783476355626831369
1,775,26447114804,4612804112557,1783476355627492557
3,743,26446738420,4612807742337,1783476355631122337
1,776,26479142580,4612840044946,1783476355663424946
3,744,26478791899,4612853902174,1783476355677282174
0,725,26478180060,4612854875843,1783476355678255843
2,761,26478558092,4612855928905,1783476355679308937
0,726,26514178676,4612871163036,1783476355694543036
2,762,26514508868,4612871441438,1783476355694821470
3,745,26514772900,4612871685215,1783476355695065215
1,777,26515119092,4612872086401,1783476355695466465
0,727,26546192580,4612907140673,1783476355730520673
2,763,26546529932,4612907476419,1783476355730856451
3,746,26546744900,4612907713764,1783476355731093764
1,778,26547134868,4612908085094,1783476355731465190
0,728,26578225356,4612939140881,1783476355762520913
2,764,26578553772,4612939450098,1783476355762830130
3,747,26578796708,4612939670804,1783476355763050804
1,779,26579150932,4612940093334,1783476355763473334
0,729,26614206676,4612971103264,1783476355794483328
2,765,26614510932,4612971444098,1783476355794824130
3,748,26614771676,4612971677379,1783476355795057411
1,780,26615116220,4612972063973,1783476355795444005
0,730,26646205644,4613003086863,1783476355826466863
1,781,26647141028,4613004078229,1783476355827458293
2,766,26646562900,4613007441863,1783476355830821863
3,749,26646785900,4613007714120,1783476355831094120
0,731,26678200644,4613039074324,1783476355862454324
2,767,26682557772,4613039410358,1783476355862790390
3,750,26678789611,4613039662200,1783476355863042200
1,782,26679144188,4613040040538,1783476355863420538
0,732,26714192100,4613071107556,1783476355894487620
2,768,26714493836,4613071446086,1783476355894826118
3,751,26714766900,4613071672327,1783476355895052327
1,783,26715116964,4613072077897,1783476355895457897
1,784,26747139356,4613104120377,1783476355927500377
0,733,26746228708,4613107108745,1783476355930488745
2,769,26746565836,4613107452267,1783476355930832299
3,752,26746796060,4613107714636,1783476355931094636
0,734,26778178772,4613139089304,1783476355962469304
2,770,26782559836,4613139402778,1783476355962782810
3,753,26778790836,4613139658492,1783476355963038492
1,785,26779146092,4613140054654,1783476355963434686
0,735,26814166740,4613171101128,1783476355994481128
2,771,26814509964,4613171412810,1783476355994792810
3,754,26814755964,4613171654923,1783476355995034955
1,786,26815123092,4613172056365,1783476355995436397
1,787,26847136092,4613204060700,1783476356027440732
0,736,26846202996,4613207083181,1783476356030463213
2,772,26846561996,4613207425743,1783476356030805775
3,755,26846789932,4613207699504,1783476356031079536
0,737,26878179804,4613239105532,1783476356062485532
2,773,26882539900,4613239425726,1783476356062805790
3,756,26878769996,4613239661151,1783476356063041151
1,788,26883130484,4613240096065,1783476356063476097
0,738,26914155900,4613271112267,1783476356094492267
2,774,26914517188,4613271416941,1783476356094796973
3,757,26914754740,4613271675150,1783476356095055150
1,789,26915129612,4613272112369,1783476356095492369
0,739,26946202612,4613307086928,1783476356130466928
2,775,26946558708,4613307417810,1783476356130797810
3,758,26946786932,4613307679379,1783476356131059379
1,790,26947131092,4613308061237,1783476356131441333
0,740,26982147676,4613339080031,1783476356162460063
2,776,26982518964,4613339420673,1783476356162800673
3,759,26978757060,4613339653026,1783476356163033058
1,791,26983132804,4613340054660,1783476356163434724
0,741,27014149484,4613371114414,1783476356194494414
2,777,27014531964,4613371437296,1783476356194817328
1,792,27015125804,4613372048851,1783476356195428883
3,760,27014744388,4613375720199,1783476356199100231
0,742,27046173804,4613407100019,1783476356230480083
2,778,27046557964,4613407415381,1783476356230795413
3,761,27046790708,4613407649142,1783476356231029142
1,793,27047135516,4613408072184,1783476356231452248
0,743,27082174676,4613439078946,1783476356262458978
2,779,27082511124,4613439407172,1783476356262787204
3,762,27082771644,4613439674021,1783476356263054053
1,794,27083119996,4613440049511,1783476356263429543
2,780,27114527708,4613471463539,1783476356294843603
1,795,27115123804,4613472083671,1783476356295463703
0,744,27114191932,4613475067495,1783476356298447495
3,763,27114741740,4613475699754,1783476356299079754
0,745,27146168580,4613507140214,1783476356330520246
2,781,27146557932,4613507425912,1783476356330805944
3,764,27146789092,4613507673817,1783476356331053849
1,796,27147132932,4613508085052,1783476356331465084
0,746,27182181060,4613539135621,1783476356362515621
2,782,27182510932,4613539433703,1783476356362813703
3,765,27182772836,4613539674472,1783476356363054504
1,797,27183139156,4613540076523,1783476356363456555
0,747,27214212028,4613571078388,1783476356394458420
1,798,27215136900,4613572074074,1783476356395454106
2,783,27214563028,4613575441196,1783476356398821228
3,766,27214770932,4613575726062,1783476356399106094
0,748,27246175060,4613607062585,1783476356430442585
2,784,27250557900,4613607404539,1783476356430784571
3,767,27246798156,4613607655548,1783476356431035580
1,799,27247133996,4613608076031,1783476356431456063
0,749,27282186964,4613639068968,1783476356462448968
2,785,27282495900,4613639409738,1783476356462789770
3,768,27282756964,4613639654123,1783476356463034123
1,800,27283118156,4613640081198,1783476356463461230
1,801,27315134772,4613672081309,1783476356495461309
0,750,27314168868,4613675068589,1783476356498448589
2,786,27314558060,4613675441295,1783476356498821295
3,769,27314787900,4613675704113,1783476356499084113
0,751,27346176156,4613707079932,1783476356530459932
2,787,27350557996,4613707421374,1783476356530801374
3,770,27346790868,4613707669343,1783476356531049375
1,802,27347134932,4613708073858,1783476356531453858
0,752,27382155612,4613739068587,1783476356562448587
2,788,27382495932,4613739417197,1783476356562797229
3,771,27382758380,4613739658094,1783476356563038094
1,803,27383119996,4613740065489,1783476356563445489
1,804,27415132868,4613772072576,1783476356595452608
0,753,27414199028,4613775070192,1783476356598450192
2,789,27414559900,4613775441522,1783476356598821682
3,772,27414789932,4613775711220,1783476356599091220
0,754,27446177644,4613807099103,1783476356630479103
2,790,27450537964,4613807428353,1783476356630808385
1,805,27447132772,4613808096517,1783476356631476581
3,773,27446792740,4613808714184,1783476356632094216
0,755,27482195644,4613839101838,1783476356662481870
2,791,27482527092,4613839432560,1783476356662812560
3,774,27482744676,4613839693874,1783476356663073906
1,806,27483138516,4613840106260,1783476356663486260
0,756,27514206932,4613875138164,1783476356698518164
2,792,27514557964,4613875426709,1783476356698806741
3,775,27514788964,4613875702903,1783476356699082903
1,807,27515135612,4613876106169,1783476356699486201
0,757,27550211420,4613907153347,1783476356730533347
2,793,27550546644,4613907450500,1783476356730830532
3,776,27546761676,4613907684678,1783476356731064678
1,808,27551131324,4613908281449,1783476356731661449
0,758,27582198092,4613939191442,1783476356762571442
2,794,27582533996,4613939461748,1783476356762841748
1,809,27583124484,4613940424953,1783476356763804985
3,777,27582748004,4613943741547,1783476356767121579
0,759,27614186516,4613975111351,1783476356798491383
2,795,27614562708,4613975408984,1783476356798788984
3,778,27614795028,4613975679386,1783476356799059386
1,810,27615136420,4613976200733,1783476356799580765
0,760,27650215772,4614007125734,1783476356830505734
2,796,27650515612,4614007432359,1783476356830812391
3,779,27650777836,4614007696393,1783476356831076425
1,811,27651121484,4614008114571,1783476356831494635
0,761,27682195452,4614039175317,1783476356862555349
1,812,27683119516,4614040100858,1783476356863480858
2,797,27682527612,4614043499437,1783476356866879469
3,780,27682748836,4614043717678,1783476356867097710
0,762,27714209932,4614075094714,1783476356898474714
2,798,27714567964,4614075404123,1783476356898784155
3,781,27714796836,4614075676125,1783476356899056189
1,813,27715142676,4614076085151,1783476356899465151
0,763,27750213292,4614107127337,1783476356930507337
2,799,27750513932,4614107423882,1783476356930803882
3,782,27750774772,4614107673548,1783476356931053548
1,814,27751118708,4614108112654,1783476356931492654
0,764,27782211868,4614139100088,1783476356962480120
1,815,27783142900,4614140051965,1783476356963431965
2,800,27782565548,4614143479568,1783476356966859600
3,783,27782777836,4614143741169,1783476356967121201
0,765,27814202740,4614175076989,1783476356998456989
2,801,27814550996,4614175410910,1783476356998790942
3,784,27814829996,4614175661344,1783476356999041376
1,816,27815139188,4614176071202,1783476356999451234
0,766,27850205868,4614207145388,1783476357030525388
2,802,27850514740,4614207500238,1783476357030880238
3,785,27850775708,4614207759119,1783476357031139119
1,817,27851119964,4614208715252,1783476357032095252
0,767,27882181612,4614239111130,1783476357062491162
1,818,27883139060,4614240067296,1783476357063447296
2,803,27882563004,4614243448402,1783476357066828434
3,786,27882792708,4614243711859,1783476357067091923
0,768,27914210740,4614275069823,1783476357098449855
2,804,27918562932,4614275404769,1783476357098784769
3,787,27914795644,4614276112868,1783476357099492868
1,819,27915150772,4614276423206,1783476357099803270
0,769,27950183676,4614307120078,1783476357130500078
2,805,27950501676,4614307436911,1783476357130816943
3,788,27950758932,4614307655089,1783476357131035089
1,820,27951118932,4614308046547,1783476357131426547
0,770,27982175740,4614339083804,1783476357162463836
1,821,27983143059,4614340042914,1783476357163422914
2,806,27982559260,4614343448052,1783476357166828052
3,789,27982791996,4614343702646,1783476357167082678
0,771,28014203868,4614375122561,1783476357198502561
2,807,28018548060,4614375425827,1783476357198805827
3,790,28014797804,4614375673156,1783476357199053188
1,822,28015135964,4614376112967,1783476357199492967
0,772,28050165644,4614407090064,1783476357230470096
2,808,28050513028,4614407449650,1783476357230829682
3,791,28050746996,4614407687731,1783476357231067731
1,823,28051122284,4614408074261,1783476357231454325
0,773,28082210060,4614443098516,1783476357266478516
2,809,28082567220,4614443434102,1783476357266814134
3,792,28082799092,4614443689720,1783476357267069720
1,824,28083138932,4614444070138,1783476357267450138
0,774,28118205124,4614475119171,1783476357298499203
2,810,28118545612,4614475445317,1783476357298825349
3,793,28114779580,4614475679398,1783476357299059398
1,825,28119138932,4614476090345,1783476357299470345
0,775,28150204676,4614507129682,1783476357330509682
2,811,28150552548,4614507480692,1783476357330860692
1,826,28151123932,4614508069527,1783476357331449559
3,794,28150747900,4614511725899,1783476357335105899
0,776,28182198772,4614543085334,1783476357366465366
2,812,28182564996,4614543416376,1783476357366796376
3,795,28182795996,4614543666234,1783476357367046234
1,827,28183140740,4614544057340,1783476357367437340
0,777,28218186708,4614575087301,1783476357398467301
2,813,28218513932,4614575410183,1783476357398790183
3,796,28218778188,4614575660200,1783476357399040232
1,828,28219122676,4614576070955,1783476357399450987
0,778,28250195740,4614611093450,1783476357434473450
2,814,28250532868,4614611472172,1783476357434852172
3,797,28250751252,4614611697517,1783476357435077517
1,829,28251128740,4614612072687,1783476357435452687
0,779,28282176900,4614643075288,1783476357466455288
2,815,28282561932,4614643407898,1783476357466787898
3,798,28282795284,4614643653628,1783476357467033628
1,830,28283139092,4614644046078,1783476357467426110
0,780,28318177932,4614675085255,1783476357498465255
2,816,28318515028,4614675406537,1783476357498786569
3,799,28318777252,4614675660490,1783476357499040522
1,831,28319121964,4614676050797,1783476357499430797
0,781,28350180220,4614707101750,1783476357530481750
1,832,28351137324,4614708078236,1783476357531458236
2,817,28350562644,4614711463758,1783476357534843758
3,800,28350776900,4614711710511,1783476357535090575
0,782,28382172772,4614743076699,1783476357566456699
2,818,28382548932,4614743402524,1783476357566782556
3,801,28382794932,4614743676798,1783476357567056862
1,833,28383137060,4614744076864,1783476357567456896
0,783,28418176836,4614775080009,1783476357598460009
2,819,28418520028,4614775408747,1783476357598788747
3,802,28418779060,4614775658957,1783476357599038989
1,834,28419123188,4614776079151,1783476357599459151
0,784,28450204388,4614807136888,1783476357630516920
1,835,28451137900,4614808105278,1783476357631485310
2,820,28450562004,4614811478672,1783476357634858704
3,803,28450775804,4614811713361,1783476357635093393
0,785,28482152292,4614843096605,1783476357666476637
2,821,28486562772,4614843430303,1783476357666810335
3,804,28482796708,4614843696928,1783476357667076928
1,836,28483139028,4614844109186,1783476357667489218
0,786,28518154644,4614875093356,1783476357698473356
2,822,28518502060,4614875410893,1783476357698790925
3,805,28518762644,4614875683887,1783476357699063887
1,837,28519125324,4614876126769,1783476357699506769
1,838,28551136132,4614908135168,1783476357731515168
0,787,28550201964,4614911123632,1783476357734503664
2,823,28550567900,4614911461522,1783476357734841554
3,806,28550800516,4614911727508,1783476357735107508
0,788,28582180740,4614943152991,1783476357766532991
2,824,28586548964,4614943442625,1783476357766822625
3,807,28582796676,4614943691682,1783476357767071714
1,839,28583190644,4614944105925,1783476357767485925
0,789,28618177612,4614975136910,1783476357798516910
2,825,28618519868,4614975444144,1783476357798824144
3,808,28618753708,4614975687121,1783476357799067121
1,840,28619128676,4614976090035,1783476357799470035
0,790,28650184772,4615007111197,1783476357830491261
1,841,28651141060,4615008065666,1783476357831445666
2,826,28650561580,4615011423604,1783476357834803604
3,809,28650794092,4615011673686,1783476357835053686
0,791,28686168836,4615043083073,1783476357866463073
2,827,28686544900,4615043434275,1783476357866814275
3,810,28682766932,4615043680004,1783476357867060068
1,842,28687136028,4615044082023,1783476357867462023
0,792,28718195836,4615075082416,1783476357898462448
2,828,28718532932,4615075452786,1783476357898832786
1,843,28719125284,4615076050389,1783476357899430389
3,811,28718748804,4615079717225,1783476357903097257
0,793,28750165260,4615111165077,1783476357934545077
2,829,28750562644,4615111438166,1783476357934818166
3,812,28750794676,4615111689656,1783476357935069656
1,844,28751136836,4615112149946,1783476357935529946
0,794,28786215548,4615143112707,1783476357966492707
2,830,28786534932,4615143415397,1783476357966795397
3,813,28786796900,4615143669670,1783476357967049670
1,845,28787140484,4615144078025,1783476357967458057
0,795,28818212092,4615175071442,1783476357998451410
1,846,28819127836,4615176037815,1783476357999417815
2,831,28818556452,4615179478698,1783476358002858698
3,814,28818755772,4615179697483,1783476358003077483
0,796,28850157548,4615211098006,1783476358034478006
2,832,28850562060,4615211409336,1783476358034789336
3,815,28850793772,4615211656281,1783476358035036313
1,847,28851135452,4615212103900,1783476358035483900
0,797,28886185772,4615243107397,1783476358066487429
2,833,28886518188,4615243425927,1783476358066805927
3,816,28886779644,4615243674280,1783476358067054280
1,848,28887123420,4615244119530,1783476358067499530
0,798,28918205900,4615275091699,1783476358098471699
1,849,28919141836,4615276097433,1783476358099477465
2,834,28918570932,4615279463435,1783476358102843467
3,817,28918782772,4615279706860,1783476358103086860
0,799,28950169060,4615311036535,1783476358134416535
2,835,28950551028,4615311406809,1783476358134786841
3,818,28950796188,4615311659419,1783476358135039419
1,850,28951134900,4615312070269,1783476358135450301
0,800,28986173060,4615343027270,1783476358166407270
2,836,28986514964,4615343399752,1783476358166779784
3,819,28986776932,4615343639657,1783476358167019657
1,851,28987120124,4615344053739,1783476358167433739
0,801,29018169868,4615375071060,1783476358198451092
1,852,29019139900,4615376059514,1783476358199439514
2,837,29018561836,4615379450092,1783476358202830092
3,820,29018792900,4615379721518,1783476358203101518
0,802,29050204644,4615411103833,1783476358234483833
2,838,29054562028,4615411425819,1783476358234805851
3,821,29050798676,4615411679676,1783476358235059708
1,853,29051141932,4615412093918,1783476358235473918
0,803,29086197932,4615443072775,1783476358266452807
2,839,29086521900,4615443409545,1783476358266789545
3,822,29086762932,4615443664842,1783476358267044842
1,854,29087125252,4615444059276,1783476358267439276
1,855,29119139932,4615476111355,1783476358299491355
0,804,29118216996,4615479086955,1783476358302466955
2,840,29118569708,4615479468494,1783476358302848494
3,823,29118796676,4615479721103,1783476358303101167
0,805,29150181708,4615511113626,1783476358334493626
2,841,29154568964,4615511436988,1783476358334816988
3,824,29150798676,4615511680541,1783476358335060573
1,856,29151139028,4615512084927,1783476358335464927
0,806,29186155644,4615543103464,1783476358366483464
2,842,29186500868,4615543432458,1783476358366812522
3,825,29186748644,4615543681804,1783476358367061804
1,857,29187124900,4615544076110,1783476358367456174
0,807,29218199836,4615575078039,1783476358398458103
1,858,29219139996,4615576049660,1783476358399429660
2,843,29218545772,4615579417614,1783476358402797614
3,826,29218794932,4615579685648,1783476358403065648
0,808,29254203804,4615611082683,1783476358434462683
2,844,29254552900,4615611431005,1783476358434811005
3,827,29250765900,4615611672574,1783476358435052574
1,859,29255143252,4615612048512,1783476358435428512
0,809,29286191452,4615643072201,1783476358466452233
2,845,29286538028,4615643413291,1783476358466793291
3,828,29286764708,4615643673741,1783476358467053741
1,860,29287125188,4615644073263,1783476358467453263
0,810,29318165900,4615679062094,1783476358502442158
2,846,29318562964,4615679401840,1783476358502781840
3,829,29318793836,4615679655217,1783476358503035217
1,861,29319138124,4615680047763,1783476358503427763
0,811,29354213900,4615711071548,1783476358534451548
2,847,29354534644,4615711444382,1783476358534824382
3,830,29354795868,4615711669183,1783476358535049183
1,862,29355140028,4615712069506,1783476358535449506
0,812,29386192644,4615743087371,1783476358566467371
2,848,29386533900,4615743441325,1783476358566821357
1,863,29387131612,4615744074320,1783476358567454320
3,831,29386749292,4615747737860,1783476358571117860
0,813,29418179804,4615779067151,1783476358602447183
2,849,29418566092,4615779405265,1783476358602785297
3,832,29418799772,4615779651378,1783476358603031410
1,864,29419143484,4615780065300,1783476358603445300
0,814,29454213676,4615811106110,1783476358634486110
2,850,29454524060,4615811428191,1783476358634808223
3,833,29454785740,4615811675809,1783476358635055809
1,865,29455129644,4615812094595,1783476358635474627
0,815,29486152644,4615843084684,1783476358666464684
1,866,29487127028,4615844044977,1783476358667424977
2,851,29486532644,4615847466756,1783476358670846788
3,834,29486749836,4615847706053,1783476358671086085
0,816,29518162548,4615879084240,1783476358702464240
2,852,29518550996,4615879410642,1783476358702790642
3,835,29518797900,4615879668851,1783476358703048851
1,867,29519139156,4615880051157,1783476358703431157
0,817,29554206260,4615911152543,1783476358734532543
2,853,29554533772,4615911446241,1783476358734826273
3,836,29554789612,4615911699458,1783476358735079522
1,868,29555130836,4615912106244,1783476358735486244
0,818,29586241772,4615943114413,1783476358766494413
1,869,29587149836,4615944096563,1783476358767476563
2,854,29586577004,4615947510021,1783476358770890053
3,837,29586788772,4615947753095,1783476358771133127
0,819,29618191772,4615979142450,1783476358802522450
2,855,29622570868,4615979437747,1783476358802817747
3,838,29618808580,4615979689045,1783476358803069077
1,870,29619153676,4615980121847,1783476358803501847
0,820,29654173644,4616011087936,1783476358834467968
2,856,29654509964,4616011419170,1783476358834799170
3,839,29654771836,4616011666083,1783476358835046083
1,871,29655129484,4616012121125,1783476358835501125
0,821,29686208836,4616043091598,1783476358866471598
1,872,29687141612,4616044101172,1783476358867481172
2,857,29686564772,4616047451718,1783476358870831750
3,840,29686796964,4616047706344,1783476358871086376
0,822,29718209772,4616079073491,1783476358902453491
2,858,29722564996,4616079408564,1783476358902788596
3,841,29718802932,4616079661622,1783476358903041654
1,873,29719143612,4616080085080,1783476358903465080
0,823,29754206964,4616111093281,1783476358934473281
2,859,29754505580,4616111431331,1783476358934811363
3,842,29754752028,4616111678692,1783476358935058724
1,874,29755125644,4616112069894,1783476358935449894
1,875,29787141420,4616144135381,1783476358967515413
0,824,29786208836,4616147082533,1783476358970462565
2,860,29786710900,4616147429639,1783476358970809671
3,843,29786798900,4616147697769,1783476358971077833
0,825,29822168452,4616179092724,1783476359002472756
2,861,29822548996,4616179403638,1783476359002783670
3,844,29818770932,4616179661687,1783476359003041719
1,876,29823139452,4616180084441,1783476359003464441
0,826,29854226644,4616211107074,1783476359034487074
2,862,29854523124,4616211417764,1783476359034797764
3,845,29854753964,4616211660709,1783476359035040709
1,877,29855126580,4616212121448,1783476359035501448
0,827,29886224868,4616247143622,1783476359070523654
2,863,29886580868,4616247435496,1783476359070815496
3,846,29886800124,4616247670601,1783476359071050601
1,878,29887172740,4616248089675,1783476359071469707
0,828,29922210900,4616279099732,1783476359102479764
2,864,29922539900,4616279431638,1783476359102811670
3,847,29922801772,4616279677111,1783476359103057143
1,879,29923143932,4616280096154,1783476359103476154
0,829,29954165932,4616311076802,1783476359134456802
2,865,29954535836,4616311430148,1783476359134810148
1,880,29955126964,4616312076488,1783476359135456488
3,848,29954750708,4616315715515,1783476359139095643
0,830,29986167740,4616347070630,1783476359170450662
2,866,29986565124,4616347414664,1783476359170794664
3,849,29986797900,4616347654025,1783476359171034025
1,881,29987150836,4616348074316,1783476359171454380
0,831,30022206540,4616379035220,1783476359202415188
2,867,30022522868,4616379432438,1783476359202812438
3,850,30022783996,4616379676728,1783476359203056728
1,882,30023127932,4616380110682,1783476359203490682
0,832,30054203932,4616411078146,1783476359234458146
2,868,30054537444,4616411400388,1783476359234780356
1,883,30055144412,4616412010503,1783476359235390439
3,851,30054753964,4616415694940,1783476359239074908
0,833,30086155996,4616447066214,1783476359270446214
2,869,30086549028,4616447406792,1783476359270786824
3,852,30086796804,4616447654889,1783476359271034889
1,884,30087140124,4616448086476,1783476359271466476
0,834,30122210964,4616479067764,1783476359302447796
2,870,30122521964,4616479412758,1783476359302792758
3,853,30122784028,4616479660056,1783476359303040056
1,885,30123129932,4616480596989,1783476359303977021
0,835,30154212060,4616511070819,1783476359334450851
2,871,30154579644,4616511456869,1783476359334836901
1,886,30155151836,4616512094760,1783476359335474824
3,854,30154772612,4616515732572,1783476359339112572
0,836,30186172932,4616547088167,1783476359370468167
2,872,30190566932,4616547405480,1783476359370785480
3,855,30186800188,4616547667786,1783476359371047786
1,887,30187145804,4616548133292,1783476359371513324
0,837,30222168676,4616579076757,1783476359402456789
2,873,30222507284,4616579409751,1783476359402789783
3,856,30222767996,4616579666200,1783476359403046200
1,888,30223133868,4616580088186,1783476359403468218
0,838,30254223060,4616611083939,1783476359434463971
1,889,30255145932,4616612086536,1783476359435466536
2,874,30254570900,4616615466075,1783476359438846075
3,857,30254802060,4616615721084,1783476359439101116
0,839,30286211932,4616647079431,1783476359470459463
2,875,30290567964,4616647426249,1783476359470806249
3,858,30286813220,4616647668042,1783476359471048042
1,890,30287145868,4616648082028,1783476359471462028
0,840,30322196708,4616679084021,1783476359502464021
2,876,30322511996,4616679436439,1783476359502816439
3,859,30322752284,4616679667512,1783476359503047544
1,891,30323128676,4616680080314,1783476359503460346
1,892,30355150260,4616712117481,1783476359535497513
0,841,30354240772,4616715074105,1783476359538454137
2,877,30354572060,4616715415227,1783476359538795227
3,860,30354801996,4616715695900,1783476359539075900
0,842,30390212708,4616747100839,1783476359570480871
2,878,30390564028,4616747435337,1783476359570815337
3,861,30386773964,4616747669802,1783476359571049834
1,893,30391148868,4616748079309,1783476359571459341
0,843,30422212836,4616779083221,1783476359602463221
2,879,30422542996,4616779419863,1783476359602799895
3,862,30422759932,4616779672249,1783476359603052249
1,894,30423138060,4616780058043,1783476359603438075
0,844,30454220484,4616815126169,1783476359638506169
2,880,30454578836,4616815422651,1783476359638802683
3,863,30454805804,4616815717917,1783476359639097917
1,895,30455154708,4616816084895,1783476359639464895
0,845,30490211676,4616847078983,1783476359670458983
2,881,30490540996,4616847413449,1783476359670793481
3,864,30486786996,4616847672651,1783476359671052683
1,896,30491210676,4616848098189,1783476359671478189
0,846,30522196228,4616879147446,1783476359702527478
2,882,30522542900,4616879456024,1783476359702836056
1,897,30523134452,4616880123931,1783476359703503931
3,865,30522756324,4616883777455,1783476359707157487
0,847,30554219228,4616915152602,1783476359738532634
2,883,30554575804,4616915447771,1783476359738827771
3,866,30554806932,4616915700605,1783476359739080637
1,898,30555180964,4616916088223,1783476359739468255
0,848,30590225516,4616947363881,1783476359770743849
2,884,30590563260,4616947634315,1783476359771014315
1,899,30591129804,4616948084781,1783476359771464845
3,867,30590786900,4616948686480,1783476359772066512
0,849,30622228836,4616979139350,1783476359802519414
2,885,30622549900,4616979604121,1783476359802984121
1,900,30623136964,4616980086491,1783476359803466523
3,868,30622772484,4616983745839,1783476359807125839
0,850,30654244580,4617015083130,1783476359838463162
2,886,30654565284,4617015416092,1783476359838796092
3,869,30654810964,4617015674589,1783476359839054621
1,901,30655153964,4617016080543,1783476359839460543
0,851,30690210708,4617047093384,1783476359870473416
2,887,30690522804,4617047432074,1783476359870812106
3,870,30690784028,4617047663883,1783476359871043883
1,902,30691127996,4617048049933,1783476359871429997
0,852,30722169836,4617079082390,1783476359902462390
2,888,30722568028,4617079434328,1783476359902814360
1,903,30723147284,4617080055419,1783476359903435419
3,871,30722783772,4617083744367,1783476359907124495
0,853,30754174772,4617115079738,1783476359938459802
2,889,30758566932,4617115411804,1783476359938791868
3,872,30754809900,4617115681149,1783476359939061181
1,904,30755154188,4617116047327,1783476359939427359
0,854,30790175740,4617147096584,1783476359970476648
2,890,30790515740,4617147434346,1783476359970814346
3,873,30790771580,4617147684683,1783476359971064715
1,905,30791133964,4617148081038,1783476359971461038
0,855,30822227516,4617179090358,1783476360002470390
1,906,30823148772,4617180076188,1783476360003456252
2,891,30822578868,4617183483470,1783476360006863470
3,874,30822809676,4617183735536,1783476360007115536
0,856,30854172868,4617215131706,1783476360038511770
2,892,30858569028,4617215434972,1783476360038814972
3,875,30854813676,4617215687229,1783476360039067261
1,907,30855170060,4617216095455,1783476360039475455
0,857,30890194708,4617247075496,1783476360070455496
2,893,30890508932,4617247431722,1783476360070811754
3,876,30890768612,4617247679627,1783476360071059659
1,908,30891131124,4617248071693,1783476360071451693
1,909,30923146644,4617280077019,1783476360103457019
0,858,30922169124,4617283028427,1783476360106408427
2,894,30922574964,4617283458893,1783476360106838957
3,877,30922802740,4617283733967,1783476360107113999
0,859,30958165836,4617315104857,1783476360138484857
2,895,30958547996,4617315416443,1783476360138796443
3,878,30954810060,4617315684317,1783476360139064317
1,910,30959137932,4617316669666,1783476360140049666
0,860,30990159548,4617347107239,1783476360170487271
2,896,30990522644,4617347440137,1783476360170820169
3,879,30990755804,4617347694122,1783476360171074122
1,911,30991128900,4617348109293,1783476360171489293
0,861,31022214388,4617383064811,1783476360206444811
2,897,31022579028,4617383445965,1783476360206825965
3,880,31022806028,4617383704814,1783476360207084846
1,912,31023147420,4617384095920,1783476360207475920
0,862,31058215964,4617415089689,1783476360238469689
2,898,31058539964,4617415418298,1783476360238798298
3,881,31054773964,4617415663164,1783476360239043196
1,913,31059147548,4617416086270,1783476360239466270
0,863,31090184644,4617447093351,1783476360270473383
2,899,31090540708,4617447448456,1783476360270828456
1,914,31091132612,4617448118060,1783476360271498092
3,882,31090756548,4617451733248,1783476360275113280
0,864,31122172708,4617483069450,1783476360306449482
2,900,31122569932,4617483459468,1783476360306839532
3,883,31122802868,4617483704909,1783476360307084973
1,915,31123146804,4617484103472,1783476360307483472
0,865,31158215092,4617515088088,1783476360338468120
2,901,31158528996,4617515417690,1783476360338797690
3,884,31158789092,4617515665723,1783476360339045723
1,916,31159136580,4617516059837,1783476360339439869
0,866,31190167516,4617547111846,1783476360370491878
2,902,31190539644,4617547445800,1783476360370825800
1,917,31191129484,4617548082539,1783476360371462539
3,885,31190755996,4617551730047,1783476360375110047
0,867,31222177836,4617583073609,1783476360406453641
2,903,31222570996,4617583408875,1783476360406788907
3,886,31222803708,4617583702573,1783476360407082605
1,918,31223145612,4617584109615,1783476360407489615
0,868,31258210708,4617615090295,1783476360438470327
2,904,31258525964,4617615411481,1783476360438791481
3,887,31258786900,4617615663450,1783476360439043450
1,919,31259131612,4617616078845,1783476360439458877
0,869,31290180740,4617647089445,1783476360470469477
2,905,31290570644,4617647428039,1783476360470808071
1,920,31291148740,4617648084715,1783476360471464715
3,888,31290785868,4617651738302,1783476360475118302
0,870,31322171804,4617683068297,1783476360506448329
2,906,31326570932,4617683412458,1783476360506792458
3,889,31322805900,4617683719916,1783476360507099948
1,921,31323147932,4617684103150,1783476360507483182
0,871,31358162836,4617715084951,1783476360538464983
2,907,31358507060,4617715417144,1783476360538797176
3,890,31358770964,4617715666202,1783476360539046202
1,922,31359129964,4617716079260,1783476360539459260
0,872,31390208124,4617747143173,1783476360570523173
1,923,31391146932,4617748103146,1783476360571483146
2,908,31390571868,4617751459388,1783476360574839420
3,891,31390802868,4617751715998,1783476360575095998
0,873,31422181708,4617783066696,1783476360606446696
2,909,31426575964,4617783410922,1783476360606790922
3,892,31422804900,4617783663147,1783476360607043179
1,924,31423145996,4617784092205,1783476360607472205
0,874,31458195868,4617815087158,1783476360638467158
2,910,31458512964,4617815420664,1783476360638800664
3,893,31458772644,4617815670137,1783476360639050137
1,925,31459133188,4617816069787,1783476360639449787
0,875,31490213772,4617847102308,1783476360670482340
1,926,31491153124,4617848053833,1783476360671433865
2,911,31490586740,4617851451259,1783476360674831259
3,894,31490801708,4617851757917,1783476360675137917
0,876,31522171932,4617883090535,1783476360706470535
2,912,31526556124,4617883412009,1783476360706792041
3,895,31522827996,4617883670603,1783476360707050603
1,927,31523147420,4617884254158,1783476360707634190
0,877,31558171420,4617915164598,1783476360738544598
2,913,31558525964,4617915500183,1783476360738880183
1,928,31559149964,4617916138171,1783476360739518203
3,896,31558758676,4617916174555,1783476360739554587
0,878,31590206844,4617951196633,1783476360774576665
2,914,31590573804,4617951465627,1783476360774845627
3,897,31590817676,4617951711004,1783476360775091004
1,929,31591148356,4617952122174,1783476360775502206
0,879,31626230996,4617983115495,1783476360806495527
2,915,31626541900,4617983438089,1783476360806818121
3,898,31622782772,4617983687690,1783476360807067754
1,930,31627177868,4617984142572,1783476360807522604
0,880,31658176644,4618015111125,1783476360838491125
2,916,31658545836,4618015450294,1783476360838830294
1,931,31659133548,4618016107674,1783476360839487738
3,899,31658760548,4618019750254,1783476360843130254
0,881,31690161676,4618051095448,1783476360874475448
2,917,31690572964,4618051422106,1783476360874802138
3,900,31690805932,4618051670075,1783476360875050107
1,932,31691174708,4618052101822,1783476360875481822
0,882,31726194644,4618083092486,1783476360906472518
2,918,31726527804,4618083426856,1783476360906806888
3,901,31726789548,4618083680073,1783476360907060073
1,933,31727132900,4618084147116,1783476360907527116
2,919,31758558900,4618115476374,1783476360938856406
1,934,31759134644,4618116117945,1783476360939497977
0,883,31758171868,4618119096234,1783476360942476234
3,902,31758758836,4618119739437,1783476360943119469
0,884,31790181740,4618151123928,1783476360974503928
2,920,31790573580,4618151449113,1783476360974829145
3,903,31790806740,4618151692443,1783476360975072443
1,935,31791146900,4618152081053,1783476360975461085
0,885,31826185388,4618183232326,1783476361006612326
2,921,31826526804,4618183476583,1783476361006856615
3,904,31826791644,4618183697257,1783476361007077257
1,936,31827135836,4618184222123,1783476361007602155
0,886,31858198676,4618215208563,1783476361038588595
2,922,31858575676,4618215497397,1783476361038877429
1,937,31859150484,4618216141753,1783476361039521753
3,905,31858788100,4618219742284,1783476361043122316
0,887,31890179292,4618251198327,1783476361074578327
2,923,31890558548,4618251454872,1783476361074834872
3,906,31890807900,4618251699481,1783476361075079481
1,938,31891149612,4618252121692,1783476361075501692
0,888,31926224452,4618283170404,1783476361106550404
2,924,31926532836,4618283449510,1783476361106829510
3,907,31926794772,4618283687463,1783476361107067463
1,939,31927142644,4618284193802,1783476361107573994
0,889,31958186740,4618315158610,1783476361138538610
1,940,31959177772,4618316094615,1783476361139474647
2,925,31958573420,4618319469897,1783476361142849929
3,908,31958803804,4618319709706,1783476361143089738
0,890,31990174548,4618351095157,1783476361174475189
2,926,31994576932,4618351426614,1783476361174806614
3,909,31990806900,4618351684600,1783476361175064600
1,941,31991147316,4618352043450,1783476361175423418
0,891,32026203868,4618383112322,1783476361206492322
2,927,32026538868,4618383435492,1783476361206815524
3,910,32026776252,4618383677893,1783476361207057925
1,942,32027135092,4618384121032,1783476361207501032
0,892,32058200316,4618415092656,1783476361238472656
1,943,32059197932,4618416073365,1783476361239453365
2,928,32058671836,4618419458759,1783476361242838759
3,911,32058914868,4618419784297,1783476361243164297
0,893,32090217644,4618451102867,1783476361274482899
2,929,32094561932,4618451424981,1783476361274804981
3,912,32090812772,4618451687958,1783476361275067958
1,944,32091176252,4618452065624,1783476361275445624
0,894,32126201580,4618483092384,1783476361306472416
2,930,32126526964,4618483428290,1783476361306808290
3,913,32126759836,4618483680996,1783476361307061028
1,945,32127134028,4618484099014,1783476361307479014
0,895,32158217060,4618519075332,1783476361342455332
2,931,32158586900,4618519423686,1783476361342803686
3,914,32158809964,4618519699815,1783476361343079847
1,946,32159193484,4618520149449,1783476361343529449
0,896,32194190708,4618551094257,1783476361374474289
2,932,32194580028,4618551425395,1783476361374805395
3,915,32190788996,4618551689749,1783476361375069781
1,947,32195179740,4618552083639,1783476361375463639
0,897,32226178028,4618583094527,1783476361406474559
2,933,32226531060,4618583437729,1783476361406817729
1,948,32227139708,4618584070340,1783476361407450372
3,916,32226776708,4618587766296,1783476361411146296
0,898,32258220836,4618619075458,1783476361442455458
2,934,32258580964,4618619415204,1783476361442795204
3,917,32258812220,4618619680261,1783476361443060261
1,949,32259170028,4618620066663,1783476361443446663
0,899,32294217996,4618651102032,1783476361474482064
2,935,32294531964,4618651426193,1783476361474806193
3,918,32294794220,4618651669107,1783476361475049107
1,950,32295139996,4618652062165,1783476361475442165
0,900,32326173868,4618683100317,1783476361506480317
1,951,32327138028,4618684084035,1783476361507464067
2,936,32326544932,4618687507541,1783476361510887541
3,919,32326761028,4618687713910,1783476361511094006
0,901,32358183708,4618719083072,1783476361542463104
2,937,32358577900,4618719417602,1783476361542797602
3,920,32358804932,4618719668484,1783476361543048516
1,952,32359151900,4618720084966,1783476361543464998
0,902,32394217836,4618751079566,1783476361574459566
2,938,32394533964,4618751434512,1783476361574814512
3,921,32394795188,4618751668113,1783476361575048145
1,953,32395137900,4618752084371,1783476361575464435
0,903,32426209580,4618783083100,1783476361606463132
1,954,32427151868,4618784081889,1783476361607461921
2,939,32426575836,4618787474771,1783476361610854771
3,922,32426788836,4618787716245,1783476361611096277
0,904,32458176932,4618819094815,1783476361642474815
2,940,32458561996,4618819440417,1783476361642820417
3,923,32458808092,4618819681122,1783476361643061122
1,955,32459151932,4618820062436,1783476361643442436
0,905,32494215612,4618851139181,1783476361674519213
2,941,32494530028,4618851464558,1783476361674844558
3,924,32494791644,4618851709968,1783476361675089968
1,956,32495137932,4618852100146,1783476361675480146
0,906,32526185548,4618883161018,1783476361706541114
1,957,32527151868,4618884079743,1783476361707459743
2,942,32526575580,4618887472146,1783476361710852178
3,925,32526790932,4618887729107,1783476361711109139
0,907,32558175612,4618919168702,1783476361742548702
2,943,32562574900,4618919458687,1783476361742838687
3,926,32558808708,4618919702401,1783476361743082465
1,958,32559150996,4618920103107,1783476361743483139
0,908,32594222260,4618951117387,1783476361774497419
2,944,32594532028,4618951450925,1783476361774830925
3,927,32594791644,4618951719438,1783476361775099406
1,959,32595136220,4618952066480,1783476361775446448
0,909,32626223516,4618983235545,1783476361806615577
1,960,32627172932,4618984105022,1783476361807485022
2,945,32626581868,4618987486320,1783476361810866320
3,928,32626810868,4618987716978,1783476361811097010
0,910,32658211132,4619019099644,1783476361842479644
2,946,32662559740,4619019438622,1783476361842818622
3,929,32658810676,4619019738271,1783476361843118303
1,961,32659152772,4619020115617,1783476361843495617
0,911,32694220676,4619051142922,1783476361874522922
2,947,32694550900,4619051455595,1783476361874835627
3,930,32694781124,4619051689900,1783476361875069900
1,962,32695175772,4619052102351,1783476361875482351
0,912,32726189484,4619083104983,1783476361906484983
1,963,32727171060,4619084070716,1783476361907450716
2,948,32726579028,4619087447374,1783476361910827374
3,931,32726811676,4619087713904,1783476361911093904
0,913,32762185964,4619119104282,1783476361942484282
2,949,32762560964,4619119439292,1783476361942819324
3,932,32758786836,4619119687581,1783476361943067581
1,964,32763152156,4619120062655,1783476361943442655
0,914,32794203124,4619151084200,1783476361974464200
2,950,32794545772,4619151455786,1783476361974835786
1,965,32795141612,4619152110573,1783476361975490605
3,933,32794760900,4619155738529,1783476361979118561
0,915,32826223068,4619187197579,1783476362010577611
2,951,32826580092,4619187461197,1783476362010841197
3,934,32826810452,4619187701966,1783476362011081966
1,966,32827153804,4619188086864,1783476362011466864
0,916,32862222644,4619219105848,1783476362042485880
2,952,32862547964,4619219444538,1783476362042824538
3,935,32862809252,4619219681659,1783476362043061691
1,967,32863151708,4619220097278,1783476362043477310
1,968,32895140228,4619252122859,1783476362075502859
0,917,32894211740,4619255121755,1783476362078501755
2,953,32894554028,4619255512317,1783476362078892317
3,936,32894767284,4619255722334,1783476362079102366
0,918,32926199900,4619287142825,1783476362110522825
2,954,32926581996,4619287444426,1783476362110824458
3,937,32926811964,4619287679115,1783476362111059147
1,969,32927153804,4619288099982,1783476362111480014
0,919,32962220220,4619319090902,1783476362142470934
2,955,32962530028,4619319424503,1783476362142804503
3,938,32962793964,4619319683065,1783476362143063097
1,970,32963138644,4619320108795,1783476362143488795
0,920,32994217772,4619351091587,1783476362174471619
2,956,32994577964,4619351436197,1783476362174816197
1,971,32995153612,4619352102248,1783476362175482280
3,939,32994789676,4619355728028,1783476362179108028
0,921,33026237964,4619387114950,1783476362210494982
2,957,33026564900,4619387452392,1783476362210832392
3,940,33026811996,4619387694377,1783476362211074441
1,972,33027153932,4619388101419,1783476362211481451
0,922,33062187388,4619419068787,1783476362242448787
2,958,33062531996,4619419433973,1783476362242813973
3,941,33062793964,4619419664054,1783476362243044054
1,973,33063138124,4619420059032,1783476362243438968
0,923,33094223580,4619451115456,1783476362274495456
1,974,33095152676,4619452109542,1783476362275489574
2,959,33094583900,4619455480152,1783476362278860152
3,942,33094795964,4619455739897,1783476362279119929
0,924,33126218899,4619487153444,1783476362310533444
2,960,33130577932,4619487447269,1783476362310827269
3,943,33126814868,4619487695430,1783476362311075430
1,975,33127165420,4619488096105,1783476362311476137
0,925,33162185644,4619519161201,1783476362342541233
2,961,33162529836,4619519449618,1783476362342829618
3,944,33162792708,4619519689300,1783476362343069332
1,976,33163139676,4619520108118,1783476362343488150
0,926,33194190772,4619551107902,1783476362374487902
1,977,33195174484,4619552129539,1783476362375509539
2,962,33194579964,4619555468885,1783476362378848885
3,945,33194811932,4619555714807,1783476362379094839
0,927,33226221452,4619587159969,1783476362410540001
2,963,33230577612,4619587454691,1783476362410834691
3,946,33226812868,4619587693444,1783476362411073476
1,978,33227154028,4619588118918,1783476362411498918
0,928,33262221028,4619619092846,1783476362442472846
2,964,33262546900,4619619438736,1783476362442818736
3,947,33262778316,4619619679185,1783476362443059217
1,979,33263139740,4619620096499,1783476362443476499
1,980,33295153644,4619652112353,1783476362475492353
0,929,33294190932,4619655066961,1783476362478446961
2,965,33294577964,4619655433075,1783476362478813139
3,948,33294809804,4619655692148,1783476362479072148
0,930,33330218836,4619687168767,1783476362510548767
2,966,33330566964,4619687466720,1783476362510846720
3,949,33326780996,4619687710305,1783476362511090337
1,981,33331169772,4619688098884,1783476362511479076
0,931,33362208676,4619719101323,1783476362542481355
2,967,33362568868,4619719434829,1783476362542814829
3,950,33362766932,4619719700911,1783476362543080943
1,982,33363142452,4619720121969,1783476362543502001
0,932,33394218356,4619755110414,1783476362578490414
2,968,33394584900,4619755437744,1783476362578817808
3,951,33394814252,4619755673297,1783476362579053297
1,983,33395174484,4619756091892,1783476362579471892
0,933,33430208132,4619787231420,1783476362610611452
2,969,33430569580,4619787514878,1783476362610894910
3,952,33430811996,4619787723551,1783476362611103583
1,984,33431154220,4619788127521,1783476362611507553
2,970,33462547932,4619819461355,1783476362642841355
0,934,33462174836,4619823086846,1783476362646466846
3,953,33462764804,4619823735042,1783476362647115074
1,985,33463139900,4619824103172,1783476362647483140
0,935,33494185548,4619855092780,1783476362678472780
2,971,33494577996,4619855415982,1783476362678795982
3,954,33494811804,4619855668271,1783476362679048303
1,986,33495195316,4619856054993,1783476362679434993
0,936,33530186580,4619887154073,1783476362710534073
2,972,33530532740,4619887464987,1783476362710845051
3,955,33530795932,4619887702748,1783476362711082780
1,987,33531140580,4619888141375,1783476362711521407
0,937,33562176452,4619919166407,1783476362742546439
2,973,33562565708,4619919481768,1783476362742861800
1,988,33563169932,4619920094220,1783476362743474252
3,956,33562779484,4619923737855,1783476362747117855
0,938,33594220932,4619955092553,1783476362778472585
2,974,33594571060,4619955445451,1783476362778825451
3,957,33594817612,4619955713133,1783476362779093165
1,989,33595177676,4619956449681,1783476362779829713
0,939,33630226100,4619987251735,1783476362810631735
2,975,33630537644,4619987509113,1783476362810889113
3,958,33630800740,4619987728250,1783476362811108282
1,990,33631140900,4619988140956,1783476362811520988
0,940,33662218708,4620019095620,1783476362842475620
1,991,33663171580,4620020123465,1783476362843503465
2,976,33662582900,4620023458171,1783476362846838203
3,959,33662796028,4620023709085,1783476362847089117
0,941,33694182964,4620055090599,1783476362878470631
2,977,33698578932,4620055436201,1783476362878816201
3,960,33694813996,4620055701994,1783476362879081994
1,992,33695163644,4620056079116,1783476362879459116
0,942,33730218092,4620087184542,1783476362910564542
2,978,33730534028,4620087458656,1783476362910838688
3,961,33730796804,4620087693570,1783476362911073570
1,993,33731173420,4620088105956,1783476362911485956
1,994,33763170324,4620120125084,1783476362943505084
0,943,33762222260,4620123163537,1783476362946543569
2,979,33762584964,4620123481523,1783476362946861555
3,962,33762816900,4620123750357,1783476362947130357
0,944,33794241388,4620155126313,1783476362978506313
2,980,33798582932,4620155445099,1783476362978825099
3,963,33794819932,4620155699532,1783476362979079532
1,995,33795174676,4620156158480,1783476362979538480
0,945,33830224676,4620187176733,1783476363010556765
2,981,33830537124,4620187447617,1783476363010827649
3,964,33830788028,4620187708901,1783476363011088901
1,996,33831142644,4620188115851,1783476363011495851
1,997,33863172804,4620220084684,1783476363043464716
0,946,33862193868,4620223119194,1783476363046499194
2,982,33862581868,4620223468415,1783476363046848447
3,965,33862812900,4620223728547,1783476363047108579
0,947,33898212707,4620255104348,1783476363078484348
2,983,33898566284,4620255427872,1783476363078807872
3,966,33894792964,4620255684772,1783476363079064804
1,998,33899169996,4620256277421,1783476363079657485
0,948,33930214316,4620287100958,1783476363110480926
2,984,33930556412,4620287400930,1783476363110780898
3,967,33930771476,4620287651846,1783476363111031782
1,999,33931144708,4620288098605,1783476363111478605
0,949,33962222644,4620323083611,1783476363146463611
2,985,33962586996,4620323423361,1783476363146803361
3,968,33962817156,4620323682308,1783476363147062308
1,1000,33963175420,4620324084235,1783476363147464267
0,950,33998190612,4620355201503,1783476363178581535
2,986,33998549964,4620355436323,1783476363178816323
3,969,33998814252,4620355680038,1783476363179060070
1,1001,33999168676,4620356116685,1783476363179496717
0,951,34030183156,4620387175169,1783476363210555201
2,987,34030551932,4620387464261,1783476363210844261
1,1002,34031144580,4620388113647,1783476363211493679
3,970,34030767124,4620391705445,1783476363215085381
0,952,34062197356,4620423108830,1783476363246488862
2,988,34062579028,4620423427651,1783476363246807683
3,971,34062813996,4620423686855,1783476363247066855
1,1003,34063153124,4620424069164,1783476363247449164
0,953,34098208612,4620455116800,1783476363278496800
2,989,34098537996,4620455433189,1783476363278813189
3,972,34098800963,4620455685289,1783476363279065289
1,1004,34099145156,4620456071182,1783476363279451182
0,954,34130181060,4620487177859,1783476363310557891
2,990,34130555836,4620487482760,1783476363310862760
1,1005,34131146028,4620488100657,1783476363311480657
3,973,34130770900,4620491736360,1783476363315116392
0,955,34162223996,4620523084768,1783476363346464800
2,991,34162573964,4620523430213,1783476363346810245
3,974,34162820996,4620523695401,1783476363347075433
1,1006,34163173028,4620524072943,1783476363347452943
0,956,34198208996,4620555134786,1783476363378514786
2,992,34198539996,4620555455015,1783476363378835047
3,975,34198801932,4620555701515,1783476363379081547
1,1007,34199146932,4620556101969,1783476363379482001
0,957,34230228868,4620587181669,1783476363410561701
2,993,34230590835,4620587481226,1783476363410861258
1,1008,34231173932,4620588096051,1783476363411476083
3,976,34230802772,4620591758730,1783476363415138730
0,958,34262205932,4620623120162,1783476363446500194
2,994,34266585996,4620623431271,1783476363446811303
3,977,34262819996,4620623705771,1783476363447085771
1,1009,34263172836,4620624106929,1783476363447486929
0,959,34298196868,4620655105636,1783476363478485636
2,995,34298541060,4620655433001,1783476363478813001
3,978,34298804964,4620655708269,1783476363479088301
1,1010,34299148964,4620656122579,1783476363479502611
1,1011,34331177996,4620688122709,1783476363511502741
0,960,34330228932,4620691109282,1783476363514489282
2,996,34330587932,4620691470888,1783476363514850920
3,979,34330819932,4620691750764,1783476363515130796
0,961,34362207676,4620723105252,1783476363546485284
2,997,34366588868,4620723467146,1783476363546847178
3,980,34362822804,4620723709933,1783476363547089933
1,1012,34363178932,4620724111923,1783476363547492019
0,962,34398225124,4620755107398,1783476363578487398
2,998,34398541996,4620755438667,1783476363578818667
3,981,34398790996,4620755708911,1783476363579088943
1,1013,34399150932,4620756166486,1783476363579546518
1,1014,34431166868,4620788187224,1783476363611567256
0,963,34430232804,4620791086020,1783476363614466084
2,999,34430596836,4620791463498,1783476363614843562
3,982,34430807932,4620791715598,1783476363615095598
0,964,34466231580,4620823148615,1783476363646528615
2,1000,34466574836,4620823461164,1783476363646841196
3,983,34462792996,4620823709199,1783476363647089199
1,1015,34467176932,4620824110901,1783476363647490966
0,965,34498195028,4620855132265,1783476363678512297
2,1001,34498544900,4620855459534,1783476363678839566
3,984,34498777964,4620855696369,1783476363679076369
1,1016,34499152612,4620856127224,1783476363679507224
0,966,34530217188,4620891129799,1783476363714509831
2,1002,34530594028,4620891429675,1783476363714809707
3,985,34530824964,4620891693263,1783476363715073263
1,1017,34531180708,4620892102614,1783476363715482614
0,967,34566212868,4620923137257,1783476363746517257
2,1003,34566561964,4620923456686,1783476363746836686
3,986,34566822708,4620923707570,1783476363747087602
1,1018,34567179772,4620924118712,1783476363747498744
0,968,34598199420,4620955125547,1783476363778505547
2,1004,34598560996,4620955467216,1783476363778847280
1,1019,34599152644,4620956120474,1783476363779500506
3,987,34598783708,4620959779377,1783476363783159377
0,969,34630194676,4620991212650,1783476363814592618
2,1005,34630593676,4620991486030,1783476363814866030
3,988,34630828804,4620991712306,1783476363815092338
1,1020,34631175932,4620992111544,1783476363815491544
0,970,34666241516,4621023168396,1783476363846548396
2,1006,34666550804,4621023462416,1783476363846842416
3,989,34666810388,4621023726196,1783476363847106196
1,1021,34667168964,4621024095801,1783476363847475801
0,971,34698208772,4621055135533,1783476363878515565
1,1022,34699186772,4621056187421,1783476363879567421
2,1007,34698590676,4621059508527,1783476363882888559
3,990,34698785580,4621059759827,1783476363883139859
0,972,34730204356,4621091122027,1783476363914502027
2,1008,34730582868,4621091449936,1783476363914829968
3,991,34730826964,4621091725428,1783476363915105460
1,1023,34731178836,4621092123930,1783476363915503994
0,973,34766206836,4621123105997,1783476363946485997
2,1009,34766548284,4621123440626,1783476363946820658
3,992,34766808932,4621123682453,1783476363947062453
1,1024,34767153964,4621124111996,1783476363947491996
0,974,34798236804,4621155156047,1783476363978536047
2,1010,34798599612,4621155487220,1783476363978867220
1,1025,34799185964,4621156114942,1783476363979494974
3,993,34798810580,4621159770293,1783476363983150293
0,975,34830240836,4621191204494,1783476364014584526
2,1011,34834598964,4621191478610,1783476364014858642
3,994,34830833932,4621191727542,1783476364015107638
1,1026,34831181612,4621192160316,1783476364015540348
0,976,34866242676,4621223138958,1783476364046518990
2,1012,34866547868,4621223497684,1783476364046877716
3,995,34866809644,4621223719927,1783476364047099927
1,1027,34867171612,4621224114845,1783476364047494845
0,977,34898221836,4621255129840,1783476364078509808
1,1028,34899178772,4621256127327,1783476364079507327
2,1013,34898592836,4621259496433,1783476364082876465
3,996,34898824676,4621259760885,1783476364083140885
0,978,34930234804,4621291076012,1783476364114456108
2,1014,34934597996,4621291456818,1783476364114836850
3,997,34930831996,4621291705974,1783476364115085974
1,1029,34931180580,4621292144668,1783476364115524700
0,979,34966225708,4621323167567,1783476364146547599
2,1015,34966550932,4621323563189,1783476364146943189
3,998,34966783740,4621323760632,1783476364147140664
1,1030,34967173868,4621324165086,1783476364147545086
1,1031,34999171836,4621356093950,1783476364179473982
0,980,34998198516,4621359098859,1783476364182478859
2,1016,34998590900,4621359462289,1783476364182842289
3,999,34998825028,4621359723061,1783476364183103093
0,981,35034195772,4621391122989,1783476364214503021
2,1017,35034574932,4621391450610,1783476364214830642
3,1000,35030799932,4621391708342,1783476364215088342
1,1032,35035173028,4621392093596,1783476364215473628
0,982,35066221964,4621423108942,1783476364246488942
2,1018,35066549932,4621423462995,1783476364246842995
3,1001,35066781932,4621423696631,1783476364247076631
1,1033,35067170156,4621424084285,1783476364247464285
0,983,35098234452,4621459108651,1783476364282488651
2,1019,35098598932,4621459431568,1783476364282811568
3,1002,35098828932,4621459689236,1783476364283069236
1,1034,35099184644,4621460124571,1783476364283504571
0,984,35134240516,4621491137901,1783476364314517965
2,1020,35134567028,4621491452722,1783476364314832786
3,1003,35130785804,4621491708438,1783476364315088502
1,1035,35135182356,4621492106204,1783476364315486236
0,985,35166194292,4621523125742,1783476364346505742
2,1021,35166567060,4621523483572,1783476364346863604
1,1036,35167170356,4621524108189,1783476364347488221
3,1004,35166783772,4621527761236,1783476364351141268
0,986,35198243676,4621559113580,1783476364382493612
2,1022,35198601644,4621559449489,1783476364382829553
3,1005,35198831932,4621559700308,1783476364383080340
1,1037,35199183516,4621560108251,1783476364383488315
0,987,35234244900,4621591147597,1783476364414527629
2,1023,35234553900,4621591465202,1783476364414845266
3,1006,35234814964,4621591710934,1783476364415090998
1,1038,35235174612,4621592134940,1783476364415514972
0,988,35266196548,4621623120526,1783476364446500558
2,1024,35266569964,4621627518672,1783476364450898672
3,1007,35266785932,4621627748724,1783476364451128724
1,1039,35267172708,4621628095481,1783476364451475513
0,989,35298237932,4621659116620,1783476364482496620
2,1025,35298592900,4621659460273,1783476364482840305
3,1008,35298836092,4621659693716,1783476364483073716
1,1040,35299190196,4621660101402,1783476364483481434
0,990,35334243644,4621691177646,1783476364514557646
2,1026,35334559932,4621691467058,1783476364514847090
3,1009,35334820092,4621691717270,1783476364515097302
1,1041,35335175452,4621692108124,1783476364515488124
0,991,35366212644,4621723139119,1783476364546519119
1,1042,35367187452,4621724121341,1783476364547501373
2,1027,35366600932,4621727477360,1783476364550857360
3,1010,35366816060,4621727717619,1783476364551097683
0,992,35398209772,4621759112844,1783476364582492844
2,1028,35402600868,4621759461521,1783476364582841553
3,1011,35398817092,4621759697332,1783476364583077332
1,1043,35399185452,4621760104379,1783476364583484379
0,993,35434203028,4621791179086,1783476364614559118
2,1029,35434539868,4621791471858,1783476364614851890
3,1012,35434801932,4621791722422,1783476364615102454
1,1044,35435175548,4621792132988,1783476364615512988
0,994,35466242388,4621823167151,1783476364646547151
1,1045,35467187996,4621824122461,1783476364647502493
2,1030,35466603060,4621827494384,1783476364650874416
3,1013,35466832932,4621827754292,1783476364651134324
0,995,35498207028,4621859130156,1783476364682510156
2,1031,35502601124,4621859452113,1783476364682832145
3,1014,35498836060,4621859702357,1783476364683082357
1,1046,35499190484,4621860102587,1783476364683482587
0,996,35534246676,4621891156014,1783476364714536046
2,1032,35534560932,4621891469298,1783476364714849362
3,1015,35534821964,4621891723126,1783476364715103158
1,1047,35535187580,4621892122460,1783476364715502492
0,997,35566246644,4621923163023,1783476364746543055
1,1048,35567188484,4621924122621,1783476364747502653
2,1033,35566611612,4621927488624,1783476364750868624
3,1016,35566835740,4621927753972,1783476364751134004
0,998,35602207484,4621959199469,1783476364782579501
2,1034,35602587156,4621959464881,1783476364782844881
3,1017,35598821708,4621959726069,1783476364783106069
1,1049,35603186420,4621960158299,1783476364783538299
0,999,35634232548,4621991217519,1783476364814597519
2,1035,35634559028,4621991482515,1783476364814862547
3,1018,35634790708,4621991722582,1783476364815102614
1,1050,35635177548,4621992150973,1783476364815531005
0,1000,35666247652,4622027179499,1783476364850559499
2,1036,35666608124,4622027471856,1783476364850851888
3,1019,35666836964,4622027732852,1783476364851112884
1,1051,35667197260,4622028130330,1783476364851510330
0,1001,35702218932,4622059118092,1783476364882498092
2,1037,35702573964,4622059456433,1783476364882836433
3,1020,35698808900,4622059721173,1783476364883101173
1,1052,35703205708,4622060102875,1783476364883482907
0,1002,35734233836,4622091177646,1783476364914557646
2,1038,35734581220,4622091480595,1783476364914860595
1,1053,35735182612,4622092109916,1783476364915489916
3,1021,35734794644,4622095758547,1783476364919138579
0,1003,35766244772,4622127136171,1783476364950516267
2,1039,35766607963,4622127455888,1783476364950835920
3,1022,35766838932,4622127696627,1783476364951076659
1,1054,35767199324,4622128123226,1783476364951503258
0,1004,35802211420,4622159169837,1783476364982549869
2,1040,35802559028,4622159477073,1783476364982857105
3,1023,35802821836,4622159719477,1783476364983099477
1,1055,35803174452,4622160128699,1783476364983508731
0,1005,35834234900,4622191169262,1783476365014549262
2,1041,35834581900,4622191478578,1783476365014858578
1,1056,35835177772,4622192135100,1783476365015515100
3,1024,35834796420,4622195772339,1783476365019152339
0,1006,35866250060,4622227111465,1783476365050491497
2,1042,35866611220,4622227446894,1783476365050826894
3,1025,35866840932,4622227711154,1783476365051091154
1,1057,35867192580,4622228083064,1783476365051463096
0,1007,35902247644,4622259128298,1783476365082508330
2,1043,35902564740,4622259619186,1783476365082999250
3,1026,35902826932,4622259717907,1783476365083097907
1,1058,35903187548,4622260131513,1783476365083511545
0,1008,35934247900,4622291148779,1783476365114528779
2,1044,35934609900,4622291485936,1783476365114866000
1,1059,35935210932,4622292148218,1783476365115528218
3,1027,35934839060,4622295752912,1783476365119132912
0,1009,35966215707,4622327126696,1783476365150506760
2,1045,35970607996,4622327454253,1783476365150834285
3,1028,35966841932,4622327698768,1783476365151078768
1,1060,35967220612,4622328122615,1783476365151502615
0,1010,36002216836,4622359149961,1783476365182529961
2,1046,36002576772,4622359464525,1783476365182844557
3,1029,36002823932,4622359711089,1783476365183091121
1,1061,36003179804,4622360138103,1783476365183518135
0,1011,36034255220,4622391204458,1783476365214584490
1,1062,36035200516,4622392125112,1783476365215505208
2,1047,36034618900,4622395494634,1783476365218874698
3,1030,36034845900,4622395768431,1783476365219148431
0,1012,36066213836,4622427122822,1783476365250502822
2,1048,36070611996,4622427466667,1783476365250846667
3,1031,36066845900,4622427708686,1783476365251088718
1,1063,36067199644,4622428104660,1783476365251484660
0,1013,36102216868,4622459127622,1783476365282507622
2,1049,36102562996,4622459456811,1783476365282836843
3,1032,36102825868,4622459725135,1783476365283105167
1,1064,36103178452,4622460141525,1783476365283521557
0,1014,36134253580,4622491205512,1783476365314585544
1,1065,36135202548,4622492132438,1783476365315512438
2,1050,36134611324,4622495505641,1783476365318885641
3,1033,36134841804,4622495760268,1783476365319140268
0,1015,36166212548,4622527136964,1783476365350516964
2,1051,36170596932,4622527469257,1783476365350849257
3,1034,36166845964,4622527733485,1783476365351113485
1,1066,36167188548,4622528136019,1783476365351516019
0,1016,36202225804,4622559201701,1783476365382581701
2,1052,36202581964,4622559489130,1783476365382869130
3,1035,36202818932,4622559733869,1783476365383113933
1,1067,36203182580,4622560141843,1783476365383521875
0,1017,36234225868,4622595148641,1783476365418528673
2,1053,36234615124,4622595475430,1783476365418855462
3,1036,36234845868,4622595734314,1783476365419114346
1,1068,36235205612,4622596123312,1783476365419503312
0,1018,36270222324,4622627173986,1783476365450554018
2,1054,36270597900,4622627479847,1783476365450859911
3,1037,36266814644,4622627733707,1783476365451113707
1,1069,36271238324,4622628124464,1783476365451504496
0,1019,36302209900,4622659153602,1783476365482533634
2,1055,36302599868,4622659500744,1783476365482880776
1,1070,36303183612,4622660129201,1783476365483509393
3,1038,36302799484,4622663781832,1783476365487161832
0,1020,36334257740,4622695171839,1783476365518551839
2,1056,36334616996,4622695470244,1783476365518850244
3,1039,36334847932,4622695708200,1783476365519088232
1,1071,36335235612,4622696118158,1783476365519498222
0,1021,36370226644,4622727146432,1783476365550526432
2,1057,36370567964,4622727463204,1783476365550843204
3,1040,36370829996,4622727721032,1783476365551101032
1,1072,36371189676,4622728093806,1783476365551473806
0,1022,36402239676,4622759131360,1783476365582511392
1,1073,36403183836,4622760099215,1783476365583479247
2,1058,36402583836,4622763540610,1783476365586920610
3,1041,36402798900,4622763764966,1783476365587144966
0,1023,36434277836,4622795138333,1783476365618518365
2,1059,36434619964,4622795455746,1783476365618835778
3,1042,36434842932,4622795727558,1783476365619107590
1,1074,36435218612,4622796146316,1783476365619526316
0,1024,36470260868,4622827140190,1783476365650520190
2,1060,36470568900,4622827473571,1783476365650853571
3,1043,36470842932,4622827737159,1783476365651117159
1,1075,36471191420,4622828127852,1783476365651507884
0,1025,36502226804,4622859139486,1783476365682519518
2,1061,36502616964,4622859497412,1783476365682877444
1,1076,36503203324,4622860098573,1783476365683478573
3,1044,36502829772,4622863782052,1783476365687162084
0,1026,36534257708,4622895145403,1783476365718525435
2,1062,36534606964,4622895457824,1783476365718837824
3,1045,36534852964,4622895724772,1783476365719104804
1,1077,36535207964,4622896108361,1783476365719488393
0,1027,36570225516,4622927148252,1783476365750528284
2,1063,36570570804,4622927477921,1783476365750857953
3,1046,36570832932,4622927730372,1783476365751110404
1,1078,36571185548,4622928118186,1783476365751498218
0,1028,36602230740,4622959159196,1783476365782539228
1,1079,36603212516,4622960130539,1783476365783510571
2,1064,36602617772,4622963551166,1783476365786931166
3,1047,36602849740,4622963759649,1783476365787139649
0,1029,36634220324,4622995173113,1783476365818553113
2,1065,36638617708,4622995534655,1783476365818914655
1,1080,36635196836,4622996180104,1783476365819560136
3,1048,36634851548,4622997524349,1783476365820904349
0,1030,36670268452,4623027286652,1783476365850666652
2,1066,36670573772,4623027517087,1783476365850897119
3,1049,36670839932,4623027740578,1783476365851120610
1,1081,36671345612,4623028146537,1783476365851526569
0,1031,36702263356,4623059216923,1783476365882596955
1,1082,36703221580,4623060162985,1783476365883543017
2,1067,36702624580,4623063511260,1783476365886891292
3,1050,36702869900,4623063778816,1783476365887158816
0,1032,36734263092,4623095205240,1783476365918585240
2,1068,36738604996,4623095475036,1783476365918855036
3,1051,36734854996,4623095738080,1783476365919118112
1,1083,36735200580,4623096128390,1783476365919508422
0,1033,36770243740,4623127172088,1783476365950552088
2,1069,36770590996,4623127482589,1783476365950862621
3,1052,36770819868,4623127717120,1783476365951097120
1,1084,36771206580,4623128111878,1783476365951491878
0,1034,36802260644,4623163188789,1783476365986568789
2,1070,36802624900,4623163474745,1783476365986854777
3,1053,36802855676,4623163752573,1783476365987132573
1,1085,36803212772,4623164132803,1783476365987512835
0,1035,36838260484,4623195147669,1783476366018527701
2,1071,36838610900,4623195490202,1783476366018870234
3,1054,36834823836,4623195734077,1783476366019114141
1,1086,36839196484,4623196143331,1783476366019523331
0,1036,36870248028,4623227104756,1783476366050484756
2,1072,36870593028,4623227481081,1783476366050861081
1,1087,36871200452,4623228113315,1783476366051493315
3,1055,36870810196,4623231772826,1783476366055152858
0,1037,36902258708,4623263215505,1783476366086595537
2,1073,36902622932,4623263484181,1783476366086864181
3,1056,36902853348,4623263714905,1783476366087094937
1,1088,36903205772,4623264216416,1783476366087596384
0,1038,36938273804,4623295314707,1783476366118694739
2,1074,36938577932,4623295487253,1783476366118867253
3,1057,36938840028,4623295735193,1783476366119115193
1,1089,36939228548,4623296357731,1783476366119737731
0,1039,36970254356,4623327170993,1783476366150551025
2,1075,36970594964,4623327508534,1783476366150888534
1,1090,36971218708,4623328140447,1783476366151520479
3,1058,36970809612,4623331788822,1783476366155168854
0,1040,37002224804,4623363144140,1783476366186524140
2,1076,37002606964,4623363461009,1783476366186841041
3,1059,37002855900,4623363734645,1783476366187114677
1,1091,37003224516,4623364107803,1783476366187487803
0,1041,37038222740,4623395162828,1783476366218542828
2,1077,37038574932,4623395478257,1783476366218858257
3,1060,37038838932,4623395743189,1783476366219123221
1,1092,37039189452,4623396130427,1783476366219510427
0,1042,37070226740,4623427143212,1783476366250523212
2,1078,37070622964,4623427488465,1783476366250868465
1,1093,37071204740,4623428107995,1783476366251488027
3,1061,37070837548,4623431763825,1783476366255143857
0,1043,37102265644,4623463155848,1783476366286535848
2,1079,37102610964,4623463469741,1783476366286849773
3,1062,37102840932,4623463727889,1783476366287107953
1,1094,37103210612,4623464132663,1783476366287512695
0,1044,37138235740,4623495193161,1783476366318573161
2,1080,37138579028,4623495475853,1783476366318855853
3,1063,37138839932,4623495740593,1783476366319120593
1,1095,37139207484,4623496146391,1783476366319526423
0,1045,37170274676,4623527175560,1783476366350555560
2,1081,37170627132,4623527503021,1783476366350883021
1,1096,37171205836,4623528119927,1783476366351499991
3,1064,37170839836,4623531797550,1783476366355177550
0,1046,37202270772,4623563156452,1783476366386536484
2,1082,37206624964,4623563488905,1783476366386868937
3,1065,37202864932,4623563732557,1783476366387112557
1,1097,37203207420,4623564124563,1783476366387504595
0,1047,37238259772,4623595167044,1783476366418547044
2,1083,37238579964,4623595473705,1783476366418853705
3,1066,37238841836,4623595736365,1783476366419116365
1,1098,37239202452,4623596141811,1783476366419521907
0,1048,37270236708,4623627169252,1783476366450549252
1,1099,37271222644,4623628112626,1783476366451492658
2,1084,37270628772,4623631508325,1783476366454888325
3,1067,37270857964,4623631776969,1783476366455157001
0,1049,37302226644,4623663146592,1783476366486526624
2,1085,37306609932,4623663494629,1783476366486874629
3,1068,37302859868,4623663736201,1783476366487116201
1,1100,37303199964,4623664133935,1783476366487513935
0,1050,37338253868,4623695211713,1783476366518591713
2,1086,37338587932,4623695506117,1783476366518886149
3,1069,37338812060,4623695751465,1783476366519131497
1,1101,37339221868,4623696174095,1783476366519554127
0,1051,37370275644,4623727147136,1783476366550527200
1,1102,37371206804,4623728138223,1783476366551518255
2,1087,37370634676,4623731482977,1783476366554863009
3,1070,37370859644,4623731753733,1783476366555133765
0,1052,37406228676,4623763148796,1783476366586528796
2,1088,37406611156,4623763485633,1783476366586865633
3,1071,37402830932,4623763747557,1783476366587127589
1,1103,37407201804,4623764135531,1783476366587515563
0,1053,37438283964,4623795171740,1783476366618551772
2,1089,37438606028,4623795562050,1783476366618942050
1,1104,37439205964,4623796137003,1783476366619517003
3,1072,37438814772,4623799786305,1783476366623166337
0,1054,37470269612,4623831123831,1783476366654503863
2,1090,37470632836,4623831491485,1783476366654871517
3,1073,37470864188,4623831727584,1783476366655107584
1,1105,37471218996,4623832159655,1783476366655539655
0,1055,37506270740,4623863155160,1783476366686535352
2,1091,37506602612,4623863492349,1783476366686872381
3,1074,37506863708,4623863749217,1783476366687129217
1,1106,37507227740,4623864116710,1783476366687496742
0,1056,37538259740,4623895161912,1783476366718541944
2,1092,37538604676,4623895526301,1783476366718906301
1,1107,37539208548,4623896175463,1783476366719555495
3,1075,37538832092,4623899799933,1783476366723179933
0,1057,37570271451,4623931155348,1783476366754535348
2,1093,37570629964,4623931499385,1783476366754879449
3,1076,37570863060,4623931725788,1783476366755105820
1,1108,37571206676,4623932148355,1783476366755528355
0,1058,37606274972,4623963219061,1783476366786599061
2,1094,37606588612,4623963508153,1783476366786888153
3,1077,37606850548,4623963790269,1783476366787170301
1,1109,37607228060,4623964123650,1783476366787503650
0,1059,37638278740,4623995227829,1783476366818607861
1,1110,37639236868,4623996175907,1783476366819555907
2,1095,37638635004,4623999559190,1783476366822939254
3,1078,37638847900,4623999782841,1783476366823162841
0,1060,37670258060,4624031248881,1783476366854628881
2,1096,37670622932,4624031517749,1783476366854897749
3,1079,37670869708,4624031755161,1783476366855135193
1,1111,37671219060,4624032947370,1783476366856327370
0,1061,37706245516,4624063204656,1783476366886584688
2,1097,37706589092,4624063508853,1783476366886888853
3,1080,37706863676,4624063751672,1783476366887131704
1,1112,37707218028,4624064141054,1783476366887521054
0,1062,37738280516,4624095225104,1783476366918605104
1,1113,37739212964,4624096147710,1783476366919527710
2,1098,37738643900,4624099528401,1783476366922908433
3,1081,37738854708,4624099773301,1783476366923153333
0,1063,37770270740,4624131240685,1783476366954620717
2,1099,37774636060,4624131501553,1783476366954881585
3,1082,37770859804,4624131761012,1783476366955141044
1,1114,37771211900,4624132132986,1783476366955512986
0,1064,37806224516,4624163261293,1783476366986641293
2,1100,37806568708,4624163525425,1783476366986905457
3,1083,37806833028,4624163765396,1783476366987145397
1,1115,37807194772,4624164181403,1783476366987561435
0,1065,37838280740,4624195168459,1783476367018548459
1,1116,37839215964,4624196127770,1783476367019507770
2,1101,37838638676,4624199516300,1783476367022896300
3,1084,37838870836,4624199770832,1783476367023150832
0,1066,37870234484,4624231158502,1783476367054538534
2,1102,37874635964,4624231507531,1783476367054887531
3,1085,37870866868,4624231753199,1783476367055133231
1,1117,37871224060,4624232719582,1783476367056099614
0,1067,37906276028,4624263135173,1783476367086515205
2,1103,37906622060,4624263482602,1783476367086862602
3,1086,37906837964,4624263733358,1783476367087113390
1,1118,37907206028,4624264502810,1783476367087882810
0,1068,37938300772,4624295188869,1783476367118568869
1,1119,37939238028,4624296149588,1783476367119529588
2,1104,37938645868,4624299518726,1783476367122898758
3,1087,37938868548,4624299777610,1783476367123157642
0,1069,37974283708,4624331212641,1783476367154592673
2,1105,37974621804,4624331504421,1783476367154884453
3,1088,37970842804,4624331752777,1783476367155132809
1,1120,37975209708,4624332167375,1783476367155547407
0,1070,38006246388,4624363187744,1783476367186567744
2,1106,38006621708,4624363510853,1783476367186890885
3,1089,38006843964,4624363731528,1783476367187111560
1,1121,38007214772,4624364143438,1783476367187523438
0,1071,38038286740,4624399159323,1783476367222539323
2,1107,38038642060,4624399491392,1783476367222871392
3,1090,38038873028,4624399746691,1783476367223126723
1,1122,38039217452,4624400134185,1783476367223514217
0,1072,38074244452,4624431162682,1783476367254542714
2,1108,38074606964,4624431493183,1783476367254873183
3,1091,38074869060,4624431728386,1783476367255108386
1,1123,38075212708,4624432140585,1783476367255520585
0,1073,38106265836,4624463167737,1783476367286547737
2,1109,38106611060,4624463520319,1783476367286900319
1,1124,38107205220,4624464117287,1783476367287497319
3,1092,38106825515,4624467799935,1783476367291179935
0,1074,38138270804,4624499208661,1783476367322588661
2,1110,38138642932,4624499502073,1783476367322882073
3,1093,38138872804,4624499746109,1783476367323126141
1,1125,38139213900,4624500737772,1783476367324117772
0,1075,38174276740,4624531143795,1783476367354523795
2,1111,38174594964,4624531489785,1783476367354869785
3,1094,38174854060,4624531735868,1783476367355115868
1,1126,38175199316,4624532117314,1783476367355497314
0,1076,38206263804,4624563160083,1783476367386540147
2,1112,38206609644,4624563552217,1783476367386932249
1,1127,38207213156,4624564143682,1783476367387523714
3,1095,38206822612,4624567815193,1783476367391195225
0,1077,38238278964,4624599154798,1783476367422534830
2,1113,38238628028,4624599496883,1783476367422876947
3,1096,38238874676,4624599742039,1783476367423122103
1,1128,38239217676,4624600160893,1783476367423540893
0,1078,38274282548,4624631177166,1783476367454557166
2,1114,38274597996,4624631502099,1783476367454882099
3,1097,38274857964,4624631738422,1783476367455118454
1,1129,38275207804,4624632124092,1783476367455504124
0,1079,38306276868,4624663174925,1783476367486554925
2,1115,38306639964,4624663520082,1783476367486900114
1,1130,38307217644,4624664141691,1783476367487521723
3,1098,38306854452,4624667793778,1783476367491173778
0,1080,38338283740,4624699159496,1783476367522539528
2,1116,38342639028,4624699496333,1783476367522876397
3,1099,38338875028,4624699752561,1783476367523132593
1,1131,38339217420,4624700140439,1783476367523520439
0,1081,38374240388,4624731160039,1783476367554540071
2,1117,38374579964,4624731503660,1783476367554883692
3,1100,38374840964,4624731739408,1783476367555119408
1,1132,38375205580,4624732127446,1783476367555507446
1,1133,38407218804,4624764138805,1783476367587518805
0,1082,38406254804,4624767199843,1783476367590579875
2,1118,38406644868,4624767529192,1783476367590909256
3,1101,38406873996,4624767777388,1783476367591157388
0,1083,38438284708,4624799163810,1783476367622543842
2,1119,38442642964,4624799503079,1783476367622883111
3,1102,38438875932,4624799753451,1783476367623133451
1,1134,38439217612,4624800139984,1783476367623520016
0,1084,38474249028,4624831182241,1783476367654562209
2,1120,38474586060,4624831497030,1783476367654877062
3,1103,38474836996,4624831743722,1783476367655123754
1,1135,38475221932,4624832126416,1783476367655506352
0,1085,38506274932,4624863178913,1783476367686558881
1,1136,38507215260,4624864133743,1783476367687513775
2,1121,38506639900,4624867494753,1783476367690874753
3,1104,38506871868,4624867744645,1783476367691124645
0,1086,38542258708,4624899177628,1783476367722557628
2,1122,38542627996,4624899506817,1783476367722886881
3,1105,38538845708,4624899756356,1783476367723136452
1,1137,38543216644,4624900121130,1783476367723501130
0,1087,38574244516,4624931199099,1783476367754579099
2,1123,38574601932,4624931507552,1783476367754887584
3,1106,38574834644,4624931753092,1783476367755133092
1,1138,38575209676,4624932153162,1783476367755533162
0,1088,38606288324,4624967191286,1783476367790571319
2,1124,38606636612,4624967514171,1783476367790894171
3,1107,38606879804,4624967779999,1783476367791159999
1,1139,38607237835,4624968136005,1783476367791516005
2,1125,38642611484,4624999616060,1783476367822996060
0,1089,38642283836,4624999806335,1783476367823186335
3,1108,38642874836,4624999927169,1783476367823307169
1,1140,38643219836,4625000258726,1783476367823638758
0,1090,38674247420,4625031238486,1783476367854618518
2,1126,38674614548,4625031574427,1783476367854954459
1,1141,38675217868,4625032149795,1783476367855529827
3,1109,38674830708,4625035830811,1783476367859210811
0,1091,38706287996,4625067152528,1783476367890532560
2,1127,38706644964,4625067506069,1783476367890886069
3,1110,38706879900,4625067740057,1783476367891120089
1,1142,38707222996,4625068133182,1783476367891513182
0,1092,38742260644,4625099182639,1783476367922562671
2,1128,38742610836,4625099532021,1783476367922912053
3,1111,38742879124,4625099779128,1783476367923159128
1,1143,38743223868,4625100139326,1783476367923519326
0,1093,38774268964,4625131161102,1783476367954541102
2,1129,38774617964,4625131522260,1783476367954902292
1,1144,38775208900,4625132135517,1783476367955515517
3,1112,38774833804,4625135799988,1783476367959180020
0,1094,38806285388,4625167437262,1783476367990817262
2,1130,38806639900,4625167515311,1783476367990895343
1,1145,38807234932,4625168154233,1783476367991534233
3,1113,38806882996,4625168285530,1783476367991665562
0,1095,38842282836,4625199202409,1783476368022582409
2,1131,38842593900,4625199529038,1783476368022909038
3,1114,38842857900,4625199762290,1783476368023142290
1,1146,38843202900,4625200141943,1783476368023521943
0,1096,38874284324,4625231188776,1783476368054568808
2,1132,38874648932,4625231521389,1783476368054901389
1,1147,38875222964,4625232119254,1783476368055499254
3,1115,38874864452,4625235816845,1783476368059196877
0,1097,38906247772,4625267150785,1783476368090530785
2,1133,38910656188,4625267489127,1783476368090869159
3,1116,38906880868,4625267744170,1783476368091124170
1,1148,38907224836,4625268136784,1783476368091516848
0,1098,38942257996,4625299202849,1783476368122582849
2,1134,38942601932,4625299515398,1783476368122895462
3,1117,38942863900,4625299761929,1783476368123141929
1,1149,38943210836,4625300143055,1783476368123523087
0,1099,38974297644,4625331198463,1783476368154578495
1,1150,38975233836,4625332305200,1783476368155685200
2,1135,38974651484,4625335563233,1783476368158943297
3,1118,38974881028,4625335804164,1783476368159184164
0,1100,39006293292,4625367192282,1783476368190572282
2,1136,39010649612,4625367550559,1783476368190930591
3,1119,39006889868,4625367769570,1783476368191149634
1,1151,39007232900,4625368145512,1783476368191525576
0,1101,39042285644,4625399187448,1783476368222567448
2,1137,39042601964,4625399513117,1783476368222893117
3,1120,39042848996,4625399756769,1783476368223136801
1,1152,39043214868,4625400150759,1783476368223530791
1,1153,39075226612,4625432176838,1783476368255556870
0,1102,39074291516,4625435182163,1783476368258562163
2,1138,39074655708,4625435523864,1783476368258903864
3,1121,39074882868,4625435780444,1783476368259160444
0,1103,39110290708,4625467174609,1783476368290554609
2,1139,39110637964,4625467509590,1783476368290889622
3,1122,39106854900,4625467762778,1783476368291142842
1,1154,39111229836,4625468146176,1783476368291526176
0,1104,39142245836,4625499223633,1783476368322603633
2,1140,39142602388,4625499541301,1783476368322921333
3,1123,39142843740,4625499773305,1783476368323153305
1,1155,39143212932,4625500144254,1783476368323524318
0,1105,39174267932,4625535177674,1783476368358557674
2,1141,39174649932,4625535505039,1783476368358885039
3,1124,39174868964,4625535762515,1783476368359142515
1,1156,39175235124,4625536126393,1783476368359506425
0,1106,39210290484,4625567205865,1783476368390585897
2,1142,39210623548,4625567776978,1783476368391156978
3,1125,39206852836,4625567780050,1783476368391160050
1,1157,39211227996,4625568190680,1783476368391570680
0,1107,39242277580,4625599202056,1783476368422582088
2,1143,39242640996,4625599535853,1783476368422915853
1,1158,39243216356,4625600176631,1783476368423556663
3,1126,39242840644,4625603819117,1783476368427199149
0,1108,39274298996,4625635159394,1783476368458539394
2,1144,39274675932,4625635491207,1783476368458871207
3,1127,39274887932,4625635752811,1783476368459132811
1,1159,39275231388,4625636138993,1783476368459518993
0,1109,39310262548,4625667162913,1783476368490542913
2,1145,39310608092,4625667500422,1783476368490880422
3,1128,39310871060,4625667766090,1783476368491146122
1,1160,39311215420,4625668133647,1783476368491513679
0,1110,39342249644,4625699200128,1783476368522580128
2,1146,39342622996,4625699543237,1783476368522923269
1,1161,39343214580,4625700151662,1783476368523531662
3,1129,39342838388,4625703831589,1783476368527211749
0,1111,39374297996,4625735169562,1783476368558549562
2,1147,39374648772,4625735511071,1783476368558891103
3,1130,39374889804,4625735751618,1783476368559131618
1,1162,39375249028,4625736116808,1783476368559496840
0,1112,39410268772,4625767169432,1783476368590549464
2,1148,39410606124,4625767508189,1783476368590888221
3,1131,39410869964,4625767758817,1783476368591138849
1,1163,39411214676,4625768147783,1783476368591527783
0,1113,39442300932,4625799199575,1783476368622579575
2,1149,39442666060,4625799547645,1783476368622927677
1,1164,39443232452,4625800175078,1783476368623555110
3,1132,39442872452,4625803836061,1783476368627216061
0,1114,39474266868,4625835160561,1783476368658540625
2,1150,39478659996,4625835502454,1783476368658882454
3,1133,39474892028,4625835761210,1783476368659141210
1,1165,39475243484,4625836142400,1783476368659522432
0,1115,39510255708,4625867175696,1783476368690555696
2,1151,39510594996,4625867509845,1783476368690889877
3,1134,39510856028,4625867759001,1783476368691139001
1,1166,39511216708,4625868142559,1783476368691522559
0,1116,39542266804,4625899201487,1783476368722581519
1,1167,39543231644,4625900148925,1783476368723528989
2,1152,39542656612,4625903570865,1783476368726950865
3,1135,39542887548,4625903827796,1783476368727207828
0,1117,39574256644,4625935195146,1783476368758575146
2,1153,39578656900,4625935496046,1783476368758876046
3,1136,39574895996,4625935761010,1783476368759141042
1,1168,39575231420,4625936168248,1783476368759548248
0,1118,39610255676,4625967192584,1783476368790572616
2,1154,39610593996,4625967513037,1783476368790893037
3,1137,39610856900,4625967775985,1783476368791156017
1,1169,39611229484,4625968177207,1783476368791557207
1,1170,39643234060,4626000215702,1783476368823595734
0,1119,39642271220,4626003181346,1783476368826561346
2,1155,39642658868,4626003539272,1783476368826919304
3,1138,39642889772,4626003788876,1783476368827168908
0,1120,39678299708,4626035200609,1783476368858580609
2,1156,39678646060,4626035518150,1783476368858898182
3,1139,39674868092,4626035792042,1783476368859172074
1,1171,39679246932,4626036167344,1783476368859547344
0,1121,39710258612,4626067207648,1783476368890587648
2,1157,39710637028,4626067520517,1783476368890900517
3,1140,39710853060,4626067781097,1783476368891161129
1,1172,39711224772,4626068193967,1783476368891573967
0,1122,39742301772,4626103182234,1783476368926562234
2,1158,39742660996,4626103510399,1783476368926890399
3,1141,39742890772,4626103783075,1783476368927163107
1,1173,39743233644,4626104158697,1783476368927538729
0,1123,39778303772,4626135129496,1783476368958509528
2,1159,39778632156,4626135497342,1783476368958877374
3,1142,39774862996,4626135756705,1783476368959136801
1,1174,39779237964,4626136140519,1783476368959520519
0,1124,39810287772,4626167177623,1783476368990557623
2,1160,39810633772,4626167548541,1783476368990928573
1,1175,39811222708,4626168177798,1783476368991557830
3,1143,39810846580,4626171797949,1783476368995177885
0,1125,39842300868,4626203242802,1783476369026622834
2,1161,39842643996,4626203519511,1783476369026899543
3,1144,39842892900,4626203770458,1783476369027150490
1,1176,39843233932,4626204204001,1783476369027584033
0,1126,39878303028,4626235174223,1783476369058554223
2,1162,39878617996,4626235502708,1783476369058882708
3,1145,39878879580,4626235762360,1783476369059142392
1,1177,39879223900,4626236150558,1783476369059530558
0,1127,39910261676,4626267193390,1783476369090573390
2,1163,39910633156,4626267537267,1783476369090917267
1,1178,39911221900,4626268153212,1783476369091533212
3,1146,39910845580,4626271817747,1783476369095197747
0,1128,39942305388,4626303215656,1783476369126595656
2,1164,39942654868,4626303522924,1783476369126902924
3,1147,39942898899,4626303749200,1783476369127129232
1,1179,39943249516,4626304165974,1783476369127546006
0,1129,39978276292,4626335229190,1783476369158609222
2,1165,39978629452,4626335518026,1783476369158898058
3,1148,39978878516,4626335807470,1783476369159187470
1,1180,39979222964,4626336154100,1783476369159534132
0,1130,40010264772,4626367246020,1783476369190626020
1,1181,40011235580,4626368187442,1783476369191567474
2,1166,40010659516,4626371587845,1783476369194967909
3,1149,40010873996,4626371819208,1783476369195199240
0,1131,40042308516,4626403197693,1783476369226577725
2,1167,40046666964,4626403529346,1783476369226909346
3,1150,40042902835,4626403772486,1783476369227152518
1,1182,40043251900,4626404146091,1783476369227526155
0,1132,40078259836,4626435183899,1783476369258563899
2,1168,40078613092,4626435509248,1783476369258889248
3,1151,40078864092,4626435761795,1783476369259141827
1,1183,40079228252,4626436142953,1783476369259522985
1,1184,40111240220,4626468151623,1783476369291531623
0,1133,40110283964,4626471180276,1783476369294560308
2,1169,40110664964,4626471552538,1783476369294932538
3,1152,40110896516,4626471819294,1783476369295199294
0,1134,40142268484,4626503210099,1783476369326590099
2,1170,40146664252,4626503524408,1783476369326904408
3,1153,40142896548,4626503779099,1783476369327159131
1,1185,40143238964,4626504164577,1783476369327544609
0,1135,40178291804,4626535189073,1783476369358569105
2,1171,40178608188,4626535511445,1783476369358891477
3,1154,40178866964,4626535761305,1783476369359141305
1,1186,40179225836,4626536138239,1783476369359518239
0,1136,40210274740,4626567199567,1783476369390579599
1,1187,40211242772,4626568156605,1783476369391536637
2,1172,40210666868,4626571529327,1783476369394909327
3,1155,40210896996,4626571789619,1783476369395169619
0,1137,40246270932,4626603182312,1783476369426562376
2,1173,40246648996,4626603521453,1783476369426901517
3,1156,40242866900,4626603772625,1783476369427152625
1,1188,40247239932,4626604152439,1783476369427532439
0,1138,40278289644,4626635174854,1783476369458554854
2,1174,40278622964,4626635514347,1783476369458894379
3,1157,40278852996,4626635765135,1783476369459145199
1,1189,40279229284,4626636144500,1783476369459524564
0,1139,40310301964,4626671178016,1783476369494558016
2,1175,40310666964,4626671513861,1783476369494893925
3,1158,40310880804,4626671804169,1783476369495184201
1,1190,40311241932,4626672141550,1783476369495521614
0,1140,40346302932,4626703189534,1783476369526569534
2,1176,40346636028,4626703523683,1783476369526903683
3,1159,40342868964,4626703774375,1783476369527154375
1,1191,40347243932,4626704154668,1783476369527534700
0,1141,40378294900,4626735177884,1783476369558557916
2,1177,40378641028,4626735542913,1783476369558922945
1,1192,40379228060,4626736138858,1783476369559518858
3,1160,40378851644,4626739827937,1783476369563207937
0,1142,40410268060,4626771162709,1783476369594542709
2,1178,40410666772,4626771537819,1783476369594917819
3,1161,40410899484,4626771779166,1783476369595159166
1,1193,40411253964,4626772156164,1783476369595536228
0,1143,40446300740,4626803246068,1783476369626626100
2,1179,40446623996,4626803539257,1783476369626919257
3,1162,40446886932,4626803791389,1783476369627171421
1,1194,40447233900,4626804307940,1783476369627687940
0,1144,40478314060,4626839198381,1783476369662578381
2,1180,40478648060,4626839586547,1783476369662966579
3,1163,40478863676,4626839825399,1783476369663205431
1,1195,40479231932,4626840140123,1783476369663520155
0,1145,40510292452,4626871198795,1783476369694578859
2,1181,40510674028,4626871522896,1783476369694902928
3,1164,40510904708,4626871781972,1783476369695161972
1,1196,40511253188,4626872140985,1783476369695520985
0,1146,40546270028,4626903191401,1783476369726571433
2,1182,40546622996,4626903533326,1783476369726913358
3,1165,40546885028,4626903778802,1783476369727158834
1,1197,40547229996,4626904151896,1783476369727531896
0,1147,40578310452,4626935208967,1783476369758588967
1,1198,40579247676,4626936157718,1783476369759537814
2,1183,40578661291,4626939575337,1783476369762955369
3,1166,40578869932,4626939816908,1783476369763196908
0,1148,40610268708,4626971213697,1783476369794593729
2,1184,40614677643,4626971579527,1783476369794959559
3,1167,40610903996,4626971783114,1783476369795163114
1,1199,40611245612,4626972231376,1783476369795611408
0,1149,40646305548,4627003207487,1783476369826587487
2,1185,40646612996,4627003537892,1783476369826917892
3,1168,40646877900,4627003784232,1783476369827164264
1,1200,40647236676,4627004223502,1783476369827603502
0,1150,40678321227,4627035251486,1783476369858631518
1,1201,40679249388,4627036187660,1783476369859567692
2,1186,40678676388,4627039571166,1783476369862951198
3,1169,40678903676,4627039832834,1783476369863212866
0,1151,40710281804,4627071184566,1783476369894564566
2,1187,40714671964,4627071512507,1783476369894892507
3,1170,40710908188,4627071768127,1783476369895148127
1,1202,40711256836,4627072311783,1783476369895691847
0,1152,40746260412,4627103193173,1783476369926573173
2,1188,40746607516,4627103549114,1783476369926929146
3,1171,40746867708,4627103783357,1783476369927163357
1,1203,40747245868,4627104217284,1783476369927597348
0,1153,40778316708,4627135184562,1783476369958564562
1,1204,40779251932,4627136183361,1783476369959563361
2,1189,40778681804,4627139543156,1783476369962923156
3,1172,40778908380,4627139809047,1783476369963188983
0,1154,40810293516,4627171229389,1783476369994609421
2,1190,40814655964,4627171535569,1783476369994915569
3,1173,40810909804,4627171789493,1783476369995169525
1,1205,40811244996,4627172141274,1783476369995521306
0,1155,40846273836,4627203200906,1783476370026580906
2,1191,40846638868,4627203537967,1783476370026918031
3,1174,40846861060,4627203782899,1783476370027162931
1,1206,40847234900,4627204266682,1783476370027646714
0,1156,40878289836,4627239192131,1783476370062572163
2,1192,40878677452,4627239545544,1783476370062925544
3,1175,40878907900,4627239795820,1783476370063175852
1,1207,40879248932,4627240158161,1783476370063538193
0,1157,40914319580,4627271194912,1783476370094574912
2,1193,40914662804,4627271542597,1783476370094922693
3,1176,40910875900,4627271811529,1783476370095191529
1,1208,40915257772,4627272184751,1783476370095564783
0,1158,40946323676,4627303275231,1783476370126655263
2,1194,40946648932,4627303565251,1783476370126945283
1,1209,40947235644,4627304199052,1783476370127579084
3,1177,40946859388,4627307843619,1783476370131223619
0,1159,40978323868,4627339223447,1783476370162603447
2,1195,40978677284,4627339493243,1783476370162873179
3,1178,40978910412,4627339737150,1783476370163117086
1,1210,40979251548,4627340160005,1783476370163540005
0,1160,41014322900,4627371204468,1783476370194584468
2,1196,41014634676,4627371561369,1783476370194941369
3,1179,41014892900,4627371783516,1783476370195163580
1,1211,41015237964,4627372159426,1783476370195539426
0,1161,41046299708,4627403229298,1783476370226609298
2,1197,41046649060,4627403583511,1783476370226963543
3,1180,41046864356,4627407827030,1783476370231207030
1,1212,41047239612,4627408200188,1783476370231580188
0,1162,41078313964,4627439186954,1783476370262566986
2,1198,41078676996,4627439512463,1783476370262892463
3,1181,41078909932,4627439780019,1783476370263160051
1,1213,41079265708,4627440169272,1783476370263549272
0,1163,41114316708,4627471188135,1783476370294568199
2,1199,41114631900,4627471541196,1783476370294921228
3,1182,41114892964,4627471790320,1783476370295170352
1,1214,41115237708,4627472171638,1783476370295551638
0,1164,41146288068,4627503235813,1783476370326615845
2,1200,41146677516,4627503555114,1783476370326935146
1,1215,41147255228,4627504177203,1783476370327557203
3,1183,41146890836,4627507854986,1783476370331235018
0,1165,41178297804,4627539184669,1783476370362564701
2,1201,41178667964,4627539529219,1783476370362909219
3,1184,41178916028,4627539768486,1783476370363148518
1,1216,41179281420,4627540169324,1783476370363549356
0,1166,41214293836,4627571187643,1783476370394567675
2,1202,41214634188,4627571523264,1783476370394903264
3,1185,41214896932,4627571788868,1783476370395168868
1,1217,41215241740,4627572155817,1783476370395535817
0,1167,41246298964,4627603219673,1783476370426599705
1,1218,41247254612,4627604178183,1783476370427558215
2,1203,41246680060,4627607575578,1783476370430955578
3,1186,41246892996,4627607820381,1783476370431200381
0,1168,41278277356,4627639192241,1783476370462572273
2,1204,41282680932,4627639523062,1783476370462903062
3,1187,41278915932,4627639782586,1783476370463162618
1,1219,41279257900,4627640170112,1783476370463550144
0,1169,41314277196,4627671221615,1783476370494601615
2,1205,41314619932,4627671533172,1783476370494913204
3,1188,41314879028,4627671790871,1783476370495170903
1,1220,41315240964,4627672173117,1783476370495553149
0,1170,41346286292,4627703232588,1783476370526612588
1,1221,41347258196,4627704182107,1783476370527562107
2,1206,41346678932,4627707603374,1783476370530983406
3,1189,41346911708,4627707853521,1783476370531233521
0,1171,41378287260,4627739219749,1783476370562599749
2,1207,41382664868,4627739531786,1783476370562911786
3,1190,41378930900,4627739785774,1783476370563165774
1,1222,41379268964,4627740163027,1783476370563543027
0,1172,41414306356,4627771215010,1783476370594595074
2,1208,41414638740,4627771586536,1783476370594966568
3,1191,41414869804,4627771788491,1783476370595168523
1,1223,41415261932,4627772183569,1783476370595563633
0,1173,41446319708,4627807254268,1783476370630634268
2,1209,41446682452,4627807549120,1783476370630929152
3,1192,41446911772,4627807816292,1783476370631196292
1,1224,41447258932,4627808177866,1783476370631557898
0,1174,41482289836,4627839197656,1783476370662577720
2,1210,41482664868,4627839526717,1783476370662906717
3,1193,41478884772,4627839777505,1783476370663157505
1,1225,41483257380,4627840158695,1783476370663538695
0,1175,41514270092,4627871194550,1783476370694574550
2,1211,41514649452,4627871550811,1783476370694930811
1,1226,41515242580,4627872170308,1783476370695550340
3,1194,41514866580,4627875844059,1783476370699224091
0,1176,41546284900,4627907197359,1783476370730577391
2,1212,41546680964,4627907532308,1783476370730912340
3,1195,41546914964,4627907786871,1783476370731166903
1,1227,41547260252,4627908177053,1783476370731557085
0,1177,41582303964,4627939224620,1783476370762604620
2,1213,41582637676,4627939548177,1783476370762928177
3,1196,41582897580,4627939813685,1783476370763193685
1,1228,41583243836,4627940180539,1783476370763560539
0,1178,41614310004,4627971251370,1783476370794631370
2,1214,41614643148,4627971579695,1783476370794959727
1,1229,41615260484,4627972187064,1783476370795567096
3,1197,41614869772,4627975855919,1783476370799235951
0,1179,41646297292,4628007269955,1783476370830649955
3,1198,41646921060,4628007833964,1783476370831214028
2,1215,41646685932,4628008212369,1783476370831592369
1,1230,41647260772,4628008255442,1783476370831635442
0,1180,41682390676,4628039189151,1783476370862569151
2,1216,41682641028,4628039530533,1783476370862910565
3,1199,41682901708,4628039779784,1783476370863159784
1,1231,41683247348,4628040149806,1783476370863529838
0,1181,41714327388,4628071218493,1783476370894598525
2,1217,41714692836,4628071567586,1783476370894947586
1,1232,41715284932,4628072180620,1783476370895560684
3,1200,41714902708,4628075859746,1783476370899239746
0,1182,41746330868,4628107179830,1783476370930559862
2,1218,41746672964,4628107540059,1783476370930920091
3,1201,41746930932,4628107786623,1783476370931166655
1,1233,41747260188,4628108154724,1783476370931534724
0,1183,41782349868,4628139202483,1783476370962582483
2,1219,41782642708,4628139569657,1783476370962949689
3,1202,41782900868,4628139796028,1783476370963176060
1,1234,41783264964,4628140154529,1783476370963534529
0,1184,41814329868,4628171228529,1783476370994608529
2,1220,41814689964,4628171552726,1783476370994932726
1,1235,41815263188,4628172162751,1783476370995542751
3,1203,41814913580,4628175852694,1783476370999232694
0,1185,41846311868,4628207265994,1783476371030646026
2,1221,41850684900,4628207562766,1783476371030942798
3,1204,41846924868,4628207807698,1783476371031187762
1,1236,41847261868,4628208166455,1783476371031546455
0,1186,41882312676,4628239513322,1783476371062893322
2,1222,41882628804,4628239572875,1783476371062952875
3,1205,41882888772,4628239806255,1783476371063186319
1,1237,41883261932,4628240191156,1783476371063571188
0,1187,41914328612,4628271286276,1783476371094666276
1,1238,41915266124,4628272210353,1783476371095590385
2,1223,41914674292,4628275603844,1783476371098983876
3,1206,41914919932,4628275854280,1783476371099234280
0,1188,41946311548,4628307229499,1783476371130609499
2,1224,41950673932,4628307558208,1783476371130938272
3,1207,41946922996,4628307793475,1783476371131173507
1,1239,41947266220,4628308182505,1783476371131562537
0,1189,41982286220,4628339179703,1783476371162559703
2,1225,41982663124,4628339526236,1783476371162906236
3,1208,41982877156,4628339773696,1783476371163153728
1,1240,41983250996,4628340161957,1783476371163541989
0,1190,42014328772,4628371206132,1783476371194586132
1,1241,42015264028,4628372170946,1783476371195550946
2,1226,42014688868,4628375522964,1783476371198902964
3,1209,42014920092,4628375791192,1783476371199171192
0,1191,42050322868,4628407206892,1783476371230586956
2,1227,42050676868,4628407532913,1783476371230912913
3,1210,42046887900,4628407801269,1783476371231181301
1,1242,42051266124,4628408174971,1783476371231554971
0,1192,42082313644,4628439201833,1783476371262581833
2,1228,42082657932,4628439550606,1783476371262930606
1,1243,42083250124,4628440161943,1783476371263541943
3,1211,42082876060,4628443848174,1783476371267228174
0,1193,42114329324,4628475220577,1783476371298600609
2,1229,42114693644,4628475547398,1783476371298927462
3,1212,42114923995,4628475781130,1783476371299161162
1,1244,42115269188,4628476159599,1783476371299539599
0,1194,42150291580,4628507238974,1783476371330619006
2,1230,42150657900,4628507550819,1783476371330930819
3,1213,42150921996,4628507797702,1783476371331177702
1,1245,42151264932,4628508182828,1783476371331562828
0,1195,42182287316,4628539207738,1783476371362587738
2,1231,42182668028,4628543598428,1783476371366978428
3,1214,42182876452,4628543847551,1783476371367227551
1,1246,42183251804,4628544160292,1783476371367540292
0,1196,42214288740,4628575197490,1783476371398577490
2,1232,42214691644,4628575545912,1783476371398925944
3,1215,42214922996,4628575780603,1783476371399160603
1,1247,42215271348,4628576161313,1783476371399541345
0,1197,42250328452,4628607223247,1783476371430603247
2,1233,42250645900,4628607551956,1783476371430931956
3,1216,42250906964,4628607801848,1783476371431181848
1,1248,42251251996,4628608174654,1783476371431554654
0,1198,42282327772,4628639213964,1783476371462593964
2,1234,42282690932,4628639562609,1783476371462942641
1,1249,42283269060,4628640166810,1783476371463546842
3,1217,42282905260,4628643842929,1783476371467222929
0,1199,42314291772,4628675195524,1783476371498575524
2,1235,42314676932,4628675547945,1783476371498927945
3,1218,42314925964,4628675796429,1783476371499176429
1,1250,42315268996,4628676176019,1783476371499556019
0,1200,42350295772,4628707213473,1783476371530593537
2,1236,42350644964,4628707557830,1783476371530937862
3,1219,42350908932,4628707803882,1783476371531183946
1,1251,42351254220,4628708174959,1783476371531554959
0,1201,42382334708,4628739209053,1783476371562589085
2,1237,42382730292,4628739604259,1783476371562984451
1,1252,42383275028,4628740175660,1783476371563555660
3,1220,42382911708,4628743864771,1783476371567244771
0,1202,42414332836,4628775218486,1783476371598598518
2,1238,42418692028,4628775537147,1783476371598917147
3,1221,42414930932,4628775794814,1783476371599174846
1,1253,42415271284,4628776166724,1783476371599546724
0,1203,42450317708,4628807234579,1783476371630614611
2,1239,42450635772,4628807592184,1783476371630972184
3,1222,42450893996,4628807804539,1783476371631184571
1,1254,42451254740,4628808193665,1783476371631573665
0,1204,42482316516,4628839223727,1783476371662603727
1,1255,42483271900,4628840182173,1783476371663562173
2,1240,42482696836,4628843584304,1783476371666964304
3,1223,42482925996,4628843843700,1783476371667223700
0,1205,42514281388,4628875202407,1783476371698582439
2,1241,42518695060,4628875565037,1783476371698945069
3,1224,42514927644,4628875842449,1783476371699222449
1,1256,42515271932,4628876194262,1783476371699574262
0,1206,42550318580,4628907243364,1783476371730623364
2,1242,42550636900,4628907575977,1783476371730956041
3,1225,42550881772,4628907815981,1783476371731196013
1,1257,42551255964,4628908182002,1783476371731562034
0,1207,42582335772,4628939324834,1783476371762704866
1,1258,42583273196,4628940457075,1783476371763837075
2,1243,42582701964,4628943603010,1783476371766983042
3,1226,42582930580,4628943841670,1783476371767221670
0,1208,42618310156,4628975318330,1783476371798698266
2,1244,42618680836,4628975592894,1783476371798972894
3,1227,42614904676,4628975837058,1783476371799217122
1,1259,42619273964,4628976197928,1783476371799577928
0,1209,42650312644,4629007273654,1783476371830653654
2,1245,42650667124,4629007574747,1783476371830954747
3,1228,42650883868,4629007835871,1783476371831215903
1,1260,42651281124,4629008186212,1783476371831566180
0,1210,42682336068,4629043314255,1783476371866694255
2,1246,42682710708,4629043589875,1783476371866969875
3,1229,42682930612,4629043830551,1783476371867210551
1,1261,42683276676,4629044199516,1783476371867579548
0,1211,42718350708,4629075224971,1783476371898604971
2,1247,42718671804,4629075555919,1783476371898935951
3,1230,42718932388,4629075830356,1783476371899210388
1,1262,42719276804,4629076196953,1783476371899576953
0,1212,42750297836,4629107235527,1783476371930615559
2,1248,42750670060,4629107580845,1783476371930960845
1,1263,42751260196,4629108202966,1783476371931582998
3,1231,42750883876,4629111868556,1783476371935248556
0,1213,42782310676,4629143204831,1783476371966584831
2,1249,42782683932,4629143538564,1783476371966918596
3,1232,42782933644,4629143791432,1783476371967171464
1,1264,42783276612,4629144188302,1783476371967568302
0,1214,42818341804,4629175212988,1783476371998592988
2,1250,42818655964,4629175544257,1783476371998924257
3,1233,42818915036,4629175825797,1783476371999205797
1,1265,42819260836,4629176179498,1783476371999559498
0,1215,42850324388,4629207268377,1783476372030648377
2,1251,42850673675,4629207589278,1783476372030969278
1,1266,42851275836,4629208226855,1783476372031606855
3,1234,42850887228,4629211861565,1783476372035241597
0,1216,42882342964,4629243207439,1783476372066587471
2,1252,42882702676,4629243546804,1783476372066926868
3,1235,42882922516,4629243804952,1783476372067185016
1,1267,42883277868,4629244175326,1783476372067555358
0,1217,42918301292,4629275282605,1783476372098662637
2,1253,42918651932,4629275564689,1783476372098944689
3,1236,42918917028,4629275804020,1783476372099184052
1,1268,42919260516,4629276187226,1783476372099567258
0,1218,42950356740,4629307279336,1783476372130659336
2,1254,42950711996,4629307592429,1783476372130972461
1,1269,42951280484,4629308240887,1783476372131620887
3,1237,42950919908,4629311886157,1783476372135266157
0,1219,42982348708,4629343189055,1783476372166569055
2,1255,42986701996,4629343531876,1783476372166911876
3,1238,42982942028,4629343793416,1783476372167173416
1,1270,42983267580,4629344194286,1783476372167574318
0,1220,43018286836,4629375211419,1783476372198591451
2,1256,43018635060,4629375546752,1783476372198926752
3,1239,43018902900,4629375786884,1783476372199166884
1,1271,43019266060,4629376156873,1783476372199536841
1,1272,43051279132,4629408206374,1783476372231586374
0,1221,43050316836,4629411208114,1783476372234588146
2,1257,43050704028,4629411585944,1783476372234965944
3,1240,43050932676,4629411846172,1783476372235226204
0,1222,43082306484,4629443239343,1783476372266619375
2,1258,43086692868,4629443566900,1783476372266946932
3,1241,43082934932,4629443819288,1783476372267199384
1,1273,43083279708,4629444191933,1783476372267571965
0,1223,43118329836,4629475224075,1783476372298604107
2,1259,43118641932,4629475556368,1783476372298936368
3,1242,43118890028,4629475801459,1783476372299181491
1,1274,43119262612,4629476189305,1783476372299569337
0,1224,43150309228,4629507306824,1783476372330686856
1,1275,43151278420,4629508211573,1783476372331591765
2,1260,43150702164,4629511607784,1783476372334987784
3,1243,43150934124,4629511834763,1783476372335214763
0,1225,43186342740,4629543210046,1783476372366590046
2,1261,43186674996,4629543545475,1783476372366925507
3,1244,43182916964,4629543796455,1783476372367176455
1,1276,43187279452,4629544193293,1783476372367573293
0,1226,43218329900,4629575229466,1783476372398609466
2,1262,43218657964,4629575554047,1783476372398934079
3,1245,43218889516,4629575826915,1783476372399206947
1,1277,43219266772,4629576188552,1783476372399568585
0,1227,43250339964,4629611236626,1783476372434616658
2,1263,43250706900,4629611561367,1783476372434941399
3,1246,43250934900,4629611811322,1783476372435191354
1,1278,43251295452,4629612218432,1783476372435598432
0,1228,43286349900,4629643233934,1783476372466613934
2,1264,43286675028,4629643555763,1783476372466935763
3,1247,43286936836,4629643816950,1783476372467196982
1,1279,43287279612,4629644188700,1783476372467568732
0,1229,43318294740,4629675227402,1783476372498607402
2,1265,43318674996,4629675567535,1783476372498947535
1,1280,43319264708,4629676189560,1783476372499569592
3,1248,43318890420,4629679857199,1783476372503237231
0,1230,43350319028,4629711290050,1783476372534670082
2,1266,43350706868,4629711578310,1783476372534958342
3,1249,43350938932,4629711812682,1783476372535192746
1,1281,43351280644,4629712210288,1783476372535590288
0,1231,43386315708,4629743220061,1783476372566600061
2,1267,43386670996,4629743555426,1783476372566935458
3,1250,43386923028,4629743799494,1783476372567179494
1,1282,43387266452,4629744183915,1783476372567563947
0,1232,43418339900,4629775291098,1783476372598671162
2,1268,43418683932,4629775593247,1783476372598973247
1,1283,43419270644,4629776232456,1783476372599612456
3,1251,43418895908,4629779991808,1783476372603371840
0,1233,43450332292,4629811247217,1783476372634627217
2,1269,43450706028,4629811574230,1783476372634954262
3,1252,43450954836,4629811812825,1783476372635192857
1,1284,43451294516,4629812227904,1783476372635607936
0,1234,43486355676,4629843236173,1783476372666616173
2,1270,43486694996,4629843570002,1783476372666950002
3,1253,43486929996,4629843816213,1783476372667196277
1,1285,43487272932,4629844189659,1783476372667569595
0,1235,43518322676,4629875223817,1783476372698603849
2,1271,43518706964,4629875578606,1783476372698958606
1,1286,43519281804,4629876228408,1783476372699608440
3,1254,43518920420,4629879862126,1783476372703242126
0,1236,43550316644,4629911269889,1783476372734649921
2,1272,43554706900,4629911587270,1783476372734967366
3,1255,43550943708,4629911838377,1783476372735218409
1,1287,43551282580,4629912226063,1783476372735606063
0,1237,43586337452,4629943248284,1783476372766628316
2,1273,43586649612,4629943570593,1783476372766950657
3,1256,43586911772,4629943817189,1783476372767197189
1,1288,43587270060,4629944191178,1783476372767571146
0,1238,43618323612,4629975257913,1783476372798637977
1,1289,43619286676,4629976243175,1783476372799623175
2,1274,43618695932,4629979603481,1783476372802983481
3,1257,43618941996,4629979848157,1783476372803228157
0,1239,43650314708,4630011242384,1783476372834622384
2,1275,43654714060,4630011572917,1783476372834952917
3,1258,43650944900,4630011816728,1783476372835196760
1,1290,43651286644,4630012233343,1783476372835613343
0,1240,43686338292,4630043531152,1783476372866911184
2,1276,43686653644,4630043663282,1783476372867043314
3,1259,43686899708,4630043842421,1783476372867222421
1,1291,43687277739,4630044239995,1783476372867620027
1,1292,43719298932,4630076256919,1783476372899636983
0,1241,43718346772,4630079212131,1783476372902592131
2,1277,43718722964,4630079581832,1783476372902961832
3,1260,43718949356,4630079851980,1783476372903231980
0,1242,43754355964,4630111259840,1783476372934639840
2,1278,43754703060,4630111593541,1783476372934973541
3,1261,43750915900,4630111853288,1783476372935233288
1,1293,43755290028,4630112811415,1783476372936191447
0,1243,43786338676,4630143247355,1783476372966627387
2,1279,43786674804,4630143567520,1783476372966947520
3,1262,43786897836,4630143812772,1783476372967192804
1,1294,43787272964,4630144188777,1783476372967568777
0,1244,43818329740,4630179252723,1783476373002632755
2,1280,43818713836,4630179570296,1783476373002950296
3,1263,43818944644,4630179832572,1783476373003212572
1,1295,43819289028,4630180201345,1783476373003581345
0,1245,43854329068,4630211264399,1783476373034644559
2,1281,43854681124,4630211591923,1783476373034971955
3,1264,43850914964,4630211824375,1783476373035204407
1,1296,43855287868,4630212245565,1783476373035625597
0,1246,43886345124,4630243228041,1783476373066608041
2,1282,43886712452,4630243605679,1783476373066985711
1,1297,43887277996,4630244209816,1783476373067589816
3,1265,43886904452,4630247871726,1783476373071251758
0,1247,43918322516,4630279256609,1783476373102636801
2,1283,43918715356,4630279578693,1783476373102958693
3,1266,43918947804,4630279804297,1783476373103184297
1,1298,43919298900,4630280191246,1783476373103571246
0,1248,43954355708,4630311266684,1783476373134646684
2,1284,43954668324,4630311590945,1783476373134970977
3,1267,43954929740,4630311900421,1783476373135280453
1,1299,43955274836,4630312525871,1783476373135905871
0,1249,43986317123,4630343220535,1783476373166600503
2,1285,43986685676,4630343598940,1783476373166978972
1,1300,43987275932,4630344211749,1783476373167591781
3,1268,43986902132,4630347878012,1783476373171258044
0,1250,44018323708,4630379202413,1783476373202582413
2,1286,44018697708,4630379589267,1783476373202969491
3,1269,44018950964,4630379803574,1783476373203183574
1,1301,44019291932,4630380200476,1783476373203580476
0,1251,44054325964,4630411234057,1783476373234614089
2,1287,44054670548,4630411590670,1783476373234970702
3,1270,44054931868,4630411824018,1783476373235204050
1,1302,44055274804,4630412201623,1783476373235581623
0,1252,44086368740,4630443237796,1783476373266617796
2,1288,44086721548,4630443602858,1783476373266982858
1,1303,44087291996,4630444207667,1783476373267587667
3,1271,44086931420,4630447882729,1783476373271262761
0,1253,44118316772,4630479238363,1783476373302618363
2,1289,44122716356,4630479595104,1783476373302975136
3,1272,44118949932,4630479827332,1783476373303207396
1,1304,44119291060,4630480189065,1783476373303569097
0,1254,44154348900,4630511261143,1783476373334641175
2,1290,44154656516,4630511598844,1783476373334978844
3,1273,44154916932,4630511859840,1783476373335239904
1,1305,44155277836,4630512391304,1783476373335771336
0,1255,44186365548,4630543259890,1783476373366639922
1,1306,44187295900,4630544192128,1783476373367572128
2,1291,44186721612,4630547611635,1783476373370991635
3,1274,44186954644,4630547878551,1783476373371258583
0,1256,44218358644,4630579246537,1783476373402626569
2,1292,44222718772,4630579569037,1783476373402949069
3,1275,44218965996,4630579811857,1783476373403191889
1,1307,44219295932,4630580202039,1783476373403582071
0,1257,44254320772,4630611253028,1783476373434633060
2,1293,44254657612,4630611584713,1783476373434964745
3,1276,44254918060,4630611826861,1783476373435206893
1,1308,44255279028,4630612187250,1783476373435567314
0,1258,44286329644,4630643251615,1783476373466631615
1,1309,44287294708,4630644199118,1783476373467579118
2,1294,44286719932,4630647576416,1783476373470956448
3,1277,44286949996,4630647830563,1783476373471210627
0,1259,44322325548,4630679236342,1783476373502616342
2,1295,44322703644,4630679560603,1783476373502940571
3,1278,44318920740,4630679820127,1783476373503200159
1,1310,44323294964,4630680183684,1783476373503563684
0,1260,44354319388,4630711267090,1783476373534647122
2,1296,44354677900,4630711609271,1783476373534989303
3,1279,44354907028,4630711851450,1783476373535231514
1,1311,44355281028,4630712252480,1783476373535632480
0,1261,44386331676,4630747227656,1783476373570607656
2,1297,44386720548,4630747580781,1783476373570960845
3,1280,44386951804,4630747843601,1783476373571223665
1,1312,44387296964,4630748191702,1783476373571571766
0,1262,44422358804,4630779238787,1783476373602618851
2,1298,44422691028,4630779560616,1783476373602940616
3,1281,44418921644,4630779820268,1783476373603200300
1,1313,44423294836,4630780201810,1783476373603581874
0,1263,44454317844,4630811299680,1783476373634679680
2,1299,44454690644,4630811619748,1783476373634999748
1,1314,44455280900,4630812217069,1783476373635597133
3,1282,44454905228,4630815890916,1783476373639270948
0,1264,44486367196,4630847309175,1783476373670689175
2,1300,44486728740,4630847605883,1783476373670985915
3,1283,44486957836,4630847834142,1783476373671214174
1,1315,44487296836,4630848213988,1783476373671594020
0,1265,44522342388,4630879278641,1783476373702658833
2,1301,44522679612,4630879606486,1783476373702986518
3,1284,44522946676,4630879829946,1783476373703209978
1,1316,44523287612,4630880228448,1783476373703608448
0,1266,44554330516,4630911295885,1783476373734675917
2,1302,44554695740,4630911624018,1783476373735004050
1,1317,44555282772,4630912229499,1783476373735609499
3,1285,44554912260,4630915884593,1783476373739264625
0,1267,44586328548,4630947254467,1783476373770634467
2,1303,44586721868,4630947604296,1783476373770984296
3,1286,44586955900,4630947826572,1783476373771206636
1,1318,44587290676,4630948194609,1783476373771574673
0,1268,44622363459,4630979334400,1783476373802714464
2,1304,44622678612,4630979611172,1783476373802991204
3,1287,44622954124,4630979851463,1783476373803231463
1,1319,44623295388,4630980248813,1783476373803628813
0,1269,44654353940,4631011390268,1783476373834770332
2,1305,44654773292,4631011671008,1783476373835051040
1,1320,44655317932,4631012256905,1783476373835636905
3,1288,44654949620,4631015955808,1783476373839335808
0,1270,44686399612,4631047310353,1783476373870690385
2,1306,44690741772,4631047653975,1783476373871034007
3,1289,44686974740,4631047850746,1783476373871230746
1,1321,44687312708,4631048211871,1783476373871591871
0,1271,44722361876,4631079270540,1783476373902650572
2,1307,44722665772,4631079605745,1783476373902985745
3,1290,44722926612,4631079839925,1783476373903219957
1,1322,44723289900,4631080222042,1783476373903602074
0,1272,44754368132,4631111278184,1783476373934658184
1,1323,44755306996,4631112216086,1783476373935596150
2,1308,44754731100,4631115635112,1783476373939015112
3,1291,44754960484,4631115878092,1783476373939258124
0,1273,44786340644,4631147236574,1783476373970616606
2,1309,44790710740,4631147574243,1783476373970954243
3,1292,44786959900,4631147830599,1783476373971210631
1,1324,44787302996,4631148200108,1783476373971580108
0,1274,44822354259,4631179273466,1783476374002653466
2,1310,44822665484,4631179612671,1783476374002992671
3,1293,44822924964,4631179880323,1783476374003260323
1,1325,44823290836,4631180237992,1783476374003617992
0,1275,44854375484,4631211318741,1783476374034698741
1,1326,44855304868,4631212230211,1783476374035610243
2,1311,44854730548,4631215648629,1783476374039028629
3,1294,44854960260,4631215915321,1783476374039295353
0,1276,44886341868,4631247259882,1783476374070639946
2,1312,44890711516,4631247581551,1783476374070961583
3,1295,44886968060,4631247826867,1783476374071206867
1,1327,44887308836,4631248210328,1783476374071590360
0,1277,44922327452,4631279284549,1783476374102664549
2,1313,44922681900,4631279613258,1783476374102993258
3,1296,44922914028,4631279839278,1783476374103219310
1,1328,44923287868,4631280222323,1783476374103602355
0,1278,44954345388,4631315299036,1783476374138679036
2,1314,44954729356,4631315591424,1783476374138971424
3,1297,44954957644,4631315856836,1783476374139236868
1,1329,44955303676,4631316219881,1783476374139599881
0,1279,44990373228,4631347365591,1783476374170745591
2,1315,44990708036,4631347608987,1783476374170988987
3,1298,44986930356,4631347845374,1783476374171225406
1,1330,44991301676,4631348246340,1783476374171626404
0,1280,45022397548,4631379266448,1783476374202646832
2,1316,45022729388,4631379652854,1783476374203032854
1,1331,45023289900,4631380234655,1783476374203614687
3,1299,45022915548,4631383894677,1783476374207274709
0,1281,45054377996,4631415247718,1783476374238627750
2,1317,45054732772,4631415594539,1783476374238974539
3,1300,45054965996,4631415818735,1783476374239198735
1,1332,45055307060,4631416201428,1783476374239581460
0,1282,45090373292,4631447250369,1783476374270630369
2,1318,45090682964,4631447591718,1783476374270971814
3,1301,45090944964,4631447835466,1783476374271215498
1,1333,45091289772,4631448213743,1783476374271593743
0,1283,45122358804,4631479251580,1783476374302631612
2,1319,45122708900,4631479611553,1783476374302991585
1,1334,45123290580,4631480230346,1783476374303610346
3,1302,45122914548,4631483891872,1783476374307271904
0,1284,45154370132,4631515276210,1783476374338656210
2,1320,45154731676,4631515593303,1783476374338973335
3,1303,45154961612,4631515877371,1783476374339257371
1,1335,45155306964,4631516210048,1783476374339590048
0,1285,45190376452,4631547256492,1783476374370636492
2,1321,45190684836,4631547595569,1783476374370975601
3,1304,45190949900,4631547835733,1783476374371215765
1,1336,45191290836,4631548211323,1783476374371591355
0,1286,45222366164,4631579277671,1783476374402657671
2,1322,45222740772,4631579609740,1783476374402989772
1,1337,45223306740,4631580224149,1783476374403604213
3,1305,45222950060,4631583880524,1783476374407260524
0,1287,45254375028,4631615257405,1783476374438637533
2,1323,45254720516,4631615605186,1783476374438985218
3,1306,45254965124,4631615820293,1783476374439200325
1,1338,45255306868,4631616203659,1783476374439583691
0,1288,45290378772,4631647248120,1783476374470628152
2,1324,45290690188,4631647594269,1783476374470974333
3,1307,45290951156,4631647838880,1783476374471218880
1,1339,45291291900,4631648208966,1783476374471588966
0,1289,45322347260,4631679253650,1783476374502633682
1,1340,45323308580,4631680237697,1783476374503617729
2,1325,45322733900,4631683617267,1783476374506997299
3,1308,45322963932,4631683883447,1783476374507263479
0,1290,45354354292,4631715263337,1783476374538643369
2,1326,45358731932,4631715595374,1783476374538975470
3,1309,45354964708,4631715860273,1783476374539240305
1,1341,45355307964,4631716208951,1783476374539588983
0,1291,45390332452,4631747242947,1783476374570622979
2,1327,45390673676,4631747592968,1783476374570973000
3,1310,45390931900,4631747855276,1783476374571235340
1,1342,45391293612,4631748214577,1783476374571594609
0,1292,45422345580,4631779260926,1783476374602640926
1,1343,45423308772,4631780229004,1783476374603609036
2,1328,45422736804,4631783635871,1783476374607015871
3,1311,45422965028,4631783896227,1783476374607276227
0,1293,45454333708,4631815304821,1783476374638684821
2,1329,45458721676,4631815605433,1783476374638985465
3,1312,45454970996,4631815865597,1783476374639245597
1,1344,45455308836,4631816241634,1783476374639621698
0,1294,45490361580,4631847349328,1783476374670729328
2,1330,45490694548,4631847646708,1783476374671026740
3,1313,45490922612,4631847873720,1783476374671253752
1,1345,45491299060,4631848952872,1783476374672332904
0,1295,45522396580,4631883278373,1783476374706658405
2,1331,45522736676,4631883579529,1783476374706959529
3,1314,45522967772,4631883874286,1783476374707254286
1,1346,45523311932,4631884223699,1783476374707603731
0,1296,45558382548,4631915291264,1783476374738671264
2,1332,45558763804,4631915604612,1783476374738984612
3,1315,45554928612,4631915868040,1783476374739248040
1,1347,45559313996,4631916228206,1783476374739608238
0,1297,45590378804,4631947307259,1783476374770687291
2,1333,45590709708,4631947632352,1783476374771012448
1,1348,45591299516,4631948236073,1783476374771616105
3,1316,45590927740,4631951915679,1783476374775295679
0,1298,45622342388,4631983272752,1783476374806652752
2,1334,45622741612,4631983646806,1783476374807026806
3,1317,45622970548,4631983862393,1783476374807242393
1,1349,45623315804,4631984223806,1783476374807603838
0,1299,45658363132,4632015397485,1783476374838777485
2,1335,45658769124,4632015645200,1783476374839025200
3,1318,45658961516,4632015879092,1783476374839259092
1,1350,45659309740,4632016249273,1783476374839629273
0,1300,45690358676,4632047329414,1783476374870709414
2,1336,45690707804,4632047651435,1783476374871031467
1,1351,45691299676,4632048275444,1783476374871655476
3,1319,45690925220,4632051928619,1783476374875308651
0,1301,45722346420,4632083288636,1783476374906668668
2,1337,45722741292,4632083639777,1783476374907019777
3,1320,45722975868,4632083851460,1783476374907231460
1,1352,45723316708,4632084228330,1783476374907608330
0,1302,45758395740,4632115282870,1783476374938662902
2,1338,45758697356,4632115617947,1783476374938997947
3,1321,45758963644,4632115857631,1783476374939237631
1,1353,45759305836,4632116233701,1783476374939613733
0,1303,45790392580,4632147269329,1783476374970649361
2,1339,45790746836,4632147613846,1783476374970993846
1,1354,45791333060,4632148226943,1783476374971606943
3,1322,45790958292,4632151889013,1783476374975269013
0,1304,45822388708,4632183262055,1783476375006642055
2,1340,45822734676,4632183596108,1783476375006976140
3,1323,45822959028,4632183835343,1783476375007215343
1,1355,45823318868,4632184218357,1783476375007598389
0,1305,45858390260,4632215309186,1783476375038689186
2,1341,45858703900,4632215641862,1783476375039021894
3,1324,45858958900,4632215870122,1783476375039250154
1,1356,45859302028,4632216242831,1783476375039622863
0,1306,45890396932,4632247274747,1783476375070654811
1,1357,45891321932,4632248222857,1783476375071602857
2,1342,45890748676,4632251633724,1783476375075013724
3,1325,45890944740,4632251889151,1783476375075269151
0,1307,45922368836,4632283262160,1783476375106642160
2,1343,45926742836,4632283594485,1783476375106974517
3,1326,45922976868,4632283859897,1783476375107239897
1,1358,45923317836,4632284217598,1783476375107597630
0,1308,45958377708,4632315285323,1783476375138665355
2,1344,45958688740,4632315657488,1783476375139037520
3,1327,45958944836,4632315863091,1783476375139243155
1,1359,45959304900,4632316250041,1783476375139630041
0,1309,45990359932,4632347311109,1783476375170691141
1,1360,45991319516,4632348248147,1783476375171628147
2,1345,45990766484,4632351644133,1783476375175024165
3,1328,45990975772,4632351905321,1783476375175285353
0,1310,46022392548,4632383304026,1783476375206684026
2,1346,46026762772,4632383602687,1783476375206982687
3,1329,46022988900,4632383848354,1783476375207228354
1,1361,46023327804,4632384242600,1783476375207622664
0,1311,46058358452,4632415276916,1783476375238656948
2,1347,46058698644,4632415633625,1783476375239013625
3,1330,46058929996,4632415857980,1783476375239237980
1,1362,46059305996,4632416230210,1783476375239610242
0,1312,46090408548,4632447296494,1783476375270676494
1,1363,46091322964,4632448226620,1783476375271606652
2,1348,46090736740,4632451618830,1783476375274998830
3,1331,46090976932,4632451877266,1783476375275257298
0,1313,46126377804,4632483272131,1783476375306652131
2,1349,46126732060,4632483598888,1783476375306978888
3,1332,46122949868,4632483850284,1783476375307230284
1,1364,46127321804,4632484231857,1783476375307611889
0,1314,46158378228,4632515360318,1783476375338740318
2,1350,46158719804,4632515663011,1783476375339043011
1,1365,46159310932,4632516253164,1783476375339633164
3,1333,46158931580,4632519925698,1783476375343305698
0,1315,46190393868,4632551262834,1783476375374642834
2,1351,46190751932,4632551592759,1783476375374972791
3,1334,46190984932,4632551835675,1783476375375215675
1,1366,46191322804,4632552230721,1783476375375610721
0,1316,46226377484,4632583278444,1783476375406658444
2,1352,46226715964,4632583613169,1783476375406993169
3,1335,46226977124,4632583840757,1783476375407220789
1,1367,46227321996,4632584223226,1783476375407603258
0,1317,46258356516,4632615310215,1783476375438690215
2,1353,46258727228,4632615677932,1783476375439057932
1,1368,46259314932,4632616243125,1783476375439623125
3,1336,46258939748,4632619942092,1783476375443322124
0,1318,46290370676,4632651290780,1783476375474670844
2,1354,46290760028,4632651618209,1783476375474998241
3,1337,46290985900,4632651842692,1783476375475222724
1,1369,46291329772,4632652231850,1783476375475611850
0,1319,46326365420,4632683278966,1783476375506658966
2,1355,46326720996,4632683599771,1783476375506979771
3,1338,46326964932,4632683879775,1783476375507259775
1,1370,46327308868,4632684230852,1783476375507610884
0,1320,46358377388,4632715301968,1783476375538682000
2,1356,46358755996,4632715650037,1783476375539030069
1,1371,46359323964,4632716251006,1783476375539631038
3,1339,46358972324,4632719912788,1783476375543292948
0,1321,46390393772,4632751269509,1783476375574649509
2,1357,46390741580,4632751590890,1783476375574970890
3,1340,46390981964,4632751850318,1783476375575230318
1,1372,46391324772,4632752238739,1783476375575618771
0,1322,46426401100,4632783349888,1783476375606729888
2,1358,46426713124,4632783636228,1783476375607016292
3,1341,46426968932,4632783889896,1783476375607269896
1,1373,46427309900,4632784270574,1783476375607650574
0,1323,46458410060,4632815361850,1783476375638741850
2,1359,46458775900,4632815661183,1783476375639041215
1,1374,46459327740,4632816269544,1783476375639649544
3,1342,46458968164,4632819929598,1783476375643309598
0,1324,46490351964,4632851287343,1783476375674667375
2,1360,46494746964,4632851621236,1783476375675001236
3,1343,46490990932,4632851865783,1783476375675245815
1,1375,46491349644,4632852257885,1783476375675637917
0,1325,46526349228,4632883303497,1783476375706683529
2,1361,46526687868,4632883625134,1783476375707005198
3,1344,46526979220,4632883848593,1783476375707228625
1,1376,46527316612,4632884241463,1783476375707621463
0,1326,46558397772,4632915312483,1783476375738692579
1,1377,46559327484,4632916239985,1783476375739619985
2,1362,46558752260,4632919664772,1783476375743044772
3,1345,46558965996,4632919905127,1783476375743285159
0,1327,46590397548,4632951367961,1783476375774747993
2,1363,46594753028,4632951598301,1783476375774978333
3,1346,46590983388,4632951882017,1783476375775262049
1,1378,46591325868,4632952232774,1783476375775612870
0,1328,46626383388,4632983303346,1783476375806683410
2,1364,46626735644,4632983632311,1783476375807012343
3,1347,46626950804,4632983909915,1783476375807289947
1,1379,46627310868,4632984244128,1783476375807624128
0,1329,46658403844,4633015345613,1783476375838725613
1,1380,46659336188,4633016264891,1783476375839644891
2,1365,46658759804,4633019643949,1783476375843023949
3,1348,46658986996,4633019897104,1783476375843277168
0,1330,46694350324,4633051341570,1783476375874721570
2,1366,46694734388,4633051624230,1783476375875004230
3,1349,46690955644,4633051897962,1783476375875277962
1,1381,46695324548,4633052245296,1783476375875625296
0,1331,46726384484,4633083324124,1783476375906704124
2,1367,46726739644,4633083632000,1783476375907012032
3,1350,46726936420,4633083886660,1783476375907266692
1,1382,46727580772,4633084246826,1783476375907626826
0,1332,46758370676,4633119380562,1783476375942760562
2,1368,46758757644,4633119640054,1783476375943020086
3,1351,46758989516,4633119909722,1783476375943289722
1,1383,46759331708,4633120259263,1783476375943639263
0,1333,46794400708,4633151272810,1783476375974652842
2,1369,46794726996,4633151597679,1783476375974977711
3,1352,46794985484,4633151864211,1783476375975244211
1,1384,46795330836,4633152244697,1783476375975624729
0,1334,46826349676,4633183300549,1783476376006680549
2,1370,46826723836,4633183634506,1783476376007014538
1,1385,46827314644,4633184246483,1783476376007626483
3,1353,46826937420,4633187907977,1783476376011288009
0,1335,46858359324,4633219351066,1783476376042731066
2,1371,46858752900,4633219633246,1783476376043013246
3,1354,46858984836,4633219892002,1783476376043272002
1,1386,46859328868,4633220235399,1783476376043615431
0,1336,46894366516,4633251272818,1783476376074652850
2,1372,46894713028,4633251601207,1783476376074981207
3,1355,46894975708,4633251864667,1783476376075244699
1,1387,46895319900,4633252251841,1783476376075631841
0,1337,46926395996,4633283296172,1783476376106676204
2,1373,46926756804,4633283636177,1783476376107016177
1,1388,46927331484,4633284234170,1783476376107614170
3,1356,46926968876,4633287921073,1783476376111301105
0,1338,46958362100,4633319322945,1783476376142702945
2,1374,46958742028,4633319618661,1783476376142998661
3,1357,46958988676,4633319878665,1783476376143258697
1,1389,46959328868,4633320225070,1783476376143605070
0,1339,46994367772,4633351273370,1783476376174653402
2,1375,46994707772,4633351602655,1783476376174982655
3,1358,46994970708,4633351900547,1783476376175280547
1,1390,46995314836,4633352269128,1783476376175649160
0,1340,47026416964,4633383254227,1783476376206634227
2,1376,47026842772,4633383654585,1783476376207034585
1,1391,47027385452,4633384263074,1783476376207643074
3,1359,47026988740,4633387933976,1783476376211313976
0,1341,47058410836,4633419276712,1783476376242656712
2,1377,47062754220,4633419610381,1783476376242990445
3,1360,47058988388,4633419869648,1783476376243249680
1,1392,47059330836,4633420228214,1783476376243608278
0,1342,47094387932,4633451290529,1783476376274670529
2,1378,47094694708,4633451600838,1783476376274980838
3,1361,47094954708,4633451873002,1783476376275253034
1,1393,47095314932,4633452225935,1783476376275605935
0,1343,47126393708,4633483277018,1783476376306657018
1,1394,47127330644,4633484240553,1783476376307620585
2,1379,47126758612,4633487642299,1783476376311022331
3,1362,47126988028,4633487891455,1783476376311271487
0,1344,47158386356,4633519323280,1783476376342703280
2,1380,47162754740,4633519625204,1783476376343005204
3,1363,47158971804,4633519893720,1783476376343273752
1,1395,47159331964,4633520240637,1783476376343620669
0,1345,47194358836,4633551276232,1783476376374656264
2,1381,47194696252,4633551601965,1783476376374981997
3,1364,47194943612,4633551894674,1783476376375274674
1,1396,47195318868,4633552252759,1783476376375632759
0,1346,47226405156,4633583281250,1783476376406661282
1,1397,47227333388,4633584255824,1783476376407635856
2,1382,47226758644,4633587609282,1783476376410989314
3,1365,47226988740,4633587873126,1783476376411253158
0,1347,47262355740,4633619296407,1783476376442676471
2,1383,47262740708,4633619612251,1783476376442992283
3,1366,47258963548,4633619879199,1783476376443259199
1,1398,47263331836,4633620241893,1783476376443621925
0,1348,47294355868,4633651286960,1783476376474666992
2,1384,47294728740,4633651605845,1783476376474985845
3,1367,47294942324,4633651873625,1783476376475253689
1,1399,47295319964,4633652227038,1783476376475607038
0,1349,47326399452,4633687270020,1783476376510650052
2,1385,47326759740,4633687595977,1783476376510976009
3,1368,47326988740,4633687863661,1783476376511243693
1,1400,47327333932,4633688210866,1783476376511590866
0,1350,47362368580,4633719307806,1783476376542687806
2,1386,47362728612,4633719611811,1783476376542991843
3,1369,47362989612,4633719893127,1783476376543273127
1,1401,47363342772,4633720242348,1783476376543622380
0,1351,47394392708,4633751298199,1783476376574678199
2,1387,47394732644,4633751643996,1783476376575023996
1,1402,47395323996,4633752239205,1783476376575619237
3,1370,47394945516,4633755953468,1783476376579333468
0,1352,47426404836,4633787302956,1783476376610682988
2,1388,47426766644,4633787618001,1783476376610998001
3,1371,47426997548,4633787907157,1783476376611287189
1,1403,47427338156,4633788229850,1783476376611609850
0,1353,47462374388,4633819351014,1783476376642731078
2,1389,47462714580,4633819637450,1783476376643017450
3,1372,47462975580,4633819903790,1783476376643283790
1,1404,47463321900,4633820249075,1783476376643629075
0,1354,47494395964,4633851318655,1783476376674698687
2,1390,47494687091,4633852060778,1783476376675440810
1,1405,47495329964,4633852253357,1783476376675633389
3,1373,47494952772,4633855935363,1783476376679315363
0,1355,47526369516,4633887307283,1783476376710687283
2,1391,47526746388,4633887625368,1783476376711005400
3,1374,47526994580,4633887883932,1783476376711263932
1,1406,47527332676,4633888257761,1783476376711637793
0,1356,47562371996,4633919294733,1783476376742674797
2,1392,47562715900,4633919626673,1783476376743006673
3,1375,47562984092,4633919869109,1783476376743249141
1,1407,47563322484,4633920266459,1783476376743646459
0,1357,47594378868,4633951303142,1783476376774683174
2,1393,47594763932,4633951639339,1783476376775019339
1,1408,47595339452,4633952246612,1783476376775626644
3,1376,47594976388,4633955915722,1783476376779295754
0,1358,47626401844,4633987320667,1783476376810700699
2,1394,47630781484,4633987621503,1783476376811001503
3,1377,47626995548,4633987884995,1783476376811265027
1,1409,47627338260,4633988269257,1783476376811649257
0,1359,47662369260,4634019339445,1783476376842719445
2,1395,47662701996,4634019638585,1783476376843018649
3,1378,47662963644,4634019909181,1783476376843289181
1,1410,47663323772,4634020253410,1783476376843633538
0,1360,47694379092,4634051423695,1783476376874803695
1,1411,47695339036,4634052304444,1783476376875684444
2,1396,47694766164,4634055698350,1783476376879078350
3,1379,47694994580,4634055978611,1783476376879358643
0,1361,47726412580,4634087308482,1783476376910688514
2,1397,47730806900,4634087627687,1783476376911007687
3,1380,47727032516,4634087909899,1783476376911289899
1,1412,47727347868,4634088261008,1783476376911641008
0,1362,47762366644,4634119321500,1783476376942701564
2,1398,47762744900,4634119634144,1783476376943014176
3,1381,47762952516,4634119909412,1783476376943289412
1,1413,47763325804,4634120257481,1783476376943637513
1,1414,47795343708,4634152260739,1783476376975640771
0,1363,47794382868,4634155267183,1783476376978647215
2,1399,47794788932,4634155627029,1783476376979007029
3,1382,47794996836,4634155901561,1783476376979281753
0,1364,47830364868,4634187278793,1783476377010658825
2,1400,47830748220,4634187608622,1783476377010988622
3,1383,47826969644,4634187882930,1783476377011262930
1,1415,47831341092,4634188234071,1783476377011614103
0,1365,47862363804,4634219301122,1783476377042681122
2,1401,47862718708,4634219637735,1783476377043017767
3,1384,47862950324,4634219897291,1783476377043277323
1,1416,47863325996,4634220257072,1783476377043637072
0,1366,47894368060,4634255307606,1783476377078687638
2,1402,47894768708,4634255623098,1783476377079003130
3,1385,47894997644,4634255929247,1783476377079309279
1,1417,47895342964,4634256241539,1783476377079621571
0,1367,47930399676,4634287282542,1783476377110662574
2,1403,47930736964,4634287610195,1783476377110990195
3,1386,47926968548,4634287868951,1783476377111248951
1,1418,47931342836,4634288249116,1783476377111629180
0,1368,47962393356,4634319308391,1783476377142688423
2,1404,47962737644,4634319643820,1783476377143023820
1,1419,47963327643,4634320290934,1783476377143670934
3,1387,47962956324,4634323947340,1783476377147327372
0,1369,47994379868,4634355271162,1783476377178651162
2,1405,47994769060,4634355615776,1783476377178995776
3,1388,47994998804,4634355880419,1783476377179260451
1,1420,47995343964,4634356269065,1783476377179649097
0,1370,48030412836,4634387308404,1783476377210688404
2,1406,48030727900,4634387620376,1783476377211000376
3,1389,48030989484,4634387887260,1783476377211267260
1,1421,48031334964,4634388267650,1783476377211647650
0,1371,48062400996,4634419368109,1783476377242748109
2,1407,48062758772,4634419669714,1783476377243049746
1,1422,48063330836,4634420292635,1783476377243672635
3,1390,48062955516,4634423937009,1783476377247317041
0,1372,48094370612,4634455315616,1783476377278695648
2,1408,48094753964,4634455634821,1783476377279014853
3,1391,48095002580,4634455904297,1783476377279284329
1,1423,48095342868,4634456260270,1783476377279640270
0,1373,48130382996,4634487318169,1783476377310698201
2,1409,48130745772,4634487636350,1783476377311016414
3,1392,48130986708,4634487920226,1783476377311300226
1,1424,48131329964,4634488263591,1783476377311643623
0,1374,48162422220,4634519324338,1783476377342704338
2,1410,48162774964,4634519671479,1783476377343051543
1,1425,48163346836,4634520274144,1783476377343654176
3,1393,48162991228,4634523952342,1783476377347332374
0,1375,48194419772,4634555280645,1783476377378660677
2,1411,48198774420,4634555626314,1783476377379006314
3,1394,48195009028,4634555878734,1783476377379258766
1,1426,48195403060,4634556246483,1783476377379626483
0,1376,48230407964,4634587312126,1783476377410692126
2,1412,48230714484,4634587645411,1783476377411025411
3,1395,48230972836,4634587878983,1783476377411259047
1,1427,48231331932,4634588256972,1783476377411636972
0,1377,48262420452,4634619308695,1783476377442688727
1,1428,48263345612,4634620272933,1783476377443652965
2,1413,48262775484,4634623672983,1783476377447052983
3,1396,48263005708,4634623929115,1783476377447309115
0,1378,48294414772,4634655289579,1783476377478669611
2,1414,48298772644,4634655623439,1783476377479003439
3,1397,48295008996,4634655871731,1783476377479251763
1,1429,48295346964,4634656246745,1783476377479626745
0,1379,48330443740,4634687295811,1783476377510675811
2,1415,48330736260,4634687661353,1783476377511041353
3,1398,48330972028,4634687870860,1783476377511250892
1,1430,48331353996,4634688246385,1783476377511626417
0,1380,48362421028,4634719319420,1783476377542699452
1,1431,48363350452,4634720295083,1783476377543675115
2,1416,48362779739,4634723667101,1783476377547047101
3,1399,48363012644,4634723904800,1783476377547284800
0,1381,48398409772,4634755293648,1783476377578673648
2,1417,48398758708,4634755652821,1783476377579032821
3,1400,48394984868,4634755968282,1783476377579348282
1,1432,48399346643,4634756291519,1783476377579671551
0,1382,48430408676,4634787294889,1783476377610674921
2,1418,48430730452,4634787647918,1783476377611027982
3,1401,48430962900,4634787874065,1783476377611254097
1,1433,48431334868,4634788253655,1783476377611633687
1,1434,48463349164,4634820319697,1783476377643700049
0,1383,48462387900,4634823302461,1783476377646682461
2,1419,48462774484,4634823648194,1783476377647028194
3,1402,48463003868,4634823905893,1783476377647285925
0,1384,48498416548,4634855450391,1783476377678830392
2,1420,48498749644,4634855636890,1783476377679016826
3,1403,48494977675,4634855862046,1783476377679242046
1,1435,48499351316,4634856229027,1783476377679608995
0,1385,48530373804,4634887307598,1783476377710687630
2,1421,48530739772,4634887679348,1783476377711059348
1,1436,48531332028,4634888257628,1783476377711637628
3,1404,48530956964,4634891960307,1783476377715340307
0,1386,48562421676,4634923427620,1783476377746807620
2,1422,48562776484,4634923660359,1783476377747040391
3,1405,48563009996,4634923887979,1783476377747267979
1,1437,48563352996,4634924252048,1783476377747632048
0,1387,48598389708,4634955400124,1783476377778780124
2,1423,48598716292,4634955701056,1783476377779081056
3,1406,48598993124,4634955936036,1783476377779316036
1,1438,48599336996,4634956279561,1783476377779659561
0,1388,48630408676,4634987364468,1783476377810744468
2,1424,48630772612,4634987704505,1783476377811084505
3,1407,48630966708,4634987935261,1783476377811315325
1,1439,48631341804,4634988300290,1783476377811680322
0,1389,48662416484,4635023491498,1783476377846871498
2,1425,48662798740,4635023696525,1783476377847076525
3,1408,48663024612,4635023895984,1783476377847276016
1,1440,48663362804,4635024296886,1783476377847676918
0,1390,48698395900,4635055315648,1783476377878695680
2,1426,48698733356,4635055672325,1783476377879052325
3,1409,48698996580,4635055901929,1783476377879281961
1,1441,48699344932,4635056263310,1783476377879643374
0,1391,48730384740,4635087329881,1783476377910709913
2,1427,48730805580,4635087711327,1783476377911091359
1,1442,48731364740,4635088279463,1783476377911659495
3,1410,48730992548,4635091965182,1783476377915345182
0,1392,48762411100,4635123390574,1783476377946770606
2,1428,48766787196,4635123687826,1783476377947067826
3,1411,48763020772,4635123913109,1783476377947293141
1,1443,48763367996,4635124274267,1783476377947654267
0,1393,48798379836,4635155340838,1783476377978720870
2,1429,48798721676,4635155679467,1783476377979059467
3,1412,48798981740,4635155917550,1783476377979297550
1,1444,48799342964,4635156272435,1783476377979652435
0,1394,48830418452,4635187327198,1783476378010707198
1,1445,48831356676,4635188272332,1783476378011652332
2,1430,48830781612,4635191659454,1783476378015039518
3,1413,48831019740,4635191941090,1783476378015321090
0,1395,48862383708,4635223321841,1783476378046701873
2,1431,48866787484,4635223657718,1783476378047037814
3,1414,48863023932,4635223897882,1783476378047277882
1,1446,48863357996,4635224268799,1783476378047648799
0,1396,48898407676,4635255297961,1783476378078677961
2,1432,48898718708,4635255636302,1783476378079016334
3,1415,48898980996,4635255880273,1783476378079260305
1,1447,48899340124,4635256251607,1783476378079631607
0,1397,48930390292,4635287348866,1783476378110728866
1,1448,48931361772,4635288283471,1783476378111663503
2,1433,48930778484,4635291668929,1783476378115048961
3,1416,48931011028,4635291920997,1783476378115300997
0,1398,48966377644,4635323377621,1783476378146757621
2,1434,48966764900,4635323660857,1783476378147040889
3,1417,48962985740,4635323905181,1783476378147285181
1,1449,48967353868,4635324271650,1783476378147651714
0,1399,48998409868,4635355348717,1783476378178728749
2,1435,48998737964,4635355651729,1783476378179031729
3,1418,48998968676,4635355909429,1783476378179289461
1,1450,48999342092,4635356274235,1783476378179654235
0,1400,49030409420,4635391382688,1783476378214762688
2,1436,49030780644,4635391670309,1783476378215050341
3,1419,49031012996,4635391921896,1783476378215301896
1,1451,49031356804,4635392287182,1783476378215667182
0,1401,49066395452,4635423315896,1783476378246695896
2,1437,49066748292,4635423648508,1783476378247028540
3,1420,49062990028,4635423883872,1783476378247263872
1,1452,49067358804,4635424270982,1783476378247650982
0,1402,49098417644,4635455301583,1783476378278681583
2,1438,49098751452,4635455673621,1783476378279053653
1,1453,49099343868,4635456267902,1783476378279647902
3,1421,49098968516,4635459937684,1783476378283317716
0,1403,49130404644,4635491282466,1783476378314662498
2,1439,49130767484,4635491643304,1783476378315023336
3,1422,49131003900,4635491881611,1783476378315261643
1,1454,49131358996,4635492248336,1783476378315628368
0,1404,49166407388,4635523373276,1783476378346753276
2,1440,49166734676,4635523687296,1783476378347067296
3,1423,49166996644,4635523915172,1783476378347295172
1,1455,49167342060,4635524290889,1783476378347670921
0,1405,49198416516,4635555304595,1783476378378684627
2,1441,49198750644,4635555695000,1783476378379075192
3,1424,49198969644,4635559937783,1783476378383317815
1,1456,49199343868,4635560267452,1783476378383647452
0,1406,49230447740,4635591312902,1783476378414692902
2,1442,49230783356,4635591657963,1783476378415037995
3,1425,49231015548,4635591898511,1783476378415278543
1,1457,49231363836,4635592269812,1783476378415649812
0,1407,49266427868,4635623317374,1783476378446697374
2,1443,49266750228,4635623663107,1783476378447043139
3,1426,49267004900,4635623887815,1783476378447267815
1,1458,49267347772,4635624265804,1783476378447645804
0,1408,49298395964,4635655309302,1783476378478689302
2,1444,49298785484,4635655695612,1783476378479075676
1,1459,49299362740,4635656265540,1783476378479645572
3,1427,49298999132,4635659952539,1783476378483332571
0,1409,49330398964,4635691295529,1783476378514675561
2,1445,49334834388,4635691669806,1783476378515049838
3,1428,49331019995,4635691882194,1783476378515262194
1,1460,49331375028,4635692251895,1783476378515631927
0,1410,49366387708,4635723359074,1783476378546739106
2,1446,49366724356,4635723688711,1783476378547068711
3,1429,49366984836,4635723909610,1783476378547289610
1,1461,49367346772,4635724282384,1783476378547662416
0,1411,49398399772,4635755315065,1783476378578695065
1,1462,49399362060,4635756262087,1783476378579642087
2,1447,49398787292,4635759698010,1783476378583078202
3,1430,49399019644,4635759932926,1783476378583312926
0,1412,49430385220,4635791292908,1783476378614672940
2,1448,49434786356,4635791654321,1783476378615034545
3,1431,49431017804,4635791881525,1783476378615261557
1,1463,49431359932,4635792256090,1783476378615636122
0,1413,49466382356,4635823336421,1783476378646716421
2,1449,49466724900,4635823686314,1783476378647066346
3,1432,49466986772,4635823906829,1783476378647286861
1,1464,49467346836,4635824277203,1783476378647657267
0,1414,49498430284,4635855314845,1783476378678694845
1,1465,49499364028,4635856263851,1783476378679643883
2,1450,49498806772,4635859682013,1783476378683062013
3,1433,49499017708,4635859935969,1783476378683315969
0,1415,49530385516,4635891329456,1783476378714709488
2,1451,49534770356,4635891681205,1783476378715061205
3,1434,49531020932,4635891904024,1783476378715284024
1,1466,49531362548,4635892279390,1783476378715659518
0,1416,49566411804,4635923541995,1783476378746921995
2,1452,49566739964,4635923683469,1783476378747063469
3,1435,49566974580,4635924087891,1783476378747467923
1,1467,49567348868,4635924285334,1783476378747665366
0,1417,49598404196,4635959320603,1783476378782700603
2,1453,49598793708,4635959659232,1783476378783039328
3,1436,49599027708,4635959905956,1783476378783285956
1,1468,49599368996,4635960272073,1783476378783652105
0,1418,49634438868,4635991367060,1783476378814747092
2,1454,49634774228,4635991697145,1783476378815077145
3,1437,49630990900,4635991906652,1783476378815286652
1,1469,49635365059,4635992308066,1783476378815688098
0,1419,49666416388,4636023390028,1783476378846770060
2,1455,49666778996,4636023688881,1783476378847068913
1,1470,49667363868,4636024318234,1783476378847698234
3,1438,49666980484,4636027971088,1783476378851351088
0,1420,49698445908,4636059377119,1783476378882757119
2,1456,49698795580,4636059685124,1783476378883065124
3,1439,49699032484,4636059919591,1783476378883299623
1,1471,49699372484,4636060295245,1783476378883675245
0,1421,49734446900,4636091368823,1783476378914748823
2,1457,49734747676,4636091688156,1783476378915068188
3,1440,49735009996,4636091923551,1783476378915303583
1,1472,49735353996,4636092288261,1783476378915668293
0,1422,49766424836,4636123340303,1783476378946720303
2,1458,49766762356,4636123698804,1783476378947078836
1,1473,49767353060,4636124297053,1783476378947677053
3,1441,49766979804,4636127966387,1783476378951346387
0,1423,49798397580,4636159297889,1783476378982677921
2,1459,49798790324,4636159658950,1783476378983039014
3,1442,49799025028,4636159890762,1783476378983270762
1,1474,49799364804,4636160251887,1783476378983631887
0,1424,49834399420,4636191331066,1783476379014711130
2,1460,49834744676,4636191646238,1783476379015026238
3,1443,49835006932,4636191888290,1783476379015268290
1,1475,49835349964,4636192259559,1783476379015639623
0,1425,49866429420,4636223386482,1783476379046766482
2,1461,49866792964,4636223771959,1783476379047151991
1,1476,49867367676,4636224410881,1783476379047790913
3,1444,49867004940,4636227968725,1783476379051348757
0,1426,49898439868,4636259303171,1783476379082683203
2,1462,49898779644,4636259656328,1783476379083036392
3,1445,49899027028,4636259893772,1783476379083273772
1,1477,49899368900,4636260269041,1783476379083649073
0,1427,49934436356,4636291326427,1783476379114706619
2,1463,49934747836,4636291641311,1783476379115021343
3,1446,49935007452,4636291894563,1783476379115274595
1,1478,49935353836,4636292265641,1783476379115645641
0,1428,49966433836,4636323392115,1783476379146772115
1,1479,49967367612,4636324297664,1783476379147677664
2,1464,49966792516,4636327700435,1783476379151080435
3,1447,49967024932,4636327937174,1783476379151317206
0,1429,49998395740,4636359311844,1783476379182691876
2,1465,50002793772,4636359640297,1783476379183020297
3,1448,49999026740,4636359920621,1783476379183300653
1,1480,49999367836,4636360269746,1783476379183649778
0,1430,50034431900,4636391319932,1783476379214699964
2,1466,50034759708,4636391648801,1783476379215028833
3,1449,50034998804,4636391919429,1783476379215299461
1,1481,50035357900,4636392275466,1783476379215655466
0,1431,50066445708,4636423385076,1783476379246765076
1,1482,50067372932,4636424296642,1783476379247676642
2,1467,50066801548,4636427702836,1783476379251082836
3,1450,50067028804,4636427940631,1783476379251320631
0,1432,50098395036,4636459403687,1783476379282783719
2,1468,50102773964,4636459646730,1783476379283026730
3,1451,50099027156,4636459961231,1783476379283341199
1,1483,50099375996,4636460887101,1783476379284267069
0,1433,50134448516,4636491403230,1783476379314783230
2,1469,50134748868,4636491671586,1783476379315051586
3,1452,50134979580,4636491932934,1783476379315312966
1,1484,50135354932,4636492294507,1783476379315674475
0,1434,50166503772,4636527352976,1783476379350732976
2,1470,50166798996,4636527658868,1783476379351038868
3,1453,50167028612,4636527937720,1783476379351317720
1,1485,50167374836,4636528277982,1783476379351657982
0,1435,50202386516,4636559315207,1783476379382695207
2,1471,50202774932,4636559640716,1783476379383020748
3,1454,50198997612,4636559929200,1783476379383309200
1,1486,50203368060,4636560268341,1783476379383648341
0,1436,50234399900,4636591335230,1783476379414715230
2,1472,50234766451,4636591681828,1783476379415061828
1,1487,50235358868,4636592279692,1783476379415659724
3,1455,50234982772,4636595973891,1783476379419353923
0,1437,50266396156,4636627432562,1783476379450812562
2,1473,50266794484,4636627677590,1783476379451057750
3,1456,50267039388,4636628315423,1783476379451695455
1,1488,50267371068,4636629754900,1783476379453134900
0,1438,50302449900,4636659386025,1783476379482766025
2,1474,50302752220,4636659651789,1783476379483031789
3,1457,50303038028,4636659907697,1783476379483287665
1,1489,50303369188,4636660358615,1783476379483738647
0,1439,50334396803,4636691329024,1783476379514709024
2,1475,50334769708,4636691652196,1783476379515032196
1,1490,50335357996,4636692288366,1783476379515668366
3,1458,50334985196,4636695972420,1783476379519352612
0,1440,50366441220,4636727319730,1783476379550699730
2,1476,50366808060,4636727658359,1783476379551038359
3,1459,50367035644,4636727916443,1783476379551296635
1,1491,50367380996,4636728266656,1783476379551646688
0,1441,50402429804,4636759317897,1783476379582697929
2,1477,50402752868,4636759649582,1783476379583029582
3,1460,50403006708,4636759903026,1783476379583283026
1,1492,50403358932,4636760290712,1783476379583670712
0,1442,50434407708,4636791394370,1783476379614774370
2,1478,50434800964,4636791735303,1783476379615115303
1,1493,50435377900,4636792322607,1783476379615702607
3,1461,50435014292,4636799643387,1783476379623023451
0,1443,50466472004,4636827468661,1783476379650848917
2,1479,50466790004,4636829179886,1783476379652559886
1,1494,50467381324,4636830547299,1783476379653927299
3,1462,50467043940,4636834036886,1783476379657416886
0,1444,50502423292,4636859427948,1783476379682807980
1,1495,50503364356,4636860557405,1783476379683937405
2,1480,50502760579,4636861907153,1783476379685287153
3,1463,50503019484,4636863421575,1783476379686801575
0,1445,50534408804,4636891359651,1783476379714739651
2,1481,50534805932,4636891721096,1783476379715101096
1,1496,50535400220,4636892294256,1783476379715674288
3,1464,50535040612,4636895959494,1783476379719339494
0,1446,50566400996,4636927394165,1783476379750774197
3,1465,50567034996,4636927940829,1783476379751320829
2,1482,50570798676,4636928134400,1783476379751514400
1,1497,50567376156,4636929274993,1783476379752655025
0,1447,50602428188,4636959373549,1783476379782753549
2,1483,50602740356,4636959684081,1783476379783064081
3,1466,50603003676,4636959934677,1783476379783314677
1,1498,50603363932,4636960299898,1783476379783679898
0,1448,50634447132,4636991376836,1783476379814756868
1,1499,50635378292,4636992308242,1783476379815688274
2,1484,50634806548,4636995725092,1783476379819105092
3,1467,50635035740,4636995961416,1783476379819341416
0,1449,50666443196,4637027382390,1783476379850762422
2,1485,50670788516,4637027688699,1783476379851068731
3,1468,50667039804,4637027919582,1783476379851299614
1,1500,50667387580,4637028320932,1783476379851700932
0,1450,50702408260,4637059373262,1783476379882753230
2,1486,50702760708,4637059672626,1783476379883052658
3,1469,50703016708,4637059911222,1783476379883291286
1,1501,50703371612,4637060303995,1783476379883683995
0,1451,50734439580,4637091403078,1783476379914783046
1,1502,50735378964,4637092299251,1783476379915679251
2,1487,50734804484,4637095698565,1783476379919078597
3,1470,50735034612,4637095922888,1783476379919302856
0,1452,50770452708,4637127424472,1783476379950804504
2,1488,50770789644,4637127695004,1783476379951075004
3,1471,50767007124,4637127994081,1783476379951374081
1,1503,50771380188,4637128383686,1783476379951763654
0,1453,50802410836,4637159340239,1783476379982720239
2,1489,50802771516,4637159679444,1783476379983059444
1,1504,50803365092,4637160277628,1783476379983657660
3,1472,50802987356,4637163957267,1783476379987337267
0,1454,50834443996,4637195304064,1783476380018684160
2,1490,50834804356,4637195647301,1783476380019027333
3,1473,50835036804,4637195908297,1783476380019288297
1,1505,50835381028,4637196263726,1783476380019643758
0,1455,50870413124,4637227315991,1783476380050695991
2,1491,50870772580,4637227667772,1783476380051047772
3,1474,50871036028,4637227911840,1783476380051291872
1,1506,50871378964,4637228287269,1783476380051667269
0,1456,50902401708,4637259358222,1783476380082738222
2,1492,50902775484,4637259789909,1783476380083169941
3,1475,50902990420,4637263974930,1783476380087354930
1,1507,50903365772,4637264280247,1783476380087660279
0,1457,50934449580,4637295330464,1783476380118710464
2,1493,50934810580,4637295692037,1783476380119072037
3,1476,50935039803,4637295942121,1783476380119322153
1,1508,50935386868,4637296288686,1783476380119668750
0,1458,50970449676,4637327379703,1783476380150759703
2,1494,50970761740,4637327713436,1783476380151093436
3,1477,50971023028,4637327944991,1783476380151324991
1,1509,50971366028,4637328303109,1783476380151683109
0,1459,51002447772,4637359331501,1783476380182711501
2,1495,51002809580,4637359732755,1783476380183112755
1,1510,51003384836,4637360303388,1783476380183683420
3,1478,51003020292,4637363978610,1783476380187358610
0,1460,51034455900,4637395343455,1783476380218723455
2,1496,51034796772,4637395669444,1783476380219049476
3,1479,51035044996,4637395909159,1783476380219289159
1,1511,51035386836,4637396289549,1783476380219669613
0,1461,51070409772,4637427326614,1783476380250706646
2,1497,51070758452,4637427676443,1783476380251056443
3,1480,51071021124,4637427909118,1783476380251289150
1,1512,51071364996,4637428287364,1783476380251667364
0,1462,51102446900,4637459289868,1783476380282669900
2,1498,51102805612,4637459693938,1783476380283073970
1,1513,51103382836,4637460299995,1783476380283679995
3,1481,51103020643,4637463967665,1783476380287347697
0,1463,51134463612,4637495324478,1783476380318704478
2,1499,51138828548,4637495717028,1783476380319097028
3,1482,51135042996,4637495910951,1783476380319290951
1,1514,51135385964,4637496281996,1783476380319661996
0,1464,51170426124,4637527350677,1783476380350730709
2,1500,51170761612,4637527700794,1783476380351080794
3,1483,51171030124,4637527930494,1783476380351310526
1,1515,51171373996,4637528305283,1783476380351685283
0,1465,51202449836,4637559403053,1783476380382783053
1,1516,51203386772,4637560287802,1783476380383667802
2,1501,51202812708,4637563695052,1783476380387075052
3,1484,51203040644,4637563954928,1783476380387334960
0,1466,51234448996,4637595353310,1783476380418733310
2,1502,51238809324,4637595696995,1783476380419077027
3,1485,51235042868,4637595931334,1783476380419311334
1,1517,51235386092,4637596281483,1783476380419661515
0,1467,51270439708,4637627377269,1783476380450757269
2,1503,51270758420,4637627722618,1783476380451102618
3,1486,51270996964,4637627932861,1783476380451312893
1,1518,51271372932,4637628312674,1783476380451692674
0,1468,51302470868,4637659353163,1783476380482733163
1,1519,51303387868,4637660289817,1783476380483669849
2,1504,51302830388,4637663672779,1783476380487052811
3,1487,51303046644,4637663933743,1783476380487313775
0,1469,51338452868,4637695328124,1783476380518708124
2,1505,51338796356,4637695681186,1783476380519061250
3,1488,51335012900,4637695912645,1783476380519292645
1,1520,51339386932,4637696275658,1783476380519655690
0,1470,51370409868,4637727360436,1783476380550740436
2,1506,51370780452,4637727701529,1783476380551081721
3,1489,51370995964,4637727917852,1783476380551297884
1,1521,51371371836,4637728314338,1783476380551694402
0,1471,51402421804,4637763366917,1783476380586746917
2,1507,51402810708,4637763705290,1783476380587085290
3,1490,51403042900,4637763920110,1783476380587300110
1,1522,51403387900,4637764284787,1783476380587664787
0,1472,51438467060,4637795373916,1783476380618753948
2,1508,51438783868,4637795686593,1783476380619066625
3,1491,51439045612,4637795932197,1783476380619312197
1,1523,51439388932,4637796301386,1783476380619681386
0,1473,51470470324,4637827400179,1783476380650780115
2,1509,51470788644,4637827728856,1783476380651108856
1,1524,51471375836,4637828315265,1783476380651695201
3,1492,51471003868,4637831964119,1783476380655344055
0,1474,51502445356,4637863367589,1783476380686747557
2,1510,51502811188,4637863673417,1783476380687053385
3,1493,51503046996,4637863918989,1783476380687298925
1,1525,51503387964,4637864277970,1783476380687657906
0,1475,51538411676,4637895369787,1783476380718749755
2,1511,51538763868,4637895672032,1783476380719051968
3,1494,51539028676,4637895918468,1783476380719298404
1,1526,51539375028,4637896285033,1783476380719664969
0,1476,51570403836,4637927407987,1783476380750787923
2,1512,51570778804,4637927783288,1783476380751163288
1,1527,51571373380,4637928332896,1783476380751712864
3,1495,51570997380,4637931956182,1783476380755336150
0,1477,51602439036,4637963394756,1783476380786774788
2,1513,51602798900,4637963719113,1783476380787099145
3,1496,51603047932,4637963944332,1783476380787324332
1,1528,51603392900,4637964330290,1783476380787710290
0,1478,51638476388,4637995407899,1783476380818787899
2,1514,51638770356,4637995727808,1783476380819107840
3,1497,51639031676,4637995966819,1783476380819346819
1,1529,51639381028,4637996743183,1783476380820123183
0,1479,51670440356,4638027386450,1783476380850766418
2,1515,51670820676,4638027744951,1783476380851124951
1,1530,51671410580,4638028311743,1783476380851691743
3,1498,51671030452,4638032062999,1783476380855442999
0,1480,51702444900,4638063421220,1783476380886801188
2,1516,51706815900,4638063733128,1783476380887113096
3,1499,51703073772,4638063947788,1783476380887327788
1,1531,51703393612,4638064314161,1783476380887694129
0,1481,51738456932,4638095455355,1783476380918835323
3,1500,51739019612,4638095979299,1783476380919359299
1,1532,51739381092,4638096312392,1783476380919692328
2,1517,51738757092,4638096692525,1783476380920072557
1,1533,51771396772,4638128356767,1783476380951736735
0,1482,51770439220,4638131371404,1783476380954751372
2,1518,51770817580,4638131715249,1783476380955095281
3,1501,51771051868,4638131971316,1783476380955351348
0,1483,51802440644,4638163382658,1783476380986762658
2,1519,51806817580,4638163697479,1783476380987077479
3,1502,51803051996,4638163954155,1783476380987334155
1,1534,51803394156,4638164308912,1783476380987688912
0,1484,51838424260,4638195359641,1783476381018739673
2,1520,51838756996,4638195684381,1783476381019064445
3,1503,51839005932,4638195921217,1783476381019301217
1,1535,51839378996,4638196308871,1783476381019688903
0,1485,51870439868,4638227377007,1783476381050757039
1,1536,51871397996,4638228328285,1783476381051708317
2,1521,51870839484,4638231678510,1783476381055058510
3,1504,51871054188,4638231944530,1783476381055324530
0,1486,51906459996,4638263356224,1783476381086736256
2,1522,51906804836,4638263669156,1783476381087049156
3,1505,51903023900,4638263917992,1783476381087297992
1,1537,51907395028,4638264315214,1783476381087695214
0,1487,51938442260,4638295398550,1783476381118778550
2,1523,51938772836,4638295695675,1783476381119075675
3,1506,51939005420,4638295952415,1783476381119332415
1,1538,51939379836,4638296312644,1783476381119692644
0,1488,51970466420,4638331404103,1783476381154784103
2,1524,51970818740,4638331696716,1783476381155076748
3,1507,51971051156,4638331921007,1783476381155301007
1,1539,51971395964,4638332312981,1783476381155692981
0,1489,52006467612,4638363398717,1783476381186778749
2,1525,52006789420,4638363708162,1783476381187088162
3,1508,52007053676,4638364087528,1783476381187467528
1,1540,52007397676,4638364677968,1783476381188058000
0,1490,52038419836,4638395409844,1783476381218789844
2,1526,52038788452,4638395730904,1783476381219110904
1,1541,52039383708,4638396322497,1783476381219702529
3,1509,52039005356,4638399983607,1783476381223363607
0,1491,52070431060,4638431301795,1783476381254681859
2,1527,52070818580,4638431680073,1783476381255060073
3,1510,52071062964,4638431922700,1783476381255302732
1,1542,52071397804,4638432297426,1783476381255677426
0,1492,52106433868,4638463339194,1783476381286719194
2,1528,52106772708,4638463680991,1783476381287060991
3,1511,52107035868,4638463913506,1783476381287293538
1,1543,52107379964,4638464289992,1783476381287670056
0,1493,52138452804,4638495360400,1783476381318740432
2,1529,52138792836,4638495736662,1783476381319116662
1,1544,52139381868,4638496397983,1783476381319777983
3,1512,52139005516,4638500032725,1783476381323412757
0,1494,52170462996,4638531393442,1783476381354773474
2,1530,52170812964,4638531691366,1783476381355071398
3,1513,52171055580,4638531945322,1783476381355325322
1,1545,52171399900,4638532299247,1783476381355679311
0,1495,52206466900,4638563344727,1783476381386724727
2,1531,52206776964,4638563683260,1783476381387063260
3,1514,52207036516,4638563965376,1783476381387345408
1,1546,52207381868,4638564297285,1783476381387677285
0,1496,52238468932,4638595349581,1783476381418729613
2,1532,52238823028,4638595703858,1783476381419083890
1,1547,52239398900,4638596298811,1783476381419678843
3,1515,52239035356,4638600038130,1783476381423418162
0,1497,52270450996,4638631341086,1783476381454721150
2,1533,52274820996,4638631676003,1783476381455056003
3,1516,52271058228,4638631930311,1783476381455310311
1,1548,52271400060,4638632303020,1783476381455683052
0,1498,52306452836,4638663346548,1783476381486726548
2,1534,52306761868,4638663680281,1783476381487060281
3,1517,52307021612,4638663962749,1783476381487342749
1,1549,52307383964,4638664314146,1783476381487694146
0,1499,52338436516,4638695350570,1783476381518730570
1,1550,52339400964,4638696300088,1783476381519680088
2,1535,52338824868,4638699723691,1783476381523103723
3,1518,52339053420,4638699975918,1783476381523355918
0,1500,52370425420,4638731378428,1783476381554758428
2,1536,52374828964,4638731690272,1783476381555070272
3,1519,52371055420,4638731946660,1783476381555326692
1,1551,52371398964,4638732309097,1783476381555689161
0,1501,52406455420,4638763341649,1783476381586721681
2,1537,52406764028,4638763670230,1783476381587050230
3,1520,52407010548,4638763950618,1783476381587330618
1,1552,52407387060,4638764307936,1783476381587687968
1,1553,52439399772,4638796325846,1783476381619705846
0,1502,52438468060,4638799310370,1783476381622690370
2,1538,52438825836,4638799672871,1783476381623052871
3,1521,52439055548,4638799961419,1783476381623341451
0,1503,52474446612,4638831364953,1783476381654744953
2,1539,52474813932,4638831689054,1783476381655069150
3,1522,52471026964,4638831939777,1783476381655319841
1,1554,52475404964,4638832314919,1783476381655694919
0,1504,52506453932,4638863338671,1783476381686718703
2,1540,52506778868,4638863673331,1783476381687053331
3,1523,52507010932,4638863937047,1783476381687317047
1,1555,52507388900,4638864316925,1783476381687696989
0,1505,52538471556,4638899361728,1783476381722741760
2,1541,52538826612,4638899796326,1783476381723176326
3,1524,52539057324,4638900046026,1783476381723426058
1,1556,52539404060,4638900307310,1783476381723687310
0,1506,52574475996,4638931415031,1783476381754795063
2,1542,52574807676,4638931720859,1783476381755100891
3,1525,52571036900,4638931954239,1783476381755334239
1,1557,52575407932,4638932328164,1783476381755708196
0,1507,52606457124,4638963365100,1783476381786745132
2,1543,52606800612,4638963716145,1783476381787096145
1,1558,52607395932,4638964324922,1783476381787704954
3,1526,52607015228,4638967996144,1783476381791376144
0,1508,52638468028,4638999376893,1783476381822756925
2,1544,52638832644,4638999701602,1783476381823081634
3,1527,52639064028,4638999936869,1783476381823316933
1,1559,52639403932,4639000307627,1783476381823687627
0,1509,52674442548,4639031391156,1783476381854771188
2,1545,52674796676,4639031717976,1783476381855097976
3,1528,52675054060,4639031959740,1783476381855339772
1,1560,52675398804,4639032337473,1783476381855717505
0,1510,52706476420,4639063424394,1783476381886804394
2,1546,52706813548,4639063790960,1783476381887170992
3,1529,52707020940,4639068057902,1783476381891437902
1,1561,52707401580,4639068362995,1783476381891743027
0,1511,52738495036,4639099369178,1783476381922749210
2,1547,52738816028,4639099692895,1783476381923072895
3,1530,52739069644,4639099939875,1783476381923319875
1,1562,52739427484,4639100366089,1783476381923746121
0,1512,52774474484,4639131404433,1783476381954784497
2,1548,52774810124,4639131716373,1783476381955096405
3,1531,52775050868,4639131959961,1783476381955339961
1,1563,52775390708,4639132369919,1783476381955749919
0,1513,52806450644,4639163353318,1783476381986733318
2,1549,52806832932,4639163728204,1783476381987108204
1,1564,52807405804,4639164311188,1783476381987691188
3,1532,52807057708,4639167994314,1783476381991374346
0,1514,52838469452,4639199337399,1783476382022717431
2,1550,52842830060,4639199691708,1783476382023071740
3,1533,52839067932,4639199933951,1783476382023313951
1,1565,52839409900,4639200318853,1783476382023698885
0,1515,52874448388,4639231360780,1783476382054740780
2,1551,52874788028,4639231689873,1783476382055069905
3,1534,52875044932,4639231942965,1783476382055322997
1,1566,52875395772,4639232346459,1783476382055726459
0,1516,52906478812,4639263395170,1783476382086775170
1,1567,52907409292,4639264354929,1783476382087734961
2,1552,52906835132,4639267759138,1783476382091139170
3,1535,52907062548,4639268035623,1783476382091415623
0,1517,52938472132,4639299350514,1783476382122730578
2,1553,52942830676,4639299672343,1783476382123052375
3,1536,52939066548,4639299949243,1783476382123329307
1,1568,52939407804,4639300317344,1783476382123697376
0,1518,52974463388,4639331411304,1783476382154791304
2,1554,52974771996,4639331705933,1783476382155085965
3,1537,52975032964,4639331945392,1783476382155325424
1,1569,52975393092,4639332309270,1783476382155689334
0,1519,53006474780,4639363393662,1783476382186773694
1,1570,53007408676,4639364373932,1783476382187753964
2,1555,53006833356,4639367713373,1783476382191093405
3,1538,53007062836,4639367978401,1783476382191358401
0,1520,53042475132,4639399377038,1783476382222757070
2,1556,53042821900,4639399681650,1783476382223061682
3,1539,53039040740,4639399929014,1783476382223309014
1,1571,53043416028,4639400306683,1783476382223686683
0,1521,53074468124,4639431306530,1783476382254686498
2,1557,53074791932,4639431683464,1783476382255063464
3,1540,53075029092,4639431912523,1783476382255292523
1,1572,53075395964,4639432307569,1783476382255687601
0,1522,53106436708,4639467310066,1783476382290690066
2,1558,53106833868,4639467690744,1783476382291070744
3,1541,53107062804,4639467943548,1783476382291323580
1,1573,53107408996,4639468293473,1783476382291673473
0,1523,53142493740,4639499406505,1783476382322786505
2,1559,53142800868,4639499702701,1783476382323082701
3,1542,53139034932,4639499939601,1783476382323319633
1,1574,53143406803,4639500324791,1783476382323704823
0,1524,53174438676,4639531412735,1783476382354792735
2,1560,53174810932,4639531732419,1783476382355112451
1,1575,53175403900,4639532327692,1783476382355707692
3,1543,53175021484,4639535996738,1783476382359376738
0,1525,53206474580,4639567426447,1783476382390806479
2,1561,53206838868,4639567725075,1783476382391105107
3,1544,53207066356,4639567948375,1783476382391328567
1,1576,53207409772,4639568334844,1783476382391714844
0,1526,53242455228,4639599441125,1783476382422821157
2,1562,53242788292,4639599756105,1783476382423136105
3,1545,53243061676,4639599970029,1783476382423350029
1,1577,53243402868,4639600337042,1783476382423717074
0,1527,53274469484,4639631447002,1783476382454827034
2,1563,53274815028,4639631754815,1783476382455134815
1,1578,53275406220,4639632330087,1783476382455710055
3,1546,53275026036,4639636105439,1783476382459485439
0,1528,53306455388,4639667511084,1783476382490891116
2,1564,53306823156,4639667719183,1783476382491099215
3,1547,53307071516,4639667973010,1783476382491353042
1,1579,53307426772,4639668392024,1783476382491772056
0,1529,53342468388,4639699419744,1783476382522799776
2,1565,53342789516,4639699742660,1783476382523122628
3,1548,53343051900,4639699967304,1783476382523347336
1,1580,53343398028,4639700370126,1783476382523750158
0,1530,53374448324,4639731483542,1783476382554863542
2,1566,53374838772,4639731763130,1783476382555143162
1,1581,53375433484,4639732387555,1783476382555767587
3,1549,53375052068,4639736036985,1783476382559416985
0,1531,53406485228,4639767395077,1783476382590775077
2,1567,53410852028,4639767715306,1783476382591095306
3,1550,53407074900,4639767951021,1783476382591331021
1,1582,53407413804,4639768358707,1783476382591738739
0,1532,53442478132,4639799363642,1783476382622743642
2,1568,53442787060,4639799788832,1783476382623168864
3,1551,53443057772,4639799995523,1783476382623375555
1,1583,53443406964,4639800333192,1783476382623713256
0,1533,53474488068,4639831380592,1783476382654760592
1,1584,53475432644,4639832332318,1783476382655712350
2,1569,53474846676,4639835730768,1783476382659110768
3,1552,53475073612,4639835982963,1783476382659362963
0,1534,53506477740,4639867376352,1783476382690756352
2,1570,53510841380,4639867659108,1783476382691039076
3,1553,53507073188,4639867928040,1783476382691308008
1,1585,53507427996,4639868345038,1783476382691725038
0,1535,53542443260,4639899366389,1783476382722746421
2,1571,53542772900,4639899699098,1783476382723079098
3,1554,53543037027,4639899933630,1783476382723313630
1,1586,53543451964,4639900313795,1783476382723693859
0,1536,53574475196,4639931475532,1783476382754855564
1,1587,53575415028,4639932380026,1783476382755760026
2,1572,53574840580,4639935724299,1783476382759104299
3,1555,53575070996,4639935974990,1783476382759355022
0,1537,53610438260,4639967410684,1783476382790790716
2,1573,53610821772,4639967736672,1783476382791116672
3,1556,53607045836,4639967960324,1783476382791340324
1,1588,53611414964,4639968339625,1783476382791719689
0,1538,53642470932,4639999374193,1783476382822754225
2,1574,53642793196,4639999731158,1783476382823111158
3,1557,53643028452,4639999963705,1783476382823343705
1,1589,53643402676,4640000347167,1783476382823727263
0,1539,53674488620,4640035396321,1783476382858776321
2,1575,53674845867,4640035709126,1783476382859089158
3,1558,53675081452,4640035982250,1783476382859362250
1,1590,53675419964,4640036326415,1783476382859706447
0,1540,53710460292,4640067477560,1783476382890857560
2,1576,53710811516,4640067748924,1783476382891128956
3,1559,53707043580,4640067975999,1783476382891355999
1,1591,53711417868,4640068355973,1783476382891736005
0,1541,53742469324,4640099420044,1783476382922800076
2,1577,53742812996,4640099782290,1783476382923162322
1,1592,53743407932,4640100349914,1783476382923729946
3,1560,53743026748,4640104059248,1783476382927439248
0,1542,53774476580,4640135404700,1783476382958784732
2,1578,53774843836,4640135723457,1783476382959103457
3,1561,53775076836,4640135959717,1783476382959339717
1,1593,53775417932,4640136340170,1783476382959720202
0,1543,53810486580,4640167446962,1783476382990826994
2,1579,53810800868,4640167736119,1783476382991116119
3,1562,53811064868,4640167976890,1783476382991356922
1,1594,53811406996,4640168344864,1783476382991724896
0,1544,53842441324,4640199366534,1783476383022746534
2,1580,53842812612,4640199735660,1783476383023115660
1,1595,53843404996,4640200310932,1783476383023690964
3,1563,53843029260,4640203992042,1783476383027372074
0,1545,53874444260,4640235471479,1783476383058851479
2,1581,53874841804,4640235737947,1783476383059117979
3,1564,53875075028,4640235964287,1783476383059344287
1,1596,53875418964,4640236332356,1783476383059712388
0,1546,53910490324,4640267363531,1783476383090743563
2,1582,53910799868,4640267715408,1783476383091095408
3,1565,53911064964,4640267958195,1783476383091338195
1,1597,53911407220,4640268313177,1783476383091693177
0,1547,53942497028,4640299362496,1783476383122742528
2,1583,53942848900,4640299727365,1783476383123107365
1,1598,53943423124,4640300334574,1783476383123714574
3,1566,53943060164,4640304040836,1783476383127420868
0,1548,53974483548,4640335382255,1783476383158762287
2,1584,53978850252,4640335705332,1783476383159085364
3,1567,53975078836,4640335953304,1783476383159333336
1,1599,53975419932,4640336329213,1783476383159709245
0,1549,54010476324,4640367391908,1783476383190771940
2,1585,54010784260,4640367725449,1783476383191105449
3,1568,54011045028,4640367964397,1783476383191344397
1,1600,54011405868,4640368359282,1783476383191739314
0,1550,54042488228,4640399402329,1783476383222782393
1,1601,54043422964,4640400327431,1783476383223707431
2,1586,54042845804,4640403735929,1783476383227115929
3,1569,54043078676,4640404030205,1783476383227410205
0,1551,54074452252,4640435304743,1783476383258684743
2,1587,54078845932,4640435692461,1783476383259072461
3,1570,54075082348,4640435912304,1783476383259292272
1,1602,54075423900,4640436304854,1783476383259684918
0,1552,54110435708,4640467326364,1783476383290706364
2,1588,54110782772,4640467718594,1783476383291098594
3,1571,54111044804,4640467959174,1783476383291339206
1,1603,54111410932,4640468326443,1783476383291706507
0,1553,54142486580,4640499377490,1783476383322757490
1,1604,54143421932,4640500337472,1783476383323717504
2,1589,54142848676,4640503764594,1783476383327144594
3,1572,54143063644,4640504062103,1783476383327442103
0,1554,54174451580,4640535414690,1783476383358794690
2,1590,54178834868,4640535726247,1783476383359106279
3,1573,54175096708,4640535954058,1783476383359334058
1,1605,54175444868,4640536340496,1783476383359720528
0,1555,54210437740,4640567407639,1783476383390787639
2,1591,54210795516,4640567725403,1783476383391105403
3,1574,54211029028,4640567946143,1783476383391326175
1,1606,54211403932,4640568339588,1783476383391719652
0,1556,54242496452,4640603363558,1783476383426743590
2,1592,54242871964,4640603687882,1783476383427067914
3,1575,54243084028,4640603959662,1783476383427339662
1,1607,54243426836,4640604347636,1783476383427727668
0,1557,54278481836,4640635363323,1783476383458743323
2,1593,54278834964,4640635695167,1783476383459075167
3,1576,54275049996,4640635965571,1783476383459345603
1,1608,54279422772,4640636364969,1783476383459745001
0,1558,54310481388,4640667385392,1783476383490765392
2,1594,54310822836,4640667705652,1783476383491085652
3,1577,54311039964,4640667958680,1783476383491338680
1,1609,54311410900,4640668351166,1783476383491731262
0,1559,54342460964,4640703359615,1783476383526739615
2,1595,54342852708,4640703702212,1783476383527082212
3,1578,54343082996,4640703934535,1783476383527314535
1,1610,54343425868,4640704329517,1783476383527709549
0,1560,54378494484,4640735444053,1783476383558824053
2,1596,54378822772,4640735741209,1783476383559121209
3,1579,54379070932,4640735978877,1783476383559358877
1,1611,54379412804,4640736357826,1783476383559737858
0,1561,54410453580,4640767376009,1783476383590756041
2,1597,54410841996,4640767741166,1783476383591121198
3,1580,54411042644,4640772048909,1783476383595428909
1,1612,54411412644,4640772329809,1783476383595709809
0,1562,54442450068,4640803441465,1783476383626821465
2,1598,54442850900,4640803729213,1783476383627109245
3,1581,54443081900,4640803962849,1783476383627342913
1,1613,54443432516,4640804345254,1783476383627725286
0,1563,54478499580,4640835374285,1783476383658754285
2,1599,54478808868,4640835726962,1783476383659106994
3,1582,54479072028,4640835959382,1783476383659339446
1,1614,54479415964,4640836318267,1783476383659698299
0,1564,54510502420,4640867374370,1783476383690754370
2,1600,54510852772,4640867770248,1783476383691150280
1,1615,54511428028,4640868328272,1783476383691708272
3,1583,54511066260,4640872067495,1783476383695447495
0,1565,54542468164,4640903414066,1783476383726794098
2,1601,54542840772,4640903756695,1783476383727136759
3,1584,54543089996,4640903961818,1783476383727341850
1,1616,54543427644,4640904346048,1783476383727726048
0,1566,54578466644,4640935443623,1783476383758823623
2,1602,54578809868,4640935755180,1783476383759135212
3,1585,54579072836,4640935978575,1783476383759358607
1,1617,54579416836,4640936365141,1783476383759745141
0,1567,54610497484,4640967372347,1783476383790752347
1,1618,54611434900,4640968327337,1783476383791707337
2,1603,54610855708,4640971737211,1783476383795117243
3,1586,54611071964,4640972033919,1783476383795413919
0,1568,54642495260,4641003411723,1783476383826791787
2,1604,54646851868,4641003751344,1783476383827131344
3,1587,54643087932,4641003971507,1783476383827351539
1,1619,54643429612,4641004343673,1783476383827723673
0,1569,54678483324,4641035377343,1783476383858757343
2,1605,54678791580,4641035753541,1783476383859133573
3,1588,54679054740,4641035954728,1783476383859334728
1,1620,54679414772,4641036341198,1783476383859721230
0,1570,54710500548,4641067466262,1783476383890846294
1,1621,54711428388,4641068359811,1783476383891739811
2,1606,54710853708,4641071777749,1783476383895157781
3,1589,54711085452,4641072123706,1783476383895503706
0,1571,54742500772,4641103424772,1783476383926804804
2,1607,54746838644,4641103738729,1783476383927118761
3,1590,54743112964,4641103975596,1783476383927355692
1,1622,54743432676,4641104376402,1783476383927756402
0,1572,54778461548,4641135451066,1783476383958831098
2,1608,54778818932,4641135740990,1783476383959121054
3,1591,54779048124,4641135976129,1783476383959356161
1,1623,54779427028,4641136365895,1783476383959745927
0,1573,54810475548,4641171378024,1783476383994758024
2,1609,54810857868,4641171722765,1783476383995102765
3,1592,54811087836,4641171981393,1783476383995361393
1,1624,54811433964,4641172323286,1783476383995703318
0,1574,54846501260,4641203390717,1783476384026770717
2,1610,54846855900,4641203731298,1783476384027111330
3,1593,54843057868,4641203975301,1783476384027355365
1,1625,54847431964,4641204332138,1783476384027712138
0,1575,54878489292,4641235424337,1783476384058804369
2,1611,54878829516,4641235790967,1783476384059170999
1,1626,54879417772,4641236356863,1783476384059736863
3,1594,54879042580,4641240075093,1783476384063455093
0,1576,54910470484,4641271391936,1783476384094771968
2,1612,54910857836,4641271725668,1783476384095105668
3,1595,54911092964,4641271964712,1783476384095344712
1,1627,54911431836,4641272337741,1783476384095717741
0,1577,54946504356,4641303368147,1783476384126748147
2,1613,54946833644,4641303712088,1783476384127092088
3,1596,54947076156,4641303959420,1783476384127339452
1,1628,54947417772,4641304331458,1783476384127711458
0,1578,54978486324,4641335451337,1783476384158831337
2,1614,54978833092,4641335759405,1783476384159139437
1,1629,54979422708,4641336344278,1783476384159724278
3,1597,54979046036,4641340046956,1783476384163426956
0,1579,55010505196,4641371405015,1783476384194785047
2,1615,55010860484,4641371740060,1783476384195120060
3,1598,55011092836,4641371961119,1783476384195341151
1,1630,55011441835,4641372341573,1783476384195721605
0,1580,55046505484,4641403377547,1783476384226757579
2,1616,55046832932,4641403732336,1783476384227112336
3,1599,55047075804,4641403974867,1783476384227354963
1,1631,55047419060,4641404330905,1783476384227710905
0,1581,55078498252,4641435326078,1783476384258706014
2,1617,55078863836,4641435743364,1783476384259123364
1,1632,55079484188,4641436303852,1783476384259683788
3,1600,55079075772,4641440049155,1783476384263429187
0,1582,55110519548,4641471361357,1783476384294741389
2,1618,55110845932,4641471718547,1783476384295098547
3,1601,55111091868,4641471966806,1783476384295346870
1,1633,55111433804,4641472317179,1783476384295697179
0,1583,55146516580,4641503344097,1783476384326724225
2,1619,55146814708,4641503723207,1783476384327103239
3,1602,55147075836,4641503956874,1783476384327336906
1,1634,55147419740,4641504313712,1783476384327693744
0,1584,55178461740,4641535444983,1783476384358824983
2,1620,55178854740,4641535798652,1783476384359178652
1,1635,55179430740,4641536356228,1783476384359736228
3,1603,55179069036,4641539990106,1783476384363370074
0,1585,55210485452,4641571379397,1783476384394759397
2,1621,55214860028,4641571721002,1783476384395101098
3,1604,55211080996,4641571982254,1783476384395362254
1,1636,55211433028,4641572340147,1783476384395720147
0,1586,55246462228,4641603408025,1783476384426788025
2,1622,55246799900,4641603708190,1783476384427088222
3,1605,55247061868,4641603984034,1783476384427364066
1,1637,55247421964,4641604348071,1783476384427728103
0,1587,55278506516,4641635388109,1783476384458768141
1,1638,55279438644,4641636365404,1783476384459745404
2,1623,55278863580,4641639755085,1783476384463135085
3,1606,55279093676,4641640043346,1783476384463423410
0,1588,55310462132,4641671374140,1783476384494754172
2,1624,55314834740,4641671705569,1783476384495085569
3,1607,55311094868,4641671979301,1783476384495359301
1,1639,55311436900,4641672333322,1783476384495713322
0,1589,55346493420,4641703382416,1783476384526762416
2,1625,55346816932,4641703706869,1783476384527086869
3,1608,55347061868,4641703984409,1783476384527364441
1,1640,55347423868,4641704331550,1783476384527711582
0,1590,55378522196,4641735407525,1783476384558787525
1,1641,55379441676,4641736395923,1783476384559775923
2,1626,55378867388,4641739745860,1783476384563125892
3,1609,55379096772,4641740024200,1783476384563404200
0,1591,55414469420,4641771413748,1783476384594793748
2,1627,55414855836,4641771731672,1783476384595111672
3,1610,55411067964,4641771967132,1783476384595347164
1,1642,55415438156,4641772346337,1783476384595726337
0,1592,55446491228,4641803610091,1783476384626990123
2,1628,55446837356,4641803778925,1783476384627158957
1,1643,55447430804,4641804365462,1783476384627745494
3,1611,55447051940,4641808088716,1783476384631468748
0,1593,55478510260,4641839367350,1783476384662747382
2,1629,55478869868,4641839726747,1783476384663106811
3,1612,55479102060,4641839967455,1783476384663347487
1,1644,55479441996,4641840342084,1783476384663722084
0,1594,55514474644,4641871395915,1783476384694775947
2,1630,55514834835,4641871739824,1783476384695119824
3,1613,55515095932,4641871975187,1783476384695355187
1,1645,55515439964,4641872338424,1783476384695718424
0,1595,55546473196,4641903420895,1783476384726800895
1,1646,55547425804,4641904364397,1783476384727744397
2,1631,55546835836,4641907812063,1783476384731192063
3,1614,55547049548,4641908061603,1783476384731441603
1,1647,55579442516,4641936414498,1783476384759794498
0,1596,55578521868,4641939436686,1783476384762816718
2,1632,55578872836,4641939730674,1783476384763110706
3,1615,55579101772,4641939998806,1783476384763378838
0,1597,55614508676,4641971393922,1783476384794773954
2,1633,55614823708,4641971729991,1783476384795110055
3,1616,55615085516,4641971982186,1783476384795362186
1,1648,55615431092,4641972349104,1783476384795729104
0,1598,55646509868,4642003385110,1783476384826765142
2,1634,55646867804,4642003764795,1783476384827144795
1,1649,55647442092,4642004340676,1783476384827720676
3,1617,55647080972,4642008061434,1783476384831441434
0,1599,55678488292,4642039518502,1783476384862898502
2,1635,55678856484,4642039768618,1783476384863148618
3,1618,55679102516,4642039993997,1783476384863374029
1,1650,55679441804,4642040367699,1783476384863747731
0,1600,55714536228,4642071479642,1783476384894859674
2,1636,55714827228,4642071775006,1783476384895155038
3,1619,55715086708,4642071989826,1783476384895369858
1,1651,55715431900,4642072374567,1783476384895754567
0,1601,55746485972,4642103440654,1783476384926820654
2,1637,55746866900,4642103764243,1783476384927144243
1,1652,55747445612,4642104402812,1783476384927782812
3,1620,55747081324,4642108104850,1783476384931484882
0,1602,55778493356,4642139438364,1783476384962818364
2,1638,55782866676,4642139733889,1783476384963113889
3,1621,55779103028,4642140058758,1783476384963438758
1,1653,55779445836,4642140358730,1783476384963738730
0,1603,55814469804,4642171401680,1783476384994781712
2,1639,55814806028,4642171714709,1783476384995094709
3,1622,55815070932,4642171976409,1783476384995356409
1,1654,55815434060,4642172343038,1783476384995723038
1,1655,55847444932,4642204362514,1783476385027742546
0,1604,55846506932,4642207451999,1783476385030831999
2,1640,55846869804,4642207763972,1783476385031144004
3,1623,55847099484,4642208059112,1783476385031439304
0,1605,55878508036,4642239468883,1783476385062848883
2,1641,55882873676,4642239735671,1783476385063115671
3,1624,55879106196,4642240037403,1783476385063417403
1,1656,55879445900,4642240367680,1783476385063747680
0,1606,55914502356,4642271382789,1783476385094762789
2,1642,55914808964,4642271730794,1783476385095110826
3,1625,55915055644,4642271974830,1783476385095354830
1,1657,55915431772,4642272360916,1783476385095740916
0,1607,55946514228,4642303397177,1783476385126777209
1,1658,55947448772,4642304356455,1783476385127736455
2,1643,55946879772,4642307779961,1783476385131159961
3,1626,55947103772,4642308041117,1783476385131421149
0,1608,55982516292,4642339461352,1783476385162841352
2,1644,55982862996,4642339747884,1783476385163127884
3,1627,55979092028,4642339983344,1783476385163363344
1,1659,55983446836,4642340369685,1783476385163749685
0,1609,56014501972,4642371408987,1783476385194789019
2,1645,56014844996,4642371719967,1783476385195099967
3,1628,56015073356,4642372048772,1783476385195428772
1,1660,56015432708,4642372365577,1783476385195745609
0,1610,56046485804,4642407514602,1783476385230894634
2,1646,56046871484,4642407744142,1783476385231124174
3,1629,56047102932,4642407987345,1783476385231367345
1,1661,56047447900,4642408369335,1783476385231749335
0,1611,56082512996,4642439362396,1783476385262742396
2,1647,56082838708,4642439727265,1783476385263107297
3,1630,56083102708,4642439964644,1783476385263344644
1,1662,56083446900,4642440351146,1783476385263731146
0,1612,56114503772,4642471358415,1783476385294738415
2,1648,56114843644,4642471742997,1783476385295122997
1,1663,56115434708,4642472359390,1783476385295739390
3,1631,56115056580,4642476042612,1783476385299422612
0,1613,56146511484,4642507536544,1783476385330916544
2,1649,56146872708,4642507776931,1783476385331156931
3,1632,56147103964,4642508038535,1783476385331418567
1,1664,56147448676,4642508392076,1783476385331772076
0,1614,56182476092,4642539459282,1783476385362839346
2,1650,56182820836,4642539738806,1783476385363118806
3,1633,56183083964,4642540031131,1783476385363411131
1,1665,56183428836,4642540377696,1783476385363757760
0,1615,56214502804,4642571402917,1783476385394782949
2,1651,56214848676,4642571769738,1783476385395149770
1,1666,56215435932,4642572364691,1783476385395744691
3,1634,56215061580,4642576064201,1783476385399444201
0,1616,56246512644,4642607396211,1783476385430776211
2,1652,56246860580,4642607754360,1783476385431134360
3,1635,56247107900,4642607974619,1783476385431354651
1,1667,56247460996,4642608371425,1783476385431751489
0,1617,56282516868,4642639393062,1783476385462773094
2,1653,56282829484,4642639729963,1783476385463109995
3,1636,56283090804,4642639982991,1783476385463362991
1,1668,56283434868,4642640350132,1783476385463730164
0,1618,56314488644,4642671407962,1783476385494787962
2,1654,56314875964,4642671771264,1783476385495151296
1,1669,56315454932,4642672372072,1783476385495752072
3,1637,56315087932,4642676062462,1783476385499442462
0,1619,56346511868,4642707403624,1783476385530783656
2,1655,56350873900,4642707736205,1783476385531116237
3,1638,56347110676,4642708030673,1783476385531410705
1,1670,56347452964,4642708358518,1783476385531738550
0,1620,56382473644,4642739453372,1783476385562833404
2,1656,56382818060,4642739751681,1783476385563131681
3,1639,56383074452,4642740048837,1783476385563428901
1,1671,56383436900,4642740374986,1783476385563754986
0,1621,56414519516,4642771426224,1783476385594806448
1,1672,56415452964,4642772354237,1783476385595734237
2,1657,56414876612,4642775766287,1783476385599146287
3,1640,56415106772,4642776123444,1783476385599503444
0,1622,56446476644,4642807453630,1783476385630833630
2,1658,56450876708,4642807747618,1783476385631127618
3,1641,56447108324,4642808042631,1783476385631422631
1,1673,56447450836,4642808380204,1783476385631760204
0,1623,56482509803,4642839458866,1783476385662838898
2,1659,56482818836,4642839748214,1783476385663128246
3,1642,56483066356,4642840036154,1783476385663416154
1,1674,56483440964,4642840377215,1783476385663757215
1,1675,56515457124,4642872427827,1783476385695807827
0,1624,56514521740,4642875404063,1783476385698784095
2,1660,56514891900,4642875738372,1783476385699118372
3,1643,56515118612,4642876051592,1783476385699431592
0,1625,56550522932,4642907418259,1783476385730798259
2,1661,56550864708,4642907745496,1783476385731125528
3,1644,56547079484,4642908024572,1783476385731404572
1,1676,56551455092,4642908363393,1783476385731743393
0,1626,56582502580,4642939483239,1783476385762863591
2,1662,56582834996,4642939764395,1783476385763144395
3,1645,56583066132,4642940103440,1783476385763483440
1,1677,56583445900,4642940369588,1783476385763749588
0,1627,56614494836,4642975409044,1783476385798789108
2,1663,56614881452,4642975713337,1783476385799093337
3,1646,56615113516,4642975989917,1783476385799369949
1,1678,56615456028,4642976357282,1783476385799737282
0,1628,56650524708,4643007421160,1783476385830801160
2,1664,56650852996,4643007733837,1783476385831113837
3,1647,56651112388,4643007996752,1783476385831376752
1,1679,56651456804,4643008357078,1783476385831737142
0,1629,56682477004,4643039457372,1783476385862837404
2,1665,56682861516,4643039755520,1783476385863135552
1,1680,56683440420,4643040392618,1783476385863772618
3,1648,56683079484,4643044072127,1783476385867452127
0,1630,56714523972,4643075467882,1783476385898847914
2,1666,56714879772,4643075773391,1783476385899153615
3,1649,56715114772,4643075996402,1783476385899376402
1,1681,56715474804,4643076370839,1783476385899750839
0,1631,56750532292,4643107426941,1783476385930806973
2,1667,56750840515,4643107804323,1783476385931184355
3,1650,56751101836,4643108039334,1783476385931419334
1,1682,56751445028,4643108382475,1783476385931762507
0,1632,56782481420,4643139438449,1783476385962818481
2,1668,56782852708,4643139819894,1783476385963199894
1,1683,56783443612,4643140381823,1783476385963761855
3,1651,56783067196,4643144063765,1783476385967443765
0,1633,56814518580,4643175388382,1783476385998768382
2,1669,56814870772,4643175731715,1783476385999111715
3,1652,56815117900,4643175975975,1783476385999356007
1,1684,56815459836,4643176355788,1783476385999735788
0,1634,56850500676,4643207520467,1783476386030900499
2,1670,56850842964,4643207778391,1783476386031158423
3,1653,56851088092,4643208020826,1783476386031400826
1,1685,56851443772,4643208377696,1783476386031757728
0,1635,56882494388,4643239455269,1783476386062835301
2,1671,56882883772,4643239845355,1783476386063225355
1,1686,56883458612,4643240381971,1783476386063761971
3,1654,56883100388,4643244076041,1783476386067456041
0,1636,56914496644,4643275387537,1783476386098767537
2,1672,56918867996,4643275732406,1783476386099112438
3,1655,56915122964,4643275996506,1783476386099376538
1,1687,56915462452,4643276351040,1783476386099731104
0,1637,56950509804,4643307437413,1783476386130817413
2,1673,56950822804,4643307781002,1783476386131161034
3,1656,56951082740,4643308111375,1783476386131491439
1,1688,56951442932,4643308374771,1783476386131754867
0,1638,56982495388,4643339472441,1783476386162852505
1,1689,56983457612,4643340432647,1783476386163812647
2,1674,56982906484,4643343806744,1783476386167186744
3,1657,56983115708,4643344082748,1783476386167462780
0,1639,57014496196,4643375475174,1783476386198855174
2,1675,57018895708,4643375773130,1783476386199153162
3,1658,57015120804,4643376093487,1783476386199473487
1,1690,57015459092,4643376387475,1783476386199767475
0,1640,57050493708,4643407477465,1783476386230857465
2,1676,57050839612,4643407788797,1783476386231168829
3,1659,57051073708,4643408100130,1783476386231480322
1,1691,57051444932,4643408382566,1783476386231762566
0,1641,57082527548,4643439401547,1783476386262781547
1,1692,57083460644,4643440376825,1783476386263756825
2,1677,57082883964,4643443748010,1783476386267128042
3,1660,57083115676,4643444024942,1783476386267404974
0,1642,57118468644,4643475425912,1783476386298805944
2,1678,57118862932,4643475752893,1783476386299132893
3,1661,57115087548,4643475988737,1783476386299368769
1,1693,57119459996,4643476486920,1783476386299866952
0,1643,57150520356,4643507438667,1783476386330818667
2,1679,57150840868,4643507819793,1783476386331199793
3,1662,57151074028,4643508053716,1783476386331433716
1,1694,57151445060,4643508384281,1783476386331764313
0,1644,57182536868,4643543429145,1783476386366809145
2,1680,57182891740,4643543772222,1783476386367152222
3,1663,57183123932,4643544057570,1783476386367437570
1,1695,57183447932,4643544361446,1783476386367741446
0,1645,57218532612,4643575413387,1783476386398793387
2,1681,57218862580,4643575747536,1783476386399127536
3,1664,57215120996,4643575993556,1783476386399373588
1,1696,57219465964,4643576355993,1783476386399736025
0,1646,57250520548,4643607408446,1783476386430788478
2,1682,57250866579,4643607782308,1783476386431162308
1,1697,57251450060,4643608382668,1783476386431762668
3,1665,57251075804,4643612081250,1783476386435461282
0,1647,57282498644,4643643408043,1783476386466788107
2,1683,57282888548,4643643742576,1783476386467122576
3,1666,57283119964,4643643988052,1783476386467368052
1,1698,57283463028,4643644358169,1783476386467738201
0,1648,57318536708,4643675415455,1783476386498795455
2,1684,57318847612,4643675758628,1783476386499138628
3,1667,57319108964,4643675983079,1783476386499363111
1,1699,57319449964,4643676360652,1783476386499740716
0,1649,57350489420,4643707413297,1783476386530793329
2,1685,57350859996,4643707752950,1783476386531132982
1,1700,57351450804,4643708393696,1783476386531773728
3,1668,57351074060,4643712121942,1783476386535501942
0,1650,57382490964,4643743428159,1783476386566808191
2,1686,57382874028,4643743751908,1783476386567131908
3,1669,57383120772,4643744022024,1783476386567402216
1,1701,57383463964,4643744380141,1783476386567760141
0,1651,57418505420,4643775450898,1783476386598830898
2,1687,57418844612,4643775748183,1783476386599128215
3,1670,57419104900,4643776162205,1783476386599542237
1,1702,57419449932,4643776400032,1783476386599780064
0,1652,57450547484,4643807443717,1783476386630823749
2,1688,57450893900,4643807801578,1783476386631181610
1,1703,57451451092,4643808413715,1783476386631793715
3,1671,57451103516,4643812089289,1783476386635469289
0,1653,57482540292,4643843409234,1783476386666789266
2,1689,57486889964,4643843756791,1783476386667136823
3,1672,57483128900,4643843985466,1783476386667365498
1,1704,57483472900,4643844360096,1783476386667740096
0,1654,57518524676,4643875422693,1783476386698802693
2,1690,57518838708,4643875755562,1783476386699135562
3,1673,57519093644,4643875997101,1783476386699377133
1,1705,57519449868,4643876367731,1783476386699747763
1,1706,57551466580,4643908418310,1783476386731798310
0,1655,57550505028,4643911409778,1783476386734789778
2,1691,57550892964,4643911782808,1783476386735162808
3,1674,57551123964,4643912118844,1783476386735498876
0,1656,57582500100,4643943491014,1783476386766871046
2,1692,57586892836,4643943785482,1783476386767165482
3,1675,57583124964,4643944056334,1783476386767436334
1,1707,57583465996,4643944396979,1783476386767776979
0,1657,57618491292,4643975416376,1783476386798796408
2,1693,57618830060,4643975777469,1783476386799157533
3,1676,57619093932,4643976020001,1783476386799400001
1,1708,57619453092,4643976365926,1783476386799745926
0,1658,57650506612,4644007442539,1783476386830822539
1,1709,57651467356,4644008441434,1783476386831821434
2,1694,57650893284,4644011761578,1783476386835141610
3,1677,57651123676,4644012063375,1783476386835443375
0,1659,57686540132,4644043452857,1783476386866832857
2,1695,57686879996,4644043756445,1783476386867136477
3,1678,57683111612,4644044040961,1783476386867420961
1,1710,57687469060,4644044380070,1783476386867760070
0,1660,57718495940,4644075494060,1783476386898874092
2,1696,57718859324,4644075774032,1783476386899154064
3,1679,57719094708,4644076100757,1783476386899480757
1,1711,57719454868,4644076393369,1783476386899773369
0,1661,57750541028,4644111515514,1783476386934895546
2,1697,57750920868,4644111778334,1783476386935158366
3,1680,57751126644,4644112076098,1783476386935456098
1,1712,57751467804,4644112460808,1783476386935840840
0,1662,57786509292,4644143446796,1783476386966826796
2,1698,57786874580,4644143775857,1783476386967155857
3,1681,57783100644,4644143997876,1783476386967377876
1,1713,57787475804,4644144393210,1783476386967773210
0,1663,57818512484,4644175430687,1783476386998810719
2,1699,57818865516,4644175790308,1783476386999170308
1,1714,57819455900,4644176381964,1783476386999761964
3,1682,57819080452,4644180068002,1783476387003448066
0,1664,57850560708,4644211452588,1783476387034832780
2,1700,57850897900,4644211783888,1783476387035163920
3,1683,57851128028,4644212051284,1783476387035431380
1,1715,57851481964,4644212400185,1783476387035780249
0,1665,57886553844,4644243456894,1783476387066836926
2,1701,57886851452,4644243792163,1783476387067172195
3,1684,57887110548,4644244041062,1783476387067421062
1,1716,57887454900,4644244397484,1783476387067777484
0,1666,57918493356,4644275451792,1783476387098831792
2,1702,57918852356,4644279831504,1783476387103211504
3,1685,57919089740,4644280077268,1783476387103457268
1,1717,57919455836,4644280389816,1783476387103769880
0,1667,57950495708,4644311490109,1783476387134870141
2,1703,57950899708,4644311794818,1783476387135174818
3,1686,57951127964,4644312048741,1783476387135428741
1,1718,57951480644,4644312386058,1783476387135766090
0,1668,57986552548,4644343499696,1783476387166879728
2,1704,57986856804,4644343790836,1783476387167170868
3,1687,57987120836,4644344050200,1783476387167430200
1,1719,57987456900,4644344405149,1783476387167785149
0,1669,58018579580,4644375389472,1783476387198769504
1,1720,58019476740,4644376389071,1783476387199769103
2,1705,58018906644,4644379766944,1783476387203146944
3,1688,58019117900,4644380063396,1783476387203443396
0,1670,58050536932,4644411472174,1783476387234852206
2,1706,58054901932,4644411756178,1783476387235136210
3,1689,58051130836,4644412033270,1783476387235413302
1,1721,58051473964,4644412396732,1783476387235776732
0,1671,58086556900,4644443409120,1783476387266789152
2,1707,58086841964,4644443742500,1783476387267122500
3,1690,58087114996,4644444024361,1783476387267404393
1,1722,58087457028,4644444395886,1783476387267775886
0,1672,58118540484,4644475461875,1783476387298841907
1,1723,58119472188,4644476386656,1783476387299766688
2,1708,58118899932,4644479779538,1783476387303159538
3,1691,58119129932,4644480065590,1783476387303445590
0,1673,58150499516,4644511477855,1783476387334857887
2,1709,58154900612,4644511785124,1783476387335165156
3,1692,58151138676,4644512064040,1783476387335444040
1,1724,58151474836,4644512385581,1783476387335765613
0,1674,58186529804,4644543421649,1783476387366801649
2,1710,58186844028,4644543755990,1783476387367135990
3,1693,58187101964,4644544054042,1783476387367434042
1,1725,58187458996,4644544415327,1783476387367795391
1,1726,58219475420,4644576410674,1783476387399790706
0,1675,58218516644,4644579431838,1783476387402811838
2,1711,58218902868,4644579772803,1783476387403152803
3,1694,58219130996,4644580092839,1783476387403472839
0,1676,58250544804,4644611487313,1783476387434867313
2,1712,58254870932,4644611780309,1783476387435160309
3,1695,58251134900,4644612023321,1783476387435403481
1,1727,58251488964,4644612399486,1783476387435779582
0,1677,58286532548,4644643423170,1783476387466803202
2,1713,58286856964,4644643757287,1783476387467137319
3,1696,58287086996,4644643993290,1783476387467373290
1,1728,58287460932,4644644379344,1783476387467759344
0,1678,58318548996,4644679410831,1783476387502790831
2,1714,58318908612,4644679750483,1783476387503130483
3,1697,58319133836,4644680042744,1783476387503422808
1,1729,58319476836,4644680387293,1783476387503767325
0,1679,58354542836,4644711490050,1783476387534870050
2,1715,58354872548,4644711784806,1783476387535164838
3,1698,58351102996,4644712057706,1783476387535437706
1,1730,58355477836,4644712407887,1783476387535787887
0,1680,58386505516,4644743446740,1783476387566826740
2,1716,58386871740,4644743773176,1783476387567153208
1,1731,58387462772,4644744405762,1783476387567785762
3,1699,58387086516,4644748106520,1783476387571486520
0,1681,58418548740,4644779470177,1783476387602850209
2,1717,58418907708,4644779797605,1783476387603177637
3,1700,58419138868,4644780072937,1783476387603452937
1,1732,58419482516,4644780409358,1783476387603789358
0,1682,58454537876,4644811556596,1783476387634936596
2,1718,58454856580,4644811811320,1783476387635191320
3,1701,58455118900,4644812078876,1783476387635458908
1,1733,58455462612,4644812405856,1783476387635785856
0,1683,58486529644,4644843439045,1783476387666819077
1,1734,58487464644,4644844381970,1783476387667761970
2,1719,58486874708,4644847818948,1783476387671198949
3,1702,58487110900,4644848077672,1783476387671457704
0,1684,58518501740,4644879409073,1783476387702789137
2,1720,58518903868,4644879742550,1783476387703122486
3,1703,58519136252,4644879991417,1783476387703371417
1,1735,58519479028,4644880395007,1783476387703775039
0,1685,58554508644,4644911525253,1783476387734905285
2,1721,58554854612,4644911807081,1783476387735187113
3,1704,58555117932,4644912069869,1783476387735449901
1,1736,58555462964,4644912401682,1783476387735781746
0,1686,58586543324,4644943456534,1783476387766836566
1,1737,58587490804,4644944413572,1783476387767793572
2,1722,58586904484,4644947845654,1783476387771225654
3,1705,58587123060,4644948096346,1783476387771476346
0,1687,58618518516,4644979442658,1783476387802822690
2,1723,58618922740,4644979776135,1783476387803156135
3,1706,58619152836,4644980025355,1783476387803405355
1,1738,58619488092,4644980370064,1783476387803750064
0,1688,58654501164,4645011533398,1783476387834913398
2,1724,58654843772,4645011811834,1783476387835191834
3,1707,58655104964,4645012075710,1783476387835455710
1,1739,58655465932,4645012414499,1783476387835794531
0,1689,58686522772,4645043492648,1783476387866872648
1,1740,58687482580,4645044431381,1783476387867811445
2,1725,58686906580,4645047854311,1783476387871234311
3,1708,58687138708,4645048110283,1783476387871490283
0,1690,58718557068,4645079484308,1783476387902864308
2,1726,58722909196,4645079820665,1783476387903200697
3,1709,58719146644,4645080067197,1783476387903447197
1,1741,58719486740,4645080409570,1783476387903789602
0,1691,58754527388,4645111551560,1783476387934931560
2,1727,58754846644,4645111832588,1783476387935212588
3,1710,58755123964,4645112144368,1783476387935524368
1,1742,58755485964,4645112414740,1783476387935794740
0,1692,58786524356,4645143462905,1783476387966842937
1,1743,58787486708,4645144433287,1783476387967813287
2,1728,58786908292,4645147832504,1783476387971212536
3,1711,58787123420,4645148159357,1783476387971539389
0,1693,58818555260,4645179491142,1783476388002871142
2,1729,58822898612,4645179799594,1783476388003179626
3,1712,58819175836,4645180055662,1783476388003435694
1,1744,58819497900,4645180438675,1783476388003818707
0,1694,58854537548,4645211482935,1783476388034862935
2,1730,58854870124,4645211782491,1783476388035162523
3,1713,58855112964,4645212086880,1783476388035466880
1,1745,58855476868,4645212434277,1783476388035814277
0,1695,58886553964,4645247413250,1783476388070793250
2,1731,58886915188,4645247754791,1783476388071134791
3,1714,58887126900,4645248080172,1783476388071460172
1,1746,58887484964,4645248401264,1783476388071781296
0,1696,58922552324,4645279517109,1783476388102897141
2,1732,58922897644,4645279810137,1783476388103190137
3,1715,58919124772,4645280055261,1783476388103435261
1,1747,58923484804,4645280441891,1783476388103821923
0,1697,58954511036,4645311547399,1783476388134927399
2,1733,58954884516,4645311829291,1783476388135209323
1,1748,58955476900,4645312425268,1783476388135805300
3,1716,58955134516,4645316100969,1783476388139480969
0,1698,58986549420,4645347468786,1783476388170848818
2,1734,58986927932,4645347782966,1783476388171162966
3,1717,58987142900,4645348049626,1783476388171429690
1,1749,58987495836,4645348421568,1783476388171801568
0,1699,59022544292,4645379469988,1783476388202849988
2,1735,59022861964,4645379765704,1783476388203145736
3,1718,59023125964,4645379999947,1783476388203379979
1,1750,59023469932,4645380398705,1783476388203778737
0,1700,59054538740,4645411481429,1783476388234861429
2,1736,59054880900,4645411805914,1783476388235185914
1,1751,59055471996,4645412462116,1783476388235842148
3,1719,59055107644,4645416079640,1783476388239459640
1,1752,59087483676,4645444451765,1783476388267831797
0,1701,59086540124,4645447426912,1783476388270806912
2,1737,59086909964,4645447766725,1783476388271146725
3,1720,59087142028,4645448044841,1783476388271424841
0,1702,59122523804,4645479438482,1783476388302818834
2,1738,59122866836,4645479769431,1783476388303149463
3,1721,59123127900,4645480040059,1783476388303420091
1,1753,59123471772,4645480396992,1783476388303777056
0,1703,59154524484,4645511473732,1783476388334853732
2,1739,59154912188,4645511816905,1783476388335196937
1,1754,59155489932,4645512397874,1783476388335777906
3,1722,59155109420,4645516108616,1783476388339488616
0,1704,59186523900,4645547438832,1783476388370818832
2,1740,59186920580,4645547797109,1783476388371177109
3,1723,59187148964,4645548030776,1783476388371410808
1,1755,59187489964,4645548395134,1783476388371775166
0,1705,59222522932,4645579437409,1783476388402817409
2,1741,59222880772,4645579773958,1783476388403154022
3,1724,59223127548,4645580062539,1783476388403442539
1,1756,59223487964,4645580402832,1783476388403782864
0,1706,59254522612,4645611464948,1783476388434844980
1,1757,59255487932,4645612400609,1783476388435780673
2,1742,59254913900,4645615809811,1783476388439189843
3,1725,59255110836,4645616101047,1783476388439481079
0,1707,59286512676,4645647431551,1783476388470811551
2,1743,59290912900,4645647771108,1783476388471151108
3,1726,59287144964,4645648057704,1783476388471437768
1,1758,59287488060,4645648383117,1783476388471763117
0,1708,59322547100,4645679528530,1783476388502908562
2,1744,59322863260,4645679813942,1783476388503193942
3,1727,59323129740,4645680068218,1783476388503448250
1,1759,59323474932,4645680421663,1783476388503801695
0,1709,59354561676,4645711506915,1783476388534886915
1,1760,59355490900,4645712415313,1783476388535795313
2,1745,59354917548,4645715855011,1783476388539235043
3,1728,59355131452,4645716134183,1783476388539514183
0,1710,59386559516,4645747504591,1783476388570884655
2,1746,59390902676,4645747788531,1783476388571168595
3,1729,59387152804,4645748105624,1783476388571485624
1,1761,59387495028,4645748409212,1783476388571789276
0,1711,59422511772,4645779451488,1783476388602831488
2,1747,59422867708,4645779782853,1783476388603162917
3,1730,59423116028,4645780051913,1783476388603431913
1,1762,59423474676,4645780404558,1783476388603784590
0,1712,59454530868,4645811495314,1783476388634875346
1,1763,59455492028,4645812415744,1783476388635795744
2,1748,59454917260,4645815828529,1783476388639208561
3,1731,59455148612,4645816090197,1783476388639470229
0,1713,59490520356,4645847437565,1783476388670817565
2,1749,59490899292,4645847799779,1783476388671179779
3,1732,59487143060,4645848046822,1783476388671426822
1,1764,59491493059,4645848415276,1783476388671795308
0,1714,59522519964,4645879463759,1783476388702843791
2,1750,59522886420,4645879814421,1783476388703194453
1,1765,59523479028,4645880403869,1783476388703783869
3,1733,59523119868,4645884074835,1783476388707454867
0,1715,59554530836,4645915444251,1783476388738824443
2,1751,59554918260,4645915783712,1783476388739163744
3,1734,59555134900,4645916053764,1783476388739433764
1,1766,59555492900,4645916397577,1783476388739777609
0,1716,59590563228,4645947460269,1783476388770840269
2,1752,59590893740,4645947812146,1783476388771192178
3,1735,59591151836,4645948069046,1783476388771449110
1,1767,59591490868,4645948408891,1783476388771788891
0,1717,59622516124,4645979462783,1783476388802842815
2,1753,59622888612,4645979829124,1783476388803209124
3,1736,59623119612,4645984091106,1783476388807471106
1,1768,59623483060,4645984391942,1783476388807771942
0,1718,59654555388,4646015471563,1783476388838851563
2,1754,59654921484,4646015815760,1783476388839195792
3,1737,59655152548,4646016074547,1783476388839454547
1,1769,59655500740,4646016589563,1783476388839969563
0,1719,59690532644,4646047441532,1783476388870821564
2,1755,59690872836,4646047813569,1783476388871193569
3,1738,59691133740,4646048026084,1783476388871406084
1,1770,59691481028,4646048402794,1783476388871782794
0,1720,59722561908,4646079539087,1783476388902919151
1,1771,59723495867,4646081244168,1783476388904624200
2,1756,59722925292,4646083861678,1783476388907241710
3,1739,59723119612,4646084149170,1783476388907529170
0,1721,59754562004,4646115476410,1783476388938856410
2,1757,59754910516,4646115813503,1783476388939193503
3,1740,59755168644,4646116086147,1783476388939466179
1,1772,59755497060,4646116408135,1783476388939788167
0,1722,59790564356,4646147431563,1783476388970811627
2,1758,59790876708,4646147784080,1783476388971164112
3,1741,59791139932,4646148093428,1783476388971473620
1,1773,59791483996,4646148423897,1783476388971803961
0,1723,59822568356,4646179509982,1783476389002890014
2,1759,59822924740,4646179815714,1783476389003195746
1,1774,59823497964,4646180403307,1783476389003783307
3,1742,59823121676,4646184096128,1783476389007476192
0,1724,59854534484,4646215521193,1783476389038901193
2,1760,59858939996,4646215806573,1783476389039186637
3,1743,59855168772,4646216126482,1783476389039506482
1,1775,59855497964,4646216407766,1783476389039787830
0,1725,59890556292,4646247504506,1783476389070884506
2,1761,59890862484,4646247804318,1783476389071184318
3,1744,59891144228,4646248158147,1783476389071538147
1,1776,59891490060,4646248420807,1783476389071800807
0,1726,59922569931,4646279495723,1783476389102875723
1,1777,59923499612,4646280405464,1783476389103785560
2,1762,59922927516,4646283814441,1783476389107194473
3,1745,59923139740,4646284083821,1783476389107463885
0,1727,59954578900,4646315445557,1783476389138825557
2,1763,59958919772,4646315792122,1783476389139172122
3,1746,59955165092,4646316072158,1783476389139452158
1,1778,59955497964,4646316416547,1783476389139796579
0,1728,59990551644,4646347451814,1783476389170831814
2,1764,59990874836,4646347780427,1783476389171160427
3,1747,59991122868,4646348037391,1783476389171417391
1,1779,59991483772,4646348404852,1783476389171784916
0,1729,60022564708,4646379489784,1783476389202869784
1,1780,60023496804,4646380419493,1783476389203799525
2,1765,60022924516,4646383817719,1783476389207197751
3,1748,60023169484,4646384085882,1783476389207465947
0,1730,60058529676,4646415466499,1783476389238846499
2,1766,60058906772,4646415792583,1783476389239172615
3,1749,60055145964,4646416067275,1783476389239447339
1,1781,60059497836,4646416424176,1783476389239804208
0,1731,60090558324,4646447470740,1783476389270850740
2,1767,60090914740,4646447786232,1783476389271166232
3,1750,60091128580,4646448035164,1783476389271415164
1,1782,60091503612,4646448409025,1783476389271789025
0,1732,60122568388,4646483435646,1783476389306815678
2,1768,60122942612,4646483789571,1783476389307169603
3,1751,60123138836,4646484055943,1783476389307435943
1,1783,60123500996,4646484403180,1783476389307783244
0,1733,60158537420,4646515458448,1783476389338838448
2,1769,60158892932,4646515793300,1783476389339173300
3,1752,60159171028,4646516069048,1783476389339449048
1,1784,60159499900,4646516406109,1783476389339786109
0,1734,60190533772,4646547446592,1783476389370826592
2,1770,60190893420,4646547817478,1783476389371197478
1,1785,60191484996,4646548416879,1783476389371796943
3,1753,60191124228,4646552107076,1783476389375487076
0,1735,60222566868,4646583434763,1783476389406814827
2,1771,60222927676,4646583782608,1783476389407162640
3,1754,60223171964,4646584043796,1783476389407423828
1,1786,60223501964,4646584402874,1783476389407782874
0,1736,60258538772,4646615461981,1783476389438841981
2,1772,60258878420,4646615796802,1783476389439176866
3,1755,60259141964,4646616056165,1783476389439436229
1,1787,60259488028,4646616413483,1783476389439793515
0,1737,60290569932,4646647451246,1783476389470831278
2,1773,60290925580,4646647797875,1783476389471177875
3,1756,60291122996,4646648027030,1783476389471407030
1,1788,60291503771,4646648405436,1783476389471785436
0,1738,60322538836,4646683468441,1783476389506848505
2,1774,60322913740,4646683792862,1783476389507172862
3,1757,60323173900,4646684065186,1783476389507445218
1,1789,60323502932,4646684399751,1783476389507779783
0,1739,60358577932,4646715464330,1783476389538844362
2,1775,60358883324,4646715799663,1783476389539179695
3,1758,60359142900,4646716070195,1783476389539450259
1,1790,60359486996,4646716415384,1783476389539795416
0,1740,60390574580,4646747463355,1783476389570843355
2,1776,60390930356,4646747814080,1783476389571194080
1,1791,60391503964,4646748393545,1783476389571773577
3,1759,60391125228,4646752144127,1783476389575524159
0,1741,60422568580,4646783455078,1783476389606835078
2,1777,60426925516,4646783797547,1783476389607177579
3,1760,60423173996,4646784062735,1783476389607442799
1,1792,60423502028,4646784419156,1783476389607799156
0,1742,60458561356,4646815506872,1783476389638886872
2,1778,60458872996,4646815805788,1783476389639185820
3,1761,60459147804,4646816085248,1783476389639465248
1,1793,60459491612,4646816424997,1783476389639805029
0,1743,60490541580,4646847462568,1783476389670842600
1,1794,60491505484,4646848408406,1783476389671788406
2,1779,60490928420,4646851825000,1783476389675205000
3,1762,60491144772,4646852109548,1783476389675489548
0,1744,60522530932,4646883463411,1783476389706843411
2,1780,60526930548,4646883790584,1783476389707170616
3,1763,60523169060,4646884059004,1783476389707439036
1,1795,60523505092,4646884401697,1783476389707781729
0,1745,60558558548,4646915469733,1783476389738849733
2,1781,60558867548,4646915803753,1783476389739183849
3,1764,60559129028,4646916050669,1783476389739430669
1,1796,60559489964,4646916409842,1783476389739789906
0,1746,60590533292,4646947517142,1783476389770897174
1,1797,60591506772,4646948450500,1783476389771830500
2,1782,60590929995,4646951811381,1783476389775191381
3,1765,60591174292,4646952111257,1783476389775491257
0,1747,60626540836,4646983475073,1783476389806855073
2,1783,60626918548,4646983814918,1783476389807194918
3,1766,60623149964,4646984064169,1783476389807444201
1,1798,60627506644,4646984416878,1783476389807796910
0,1748,60658531708,4647015508850,1783476389838888850
2,1784,60658903548,4647015820599,1783476389839200599
3,1767,60659132772,4647016079227,1783476389839459227
1,1799,60659493740,4647016430816,1783476389839810816
0,1749,60690551708,4647051499485,1783476389874879517
2,1785,60690938195,4647051799970,1783476389875179970
3,1768,60691149804,4647052092294,1783476389875472294
1,1800,60691514060,4647052417291,1783476389875797291
0,1750,60726548228,4647083535215,1783476389906915215
2,1786,60726904772,4647083833075,1783476389907213107
3,1769,60727179964,4647084080887,1783476389907460887
1,1801,60727511124,4647084428444,1783476389907808444
0,1751,60758535260,4647115515456,1783476389938895456
2,1787,60758902516,4647115837444,1783476389939217476
1,1802,60759495932,4647116437325,1783476389939817325
3,1770,60759142228,4647120148451,1783476389943528483
0,1752,60790578708,4647151474442,1783476389974854442
2,1788,60790935324,4647151798031,1783476389975178063
3,1771,60791179996,4647152083891,1783476389975463923
1,1803,60791507932,4647152396760,1783476389975776824
0,1753,60826574676,4647183489179,1783476390006869179
2,1789,60826909548,4647183799872,1783476390007179904
3,1772,60827149900,4647184049571,1783476390007429571
1,1804,60827495963,4647184401673,1783476390007781673
0,1754,60858535612,4647215555949,1783476390038935949
2,1790,60858902644,4647215854065,1783476390039234065
1,1805,60859495028,4647216422713,1783476390039802745
3,1773,60859123260,4647220148879,1783476390043528911
0,1755,60890576388,4647251480374,1783476390074860406
2,1791,60890928580,4647251804571,1783476390075184603
3,1774,60891181676,4647252139232,1783476390075519264
1,1806,60891513772,4647252407587,1783476390075787587
0,1756,60926544516,4647283489063,1783476390106869063
2,1792,60926905612,4647283818251,1783476390107198283
3,1775,60927150836,4647284109072,1783476390107489104
1,1807,60927493868,4647284426964,1783476390107806964
0,1757,60958548124,4647315424374,1783476390138804374
2,1793,60958940612,4647315830748,1783476390139210812
1,1808,60959510060,4647316415428,1783476390139795524
3,1776,60959134772,4647320103226,1783476390143483258
0,1758,60990565228,4647351476417,1783476390174856449
2,1794,60994931484,4647351785414,1783476390175165414
3,1777,60991177932,4647352095978,1783476390175475978
1,1809,60991509868,4647352409615,1783476390175789647
0,1759,61026530580,4647383472210,1783476390206852210
2,1795,61026870260,4647383795254,1783476390207175254
3,1778,61027148996,4647384099963,1783476390207479963
1,1810,61027496060,4647384433919,1783476390207813951
0,1760,61058580932,4647415507810,1783476390238887842
1,1811,61059512516,4647416438832,1783476390239818864
2,1796,61058948420,4647419850081,1783476390243230145
3,1779,61059152124,4647420150406,1783476390243530406
0,1761,61090577388,4647451482220,1783476390274862252
2,1797,61094958580,4647451790417,1783476390275170417
3,1780,61091182836,4647452078485,1783476390275458549
1,1812,61091514156,4647452422650,1783476390275802650
0,1762,61126536516,4647483482493,1783476390306862525
2,1798,61126874836,4647483796033,1783476390307176033
3,1781,61127136868,4647484071973,1783476390307452037
1,1813,61127497996,4647484409290,1783476390307789322
0,1763,61158584324,4647515505614,1783476390338885614
1,1814,61159512932,4647516446619,1783476390339826619
2,1799,61158931772,4647519842477,1783476390343222509
3,1782,61159184452,4647520102960,1783476390343483120
0,1764,61194577612,4647551457911,1783476390374837911
2,1800,61194922772,4647551788668,1783476390375168700
3,1783,61191176060,4647552066496,1783476390375446528
1,1815,61195513964,4647552557223,1783476390375937223
0,1765,61226610676,4647583458152,1783476390406838184
2,1801,61226892516,4647583799501,1783476390407179501
3,1784,61227138028,4647584059536,1783476390407439568
1,1816,61227499092,4647584408502,1783476390407788502
0,1766,61258584804,4647619448818,1783476390442828850
2,1802,61258944932,4647619795895,1783476390443175895
3,1785,61259171932,4647620125532,1783476390443505564
1,1817,61259518420,4647620421760,1783476390443801952
0,1767,61294581643,4647651464035,1783476390474844067
2,1803,61294908996,4647651794279,1783476390475174343
3,1786,61291163932,4647652056107,1783476390475436107
1,1818,61295512580,4647652413808,1783476390475793808
0,1768,61326563964,4647683470099,1783476390506850099
2,1804,61326910092,4647683803544,1783476390507183576
1,1819,61327499612,4647684419361,1783476390507799361
3,1787,61327137388,4647688122103,1783476390511502103
0,1769,61358580868,4647719462077,1783476390542842077
2,1805,61358945028,4647719788354,1783476390543168354
3,1788,61359181772,4647720086406,1783476390543466438
1,1820,61359513484,4647720427787,1783476390543807819
0,1770,61394581836,4647751467022,1783476390574847054
2,1806,61394896868,4647751811635,1783476390575191635
3,1789,61395173676,4647752105879,1783476390575485911
1,1821,61395501676,4647752432284,1783476390575812284
0,1771,61426564740,4647783485919,1783476390606865919
1,1822,61427501676,4647784422796,1783476390607802796
2,1807,61426910548,4647787861790,1783476390611241790
3,1790,61427125740,4647788089377,1783476390611469409
0,1772,61458603908,4647819516105,1783476390642896137
2,1808,61458932868,4647819810350,1783476390643190382
3,1791,61459167836,4647820093170,1783476390643473170
1,1823,61459517900,4647820422999,1783476390643803031
0,1773,61494590772,4647851479257,1783476390674859289
2,1809,61494903548,4647851818238,1783476390675198270
3,1792,61495180900,4647852071522,1783476390675451522
1,1824,61495509932,4647852430215,1783476390675810215
0,1774,61526586388,4647883490090,1783476390706870090
1,1825,61527522516,4647884428759,1783476390707808791
2,1810,61526948388,4647887853865,1783476390711233865
3,1793,61527143996,4647888143085,1783476390711523085
0,1775,61558557452,4647919474548,1783476390742854580
2,1811,61562965676,4647919821657,1783476390743201849
3,1794,61559187028,4647920132030,1783476390743512062
1,1826,61559534932,4647920442466,1783476390743822466
0,1776,61594568708,4647951575686,1783476390774955718
2,1812,61594887612,4647952091501,1783476390775471533
3,1795,61595176708,4647952129742,1783476390775509774
1,1827,61595506060,4647952463379,1783476390775843411
0,1777,61626564484,4647983474965,1783476390806854965
1,1828,61627527644,4647984426563,1783476390807806563
2,1813,61626951676,4647987838548,1783476390811218580
3,1796,61627178740,4647988113752,1783476390811493752
0,1778,61658557580,4648019471775,1783476390842851967
2,1814,61662942900,4648019806116,1783476390843186180
3,1797,61659191028,4648020068456,1783476390843448456
1,1829,61659525028,4648020428205,1783476390843808237
0,1779,61694581484,4648051517776,1783476390874897776
2,1815,61694886516,4648051823573,1783476390875203573
3,1798,61695148612,4648052100121,1783476390875480121
1,1830,61695507836,4648052466718,1783476390875846718
0,1780,61726566612,4648083601666,1783476390906981666
1,1831,61727538804,4648084488783,1783476390907868783
2,1816,61726978036,4648087844575,1783476390911224607
3,1799,61727181484,4648088237925,1783476390911617925
0,1781,61762567964,4648119514507,1783476390942894539
2,1817,61762928644,4648119811791,1783476390943191823
3,1800,61759179612,4648120105844,1783476390943485844
1,1832,61763524092,4648120440792,1783476390943820856
0,1782,61794587868,4648151481691,1783476390974861723
2,1818,61794901644,4648151810080,1783476390975190144
3,1801,61795149836,4648152064771,1783476390975444803
1,1833,61795516996,4648152422505,1783476390975802537
0,1783,61826594804,4648187503302,1783476391010883334
2,1819,61826950644,4648187810506,1783476391011190538
3,1802,61827174612,4648188094926,1783476391011474926
1,1834,61827523964,4648188419219,1783476391011799219
0,1784,61862592060,4648219457877,1783476391042837909
2,1820,61862914932,4648219804026,1783476391043184026
3,1803,61859168708,4648220088638,1783476391043468638
1,1835,61863521092,4648220436803,1783476391043816835
0,1785,61894577420,4648251515077,1783476391074895077
2,1821,61894916708,4648251833162,1783476391075213194
1,1836,61895509644,4648252453235,1783476391075833267
3,1804,61895150420,4648256158537,1783476391079538537
0,1786,61926594740,4648287475406,1783476391110855406
2,1822,61926945900,4648287799219,1783476391111179283
3,1805,61927171580,4648288119096,1783476391111499128
1,1837,61927517900,4648288430364,1783476391111810364
0,1787,61962566804,4648319488990,1783476391142868990
2,1823,61962900964,4648319807043,1783476391143187043
3,1806,61963172996,4648320094791,1783476391143474823
1,1838,61963512932,4648320440524,1783476391143820556
0,1788,61994580772,4648351494990,1783476391174875022
2,1824,61994927868,4648351847603,1783476391175227603
1,1839,61995515516,4648352455516,1783476391175835548
3,1807,61995150356,4648356140114,1783476391179520114
0,1789,62026595772,4648387506296,1783476391210886296
2,1825,62026936388,4648387862109,1783476391211242141
3,1808,62027201996,4648388096961,1783476391211476961
1,1840,62027524772,4648388424421,1783476391211804421
0,1790,62062602420,4648419505960,1783476391242885960
2,1826,62062902676,4648419830253,1783476391243210285
3,1809,62063185804,4648420089776,1783476391243469840
1,1841,62063513804,4648420469782,1783476391243849782
0,1791,62094576644,4648451498647,1783476391274878647
1,1842,62095558708,4648452454533,1783476391275834533
2,1827,62094985868,4648455854711,1783476391279234711
3,1810,62095177676,4648456132635,1783476391279512635
0,1792,62126560516,4648487492545,1783476391310872577
2,1828,62130953964,4648487800038,1783476391311180070
3,1811,62127210836,4648488069033,1783476391311449065
1,1843,62127525963,4648488423087,1783476391311803151
0,1793,62162593324,4648519540370,1783476391342920402
2,1829,62162889612,4648519846934,1783476391343226966
3,1812,62163178092,4648520088506,1783476391343468570
1,1844,62163510964,4648520486623,1783476391343866623
0,1794,62194597260,4648551513377,1783476391374893377
1,1845,62195527868,4648552452431,1783476391375832463
2,1830,62194946708,4648555869632,1783476391379249632
3,1813,62195179996,4648556107427,1783476391379487427
0,1795,62226555516,4648587461130,1783476391410841194
2,1831,62230951060,4648587793391,1783476391411173423
3,1814,62227197996,4648588059891,1783476391411439891
1,1846,62227534836,4648588443544,1783476391411823576
0,1796,62262579516,4648619496410,1783476391442876442
2,1832,62262906676,4648619848319,1783476391443228319
3,1815,62263180028,4648620094627,1783476391443474659
1,1847,62263511964,4648620449992,1783476391443830024
0,1797,62294561228,4648651493930,1783476391474873962
1,1848,62295525804,4648652449624,1783476391475829656
2,1833,62294971932,4648655814184,1783476391479194216
3,1816,62295177708,4648656128173,1783476391479508237
0,1798,62330555580,4648687478547,1783476391510858579
2,1834,62330936900,4648687797208,1783476391511177240
3,1817,62327177028,4648688082556,1783476391511462556
1,1849,62331527996,4648688429537,1783476391511809537
0,1799,62362545516,4648719486467,1783476391542866499
2,1835,62362905516,4648719827304,1783476391543207336
3,1818,62363151156,4648720096076,1783476391543476076
1,1850,62363523996,4648720446257,1783476391543826257
0,1800,62394554612,4648755459725,1783476391578839725
2,1836,62394952292,4648755838930,1783476391579218962
3,1819,62395175996,4648756104374,1783476391579484374
1,1851,62395528836,4648756424123,1783476391579804155
0,1801,62430574260,4648787485245,1783476391610865277
2,1837,62430926612,4648787831522,1783476391611211522
3,1820,62427177964,4648788075493,1783476391611455525
1,1852,62431527900,4648788429258,1783476391611809258
0,1802,62462552580,4648819517581,1783476391642897581
2,1838,62462922452,4648819857170,1783476391643237170
1,1853,62463514964,4648820448186,1783476391643828218
3,1821,62463171196,4648824146416,1783476391647526448
0,1803,62494578516,4648855471830,1783476391678851830
2,1839,62494981188,4648855801051,1783476391679181051
3,1822,62495205900,4648856127135,1783476391679507167
1,1854,62495531092,4648856417316,1783476391679797316
0,1804,62530571644,4648887476806,1783476391710856870
2,1840,62530910932,4648887812555,1783476391711192555
3,1823,62531181996,4648888060014,1783476391711440014
1,1855,62531514900,4648888439092,1783476391711819092
0,1805,62562580516,4648919519766,1783476391742899798
2,1841,62562923644,4648919871483,1783476391743251515
1,1856,62563516060,4648920445860,1783476391743825956
3,1824,62563152876,4648924142745,1783476391747522745
0,1806,62594596356,4648955514368,1783476391778894368
2,1842,62594959932,4648955837381,1783476391779217381
3,1825,62595200580,4648956085800,1783476391779465800
1,1857,62595531996,4648956438989,1783476391779819021
0,1807,62630567420,4648987480463,1783476391810860463
2,1843,62630910092,4648987811924,1783476391811191924
3,1826,62631183932,4648988096024,1783476391811476024
1,1858,62631516772,4648988444925,1783476391811824925
0,1808,62662568132,4649019508255,1783476391842888287
2,1844,62662956804,4649019884901,1783476391843264933
1,1859,62663532092,4649020446221,1783476391843826221
3,1827,62663169388,4649024155747,1783476391847535811
0,1809,62694603228,4649055539849,1783476391878919849
2,1845,62698954868,4649055820174,1783476391879200206
3,1828,62695217580,4649056103538,1783476391879483570
1,1860,62695533060,4649056439766,1783476391879819766
0,1810,62730564516,4649087550649,1783476391910930649
2,1846,62730894484,4649087853278,1783476391911233278
3,1829,62731183836,4649088099905,1783476391911479905
1,1861,62731518092,4649088457062,1783476391911837062
0,1811,62762574644,4649119555465,1783476391942935465
1,1862,62763536900,4649120467382,1783476391943847414
2,1847,62762958580,4649123866536,1783476391947246568
3,1830,62763183612,4649124131724,1783476391947511756
0,1812,62794603676,4649155507346,1783476391978887378
2,1848,62798956772,4649155821559,1783476391979201591
3,1831,62795196996,4649156113499,1783476391979493531
1,1863,62795534868,4649156457568,1783476391979837600
0,1813,62830562644,4649187475201,1783476392010855233
2,1849,62830896932,4649187812166,1783476392011192166
3,1832,62831188028,4649188062666,1783476392011442698
1,1864,62831521964,4649188423855,1783476392011803855
0,1814,62862712804,4649219547826,1783476392042927858
1,1865,62863533092,4649220438366,1783476392043818398
2,1850,62862959996,4649223850000,1783476392047230032
3,1833,62863182028,4649224164116,1783476392047544148
0,1815,62894558196,4649255524538,1783476392078904538
2,1851,62898943579,4649255829823,1783476392079209823
3,1834,62895243188,4649256121795,1783476392079501859
1,1866,62895533836,4649256454024,1783476392079834056
0,1816,62930586388,4649287503849,1783476392110883881
2,1852,62930911708,4649287831342,1783476392111211342
3,1835,62931173092,4649288118194,1783476392111498194
1,1867,62931518836,4649288444279,1783476392111824343
0,1817,62962569484,4649323497746,1783476392146877746
2,1853,62962959548,4649323828791,1783476392147208791
3,1836,62963184092,4649324112443,1783476392147492475
1,1868,62963534932,4649324433855,1783476392147813887
0,1818,62998619484,4649355478593,1783476392178858593
2,1854,62998961804,4649355837926,1783476392179217958
3,1837,62995185996,4649356075497,1783476392179455497
1,1869,62999534964,4649356448047,1783476392179828047
0,1819,63030587228,4649387587474,1783476392210967474
2,1855,63030942772,4649387856629,1783476392211236629
1,1870,63031530060,4649388449790,1783476392211829790
3,1838,63031180516,4649392131827,1783476392215511827
0,1820,63062570292,4649423515257,1783476392246895257
2,1856,63062947932,4649423841598,1783476392247221630
3,1839,63063207740,4649424110242,1783476392247490242
1,1871,63063537028,4649424470919,1783476392247850919
0,1821,63098701644,4649455506472,1783476392278886472
2,1857,63098991740,4649455836333,1783476392279216365
3,1840,63099210676,4649456083793,1783476392279463793
1,1872,63099540932,4649456430294,1783476392279810294
0,1822,63130595100,4649487487575,1783476392310867607
2,1858,63130955868,4649487837660,1783476392311217660
3,1841,63131173028,4649488081824,1783476392311461856
1,1873,63131524068,4649492466079,1783476392315846079
0,1823,63162600292,4649523507969,1783476392346887969
2,1859,63162962612,4649523835717,1783476392347215749
3,1842,63163197836,4649524096041,1783476392347476105
1,1874,63163544964,4649524447214,1783476392347827214
0,1824,63198602516,4649555479823,1783476392378859823
2,1860,63198915676,4649555819956,1783476392379199956
3,1843,63199207900,4649556082296,1783476392379462296
1,1875,63199523868,4649556456157,1783476392379836189
0,1825,63230599675,4649587492575,1783476392410872607
2,1861,63230963996,4649587850244,1783476392411230244
1,1876,63231539060,4649588438156,1783476392411818188
3,1844,63231170356,4649592142306,1783476392415522338
0,1826,63262599260,4649623500072,1783476392446880136
2,1862,63262961676,4649623834253,1783476392447214253
3,1845,63263207028,4649624107825,1783476392447487857
1,1877,63263538964,4649624438037,1783476392447818069
0,1827,63298571323,4649655482807,1783476392478862807
2,1863,63298921060,4649655816827,1783476392479196827
3,1846,63299192900,4649656070655,1783476392479450687
1,1878,63299525124,4649656451525,1783476392479831525
0,1828,63330572292,4649687509670,1783476392510889702
1,1879,63331540996,4649688443476,1783476392511823508
2,1864,63330964964,4649691860613,1783476392515240613
3,1847,63331199932,4649692114057,1783476392515494121
0,1829,63362600676,4649723505391,1783476392546885583
2,1865,63366962868,4649723834612,1783476392547214612
3,1848,63363197772,4649724101016,1783476392547481048
1,1880,63363541028,4649724445949,1783476392547825981
0,1830,63398589484,4649755486750,1783476392578866782
2,1866,63398903644,4649755851715,1783476392579231747
3,1849,63399202964,4649756104999,1783476392579485031
1,1881,63399525028,4649756442508,1783476392579822540
0,1831,63430605068,4649787508621,1783476392610888781
1,1882,63431540676,4649788452859,1783476392611832891
2,1867,63430966028,4649791858316,1783476392615238316
3,1850,63431218996,4649792102416,1783476392615482416
0,1832,63462576196,4649823549527,1783476392646929591
2,1868,63466949804,4649823860476,1783476392647240476
3,1851,63463200996,4649824121663,1783476392647501663
1,1883,63463539932,4649824460580,1783476392647840644
0,1833,63498594804,4649855621479,1783476392679001863
2,1869,63498919132,4649855883691,1783476392679263723
3,1852,63499177740,4649856140239,1783476392679520239
1,1884,63499529092,4649856474036,1783476392679854036
0,1834,63530593356,4649891535727,1783476392714915695
2,1870,63530974452,4649891855028,1783476392715235028
3,1853,63531212444,4649892117847,1783476392715497815
1,1885,63531548676,4649892463836,1783476392715843836
0,1835,63566568836,4649923542174,1783476392746922174
2,1871,63566950132,4649923877443,1783476392747257475
3,1854,63563196355,4649924129127,1783476392747509095
1,1886,63567552644,4649924473164,1783476392747853164
0,1836,63598560740,4649955556493,1783476392778936525
2,1872,63598937548,4649955878450,1783476392779258482
1,1887,63599528772,4649956475131,1783476392779855163
3,1855,63599174612,4649960159792,1783476392783539792
0,1837,63630614612,4649991475509,1783476392814855509
2,1873,63630975028,4649991816378,1783476392815196410
3,1856,63631207028,4649992084222,1783476392815464254
1,1888,63631544028,4649992438595,1783476392815818659
0,1838,63666580516,4650023510757,1783476392846890789
2,1874,63666922028,4650023838762,1783476392847218762
3,1857,63667198900,4650024129806,1783476392847509806
1,1889,63667529932,4650024458931,1783476392847839027
0,1839,63698571092,4650055541045,1783476392878921045
2,1875,63698945644,4650055894554,1783476392879274554
3,1858,63699186708,4650056135869,1783476392879515869
1,1890,63699531996,4650056467010,1783476392879847042
0,1840,63730596580,4650091560830,1783476392914940862
2,1876,63730971388,4650091865442,1783476392915245474
3,1859,63731241548,4650092142310,1783476392915522310
1,1891,63731547028,4650092460651,1783476392915840651
0,1841,63766587676,4650123544045,1783476392946924045
2,1877,63766936964,4650123843825,1783476392947223857
3,1860,63767287868,4650124104949,1783476392947485013
1,1892,63767536836,4650124463770,1783476392947843770
0,1842,63798613643,4650155531484,1783476392978911548
2,1878,63798973708,4650155873313,1783476392979253345
1,1893,63799551868,4650156466249,1783476392979846249
3,1861,63799181836,4650160144094,1783476392983524158
0,1843,63830618708,4650191484580,1783476393014864580
2,1879,63830960092,4650191836841,1783476393015216873
3,1862,63831204932,4650192110413,1783476393015490413
1,1894,63831541964,4650192440658,1783476393015820690
0,1844,63866609644,4650223506675,1783476393046886771
2,1880,63866926836,4650223839959,1783476393047219991
3,1863,63867193932,4650224094939,1783476393047474971
1,1895,63867526932,4650224464544,1783476393047844544
0,1845,63898609484,4650255533377,1783476393078913409
1,1896,63899556580,4650256462959,1783476393079842991
2,1881,63898978516,4650259883840,1783476393083263840
3,1864,63899182772,4650260131172,1783476393083511172
0,1846,63930577292,4650291524618,1783476393114904682
2,1882,63934971740,4650291849710,1783476393115229710
3,1865,63931209964,4650292097458,1783476393115477458
1,1897,63931549804,4650292455223,1783476393115835255
0,1847,63966600388,4650323523896,1783476393146903896
2,1883,63966914028,4650323832317,1783476393147212349
3,1866,63967224156,4650324109921,1783476393147489921
1,1898,63967537836,4650324465254,1783476393147845254
0,1848,63998627676,4650355525127,1783476393178905159
1,1899,63999554644,4650356463220,1783476393179843220
2,1884,63998995580,4650359878502,1783476393183258534
3,1867,63999226804,4650360126377,1783476393183506409
0,1849,64030589068,4650391544335,1783476393214924335
2,1885,64034966836,4650391849108,1783476393215229108
3,1868,64031209932,4650392086999,1783476393215466999
1,1900,64031549836,4650392460252,1783476393215840252
0,1850,64066610484,4650423635903,1783476393247015903
2,1886,64066944836,4650423873538,1783476393247253570
3,1869,64067189772,4650424139846,1783476393247519846
1,1901,64067535964,4650424471723,1783476393247851723
0,1851,64098614804,4650455513644,1783476393278893740
1,1902,64099551580,4650456476858,1783476393279856890
2,1887,64099001740,4650459835434,1783476393283215466
3,1870,64099252388,4650460145167,1783476393283525167
0,1852,64134559740,4650491502292,1783476393314882292
2,1888,64134955868,4650491827673,1783476393315207705
3,1871,64131205900,4650492102141,1783476393315482141
1,1903,64135545900,4650492459010,1783476393315839010
0,1853,64166611964,4650523545475,1783476393346925507
2,1889,64166951028,4650523868552,1783476393347248552
1,1904,64167537420,4650524487345,1783476393347867345
3,1872,64167188068,4650528171494,1783476393351551494
0,1854,64198592388,4650559549227,1783476393382929259
2,1890,64198993028,4650559844720,1783476393383224752
3,1873,64199216740,4650560124212,1783476393383504212
1,1905,64199550836,4650560468281,1783476393383848281
0,1855,64234627964,4650591510457,1783476393414890553
2,1891,64234953836,4650591830494,1783476393415210494
3,1874,64235213548,4650592119330,1783476393415499362
1,1906,64235552804,4650592476711,1783476393415856743
0,1856,64266582932,4650623538824,1783476393446918824
1,1907,64267538292,4650624512918,1783476393447892918
2,1892,64266946996,4650627910951,1783476393451290983
3,1875,64267186580,4650628150091,1783476393451530091
0,1857,64298623740,4650659501936,1783476393482881936
2,1893,64298985836,4650659829301,1783476393483209333
3,1876,64299213708,4650660110809,1783476393483490841
1,1908,64299554900,4650660444510,1783476393483824510
0,1858,64334630028,4650691512511,1783476393514892543
2,1894,64334933932,4650691831811,1783476393515211811
3,1877,64335207516,4650692111879,1783476393515491879
1,1909,64335539900,4650692450732,1783476393515830764
0,1859,64366624228,4650723534221,1783476393546914221
2,1895,64366984060,4650723858066,1783476393547238066
3,1878,64367186804,4650724118038,1783476393547498038
1,1910,64367556964,4650724463323,1783476393547843323
0,1860,64398599868,4650759525302,1783476393582905334
2,1896,64398966028,4650759847802,1783476393583227834
3,1879,64399223580,4650760106846,1783476393583486878
1,1911,64399553900,4650760459843,1783476393583839875
0,1861,64434598188,4650791518244,1783476393614898244
2,1897,64434933836,4650791836905,1783476393615216937
3,1880,64435210708,4650792102316,1783476393615482316
1,1912,64435538836,4650792474514,1783476393615854514
0,1862,64466625844,4650823565843,1783476393646945843
1,1913,64467559548,4650824488320,1783476393647868352
2,1898,64466983836,4650827905906,1783476393651285906
3,1881,64467204132,4650828170326,1783476393651550326
0,1863,64498615836,4650859499322,1783476393682879322
2,1899,64502995996,4650859841055,1783476393683221055
3,1882,64499232452,4650860093667,1783476393683473667
1,1914,64499556804,4650860463016,1783476393683843080
0,1864,64534617772,4650891528905,1783476393714908905
2,1900,64534924708,4650891839054,1783476393715219054
3,1883,64535207515,4650892096274,1783476393715476306
1,1915,64535541932,4650892472055,1783476393715852055
0,1865,64566639996,4650923524184,1783476393746904216
1,1916,64567557452,4650924488070,1783476393747868134
2,1901,64566987612,4650927877239,1783476393751257271
3,1884,64567204516,4650928151355,1783476393751531387
0,1866,64598605452,4650959556769,1783476393782936769
2,1902,64602987156,4650959858629,1783476393783238885
3,1885,64599216580,4650960154185,1783476393783534217
1,1917,64599556964,4650960475214,1783476393783855214
0,1867,64634639908,4650991530767,1783476393814910767
2,1903,64634929644,4650991863092,1783476393815243092
3,1886,64635240548,4650992138968,1783476393815518968
1,1918,64635545868,4650992472636,1783476393815852668
0,1868,64666603516,4651023545533,1783476393846925533
1,1919,64667559836,4651024484139,1783476393847864203
2,1904,64666985156,4651027845884,1783476393851225916
3,1887,64667215420,4651028141312,1783476393851521344
0,1869,64702596132,4651059583334,1783476393882963366
2,1905,64702968804,4651059871274,1783476393883251274
3,1888,64699203580,4651060136974,1783476393883517006
1,1920,64703557612,4651060498548,1783476393883878548
0,1870,64734629836,4651091550196,1783476393914930196
2,1906,64734965740,4651091858233,1783476393915238233
3,1889,64735318420,4651092183453,1783476393915563485
1,1921,64735555092,4651092497922,1783476393915877954
0,1871,64766654644,4651127544701,1783476393950924701
2,1907,64766991836,4651127863073,1783476393951243105
3,1890,64767258484,4651128169318,1783476393951549350
1,1922,64767565772,4651128500202,1783476393951880266
0,1872,64802609028,4651159530027,1783476393982910027
2,1908,64802953484,4651159873616,1783476393983253648
3,1891,64803217804,4651160137716,1783476393983517748
1,1923,64803571836,4651160489497,1783476393983869497
0,1873,64834563804,4651191510457,1783476394014890521
2,1909,64834946708,4651191859966,1783476394015239998
1,1924,64835539836,4651192463687,1783476394015843687
3,1892,64835197484,4651196157308,1783476394019537340
0,1874,64866598092,4651227514144,1783476394050894144
2,1910,64866986644,4651227847557,1783476394051227557
3,1893,64867230900,4651228131977,1783476394051512009
1,1925,64867560868,4651228472270,1783476394051852270
0,1875,64902597484,4651259587919,1783476394082967919
2,1911,64902938836,4651259882228,1783476394083262260
3,1894,64903206836,4651260119095,1783476394083499159
1,1926,64903544772,4651260478332,1783476394083858364
0,1876,64934623228,4651291539965,1783476394114919965
2,1912,64934962964,4651291883938,1783476394115264002
1,1927,64935548708,4651292487242,1783476394115867242
3,1895,64935182708,4651296155839,1783476394119535871
0,1877,64966606972,4651327559044,1783476394150939044
2,1913,64966973868,4651327856329,1783476394151236361
3,1896,64967222996,4651328132845,1783476394151512877
1,1928,64967578676,4651328524946,1783476394151904946
0,1878,65002637100,4651359538962,1783476394182918994
2,1914,65002941900,4651359892823,1783476394183272823
3,1897,65003228580,4651360117914,1783476394183497914
1,1929,65003548804,4651360483648,1783476394183863712
0,1879,65034606676,4651391528800,1783476394214908832
2,1915,65034989356,4651391934534,1783476394215314566
1,1930,65035564804,4651392475853,1783476394215855853
3,1898,65035204132,4651396177603,1783476394219557635
0,1880,65066607964,4651427534087,1783476394250914087
2,1916,65070987932,4651427851724,1783476394251231724
3,1899,65067222996,4651428110384,1783476394251490416
1,1931,65067563868,4651428506165,1783476394251886165
0,1881,65102630740,4651459539349,1783476394282919349
2,1917,65103007932,4651459861210,1783476394283241210
3,1900,65103281220,4651460100701,1783476394283480701
1,1932,65103583388,4651460498531,1783476394283878563
0,1882,65134629836,4651491529987,1783476394314909987
1,1933,65135559868,4651492469105,1783476394315849105
2,1918,65134988740,4651495862466,1783476394319242466
3,1901,65135208644,4651496150150,1783476394319530182
0,1883,65166596060,4651527527243,1783476394350907275
2,1919,65170989740,4651527849391,1783476394351229423
3,1902,65167222836,4651528116755,1783476394351496755
1,1934,65167563932,4651528477784,1783476394351857784
0,1884,65202598868,4651559529656,1783476394382909688
2,1920,65202929028,4651559862237,1783476394383242269
3,1903,65203212548,4651560129921,1783476394383509953
1,1935,65203550868,4651560487718,1783476394383867750
0,1885,65234635804,4651591518854,1783476394414898886
1,1936,65235564964,4651592466548,1783476394415846580
2,1921,65234991644,4651595849701,1783476394419229701
3,1904,65235204836,4651596125385,1783476394419505385
0,1886,65270603124,4651627535534,1783476394450915534
2,1922,65270975644,4651627846131,1783476394451226131
3,1905,65267210996,4651628112534,1783476394451492598
1,1937,65271564060,4651628489628,1783476394451869660
0,1887,65302596868,4651659520988,1783476394482900988
2,1923,65302944676,4651659858241,1783476394483238305
3,1906,65303213188,4651660108004,1783476394483488004
1,1938,65303552644,4651660479754,1783476394483859754
0,1888,65334646612,4651695511011,1783476394518891011
2,1924,65335002516,4651695842248,1783476394519222248
3,1907,65335219900,4651696103660,1783476394519483660
1,1939,65335568996,4651696462865,1783476394519842961
0,1889,65370618772,4651727538193,1783476394550918225
2,1925,65370967612,4651727869078,1783476394551249110
3,1908,65371226028,4651728111098,1783476394551491098
1,1940,65371567028,4651728482079,1783476394551862111
0,1890,65402627188,4651759541727,1783476394582921727
2,1926,65402965548,4651759881732,1783476394583261732
1,1941,65403551964,4651760467821,1783476394583847821
3,1909,65403195028,4651764168706,1783476394587548738
0,1891,65434634484,4651795574151,1783476394618954151
2,1927,65434994964,4651795840459,1783476394619220523
3,1910,65435226804,4651796133327,1783476394619513391
1,1942,65435568964,4651796494069,1783476394619874069
0,1892,65470642420,4651827549077,1783476394650929077
2,1928,65470949868,4651827881018,1783476394651261018
3,1911,65471210932,4651828136605,1783476394651516605
1,1943,65471551932,4651828513219,1783476394651893219
0,1893,65502603324,4651859531779,1783476394682911779
2,1929,65502971420,4651859898696,1783476394683278728
1,1944,65503555932,4651860469936,1783476394683849936
3,1912,65503190388,4651864153669,1783476394687533669
0,1894,65534644612,4651895574187,1783476394718954187
2,1930,65534983676,4651895859951,1783476394719239983
3,1913,65535227996,4651896117363,1783476394719497395
1,1945,65535567932,4651896486040,1783476394719866072
0,1895,65570641644,4651927535672,1783476394750915704
2,1931,65570956836,4651927885245,1783476394751265277
3,1914,65571215028,4651928145089,1783476394751525089
1,1946,65571553932,4651928508134,1783476394751888166
0,1896,65602649292,4651959568646,1783476394782948678
2,1932,65603009188,4651959904203,1783476394783284235
1,1947,65603574324,4651960509172,1783476394783889172
3,1915,65603210228,4651964200905,1783476394787581033
0,1897,65634657004,4651995593070,1783476394818973070
2,1933,65638994388,4651995889171,1783476394819269203
3,1916,65635259964,4651996197847,1783476394819577879
1,1948,65635580868,4651996493659,1783476394819873659
0,1898,65670595420,4652027599740,1783476394850979740
2,1934,65670933060,4652027883104,1783476394851263104
3,1917,65671213932,4652028139588,1783476394851519652
1,1949,65671553932,4652028506377,1783476394851886377
0,1899,65702609100,4652059633771,1783476394883013771
1,1950,65703568324,4652060538648,1783476394883918648
2,1935,65702997292,4652063915752,1783476394887295752
3,1918,65703213996,4652064180492,1783476394887560492
0,1900,65734644324,4652095560561,1783476394918940593
2,1936,65738995028,4652095833205,1783476394919213205
3,1919,65735255060,4652096094489,1783476394919474489
1,1951,65735572708,4652096492191,1783476394919872223
0,1901,65770584196,4652127652352,1783476394951032384
2,1937,65770935996,4652127890660,1783476394951270692
3,1920,65771214676,4652128143911,1783476394951523943
1,1952,65771560964,4652128504141,1783476394951884141
0,1902,65802651388,4652159581645,1783476394982961645
1,1953,65803568612,4652160488186,1783476394983868218
2,1938,65802992804,4652163885163,1783476394987265163
3,1921,65803211740,4652164150927,1783476394987530927
0,1903,65838603932,4652195558228,1783476395018938228
2,1939,65838980996,4652195847256,1783476395019227288
3,1922,65835218772,4652196110204,1783476395019490204
1,1954,65839571836,4652196472833,1783476395019852929
0,1904,65870629516,4652227606498,1783476395050986562
2,1940,65870951996,4652227871814,1783476395051251814
3,1923,65871211900,4652228144746,1783476395051524778
1,1955,65871558028,4652228491983,1783476395051872015
0,1905,65902644708,4652263562216,1783476395086942248
2,1941,65903002932,4652263853261,1783476395087233261
3,1924,65903213292,4652264162929,1783476395087542929
1,1956,65903571804,4652264471733,1783476395087851733
0,1906,65938645420,4652295545589,1783476395118925621
2,1942,65938971092,4652295857146,1783476395119237178
3,1925,65935217612,4652296144254,1783476395119524286
1,1957,65939573388,4652296511363,1783476395119891363
0,1907,65970597868,4652327603331,1783476395150983363
2,1943,65970970900,4652327887463,1783476395151267527
1,1958,65971558324,4652328506224,1783476395151886256
3,1926,65971214452,4652332170981,1783476395155550981
0,1908,66002603932,4652363516233,1783476395186896233
2,1944,66002998964,4652363849582,1783476395187229582
3,1927,66003232484,4652364117458,1783476395187497490
1,1959,66003573868,4652364460855,1783476395187840855
0,1909,66038642548,4652395558423,1783476395218938455
2,1945,66038955932,4652395881372,1783476395219261372
3,1928,66039218612,4652396128607,1783476395219508639
1,1960,66039557900,4652396496356,1783476395219876388
0,1910,66070631708,4652427561796,1783476395250941860
2,1946,66070996772,4652427904681,1783476395251284681
1,1961,66071561932,4652428578131,1783476395251958131
3,1929,66071203420,4652432186407,1783476395255566407
0,1911,66102674772,4652463530059,1783476395286910059
2,1947,66103097964,4652463858095,1783476395287238095
3,1930,66103238932,4652464108819,1783476395287488883
1,1962,66103584388,4652464496665,1783476395287876697
0,1912,66138623060,4652495518680,1783476395318898712
2,1948,66138958060,4652495852380,1783476395319232412
3,1931,66139218964,4652496139745,1783476395319519745
1,1963,66139561548,4652496481318,1783476395319861350
0,1913,66170641900,4652527555333,1783476395350935365
2,1949,66171005932,4652527893418,1783476395351273418
1,1964,66171577452,4652528499667,1783476395351879699
3,1932,66171206900,4652532173512,1783476395355553544
0,1914,66202645452,4652563523020,1783476395386903020
2,1950,66207021932,4652563863761,1783476395387243825
3,1933,66203238900,4652564126805,1783476395387506805
1,1965,66203577612,4652564475226,1783476395387855258
0,1915,66238631516,4652595540025,1783476395418920057
2,1951,66238941964,4652595854878,1783476395419234878
3,1934,66239218900,4652596110242,1783476395419490274
1,1966,66239561484,4652596491719,1783476395419871751
0,1916,66270644356,4652627557287,1783476395450937287
1,1967,66271575964,4652628487572,1783476395451867572
2,1952,66271004772,4652631895973,1783476395455275973
3,1935,66271235188,4652632156073,1783476395455536073
0,1917,66302645388,4652663519565,1783476395486899597
2,1953,66307017612,4652663866066,1783476395487246066
3,1936,66303237964,4652664111126,1783476395487491158
1,1968,66303577932,4652664473403,1783476395487853435
0,1918,66338630388,4652695539675,1783476395518919707
2,1954,66338942804,4652695858943,1783476395519238943
3,1937,66339219028,4652696109347,1783476395519489379
1,1969,66339562868,4652696486920,1783476395519866952
0,1919,66370617644,4652727562120,1783476395550942120
1,1970,66371578900,4652728492278,1783476395551872278
2,1955,66371004388,4652731924455,1783476395555304455
3,1938,66371227124,4652732161963,1783476395555541995
0,1920,66406648388,4652763614000,1783476395586994032
2,1956,66406987836,4652763905716,1783476395587285716
3,1939,66403231868,4652764146200,1783476395587526200
1,1971,66407577868,4652764502525,1783476395587882589
0,1921,66438607548,4652795541788,1783476395618921788
2,1957,66438957868,4652795882945,1783476395619262945
3,1940,66439231092,4652796132165,1783476395619512165
1,1972,66439565964,4652796481066,1783476395619861098
0,1922,66470615972,4652831597316,1783476395654977316
2,1958,66471045644,4652831893448,1783476395655273480
3,1941,66471226548,4652832167404,1783476395655547404
1,1973,66471582612,4652832503025,1783476395655883057
0,1923,66506620644,4652863572849,1783476395686953201
2,1959,66506973548,4652863893237,1783476395687273237
3,1942,66503236060,4652864142041,1783476395687522073
1,1974,66507582484,4652864506014,1783476395687886046
0,1924,66538642484,4652895600062,1783476395718980094
2,1960,66538999740,4652895898563,1783476395719278563
1,1975,66539565964,4652896500459,1783476395719880459
3,1943,66539208388,4652900188928,1783476395723568928
0,1925,66570614196,4652931550724,1783476395754930756
2,1961,66571006836,4652931863465,1783476395755243465
3,1944,66571241772,4652932161101,1783476395755541101
1,1976,66571581836,4652932488626,1783476395755868690
0,1926,66606645228,4652963528817,1783476395786908817
2,1962,66606960868,4652963859606,1783476395787239638
3,1945,66607222420,4652964149018,1783476395787529018
1,1977,66607565932,4652964483807,1783476395787863807
0,1927,66638639708,4652995648352,1783476395819028384
2,1963,66638998643,4652995951077,1783476395819331077
3,1946,66639209132,4653000222754,1783476395823602786
1,1978,66639567740,4653000502630,1783476395823882662
0,1928,66670606580,4653031577510,1783476395854957510
2,1964,66670991932,4653031899435,1783476395855279435
3,1947,66671240644,4653032140846,1783476395855520846
1,1979,66671585804,4653032499603,1783476395855879603
0,1929,66706644260,4653063525715,1783476395886905651
2,1965,66706960644,4653063885336,1783476395887265336
3,1948,66707226028,4653064145660,1783476395887525660
1,1980,66707567900,4653064605026,1783476395887985058
0,1930,66738606516,4653095622369,1783476395919002369
2,1966,66739007484,4653095983367,1783476395919363399
1,1981,66739599836,4653096551567,1783476395919931567
3,1949,66739202324,4653100286181,1783476395923666213
0,1931,66770628644,4653131630728,1783476395955010728
2,1967,66775009867,4653131933869,1783476395955313869
3,1950,66771319676,4653132163152,1783476395955543152
1,1982,66771590676,4653132512277,1783476395955892309
0,1932,66806644228,4653163573685,1783476395986953717
2,1968,66806946548,4653163900473,1783476395987280505
3,1951,66807227124,4653164159773,1783476395987539773
1,1983,66807569900,4653164510178,1783476395987890178
0,1933,66838657388,4653195541729,1783476396018921729
1,1984,66839583932,4653196496079,1783476396019876143
2,1969,66839015028,4653199919520,1783476396023299520
3,1952,66839228060,4653200155076,1783476396023535108
0,1934,66870641260,4653231540135,1783476396054920167
2,1970,66875009836,4653231875756,1783476396055255788
3,1953,66871248932,4653232123472,1783476396055503472
1,1985,66871587964,4653232492661,1783476396055872693
0,1935,66906638452,4653263531380,1783476396086911380
2,1971,66906948964,4653263881817,1783476396087261849
3,1954,66907225900,4653264101660,1783476396087481660
1,1986,66907569900,4653264501410,1783476396087881474
0,1936,66938651612,4653295581505,1783476396118961537
1,1987,66939605836,4653296500494,1783476396119880494
2,1972,66939011740,4653299914784,1783476396123294784
3,1955,66939225772,4653300166211,1783476396123546243
0,1937,66970658612,4653331541031,1783476396154921063
2,1973,66975018740,4653331885996,1783476396155265996
3,1956,66971236868,4653332117775,1783476396155497775
1,1988,66975584868,4653332495573,1783476396155875637
0,1938,67006637580,4653363532371,1783476396186912403
2,1974,67006965964,4653363884056,1783476396187264056
3,1957,67007210964,4653364106460,1783476396187486460
1,1989,67007570804,4653364498529,1783476396187878657
0,1939,67038653836,4653399577722,1783476396222957786
2,1975,67039013996,4653399876158,1783476396223256158
3,1958,67039227900,4653400149154,1783476396223529154
1,1990,67039585516,4653400517736,1783476396223897800
0,1940,67074657644,4653431567815,1783476396254947815
2,1976,67075005900,4653431875115,1783476396255255115
3,1959,67071230740,4653432136687,1783476396255516687
1,1991,67075588676,4653432490772,1783476396255870804
0,1941,67106641836,4653463551571,1783476396286931571
2,1977,67106990964,4653463891480,1783476396287271480
1,1992,67107574644,4653464518561,1783476396287898625
3,1960,67107210132,4653468176470,1783476396291556470
0,1942,67138615900,4653499530777,1783476396322910777
2,1978,67139009996,4653499878910,1783476396323258910
3,1961,67139248516,4653500131137,1783476396323511137
1,1993,67139588772,4653500497447,1783476396323877479
0,1943,67170614996,4653531598470,1783476396354978470
2,1979,67174972092,4653531885099,1783476396355265131
3,1962,67175232548,4653532148462,1783476396355528526
1,1994,67175576932,4653532499155,1783476396355879155
0,1944,67206646868,4653563548018,1783476396386928018
1,1995,67207579132,4653564512000,1783476396387892000
2,1980,67206987772,4653567946546,1783476396391326546
3,1963,67207218188,4653568169205,1783476396391549205
0,1945,67238656188,4653599514200,1783476396422894232
2,1981,67239023092,4653599857277,1783476396423237277
3,1964,67239249996,4653600128385,1783476396423508417
1,1996,67239588420,4653600501542,1783476396423881574
0,1946,67274657676,4653631548965,1783476396454928997
2,1982,67274967964,4653631875850,1783476396455255914
3,1965,67275230932,4653632129517,1783476396455509517
1,1997,67275573580,4653632504339,1783476396455884339
0,1947,67306659740,4653663539858,1783476396486919858
2,1983,67307022644,4653663904343,1783476396487284343
1,1998,67307594516,4653664504095,1783476396487884127
3,1966,67307218612,4653668176052,1783476396491556084
0,1948,67338623932,4653699526872,1783476396522906872
2,1984,67343015060,4653699860796,1783476396523240828
3,1967,67339248964,4653700118272,1783476396523498304
1,1999,67339590292,4653700499846,1783476396523879846
0,1949,67374613676,4653731549060,1783476396554929092
2,1985,67374952516,4653731881737,1783476396555261737
3,1968,67375232900,4653732122349,1783476396555502413
1,2000,67375574932,4653732498322,1783476396555878386
0,1950,67406657676,4653763551569,1783476396586931601
1,2001,67407590452,4653764495551,1783476396587875551
2,1986,67407016836,4653767912208,1783476396591292304
3,1969,67407232708,4653768182804,1783476396591562836
0,1951,67438655188,4653799522103,1783476396622902135
2,1987,67443016004,4653800063359,1783476396623443551
3,1970,67439250932,4653800115231,1783476396623495231
1,2002,67439590804,4653800481989,1783476396623862021
0,1952,67474653772,4653831555460,1783476396654935492
2,1988,67474960452,4653831898601,1783476396655278793
3,1971,67475236900,4653832140044,1783476396655520076
1,2003,67475579964,4653832523954,1783476396655903986
0,1953,67506659124,4653863543632,1783476396686923632
1,2004,67507593452,4653864513182,1783476396687893182
2,1989,67507019420,4653867891023,1783476396691271023
3,1972,67507249644,4653868166483,1783476396691546483
0,1954,67538621804,4653899534422,1783476396722914486
2,1990,67543000484,4653899875899,1783476396723255931
3,1973,67539251644,4653900116511,1783476396723496511
1,2005,67539592996,4653900496164,1783476396723876164
0,1955,67574608900,4653931588580,1783476396754968612
2,1991,67574970452,4653931904040,1783476396755284040
3,1974,67575217836,4653932131468,1783476396755511500
1,2006,67575577932,4653932500113,1783476396755880177
0,1956,67606655804,4653967587498,1783476396790967498
2,1992,67607020644,4653967909647,1783476396791289679
3,1975,67607235932,4653968181363,1783476396791561363
1,2007,67607592868,4653968518679,1783476396791898775
0,1957,67638640644,4653999627607,1783476396823008087
2,1993,67643003420,4653999927324,1783476396823307356
3,1976,67639251580,4654000149919,1783476396823529919
1,2008,67643596900,4654000517412,1783476396823897444
0,1958,67674637516,4654031610948,1783476396854990980
2,1994,67674992420,4654031935176,1783476396855315208
1,2009,67675591708,4654032514609,1783476396855894641
3,1977,67675252579,4654036203686,1783476396859583686
0,1959,67706608612,4654067644618,1783476396891024618
2,1995,67707021580,4654067940751,1783476396891320751
3,1978,67707254124,4654068196946,1783476396891576946
1,2010,67707597156,4654068551255,1783476396891931255
0,1960,67742645772,4654099565622,1783476396922945654
2,1996,67742993452,4654099911931,1783476396923291931
3,1979,67743244644,4654100217279,1783476396923597279
1,2011,67743601220,4654100518435,1783476396923898435
0,1961,67774661292,4654131637475,1783476396955017507
2,1997,67774990420,4654131965448,1783476396955345448
1,2012,67775580676,4654132534512,1783476396955914512
3,1980,67775221356,4654136235974,1783476396959616006
1,2013,67807608292,4654164572189,1783476396987952189
0,1962,67806674708,4654167553704,1783476396990933704
2,1998,67807027676,4654167893613,1783476396991273645
3,1981,67807280612,4654168174289,1783476396991554289
0,1963,67842669708,4654199546804,1783476397022926804
2,1999,67842983388,4654199899354,1783476397023279354
3,1982,67843240772,4654200140989,1783476397023520989
1,2014,67843582932,4654200522435,1783476397023902467
0,1964,67874659644,4654231568353,1783476397054948449
2,2000,67875022356,4654231933926,1783476397055313958
1,2015,67875599932,4654232514766,1783476397055894798
3,1983,67875222060,4654236184547,1783476397059564611
0,1965,67906628676,4654267545126,1783476397090925190
2,2001,67907008484,4654267893547,1783476397091273547
3,1984,67907255836,4654268145007,1783476397091525039
1,2016,67907598932,4654268481171,1783476397091861171
0,1966,67942623580,4654299565714,1783476397122945778
2,2002,67942974996,4654299890519,1783476397123270551
3,1985,67943239868,4654300133594,1783476397123513594
1,2017,67943581708,4654300539296,1783476397123919328
0,1967,67974621676,4654331578622,1783476397154958654
1,2018,67975598836,4654332537004,1783476397155917004
2,2003,67975023836,4654335924477,1783476397159304477
3,1986,67975221996,4654336174496,1783476397159554496
0,1968,68006622932,4654367527619,1783476397190907651
2,2004,68011021900,4654367889544,1783476397191269608
3,1987,68007258028,4654368141132,1783476397191521132
1,2019,68007597548,4654368520177,1783476397191900209
0,1969,68042669932,4654399545999,1783476397222925999
2,2005,68042971996,4654399873332,1783476397223253332
3,1988,68043242452,4654400154616,1783476397223534648
1,2020,68043583836,4654400497693,1783476397223877693
0,1970,68074655676,4654431573724,1783476397254953756
1,2021,68075600644,4654432560970,1783476397255940970
2,2006,68075025484,4654435925018,1783476397259305050
3,1989,68075240484,4654436194654,1783476397259574718
0,1971,68106660739,4654467534817,1783476397290914817
2,2007,68111018932,4654467889638,1783476397291269670
3,1990,68107265964,4654468121481,1783476397291501417
1,2022,68107606380,4654468474542,1783476397291854478
0,1972,68142622676,4654499550445,1783476397322930445
2,2008,68142980059,4654499878418,1783476397323258418
3,1991,68143226420,4654500151574,1783476397323531574
1,2023,68143588028,4654500496666,1783476397323876666
0,1973,68174637388,4654535554482,1783476397358934514
2,2009,68175028644,4654535875799,1783476397359255831
3,1992,68175241932,4654536173339,1783476397359553371
1,2024,68175599836,4654536506272,1783476397359886272
0,1974,68210627004,4654567558398,1783476397390938430
2,2010,68211010868,4654567890947,1783476397391271011
3,1993,68207244804,4654568142183,1783476397391522215
1,2025,68211602644,4654568501164,1783476397391881228
0,1975,68242660068,4654599561002,1783476397422941002
2,2011,68242996644,4654599899887,1783476397423279887
1,2026,68243587772,4654600498488,1783476397423878488
3,1994,68243227516,4654604173677,1783476397427553677
0,1976,68274666260,4654635555632,1783476397458935664
2,2012,68275027836,4654635888309,1783476397459268341
3,1995,68275245060,4654636141272,1783476397459521272
1,2027,68275602900,4654636508222,1783476397459888222
0,1977,68310669228,4654667559580,1783476397490939612
2,2013,68310982155,4654667886401,1783476397491266401
3,1996,68311245060,4654668118372,1783476397491498372
1,2028,68311586932,4654668503017,1783476397491883049
0,1978,68342623068,4654699564264,1783476397522944264
2,2014,68342997804,4654699929325,1783476397523309325
3,1997,68343228932,4654700161873,1783476397523541873
1,2029,68343588580,4654704507599,1783476397527887631
0,1979,68374625548,4654735547085,1783476397558927117
2,2015,68375027964,4654735883410,1783476397559263410
3,1998,68375258868,4654736143254,1783476397559523286
1,2030,68375607964,4654736497819,1783476397559877947
0,1980,68410672260,4654767555737,1783476397590935769
2,2016,68410982900,4654767882590,1783476397591262590
3,1999,68411245868,4654768134050,1783476397591514114
1,2031,68411589028,4654768495463,1783476397591875463
0,1981,68442668292,4654799565253,1783476397622945317
2,2017,68443029868,4654799916042,1783476397623296074
1,2032,68443604868,4654800497395,1783476397623877395
3,2000,68443228548,4654804213064,1783476397627593096
0,1982,68474644452,4654835550251,1783476397658930251
2,2018,68475038804,4654835897520,1783476397659277552
3,2001,68475268740,4654836144851,1783476397659524851
1,2033,68475605708,4654836507256,1783476397659887288
0,1983,68510643740,4654867592183,1783476397690972215
2,2019,68510984964,4654867911196,1783476397691291228
3,2002,68511247868,4654868151519,1783476397691531519
1,2034,68511589868,4654868533029,1783476397691913061
0,1984,68542675548,4654899591907,1783476397722971907
2,2020,68543030516,4654899959209,1783476397723339241
1,2035,68543605388,4654900519185,1783476397723899153
3,2003,68543229748,4654904207782,1783476397727587782
0,1985,68574656708,4654935575400,1783476397758955432
2,2021,68579027900,4654935905613,1783476397759285613
3,2004,68575269028,4654936143857,1783476397759523857
1,2036,68575607964,4654936511126,1783476397759891126
0,1986,68610664516,4654967596917,1783476397790976917
2,2022,68610970836,4654967911033,1783476397791291065
3,2005,68611249964,4654968131676,1783476397791511676
1,2037,68611592804,4654968524482,1783476397791904482
0,1987,68642678740,4654999562976,1783476397822943008
1,2038,68643611804,4655000543342,1783476397823923342
2,2023,68643073612,4655003927167,1783476397827307167
3,2006,68643252804,4655004193283,1783476397827573283
0,1988,68674635708,4655035559590,1783476397858939622
2,2024,68679021028,4655035900939,1783476397859280939
3,2007,68675269740,4655036160398,1783476397859540398
1,2039,68675622028,4655036535412,1783476397859915412
0,1989,68710685964,4655067600626,1783476397890980626
2,2025,68711012708,4655067914007,1783476397891294007
3,2008,68711237804,4655068166458,1783476397891546490
1,2040,68711592580,4655068535680,1783476397891915744
0,1990,68742687676,4655099586206,1783476397922966206
1,2041,68743608388,4655100557676,1783476397923937708
2,2026,68743037772,4655103904412,1783476397927284444
3,2009,68743266676,4655104212929,1783476397927592961
0,1991,68778634548,4655135626596,1783476397959006628
2,2027,68779016676,4655135904776,1783476397959284776
3,2010,68775257356,4655136197740,1783476397959577772
1,2042,68779609964,4655136559346,1783476397959939378
0,1992,68810639388,4655167599760,1783476397990979760
2,2028,68811007388,4655167942773,1783476397991322773
1,2043,68811605932,4655168526365,1783476397991906365
3,2011,68811237548,4655172183858,1783476397995563890
0,1993,68842680124,4655203535604,1783476398026915636
2,2029,68843040868,4655203900217,1783476398027280217
3,2012,68843254772,4655204145597,1783476398027525661
1,2044,68843611996,4655204497410,1783476398027877410
0,1994,68878676092,4655235555263,1783476398058935263
2,2030,68879003996,4655235891588,1783476398059271588
3,2013,68879265612,4655236161096,1783476398059541128
1,2045,68879608996,4655236512909,1783476398059892941
0,1995,68910661868,4655267566443,1783476398090946443
3,2014,68911236580,4655268172724,1783476398091552884
1,2046,68911594932,4655268509721,1783476398091889753
2,2031,68911007324,4655271954730,1783476398095334730
0,1996,68942679516,4655303577136,1783476398126957136
2,2032,68943028772,4655303895380,1783476398127275380
3,2015,68943269900,4655304193753,1783476398127573753
1,2047,68943610804,4655304522525,1783476398127902525
0,1997,68978650804,4655335574011,1783476398158954011
2,2033,68979003612,4655335902272,1783476398159282272
3,2016,68979252580,4655336164740,1783476398159544772
1,2048,68979595740,4655336511849,1783476398159891881
0,1998,69010678060,4655367566630,1783476398190946630
3,2017,69011234868,4655368154799,1783476398191534799
1,2049,69011613996,4655368524884,1783476398191904916
2,2034,69011035004,4655371955045,1783476398195335045
0,1999,69042638804,4655403578507,1783476398226958507
2,2035,69043024644,4655403894352,1783476398227274352
3,2018,69043250452,4655404203028,1783476398227583028
1,2050,69043612836,4655404518905,1783476398227898937
0,2000,69078668740,4655435566903,1783476398258946903
2,2036,69078990996,4655435898907,1783476398259278939
3,2019,69079253516,4655436174207,1783476398259554207
1,2051,69079596900,4655436507972,1783476398259888004
0,2001,69110670516,4655467579010,1783476398290959042
2,2037,69111099612,4655467959592,1783476398291339624
1,2052,69111678964,4655468512592,1783476398291892592
3,2020,69111336004,4655472210501,1783476398295590533
0,2002,69142681836,4655503542054,1783476398326922086
2,2038,69147036836,4655503899948,1783476398327280012
3,2021,69143272932,4655504147215,1783476398327527247
1,2053,69143613932,4655504501876,1783476398327881876
0,2003,69178660772,4655535575410,1783476398358955410
2,2039,69178980548,4655535915191,1783476398359295191
3,2022,69179256900,4655536152859,1783476398359532891
1,2054,69179598836,4655536525856,1783476398359905888
0,2004,69210679804,4655567573470,1783476398390953470
1,2055,69211615740,4655568523467,1783476398391903499
2,2040,69211124516,4655571927996,1783476398395308028
3,2023,69211254420,4655572215488,1783476398395595520
0,2005,69242639868,4655603557058,1783476398426937058
2,2041,69247027484,4655603893927,1783476398427273927
3,2024,69243273996,4655604134602,1783476398427514634
1,2056,69243615060,4655604508240,1783476398427888240
0,2006,69278631772,4655635572174,1783476398458952174
2,2042,69278975612,4655635913203,1783476398459293235
3,2025,69279239804,4655636153590,1783476398459533654
1,2057,69279598900,4655636512699,1783476398459892699
0,2007,69310648708,4655667574841,1783476398490954841
1,2058,69311614612,4655668523335,1783476398491903335
2,2043,69311040836,4655671910935,1783476398495290967
3,2026,69311254740,4655672170587,1783476398495550587
0,2008,69342640028,4655703547837,1783476398526927837
2,2044,69347023420,4655703893186,1783476398527273218
3,2027,69343259932,4655704135494,1783476398527515526
1,2059,69347617060,4655704503435,1783476398527883435
0,2009,69378629676,4655735585865,1783476398558965961
2,2045,69379008548,4655735914862,1783476398559294862
3,2028,69379240868,4655736147249,1783476398559527281
1,2060,69379600900,4655736524567,1783476398559904631
0,2010,69410686708,4655771559982,1783476398594940014
2,2046,69411043612,4655771889235,1783476398595269235
3,2029,69411258900,4655772162838,1783476398595542870
1,2061,69411617932,4655772502203,1783476398595882235
0,2011,69446685580,4655803627354,1783476398627007354
2,2047,69447010516,4655803939071,1783476398627319103
3,2030,69447274868,4655804165954,1783476398627545986
1,2062,69447616964,4655804531143,1783476398627911175
0,2012,69478671388,4655835571973,1783476398658952005
2,2048,69479011548,4655835928586,1783476398659308586
1,2063,69479602900,4655836522706,1783476398659902738
3,2031,69479244804,4655840208903,1783476398663589031
0,2013,69510688516,4655871544297,1783476398694924393
2,2049,69511046548,4655871885262,1783476398695265294
3,2032,69511279964,4655872166226,1783476398695546226
1,2064,69511617932,4655872502295,1783476398695882295
0,2014,69546685740,4655903580149,1783476398726960181
2,2050,69546996740,4655903908954,1783476398727288986
3,2033,69547259932,4655904155517,1783476398727535549
1,2065,69547602644,4655904565731,1783476398727945763
0,2015,69578681420,4655935607489,1783476398758987489
2,2051,69579048772,4655935947206,1783476398759327206
1,2066,69579609996,4655936532078,1783476398759912078
3,2034,69579254452,4655940191170,1783476398763571170
0,2016,69610684900,4655971538916,1783476398794918916
2,2052,69611074964,4655971912298,1783476398795292298
3,2035,69611264708,4655972300495,1783476398795680591
1,2067,69611620964,4655972531635,1783476398795911699
0,2017,69646652932,4656003575184,1783476398826955184
2,2053,69646997964,4656003922581,1783476398827302613
3,2036,69647260708,4656004160185,1783476398827540185
1,2068,69647602932,4656004536894,1783476398827916894
0,2018,69678687772,4656035644413,1783476398859024445
1,2069,69679619964,4656036554218,1783476398859934250
2,2054,69679045772,4656039948570,1783476398863328570
3,2037,69679243644,4656040204862,1783476398863584862
0,2019,69710690612,4656071603073,1783476398894983073
2,2055,69715046708,4656071919141,1783476398895299141
3,2038,69711285516,4656072204202,1783476398895584234
1,2070,69711623964,4656072563663,1783476398895943695
0,2020,69746679027,4656103560780,1783476398926940780
2,2056,69746986868,4656103894128,1783476398927274128
3,2039,69747265772,4656104146388,1783476398927526388
1,2071,69747609092,4656104514553,1783476398927894585
0,2021,69778666740,4656135647832,1783476398959027832
1,2072,69779622612,4656136566021,1783476398959946053
2,2057,69779031388,4656139961974,1783476398963342038
3,2040,69779262772,4656140199066,1783476398963579098
0,2022,69810652164,4656171724350,1783476398995104350
2,2058,69815049932,4656171933153,1783476398995313153
3,2041,69811281676,4656172195973,1783476398995575973
1,2073,69811622708,4656172560426,1783476398995940426
0,2023,69846689388,4656203650824,1783476399027030856
2,2059,69847001868,4656203922380,1783476399027302380
3,2042,69847251676,4656204185904,1783476399027565968
1,2074,69847606900,4656204566933,1783476399027946933
0,2024,69878691092,4656235584498,1783476399058964498
1,2075,69879621548,4656236545824,1783476399059925824
2,2060,69879054996,4656239919824,1783476399063299824
3,2043,69879270740,4656240181652,1783476399063561652
0,2025,69910646292,4656271569206,1783476399094949206
2,2061,69915036028,4656271899642,1783476399095279738
3,2044,69911266932,4656272153310,1783476399095533310
1,2076,69915623772,4656272540676,1783476399095920676
0,2026,69946644260,4656303587745,1783476399126967745
2,2062,69947001676,4656303907397,1783476399127287429
3,2045,69947249964,4656304150249,1783476399127530249
1,2077,69947609740,4656304531310,1783476399127911310
0,2027,69978692676,4656339624549,1783476399163004549
2,2063,69979050772,4656339923402,1783476399163303434
3,2046,69979263964,4656340154189,1783476399163534253
1,2078,69979624964,4656340530482,1783476399163910482
0,2028,70010649772,4656371568431,1783476399194948463
2,2064,70015018964,4656371902132,1783476399195282132
3,2047,70015265900,4656372165880,1783476399195545944
1,2079,70015626516,4656372532093,1783476399195912125
0,2029,70046644740,4656403577882,1783476399226957882
2,2065,70047040516,4656403937791,1783476399227317791
1,2080,70047610092,4656404518407,1783476399227898439
3,2048,70047235068,4656408246365,1783476399231626365
0,2030,70078702868,4656439564638,1783476399262944638
2,2066,70079062196,4656439953251,1783476399263333283
3,2049,70079287612,4656440171431,1783476399263551463
1,2081,70079636964,4656440532492,1783476399263912492
0,2031,70114705868,4656471546792,1783476399294926792
2,2067,70115011612,4656471948686,1783476399295328718
1,2082,70115613964,4656472543767,1783476399295923767
0,2032,70146685804,4656503576660,1783476399326956692
1,2083,70147610580,4656504539361,1783476399327919361
2,2068,70147019260,4656507973683,1783476399331353715
3,2051,70147250580,4656508244342,1783476399331624342
0,2033,70178677900,4656539571096,1783476399362951128
2,2069,70179039580,4656539923549,1783476399363303549
3,2052,70179266932,4656540169024,1783476399363549088
1,2084,70179627060,4656540523685,1783476399363903717
0,2034,70214697804,4656571584130,1783476399394964162
2,2070,70215004324,4656571922855,1783476399395302887
3,2053,70215268964,4656572167531,1783476399395547595
1,2085,70215610900,4656572533808,1783476399395913872
0,2035,70246680708,4656603574189,1783476399426954189
2,2071,70247040004,4656603955315,1783476399427335347
1,2086,70247628028,4656604520315,1783476399427900315
3,2054,70247267580,4656608221840,1783476399431601904
0,2036,70278712580,4656639579729,1783476399462959729
2,2072,70283050804,4656639933622,1783476399463313654
3,2055,70279290868,4656640176346,1783476399463556378
1,2087,70279630932,4656640527935,1783476399463907999
0,2037,70314668708,4656671572284,1783476399494952316
2,2073,70315020356,4656671929153,1783476399495309153
3,2056,70315269804,4656672167460,1783476399495547460
1,2088,70315614188,4656672524617,1783476399495904649
0,2038,70346658676,4656703599879,1783476399526979879
1,2089,70347629516,4656704550165,1783476399527930165
2,2074,70347039932,4656707929029,1783476399531309029
3,2057,70347286804,4656708203177,1783476399531583209
0,2039,70378682516,4656739593835,1783476399562973899
2,2075,70383054548,4656739924880,1783476399563304880
3,2058,70379288644,4656740177107,1783476399563557203
1,2090,70379628900,4656740539769,1783476399563919801
0,2040,70414698740,4656771574325,1783476399594954325
2,2076,70415012516,4656771927482,1783476399595307514
3,2059,70415257028,4656772157630,1783476399595537630
1,2091,70415615996,4656772538339,1783476399595918371
0,2041,70446674644,4656803646657,1783476399627026689
1,2092,70447629740,4656804573646,1783476399627953838
2,2077,70447057124,4656807927167,1783476399631307167
3,2060,70447271772,4656808204739,1783476399631584803
0,2042,70482660740,4656839587524,1783476399662967524
2,2078,70483039644,4656839926569,1783476399663306569
3,2061,70479275996,4656840189485,1783476399663569485
1,2093,70483630932,4656840532818,1783476399663912882
0,2043,70514657260,4656871665328,1783476399695045328
2,2079,70515010644,4656871965461,1783476399695345461
3,2062,70515255580,4656872200472,1783476399695580504
1,2094,70515616900,4656872573725,1783476399695953757
0,2044,70546686716,4656907609108,1783476399730989172
2,2080,70547065284,4656907923864,1783476399731303800
3,2063,70547281028,4656908199900,1783476399731579932
1,2095,70547641316,4656908506336,1783476399731886304
0,2045,70578658676,4656939572286,1783476399762952286
2,2081,70583028708,4656939941443,1783476399763321443
3,2064,70579277964,4656940177702,1783476399763557734
1,2096,70583635996,4656940545292,1783476399763925292
0,2046,70614690644,4656971600873,1783476399794980873
2,2082,70615047580,4656971932238,1783476399795312270
3,2065,70615259092,4656972178353,1783476399795558385
1,2097,70615616996,4656972529398,1783476399795909398
0,2047,70646682580,4657007568493,1783476399830948493
2,2083,70647059420,4657007917714,1783476399831297906
3,2066,70647290964,4657008166325,1783476399831546325
1,2098,70647632964,4657008536986,1783476399831916986
0,2048,70682696836,4657039574775,1783476399862954775
2,2084,70683011420,4657039927612,1783476399863307612
3,2067,70683274932,4657040172448,1783476399863552448
1,2099,70683617900,4657040537285,1783476399863917285
0,2049,70714697484,4657071584354,1783476399894964354
1,2100,70715621484,4657072555024,1783476399895935024
2,2085,70715041516,4657076044194,1783476399899424226
3,2068,70715249644,4657076247429,1783476399899627429
0,2050,70746709812,4657107665799,1783476399931045831
2,2086,70747051964,4657107923435,1783476399931303435
3,2069,70747315676,4657108191663,1783476399931571695
1,2101,70747641356,4657108577269,1783476399931957301
0,2051,70782676324,4657139663762,1783476399963043762
2,2087,70783012612,4657139931670,1783476399963311702
3,2070,70783278388,4657140218746,1783476399963598746
1,2102,70783618836,4657140553983,1783476399963933983
0,2052,70814667772,4657171607836,1783476399994987900
1,2103,70815634548,4657172585098,1783476399995965130
2,2088,70815045420,4657176047228,1783476399999427260
3,2071,70815275868,4657176210654,1783476399999590654
0,2053,70846705028,4657207581791,1783476400030961823
2,2089,70851057804,4657207932260,1783476400031312324
3,2072,70847298868,4657208179048,1783476400031559112
1,2104,70847638324,4657208548749,1783476400031928749
0,2054,70882669964,4657239604778,1783476400062984810
2,2090,70883016092,4657239922478,1783476400063302478
3,2073,70883276932,4657240174706,1783476400063554770
1,2105,70883619484,4657240564119,1783476400063944119
0,2055,70914672644,4657271660917,1783476400095040917
1,2106,70915636452,4657272577186,1783476400095957218
2,2091,70915049644,4657275975954,1783476400099356018
3,2074,70915293452,4657276228726,1783476400099608758
0,2056,70946704676,4657307598743,1783476400130978743
2,2092,70951071612,4657307926684,1783476400131306780
3,2075,70947299836,4657308228896,1783476400131608896
1,2107,70947646836,4657308546053,1783476400131926117
0,2057,70982707772,4657339639458,1783476400163019458
2,2093,70983015452,4657339948518,1783476400163328518
3,2076,70983281124,4657340178474,1783476400163558506
1,2108,70983621060,4657340553519,1783476400163933551
0,2058,71014705092,4657371586987,1783476400194966987
1,2109,71015636324,4657372565209,1783476400195945209
2,2094,71015064644,4657375926825,1783476400199306857
3,2077,71015278092,4657376214957,1783476400199594989
0,2059,71046665868,4657407578542,1783476400230958542
2,2095,71051045356,4657407952404,1783476400231332404
3,2078,71047282900,4657408175543,1783476400231555543
1,2110,71051637772,4657408546908,1783476400231926940
0,2060,71082675516,4657439638041,1783476400263018073
2,2096,71083023092,4657439930942,1783476400263310942
3,2079,71083264644,4657440213730,1783476400263593762
1,2111,71083623932,4657440591783,1783476400263971783
0,2061,71114679132,4657475609756,1783476400298989756
2,2097,71115062580,4657475933729,1783476400299313825
3,2080,71115286996,4657476229125,1783476400299609157
1,2112,71115641932,4657476552202,1783476400299932234
0,2062,71146664964,4657507574054,1783476400330954054
2,2098,71151037028,4657507913419,1783476400331293419
3,2081,71147281868,4657508165422,1783476400331545422
1,2113,71151639132,4657508564148,1783476400331944148
0,2063,71182690612,4657539652049,1783476400363032081
2,2099,71183033868,4657539949589,1783476400363329589
1,2114,71183622804,4657540561278,1783476400363941342
3,2082,71183264420,4657544213074,1783476400367593138
0,2064,71214671644,4657575590420,1783476400398970452
2,2100,71215067804,4657575946393,1783476400399326457
3,2083,71215283868,4657576192988,1783476400399573020
1,2115,71215640964,4657576537953,1783476400399918049
0,2065,71246662292,4657607581118,1783476400430961118
2,2101,71251018996,4657607915874,1783476400431295874
3,2084,71251280836,4657608176518,1783476400431556550
1,2116,71251624740,4657608544075,1783476400431924107
0,2066,71282660548,4657639626984,1783476400463007016
3,2085,71283264932,4657640182128,1783476400463562160
1,2117,71283624932,4657640563862,1783476400463943862
2,2102,71283033804,4657643994599,1783476400467374631
0,2067,71314668772,4657675583819,1783476400498963819
2,2103,71315066868,4657675918608,1783476400499298608
3,2086,71315281996,4657676186452,1783476400499566452
1,2118,71315641900,4657676558745,1783476400499938745
0,2068,71350681548,4657707641974,1783476400531021974
2,2104,71351027452,4657707950139,1783476400531330171
3,2087,71351287964,4657708186014,1783476400531566078
1,2119,71351630996,4657708562179,1783476400531942211
0,2069,71382674772,4657739637120,1783476400563017120
1,2120,71383642644,4657740554413,1783476400563934445
2,2105,71383052516,4657743961086,1783476400567341118
3,2088,71383282676,4657744212546,1783476400567592578
0,2070,71414677932,4657775572867,1783476400598952867
2,2106,71419069644,4657775935592,1783476400599315592
3,2089,71415300900,4657776171083,1783476400599551083
1,2121,71415641836,4657776542545,1783476400599922545
0,2071,71450711004,4657807624877,1783476400631004877
2,2107,71451020388,4657807943378,1783476400631323378
3,2090,71451284028,4657808183445,1783476400631563605
1,2122,71451626740,4657808573051,1783476400631953051
0,2072,71482668100,4657839671736,1783476400663051736
1,2123,71483643708,4657840591781,1783476400663971813
2,2108,71483052612,4657843981206,1783476400667361238
3,2091,71483300740,4657844228410,1783476400667608410
0,2073,71514671292,4657875573530,1783476400698953530
2,2109,71519076900,4657875914495,1783476400699294463
3,2092,71515304516,4657876189059,1783476400699569059
1,2124,71515645708,4657876570057,1783476400699950057
0,2074,71550715548,4657907591109,1783476400730971109
2,2110,71551021836,4657907932906,1783476400731312906
3,2093,71551284996,4657908177165,1783476400731557165
1,2125,71551628868,4657908555890,1783476400731935922
0,2075,71582709388,4657939621647,1783476400763001647
1,2126,71583642804,4657940578429,1783476400763958461
2,2111,71583070804,4657943965677,1783476400767345741
3,2094,71583284676,4657944231921,1783476400767611921
0,2076,71614710740,4657975603058,1783476400798983090
2,2112,71619052740,4657975920375,1783476400799300375
3,2095,71615306092,4657976201947,1783476400799581947
1,2127,71615643932,4657976563936,1783476400799944032
0,2077,71650712804,4658007595324,1783476400830975356
2,2113,71651038740,4658007948673,1783476400831328705
3,2096,71651269156,4658008174117,1783476400831554149
1,2128,71651630996,4658008553482,1783476400831933482
0,2078,71682679676,4658043603936,1783476400866983968
2,2114,71683070027,4658043942917,1783476400867322917
3,2097,71683268932,4658044205832,1783476400867585832
1,2129,71683645964,4658044541581,1783476400867921613
0,2079,71714669484,4658075615114,1783476400898995146
2,2115,71719040484,4658075947535,1783476400899327535
3,2098,71715288740,4658076182578,1783476400899562610
1,2130,71719646028,4658076578104,1783476400899958136
0,2080,71750704580,4658107600436,1783476400930980468
2,2116,71751043804,4658107997914,1783476400931377914
1,2131,71751631964,4658108560610,1783476400931940642
3,2099,71751273516,4658112279095,1783476400935659159
0,2081,71782679708,4658143664984,1783476400967044984
2,2117,71783075964,4658143988413,1783476400967368413
3,2100,71783292740,4658144225120,1783476400967605120
1,2132,71783647060,4658144562245,1783476400967942245
0,2082,71814673164,4658175605282,1783476400998985314
2,2118,71819033612,4658175967495,1783476400999347495
3,2101,71819291772,4658176198314,1783476400999578346
1,2133,71819640124,4658176549359,1783476400999929359
0,2083,71850703516,4658207603659,1783476401030983659
3,2102,71851274868,4658208209428,1783476401031589492
2,2119,71851060388,4658211992586,1783476401035372586
1,2134,71851633836,4658212570994,1783476401035950994
0,2084,71882706580,4658243619662,1783476401066999662
2,2120,71883084028,4658243934322,1783476401067314386
3,2103,71883289996,4658244208022,1783476401067588054
1,2135,71883651708,4658244569468,1783476401067949532
0,2085,71918712908,4658275612311,1783476401098992311
2,2121,71919026644,4658275935708,1783476401099315740
3,2104,71919298995,4658276188576,1783476401099568608
1,2136,71919637740,4658276586821,1783476401099966853
0,2086,71950706324,4658307619745,1783476401130999745
2,2122,71951084804,4658307969702,1783476401131349702
1,2137,71951648964,4658308595279,1783476401131975311
3,2105,71951277580,4658312221859,1783476401135601859
0,2087,71982718484,4658343637156,1783476401167017188
2,2123,71983062868,4658343943464,1783476401167323464
3,2106,71983292900,4658344201804,1783476401167581868
1,2138,71983648772,4658344595506,1783476401167975506
0,2088,72018684420,4658375595373,1783476401198975405
2,2124,72019029612,4658375935954,1783476401199315954
3,2107,72019294900,4658376188053,1783476401199568117
1,2139,72019634868,4658376574203,1783476401199954235
0,2089,72050696036,4658407607542,1783476401230987574
1,2140,72051650196,4658408590949,1783476401231970949
2,2125,72051064908,4658411971349,1783476401235351381
3,2108,72051308580,4658412241689,1783476401235621721
0,2090,72082745196,4658443593017,1783476401266973017
2,2126,72087076772,4658443934846,1783476401267314974
3,2109,72083309772,4658444229570,1783476401267609602
1,2141,72083660996,4658444575495,1783476401267955559
0,2091,72118720452,4658475577794,1783476401298957890
2,2127,72119042580,4658475930407,1783476401299310439
3,2110,72119324868,4658476192907,1783476401299572939
1,2142,72119692772,4658476595985,1783476401299976017
0,2092,72150721676,4658507601612,1783476401330981644
1,2143,72151653644,4658508573498,1783476401331953530
2,2128,72151086612,4658511991787,1783476401335371819
3,2111,72151296060,4658512216302,1783476401335596366
0,2093,72182747356,4658543598415,1783476401366978447
2,2129,72187060932,4658543922355,1783476401367302387
3,2112,72183298964,4658544206519,1783476401367586583
1,2144,72183655060,4658544574173,1783476401367954173
0,2094,72218719868,4658575615640,1783476401398995640
2,2130,72219060548,4658575955261,1783476401399335261
3,2113,72219276548,4658576191457,1783476401399571457
1,2145,72219636932,4658576564550,1783476401399944582
0,2095,72250723740,4658611602235,1783476401434982235
2,2131,72251085612,4658611946176,1783476401435326208
3,2114,72251299060,4658612202595,1783476401435582595
1,2146,72251657708,4658612549544,1783476401435929576
0,2096,72282675644,4658643609220,1783476401466989220
2,2132,72287063644,4658643949417,1783476401467329481
3,2115,72283295964,4658644183949,1783476401467563981
1,2147,72287653028,4658644557458,1783476401467937554
0,2097,72318710900,4658675595822,1783476401498975854
2,2133,72319056580,4658675936979,1783476401499317011
3,2116,72319282060,4658676187798,1783476401499567798
1,2148,72319640996,4658676565372,1783476401499945372
0,2098,72350690836,4658711603793,1783476401534983825
2,2134,72351082836,4658711942773,1783476401535322773
3,2117,72351293188,4658712194905,1783476401535574969
1,2149,72351653804,4658712532862,1783476401535912862
0,2099,72382678580,4658743603610,1783476401566983610
2,2135,72387033516,4658743944895,1783476401567324927
3,2118,72387294996,4658744188258,1783476401567568386
1,2150,72387638804,4658744563016,1783476401567943016
0,2100,72418707772,4658775603172,1783476401598983172
2,2136,72419057900,4658775963561,1783476401599343561
1,2151,72419640932,4658776562513,1783476401599942545
3,2119,72419280676,4658780234054,1783476401603614086
0,2101,72450723324,4658811642375,1783476401635022407
2,2137,72451083612,4658811954539,1783476401635334539
3,2120,72451297836,4658812201135,1783476401635581167
1,2152,72451656452,4658812568660,1783476401635948660
0,2102,72486694676,4658843587087,1783476401666967087
2,2138,72487054580,4658843964405,1783476401667344437
3,2121,72487302676,4658844223769,1783476401667603801
1,2153,72487697836,4658844598974,1783476401667979006
0,2103,72518715060,4658875614041,1783476401698994073
2,2139,72519069644,4658875967518,1783476401699347550
1,2154,72519655900,4658876570503,1783476401699950503
3,2122,72519298676,4658880219899,1783476401703599899
0,2104,72550685228,4658911657405,1783476401735037405
2,2140,72551068740,4658911972801,1783476401735352801
3,2123,72551300644,4658912210597,1783476401735590629
1,2155,72551655932,4658912579018,1783476401735959050
0,2105,72586746292,4658943662886,1783476401767042886
2,2141,72587038964,4658943953610,1783476401767333610
3,2124,72587301708,4658944203726,1783476401767583726
1,2156,72587643388,4658944607476,1783476401767987476
0,2106,72618715548,4658975618607,1783476401798998639
1,2157,72619659612,4658976581725,1783476401799961725
2,2142,72619067612,4658979973901,1783476401803353901
3,2125,72619299644,4658980231729,1783476401803611761
0,2107,72650681932,4659011605266,1783476401834985266
2,2143,72655086996,4659011938838,1783476401835318838
3,2126,72651316900,4659012204762,1783476401835584794
1,2158,72651657804,4659012575455,1783476401835955487
0,2108,72686718292,4659043612603,1783476401866992603
2,2144,72687038092,4659043950112,1783476401867330112
3,2127,72687301964,4659044195140,1783476401867575140
1,2159,72687641868,4659044580713,1783476401867960713
0,2109,72718698388,4659075669733,1783476401899049765
1,2160,72719656292,4659076590803,1783476401899970803
2,2145,72719085196,4659079988227,1783476401903368227
3,2128,72719316708,4659080233575,1783476401903613607
0,2110,72750711164,4659111638408,1783476401935018440
2,2146,72755091644,4659111950828,1783476401935330828
3,2129,72751321900,4659112198064,1783476401935578064
1,2161,72751660772,4659112585493,1783476401935965493
0,2111,72786703228,4659143684786,1783476401967064786
2,2147,72787037548,4659143999350,1783476401967379350
3,2130,72787288612,4659144212249,1783476401967592249
1,2162,72787645804,4659144609247,1783476401967989247
0,2112,72818727452,4659175634651,1783476401999014715
1,2163,72819670092,4659176584872,1783476401999964904
2,2148,72819099548,4659179967897,1783476402003347929
3,2131,72819306548,4659180237212,1783476402003617244
0,2113,72850720740,4659211620509,1783476402035000573
2,2149,72855071964,4659211938465,1783476402035318497
3,2132,72851305771,4659212186437,1783476402035566469
1,2164,72855661996,4659212567434,1783476402035947434
0,2114,72886714900,4659243623109,1783476402067003141
2,2150,72887054964,4659243967562,1783476402067347626
1,2165,72887700580,4659244579539,1783476402067959539
3,2133,72887285028,4659248236199,1783476402071616391
0,2115,72918729644,4659279663016,1783476402103043048
2,2151,72919087932,4659279974924,1783476402103354956
3,2134,72919302356,4659280218384,1783476402103598384
1,2166,72919660804,4659280577269,1783476402103957269
0,2116,72950696228,4659311644145,1783476402135024177
2,2152,72955055964,4659311953493,1783476402135333557
3,2135,72955302547,4659312207289,1783476402135587289
1,2167,72955661740,4659312569886,1783476402135949918
0,2117,72986691100,4659343635929,1783476402167015961
2,2153,72987077900,4659343975582,1783476402167355646
3,2136,72987287932,4659344199969,1783476402167580001
1,2168,72987647028,4659344566823,1783476402167946823
0,2118,73018703484,4659379613979,1783476402202994011
2,2154,73019086868,4659379940832,1783476402203320864
3,2137,73019302932,4659380220676,1783476402203600676
1,2169,73019656964,4659380549096,1783476402203929128
0,2119,73054706356,4659411644484,1783476402235024516
2,2155,73055062836,4659411964617,1783476402235344649
3,2138,73055305708,4659412231181,1783476402235611181
1,2170,73055648156,4659412584946,1783476402235964946
0,2120,73086720804,4659443652077,1783476402267032109
1,2171,73087662580,4659444591483,1783476402267971483
2,2156,73087017803,4659448082573,1783476402271462605
3,2139,73087303708,4659448262351,1783476402271642351
0,2121,73118702452,4659479628239,1783476402303008239
2,2157,73119078676,4659479939699,1783476402303319699
3,2140,73119312483,4659480234648,1783476402303614648
1,2172,73119677996,4659480574236,1783476402303954268
0,2122,73154699060,4659511606487,1783476402334986487
2,2158,73155043452,4659511944828,1783476402335324860
3,2141,73155304996,4659512182432,1783476402335562432
1,2173,73155648996,4659512557797,1783476402335937797
0,2123,73186713708,4659543632417,1783476402367012449
2,2159,73187075836,4659544037031,1783476402367417063
1,2174,73187665900,4659544572558,1783476402367952590
3,2142,73187304452,4659548315492,1783476402371695492
0,2124,73218729516,4659579611522,1783476402402991522
2,2160,73223089740,4659579930375,1783476402403310407
3,2143,73219325900,4659580196587,1783476402403576587
1,2175,73219668868,4659580570064,1783476402403950096
0,2125,73254701676,4659611604843,1783476402434984843
2,2161,73255044060,4659611943152,1783476402435323152
3,2144,73255307028,4659612181779,1783476402435561779
1,2176,73255650964,4659612562233,1783476402435942233
0,2126,73286689484,4659643625844,1783476402467005844
1,2177,73287665804,4659644563714,1783476402467943714
2,2162,73287075516,4659648034163,1783476402471414195
3,2145,73287306836,4659648238934,1783476402471618966
0,2127,73318716964,4659679661399,1783476402503041399
2,2163,73323095060,4659679955995,1783476402503336027
3,2146,73319329932,4659680232575,1783476402503612575
1,2178,73319675996,4659680565828,1783476402503945828
0,2128,73354729868,4659711603039,1783476402534983071
2,2164,73355061868,4659711958276,1783476402535338340
3,2147,73355290996,4659712214472,1783476402535594504
1,2179,73355651868,4659712577805,1783476402535957805
0,2129,73386705452,4659743632328,1783476402567012328
1,2180,73387667932,4659744578422,1783476402567958454
2,2165,73387091996,4659747978374,1783476402571358406
3,2148,73387322964,4659748230442,1783476402571610506
0,2130,73418731228,4659779639978,1783476402603020010
2,2166,73423081060,4659779979567,1783476402603359567
3,2149,73419311388,4659780237075,1783476402603617107
1,2181,73423666708,4659780587448,1783476402603967448
0,2131,73454691516,4659811693844,1783476402635073876
2,2167,73455087388,4659811998616,1783476402635378616
3,2150,73455296644,4659812222939,1783476402635602971
1,2182,73455653900,4659812589089,1783476402635969089
0,2132,73486741804,4659847648917,1783476402671028917
2,2168,73487093452,4659847969594,1783476402671349594
3,2151,73487309028,4659848221309,1783476402671601309
1,2183,73487671964,4659848568578,1783476402671948610
0,2133,73518700804,4659879674527,1783476402703054527
2,2169,73523065708,4659879958755,1783476402703338787
3,2152,73523308676,4659880219558,1783476402703599558
1,2184,73523670060,4659880575563,1783476402703955627
0,2134,73554696388,4659911625511,1783476402735005447
2,2170,73555087388,4659911963468,1783476402735343468
3,2153,73555296220,4659912182447,1783476402735562383
1,2185,73555655028,4659912569012,1783476402735949012
0,2135,73586693100,4659947682633,1783476402771062665
2,2171,73587102644,4659947980398,1783476402771360430
3,2154,73587330772,4659948232241,1783476402771612241
1,2186,73587677028,4659948620247,1783476402772000279
0,2136,73622739996,4659979660402,1783476402803040434
2,2172,73623049708,4659979973687,1783476402803353687
3,2155,73623313644,4659980222682,1783476402803602682
1,2187,73623654060,4659980587391,1783476402803967423
0,2137,73654732644,4660011633691,1783476402835013723
3,2156,73655312964,4660012203203,1783476402835583203
1,2188,73655672484,4660012591848,1783476402835971848
2,2173,73655114580,4660015985753,1783476402839365753
0,2138,73686737100,4660047664637,1783476402871044669
2,2174,73687087484,4660047974113,1783476402871354113
3,2157,73687311580,4660048232101,1783476402871612101
1,2189,73687670900,4660048581066,1783476402871961162
0,2139,73722742836,4660079624901,1783476402903004933
2,2175,73723049516,4660079993227,1783476402903373227
3,2158,73723314708,4660080216270,1783476402903596270
1,2190,73723655708,4660080596371,1783476402903976371
0,2140,73754730996,4660111625806,1783476402935005838
2,2176,73755081772,4660111996755,1783476402935376787
3,2159,73755313772,4660116255472,1783476402939635504
1,2191,73755672836,4660116587861,1783476402939967861
0,2141,73786702420,4660147658737,1783476402971038737
2,2177,73791104996,4660148058582,1783476402971438614
3,2160,73787331836,4660148380571,1783476402971760635
1,2192,73787679356,4660148633823,1783476402972013855
0,2142,73822725068,4660179650777,1783476403003030777
2,2178,73823062580,4660179991166,1783476403003371198
3,2161,73823420964,4660180211073,1783476403003591073
1,2193,73823666644,4660180602375,1783476403003982407
0,2143,73854727548,4660211718595,1783476403035098595
1,2194,73855673124,4660212586031,1783476403035966063
2,2179,73855081964,4660215973151,1783476403039353183
3,2162,73855313868,4660216265187,1783476403039645219
0,2144,73886719836,4660247614882,1783476403070994882
2,2180,73891097708,4660247966887,1783476403071346919
3,2163,73887331836,4660248237131,1783476403071617163
1,2195,73887672964,4660248587792,1783476403071967792
0,2145,73922711132,4660279655211,1783476403103035243
2,2181,73923054220,4660279971600,1783476403103351600
3,2164,73923331676,4660280238612,1783476403103618612
1,2196,73923659028,4660280588889,1783476403103968889
1,2197,73955675068,4660312618785,1783476403135998817
0,2146,73954713092,4660315619372,1783476403138999372
2,2182,73955121188,4660315973297,1783476403139353297
3,2165,73955316900,4660316246677,1783476403139626709
0,2147,73986705836,4660347610068,1783476403170990068
2,2183,73991083932,4660347959129,1783476403171339193
3,2166,73987317060,4660348217693,1783476403171597693
1,2198,73991673868,4660348573410,1783476403171953410
0,2148,74022722708,4660379627421,1783476403203007453
2,2184,74023075060,4660379956449,1783476403203336449
3,2167,74023302644,4660380212773,1783476403203592773
1,2199,74023659836,4660380592458,1783476403203972458
0,2149,74054711068,4660415643358,1783476403239023358
2,2185,74055100964,4660415971395,1783476403239351395
3,2168,74055316708,4660416229158,1783476403239609158
1,2200,74055675964,4660416581356,1783476403239961356
0,2150,74086700260,4660447616070,1783476403270996006
2,2186,74091082284,4660447939403,1783476403271319371
3,2169,74091320676,4660448247567,1783476403271627599
1,2201,74091681156,4660448580756,1783476403271960724
0,2151,74122723740,4660479621774,1783476403303001774
2,2187,74123082964,4660479964499,1783476403303344499
1,2202,74123671996,4660480579388,1783476403303959388
3,2170,74123312868,4660484266897,1783476403307646929
0,2152,74154702708,4660515565999,1783476403338946031
2,2188,74155100836,4660515932788,1783476403339312820
3,2171,74155316932,4660516218360,1783476403339598360
1,2203,74155676124,4660516557981,1783476403339938013
0,2153,74190762804,4660547582935,1783476403370962935
2,2189,74191054708,4660547954621,1783476403371334717
3,2172,74191316996,4660548206528,1783476403371586560
1,2204,74191660060,4660548571109,1783476403371951109
0,2154,74222731836,4660579665057,1783476403403045057
1,2205,74223661676,4660580578062,1783476403403958062
2,2190,74223070740,4660584116096,1783476403407496128
3,2173,74223301708,4660584242530,1783476403407622530
0,2155,74254754804,4660615597281,1783476403438977313
2,2191,74255101804,4660615942406,1783476403439322438
3,2174,74255321900,4660616216010,1783476403439596138
1,2206,74255678932,4660616557487,1783476403439937487
0,2156,74290710580,4660647631978,1783476403471012010
2,2192,74291054996,4660647947150,1783476403471327182
3,2175,74291317868,4660648235730,1783476403471615954
1,2207,74291660868,4660648590967,1783476403471970999
0,2157,74322704420,4660679629074,1783476403503009074
2,2193,74323089676,4660679967991,1783476403503348023
1,2208,74323680868,4660680587872,1783476403503967872
3,2176,74323319420,4660684273044,1783476403507653236
0,2158,74354736068,4660715675444,1783476403539055444
2,2194,74359102060,4660715969976,1783476403539350008
3,2177,74355336740,4660716281277,1783476403539661277
1,2209,74355678868,4660716633634,1783476403540013730
0,2159,74390813132,4660747711549,1783476403571091997
2,2195,74391122676,4660747979585,1783476403571359585
3,2178,74391346612,4660748269189,1783476403571649221
1,2210,74391677868,4660748629258,1783476403572009258
0,2160,74422733164,4660779653604,1783476403603033636
1,2211,74423686932,4660780596434,1783476403603976498
2,2196,74423112548,4660784064803,1783476403607444803
3,2179,74423322644,4660784288518,1783476403607668518
0,2161,74454704132,4660815647269,1783476403639027269
2,2197,74459111772,4660815968106,1783476403639348170
3,2180,74455339900,4660816257230,1783476403639637230
1,2212,74455695868,4660816611539,1783476403639991539
0,2162,74490749484,4660847635085,1783476403671015117
2,2198,74491067900,4660847981170,1783476403671361170
3,2181,74491311836,4660848215446,1783476403671595446
1,2213,74491672868,4660848616443,1783476403671996443
0,2163,74522754548,4660879631222,1783476403703011254
1,2214,74523682420,4660880591907,1783476403703971907
2,2199,74523111804,4660883990964,1783476403707370996
3,2182,74523322932,4660884246551,1783476403707626551
0,2164,74554705484,4660915612855,1783476403738992855
2,2200,74559093676,4660915969980,1783476403739350172
3,2183,74555325900,4660916222111,1783476403739602111
1,2215,74559687028,4660916595077,1783476403739975109
0,2165,74590734868,4660947661984,1783476403771041984
2,2201,74591064060,4660947996036,1783476403771376068
3,2184,74591306964,4660948213672,1783476403771593736
1,2216,74591665676,4660948605389,1783476403771985421
0,2166,74622720548,4660983641089,1783476403807021121
2,2202,74623111580,4660983985542,1783476403807365638
3,2185,74623328740,4660984226025,1783476403807606025
1,2217,74623682740,4660984609358,1783476403807989390
0,2167,74654706804,4661015621513,1783476403839001545
2,2203,74659100900,4661015967214,1783476403839347214
3,2186,74659327708,4661016210609,1783476403839590641
1,2218,74659668836,4661016594614,1783476403839974614
0,2168,74690706708,4661047639057,1783476403871019249
2,2204,74691084028,4661047965590,1783476403871345622
3,2187,74691309964,4661048211929,1783476403871591961
1,2219,74691667932,4661048595519,1783476403871975551
0,2169,74722748164,4661083709747,1783476403907089747
2,2205,74723116836,4661084060600,1783476403907440632
3,2188,74723342028,4661084259899,1783476403907639899
1,2220,74723684676,4661084619584,1783476403907999616
0,2170,74758739644,4661115644379,1783476403939024411
2,2206,74759081772,4661115985920,1783476403939365920
3,2189,74759339804,4661116232771,1783476403939612771
1,2221,74759690675,4661116617545,1783476403939997577
0,2171,74790707484,4661147712516,1783476403971092516
2,2207,74791078644,4661148048809,1783476403971428809
1,2222,74791668900,4661148610705,1783476403971990705
3,2190,74791308420,4661152298949,1783476403975678949
0,2172,74822756388,4661183646116,1783476404007026148
2,2208,74823101740,4661183971817,1783476404007351817
3,2191,74823330772,4661184236781,1783476404007616813
1,2223,74823691964,4661184596626,1783476404007976658
0,2173,74858758932,4661215618539,1783476404038998539
2,2209,74859074900,4661215975505,1783476404039355537
3,2192,74859329092,4661216205364,1783476404039585364
1,2224,74859669996,4661216579321,1783476404039959321
0,2174,74890737028,4661247629779,1783476404071009811
2,2210,74891095996,4661247988792,1783476404071368792
1,2225,74891686964,4661248583905,1783476404071963905
3,2193,74891324836,4661252261653,1783476404075641717
0,2175,74922748804,4661283629172,1783476404107009204
2,2211,74927149580,4661284036634,1783476404107416634
3,2194,74923345028,4661284255549,1783476404107635581
1,2226,74923685676,4661284601794,1783476404107981794
0,2176,74958749356,4661315652380,1783476404139032380
2,2212,74959065868,4661316054850,1783476404139434914
3,2195,74959328900,4661316229828,1783476404139609860
1,2227,74959669900,4661316602569,1783476404139982601
0,2177,74990743484,4661347651011,1783476404171031011
1,2228,74991686932,4661348604657,1783476404171984689
2,2213,74991120612,4661352029698,1783476404175409698
3,2196,74991344772,4661352262309,1783476404175642341
0,2178,75022752772,4661383652644,1783476404207032644
2,2214,75027127676,4661383977833,1783476404207357897
3,2197,75023346124,4661384226956,1783476404207606988
1,2229,75023686708,4661384598322,1783476404207978322
0,2179,75058725324,4661415673836,1783476404239053836
2,2215,75059066708,4661415988432,1783476404239368464
3,2198,75059313868,4661416239860,1783476404239619860
1,2230,75059672932,4661416588377,1783476404239968409
0,2180,75090762484,4661447671988,1783476404271052020
1,2231,75091690028,4661448600193,1783476404271980193
2,2216,75091120196,4661451998097,1783476404275378097
3,2199,75091336836,4661452268533,1783476404275648629
0,2181,75126770644,4661483632468,1783476404307012500
2,2217,75127106900,4661483973848,1783476404307353848
3,2200,75123332932,4661484241564,1783476404307621596
1,2232,75127690964,4661484607009,1783476404307987042
0,2182,75158706644,4661515643995,1783476404339023995
2,2218,75159067740,4661515966944,1783476404339346976
3,2201,75159327060,4661516203715,1783476404339583715
1,2233,75159681060,4661516582665,1783476404339962665
0,2183,75190728644,4661551649692,1783476404375029724
2,2219,75191123996,4661551980705,1783476404375360705
3,2202,75191344092,4661552250853,1783476404375630885
1,2234,75191698964,4661552606090,1783476404375986122
0,2184,75222711932,4661583657412,1783476404407037444
2,2220,75227082772,4661583983048,1783476404407363048
3,2203,75223331060,4661584232140,1783476404407612172
1,2235,75227693900,4661584601329,1783476404407981361
0,2185,75258728324,4661615639723,1783476404439019819
2,2221,75259083868,4661615986736,1783476404439366768
1,2236,75259675900,4661616608089,1783476404439988089
3,2204,75259314060,4661620254989,1783476404443635053
0,2186,75290715964,4661651630924,1783476404475010924
2,2222,75291113996,4661651964464,1783476404475344464
3,2205,75291330484,4661652245076,1783476404475625076
1,2237,75291691060,4661652579321,1783476404475959321
0,2187,75326723804,4661683633043,1783476404507013139
2,2223,75327068740,4661684034937,1783476404507414937
3,2206,75327332740,4661684263676,1783476404507643708
1,2238,75327674996,4661684587649,1783476404507967649
0,2188,75358746836,4661715660667,1783476404539040699
1,2239,75359676932,4661716592617,1783476404539972649
2,2224,75359088580,4661720059930,1783476404543439962
3,2207,75359316484,4661720304414,1783476404543684414
0,2189,75390771900,4661751636956,1783476404575017020
2,2225,75391117740,4661751973344,1783476404575353376
3,2208,75391355388,4661752240612,1783476404575620644
1,2240,75391697996,4661752602025,1783476404575982057
0,2190,75426731028,4661783639299,1783476404607019299
2,2226,75427072836,4661783977416,1783476404607357448
3,2209,75427333708,4661784226924,1783476404607606924
1,2241,75427677740,4661784605489,1783476404607985489
0,2191,75458719132,4661815675115,1783476404639055147
1,2242,75459695164,4661816649465,1783476404640029497
2,2227,75459117836,4661820053674,1783476404643433674
3,2210,75459336612,4661820287117,1783476404643667117
0,2192,75490719836,4661851639340,1783476404675019340
2,2228,75495123996,4661851962000,1783476404675342032
3,2211,75491351644,4661852246740,1783476404675626740
1,2243,75491692932,4661852595225,1783476404675975225
0,2193,75526793188,4661883640083,1783476404707020115
2,2229,75527076836,4661883973752,1783476404707353784
3,2212,75527334452,4661884243068,1783476404707623100
1,2244,75527677868,4661884586433,1783476404707966433
0,2194,75558770580,4661915651675,1783476404739031675
1,2245,75559749612,4661916602409,1783476404739982409
2,2230,75559115772,4661920032089,1783476404743412121
3,2213,75559355803,4661920259933,1783476404743639933
0,2195,75590717388,4661951670652,1783476404775050684
2,2231,75595119836,4661951981568,1783476404775361600
3,2214,75591353676,4661952258084,1783476404775638116
1,2246,75591703028,4661952609385,1783476404775989385
0,2196,75626767708,4661983662435,1783476404807042467
2,2232,75627097900,4661983970952,1783476404807350984
3,2215,75627340580,4661984230251,1783476404807610283
1,2247,75627680932,4661984592849,1783476404807972849
0,2197,75658766996,4662015692779,1783476404839072811
1,2248,75659698644,4662016638617,1783476404840018617
2,2233,75659125644,4662020037545,1783476404843417545
3,2216,75659338740,4662020290317,1783476404843670349
0,2198,75690744644,4662051653483,1783476404875033483
2,2234,75695106964,4662051982608,1783476404875362608
3,2217,75691348740,4662052285780,1783476404875665780
1,2249,75695696804,4662052623833,1783476404876003833
0,2199,75726718932,4662083678579,1783476404907058579
2,2235,75727074676,4662084067065,1783476404907447065
3,2218,75727322676,4662084296348,1783476404907676380
1,2250,75727679708,4662084659457,1783476404908039489
0,2200,75758786996,4662119663220,1783476404943043252
2,2236,75759133868,4662120013881,1783476404943393913
3,2219,75759351772,4662120263932,1783476404943643932
1,2251,75759716580,4662120637954,1783476404944017954
0,2201,75790730932,4662151695836,1783476404975075836
2,2237,75795098996,4662151992544,1783476404975372576
3,2220,75791347548,4662152262948,1783476404975642948
1,2252,75795700676,4662152648618,1783476404976028650
0,2202,75826756836,4662183672899,1783476405007053251
2,2238,75827095612,4662184048553,1783476405007428585
1,2253,75827698932,4662184604272,1783476405007984272
3,2221,75827323196,4662188276069,1783476405011656069
0,2203,75858753836,4662219662019,1783476405043042019
2,2239,75859121964,4662219999176,1783476405043379176
3,2222,75859342028,4662220229643,1783476405043609643
1,2254,75859698708,4662220627601,1783476405044007601
0,2204,75890722900,4662251640202,1783476405075020202
2,2240,75895077836,4662251983919,1783476405075363919
3,2223,75895343092,4662252219602,1783476405075599602
1,2255,75895682580,4662252606103,1783476405075986135
0,2205,75926756964,4662283644337,1783476405107024337
2,2241,75927095292,4662284037750,1783476405107417782
1,2256,75927684836,4662284617727,1783476405107997791
3,2224,75927324580,4662288272435,1783476405111652435
0,2206,75958736708,4662319663185,1783476405143043217
2,2242,75959124164,4662320036822,1783476405143416822
3,2225,75959360900,4662320247481,1783476405143627545
1,2257,75959697220,4662320600126,1783476405143980126
0,2207,75994768740,4662351641528,1783476405175021528
2,2243,75995122964,4662351990781,1783476405175370813
3,2226,75995332092,4662352223200,1783476405175603200
1,2258,75995684291,4662352628134,1783476405176008134
0,2208,76026723708,4662383648223,1783476405207028223
1,2259,76027701388,4662384613196,1783476405207993228
2,2244,76027110292,4662388095230,1783476405211475230
3,2227,76027342060,4662388274305,1783476405211654305
0,2209,76058766611,4662419646623,1783476405243026687
2,2245,76063131996,4662419965443,1783476405243345443
3,2228,76059360932,4662420252775,1783476405243632807
1,2260,76059699740,4662420629389,1783476405244009389
0,2210,76094763739,4662451645830,1783476405275025830
2,2246,76095079900,4662451995467,1783476405275375499
3,2229,76095342188,4662452246254,1783476405275626254
1,2261,76095700516,4662452619123,1783476405275999123
0,2211,76126723772,4662483647597,1783476405307027629
1,2262,76127700740,4662484603962,1783476405307983962
2,2247,76127110836,4662488034443,1783476405311414443
3,2230,76127342060,4662488261230,1783476405311641230
0,2212,76158733932,4662519620812,1783476405343000844
2,2248,76163120060,4662519960913,1783476405343340945
3,2231,76159358964,4662520244213,1783476405343624245
1,2263,76159698644,4662520597786,1783476405343977786
0,2213,76194750707,4662551651060,1783476405375031092
2,2249,76195072868,4662551982200,1783476405375362264
3,2232,76195336964,4662552221916,1783476405375601948
1,2264,76195680676,4662552607201,1783476405375987201
0,2214,76226736452,4662583691035,1783476405407071035
1,2265,76227697612,4662584631689,1783476405408011689
2,2250,76227126420,4662588060953,1783476405411440953
3,2233,76227347836,4662588282717,1783476405411662717
0,2215,76258727835,4662619657659,1783476405443037691
2,2251,76263113060,4662619969535,1783476405443349535
3,2234,76259360452,4662620249091,1783476405443629123
1,2266,76259702868,4662620599496,1783476405443979528
0,2216,76294717100,4662651687970,1783476405475067970
2,2252,76295079420,4662652023079,1783476405475403079
3,2235,76295327772,4662652232298,1783476405475612298
1,2267,76295687612,4662652614831,1783476405475994831
0,2217,76326758836,4662687693794,1783476405511073954
2,2253,76327128612,4662688040519,1783476405511420519
3,2236,76327344964,4662688273482,1783476405511653482
1,2268,76327702516,4662688625647,1783476405512005647
0,2218,76358727740,4662719656329,1783476405543036329
2,2254,76363136060,4662719969005,1783476405543349037
3,2237,76359348092,4662720227985,1783476405543607985
1,2269,76363703740,4662720615350,1783476405543995350
0,2219,76394719708,4662751667248,1783476405575047280
2,2255,76395098156,4662751995220,1783476405575375252
1,2270,76395688644,4662752616125,1783476405575996125
3,2238,76395329028,4662756295730,1783476405579675730
1,2271,76427707324,4662784631716,1783476405608011780
0,2220,76426771868,4662787666224,1783476405611046256
2,2256,76427135932,4662788041813,1783476405611421845
3,2239,76427365964,4662788256184,1783476405611636248
0,2221,76458732548,4662819675703,1783476405643055735
2,2257,76463086028,4662819996507,1783476405643376507
3,2240,76463347964,4662820242015,1783476405643622015
1,2272,76463688516,4662820644773,1783476405644024773
0,2222,76494728867,4662851662718,1783476405675042750
2,2258,76495105964,4662852048227,1783476405675428259
1,2273,76495689740,4662852618635,1783476405675998667
3,2241,76495331420,4662856280223,1783476405679660255
0,2223,76526742580,4662887658845,1783476405711038877
2,2259,76527133836,4662887988994,1783476405711369058
3,2242,76527350188,4662888242854,1783476405711622854
1,2274,76527706452,4662888623467,1783476405712003467
0,2224,76562774676,4662919647300,1783476405743027300
2,2260,76563085836,4662919977705,1783476405743357737
3,2243,76563347900,4662920227341,1783476405743607341
1,2275,76563690612,4662920609650,1783476405743989650
0,2225,76594740804,4662951681164,1783476405775061164
2,2261,76595131868,4662952060401,1783476405775440433
1,2276,76595706388,4662952633593,1783476405776013625
3,2244,76595329804,4662956275501,1783476405779655533
0,2226,76626773932,4662987636235,1783476405811016267
2,2262,76627124612,4662987994672,1783476405811374704
3,2245,76627354580,4662988246708,1783476405811626740
1,2277,76627713804,4662988603193,1783476405811983257
0,2227,76662773868,4663019655346,1783476405843035346
2,2263,76663090060,4663019982455,1783476405843362455
3,2246,76663350996,4663020234363,1783476405843614363
1,2278,76663692324,4663020633216,1783476405844013248
0,2228,76694739868,4663051700666,1783476405875080666
1,2279,76695711612,4663052657928,1783476405876037928
2,2264,76695143388,4663056081208,1783476405879461208
3,2247,76695362388,4663056307836,1783476405879687836
0,2229,76726737188,4663087667129,1783476405911047129
2,2265,76731134996,4663087979742,1783476405911359742
3,2248,76727367420,4663088295298,1783476405911675298
1,2280,76727723932,4663088630407,1783476405912010439
0,2230,76762771868,4663119666912,1783476405943046912
2,2266,76763073708,4663120034374,1783476405943414374
3,2249,76763351740,4663120231465,1783476405943611465
1,2281,76763695324,4663120640334,1783476405944020302
0,2231,76794787484,4663151741129,1783476405975121129
1,2282,76795716388,4663152655862,1783476405976035862
2,2267,76795143740,4663156139431,1783476405979519431
3,2250,76795353612,4663156297065,1783476405979677065
0,2232,76826747356,4663187705384,1783476406011085384
2,2268,76831117612,4663187999180,1783476406011379212
3,2251,76827372092,4663188281936,1783476406011661936
1,2283,76827712452,4663188649429,1783476406012029429
0,2233,76862763740,4663219668622,1783476406043048654
2,2269,76863087964,4663220111860,1783476406043491892
3,2252,76863336996,4663220234582,1783476406043614582
1,2284,76863696356,4663220631995,1783476406044011995
0,2234,76894779644,4663255677901,1783476406079057901
2,2270,76895139676,4663255994578,1783476406079374578
3,2253,76895349836,4663256312054,1783476406079692054
1,2285,76895710836,4663256632923,1783476406080012955
0,2235,76926735772,4663287669363,1783476406111049395
2,2271,76931121580,4663287983800,1783476406111363800
3,2254,76927354900,4663288229819,1783476406111609851
1,2286,76931711708,4663288626561,1783476406112006561
0,2236,76962771324,4663319718362,1783476406143098394
2,2272,76963108516,4663320068287,1783476406143448351
3,2255,76963338092,4663320252386,1783476406143632386
1,2287,76963697132,4663320655112,1783476406144035112
0,2237,76994805644,4663355677849,1783476406179057881
2,2273,76995140644,4663356016830,1783476406179396862
3,2256,76995352964,4663356255169,1783476406179635169
1,2288,76995712836,4663356606438,1783476406179986438
0,2238,77026735420,4663387670271,1783476406211050271
2,2274,77031092644,4663388076133,1783476406211456133
3,2257,77031354964,4663388231879,1783476406211611879
1,2289,77031696932,4663388606701,1783476406211986733
0,2239,77062765068,4663419682214,1783476406243062246
2,2275,77063118452,4663420091852,1783476406243471852
1,2290,77063696964,4663420666452,1783476406244046548
3,2258,77063338612,4663424276647,1783476406247656679
0,2240,77094770324,4663455689413,1783476406279069413
2,2276,77095137644,4663456042218,1783476406279422218
3,2259,77095357932,4663456253485,1783476406279633485
1,2291,77095714900,4663456629267,1783476406280009363
0,2241,77130788804,4663487661899,1783476406311041899
2,2277,77131123964,4663488023504,1783476406311403536
3,2260,77131363996,4663488255124,1783476406311635156
1,2292,77131704804,4663488629241,1783476406312009305
0,2242,77162737388,4663519666226,1783476406343046258
2,2278,77163124932,4663520133816,1783476406343513816
1,2293,77163713932,4663520615231,1783476406343995231
3,2261,77163338740,4663524250707,1783476406347630643
0,2243,77194764260,4663555685489,1783476406379065489
2,2279,77195119516,4663556124599,1783476406379504631
3,2262,77195365996,4663556268601,1783476406379648601
1,2294,77195709028,4663556593470,1783476406379973470
0,2244,77230750836,4663587743704,1783476406411123736
2,2280,77231093740,4663588058397,1783476406411438397
3,2263,77231358060,4663588279648,1783476406411659648
1,2295,77231699996,4663588628293,1783476406412008325
0,2245,77262763580,4663619717246,1783476406443097246
2,2281,77263141644,4663620090884,1783476406443470916
1,2296,77263714996,4663620623243,1783476406444003243
3,2264,77263338420,4663624316480,1783476406447696512
0,2246,77294750868,4663655653917,1783476406479033917
2,2282,77299142836,4663656052354,1783476406479432386
3,2265,77295376964,4663656267269,1783476406479647365
1,2297,77295715964,4663656613354,1783476406479993354
0,2247,77330768804,4663687664483,1783476406511044515
2,2283,77331089932,4663687990088,1783476406511370120
3,2266,77331345516,4663688271884,1783476406511651916
1,2298,77331700900,4663688633873,1783476406512013873
0,2248,77362783484,4663719723211,1783476406543103211
1,2299,77363712932,4663720645592,1783476406544025656
2,2284,77363142644,4663724093129,1783476406547473129
3,2267,77363360580,4663724343948,1783476406547723948
0,2249,77394745028,4663755669961,1783476406579049993
2,2285,77399128900,4663755982701,1783476406579362701
3,2268,77395376324,4663756254321,1783476406579634353
1,2300,77395734900,4663756630423,1783476406580010423
0,2250,77430771804,4663787667471,1783476406611047503
2,2286,77431097260,4663788068053,1783476406611448085
3,2269,77431343484,4663788266360,1783476406611646392
1,2301,77431703868,4663788625501,1783476406612005501
0,2251,77462753772,4663819686486,1783476406643066486
1,2302,77463718836,4663820631491,1783476406644011491
2,2287,77463146868,4663824060884,1783476406647440980
3,2270,77463359452,4663824321048,1783476406647701048
0,2252,77494774028,4663855670741,1783476406679050741
2,2288,77499130996,4663855981369,1783476406679361369
3,2271,77495367900,4663856265822,1783476406679645822
1,2303,77499718868,4663856620323,1783476406680000355
0,2253,77530742900,4663887675388,1783476406711055388
2,2289,77531113996,4663888037441,1783476406711417441
1,2304,77531703868,4663888630185,1783476406712010217
3,2272,77531343868,4663892288413,1783476406715668445
0,2254,77562787963,4663923665595,1783476406747045595
2,2290,77563147772,4663924029504,1783476406747409504
3,2273,77563361452,4663924280131,1783476406747660131
1,2305,77563719092,4663924605192,1783476406747985224
0,2255,77594743196,4663955695297,1783476406779075297
2,2291,77599114708,4663956047654,1783476406779427654
3,2274,77599375740,4663956283370,1783476406779663370
1,2306,77599717964,4663956660879,1783476406780040911
0,2256,77630769932,4663987673672,1783476406811053672
2,2292,77631138772,4663988134126,1783476406811514126
1,2307,77631703900,4663988631733,1783476406812011733
3,2275,77631347516,4663992302793,1783476406815682793
0,2257,77662783644,4664023643974,1783476406847024006
2,2293,77663146932,4664023981611,1783476406847361611
3,2276,77663378676,4664024278959,1783476406847658991
1,2308,77663719932,4664024605556,1783476406847985556
0,2258,77698805900,4664055676493,1783476406879056493
2,2294,77699102804,4664055997778,1783476406879377778
3,2277,77699361516,4664056263894,1783476406879643894
1,2309,77699705964,4664056633243,1783476406880013275
0,2259,77730773836,4664087701108,1783476406911081140
2,2295,77731136676,4664088051993,1783476406911431993
1,2310,77731727900,4664088639361,1783476406912019361
3,2278,77731349164,4664092324854,1783476406915704854
0,2260,77762791644,4664123673651,1783476406947053651
2,2296,77763134612,4664123998167,1783476406947378199
3,2279,77763364228,4664124304508,1783476406947684540
1,2311,77763733964,4664124624192,1783476406948004224
0,2261,77798805164,4664155737050,1783476406979117082
2,2297,77799103644,4664156095807,1783476406979475839
3,2280,77799364356,4664156304674,1783476406979684706
1,2312,77799706964,4664156650695,1783476406980030727
0,2262,77830799836,4664187715424,1783476407011095456
2,2298,77831149324,4664188111142,1783476407011491174
1,2313,77831724028,4664188640205,1783476407012020237
3,2281,77831347196,4664192307169,1783476407015687169
0,2263,77862748932,4664223656222,1783476407047036222
2,2299,77867147708,4664224035715,1783476407047415747
3,2282,77863375644,4664224256134,1783476407047636166
1,2314,77863721772,4664224648652,1783476407048028652
0,2264,77898793644,4664255687876,1783476407079067908
2,2300,77899078932,4664256143690,1783476407079523722
3,2283,77899366804,4664256281612,1783476407079661612
1,2315,77899709028,4664256660722,1783476407080040722
0,2265,77930748644,4664287734474,1783476407111114506
1,2316,77931724772,4664288649687,1783476407112029687
2,2301,77931140708,4664292152393,1783476407115532393
3,2284,77931366964,4664292318443,1783476407115698443
0,2266,77962749868,4664323739113,1783476407147119145
2,2302,77967147740,4664324112814,1783476407147492814
3,2285,77963396644,4664324284081,1783476407147664081
1,2317,77963728028,4664324637462,1783476407148017558
0,2267,77998805940,4664355673774,1783476407179053806
2,2303,77999096676,4664356036211,1783476407179416243
3,2286,77999359868,4664356251446,1783476407179631478
1,2318,77999716060,4664356624571,1783476407180004571
0,2268,78030793868,4664387706676,1783476407211086676
1,2319,78031724836,4664388636513,1783476407212016577
2,2304,78031111171,4664392051602,1783476407215431634
3,2287,78031366516,4664392301877,1783476407215681877
0,2269,78066790156,4664423671890,1783476407247051890
2,2305,78067135900,4664423994231,1783476407247374263
3,2288,78063369092,4664424245434,1783476407247625434
1,2320,78067724932,4664424642048,1783476407248022048
0,2270,78098793028,4664455690584,1783476407279070584
2,2306,78099123219,4664455999741,1783476407279379741
3,2289,78099352932,4664456247456,1783476407279627456
1,2321,78099710996,4664456624997,1783476407280005029
0,2271,78130763996,4664491677911,1783476407315057911
2,2307,78131153772,4664492020603,1783476407315400635
3,2290,78131370900,4664492261151,1783476407315641215
1,2322,78131729644,4664492632292,1783476407316012452
0,2272,78162748772,4664523654876,1783476407347034876
2,2308,78167135188,4664523992577,1783476407347372577
3,2291,78167384156,4664524243588,1783476407347623620
1,2323,78167723612,4664524634410,1783476407348014442
0,2273,78198849900,4664555664066,1783476407379044098
2,2309,78199129964,4664556076136,1783476407379456232
1,2324,78199705420,4664556641584,1783476407380021616
3,2292,78199345740,4664560299972,1783476407383680004
0,2274,78230771740,4664591714497,1783476407415094497
2,2310,78231150900,4664592023750,1783476407415403782
3,2293,78231382900,4664592272041,1783476407415652073
1,2325,78231719548,4664592649678,1783476407416029678
0,2275,78266793932,4664623666182,1783476407447046182
2,2311,78267105964,4664624023147,1783476407447403179
3,2294,78267368963,4664624254671,1783476407447634671
1,2326,78267712484,4664624664340,1783476407448044372
0,2276,78298787708,4664655697836,1783476407479077868
2,2312,78299120900,4664656032177,1783476407479412177
3,2295,78299345964,4664656250228,1783476407479630260
1,2327,78299717548,4664656632986,1783476407480012986
0,2277,78330795644,4664691658954,1783476407515038954
2,2313,78331146708,4664692031088,1783476407515411088
3,2296,78331387028,4664692255347,1783476407515635379
1,2328,78331745676,4664692622232,1783476407516002232
0,2278,78366797868,4664723671984,1783476407547052016
2,2314,78367110804,4664723998101,1783476407547378101
3,2297,78367370452,4664724263577,1783476407547643609
1,2329,78367713804,4664724619774,1783476407547999774
2,2315,78399144676,4664756068988,1783476407579448988
1,2330,78399729548,4664756636580,1783476407580016612
0,2279,78398797900,4664759696911,1783476407583076911
3,2298,78399354836,4664760327928,1783476407583707960
0,2280,78430761996,4664791681045,1783476407615061045
2,2316,78435170740,4664792041050,1783476407615421050
3,2299,78431397516,4664792276477,1783476407615656509
1,2331,78431734676,4664792625986,1783476407616005986
0,2281,78466758452,4664823715259,1783476407647095291
2,2317,78467092644,4664824052832,1783476407647432832
3,2300,78467382388,4664824304868,1783476407647684868
1,2332,78467715836,4664824639688,1783476407648019720
0,2282,78498770740,4664855683552,1783476407679063552
1,2333,78499731452,4664856636814,1783476407680016814
2,2318,78499142484,4664860088639,1783476407683468639
3,2301,78499372676,4664860318562,1783476407683698594
0,2283,78530762836,4664891670399,1783476407715050399
2,2319,78535168580,4664892064964,1783476407715444964
3,2302,78531389612,4664892277511,1783476407715657543
1,2334,78531732868,4664892643661,1783476407716023693
0,2284,78566753516,4664923684645,1783476407747064677
2,2320,78567089644,4664924043562,1783476407747423594
3,2303,78567351676,4664924296973,1783476407747676942
1,2335,78567713060,4664924635122,1783476407748015090
0,2285,78598764804,4664955717547,1783476407779097579
1,2336,78599730708,4664956670713,1783476407780050713
2,2321,78599176740,4664960049577,1783476407783429577
3,2304,78599375676,4664960305452,1783476407783685452
0,2286,78630796676,4664991686601,1783476407815066601
2,2322,78635141964,4664992065839,1783476407815445871
3,2305,78631378548,4664992279346,1783476407815659346
1,2337,78635733124,4664992638839,1783476407816018839
0,2287,78666789164,4665023733200,1783476407847113200
2,2323,78667119452,4665024076308,1783476407847456340
3,2306,78667358196,4665024275735,1783476407847655735
1,2338,78667718188,4665024690109,1783476407848070109
0,2288,78698792196,4665059756238,1783476407883136238
2,2324,78699188964,4665060092851,1783476407883472851
3,2307,78699376900,4665060300534,1783476407883680566
1,2339,78699740708,4665060684252,1783476407884064284
0,2289,78734771612,4665091747540,1783476407915127540
2,2325,78735128092,4665092083641,1783476407915463641
3,2308,78735392868,4665092293148,1783476407915673180
1,2340,78735732644,4665092695906,1783476407916075906
0,2290,78766815772,4665123751354,1783476407947131386
2,2326,78767185900,4665124087839,1783476407947467839
1,2341,78767736580,4665124666535,1783476407948046535
3,2309,78767369164,4665128329019,1783476407951709019
0,2291,78798788292,4665159788665,1783476407983168697
2,2327,78799187900,4665160092349,1783476407983472381
3,2310,78799387836,4665160289824,1783476407983669824
1,2342,78799745900,4665160658501,1783476407984038501
0,2292,78834777652,4665191838367,1783476408015218367
2,2328,78835121644,4665192131395,1783476408015511427
3,2311,78835382996,4665192305094,1783476408015685094
1,2343,78835727932,4665192697963,1783476408016077931
0,2293,78866766420,4665223758371,1783476408047138371
1,2344,78867729836,4665224662192,1783476408048042192
2,2329,78867128708,4665228141217,1783476408051521249
3,2312,78867346964,4665228340516,1783476408051720548
0,2294,78898799740,4665259667168,1783476408083047200
2,2330,78899173772,4665260044229,1783476408083424229
3,2313,78899398028,4665260263848,1783476408083643848
1,2345,78899739060,4665260622253,1783476408084002253
0,2295,78934776420,4665291781223,1783476408115161255
2,2331,78935115356,4665292163116,1783476408115543116
3,2314,78935376772,4665292293614,1783476408115673614
1,2346,78935719868,4665292676595,1783476408116056627
0,2296,78966783452,4665323686507,1783476408147066475
1,2347,78967740932,4665324658872,1783476408148038904
2,2332,78967147964,4665328064905,1783476408151444905
3,2315,78967387996,4665328345740,1783476408151725773
0,2297,78998777676,4665359719689,1783476408183099689
2,2333,79003171772,4665360060046,1783476408183440046
3,2316,78999412932,4665360276785,1783476408183656817
1,2348,78999749676,4665360655766,1783476408184035798
0,2298,79034797644,4665391733070,1783476408215113070
2,2334,79035105060,4665392125748,1783476408215505748
3,2317,79035384060,4665392280342,1783476408215660374
1,2349,79035724060,4665392656347,1783476408216036347
0,2299,79066806420,4665423711987,1783476408247091987
1,2350,79067738900,4665424642720,1783476408248022752
2,2335,79067195964,4665428059665,1783476408251439697
3,2318,79067380932,4665428360629,1783476408251740661
0,2300,79098809228,4665459748305,1783476408283128305
2,2336,79103180900,4665460078102,1783476408283458102
3,2319,79099415804,4665460294233,1783476408283674265
1,2351,79099752836,4665460662206,1783476408284042206
0,2301,79134763900,4665491708758,1783476408315088790
2,2337,79135100772,4665492054363,1783476408315434395
3,2320,79135368028,4665492272894,1783476408315652958
1,2352,79135724644,4665492652899,1783476408316033059
0,2302,79166805516,4665523707227,1783476408347087227
1,2353,79167736804,4665524651977,1783476408348032009
2,2338,79167177932,4665528021976,1783476408351401976
3,2321,79167379836,4665528313788,1783476408351693788
0,2303,79202766284,4665559626168,1783476408383006136
2,2339,79203147868,4665559993053,1783476408383373053
3,2322,79199394996,4665560239777,1783476408383619809
1,2354,79203737900,4665560649862,1783476408384029862
0,2304,79234788708,4665591798815,1783476408415178815
2,2340,79235117932,4665592060003,1783476408415440035
3,2323,79235365772,4665592290662,1783476408415670662
1,2355,79235724932,4665592675180,1783476408416055212
0,2305,79266811388,4665627731228,1783476408451111260
2,2341,79267179708,4665628068161,1783476408451448193
3,2324,79267380676,4665628315301,1783476408451695333
1,2356,79267741708,4665628693866,1783476408452073866
0,2306,79302780228,4665659709537,1783476408483089537
2,2342,79303149740,4665660111655,1783476408483491687
3,2325,79299386092,4665660275689,1783476408483655753
1,2357,79303740900,4665660650991,1783476408484030991
0,2307,79334799484,4665691701126,1783476408515081126
2,2343,79335117804,4665692086988,1783476408515466988
3,2326,79335366964,4665692266702,1783476408515646734
1,2358,79335726772,4665692640180,1783476408516020180
0,2308,79366812484,4665727688484,1783476408551068484
2,2344,79367180548,4665728043081,1783476408551423113
3,2327,79367399060,4665728271052,1783476408551651052
1,2359,79367740836,4665728668338,1783476408552048338
0,2309,79402809452,4665759698249,1783476408583078281
2,2345,79403120996,4665760059790,1783476408583439790
3,2328,79403383676,4665760261905,1783476408583641905
1,2360,79403725836,4665760639319,1783476408584019351
0,2310,79434798292,4665791730863,1783476408615110863
2,2346,79435135676,4665792113364,1783476408615493396
1,2361,79435727740,4665792657308,1783476408616037340
3,2329,79435353356,4665796341680,1783476408619721712
0,2311,79466807388,4665827699244,1783476408651079244
2,2347,79467169900,4665828066353,1783476408651446353
3,2330,79467403932,4665828279637,1783476408651659669
1,2362,79467728092,4665828701242,1783476408652081274
0,2312,79502810420,4665859697745,1783476408683077745
2,2348,79503120868,4665860058231,1783476408683438231
3,2331,79503385964,4665860258745,1783476408683638777
1,2363,79503726996,4665860635295,1783476408684015295
0,2313,79534798196,4665891711319,1783476408715091351
1,2364,79535744028,4665892652260,1783476408716032260
2,2349,79535175260,4665896080597,1783476408719460629
3,2332,79535370260,4665896317304,1783476408719697336
0,2314,79566811260,4665927708053,1783476408751088085
2,2350,79571176708,4665928051801,1783476408751431801
3,2333,79567403484,4665928331805,1783476408751711869
1,2365,79567744092,4665928711171,1783476408752091171
0,2315,79602768644,4665959739130,1783476408783119130
2,2351,79603106932,4665960057087,1783476408783437087
3,2334,79603386356,4665960317826,1783476408783697826
1,2366,79603728868,4665960659239,1783476408784039271
1,2367,79635745036,4665992689421,1783476408816069421
0,2316,79634814740,4665995731448,1783476408819111448
2,2352,79635184644,4665996080669,1783476408819460701
3,2335,79635386644,4665996327264,1783476408819707296
0,2317,79666811420,4666027684732,1783476408851064764
2,2353,79671176964,4666028043298,1783476408851423298
3,2336,79667406060,4666028268581,1783476408851648581
1,2368,79667746836,4666028651722,1783476408852031722
0,2318,79702770996,4666059718562,1783476408883098562
2,2354,79703108900,4666060138600,1783476408883518632
3,2337,79703387964,4666060285450,1783476408883665450
1,2369,79703729900,4666060661679,1783476408884041743
0,2319,79734783004,4666091874474,1783476408915254474
1,2370,79735744900,4666092675157,1783476408916055157
2,2355,79735188740,4666096100453,1783476408919480453
3,2338,79735388644,4666096348009,1783476408919728041
0,2320,79770770772,4666127722213,1783476408951102245
2,2356,79771154804,4666128050954,1783476408951430986
3,2339,79767394516,4666128312334,1783476408951692334
1,2371,79771745964,4666128667123,1783476408952047155
0,2321,79802779612,4666159710538,1783476408983090538
2,2357,79803123964,4666160059727,1783476408983439727
3,2340,79803374900,4666160311155,1783476408983691123
1,2372,79803749060,4666160647895,1783476408984027927
0,2322,79834783228,4666195834985,1783476409019214985
2,2358,79835187708,4666196087501,1783476409019467533
3,2341,79835388932,4666196360849,1783476409019740849
1,2373,79835748868,4666196662133,1783476409020042133
0,2323,79870814196,4666227715148,1783476409051095148
2,2359,79871173964,4666228097394,1783476409051477394
3,2342,79867399740,4666228286676,1783476409051666676
1,2374,79871748676,4666228664730,1783476409052044762
0,2324,79902772324,4666259692945,1783476409083072977
2,2360,79903142868,4666260078998,1783476409083459030
1,2375,79903732964,4666260645182,1783476409084025182
3,2343,79903374644,4666264326706,1783476409087706738
0,2325,79934816452,4666295733614,1783476409119113614
2,2361,79935188932,4666296117428,1783476409119497460
3,2344,79935409868,4666296313847,1783476409119693879
1,2376,79935747644,4666296656699,1783476409120036699
0,2326,79970791612,4666327723699,1783476409151103699
2,2362,79971126996,4666328066904,1783476409151446904
3,2345,79971390964,4666328288571,1783476409151668571
1,2377,79971734356,4666328686496,1783476409152066496
0,2327,80002805676,4666359768696,1783476409183148728
2,2363,80003131740,4666360115357,1783476409183495357
1,2378,80003750516,4666360692197,1783476409184072197
3,2346,80003375036,4666364387993,1783476409187768057
0,2328,80034803972,4666395711092,1783476409219091124
2,2364,80035189996,4666396074425,1783476409219454457
3,2347,80035416964,4666396305597,1783476409219685597
1,2379,80035755932,4666396661026,1783476409220041026
0,2329,80070789068,4666427700921,1783476409251080953
2,2365,80071175420,4666428081726,1783476409251461758
3,2348,80071393252,4666428277313,1783476409251657313
1,2380,80071733868,4666428651110,1783476409252031142
0,2330,80102791708,4666459832031,1783476409283212031
1,2381,80103750740,4666460701835,1783476409284081963
2,2366,80103185772,4666464155260,1783476409287535260
3,2349,80103377028,4666464338175,1783476409287718175
0,2331,80134796644,4666495718011,1783476409319098011
2,2367,80139189868,4666496059776,1783476409319439776
3,2350,80135411740,4666496306723,1783476409319686723
1,2382,80135750388,4666496808426,1783476409320188426
0,2332,80170772612,4666527686687,1783476409351066719
2,2368,80171115964,4666528074468,1783476409351454468
3,2351,80171392028,4666528277255,1783476409351657255
1,2383,80171734548,4666528658445,1783476409352038477
0,2333,80202817900,4666559688963,1783476409383068995
1,2384,80203752804,4666560651729,1783476409384031793
2,2369,80203189964,4666564072033,1783476409387452033
3,2352,80203390932,4666564327973,1783476409387708005
0,2334,80234834900,4666595759042,1783476409419139074
2,2370,80239188932,4666596064422,1783476409419444422
3,2353,80235423740,4666596296521,1783476409419676521
1,2385,80235781900,4666596685647,1783476409420065679
0,2335,80271012804,4666627711941,1783476409451091973
2,2371,80271183028,4666628070923,1783476409451450955
3,2354,80271405932,4666628285358,1783476409451665390
1,2386,80271747644,4666628794005,1783476409452174005
0,2336,80302840580,4666659742698,1783476409483122730
1,2387,80303770708,4666660685368,1783476409484065400
2,2372,80303195932,4666664084104,1783476409487464104
3,2355,80303394836,4666664312267,1783476409487692267
0,2337,80334794580,4666695700839,1783476409519080871
2,2373,80339145932,4666696062604,1783476409519442636
3,2356,80335399964,4666696297423,1783476409519677423
1,2388,80339752964,4666696656981,1783476409520036981
0,2338,80370780772,4666727715308,1783476409551095308
2,2374,80371117292,4666728060081,1783476409551440113
3,2357,80371378772,4666728282516,1783476409551662516
1,2389,80371739060,4666728666041,1783476409552046041
0,2339,80402823676,4666763701673,1783476409587081705
2,2375,80403256836,4666764068302,1783476409587448302
3,2358,80403394708,4666764317233,1783476409587697233
1,2390,80403754900,4666764651030,1783476409588031062
0,2340,80434778772,4666795719758,1783476409619099758
2,2376,80439180708,4666796060434,1783476409619440434
3,2359,80435396964,4666796297782,1783476409619677782
1,2391,80439756060,4666796651515,1783476409620031547
0,2341,80470808004,4666827709842,1783476409651089842
2,2377,80471149964,4666828062487,1783476409651442519
1,2392,80471755092,4666828661503,1783476409652041503
3,2360,80471386292,4666832353140,1783476409655733140
0,2342,80502823900,4666863678703,1783476409687058703
2,2378,80503203804,4666864039156,1783476409687419188
3,2361,80503421964,4666864283799,1783476409687663831
1,2393,80503754932,4666864648988,1783476409688029020
0,2343,80538825612,4666895699988,1783476409719079988
2,2379,80539137708,4666896064793,1783476409719444825
3,2362,80539399932,4666896293596,1783476409719673596
1,2394,80539740996,4666896657153,1783476409720037153
0,2344,80570807772,4666927703864,1783476409751083864
2,2380,80571168804,4666928060541,1783476409751440541
1,2395,80571741964,4666928651494,1783476409752031494
3,2363,80571382612,4666932349434,1783476409755729722
0,2345,80602823772,4666963737270,1783476409787117270
2,2381,80603205612,4666964077787,1783476409787457787
3,2364,80603414868,4666964317950,1783476409787697950
1,2396,80603757932,4666964659491,1783476409788039555
0,2346,80638825228,4666995726170,1783476409819106202
2,2382,80639138964,4666996081343,1783476409819461375
3,2365,80639401932,4666996306594,1783476409819686594
1,2397,80639741868,4666996667112,1783476409820047144
0,2347,80670819228,4667027725279,1783476409851105311
1,2398,80671758028,4667028664428,1783476409852044460
2,2383,80671202124,4667032122557,1783476409855502557
3,2366,80671383516,4667032341792,1783476409855721824
0,2348,80702821740,4667063689819,1783476409887069819
2,2384,80707196708,4667064061633,1783476409887441697
3,2367,80703419932,4667064310788,1783476409887690884
1,2399,80703757900,4667064642537,1783476409888022569
0,2349,80738817516,4667095786177,1783476409919166209
2,2385,80739126548,4667096109798,1783476409919489830
3,2368,80739404612,4667096323785,1783476409919703817
1,2400,80739744772,4667096677390,1783476409920057390
0,2350,80770831612,4667127738309,1783476409951118309
1,2401,80771769804,4667128692659,1783476409952072659
2,2386,80771219708,4667132108835,1783476409955488867
3,2369,80771402580,4667132333190,1783476409955713190
0,2351,80802794452,4667163754691,1783476409987134691
2,2387,80807233676,4667164083271,1783476409987463303
3,2370,80803418516,4667164355467,1783476409987735499
1,2402,80803759900,4667164883155,1783476409988263187
0,2352,80838813964,4667195729799,1783476410019109831
2,2388,80839122612,4667196106732,1783476410019486732
3,2371,80839401868,4667196305007,1783476410019685071
1,2403,80839745676,4667196676468,1783476410020056500
1,2404,80871758932,4667228678136,1783476410052058168
0,2353,80870798996,4667231722307,1783476410055102307
2,2389,80871204612,4667232128777,1783476410055508809
3,2372,80871401028,4667232359820,1783476410055739852
0,2354,80902784708,4667263696582,1783476410087076614
2,2390,80907179484,4667264074796,1783476410087454828
3,2373,80903436964,4667264279631,1783476410087659631
1,2405,80903768964,4667264658548,1783476410088038548
0,2355,80938797580,4667295734187,1783476410119114187
2,2391,80939124996,4667296080016,1783476410119460016
3,2374,80939386772,4667296313235,1783476410119693235
1,2406,80939745964,4667296665240,1783476410120045272
0,2356,80970796068,4667331759272,1783476410155139272
2,2392,80971217708,4667332087500,1783476410155467500
3,2375,80971419772,4667332354256,1783476410155734256
1,2407,80971763964,4667332670965,1783476410156050965
0,2357,81006832812,4667363717099,1783476410187097131
2,2393,81007203804,4667364048912,1783476410187428944
3,2376,81003407836,4667364294259,1783476410187674259
1,2408,81007760868,4667364655608,1783476410188035608
0,2358,81038798164,4667395753776,1783476410219133776
2,2394,81039138836,4667396094228,1783476410219474228
1,2409,81039750836,4667396691741,1783476410220071741
3,2377,81039397708,4667400358353,1783476410223738417
0,2359,81070799516,4667431822349,1783476410255202349
2,2395,81071196028,4667432090961,1783476410255470993
3,2378,81071420932,4667432334260,1783476410255714324
1,2410,81071761932,4667432677305,1783476410256057401
0,2360,81106802388,4667463742928,1783476410287122928
2,2396,81107142964,4667464154806,1783476410287534966
3,2379,81107405708,4667464298424,1783476410287678424
1,2411,81107748932,4667464654333,1783476410288034365
0,2361,81138784292,4667495764308,1783476410319144308
1,2412,81139747580,4667496679265,1783476410320059297
2,2397,81139175964,4667500071089,1783476410323451057
3,2380,81139389708,4667500320788,1783476410323700788
0,2362,81170768228,4667531774225,1783476410355154257
2,2398,81171183964,4667532088437,1783476410355468437
3,2381,81171415868,4667532327801,1783476410355707833
1,2413,81171759836,4667532668349,1783476410356048349
0,2363,81206830420,4667563707540,1783476410387087540
2,2399,81207142932,4667564049817,1783476410387429817
3,2382,81207403964,4667564300956,1783476410387680956
1,2414,81207747772,4667564657889,1783476410388037921
0,2364,81238845644,4667595792217,1783476410419172217
2,2400,81239205868,4667596098749,1783476410419478781
1,2415,81239757804,4667596682725,1783476410420062789
3,2383,81239391676,4667600348601,1783476410423728601
0,2365,81270801708,4667631815254,1783476410455195318
2,2401,81271210995,4667632095386,1783476410455475386
3,2384,81271423932,4667632343485,1783476410455723485
1,2416,81271763996,4667632681282,1783476410456061282
0,2366,81306836388,4667663721560,1783476410487101624
2,2402,81307145060,4667664067133,1783476410487447133
3,2385,81307409124,4667664312833,1783476410487692865
1,2417,81307751124,4667664661862,1783476410488041862
0,2367,81338803356,4667695718396,1783476410519098396
1,2418,81339772900,4667696689546,1783476410520069610
2,2403,81339218028,4667700100026,1783476410523480026
3,2386,81339401772,4667700354110,1783476410523734110
0,2368,81370800132,4667731789594,1783476410555169594
2,2404,81375201964,4667732074494,1783476410555454526
3,2387,81371427964,4667732319233,1783476410555699265
1,2419,81371768836,4667732685414,1783476410556065478
0,2369,81406822484,4667763709181,1783476410587089213
2,2405,81407131868,4667764123394,1783476410587503394
3,2388,81407408900,4667764289861,1783476410587669893
1,2420,81407751156,4667764664490,1783476410588044490
0,2370,81438854292,4667795717025,1783476410619097025
1,2421,81439773804,4667796688430,1783476410620068430
2,2406,81439231868,4667800118431,1783476410623498463
3,2389,81439414932,4667800342306,1783476410623722306
0,2371,81470837420,4667831768638,1783476410655148638
2,2407,81475186708,4667832096770,1783476410655476802
3,2390,81471430996,4667832308549,1783476410655688581
1,2422,81471775612,4667832945614,1783476410656325646
0,2372,81506828452,4667863778562,1783476410687158562
2,2408,81507141644,4667864101382,1783476410687481414
3,2391,81507397708,4667864323626,1783476410687703658
1,2423,81507759868,4667864735919,1783476410688115919
0,2373,81538826292,4667899772350,1783476410723152382
2,2409,81539265548,4667900117795,1783476410723497795
3,2392,81539414708,4667900350054,1783476410723730054
1,2424,81539784964,4667900670123,1783476410724050155
0,2374,81570796356,4667931784770,1783476410755164770
2,2410,81575190996,4667932079623,1783476410755459751
3,2393,81571415612,4667932319562,1783476410755699562
1,2425,81575769932,4667932677455,1783476410756057519
0,2375,81606826900,4667963746822,1783476410787126854
2,2411,81607149772,4667964100491,1783476410787480523
3,2394,81607395708,4667964310830,1783476410787690830
1,2426,81607753932,4667964693843,1783476410788073875
0,2376,81638833484,4667999778467,1783476410823158499
2,2412,81639211900,4668000074631,1783476410823454631
3,2395,81639413644,4668000353163,1783476410823733163
1,2427,81639768900,4668000670287,1783476410824050287
0,2377,81674810228,4668031796903,1783476410855176935
2,2413,81675131996,4668032074251,1783476410855454283
3,2396,81675411964,4668032339663,1783476410855719663
1,2428,81675755900,4668032699540,1783476410856079572
0,2378,81706797419,4668063710186,1783476410887090218
2,2414,81707149772,4668064069231,1783476410887449231
1,2429,81707755900,4668064688631,1783476410888068695
3,2397,81707394676,4668068351851,1783476410891731915
0,2379,81738831548,4668099788647,1783476410923168647
2,2415,81739198740,4668100070987,1783476410923450987
3,2398,81739428612,4668100325999,1783476410923706063
1,2430,81739771868,4668100682644,1783476410924062676
0,2380,81774849516,4668131871116,1783476410955251116
2,2416,81775174932,4668132150000,1783476410955530000
3,2399,81775416676,4668132324435,1783476410955704435
1,2431,81775763836,4668132701848,1783476410956081880
0,2381,81806829420,4668163800431,1783476410987180431
2,2417,81807181644,4668164118612,1783476410987498644
1,2432,81807773644,4668164718812,1783476410988098812
3,2400,81807395940,4668168377936,1783476410991757936
0,2382,81838831676,4668199755339,1783476411023135339
2,2418,81839204836,4668200081487,1783476411023461487
3,2401,81839433868,4668200333171,1783476411023713171
1,2433,81839776804,4668200685656,1783476411024065752
0,2383,81874846420,4668231806863,1783476411055186863
2,2419,81875178996,4668232133011,1783476411055513011
3,2402,81875415868,4668232334934,1783476411055714934
1,2434,81875757932,4668232691707,1783476411056071803
0,2384,81906827548,4668263726225,1783476411087106257
2,2420,81907243932,4668264127607,1783476411087507607
1,2435,81907773708,4668264685567,1783476411088065567
3,2403,81907398260,4668268366418,1783476411091746418
0,2385,81938842484,4668299773741,1783476411123153741
2,2421,81943220452,4668300106130,1783476411123486162
3,2404,81939436868,4668300306805,1783476411123686837
1,2436,81939779868,4668300690586,1783476411124070650
0,2386,81974829516,4668331813905,1783476411155194225
2,2422,81975136708,4668332105942,1783476411155485942
3,2405,81975416900,4668332329401,1783476411155709401
1,2437,81975758996,4668332699550,1783476411156079550
0,2387,82006813452,4668363735668,1783476411187115700
1,2438,82007773676,4668364705857,1783476411188085857
2,2423,82007244196,4668368192018,1783476411191572082
3,2406,82007416028,4668368360949,1783476411191740981
0,2388,82038827228,4668399750416,1783476411223130416
2,2424,82043247708,4668400076884,1783476411223456884
3,2407,82039437900,4668400325880,1783476411223705912
1,2439,82039774964,4668400690045,1783476411224070045
0,2389,82074832484,4668431858900,1783476411255239220
2,2425,82075138516,4668432153113,1783476411255533113
3,2408,82075400804,4668432326843,1783476411255706843
1,2440,82075761124,4668432723521,1783476411256103585
0,2390,82106843132,4668463740886,1783476411287120918
1,2441,82107775996,4668464680579,1783476411288060611
2,2426,82107212060,4668468056467,1783476411291436467
3,2409,82107417316,4668468294326,1783476411291674262
0,2391,82138798739,4668499716562,1783476411323096562
2,2427,82143200804,4668500060758,1783476411323440758
3,2410,82139413444,4668500266617,1783476411323646553
1,2442,82143775060,4668500662367,1783476411324042367
0,2392,82174840804,4668531749205,1783476411355129205
2,2428,82175170868,4668532100858,1783476411355480858
1,2443,82175759932,4668532673986,1783476411356054018
3,2411,82175399940,4668536361686,1783476411359741846
1,2444,82207777060,4668564687398,1783476411388067398
0,2393,82206853740,4668567719121,1783476411391099153
2,2429,82207210028,4668568098294,1783476411391478326
3,2412,82207416932,4668568283257,1783476411391663257
0,2394,82238802516,4668599723700,1783476411423103700
2,2430,82243196092,4668600130426,1783476411423510426
3,2413,82243428932,4668600329085,1783476411423709117
1,2445,82243770964,4668600691362,1783476411424071426
0,2395,82274800612,4668631748952,1783476411455128984
1,2446,82275762900,4668632717190,1783476411456097222
2,2431,82275186932,4668636137750,1783476411459517782
3,2414,82275397060,4668636351513,1783476411459731513
0,2396,82306815484,4668667724563,1783476411491104563
2,2432,82307209028,4668668060568,1783476411491440600
3,2415,82307435931,4668668311196,1783476411491691228
1,2447,82307779060,4668668674017,1783476411492054081
0,2397,82342843484,4668699731511,1783476411523111543
2,2433,82343171932,4668700081660,1783476411523461660
3,2416,82343423028,4668700304223,1783476411523684255
1,2448,82343764900,4668700668164,1783476411524048164
0,2398,82374839324,4668731750362,1783476411555130362
3,2417,82375401900,4668732336227,1783476411555716227
1,2449,82375778932,4668732686504,1783476411556066536
2,2434,82375206324,4668736631167,1783476411560011167
0,2399,82406810452,4668767739734,1783476411591119734
2,2435,82407678964,4668768069051,1783476411591449083
3,2418,82407686932,4668768310014,1783476411591690046
1,2450,82407776836,4668768687043,1783476411592067107
0,2400,82442812228,4668799809690,1783476411623189690
2,2436,82443169156,4668800079518,1783476411623459550
3,2419,82443421964,4668800319810,1783476411623699938
1,2451,82443764900,4668800701479,1783476411624081511
0,2401,82474824516,4668831752861,1783476411655132861
1,2452,82475793804,4668832684938,1783476411656064970
2,2437,82475227804,4668836161275,1783476411659541307
3,2420,82475406932,4668836353086,1783476411659733118
0,2402,82506849292,4668867758297,1783476411691138489
2,2438,82511209932,4668868091997,1783476411691471997
3,2421,82507440804,4668868302912,1783476411691682944
1,2453,82507781740,4668868677126,1783476411692057126
0,2403,82542836548,4668899719900,1783476411723099932
2,2439,82543148836,4668900079457,1783476411723459457
3,2422,82543424028,4668900302212,1783476411723682244
1,2454,82543765900,4668900714986,1783476411724095146
0,2404,82574837228,4668931762655,1783476411755142688
1,2455,82575784028,4668932699789,1783476411756079789
2,2440,82575207836,4668936149981,1783476411759530013
3,2423,82575423028,4668936358848,1783476411759738912
0,2405,82606850292,4668967746395,1783476411791126395
2,2441,82611318868,4668968093856,1783476411791473888
3,2424,82607440964,4668968309923,1783476411791689923
1,2456,82607780964,4668968698760,1783476411792078760
0,2406,82642805580,4668999721886,1783476411823101886
2,2442,82643142836,4669000089955,1783476411823469987
3,2425,82643406836,4669000299942,1783476411823679942
1,2457,82643766868,4669000692396,1783476411824072460
0,2407,82674850772,4669031797442,1783476411855177474
1,2458,82675784092,4669032713583,1783476411856093615
2,2443,82675208932,4669036143648,1783476411859523712
3,2426,82675421964,4669036356131,1783476411859736163
0,2408,82706854612,4669067771998,1783476411891151998
2,2444,82711191644,4669068135107,1783476411891515107
3,2427,82707430964,4669068326054,1783476411891706054
1,2459,82711790644,4669068710411,1783476411892090443
0,2409,82742809868,4669099795106,1783476411923175170
2,2445,82743177932,4669100139174,1783476411923519174
3,2428,82743410188,4669100328201,1783476411923708201
1,2460,82743768804,4669100754511,1783476411924134543
0,2410,82774857388,4669135804893,1783476411959184925
2,2446,82775222932,4669136129058,1783476411959509090
3,2429,82775433996,4669136359493,1783476411959739493
1,2461,82775804676,4669136738699,1783476411960118699
0,2411,82810841844,4669167838433,1783476411991218433
2,2447,82811206644,4669168125349,1783476411991505349
3,2430,82811443932,4669168334376,1783476411991714408
1,2462,82811785708,4669168738670,1783476411992118702
0,2412,82842814908,4669199826212,1783476412023206212
2,2448,82843181932,4669200113320,1783476412023493320
1,2463,82843776580,4669200732177,1783476412024112305
3,2431,82843413068,4669204391012,1783476412027771012
0,2413,82874829900,4669235736510,1783476412059116510
2,2449,82875229932,4669236093987,1783476412059474019
3,2432,82875442060,4669236334662,1783476412059714662
1,2464,82875789420,4669236703148,1783476412060083148
0,2414,82910799644,4669267753633,1783476412091133665
2,2450,82911172932,4669268106470,1783476412091486502
3,2433,82911425996,4669268327593,1783476412091707625
1,2465,82911768548,4669268726927,1783476412092106959
0,2415,82942837676,4669299762148,1783476412123142180
2,2451,82943197996,4669300099721,1783476412123479753
1,2466,82943769516,4669300733777,1783476412124113777
3,2434,82943397260,4669304394757,1783476412127774789
0,2416,82974860060,4669335730846,1783476412159110878
2,2452,82975222356,4669336096132,1783476412159476324
3,2435,82975444996,4669336333063,1783476412159713127
1,2467,82975785996,4669336696492,1783476412160076492
0,2417,83010854772,4669367731201,1783476412191111201
2,2453,83011174452,4669368105638,1783476412191485638
3,2436,83011427900,4669368350602,1783476412191730602
1,2468,83011771124,4669368706575,1783476412192086575
0,2418,83042849772,4669399768900,1783476412223148932
1,2469,83043787612,4669400714834,1783476412224094866
2,2454,83043219836,4669404117282,1783476412227497282
3,2437,83043409388,4669404374949,1783476412227754981
0,2419,83074850772,4669435752671,1783476412259132671
2,2455,83079212740,4669436105764,1783476412259485764
3,2438,83075455028,4669436363240,1783476412259743240
1,2470,83075789868,4669436706253,1783476412260086317
0,2420,83110811708,4669467769954,1783476412291149986
2,2456,83111153740,4669468153288,1783476412291533320
3,2439,83111433708,4669468340810,1783476412291720842
1,2471,83111770900,4669468714416,1783476412292094448
0,2421,83142843740,4669499776453,1783476412323156453
1,2472,83143805484,4669500708882,1783476412324088882
2,2457,83143203612,4669504135939,1783476412327515939
3,2440,83143426772,4669504358214,1783476412327738214
0,2422,83174816484,4669535763488,1783476412359143840
2,2458,83179218644,4669536102821,1783476412359482981
3,2441,83175446028,4669536326280,1783476412359706280
1,2473,83175787028,4669536712077,1783476412360092109
0,2423,83210813164,4669567738338,1783476412391118338
2,2459,83211184028,4669568100840,1783476412391480840
3,2442,83211414868,4669568334635,1783476412391714635
1,2474,83211774868,4669568691568,1783476412392071568
0,2424,83242831388,4669599737765,1783476412423117765
1,2475,83243791836,4669600715187,1783476412424095251
2,2460,83243221708,4669604121187,1783476412427501187
3,2443,83243414676,4669604374246,1783476412427754246
0,2425,83278814547,4669635768449,1783476412459148449
2,2461,83279209772,4669636109989,1783476412459490021
3,2444,83275438900,4669636343305,1783476412459723305
1,2476,83279788740,4669636701486,1783476412460081518
0,2426,83310818132,4669667732931,1783476412491112931
2,2462,83311179900,4669668088232,1783476412491468232
3,2445,83311417028,4669668316875,1783476412491696907
1,2477,83311776996,4669668691152,1783476412492071184
0,2427,83342908452,4669703744446,1783476412527124446
2,2463,83343218804,4669704081219,1783476412527461283
3,2446,83343430996,4669704322662,1783476412527702694
1,2478,83343789964,4669704679243,1783476412528059275
0,2428,83374813580,4669735781569,1783476412559161569
2,2464,83379199804,4669736093830,1783476412559473830
3,2447,83379446932,4669736333129,1783476412559713129
1,2479,83379792060,4669736680558,1783476412560060590
0,2429,83410850420,4669767732099,1783476412591112099
2,2465,83411188868,4669768111209,1783476412591491241
1,2480,83411776964,4669768688817,1783476412592068817
3,2448,83411417260,4669772364197,1783476412595744197
0,2430,83442831484,4669803751775,1783476412627131807
2,2466,83443218932,4669804086148,1783476412627466148
3,2449,83443432836,4669804335975,1783476412627716007
1,2481,83443792708,4669804722829,1783476412628102861
0,2431,83478865132,4669835787458,1783476412659167458
2,2467,83479181516,4669836123527,1783476412659503559
3,2450,83479434964,4669836332490,1783476412659712490
1,2482,83479777060,4669836685615,1783476412660065679
0,2432,83510815260,4669867756292,1783476412691136324
2,2468,83511213772,4669868152874,1783476412691532938
1,2483,83511777996,4669868697906,1783476412692077906
3,2451,83511403324,4669872365925,1783476412695745957
0,2433,83542850900,4669903714015,1783476412727093951
2,2469,83543225772,4669904094596,1783476412727474596
3,2452,83543434900,4669904327784,1783476412727707816
1,2484,83543792348,4669904678540,1783476412728058508
0,2434,83578863516,4669935793091,1783476412759173091
2,2470,83579181964,4669936310026,1783476412759690026
3,2453,83579436324,4669936350731,1783476412759730763
1,2485,83579778739,4669936707632,1783476412760087664
0,2435,83610816124,4669967742373,1783476412791122373
2,2471,83611206676,4669968095658,1783476412791475658
1,2486,83611795932,4669968693618,1783476412792073618
3,2454,83611418420,4669972379558,1783476412795759558
0,2436,83642836963,4670003725344,1783476412827105408
2,2472,83647216740,4670004095877,1783476412827475973
3,2455,83643452676,4670004343592,1783476412827723592
1,2487,83643794996,4670004703469,1783476412828083533
0,2437,83678841580,4670035802371,1783476412859182403
2,2473,83679170708,4670036140360,1783476412859520424
3,2456,83679437964,4670036339595,1783476412859719659
1,2488,83679778836,4670036698576,1783476412860078608
0,2438,83710863900,4670067792486,1783476412891172486
1,2489,83711794868,4670068718291,1783476412892098291
2,2474,83711220740,4670072125891,1783476412895505923
3,2457,83711470708,4670072362118,1783476412895742118
0,2439,83742817388,4670103777185,1783476412927157217
2,2475,83747221324,4670104081093,1783476412927461093
3,2458,83743451932,4670104328553,1783476412927708585
1,2490,83743793612,4670104742222,1783476412928122222
0,2440,83778855164,4670135838501,1783476412959218533
2,2476,83779174028,4670136144713,1783476412959524745
3,2459,83779422900,4670136368396,1783476412959748396
1,2491,83779784188,4670136744081,1783476412960124145
0,2441,83810865292,4670167824263,1783476412991204295
1,2492,83811801708,4670168731604,1783476412992111636
2,2477,83811247548,4670172136132,1783476412995516132
3,2460,83811444420,4670172470184,1783476412995850184
0,2442,83842823356,4670203780353,1783476413027160353
2,2478,83847255164,4670204117030,1783476413027497030
3,2461,83843442292,4670204360841,1783476413027740841
1,2493,83847808028,4670204711022,1783476413028091022
0,2443,83878851996,4670235807172,1783476413059187172
2,2479,83879174900,4670236116872,1783476413059496904
3,2462,83879422516,4670236363883,1783476413059743915
1,2494,83879783963,4670236733233,1783476413060113233
0,2444,83910867836,4670271760893,1783476413095140893
2,2480,83911223836,4670272095906,1783476413095475938
3,2463,83911437932,4670272341414,1783476413095721414
1,2495,83911798188,4670272683786,1783476413096063818
0,2445,83942821228,4670303769056,1783476413127149120
2,2481,83947208516,4670304140837,1783476413127520869
3,2464,83943440836,4670304333384,1783476413127713448
1,2496,83947798868,4670304709165,1783476413128089197
0,2446,83978856228,4670335875395,1783476413159255683
2,2482,83979191676,4670336154535,1783476413159534567
1,2497,83979783644,4670336731183,1783476413160111183
3,2465,83979426196,4670340381347,1783476413163761379
0,2447,84010865580,4670371754620,1783476413195134620
2,2483,84011229612,4670372083073,1783476413195463073
3,2466,84011442772,4670372320228,1783476413195700260
1,2498,84011799452,4670372708969,1783476413196088969
0,2448,84046835964,4670403755198,1783476413227135326
2,2484,84047183612,4670404079395,1783476413227459427
3,2467,84047438996,4670404316806,1783476413227696806
1,2499,84047781836,4670404705067,1783476413228085099
0,2449,84078852612,4670435824993,1783476413259204993
2,2485,84079189676,4670436141030,1783476413259521030
3,2468,84079410964,4670436378953,1783476413259759049
1,2500,84079783932,4670436729614,1783476413260109614
0,2450,84110855867,4670471903677,1783476413295283677
2,2486,84111227868,4670472116960,1783476413295496960
3,2469,84111445772,4670472351395,1783476413295731395
1,2501,84111799804,4670472722472,1783476413296102504
0,2451,84146868548,4670503766077,1783476413327146141
2,2487,84147230964,4670504108578,1783476413327488610
3,2470,84147441580,4670504346277,1783476413327726309
1,2502,84147784772,4670504729130,1783476413328109130
0,2452,84178844092,4670535780159,1783476413359160159
1,2503,84179802612,4670536709324,1783476413360089356
2,2488,84179229644,4670540147933,1783476413363527965
3,2471,84179425932,4670540387168,1783476413363767200
0,2453,84210829900,4670571738489,1783476413395118489
2,2489,84215212964,4670572088094,1783476413395468094
3,2472,84211472612,4670572355490,1783476413395735522
1,2504,84211804804,4670572714535,1783476413396094535
0,2454,84246857356,4670603743771,1783476413427123803
2,2490,84247183932,4670604103200,1783476413427483232
3,2473,84247448996,4670604345220,1783476413427725220
1,2505,84247786868,4670604717609,1783476413428097609
0,2455,84278858996,4670635842847,1783476413459222879
1,2506,84279801900,4670636731691,1783476413460111691
2,2491,84279213644,4670640148859,1783476413463528859
3,2474,84279441804,4670640401823,1783476413463781823
0,2456,84310826868,4670671767864,1783476413495148056
2,2492,84315227868,4670672102269,1783476413495482301
3,2475,84311473964,4670672349344,1783476413495729344
1,2507,84311803836,4670672715781,1783476413496095845
0,2457,84346867452,4670703770714,1783476413527150746
2,2493,84347184164,4670704134847,1783476413527514879
3,2476,84347446676,4670704417891,1783476413527797923
1,2508,84347792900,4670704740104,1783476413528120136
0,2458,84378870132,4670735832669,1783476413559212861
1,2509,84379808772,4670736715306,1783476413560095338
2,2494,84379231708,4670740131610,1783476413563511610
3,2477,84379444484,4670740366141,1783476413563746173
0,2459,84410828612,4670771758615,1783476413595138615
2,2495,84415212772,4670772081275,1783476413595461275
3,2478,84411446900,4670772336991,1783476413595716991
1,2510,84415802964,4670772733156,1783476413596113188
0,2460,84446837812,4670803823706,1783476413627203706
2,2496,84447184484,4670804130142,1783476413627510302
3,2479,84447436996,4670804354049,1783476413627734081
1,2511,84447792964,4670804721478,1783476413628101510
0,2461,84478845292,4670839782420,1783476413663162420
2,2497,84479258836,4670840097016,1783476413663477048
3,2480,84479446996,4670840365340,1783476413663745340
1,2512,84479807996,4670840689440,1783476413664069440
0,2462,84510828292,4670871766133,1783476413695146133
2,2498,84515216804,4670872092442,1783476413695472474
3,2481,84511446932,4670872344446,1783476413695724478
1,2513,84515804932,4670872695427,1783476413696075427
0,2463,84546821580,4670903766904,1783476413727147192
2,2499,84547194964,4670904113180,1783476413727493180
1,2514,84547792028,4670904699173,1783476413728079205
3,2482,84547429580,4670908384409,1783476413731764409
1,2515,84579805740,4670936734087,1783476413760114151
0,2464,84578832452,4670939824563,1783476413763204563
2,2500,84579230612,4670940151863,1783476413763531863
3,2483,84579431772,4670940364346,1783476413763744346
0,2465,84610875548,4670971759604,1783476413795139764
2,2501,84615201772,4670972088249,1783476413795468249
3,2484,84615446836,4670972342204,1783476413795722236
1,2516,84615789932,4670972713121,1783476413796093121
0,2466,84646852420,4671003776054,1783476413827156054
2,2502,84647201804,4671004164380,1783476413827544380
3,2485,84647430772,4671004360575,1783476413827740639
1,2517,84647790868,4671004720068,1783476413828100068
0,2467,84678839484,4671039767633,1783476413863147665
2,2503,84679231708,4671040105013,1783476413863485013
3,2486,84679445804,4671040352089,1783476413863732121
1,2518,84679806996,4671040709566,1783476413864089566
0,2468,84714876452,4671071778611,1783476413895158611
2,2504,84715204900,4671072117560,1783476413895497592
3,2487,84715447996,4671072335867,1783476413895715867
1,2519,84715792092,4671072698112,1783476413896078112
0,2469,84746827772,4671103812406,1783476413927192438
2,2505,84747217292,4671104149114,1783476413927529114
1,2520,84747808964,4671104726466,1783476413928106498
3,2488,84747430356,4671108415894,1783476413931795926
0,2470,84778853580,4671139809968,1783476413963190000
2,2506,84783237868,4671140134613,1783476413963514645
3,2489,84779468644,4671140374648,1783476413963754648
1,2521,84779809836,4671140719133,1783476413964099133
0,2471,84814888548,4671171836114,1783476413995216114
2,2507,84815191676,4671172131927,1783476413995511927
3,2490,84815453772,4671172386266,1783476413995766298
1,2522,84815793772,4671172793568,1783476413996173600
0,2472,84846849772,4671203796948,1783476414027176948
1,2523,84847818676,4671204734945,1783476414028114977
2,2508,84847223292,4671208175761,1783476414031555761
3,2491,84847456772,4671208384820,1783476414031764820
0,2473,84878870324,4671239807342,1783476414063187342
2,2509,84883255964,4671240138578,1783476414063518610
3,2492,84879469964,4671240361461,1783476414063741461
1,2524,84879808804,4671240712506,1783476414064092506
0,2474,84914860548,4671271775119,1783476414095155119
2,2510,84915182868,4671272095699,1783476414095475731
3,2493,84915452028,4671272330582,1783476414095710582
1,2525,84915794868,4671272702140,1783476414096082172
0,2475,84946836676,4671304142485,1783476414127522549
1,2526,84947810772,4671304754814,1783476414128134846
2,2511,84947235516,4671308176558,1783476414131556558
3,2494,84947448708,4671308398129,1783476414131778129
0,2476,84978840420,4671339778154,1783476414163158186
2,2512,84983222676,4671340116687,1783476414163496719
3,2495,84979469868,4671340358162,1783476414163738162
1,2527,84979813932,4671340724247,1783476414164104311
0,2477,85014864676,4671371824684,1783476414195204716
2,2513,85015205772,4671372109232,1783476414195489232
3,2496,85015440964,4671372350323,1783476414195730323
1,2528,85015796963,4671372715097,1783476414196095129
0,2478,85046875348,4671407716004,1783476414231095940
2,2514,85047237348,4671408053737,1783476414231433705
3,2497,85047449644,4671408355053,1783476414231735053
1,2529,85047810996,4671408699218,1783476414232079218
0,2479,85078816772,4671439807111,1783476414263187143
2,2515,85083315804,4671440114987,1783476414263495051
3,2498,85079447804,4671440388111,1783476414263768111
1,2530,85083812092,4671440737108,1783476414264117108
0,2480,85114866420,4671471797320,1783476414295177352
2,2516,85115228356,4671472116653,1783476414295496685
3,2499,85115439772,4671472359568,1783476414295739600
1,2531,85115798932,4671472812151,1783476414296192183
0,2481,85146946804,4671507750402,1783476414331130402
2,2517,85147368164,4671508110695,1783476414331490695
3,2500,85147495932,4671508342602,1783476414331722602
1,2532,85147862996,4671508702031,1783476414332082031
0,2482,85182850740,4671539777699,1783476414363157699
2,2518,85183210548,4671540124712,1783476414363504712
3,2501,85183456932,4671540353420,1783476414363733420
1,2533,85183798932,4671540725713,1783476414364105713
0,2483,85214873836,4671571762949,1783476414395142981
2,2519,85215252708,4671572115434,1783476414395495434
3,2502,85215441964,4671572336429,1783476414395716429
1,2534,85215800028,4671572725842,1783476414396105874
0,2484,85246848964,4671607755198,1783476414431135198
2,2520,85247244484,4671608090435,1783476414431470435
3,2503,85247454932,4671608359911,1783476414431739975
1,2535,85247815868,4671608710540,1783476414432090572
0,2485,85282887644,4671639802209,1783476414463182241
2,2521,85283213484,4671640149125,1783476414463529189
3,2504,85283457804,4671640369577,1783476414463749577
1,2536,85283802060,4671640731022,1783476414464111022
0,2486,85314862804,4671671771234,1783476414495151298
2,2522,85315241548,4671672143943,1783476414495523943
1,2537,85315817996,4671672725231,1783476414496105263
3,2505,85315441932,4671676408291,1783476414499788291
0,2487,85346844932,4671707752251,1783476414531132251
2,2523,85347253644,4671708131552,1783476414531511584
3,2506,85347483932,4671708344675,1783476414531724707
1,2538,85347820996,4671708705001,1783476414532085033
0,2488,85382913964,4671739802365,1783476414563182621
2,2524,85383214516,4671740122626,1783476414563502658
3,2507,85383457996,4671740371557,1783476414563751589
1,2539,85383801804,4671740739243,1783476414564119339
0,2489,85414881516,4671771778207,1783476414595158207
1,2540,85415817676,4671772738444,1783476414596118476
2,2525,85415251868,4671776147676,1783476414599527740
3,2508,85415472772,4671776396255,1783476414599776287
0,2490,85446862556,4671807820825,1783476414631200857
2,2526,85451248644,4671808145309,1783476414631525341
3,2509,85447475644,4671808381249,1783476414631761281
1,2541,85447828388,4671808745990,1783476414632125990
0,2491,85482891644,4671839795802,1783476414663175802
2,2527,85483198676,4671840151103,1783476414663531103
3,2510,85483463932,4671840368386,1783476414663748386
1,2542,85483802932,4671840732167,1783476414664112167
0,2492,85514895708,4671871801116,1783476414695181148
1,2543,85515819676,4671872729961,1783476414696109993
2,2528,85515246092,4671876156473,1783476414699536473
3,2511,85515458996,4671876389148,1783476414699769148
0,2493,85546851028,4671907765301,1783476414731145301
2,2529,85551232708,4671908119002,1783476414731499002
3,2512,85547479092,4671908336701,1783476414731716733
1,2544,85547820060,4671908710658,1783476414732090690
0,2494,85582847420,4671939815351,1783476414763195351
2,2530,85583223028,4671940141660,1783476414763521660
3,2513,85583443932,4671940380447,1783476414763760447
1,2545,85583804836,4671942174744,1783476414765554776
0,2495,85614899452,4671975797233,1783476414799177233
2,2531,85615251188,4671976120181,1783476414799500181
3,2514,85615466868,4671976381657,1783476414799761657
1,2546,85615824964,4671976722686,1783476414800102686
0,2496,85646853092,4672007779442,1783476414831159442
2,2532,85651231772,4672008138391,1783476414831518423
3,2515,85647462932,4672008346938,1783476414831726970
1,2547,85651821060,4672008717119,1783476414832097119
0,2497,85682882228,4672039794548,1783476414863174548
2,2533,85683210996,4672040135192,1783476414863515192
3,2516,85683448092,4672040367836,1783476414863747868
1,2548,85683810028,4672040736257,1783476414864116257
0,2498,85714898580,4672075841326,1783476414899221326
2,2534,85715249324,4672076140114,1783476414899520146
3,2517,85715460612,4672076409238,1783476414899789238
1,2549,85715822804,4672076732411,1783476414900112411
0,2499,85746853388,4672107816783,1783476414931196815
2,2535,85751215580,4672108143892,1783476414931523924
3,2518,85751462548,4672108397623,1783476414931777655
1,2550,85751814836,4672108752700,1783476414932132700
0,2500,85782882484,4672139875122,1783476414963255122
2,2536,85783223772,4672140147829,1783476414963527797
1,2551,85783806740,4672140777854,1783476414964157854
3,2519,85783453580,4672144415665,1783476414967795697
0,2501,85814866452,4672175836811,1783476414999216843
2,2537,85815248548,4672176140847,1783476414999520847
3,2520,85815468419,4672176401299,1783476414999781331
1,2552,85815822868,4672176737367,1783476415000117367
0,2502,85850869676,4672207871628,1783476415031251628
2,2538,85851216420,4672208189777,1783476415031569777
3,2521,85851465868,4672208384723,1783476415031764723
1,2553,85851807932,4672208760217,1783476415032140249
0,2503,85882883420,4672239808780,1783476415063188780
1,2554,85883824580,4672240752666,1783476415064132698
2,2539,85883222836,4672244172329,1783476415067552329
3,2522,85883450996,4672244409837,1783476415067789837
0,2504,85914871260,4672275861382,1783476415099241382
2,2540,85915255060,4672276157674,1783476415099537706
3,2523,85915480932,4672276372525,1783476415099752525
1,2555,85915823804,4672276741170,1783476415100121202
0,2505,85950899804,4672307841607,1783476415131221639
2,2541,85951217580,4672308135691,1783476415131515723
3,2524,85951470964,4672308374766,1783476415131754798
1,2556,85951808964,4672308739987,1783476415132119987
0,2506,85982882452,4672339849928,1783476415163229928
1,2557,85983822868,4672340752692,1783476415164132724
2,2542,85983234708,4672344172068,1783476415167552100
3,2525,85983447804,4672344406632,1783476415167786664
0,2507,86014890772,4672375773632,1783476415199153632
2,2543,86019249028,4672376115909,1783476415199495941
3,2526,86015481900,4672376391016,1783476415199771048
1,2558,86015823932,4672376726189,1783476415200106189
0,2508,86050883964,4672407764577,1783476415231144609
2,2544,86051203676,4672408152006,1783476415231532006
3,2527,86051465252,4672408345161,1783476415231725161
1,2559,86051809156,4672408722158,1783476415232102158
0,2509,86082895996,4672439804642,1783476415263184642
1,2560,86083825060,4672440753903,1783476415264133903
2,2545,86083254675,4672444201696,1783476415267581728
3,2528,86083464252,4672444416387,1783476415267796419
0,2510,86114878772,4672475812315,1783476415299192347
2,2546,86119241804,4672476148864,1783476415299528864
3,2529,86115489060,4672476362883,1783476415299742883
1,2561,86115838804,4672476740904,1783476415300120936
0,2511,86150912964,4672507785660,1783476415331165692
2,2547,86151229548,4672508145345,1783476415331525377
3,2530,86151452964,4672508354276,1783476415331734308
1,2562,86151816060,4672508728137,1783476415332108137
0,2512,86182906188,4672539806173,1783476415363186173
1,2563,86183827964,4672540747466,1783476415364127498
2,2548,86183258196,4672544158810,1783476415367538842
3,2531,86183470644,4672544396957,1783476415367776989
0,2513,86214897868,4672575779254,1783476415399159254
2,2549,86219236900,4672576124538,1783476415399504570
3,2532,86215475028,4672576358334,1783476415399738366
1,2564,86219827156,4672576725411,1783476415400105411
0,2514,86250861740,4672607789431,1783476415431169463
2,2550,86251226388,4672608145180,1783476415431525180
1,2565,86251816932,4672608732228,1783476415432112228
3,2533,86251451804,4672612408727,1783476415435788727
0,2515,86282871964,4672643811280,1783476415467191280
2,2551,86283254772,4672644144885,1783476415467524885
3,2534,86283469060,4672644386808,1783476415467766808
1,2566,86283828836,4672644735741,1783476415468115773
0,2516,86314863708,4672675796401,1783476415499176401
2,2552,86319246900,4672676116053,1783476415499496085
3,2535,86319487932,4672676359545,1783476415499739545
1,2567,86319826932,4672676718014,1783476415500098046
0,2517,86350886900,4672707784689,1783476415531164689
1,2568,86351813676,4672708741119,1783476415532121119
2,2553,86351216900,4672712180047,1783476415535560047
3,2536,86351454996,4672712405554,1783476415535785554
1,2569,86383827836,4672740771072,1783476415564151072
0,2518,86382898804,4672743824395,1783476415567204395
2,2554,86383263612,4672744154672,1783476415567534736
3,2537,86383486708,4672744384339,1783476415567764371
0,2519,86418900388,4672775804460,1783476415599184492
2,2555,86419229900,4672776103984,1783476415599484016
3,2538,86419472060,4672776360308,1783476415599740340
1,2570,86419814804,4672776730073,1783476415600110105
0,2520,86450867612,4672807824301,1783476415631204301
2,2556,86451225740,4672808154098,1783476415631534130
1,2571,86451831836,4672808756346,1783476415632136378
3,2539,86451468676,4672812413261,1783476415635793261
0,2521,86482904740,4672843784517,1783476415667164549
2,2557,86483257804,4672844120490,1783476415667500522
3,2540,86483472996,4672844393742,1783476415667773742
1,2572,86483831900,4672844733587,1783476415668113587
0,2522,86518872324,4672875801447,1783476415699181607
2,2558,86519226836,4672876134411,1783476415699514475
3,2541,86519471772,4672876378831,1783476415699758831
1,2573,86519814996,4672876766996,1783476415700147060
0,2523,86550895324,4672907784359,1783476415731164391
1,2574,86551832740,4672908746133,1783476415732126133
2,2559,86551245772,4672912167493,1783476415735547525
3,2542,86551464804,4672912411464,1783476415735791496
0,2524,86582900580,4672943808833,1783476415767188833
2,2560,86587243708,4672944126821,1783476415767506821
3,2543,86583495060,4672944388649,1783476415767768649
1,2575,86583836836,4672944743246,1783476415768123246
0,2525,86618861356,4672975799521,1783476415799179521
2,2561,86619242548,4672976126278,1783476415799506310
3,2544,86619475028,4672976360393,1783476415799740425
1,2576,86619816899,4672976732911,1783476415800112911
0,2526,86650859676,4673007819523,1783476415831199523
1,2577,86651832516,4673008743600,1783476415832123600
2,2562,86651243099,4673012161600,1783476415835541600
3,2545,86651471932,4673012417731,1783476415835797763
0,2527,86682899356,4673043823324,1783476415867203356
2,2563,86687257124,4673044127520,1783476415867507552
3,2546,86683492124,4673044397604,1783476415867777636
1,2578,86683833996,4673044747721,1783476415868127721
0,2528,86718900548,4673075829949,1783476415899209949
2,2564,86719245868,4673076160577,1783476415899540609
3,2547,86719465548,4673076397893,1783476415899777893
1,2579,86719823868,4673076747690,1783476415900127722
0,2529,86750878452,4673107844894,1783476415931224926
1,2580,86751830643,4673108746635,1783476415932126635
2,2565,86751261388,4673112172443,1783476415935552443
3,2548,86751476964,4673112408318,1783476415935788318
0,2530,86782858388,4673143831799,1783476415967211799
2,2566,86787244772,4673144143931,1783476415967523931
3,2549,86783478420,4673144393343,1783476415967773343
1,2581,86787834028,4673144756164,1783476415968136164
0,2531,86818904260,4673175893433,1783476415999273465
2,2567,86819233452,4673176151484,1783476415999531516
3,2550,86819461612,4673176407392,1783476415999787424
1,2582,86819827028,4673176757253,1783476416000137285
0,2532,86850882452,4673211851568,1783476416035231568
2,2568,86851264580,4673212144117,1783476416035524149
3,2551,86851475900,4673212396728,1783476416035776760
1,2583,86851837900,4673212746557,1783476416036126557
0,2533,86882869260,4673243813552,1783476416067193552
2,2569,86887246740,4673244133589,1783476416067513653
3,2552,86887493900,4673244387480,1783476416067767512
1,2584,86887834836,4673244747005,1783476416068127005
0,2534,86918865804,4673275791472,1783476416099171504
2,2570,86919233772,4673276122933,1783476416099502933
1,2585,86919820932,4673276735709,1783476416100115709
3,2553,86919461772,4673280418353,1783476416103798353
0,2535,86950860228,4673311804297,1783476416135184297
2,2571,86951259804,4673312135821,1783476416135515821
3,2554,86951493612,4673312392625,1783476416135772625
1,2586,86951832932,4673312747926,1783476416136127958
0,2536,86986876516,4673343873226,1783476416167253226
2,2572,86987231644,4673344161038,1783476416167541038
3,2555,86987475804,4673344405394,1783476416167785394
1,2587,86987820932,4673344749366,1783476416168129398
0,2537,87018853580,4673375814602,1783476416199194602
2,2573,87019226740,4673376126158,1783476416199506158
1,2588,87019831611,4673376743991,1783476416200124023
3,2556,87019454772,4673380410474,1783476416203790506
0,2538,87050862644,4673411786306,1783476416235166338
2,2574,87051261868,4673412117062,1783476416235497062
3,2557,87051477964,4673412378730,1783476416235758794
1,2589,87051836188,4673412725327,1783476416236105359
0,2539,87086886644,4673443806626,1783476416267186626
2,2575,87087234932,4673444136807,1783476416267516871
3,2558,87087477932,4673444381930,1783476416267761930
1,2590,87087822028,4673444762608,1783476416268142640
0,2540,87118903516,4673475847619,1783476416299227619
1,2591,87119838548,4673476774672,1783476416300154704
2,2576,87119234164,4673480238049,1783476416303618049
3,2559,87119478836,4673480440707,1783476416303820707
0,2541,87150907708,4673511807835,1783476416335187835
2,2577,87155297900,4673512123679,1783476416335503711
3,2560,87151500932,4673512401155,1783476416335781219
1,2592,87151837836,4673512740744,1783476416336120776
0,2542,87186916420,4673543801595,1783476416367181595
2,2578,87187237708,4673544138784,1783476416367518784
3,2561,87187488060,4673544381251,1783476416367761315
1,2593,87187824932,4673544774793,1783476416368154793
0,2543,87218904420,4673575813468,1783476416399193628
1,2594,87219841804,4673576749609,1783476416400129641
2,2579,87219253900,4673580175385,1783476416403555417
3,2562,87219484028,4673580399644,1783476416403779676
0,2544,87250873548,4673611814516,1783476416435194516
2,2580,87255267868,4673612122104,1783476416435502104
3,2563,87251503964,4673612375196,1783476416435755196
1,2595,87251854996,4673612752801,1783476416436132833
0,2545,87286892516,4673643813844,1783476416467193876
2,2581,87287237060,4673644143097,1783476416467523097
3,2564,87287479964,4673644380348,1783476416467760348
1,2596,87287837028,4673644781058,1783476416468161090
0,2546,87318911644,4673675795476,1783476416499175476
1,2597,87319839740,4673676755234,1783476416500135266
2,2582,87319271612,4673680133329,1783476416503513393
3,2565,87319490964,4673680409525,1783476416503789525
0,2547,87354907708,4673711794541,1783476416535174573
2,2583,87355255964,4673712117041,1783476416535497073
3,2566,87351485964,4673712375349,1783476416535755349
1,2598,87355841996,4673712742682,1783476416536122682
0,2548,87386869228,4673743829742,1783476416567209742
2,2584,87387224028,4673744136754,1783476416567516818
3,2567,87387469060,4673744395797,1783476416567775829
1,2599,87387826964,4673744753498,1783476416568133530
0,2549,87418920356,4673779808870,1783476416603188870
2,2585,87419275932,4673780128906,1783476416603508906
3,2568,87419483996,4673780383790,1783476416603763822
1,2600,87419845060,4673780731859,1783476416604111859
0,2550,87450877940,4673811822118,1783476416635202150
2,2586,87455255740,4673812141995,1783476416635521995
3,2569,87455498772,4673812383246,1783476416635763278
1,2601,87455840772,4673812771923,1783476416636151955
0,2551,87486909068,4673843817926,1783476416667197958
2,2587,87487256900,4673844139755,1783476416667519755
1,2602,87487831804,4673844756500,1783476416668136500
3,2570,87487473868,4673848427783,1783476416671807783
1,2603,87519841452,4673876775636,1783476416700155668
0,2552,87518886644,4673879800031,1783476416703180031
2,2588,87519269964,4673880137123,1783476416703517219
3,2571,87519485028,4673880396167,1783476416703776199
0,2553,87554909708,4673911789695,1783476416735169695
2,2589,87555239932,4673912120067,1783476416735500067
3,2572,87555484996,4673912372135,1783476416735752135
1,2604,87555827932,4673912748780,1783476416736128812
0,2554,87586905676,4673943836416,1783476416767216448
2,2590,87587224804,4673944173508,1783476416767553540
1,2605,87587829028,4673944770605,1783476416768150605
3,2573,87587468676,4673948435232,1783476416771815232
0,2555,87618915228,4673979832056,1783476416803212408
2,2591,87619272612,4673980290814,1783476416803670846
3,2574,87619487676,4673980437152,1783476416803817184
1,2606,87619845868,4673980771845,1783476416804151845
0,2556,87654925772,4674011831288,1783476416835211480
2,2592,87655240708,4674012162429,1783476416835542461
3,2575,87655490804,4674012408640,1783476416835788704
1,2607,87655833836,4674012766501,1783476416836146533
0,2557,87686874804,4674043847161,1783476416867227161
2,2593,87687239964,4674044163581,1783476416867543613
1,2608,87687844964,4674044761190,1783476416868141190
3,2576,87687473124,4674048433657,1783476416871813657
0,2558,87718916868,4674079796144,1783476416903176144
2,2594,87723272772,4674080140821,1783476416903520885
3,2577,87719506900,4674080377401,1783476416903757401
1,2609,87719847836,4674080744958,1783476416904124958
0,2559,87754910452,4674111845074,1783476416935225106
2,2595,87755221420,4674112126453,1783476416935506517
3,2578,87755492124,4674112369273,1783476416935749305
1,2610,87755834964,4674112755518,1783476416936135518
0,2560,87786893388,4674143837138,1783476416967217138
1,2611,87787850516,4674144774623,1783476416968154623
2,2596,87787281868,4674148206031,1783476416971586095
3,2579,87787494964,4674148426322,1783476416971806354
0,2561,87818905260,4674179877579,1783476417003257611
2,2597,87823288676,4674180171119,1783476417003551119
3,2580,87819511740,4674180407474,1783476417003787538
1,2612,87819854900,4674180772247,1783476417004152247
0,2562,87854910420,4674211863242,1783476417035243242
2,2598,87855215932,4674212163790,1783476417035543790
3,2581,87855473612,4674212408914,1783476417035788914
1,2613,87855836740,4674212762679,1783476417036142711
0,2563,87886890836,4674243801769,1783476417067181865
1,2614,87887855964,4674244764087,1783476417068144087
2,2599,87887279644,4674248158758,1783476417071538758
3,2582,87887492220,4674248423146,1783476417071803146
0,2564,87922882580,4674279801121,1783476417103181121
2,2600,87923256932,4674280138149,1783476417103518277
3,2583,87919498124,4674280386921,1783476417103766921
1,2615,87923848868,4674280744494,1783476417104124494
0,2565,87954906772,4674311871137,1783476417135251137
2,2601,87955219836,4674312267175,1783476417135647175
3,2584,87955475868,4674312400617,1783476417135780617
1,2616,87955835900,4674313162515,1783476417136542547
0,2566,87986881388,4674347855705,1783476417171235737
2,2602,87987264708,4674348175837,1783476417171555837
3,2585,87987493580,4674348432737,1783476417171812769
1,2617,87987848772,4674348757446,1783476417172137478
0,2567,88018892388,4674379790040,1783476417203170040
2,2603,88023257644,4674380118588,1783476417203498620
3,2586,88019494932,4674380392000,1783476417203772064
1,2618,88023847740,4674380778118,1783476417204158150
0,2568,88054906356,4674411792023,1783476417235172023
2,2604,88055240996,4674412121244,1783476417235501244
3,2587,88055481900,4674412420768,1783476417235800768
1,2619,88055840868,4674412759333,1783476417236139333
1,2620,88087845708,4674444798885,1783476417268178917
0,2569,88086895676,4674447833712,1783476417271213744
2,2605,88087277580,4674448134388,1783476417271514420
3,2588,88087490028,4674448410424,1783476417271790424
0,2570,88122899260,4674479836559,1783476417303216559
2,2606,88123251580,4674480143092,1783476417303523124
3,2589,88123492676,4674480419480,1783476417303799512
1,2621,88123833932,4674480782333,1783476417304162333
0,2571,88154947708,4674511841583,1783476417335221615
2,2607,88155239932,4674512174068,1783476417335554068
1,2622,88155853740,4674512794557,1783476417336174557
3,2590,88155466260,4674516436272,1783476417339816304
0,2572,88186890676,4674547781446,1783476417371161478
2,2608,88187275900,4674548129227,1783476417371509227
3,2591,88187492484,4674548411567,1783476417371791567
1,2623,88187850964,4674548761076,1783476417372141076
0,2573,88222913132,4674579803174,1783476417403183174
2,2609,88223246772,4674580135275,1783476417403515275
3,2592,88223491996,4674580369422,1783476417403749454
1,2624,88223834964,4674580759668,1783476417404139700
0,2574,88254878644,4674611790790,1783476417435170822
1,2625,88255850580,4674612768627,1783476417436148659
2,2610,88255247964,4674616182307,1783476417439562307
3,2593,88255474932,4674616408646,1783476417439788646
0,2575,88286880900,4674647795901,1783476417471175933
2,2611,88291284836,4674648155330,1783476417471535395
3,2594,88287508900,4674648402278,1783476417471782278
1,2626,88287849964,4674648752395,1783476417472132395
0,2576,88322877900,4674679816317,1783476417503196349
2,2612,88323214388,4674680154434,1783476417503534434
3,2595,88323491963,4674680395622,1783476417503775654
1,2627,88323835932,4674680770475,1783476417504150507
0,2577,88354877868,4674711800701,1783476417535180701
1,2628,88355869516,4674712761770,1783476417536141770
2,2613,88355267228,4674716203483,1783476417539583515
3,2596,88355492836,4674716433566,1783476417539813598
0,2578,88386911028,4674747802197,1783476417571182197
2,2614,88391277548,4674748147482,1783476417571527514
3,2597,88387510836,4674748387261,1783476417571767293
1,2629,88387852900,4674748761570,1783476417572141570
0,2579,88422879612,4674779809397,1783476417603189429
2,2615,88423217260,4674780156857,1783476417603536857
3,2598,88423479964,4674780377820,1783476417603757820
1,2630,88423837900,4674780763362,1783476417604143394
0,2580,88454921324,4674811834037,1783476417635214037
1,2631,88455852580,4674812793570,1783476417636173570
2,2616,88455661420,4674816157073,1783476417639537105
3,2599,88455669964,4674816426837,1783476417639806869
0,2581,88490913124,4674847803628,1783476417671183660
2,2617,88491264612,4674848157009,1783476417671537041
3,2600,88487499996,4674848390484,1783476417671770484
1,2632,88491853964,4674848766201,1783476417672146233
0,2582,88522912836,4674879808748,1783476417703188780
2,2618,88523221028,4674880130736,1783476417703510736
3,2601,88523483964,4674880375668,1783476417703755668
1,2633,88523840324,4674880787449,1783476417704167449
1,2634,88555856124,4674912760953,1783476417736140921
0,2583,88554923964,4674915815491,1783476417739195491
2,2619,88555282740,4674916151112,1783476417739531144
3,2602,88555499252,4674916399276,1783476417739779244
0,2584,88590920516,4674947878468,1783476417771258436
2,2620,88591268964,4674948185544,1783476417771565576
3,2603,88587496740,4674948406059,1783476417771786091
1,2635,88591856028,4674948789169,1783476417772169169
0,2585,88622910964,4674979804003,1783476417803184003
2,2621,88623237388,4674980171976,1783476417803552008
1,2636,88623846028,4674980759952,1783476417804139984
3,2604,88623484676,4674984438948,1783476417807818948
0,2586,88654896644,4675015799674,1783476417839179738
2,2622,88655282612,4675016151775,1783476417839531775
3,2605,88655513932,4675016384387,1783476417839764419
1,2637,88655854996,4675016757992,1783476417840137992
0,2587,88690920868,4675047804922,1783476417871184922
2,2623,88691257676,4675048149919,1783476417871529951
3,2606,88691500964,4675048382978,1783476417871762978
1,2638,88691841836,4675048760199,1783476417872140199
0,2588,88722892028,4675079807290,1783476417903187322
1,2639,88723852484,4675080774311,1783476417904154407
2,2624,88723257644,4675084219224,1783476417907599256
3,2607,88723490028,4675084427707,1783476417907807739
0,2589,88754921292,4675115862610,1783476417939242642
2,2625,88755289228,4675116165175,1783476417939545175
3,2608,88755516228,4675116423450,1783476417939803450
1,2640,88755856388,4675116774367,1783476417940154367
0,2590,88790931772,4675147844914,1783476417971224946
2,2626,88791251772,4675148161878,1783476417971541878
3,2609,88791499644,4675148410650,1783476417971790682
1,2641,88791841964,4675148760927,1783476417972140959
0,2591,88822894452,4675179881682,1783476418003261682
2,2627,88823283516,4675180205367,1783476418003585367
1,2642,88823857868,4675180776799,1783476418004156799
3,2610,88823481612,4675184483602,1783476418007863602
0,2592,88854908220,4675215830792,1783476418039210824
2,2628,88859281612,4675216157645,1783476418039537677
3,2611,88855524996,4675216409392,1783476418039789424
1,2643,88855857804,4675216765493,1783476418040145525
0,2593,88890917804,4675247794695,1783476418071174695
2,2629,88891222676,4675248167692,1783476418071547724
3,2612,88891499932,4675248391247,1783476418071771279
1,2644,88891842092,4675248767445,1783476418072147445
0,2594,88922926740,4675279805990,1783476418103185990
1,2645,88923853484,4675280766228,1783476418104146260
2,2630,88923283060,4675284188323,1783476418107568355
3,2613,88923494028,4675284422503,1783476418107802503
0,2595,88954882580,4675315805533,1783476418139185565
2,2631,88959286516,4675316177794,1783476418139557794
3,2614,88955515900,4675316404134,1783476418139784166
1,2646,88955880836,4675316773579,1783476418140153611
0,2596,88990932900,4675347870589,1783476418171250621
2,2632,88991226260,4675348175970,1783476418171555970
3,2615,88991501868,4675348411461,1783476418171791461
1,2647,88991843932,4675348775146,1783476418172155146
0,2597,89022902964,4675379819004,1783476418203199004
1,2648,89023860516,4675380780777,1783476418204160777
2,2633,89023285644,4675384160632,1783476418207540632
3,2616,89023501900,4675384430524,1783476418207810556
0,2598,89058897292,4675415866963,1783476418239247219
2,2634,89059274836,4675416169592,1783476418239549592
3,2617,89055503548,4675416402843,1783476418239782843
1,2649,89059860028,4675416769792,1783476418240149824
0,2599,89090888612,4675447864914,1783476418271244914
2,2635,89091226740,4675448172279,1783476418271552279
3,2618,89091488708,4675448409786,1783476418271789946
1,2650,89091847836,4675448779263,1783476418272159263
0,2600,89122901484,4675483829801,1783476418307209833
2,2636,89123290228,4675484184494,1783476418307564526
3,2619,89123506644,4675484416913,1783476418307796913
1,2651,89123867060,4675484764982,1783476418308144982
0,2601,89158906996,4675515809192,1783476418339189224
2,2637,89159319804,4675516174893,1783476418339554893
3,2620,89155507964,4675516404848,1783476418339784848
1,2652,89160040996,4675516793110,1783476418340173142
0,2602,89190920964,4675547822951,1783476418371203015
2,2638,89191248356,4675548184492,1783476418371564524
3,2621,89191497156,4675548414607,1783476418371794607
1,2653,89191851060,4675548769172,1783476418372149172
0,2603,89222899932,4675583811230,1783476418407191230
2,2639,89223288612,4675584154723,1783476418407534723
3,2622,89223518932,4675584430503,1783476418407810535
1,2654,89223859836,4675584770123,1783476418408150155
0,2604,89258899772,4675615870654,1783476418439250654
2,2640,89259257548,4675616163138,1783476418439543138
3,2623,89259504996,4675616395365,1783476418439775365
1,2655,89259848868,4675616779019,1783476418440159051
0,2605,89290887900,4675647831101,1783476418471211101
2,2641,89291241708,4675648161441,1783476418471541473
1,2656,89291849964,4675648778666,1783476418472158666
3,2624,89291487452,4675652456765,1783476418475836765
0,2606,89322902836,4675683801331,1783476418507181363
2,2642,89323290676,4675684146168,1783476418507526200
3,2625,89323521964,4675684392155,1783476418507772187
1,2657,89323864868,4675684781665,1783476418508161697
0,2607,89358933740,4675715828755,1783476418539208787
2,2643,89359264772,4675716142039,1783476418539522039
3,2626,89359508060,4675716380506,1783476418539760538
1,2658,89359852836,4675716918306,1783476418540298306
0,2608,89390932548,4675747832338,1783476418571212338
2,2644,89391289772,4675748176151,1783476418571556151
1,2659,89391865740,4675748771967,1783476418572151999
3,2627,89391489516,4675752463411,1783476418575843411
0,2609,89422900028,4675783787528,1783476418607167528
2,2645,89427289548,4675784138285,1783476418607518317
3,2628,89423522964,4675784384849,1783476418607764849
1,2660,89423864836,4675784771830,1783476418608151830
0,2610,89458891580,4675815894889,1783476418639274889
2,2646,89459244548,4675816176845,1783476418639556877
3,2629,89459506868,4675816409968,1783476418639789968
1,2661,89459850028,4675816773557,1783476418640153557
0,2611,89490898900,4675847828007,1783476418671208007
1,2662,89491866708,4675848779604,1783476418672159636
2,2647,89491315676,4675852212580,1783476418675592612
3,2630,89491506644,4675852442247,1783476418675822247
0,2612,89522889060,4675883798622,1783476418707178654
2,2648,89527293452,4675884165155,1783476418707545155
3,2631,89523526964,4675884383174,1783476418707763206
1,2663,89523867028,4675884765611,1783476418708145643
0,2613,89558917548,4675915798621,1783476418739178621
2,2649,89559232516,4675916160450,1783476418739540482
3,2632,89559507028,4675916392453,1783476418739772453
1,2664,89559850804,4675916762090,1783476418740142090
0,2614,89590934492,4675947857405,1783476418771237405
1,2665,89591866804,4675948816298,1783476418772196330
2,2650,89591293228,4675952210106,1783476418775590106
3,2633,89591506900,4675952462397,1783476418775842397
0,2615,89622891516,4675983815379,1783476418807195379
2,2651,89627278899,4675984136600,1783476418807516600
3,2634,89623526996,4675984393627,1783476418807773627
1,2666,89623866836,4675984760256,1783476418808140288
0,2616,89658919324,4676015818898,1783476418839198898
2,2652,89659234060,4676016138487,1783476418839518519
3,2635,89659494028,4676016395930,1783476418839775930
1,2667,89659851804,4676016805856,1783476418840185856
0,2617,89690906004,4676051877418,1783476418875257450
2,2653,89691295900,4676052179758,1783476418875559758
3,2636,89691507388,4676052472434,1783476418875852434
1,2668,89691868708,4676052777015,1783476418876157047
0,2618,89726931547,4676083913802,1783476418907293802
2,2654,89727278740,4676084175309,1783476418907555309
3,2637,89723526420,4676084450161,1783476418907830193
1,2669,89727853900,4676084794390,1783476418908174390
0,2619,89758894036,4676115817896,1783476418939197896
2,2655,89759263708,4676116155852,1783476418939535884
3,2638,89759480676,4676116435472,1783476418939815472
1,2670,89759855028,4676116787765,1783476418940167765
0,2620,89790941196,4676151846239,1783476418975226239
2,2656,89791295708,4676152159267,1783476418975539299
3,2639,89791526579,4676152472648,1783476418975852648
1,2671,89791869156,4676152775180,1783476418976155212
0,2621,89826907260,4676183871454,1783476419007251454
2,2657,89827265484,4676184174467,1783476419007554499
3,2640,89827512644,4676184467847,1783476419007847879
1,2672,89827854676,4676184818380,1783476419008198380
0,2622,89858892996,4676215817852,1783476419039197852
2,2658,89859247772,4676216182497,1783476419039562561
3,2641,89859496356,4676216454437,1783476419039834437
1,2673,89859855868,4676216800522,1783476419040180522
0,2623,89890905388,4676251811250,1783476419075191250
2,2659,89891297964,4676252178551,1783476419075558647
3,2642,89891524932,4676252439387,1783476419075819419
1,2674,89891869900,4676252768608,1783476419076148640
0,2624,89926904708,4676283832881,1783476419107212913
2,2660,89927264996,4676284160918,1783476419107540918
3,2643,89927510740,4676284418457,1783476419107798489
1,2675,89927856996,4676284764798,1783476419108144830
0,2625,89958936260,4676315849264,1783476419139229264
2,2661,89959297996,4676316173396,1783476419139553396
1,2676,89959870996,4676316857342,1783476419140237342
3,2644,89959493964,4676320471952,1783476419143851984
0,2626,89990941588,4676351833350,1783476419175213670
2,2662,89991297900,4676352154091,1783476419175534091
3,2645,89991531644,4676352443791,1783476419175823791
1,2677,89991871900,4676352764659,1783476419176144659
0,2627,90026944484,4676383838981,1783476419207218981
2,2663,90027267900,4676384145513,1783476419207525545
3,2646,90027514868,4676384402317,1783476419207782349
1,2678,90027857092,4676384772242,1783476419208152274
0,2628,90058945868,4676415821731,1783476419239201763
1,2679,90059873996,4676416770576,1783476419240150608
2,2664,90059299708,4676420210016,1783476419243590016
3,2647,90059513836,4676420449028,1783476419243829028
0,2629,90090905132,4676451842682,1783476419275222714
2,2665,90095298452,4676452164062,1783476419275544126
3,2648,90091531092,4676452416450,1783476419275796450
1,2680,90091872868,4676452786567,1783476419276166567
0,2630,90126926484,4676483829880,1783476419307209912
2,2666,90127251772,4676484173629,1783476419307553629
3,2649,90127516932,4676484413824,1783476419307793856
1,2681,90127857964,4676484812230,1783476419308192230
0,2631,90158923772,4676515827798,1783476419339207798
1,2682,90159932868,4676516814852,1783476419340194884
2,2667,90159347740,4676520205011,1783476419343585043
3,2650,90159541836,4676520451127,1783476419343831159
0,2632,90190897996,4676551841933,1783476419375221997
2,2668,90195279516,4676552179122,1783476419375559122
3,2651,90191531868,4676552444661,1783476419375824661
1,2683,90191872060,4676552786682,1783476419376166714
0,2633,90226927620,4676583851052,1783476419407231084
2,2669,90227238100,4676584174576,1783476419407554576
3,2652,90227500804,4676584411123,1783476419407791155
1,2684,90227860932,4676584772440,1783476419408152472
0,2634,90258949804,4676619854626,1783476419443234626
2,2670,90259302612,4676620196103,1783476419443576103
3,2653,90259516124,4676620444778,1783476419443824778
1,2685,90259876932,4676620782767,1783476419444162863
0,2635,90294916804,4676651826816,1783476419475206816
2,2671,90295284676,4676652173477,1783476419475553477
3,2654,90291524900,4676652437993,1783476419475817993
1,2686,90295882932,4676652784173,1783476419476164173
0,2636,90326896868,4676683834143,1783476419507214143
2,2672,90327270996,4676684168483,1783476419507548483
1,2687,90327860484,4676684806252,1783476419508186252
3,2655,90327502900,4676688449119,1783476419511829183
0,2637,90358914900,4676719823253,1783476419543203285
2,2673,90359302996,4676720142041,1783476419543522041
3,2656,90359517964,4676720400733,1783476419543780765
1,2688,90359875420,4676720790626,1783476419544170626
0,2638,90394913868,4676751817619,1783476419575197619
2,2674,90395272868,4676752169880,1783476419575549880
3,2657,90395518092,4676752412092,1783476419575792124
1,2689,90395861420,4676752801889,1783476419576181921
0,2639,90426903772,4676783825874,1783476419607205906
2,2675,90427278996,4676784169847,1783476419607549879
1,2690,90427862419,4676784801952,1783476419608181952
3,2658,90427503740,4676788458707,1783476419611838867
0,2640,90458909068,4676819858121,1783476419643238121
2,2676,90459302028,4676820166253,1783476419643546285
3,2659,90459535804,4676820423633,1783476419643803633
1,2691,90459877772,4676820820118,1783476419644200150
0,2641,90494949292,4676851871752,1783476419675251752
2,2677,90495271932,4676852191660,1783476419675571660
3,2660,90495519644,4676852422255,1783476419675802255
1,2692,90495862092,4676852788788,1783476419676168820
0,2642,90526946932,4676883843110,1783476419707223110
2,2678,90527303900,4676884172810,1783476419707552810
1,2693,90527878260,4676884794227,1783476419708174259
3,2661,90527502740,4676888464966,1783476419711844966
0,2643,90558947804,4676919802907,1783476419743182939
2,2679,90559304932,4676920165856,1783476419743545856
3,2662,90559535996,4676920401060,1783476419743781060
1,2694,90559877356,4676920774697,1783476419744154697
0,2644,90594947548,4676951862043,1783476419775242043
2,2680,90595274612,4676952172255,1783476419775552255
3,2663,90595521028,4676952417603,1783476419775797603
1,2695,90595863740,4676952820136,1783476419776200136
0,2645,90626949772,4676983846841,1783476419807226873
2,2681,90627299964,4676984168830,1783476419807548830
1,2696,90627885740,4676984787910,1783476419808167910
3,2664,90627507836,4676988455289,1783476419811835289
0,2646,90658944644,4677019821615,1783476419843201615
2,2682,90663288900,4677020166612,1783476419843546644
3,2665,90659537836,4677020418487,1783476419843798519
1,2697,90659880452,4677020799613,1783476419844179645
0,2647,90694936772,4677051842574,1783476419875222574
2,2683,90695276964,4677052167698,1783476419875547730
3,2666,90695521868,4677052416726,1783476419875796726
1,2698,90695864292,4677052802779,1783476419876182811
0,2648,90726942740,4677083831500,1783476419907211500
1,2699,90727880644,4677084810362,1783476419908190394
2,2684,90727293188,4677088354219,1783476419911734219
3,2667,90727520740,4677088442605,1783476419911822605
0,2649,90758904548,4677119901220,1783476419943281252
2,2685,90763290452,4677120175687,1783476419943555687
3,2668,90759539612,4677120451019,1783476419943831019
1,2700,90759879644,4677120803056,1783476419944183056
0,2650,90794937708,4677151915202,1783476419975295170
2,2686,90795262964,4677152299592,1783476419975679624
3,2669,90795506900,4677152476362,1783476419975856330
1,2701,90795867548,4677152842607,1783476419976222607
0,2651,90826964292,4677183861664,1783476420007241664
1,2702,90827881940,4677184826509,1783476420008206541
2,2687,90827297740,4677188202460,1783476420011582460
3,2670,90827522932,4677188445376,1783476420011825408
0,2652,90862951708,4677219847029,1783476420043227029
2,2688,90863291676,4677220174170,1783476420043554202
3,2671,90859528932,4677220413181,1783476420043793213
1,2703,90863882388,4677220809059,1783476420044189059
0,2653,90894905804,4677251823475,1783476420075203507
2,2689,90895284900,4677252172280,1783476420075552312
3,2672,90895498124,4677252421275,1783476420075801275
1,2704,90895871708,4677252804865,1783476420076184865
0,2654,90926919836,4677287818441,1783476420111198473
2,2690,90927293868,4677288165197,1783476420111545197
3,2673,90927522580,4677288418033,1783476420111798065
1,2705,90927882932,4677288778390,1783476420112158422
0,2655,90962977484,4677319879559,1783476420143259591
2,2691,90963294932,4677320187276,1783476420143567308
3,2674,90963538580,4677320434959,1783476420143814991
1,2706,90963882900,4677320793620,1783476420144173620
0,2656,90994938260,4677351900102,1783476420175280102
2,2692,90995299548,4677352211786,1783476420175591818
1,2707,90995867772,4677352823251,1783476420176203251
3,2675,90995503292,4677356487238,1783476420179867238
0,2657,91026922740,4677387804826,1783476420211184858
2,2693,91027311932,4677388169951,1783476420211549983
3,2676,91027543292,4677388440707,1783476420211820739
1,2708,91027886740,4677388789768,1783476420212169832
0,2658,91062927868,4677419843480,1783476420243223480
2,2694,91063282804,4677420156669,1783476420243536669
3,2677,91063525580,4677420413824,1783476420243793824
1,2709,91063869804,4677420788486,1783476420244168518
0,2659,91094920228,4677451891671,1783476420275271703
2,2695,91095296772,4677452191643,1783476420275571643
1,2710,91095885708,4677452809732,1783476420276189764
3,2678,91095508900,4677456469975,1783476420279850007
0,2660,91126909972,4677487876301,1783476420311256365
2,2696,91127310612,4677488200945,1783476420311580945
3,2679,91127545580,4677488584630,1783476420311964630
1,2711,91127884772,4677488805049,1783476420312185049
0,2661,91163017516,4677519850410,1783476420343230410
2,2697,91163302964,4677520185423,1783476420343565423
3,2680,91163529484,4677520451570,1783476420343831570
1,2712,91163880996,4677520802103,1783476420344182295
0,2662,91194960836,4677551841768,1783476420375221768
2,2698,91195285804,4677552190541,1783476420375570541
1,2713,91195890836,4677552808341,1783476420376188373
3,2681,91195510420,4677556647275,1783476420380027275
0,2663,91226952060,4677587805021,1783476420411185021
2,2699,91231343740,4677588158690,1783476420411538690
3,2682,91227545708,4677588447750,1783476420411827750
1,2714,91227899932,4677588813963,1783476420412193995
0,2664,91262936932,4677619918685,1783476420443298685
2,2700,91263284996,4677620181216,1783476420443561216
3,2683,91263529932,4677620442468,1783476420443822500
1,2715,91263872452,4677620860362,1783476420444240362
0,2665,91294953868,4677651836953,1783476420475216953
1,2716,91295888260,4677652815623,1783476420476195623
2,2701,91295299740,4677656226934,1783476420479606966
3,2684,91295530868,4677656462970,1783476420479842970
0,2666,91326913708,4677687822031,1783476420511202095
2,2702,91331299028,4677688175316,1783476420511555316
3,2685,91327547772,4677688421879,1783476420511801943
1,2717,91327888548,4677688793532,1783476420512173532
0,2667,91362904772,4677719846957,1783476420543226957
2,2703,91363267932,4677720166578,1783476420543546578
3,2686,91363514996,4677720409621,1783476420543789621
1,2718,91363874580,4677720807450,1783476420544187514
0,2668,91394914804,4677751866955,1783476420575246987
1,2719,91395892196,4677752820665,1783476420576200665
2,2704,91395317964,4677756198312,1783476420579578312
3,2687,91395529964,4677756450603,1783476420579830635
0,2669,91430913836,4677787834208,1783476420611214240
2,2705,91431299964,4677788152421,1783476420611532421
3,2688,91427534964,4677788409000,1783476420611789064
1,2720,91431888516,4677788799790,1783476420612179982
0,2670,91462902940,4677819863647,1783476420643243647
2,2706,91463301868,4677820187811,1783476420643567811
3,2689,91463514612,4677820436935,1783476420643816935
1,2721,91463874356,4677820817196,1783476420644197228
0,2671,91494959356,4677855853524,1783476420679233556
2,2707,91495304996,4677856186105,1783476420679566137
3,2690,91495533611,4677856450717,1783476420679830717
1,2722,91495891900,4677856796225,1783476420680176257
0,2672,91530961804,4677887900851,1783476420711280851
2,2708,91531303708,4677888176791,1783476420711556823
3,2691,91531548356,4677888451867,1783476420711831931
1,2723,91531893772,4677888809952,1783476420712189984
0,2673,91562916772,4677919830576,1783476420743210576
2,2709,91563288804,4677920182741,1783476420743562773
3,2692,91563516580,4677920434328,1783476420743814328
1,2724,91563879060,4677920782909,1783476420744162909
0,2674,91594955484,4677955846054,1783476420779226086
2,2710,91595318740,4677956189355,1783476420779569387
3,2693,91595549676,4677956453166,1783476420779833230
1,2725,91595893708,4677956797523,1783476420780177555
0,2675,91630931804,4677987828419,1783476420811208451
2,2711,91631309900,4677988182120,1783476420811562152
3,2694,91631535452,4677988436940,1783476420811816972
1,2726,91631879060,4677988781617,1783476420812161649
0,2676,91662948740,4678019857442,1783476420843237442
2,2712,91663273964,4678020207591,1783476420843587655
3,2695,91663503708,4678020447274,1783476420843827306
1,2727,91663880060,4678020786255,1783476420844166287
0,2677,91694955676,4678055884792,1783476420879264792
2,2713,91695320772,4678056214588,1783476420879594652
3,2696,91695552900,4678056468704,1783476420879848704
1,2728,91695892836,4678056801509,1783476420880181509
0,2678,91730977868,4678087858965,1783476420911238997
2,2714,91731293964,4678088173210,1783476420911553210
3,2697,91731538580,4678088459006,1783476420911839006
1,2729,91731880996,4678088808611,1783476420912188643
0,2679,91762932164,4678119947669,1783476420943327669
2,2715,91763293676,4678120216600,1783476420943596600
1,2730,91763897580,4678120806592,1783476420944186624
3,2698,91763520356,4678124491060,1783476420947871060
0,2680,91794969388,4678155878153,1783476420979258185
2,2716,91799305548,4678156201646,1783476420979581646
3,2699,91795560644,4678156441937,1783476420979821969
1,2731,91795900996,4678156822934,1783476420980202966
0,2681,91830937780,4678187907431,1783476421011287431
2,2717,91831290580,4678188224556,1783476421011604556
3,2700,91831538612,4678188437775,1783476421011817775
1,2732,91831880932,4678188817748,1783476421012197748
0,2682,91862966324,4678219877348,1783476421043257380
1,2733,91863903836,4678220819953,1783476421044199953
2,2718,91863297356,4678224244417,1783476421047624417
3,2701,91863546772,4678224480548,1783476421047860548
0,2683,91894920900,4678255834489,1783476421079214553
2,2719,91899305124,4678256164957,1783476421079544989
3,2702,91895554804,4678256430369,1783476421079810369
1,2734,91895910932,4678256828199,1783476421080208231
0,2684,91930947931,4678287803702,1783476421111183734
2,2720,91931288900,4678288179355,1783476421111559387
3,2703,91931529740,4678288417118,1783476421111797118
1,2735,91931891484,4678288806532,1783476421112186532
0,2685,91962950836,4678319841011,1783476421143221043
1,2736,91963900644,4678320835009,1783476421144215041
2,2721,91963329156,4678324208880,1783476421147588880
3,2704,91963538772,4678324453556,1783476421147833556
0,2686,91998924388,4678355867113,1783476421179247177
2,2722,91999296484,4678356186829,1783476421179566829
3,2705,91995541900,4678356446033,1783476421179826065
1,2737,91999897580,4678356839766,1783476421180219766
0,2687,92030952972,4678387869702,1783476421211249734
2,2723,92031295580,4678388215019,1783476421211595051
3,2706,92031525452,4678388441998,1783476421211822030
1,2738,92031884060,4678388813875,1783476421212193907
0,2688,92062968708,4678423839611,1783476421247219707
2,2724,92063310292,4678424196096,1783476421247576096
3,2707,92063539804,4678424433059,1783476421247813059
1,2739,92063899932,4678424790248,1783476421248170280
0,2689,92098932740,4678455866104,1783476421279246136
2,2725,92099308708,4678456198493,1783476421279578525
3,2708,92099556900,4678456443392,1783476421279823392
1,2740,92099901028,4678456802277,1783476421280182341
0,2690,92130958740,4678487843157,1783476421311223157
2,2726,92131295548,4678488209339,1783476421311589339
3,2709,92131527932,4678488441118,1783476421311821118
1,2741,92131887836,4678488804387,1783476421312184419
1,2742,92163908740,4678520852897,1783476421344232897
0,2691,92162976772,4678523861419,1783476421347241483
2,2727,92163348804,4678524206544,1783476421347586544
3,2710,92163565964,4678524439827,1783476421347819859
0,2692,92198932708,4678555859464,1783476421379239496
2,2728,92199297060,4678556194029,1783476421379574061
3,2711,92199542708,4678556447984,1783476421379828016
1,2743,92199888060,4678556819125,1783476421380199125
0,2693,92230957772,4678587852997,1783476421411232997
2,2729,92231282452,4678588203210,1783476421411583210
1,2744,92231889060,4678588796722,1783476421412176722
3,2712,92231512868,4678592486118,1783476421415866214
0,2694,92262969868,4678623846234,1783476421447226266
2,2730,92263342740,4678624231552,1783476421447611584
3,2713,92263555932,4678624438242,1783476421447818242
1,2745,92263901900,4678624817480,1783476421448197480
0,2695,92298974932,4678655852344,1783476421479232408
2,2731,92299299484,4678656196540,1783476421479576540
3,2714,92299545060,4678656424288,1783476421479804352
1,2746,92299887900,4678656808517,1783476421480188549
0,2696,92330931836,4678687875125,1783476421511255157
2,2732,92331297772,4678688218874,1783476421511598874
1,2747,92331904996,4678688817154,1783476421512197154
3,2715,92331526964,4678692490357,1783476421515870389
0,2697,92362928900,4678723841386,1783476421547221418
2,2733,92367314228,4678724189359,1783476421547569423
3,2716,92363565804,4678724421650,1783476421547801682
1,2748,92363903964,4678724794263,1783476421548174295
0,2698,92398917868,4678755865063,1783476421579245127
2,2734,92399298164,4678756207404,1783476421579587404
3,2717,92399544772,4678756445903,1783476421579825903
1,2749,92399889996,4678756806612,1783476421580186612
0,2699,92430932708,4678787856933,1783476421611236933
1,2750,92431905124,4678788810866,1783476421612190898
2,2735,92431314708,4678792244770,1783476421615624802
3,2718,92431545836,4678792474149,1783476421615854213
0,2700,92462928748,4678823886458,1783476421647266458
2,2736,92467315900,4678824211263,1783476421647591295
3,2719,92463562452,4678824450082,1783476421647830082
1,2751,92463905028,4678824817479,1783476421648197479
0,2701,92498919868,4678855878487,1783476421679258487
2,2737,92499302580,4678856218204,1783476421679598236
3,2720,92499530964,4678856447199,1783476421679827231
1,2752,92499891900,4678856816900,1783476421680196932
0,2702,92530976060,4678887872500,1783476421711252500
1,2753,92531907996,4678888809570,1783476421712189602
2,2738,92531319548,4678892226577,1783476421715606577
3,2721,92531547740,4678892463924,1783476421715843924
0,2703,92566936772,4678923837289,1783476421747217289
2,2739,92567316548,4678924181646,1783476421747561646
3,2722,92563550964,4678924427697,1783476421747807697
1,2754,92567905804,4678924810487,1783476421748190487
0,2704,92598921676,4678955878791,1783476421779258823
2,2740,92599285772,4678956218220,1783476421779598252
3,2723,92599531676,4678956446095,1783476421779826127
1,2755,92599890900,4678956823828,1783476421780203828
0,2705,92630943772,4678991830523,1783476421815210555
2,2741,92631340420,4678992235585,1783476421815615617
3,2724,92631549964,4678992450564,1783476421815830596
1,2756,92631912836,4678992809769,1783476421816189769
0,2706,92666972900,4679023865497,1783476421847245497
2,2742,92667318708,4679024205854,1783476421847585886
3,2725,92663551996,4679024430273,1783476421847810273
1,2757,92667909772,4679024822406,1783476421848202470
0,2707,92698925772,4679055867606,1783476421879247606
2,2743,92699303740,4679056226299,1783476421879606299
1,2758,92699895028,4679056822756,1783476421880202788
3,2726,92699532900,4679060498583,1783476421883878583
0,2708,92730937356,4679091858123,1783476421915238219
2,2744,92731334452,4679092232400,1783476421915612400
3,2727,92731567868,4679092512948,1783476421915892980
1,2759,92731909964,4679092811641,1783476421916191673
0,2709,92766985652,4679123892745,1783476421947272777
2,2745,92767322060,4679124203821,1783476421947583853
3,2728,92767557804,4679124437969,1783476421947818001
1,2760,92767895676,4679124845046,1783476421948225046
0,2710,92798936323,4679155920103,1783476421979300135
2,2746,92799292708,4679156237547,1783476421979617547
1,2761,92799897612,4679156860372,1783476421980240372
3,2729,92799522060,4679160483846,1783476421983863846
0,2711,92830980036,4679191886363,1783476422015266395
2,2747,92831338068,4679192230016,1783476422015610048
3,2730,92831569836,4679192461571,1783476422015841571
1,2762,92831912252,4679192810984,1783476422016190952
0,2712,92866952804,4679223881208,1783476422047261208
2,2748,92867308452,4679224230365,1783476422047610397
3,2731,92867553772,4679224448800,1783476422047828800
1,2763,92867897740,4679224831237,1783476422048211269
0,2713,92898986324,4679255863892,1783476422079243892
2,2749,92899311996,4679256223865,1783476422079603865
1,2764,92899916995,4679256825794,1783476422080205858
3,2732,92899539900,4679260507861,1783476422083887893
0,2714,92930984388,4679291835848,1783476422115215848
2,2750,92935320740,4679292212077,1783476422115592077
3,2733,92931573996,4679292470929,1783476422115850961
1,2765,92931915124,4679292813590,1783476422116193622
0,2715,92966988548,4679323858757,1783476422147238757
2,2751,92967308836,4679324193546,1783476422147573546
3,2734,92967554028,4679324435341,1783476422147815373
1,2766,92967898028,4679324854675,1783476422148234675
0,2716,92998954388,4679355893730,1783476422179273730
1,2767,92999918932,4679356833967,1783476422180213999
2,2752,92999328356,4679360275551,1783476422183655615
3,2735,92999581156,4679360493954,1783476422183873954
0,2717,93030983644,4679391840086,1783476422215220086
2,2753,93035340060,4679392182811,1783476422215562843
3,2736,93031576836,4679392444990,1783476422215825022
1,2768,93031917028,4679392834052,1783476422216214052
0,2718,93066949676,4679423872659,1783476422247252691
2,2754,93067313452,4679424210200,1783476422247590232
3,2737,93067557836,4679424443355,1783476422247823355
1,2769,93067899900,4679424815456,1783476422248195456
0,2719,93098985580,4679455867824,1783476422279247824
1,2770,93099921420,4679456824669,1783476422280204669
2,2755,93099331804,4679460261453,1783476422283641453
3,2738,93099559124,4679460475376,1783476422283855376
0,2720,93134977516,4679491853028,1783476422315233060
2,2756,93135326060,4679492214537,1783476422315594537
3,2739,93131562932,4679492480589,1783476422315860621
1,2771,93135915836,4679492812497,1783476422316192529
0,2721,93166974548,4679523864449,1783476422347244481
2,2757,93167308092,4679524200518,1783476422347580550
3,2740,93167546772,4679524486506,1783476422347866538
1,2772,93167911964,4679524856111,1783476422348236111
0,2722,93198947804,4679559846741,1783476422383226773
2,2758,93199330740,4679560229434,1783476422383609466
3,2741,93199558964,4679560495582,1783476422383875614
1,2773,93199920932,4679560836355,1783476422384216355
0,2723,93234956028,4679591854930,1783476422415234962
2,2759,93235332964,4679592189046,1783476422415569078
3,2742,93231560612,4679592447962,1783476422415828026
1,2774,93235917900,4679592823007,1783476422416203039
0,2724,93266953324,4679623927024,1783476422447307056
2,2760,93267318580,4679624246708,1783476422447626708
1,2775,93267903420,4679624853244,1783476422448233244
3,2743,93267543452,4679628520239,1783476422451900239
0,2725,93298986708,4679659876963,1783476422483256963
2,2761,93299345708,4679660224456,1783476422483604488
3,2744,93299578804,4679660481004,1783476422483861036
1,2776,93299928900,4679660822448,1783476422484202448
0,2726,93334992964,4679691870816,1783476422515250816
2,2762,93335316900,4679692208421,1783476422515588453
3,2745,93335567644,4679692450696,1783476422515830728
1,2777,93335905836,4679692830669,1783476422516210669
0,2727,93366943836,4679723867773,1783476422547247773
2,2763,93367331420,4679724234018,1783476422547614018
1,2778,93367905644,4679724826410,1783476422548206442
3,2746,93367543132,4679728496445,1783476422551876445
0,2728,93398984676,4679759934418,1783476422583314418
2,2764,93399346964,4679760220630,1783476422583600630
3,2747,93399577452,4679760483673,1783476422583863673
1,2779,93399920964,4679760816862,1783476422584196894
0,2729,93434958804,4679791860397,1783476422615240397
2,2765,93435316932,4679792208914,1783476422615588978
3,2748,93435560772,4679792449270,1783476422615829270
1,2780,93435923676,4679792811707,1783476422616191739
0,2730,93466988324,4679823901643,1783476422647281643
1,2781,93467923644,4679824848568,1783476422648228568
2,2766,93467319772,4679828237287,1783476422651617287
3,2749,93467552836,4679828496587,1783476422651876587
0,2731,93498949060,4679859859903,1783476422683239935
2,2767,93503320612,4679860225060,1783476422683605092
3,2750,93499579900,4679860462183,1783476422683842183
1,2782,93499922156,4679860819756,1783476422684199788
0,2732,93534944836,4679891862075,1783476422715242075
2,2768,93535316356,4679892205824,1783476422715585824
3,2751,93535545932,4679892457924,1783476422715837924
1,2783,93535905868,4679892823849,1783476422716203849
0,2733,93566993868,4679923895128,1783476422747275096
1,2784,93567923028,4679924834726,1783476422748214694
2,2769,93567333772,4679928246005,1783476422751626005
3,2752,93567561932,4679928484088,1783476422751864152
0,2734,93598981484,4679959917613,1783476422783297613
2,2770,93603339740,4679960229297,1783476422783609297
3,2753,93599581644,4679960460821,1783476422783840853
1,2785,93599921804,4679960847450,1783476422784227450
0,2735,93634980868,4679991900618,1783476422815280618
2,2771,93635318644,4679992202798,1783476422815582830
3,2754,93635564996,4679992454897,1783476422815834929
1,2786,93635908324,4679992855127,1783476422816235159
0,2736,93666996804,4680023879398,1783476422847259398
1,2787,93667924868,4680024840307,1783476422848220307
2,2772,93667335644,4680028247811,1783476422851628003
3,2755,93667565996,4680028474406,1783476422851854438
0,2737,93698957932,4680059853402,1783476422883233402
2,2773,93703335292,4680060219903,1783476422883599935
3,2756,93699567028,4680060443554,1783476422883823586
1,2788,93703923772,4680060830568,1783476422884210568
0,2738,93734981260,4680091883767,1783476422915263767
2,2774,93735307708,4680092220220,1783476422915600252
3,2757,93735552836,4680092460415,1783476422915840415
1,2789,93735915676,4680092849253,1783476422916229317
0,2739,93766954620,4680127879243,1783476422951259243
2,2775,93767338740,4680128218928,1783476422951598864
3,2758,93767567900,4680128447827,1783476422951827763
1,2790,93767927868,4680128844761,1783476422952224761
0,2740,93803007484,4680159925993,1783476422983305993
2,2776,93803349612,4680160249709,1783476422983629677
3,2759,93799572900,4680160460976,1783476422983840976
1,2791,93803936932,4680160859894,1783476422984239926
0,2741,93834995844,4680191961062,1783476423015341094
2,2777,93835336324,4680192276138,1783476423015656170
1,2792,93835925996,4680192881523,1783476423016261523
3,2760,93835562844,4680196557830,1783476423019937830
0,2742,93867014644,4680227934745,1783476423051314777
2,2778,93867372740,4680228275294,1783476423051655294
3,2761,93867604964,4680228493569,1783476423051873569
1,2793,93867953868,4680228864742,1783476423052244742
0,2743,93903020516,4680259910901,1783476423083290901
2,2779,93903346996,4680260257722,1783476423083637722
1,2794,93903943836,4680260870690,1783476423084250754
0,2744,93935007548,4680291918289,1783476423115298321
2,2780,93935359804,4680292265046,1783476423115645046
3,2763,93935587996,4680292560634,1783476423115940634
1,2795,93935943900,4680292878238,1783476423116258334
0,2745,93966997292,4680327937733,1783476423151317733
2,2781,93967387484,4680328275498,1783476423151655498
3,2764,93967618060,4680328508845,1783476423151888845
1,2796,93967959772,4680328879986,1783476423152260018
0,2746,94003038132,4680359972450,1783476423183352450
2,2782,94003393420,4680360284326,1783476423183664326
3,2765,94003614932,4680360510153,1783476423183890153
1,2797,94003954868,4680360917199,1783476423184297231
0,2747,94035009708,4680391923549,1783476423215303549
2,2783,94035388740,4680392285762,1783476423215665794
1,2798,94035978900,4680392876298,1783476423216256330
3,2766,94035596868,4680396575806,1783476423219955806
0,2748,94067018420,4680427913745,1783476423251293745
2,2784,94071385708,4680428295798,1783476423251675830
3,2767,94067634932,4680428513785,1783476423251893881
1,2799,94067977836,4680428890654,1783476423252270718
0,2749,94103037484,4680459975950,1783476423283355950
2,2785,94103378124,4680460292498,1783476423283672498
3,2768,94103627932,4680460516981,1783476423283897045
1,2800,94103966548,4680460907643,1783476423284287643
0,2750,94135055868,4680491953513,1783476423315333545
1,2801,94135990028,4680492918903,1783476423316298903
2,2786,94135397612,4680496317318,1783476423319697318
3,2769,94135628900,4680496554761,1783476423319934793
0,2751,94167049836,4680527932701,1783476423351312701
2,2787,94171404412,4680528253441,1783476423351633409
3,2770,94167645444,4680528488325,1783476423351868261
1,2802,94167991932,4680528903498,1783476423352283498
0,2752,94203052420,4680559963033,1783476423383343033
2,2788,94203390932,4680560292254,1783476423383672254
3,2771,94203637868,4680560545025,1783476423383925025
1,2803,94203984028,4680560904166,1783476423384284166
0,2753,94235074420,4680591964502,1783476423415344502
1,2804,94236003964,4680592913091,1783476423416293123
2,2789,94235421484,4680596353170,1783476423419733170
3,2772,94235646932,4680596589398,1783476423419969398
0,2754,94267064708,4680627959305,1783476423451339337
2,2790,94271417868,4680628383407,1783476423451763439
3,2773,94267668964,4680628537809,1783476423451917841
1,2805,94268009028,4680628903574,1783476423452283574
0,2755,94303035028,4680659994598,1783476423483374598
2,2791,94303400996,4680660303242,1783476423483683242
3,2774,94303637996,4680660563214,1783476423483943214
1,2806,94303997676,4680660930227,1783476423484310291
0,2756,94335069612,4680695968793,1783476423519348825
2,2792,94335415868,4680696317534,1783476423519697534
3,2775,94335657932,4680696578114,1783476423519958146
1,2807,94336017964,4680696926470,1783476423520306502
0,2757,94371093676,4680727970933,1783476423551350933
2,2793,94371434932,4680728308058,1783476423551688058
3,2776,94367664964,4680728557117,1783476423551937149
1,2808,94372023996,4680728924258,1783476423552304258
0,2758,94403053580,4680759996338,1783476423583376370
2,2794,94403423580,4680760327318,1783476423583707382
3,2777,94403656804,4680760582042,1783476423583962266
1,2809,94404014772,4680760952223,1783476423584332255
0,2759,94435097452,4680795984421,1783476423619364421
2,2795,94435469932,4680796331594,1783476423619711626
3,2778,94435691060,4680796574829,1783476423619954861
1,2810,94436033996,4680796925426,1783476423620305458
0,2760,94471105260,4680828090851,1783476423651470851
2,2796,94471435708,4680828341766,1783476423651721798
3,2779,94471692900,4680828582058,1783476423651962090
1,2811,94472037932,4680828961551,1783476423652341551
0,2761,94503066036,4680860073343,1783476423683453407
2,2797,94503439060,4680860338178,1783476423683718178
3,2780,94503692028,4680860598950,1783476423683978982
1,2812,94504143060,4680860954251,1783476423684334283
0,2762,94535130324,4680895993969,1783476423719373969
2,2798,94535479772,4680896343830,1783476423719723894
3,2781,94535712996,4680896595290,1783476423719975322
1,2813,94536050900,4680896941470,1783476423720321502
0,2763,94571118708,4680927987789,1783476423751367821
2,2799,94571452964,4680928331026,1783476423751711058
3,2782,94571702092,4680928593270,1783476423751973302
1,2814,94572040868,4680928956475,1783476423752336507
0,2764,94603125420,4680960115723,1783476423783495755
2,2800,94603480964,4680960373903,1783476423783753903
1,2815,94604061868,4680960989879,1783476423784369943
3,2783,94603687772,4680964682091,1783476423788062123
0,2765,94635145452,4680996035774,1783476423819415806
2,2801,94635517964,4680996367362,1783476423819747394
3,2784,94635737092,4680996613094,1783476423819993094
1,2816,94636069932,4680996962859,1783476423820342859
0,2766,94671108548,4681028059034,1783476423851439066
2,2802,94671464804,4681028345470,1783476423851725470
3,2785,94671696028,4681028605058,1783476423851985122
1,2817,94672055900,4681028970887,1783476423852350887
0,2767,94703142220,4681060106935,1783476423883486967
1,2818,94704075388,4681061074500,1783476423884454500
2,2803,94703472420,4681064450003,1783476423887830003
3,2786,94703699388,4681064672694,1783476423888052694
0,2768,94735148940,4681096123755,1783476423919503755
2,2804,94739491836,4681096412783,1783476423919792815
3,2787,94735744740,4681096624242,1783476423920004274
1,2819,94736080932,4681096989271,1783476423920369271
0,2769,94771201156,4681128019206,1783476423951399142
2,2805,94771487348,4681128332490,1783476423951712458
3,2788,94771728348,4681128599630,1783476423951979566
1,2820,94772072348,4681128999251,1783476423952379187
0,2770,94803131588,4681160370631,1783476423983750631
1,2821,94804092188,4681161012752,1783476423984392784
2,2806,94803507772,4681164471808,1783476423987851872
3,2789,94803732548,4681164708931,1783476423988088963
0,2771,94835187324,4681196158423,1783476424019538423
2,2807,94839509324,4681196425275,1783476424019805307
3,2790,94835775252,4681196658462,1783476424020038462
1,2822,94836106900,4681197041923,1783476424020421923
0,2772,94871128972,4681228098354,1783476424051478354
2,2808,94871489420,4681228430582,1783476424051810582
3,2791,94871734028,4681228650073,1783476424052030073
1,2823,94872095868,4681229045119,1783476424052425151
0,2773,94903170324,4681260086605,1783476424083466605
2,2809,94903518676,4681264442954,1783476424087822954
3,2792,94903748388,4681264678349,1783476424088058381
1,2824,94904105996,4681265023218,1783476424088403250
0,2774,94939187388,4681296086304,1783476424119466304
2,2810,94939528060,4681296393700,1783476424119773732
3,2793,94935754932,4681296648712,1783476424120028776
1,2825,94940115900,4681297006957,1783476424120386957
0,2775,94971138836,4681328140924,1783476424151520924
2,2811,94971511964,4681328403072,1783476424151783104
1,2826,94972103484,4681329045289,1783476424152425321
3,2794,94971741452,4681332721180,1783476424156101212
0,2776,95003246516,4681364107183,1783476424187487215
2,2812,95003535740,4681364423123,1783476424187803187
3,2795,95003764900,4681364665175,1783476424188045239
1,2827,95004124516,4681365054556,1783476424188434556
0,2777,95039207804,4681396088074,1783476424219468106
2,2813,95039524996,4681396410159,1783476424219790159
3,2796,95039770836,4681396666610,1783476424220046610
1,2828,95040112548,4681397037271,1783476424220417271
0,2778,95071173772,4681428130438,1783476424251510438
2,2814,95071530964,4681428444395,1783476424251824427
3,2797,95071756996,4681428678702,1783476424252058702
1,2829,95072117580,4681429043091,1783476424252423123
0,2779,95103182908,4681464193658,1783476424287573690
2,2815,95103565868,4681464446750,1783476424287826782
3,2798,95103793996,4681464683841,1783476424288063841
1,2830,95104127356,4681465064006,1783476424288444006
0,2780,95139220876,4681496149301,1783476424319529333
2,2816,95139540483,4681496476794,1783476424319856794
3,2799,95139787156,4681496700669,1783476424320080669
1,2831,95140128516,4681497071682,1783476424320451714
0,2781,95171220452,4681528203473,1783476424351583441
2,2817,95171552324,4681528480885,1783476424351860885
3,2800,95171773740,4681528684056,1783476424352064056
1,2832,95172171124,4681529046653,1783476424352426589
0,2782,95203240324,4681564120387,1783476424387500387
2,2818,95203606836,4681564461992,1783476424387842024
3,2801,95203813028,4681564703243,1783476424388083243
1,2833,95204155772,4681565056656,1783476424388436688
0,2783,95239206356,4681596112511,1783476424419492543
2,2819,95239555964,4681596442371,1783476424419822371
3,2802,95239800028,4681596683687,1783476424420063687
1,2834,95240145676,4681597073452,1783476424420453516
0,2784,95271207356,4681628140571,1783476424451520571
2,2820,95271576708,4681628487199,1783476424451867199
1,2835,95272164868,4681629081864,1783476424452461928
3,2803,95271788804,4681632765115,1783476424456145115
0,2785,95303244420,4681664121069,1783476424487501069
2,2821,95307579772,4681664464850,1783476424487844850
3,2804,95303828932,4681664713846,1783476424488093878
1,2836,95304170899,4681665073467,1783476424488453467
0,2786,95339210676,4681696134569,1783476424519514569
2,2822,95339571932,4681696467598,1783476424519847598
3,2805,95339816804,4681696721649,1783476424520101681
1,2837,95340160292,4681697099222,1783476424520479254
0,2787,95371279868,4681728145541,1783476424551525573
1,2838,95372181548,4681729095314,1783476424552475346
2,2823,95371592708,4681732508193,1783476424555888225
3,2806,95371819867,4681732746469,1783476424556126469
0,2788,95403286708,4681764139800,1783476424587519800
2,2824,95407579028,4681764456764,1783476424587836764
3,2807,95403844868,4681764725376,1783476424588105408
1,2839,95404184772,4681765101829,1783476424588481829
0,2789,95439229804,4681796158228,1783476424619538228
2,2825,95439572220,4681796471576,1783476424619851608
3,2808,95439816060,4681796721435,1783476424620101435
1,2840,95440175452,4681797103521,1783476424620483521
0,2790,95471289548,4681828171471,1783476424651551503
1,2841,95472197132,4681829134301,1783476424652514301
2,2826,95471615676,4681832523180,1783476424655903180
3,2809,95471840028,4681832778223,1783476424656158255
0,2791,95507258996,4681864146690,1783476424687526690
2,2827,95507621932,4681864480167,1783476424687860167
3,2810,95503850028,4681864737770,1783476424688117802
1,2842,95508201356,4681865134992,1783476424688515024
0,2792,95539245644,4681896158494,1783476424719538494
2,2828,95539620323,4681896518979,1783476424719898979
1,2843,95540193932,4681897109707,1783476424720489739
3,2811,95539832964,4681900777278,1783476424724157310
0,2793,95571248676,4681932125808,1783476424755505840
2,2829,95571626420,4681932506709,1783476424755886709
3,2812,95571853996,4681932747257,1783476424756127257
1,2844,95572213804,4681933110430,1783476424756490526
0,2794,95607271196,4681964207981,1783476424787587981
2,2830,95607626324,4681964526577,1783476424787906609
3,2813,95607873644,4681964759124,1783476424788139124
1,2845,95608216900,4681965131770,1783476424788511770
0,2795,95639256868,4681996169320,1783476424819549352
3,2814,95639848932,4681996771472,1783476424820151504
1,2846,95640210060,4681997124501,1783476424820504533
2,2831,95639616484,4682000574789,1783476424823954789
0,2796,95671281652,4682032196123,1783476424855576155
2,2832,95671655964,4682032521984,1783476424855902016
3,2815,95671883708,4682032776323,1783476424856156355
1,2847,95672226356,4682033148360,1783476424856528392
0,2797,95707300060,4682064168854,1783476424887548854
2,2833,95707628996,4682064535259,1783476424887915355
3,2816,95707875028,4682064771807,1783476424888151839
1,2848,95708218452,4682065163716,1783476424888543716
0,2798,95739256868,4682096164978,1783476424919544978
2,2834,95739644188,4682096525975,1783476424919905911
1,2849,95740265380,4682097115327,1783476424920495263
3,2817,95739862612,4682100859539,1783476424924239571
0,2799,95771287908,4682132219622,1783476424955599622
2,2835,95771670804,4682132573483,1783476424955953515
3,2818,95771929772,4682132841166,1783476424956221166
1,2850,95772249964,4682133163251,1783476424956543251
0,2800,95807286708,4682164241697,1783476424987621697
2,2836,95807642644,4682164561926,1783476424987941926
3,2819,95807892804,4682164809993,1783476424988189993
1,2851,95808233900,4682165175438,1783476424988555502
0,2801,95839294068,4682196248061,1783476425019628093
2,2837,95839647644,4682196604578,1783476425019984610
1,2852,95840261868,4682197173418,1783476425020553418
3,2820,95839878548,4682200867773,1783476425024247805
0,2802,95871331516,4682232215343,1783476425055595343
2,2838,95875668164,4682232570836,1783476425055950868
3,2821,95871924964,4682232801879,1783476425056181911
1,2853,95872262964,4682233181116,1783476425056561116
0,2803,95907321740,4682264230122,1783476425087610122
2,2839,95907670772,4682264565166,1783476425087945198
3,2822,95907908028,4682264800754,1783476425088180786
1,2854,95908250900,4682265178903,1783476425088558935
0,2804,95939310772,4682296238277,1783476425119618309
1,2855,95940280708,4682297187282,1783476425120567346
2,2840,95939686356,4682300615553,1783476425123995585
3,2823,95939915964,4682300851365,1783476425124231397
0,2805,95971361548,4682332258647,1783476425155638647
2,2841,95975690228,4682332578428,1783476425155958460
3,2824,95971936772,4682332809407,1783476425156189407
1,2856,95972279932,4682333191492,1783476425156571524
0,2806,96007338612,4682364253746,1783476425187633778
2,2842,96007683132,4682364597207,1783476425187977207
3,2825,96007908964,4682364832378,1783476425188212378
1,2857,96008266060,4682365198399,1783476425188578463
0,2807,96039371868,4682396245325,1783476425219625357
1,2858,96040287740,4682397199226,1783476425220579226
2,2843,96039728804,4682400612586,1783476425223992650
3,2826,96039931932,4682400853517,1783476425224233517
0,2808,96075353804,4682432236223,1783476425255616255
2,2844,96075703836,4682432575236,1783476425255955268
3,2827,96071935060,4682432832520,1783476425256212552
1,2859,96076291804,4682433198509,1783476425256578541
0,2809,96107348940,4682464309531,1783476425287689563
2,2845,96107692836,4682464605375,1783476425287985439
3,2828,96107920612,4682464857187,1783476425288237251
1,2860,96108281996,4682465220136,1783476425288600168
0,2810,96139373164,4682500330926,1783476425323710926
2,2846,96139715228,4682500596114,1783476425323976146
3,2829,96139945484,4682500848533,1783476425324228533
1,2861,96140308964,4682501194490,1783476425324574522
0,2811,96175369676,4682532271688,1783476425355651720
2,2847,96175814868,4682532597773,1783476425355977773
3,2830,96175961708,4682532840272,1783476425356220304
1,2862,96176304996,4682533230261,1783476425356610293
0,2812,96207338644,4682564272067,1783476425387652067
2,2848,96207708548,4682564615144,1783476425387995208
1,2863,96208297932,4682565222416,1783476425388602448
3,2831,96207935772,4682568920227,1783476425392300227
0,2813,96239354964,4682600237301,1783476425423617301
2,2849,96239742516,4682600596026,1783476425423976090
3,2832,96239976028,4682600858622,1783476425424238654
1,2864,96240317124,4682601206434,1783476425424586498
0,2814,96275384028,4682632281296,1783476425455661328
2,2850,96275716324,4682632607253,1783476425455987253
3,2833,96275962900,4682632859512,1783476425456239544
1,2865,96276307996,4682633220637,1783476425456600637
0,2815,96307354772,4682664280011,1783476425487660011
2,2851,96307707452,4682664654929,1783476425488035025
1,2866,96308314932,4682665245177,1783476425488625177
3,2834,96307939868,4682668923468,1783476425492303500
0,2816,96339423900,4682700330238,1783476425523710270
2,2852,96339759868,4682700668419,1783476425524048419
3,2835,96339991932,4682700903142,1783476425524283174
1,2867,96340333868,4682701276620,1783476425524656652
0,2817,96375409836,4682732282489,1783476425555662489
2,2853,96375734420,4682732630910,1783476425556010910
3,2836,96375979772,4682732878145,1783476425556258145
1,2868,96376322900,4682733241798,1783476425556621830
0,2818,96407381868,4682764312436,1783476425587692468
2,2854,96407739484,4682764666489,1783476425588046521
1,2869,96408343772,4682765258337,1783476425588638337
3,2837,96407967804,4682768944148,1783476425592324180
0,2819,96439389516,4682800281478,1783476425623661510
2,2855,96443756740,4682800686572,1783476425624066572
3,2838,96440006932,4682800944143,1783476425624324143
1,2870,96440348900,4682801301012,1783476425624681044
0,2820,96475409452,4682832307329,1783476425655687361
2,2856,96475758804,4682832640486,1783476425656020486
3,2839,96476000028,4682832912426,1783476425656292426
1,2871,96476339932,4682833261934,1783476425656641934
0,2821,96507430836,4682864314204,1783476425687694204
1,2872,96508360612,4682865288106,1783476425688668106
2,2857,96507770420,4682868713177,1783476425692093209
3,2840,96508000028,4682868937948,1783476425692317980
0,2822,96539439996,4682900317935,1783476425723697967
2,2858,96543775932,4682900664372,1783476425724044404
3,2841,96540023932,4682900887895,1783476425724267927
1,2873,96540365772,4682901295356,1783476425724675388
0,2823,96575392124,4682932364170,1783476425755744202
2,2859,96575748804,4682932681103,1783476425756061135
3,2842,96575993932,4682932923282,1783476425756303314
1,2874,96576353932,4682933298455,1783476425756678455
0,2824,96607443836,4682964377957,1783476425787757989
1,2875,96608378196,4682965322195,1783476425788702227
2,2860,96607827836,4682968756162,1783476425792136162
3,2843,96608026836,4682968958213,1783476425792338213
0,2825,96643444292,4683000435225,1783476425823815609
2,2861,96643814900,4683000696540,1783476425824076540
3,2844,96640028900,4683000936063,1783476425824316191
1,2876,96644383836,4683001308549,1783476425824688613
0,2826,96675445420,4683032371315,1783476425855751667
2,2862,96675769772,4683032696855,1783476425856076855
3,2845,96676015996,4683032942299,1783476425856322331
1,2877,96676371740,4683033306464,1783476425856686528
0,2827,96707438452,4683068373445,1783476425891753477
2,2863,96707803900,4683068694505,1783476425892074537
3,2846,96708029932,4683068931885,1783476425892311885
1,2878,96708393124,4683069321426,1783476425892701426
0,2828,96743431516,4683100355648,1783476425923735680
2,2864,96743806932,4683100680740,1783476425924060772
3,2847,96744052932,4683100928168,1783476425924308168
1,2879,96744395996,4683101307437,1783476425924687469
0,2829,96775419652,4683132384603,1783476425955764635
2,2865,96775793868,4683132684543,1783476425956064575
1,2880,96776383644,4683133364297,1783476425956744297
3,2848,96776021420,4683136997691,1783476425960377723
0,2830,96807474844,4683168358189,1783476425991738189
2,2866,96807836868,4683168689586,1783476425992069618
3,2849,96808062964,4683168951829,1783476425992331861
1,2881,96808399996,4683169308410,1783476425992688410
0,2831,96843426004,4683200393960,1783476426023773960
2,2867,96843802516,4683200697836,1783476426024077836
3,2850,96844039516,4683200943120,1783476426024323184
1,2882,96844382868,4683201314549,1783476426024694581
0,2832,96875471292,4683232364322,1783476426055744322
2,2868,96875788580,4683232715463,1783476426056095495
3,2851,96876012964,4683232928362,1783476426056308362
1,2883,96876388932,4683233321519,1783476426056701551
0,2833,96907425548,4683268337523,1783476426091717587
2,2869,96907824708,4683268697240,1783476426092077240
3,2852,96908054092,4683268947100,1783476426092327100
1,2884,96908405932,4683269301217,1783476426092681217
0,2834,96943425740,4683300328846,1783476426123708846
2,2870,96943794996,4683300674834,1783476426124054834
3,2853,96944040028,4683300921334,1783476426124301366
1,2885,96944383996,4683301300795,1783476426124680827
0,2835,96975423644,4683332342120,1783476426155722120
2,2871,96975793868,4683332702637,1783476426156082669
1,2886,96976400156,4683333305813,1783476426156685845
3,2854,96976022580,4683336973832,1783476426160353832
0,2836,97007462908,4683368365274,1783476426191745306
2,2872,97011809580,4683368707199,1783476426192087199
3,2855,97008060420,4683368961666,1783476426192341698
1,2887,97008402932,4683369308199,1783476426192688263
0,2837,97043453900,4683400338068,1783476426223718100
2,2873,97043795772,4683400707769,1783476426224087769
3,2856,97044042420,4683400927964,1783476426224307964
1,2888,97044386932,4683401301377,1783476426224681377
0,2838,97075488420,4683432364399,1783476426255744431
1,2889,97076401612,4683433319964,1783476426256699964
2,2874,97075811804,4683436726315,1783476426260106347
3,2857,97076040900,4683436977775,1783476426260357807
0,2839,97107426996,4683468413569,1783476426291793601
2,2875,97111814516,4683468729957,1783476426292109957
3,2858,97108059836,4683468954185,1783476426292334217
1,2890,97108402868,4683469322030,1783476426292702030
0,2840,97143454516,4683500361595,1783476426323741595
2,2876,97143779772,4683500706880,1783476426324087072
3,2859,97144028676,4683500959011,1783476426324339011
1,2891,97144388676,4683501322184,1783476426324702248
0,2841,97175509412,4683532306772,1783476426355686740
1,2892,97176443060,4683533312770,1783476426356692770
2,2877,97175826804,4683536724465,1783476426360104465
3,2860,97176090612,4683536992629,1783476426360372661
0,2842,97211434868,4683568349671,1783476426391729703
2,2878,97211801964,4683568687659,1783476426392067659
3,2861,97208053612,4683568947951,1783476426392327951
1,2893,97212404836,4683569313428,1783476426392693428
0,2843,97243464676,4683600346113,1783476426423726113
2,2879,97243787772,4683600687750,1783476426424067782
3,2862,97244036676,4683600940393,1783476426424320457
1,2894,97244391836,4683601307470,1783476426424687502
0,2844,97275447420,4683636340850,1783476426459720883
2,2880,97275816676,4683636705752,1783476426460085784
3,2863,97276045900,4683636977243,1783476426460357275
1,2895,97276390060,4683637288384,1783476426460668416
0,2845,97311474420,4683668362829,1783476426491742829
2,2881,97311818868,4683668686002,1783476426492066002
3,2864,97308048900,4683668950133,1783476426492330165
1,2896,97312405156,4683669301754,1783476426492681786
0,2846,97343434548,4683700345991,1783476426523726023
2,2882,97343802836,4683700763725,1783476426524143725
1,2897,97344417124,4683701309909,1783476426524689941
3,2865,97344028580,4683704992136,1783476426528372168
0,2847,97375489868,4683736380793,1783476426559760825
2,2883,97375831356,4683736721662,1783476426560101694
3,2866,97376064548,4683736967938,1783476426560347970
1,2898,97376405028,4683737298758,1783476426560678790
0,2848,97411442324,4683768363956,1783476426591744052
2,2884,97411799996,4683768692184,1783476426592072216
3,2867,97412049060,4683768940668,1783476426592320700
1,2899,97412391868,4683769323937,1783476426592703937
0,2849,97443430260,4683800366318,1783476426623746318
2,2885,97443802868,4683800856245,1783476426624236245
3,2868,97444017900,4683800975030,1783476426624355030
1,2900,97444392548,4683801568319,1783476426624948351
0,2850,97475476292,4683836345503,1783476426659725535
2,2886,97475833836,4683836712484,1783476426660092484
3,2869,97476064964,4683836949736,1783476426660329736
1,2901,97476406740,4683837307213,1783476426660687213
0,2851,97511476068,4683868428219,1783476426691808251
2,2887,97511806900,4683868707775,1783476426692087775
3,2870,97512051932,4683868946402,1783476426692326434
1,2902,97512392644,4683869331143,1783476426692711175
0,2852,97543441292,4683900372628,1783476426723752628
2,2888,97543802964,4683900712729,1783476426724092761
1,2903,97544409028,4683901300609,1783476426724680609
3,2871,97544030644,4683904993236,1783476426728373268
0,2853,97575490996,4683936338438,1783476426759718470
2,2889,97579838804,4683936715531,1783476426760095563
3,2872,97576067996,4683936959118,1783476426760339182
1,2904,97576408932,4683937296787,1783476426760676819
0,2854,97611430908,4683968418497,1783476426791798529
2,2890,97611805452,4683968723621,1783476426792103621
3,2873,97612050644,4683968968969,1783476426792349001
1,2905,97612393324,4683969340366,1783476426792720366
0,2855,97643483740,4684000406683,1783476426823786683
1,2906,97644413644,4684001347624,1783476426824727624
2,2891,97643827452,4684004775960,1783476426828155960
3,2874,97644054356,4684005001915,1783476426828381947
0,2856,97675469612,4684036377517,1783476426859757517
2,2892,97679825900,4684036698481,1783476426860078481
3,2875,97676073804,4684036951860,1783476426860331860
1,2907,97676412156,4684037319162,1783476426860699162
0,2857,97711466420,4684068389287,1783476426891769287
2,2893,97711814708,4684068721356,1783476426892101420
3,2876,97712056452,4684068969327,1783476426892349391
1,2908,97712395932,4684069324884,1783476426892704916
0,2858,97743448516,4684100405954,1783476426923785986
1,2909,97744413388,4684101354031,1783476426924734063
2,2894,97743822932,4684104780382,1783476426928160382
3,2877,97744054740,4684104985409,1783476426928365441
0,2859,97779436324,4684136401651,1783476426959781651
2,2895,97779821060,4684136729048,1783476426960109048
3,2878,97776056996,4684136962747,1783476426960342747
1,2910,97780413932,4684137343232,1783476426960723264
0,2860,97811436324,4684168424494,1783476426991804526
2,2896,97811789868,4684168737298,1783476426992117298
3,2879,97812038868,4684168968085,1783476426992348117
1,2911,97812408772,4684169340667,1783476426992720667
0,2861,97843476940,4684204417055,1783476427027797055
2,2897,97843827060,4684204751780,1783476427028131780
3,2880,97844053644,4684205011367,1783476427028391367
1,2912,97844412740,4684205334604,1783476427028714604
0,2862,97879480228,4684236387800,1783476427059767800
2,2898,97879825059,4684236694109,1783476427060074109
3,2881,97876061324,4684236980225,1783476427060360257
1,2913,97880413708,4684237330885,1783476427060710917
0,2863,97911436516,4684268368850,1783476427091748850
2,2899,97911810996,4684268681942,1783476427092061942
3,2882,97912038260,4684268957946,1783476427092337946
1,2914,97912400060,4684269323647,1783476427092703647
0,2864,97943444164,4684304351843,1783476427127731907
2,2900,97943840092,4684304721000,1783476427128101000
3,2883,97944069324,4684304953291,1783476427128333291
1,2915,97944413836,4684305323056,1783476427128703088
0,2865,97979444388,4684336392605,1783476427159772605
2,2901,97979807804,4684336719457,1783476427160099457
3,2884,97980055420,4684336963429,1783476427160343461
1,2916,97980399836,4684337322378,1783476427160702442
0,2866,98011478420,4684368450200,1783476427191830232
2,2902,98011835868,4684368742524,1783476427192122524
3,2885,98012043644,4684369004223,1783476427192384415
1,2917,98012403548,4684373361307,1783476427196741307
0,2867,98043453868,4684404336551,1783476427227716551
2,2903,98043843964,4684404717740,1783476427228097772
3,2886,98044074644,4684404960336,1783476427228340336
1,2918,98044427868,4684405322549,1783476427228702549
0,2868,98079466060,4684436355713,1783476427259735745
2,2904,98079816900,4684436683302,1783476427260063334
3,2887,98080058356,4684436952521,1783476427260332521
1,2919,98080402580,4684437328174,1783476427260708174
0,2869,98111448292,4684468470716,1783476427291850716
2,2905,98111816124,4684468713504,1783476427292093504
1,2920,98112418452,4684469367081,1783476427292747113
3,2888,98112041132,4684473020315,1783476427296400507
0,2870,98143477548,4684504392428,1783476427327772428
2,2906,98147847836,4684504712817,1783476427328092817
3,2889,98144078132,4684504994965,1783476427328374965
1,2921,98144416836,4684505360442,1783476427328740474
0,2871,98179427612,4684536389062,1783476427359769062
2,2907,98179828708,4684536712618,1783476427360092650
3,2890,98180056612,4684536956750,1783476427360336750
1,2922,98180413996,4684537349299,1783476427360729331
0,2872,98211485675,4684568380480,1783476427391760512
1,2923,98212421548,4684569345421,1783476427392725421
2,2908,98211833932,4684572755548,1783476427396135580
3,2891,98212068676,4684573003935,1783476427396383967
0,2873,98243483156,4684604372465,1783476427427752465
2,2909,98247831932,4684604705461,1783476427428085461
3,2892,98244078836,4684604957689,1783476427428337721
1,2924,98244419964,4684605319934,1783476427428699934
0,2874,98279462964,4684636367562,1783476427459747562
2,2910,98279822836,4684636702191,1783476427460082191
3,2893,98280063516,4684636979507,1783476427460359507
1,2925,98280404028,4684637322071,1783476427460702103
0,2875,98311484804,4684668378532,1783476427491758564
1,2926,98312423676,4684669342385,1783476427492722385
2,2911,98311835964,4684672751297,1783476427496131329
3,2894,98312063612,4684673020676,1783476427496400676
0,2876,98343502548,4684704354485,1783476427527734485
2,2912,98347828964,4684704693209,1783476427528073241
3,2895,98344089548,4684704980253,1783476427528360285
1,2927,98344412092,4684705317442,1783476427528697442
0,2877,98379441804,4684736472880,1783476427559852880
2,2913,98379798772,4684736747988,1783476427560127988
3,2896,98380044580,4684736971831,1783476427560351863
1,2928,98380405900,4684737347484,1783476427560727612
0,2878,98411456772,4684772367712,1783476427595747744
2,2914,98411830996,4684772731749,1783476427596111749
3,2897,98412061452,4684773022633,1783476427596402633
1,2929,98412422932,4684773322509,1783476427596702509
0,2879,98447463028,4684804382362,1783476427627762362
2,2915,98447830612,4684804706878,1783476427628086910
3,2898,98444081580,4684804966946,1783476427628346978
1,2930,98448420836,4684805357095,1783476427628737127
0,2880,98479442740,4684836388116,1783476427659768148
2,2916,98479820836,4684836709464,1783476427660089464
1,2931,98480407324,4684837337249,1783476427660717281
3,2899,98480049708,4684841014963,1783476427664395059
1,2932,98512425579,4684869348699,1783476427692728731
0,2881,98511455868,4684872373540,1783476427695753572
2,2917,98511856900,4684872721129,1783476427696101129
3,2900,98512084932,4684872975341,1783476427696355341
0,2882,98547458644,4684904367934,1783476427727747934
2,2918,98547821932,4684904708259,1783476427728088291
3,2901,98548049060,4684904946886,1783476427728326886
1,2933,98548408868,4684905329899,1783476427728709899
0,2883,98579475612,4684936379224,1783476427759759192
2,2919,98579829316,4684936701404,1783476427760081372
1,2934,98580413580,4684937363718,1783476427760743750
3,2902,98580052868,4684941015256,1783476427764395288
0,2884,98611448228,4684972383817,1783476427795763849
2,2920,98611848932,4684972721390,1783476427796101390
3,2903,98612079388,4684972977873,1783476427796357873
1,2935,98612432060,4684973337238,1783476427796717238
0,2885,98647491675,4685004368259,1783476427827748259
2,2921,98647819932,4685004717959,1783476427828098023
3,2904,98648065740,4685004957867,1783476427828337899
1,2936,98648428188,4685005321104,1783476427828701104
0,2886,98679460772,4685036374236,1783476427859754236
2,2922,98679819676,4685036726305,1783476427860106337
1,2937,98680425356,4685037349162,1783476427860729162
3,2905,98680048996,4685041007228,1783476427864387228
0,2887,98711476708,4685072362509,1783476427895742573
2,2923,98711851900,4685072720242,1783476427896100274
3,2906,98712083836,4685072969622,1783476427896349686
1,2938,98712426060,4685073323931,1783476427896703931
0,2888,98747449932,4685104365607,1783476427927745607
2,2924,98747822028,4685104711564,1783476427928091564
3,2907,98748066612,4685104956015,1783476427928336015
1,2939,98748412028,4685105326100,1783476427928706132
0,2889,98779491100,4685136432450,1783476427959812514
1,2940,98780427452,4685137373455,1783476427960753487
2,2925,98779837100,4685140783422,1783476427964163454
3,2908,98780065388,4685141028769,1783476427964408801
0,2890,98811467716,4685172408498,1783476427995788530
2,2926,98815837124,4685172717367,1783476427996097367
3,2909,98812097260,4685172989466,1783476427996369498
1,2941,98812431932,4685173337279,1783476427996717311
0,2891,98847449420,4685204449068,1783476428027829068
2,2927,98847823740,4685204751889,1783476428028131889
3,2910,98848078292,4685205022324,1783476428028402356
1,2942,98848418548,4685205385113,1783476428028765113
0,2892,98879497972,4685236404837,1783476428059784901
1,2943,98880428420,4685237349458,1783476428060729522
2,2928,98879842772,4685240767617,1783476428064147617
3,2911,98880072388,4685241007268,1783476428064387268
0,2893,98911457908,4685272456502,1783476428095836502
2,2929,98915860452,4685272758618,1783476428096138650
3,2912,98912087356,4685272994397,1783476428096374429
1,2944,98912427324,4685273358338,1783476428096738402
0,2894,98947496004,4685304466863,1783476428127846895
2,2930,98947814484,4685304773044,1783476428128153044
3,2913,98948061388,4685304999095,1783476428128379127
1,2945,98948432772,4685305367580,1783476428128747612
1,2946,98980437452,4685337519991,1783476428160899991
0,2895,98979474676,4685340395167,1783476428163775167
2,2931,98979845804,4685340749060,1783476428164129028
3,2914,98980074420,4685340995783,1783476428164375783
0,2896,99015478740,4685372386808,1783476428195766872
2,2932,99015833612,4685372750493,1783476428196130493
3,2915,99012074708,4685372970368,1783476428196350432
1,2947,99016427836,4685373343397,1783476428196723397
0,2897,99047491836,4685404375825,1783476428227755857
2,2933,99047834740,4685404737654,1783476428228117686
3,2916,99048062836,4685404958425,1783476428228338457
1,2948,99048419964,4685405333758,1783476428228713758
0,2898,99079530932,4685440364353,1783476428263744353
2,2934,99079864580,4685440747718,1783476428264127750
3,2917,99080090836,4685440974473,1783476428264354473
1,2949,99080432964,4685441445424,1783476428264825456
0,2899,99115465420,4685472397915,1783476428295777915
2,2935,99115826740,4685472752927,1783476428296132927
3,2918,99116072900,4685472979747,1783476428296359747
1,2950,99116416612,4685473408168,1783476428296788200
0,2900,99147493708,4685504427348,1783476428327807348
2,2936,99147848060,4685504859226,1783476428328239226
1,2951,99148416900,4685505378369,1783476428328758401
3,2919,99148057420,4685509045972,1783476428332425972
0,2901,99179525612,4685540363012,1783476428363743076
2,2937,99179867964,4685540718344,1783476428364098344
3,2920,99180094964,4685540964780,1783476428364344780
1,2952,99180436964,4685541323313,1783476428364703313
0,2902,99215504516,4685572384029,1783476428395764029
2,2938,99215828868,4685572726338,1783476428396106338
3,2921,99216072868,4685572966661,1783476428396346725
1,2953,99216417028,4685573342954,1783476428396722954
0,2903,99247466516,4685604395766,1783476428427775798
2,2939,99247827932,4685604741243,1783476428428121243
1,2954,99248432772,4685605341795,1783476428428721859
3,2922,99248056996,4685609006614,1783476428432386646
0,2904,99279471388,4685640400167,1783476428463780199
2,2940,99279858675,4685640751884,1783476428464131916
3,2923,99280090804,4685640977903,1783476428464357903
1,2955,99280432580,4685641345780,1783476428464725812
0,2905,99315509580,4685672401824,1783476428495781824
2,2941,99315836836,4685672714468,1783476428496094500
3,2924,99316085996,4685672967624,1783476428496347624
1,2956,99316423092,4685673348909,1783476428496728941
0,2906,99347472164,4685704388793,1783476428527768793
1,2957,99348436996,4685705336518,1783476428528716518
2,2942,99347861932,4685708751829,1783476428532131861
3,2925,99348058996,4685708997081,1783476428532377113
0,2907,99379516612,4685740429258,1783476428563809610
2,2943,99383860092,4685740745070,1783476428564125070
3,2926,99380092708,4685740977521,1783476428564357553
1,2958,99380434676,4685741361975,1783476428564741975
0,2908,99415459292,4685772436963,1783476428595816963
2,2944,99415828836,4685772751432,1783476428596131496
3,2927,99416076932,4685772977131,1783476428596357131
1,2959,99416421060,4685773376336,1783476428596756400
0,2909,99447504900,4685804413820,1783476428627793852
1,2960,99448435292,4685805375721,1783476428628755721
2,2945,99447850836,4685808784088,1783476428632164088
3,2928,99448078932,4685809007547,1783476428632387547
0,2910,99479462772,4685840377708,1783476428663757708
2,2946,99483848964,4685840714641,1783476428664094673
3,2929,99480094996,4685840953044,1783476428664333044
1,2961,99480434644,4685841355833,1783476428664735833
0,2911,99515449804,4685872396997,1783476428695777029
2,2947,99515814900,4685872717066,1783476428696097066
3,2930,99516061028,4685872971629,1783476428696351629
1,2962,99516420068,4685873363923,1783476428696743923
0,2912,99547474708,4685904402975,1783476428727782975
1,2963,99548438772,4685905387756,1783476428728767788
2,2948,99547849644,4685908760283,1783476428732140283
3,2931,99548076772,4685908996030,1783476428732376030
0,2913,99583485996,4685940375151,1783476428763755151
2,2949,99583848964,4685940709203,1783476428764089235
3,2932,99580081028,4685940960023,1783476428764340023
1,2964,99584436804,4685941377340,1783476428764757340
0,2914,99615494612,4685972403624,1783476428795783624
2,2950,99615833932,4685972726733,1783476428796106733
1,2965,99616424292,4685973360597,1783476428796740597
3,2933,99616063284,4685977006120,1783476428800386120
1,2966,99648439132,4686005357774,1783476428828737774
0,2915,99647476964,4686008367704,1783476428831747736
2,2951,99647850868,4686008742429,1783476428832122461
3,2934,99648081868,4686008982400,1783476428832362400
0,2916,99683471804,4686040369393,1783476428863749393
2,2952,99683850092,4686040709878,1783476428864089878
3,2935,99684095900,4686040980282,1783476428864360282
1,2967,99684438644,4686041344287,1783476428864724319
0,2917,99715454740,4686072375882,1783476428895755914
2,2953,99715835028,4686072732431,1783476428896112431
1,2968,99716424804,4686073362936,1783476428896742936
3,2936,99716063804,4686077029483,1783476428900409515
0,2918,99747507772,4686108352666,1783476428931732698
2,2954,99747899836,4686108719583,1783476428932099583
3,2937,99748099900,4686108971491,1783476428932351491
1,2969,99748443644,4686109337960,1783476428932717992
0,2919,99783445420,4686140398420,1783476428963778452
2,2955,99783833964,4686140722873,1783476428964102873
1,2970,99784423676,4686141361954,1783476428964741986
0,2920,99815501388,4686172413966,1783476428995794062
2,2956,99815836964,4686172750066,1783476428996130066
3,2939,99816062740,4686173043062,1783476428996423062
1,2971,99816441708,4686173388315,1783476428996768347
0,2921,99847479908,4686208436894,1783476429031816894
2,2957,99847867612,4686208752930,1783476429032132962
3,2940,99848097804,4686209035846,1783476429032415846
1,2972,99848441868,4686209353930,1783476429032733930
0,2922,99883542708,4686240413206,1783476429063793238
2,2958,99883846580,4686240740923,1783476429064120923
3,2941,99884090836,4686241006686,1783476429064386718
1,2973,99884433060,4686241359363,1783476429064739363
0,2923,99915479964,4686272394030,1783476429095774062
2,2959,99915854124,4686272750035,1783476429096130067
1,2974,99916461580,4686273362908,1783476429096742908
3,2942,99916065452,4686277033358,1783476429100413358
0,2924,99947478964,4686308360126,1783476429131740126
2,2960,99951854868,4686308711618,1783476429132091618
3,2943,99948101292,4686308981574,1783476429132361670
1,2975,99948444964,4686309325515,1783476429132705547
0,2925,99983519188,4686340388407,1783476429163768439
2,2961,99983840772,4686340716027,1783476429164096059
3,2944,99984084516,4686340997151,1783476429164377151
1,2976,99984430772,4686341353764,1783476429164733764
1,2977,100016444092,4686373418589,1783476429196798589
0,2926,100015507092,4686376402694,1783476429199782694
2,2962,100015854548,4686376783020,1783476429200163020
3,2945,100016082324,4686377042447,1783476429200422479
0,2927,100047488868,4686408379455,1783476429231759487
2,2963,100051855060,4686408711683,1783476429232091683
3,2946,100048104420,4686408988487,1783476429232368487
1,2978,100048445868,4686409343788,1783476429232723788
0,2928,100083473708,4686440401240,1783476429263781336
2,2964,100083824932,4686440730812,1783476429264110812
3,2947,100084069644,4686440973183,1783476429264353183
1,2979,100084430612,4686441335140,1783476429264715140
0,2929,100115512676,4686472407408,1783476429295787408
1,2980,100116448388,4686473383390,1783476429296763422
2,2965,100115873868,4686476788461,1783476429300168525
3,2948,100116087228,4686477048912,1783476429300428944
0,2930,100151472836,4686508444448,1783476429331824448
2,2966,100151854804,4686508734756,1783476429332114756
3,2949,100148098644,4686509016040,1783476429332396040
1,2981,100152445028,4686509383341,1783476429332763341
0,2931,100183588612,4686540397080,1783476429363777080
2,2967,100183868740,4686540729469,1783476429364109469
3,2950,100184080804,4686541006657,1783476429364386689
1,2982,100184443092,4686541367398,1783476429364747398
0,2932,100215483260,4686576400808,1783476429399780808
2,2968,100215857740,4686576746637,1783476429400126669
3,2951,100216086836,4686576988176,1783476429400368176
1,2983,100216445932,4686577348917,1783476429400728981
0,2933,100251486772,4686608390241,1783476429431770273
2,2969,100251856772,4686608720837,1783476429432100869
3,2952,100252101580,4686608984457,1783476429432364457
1,2984,100252445804,4686609341966,1783476429432721998
0,2934,100283498804,4686640388761,1783476429463768793
2,2970,100283841804,4686640755422,1783476429464135422
3,2953,100284070900,4686640964257,1783476429464344257
1,2985,100284432420,4686641355878,1783476429464735878
0,2935,100315483836,4686676418537,1783476429499798569
2,2971,100315875028,4686676764206,1783476429500144206
3,2954,100316104932,4686677004145,1783476429500384145
1,2986,100316449772,4686677393527,1783476429500773527
0,2936,100351519516,4686708423938,1783476429531803938
2,2972,100351867932,4686708743686,1783476429532123750
3,2955,100352093900,4686708988874,1783476429532368874
1,2987,100352432932,4686709390511,1783476429532770543
0,2937,100383468868,4686740465115,1783476429563845147
2,2973,100383844188,4686740758655,1783476429564138623
3,2956,100384073092,4686740981410,1783476429564361442
1,2988,100384447388,4686741393640,1783476429564773640
0,2938,100415483804,4686776395978,1783476429599776042
2,2974,100415875028,4686776748975,1783476429600129007
3,2957,100416103964,4686776992274,1783476429600372306
1,2989,100416446708,4686777360727,1783476429600740727
0,2939,100451475740,4686808408323,1783476429631788323
2,2975,100451842996,4686808739431,1783476429632119495
3,2958,100452089996,4686808982474,1783476429632362474
1,2990,100452449772,4686809398288,1783476429632778288
0,2940,100483481740,4686840389691,1783476429663769723
2,2976,100483843964,4686840752832,1783476429664132832
1,2991,100484449548,4686841384809,1783476429664764841
3,2959,100484074092,4686845026715,1783476429668406715
0,2941,100515474708,4686876408555,1783476429699788555
2,2977,100519863900,4686876735311,1783476429700115439
3,2960,100516107932,4686876991539,1783476429700371539
1,2992,100516448548,4686877386072,1783476429700766104
0,2942,100551485932,4686908404995,1783476429731784995
2,2978,100551848028,4686908729096,1783476429732109128
3,2961,100552090964,4686908988619,1783476429732368651
1,2993,100552434740,4686909394097,1783476429732774129
0,2943,100583516772,4686940399484,1783476429763779516
1,2994,100584455452,4686941364137,1783476429764744137
2,2979,100583867356,4686944793432,1783476429768173464
3,2962,100584094452,4686945086204,1783476429768466204
0,2944,100615488644,4686976434444,1783476429799814476
2,2980,100619867932,4686976740816,1783476429800120944
3,2963,100616112580,4686976993364,1783476429800373396
1,2995,100616452900,4686977358073,1783476429800738105
0,2945,100651506028,4687008395908,1783476429831775908
2,2981,100651832060,4687008726505,1783476429832106505
3,2964,100652075452,4687009003308,1783476429832383308
1,2996,100652437996,4687009360561,1783476429832740593
0,2946,100683487868,4687040399773,1783476429863779805
1,2997,100684453932,4687041379338,1783476429864759338
2,2982,100683878740,4687044761113,1783476429868141113
3,2965,100684090996,4687045012284,1783476429868392284
0,2947,100719485964,4687076417005,1783476429899797005
2,2983,100719872028,4687076743409,1783476429900123409
3,2966,100716095676,4687077023733,1783476429900403765
1,2998,100720450932,4687077373018,1783476429900753050
0,2948,100751510580,4687108420005,1783476429931800005
2,2984,100751849868,4687108743434,1783476429932123466
3,2967,100752076772,4687109017069,1783476429932397069
1,2999,100752439900,4687109373618,1783476429932753618
0,2949,100783523484,4687144399253,1783476429967779285
2,2985,100783867772,4687144761946,1783476429968141946
3,2968,100784095900,4687145041533,1783476429968421533
1,3000,100784439836,4687145403106,1783476429968783106
0,2950,100819498196,4687176454830,1783476429999834830
2,2986,100819874932,4687176755826,1783476430000135858
3,2969,100820118708,4687177033878,1783476430000413910
1,3001,100820462900,4687177381851,1783476430000761883
0,2951,100851515356,4687208640521,1783476430032020553
2,2987,100851854612,4687208762218,1783476430032142218
3,2970,100852083804,4687209035886,1783476430032415918
1,3002,100852443548,4687209445108,1783476430032825140
0,2952,100883490228,4687244416565,1783476430067796565
2,2988,100883879580,4687244747065,1783476430068127097
3,2971,100884112932,4687244997693,1783476430068377725
1,3003,100884456580,4687245378338,1783476430068758338
0,2953,100919489900,4687276395212,1783476430099775212
2,2989,100919861220,4687276731793,1783476430100111825
3,2972,100920102708,4687276991924,1783476430100371924
1,3004,100920444388,4687277378522,1783476430100758522
0,2954,100951467996,4687308412101,1783476430131792101
3,2973,100952064836,4687309004109,1783476430132384173
1,3005,100952440036,4687309380370,1783476430132760402
2,2990,100951833868,4687312811585,1783476430136191585
0,2955,100983525260,4687344436948,1783476430167816948
2,2991,100983895228,4687344788697,1783476430168168697
3,2974,100984113804,4687345012668,1783476430168392668
1,3006,100984457028,4687345363329,1783476430168743329
0,2956,101019531740,4687376435084,1783476430199815084
2,2992,101019869484,4687376776017,1783476430200156017
3,2975,101020103708,4687376998932,1783476430200378932
1,3007,101020445900,4687377375449,1783476430200755449
0,2957,101051494612,4687408422532,1783476430231802564
2,2993,101051856932,4687408760744,1783476430232140776
1,3008,101052458708,4687409383537,1783476430232763537
3,2976,101052069804,4687413047651,1783476430236427683
0,2958,101083495708,4687444390642,1783476430267770674
2,2994,101087866836,4687444743991,1783476430268123991
3,2977,101084115868,4687444990683,1783476430268370715
1,3009,101084458932,4687445345375,1783476430268725407
0,2959,101119510356,4687476460267,1783476430299840619
2,2995,101119861579,4687476781648,1783476430300161680
3,2978,101120112900,4687476993427,1783476430300373427
1,3010,101120450868,4687477370488,1783476430300750520
0,2960,101151529292,4687508468003,1783476430331848035
1,3011,101152461932,4687509387568,1783476430332767568
2,2996,101151871580,4687512829055,1783476430336209087
3,2979,101152103580,4687513047490,1783476430336427490
0,2961,101183611708,4687544426482,1783476430367806482
2,2997,101187918964,4687544749782,1783476430368129782
3,2980,101184123740,4687544989370,1783476430368369370
1,3012,101184463644,4687545398271,1783476430368778271
0,2962,101219483100,4687576444522,1783476430399824522
2,2998,101219839324,4687576844496,1783476430400224560
3,2981,101220097740,4687577087155,1783476430400467155
1,3013,101220455060,4687577515193,1783476430400895193
0,2963,101251491292,4687608460546,1783476430431840546
1,3014,101252464580,4687609414831,1783476430432794831
2,2999,101251889228,4687612797118,1783476430436177150
3,2982,101252101740,4687613048033,1783476430436428033
0,2964,101287503868,4687644500786,1783476430467880786
2,3000,101287852292,4687644781526,1783476430468161558
3,2983,101284114804,4687645008217,1783476430468388217
1,3015,101288459060,4687645377918,1783476430468757918
0,2965,101319513068,4687676436489,1783476430499816489
2,3001,101319843740,4687676760013,1783476430500140013
3,2984,101320103804,4687677003217,1783476430500383249
1,3016,101320465932,4687677376758,1783476430500756790
0,2966,101351534548,4687712415576,1783476430535795576
2,3002,101351878804,4687712779837,1783476430536159837
3,2985,101352105868,4687713022624,1783476430536402624
1,3017,101352465060,4687713364421,1783476430536744453
0,2967,101387530420,4687744410512,1783476430567790544
2,3003,101387873900,4687744736116,1783476430568116116
3,2986,101384105836,4687744975799,1783476430568355799
1,3018,101388462740,4687745375293,1783476430568755293
0,2968,101419498228,4687776403432,1783476430599783464
2,3004,101419858932,4687776759436,1783476430600139436
1,3019,101420466900,4687777373077,1783476430600753109
3,2987,101420086708,4687781042791,1783476430604422791
0,2969,101451525164,4687812547897,1783476430635927929
2,3005,101451887292,4687812827772,1783476430636207772
3,2988,101452118484,4687813074464,1783476430636454464
1,3020,101452462516,4687813420837,1783476430636800837
0,2970,101487534548,4687844401647,1783476430667781679
2,3006,101487857868,4687844745331,1783476430668125331
3,2989,101488104740,4687845001335,1783476430668381335
1,3021,101488448900,4687845394140,1783476430668774172
0,2971,101519494676,4687876433031,1783476430699813031
2,3007,101519848643,4687876770796,1783476430700150828
1,3022,101520466964,4687877368980,1783476430700748980
3,2990,101520081451,4687881068359,1783476430704448391
0,2972,101551527868,4687912387893,1783476430735767925
2,3008,101551891612,4687912758938,1783476430736138970
3,2991,101552123708,4687913019326,1783476430736399358
1,3023,101552477060,4687913367651,1783476430736747651
0,2973,101587523772,4687944487439,1783476430767867439
2,3009,101587859676,4687944761042,1783476430768141074
3,2992,101588104644,4687945007030,1783476430768387062
1,3024,101588450092,4687945375675,1783476430768755675
0,2974,101619501124,4687976417478,1783476430799797510
2,3010,101619858772,4687976775051,1783476430800155083
1,3025,101620483028,4687977385779,1783476430800765811
3,2993,101620087292,4687981046949,1783476430804426949
0,2975,101651529804,4688012386068,1783476430835766068
2,3011,101655873772,4688012748697,1783476430836128729
3,2994,101652127388,4688013011389,1783476430836391389
1,3026,101652469836,4688013355010,1783476430836735010
0,2976,101687522804,4688044428781,1783476430867809101
2,3012,101687865028,4688044735057,1783476430868115121
3,2995,101688108772,4688045003477,1783476430868383509
1,3027,101688453868,4688045366106,1783476430868746138
0,2977,101719501324,4688076449125,1783476430899829157
1,3028,101720476932,4688077399602,1783476430900779634
2,3013,101719876228,4688080822081,1783476430904202081
3,2996,101720106164,4688081070149,1783476430904450181
0,2978,101751527588,4688112468052,1783476430935848052
2,3014,101755880676,4688112749720,1783476430936129720
3,2997,101752128188,4688113014428,1783476430936394396
1,3029,101752466092,4688113359361,1783476430936739297
0,2979,101787478836,4688144483437,1783476430967863405
2,3015,101787841156,4688144750064,1783476430968130032
3,2998,101788087932,4688145018548,1783476430968398516
1,3030,101788451252,4688145380889,1783476430968760825
0,2980,101819493220,4688176478117,1783476430999858085
1,3031,101820468292,4688177425426,1783476431000805426
2,3016,101819877740,4688180844609,1783476431004224609
3,2999,101820106124,4688181124645,1783476431004504613
0,2981,101855519356,4688212432370,1783476431035812338
2,3017,101855859644,4688212757623,1783476431036137591
3,3000,101852197836,4688212992090,1783476431036372058
1,3032,101856466060,4688213369631,1783476431036749567
0,2982,101887465356,4688244455466,1783476431067835402
2,3018,101887840964,4688244745934,1783476431068125902
3,3001,101888089932,4688245017618,1783476431068397586
1,3033,101888449804,4688245688187,1783476431069068155
0,2983,101919481908,4688280442584,1783476431103822584
2,3019,101919879676,4688280794269,1783476431104174269
3,3002,101920107060,4688281031520,1783476431104411520
1,3034,101920465964,4688281373669,1783476431104753637
0,2984,101955505484,4688312503729,1783476431135883729
2,3020,101955880060,4688312780180,1783476431136160180
3,3003,101952111900,4688313023096,1783476431136403128
1,3035,101956472380,4688313370525,1783476431136750461
0,2985,101987536580,4688344498248,1783476431167878216
2,3021,101987864028,4688344761964,1783476431168141932
3,3004,101988093516,4688345029167,1783476431168409167
1,3036,101988457220,4688345380692,1783476431168760660
0,2986,102019540452,4688380452630,1783476431203832694
2,3022,102019901156,4688380751354,1783476431204131354
3,3005,102020129452,4688381044766,1783476431204424766
1,3037,102020477964,4688381380418,1783476431204760418
0,2987,102055506868,4688412406476,1783476431235786508
2,3023,102055865804,4688412746001,1783476431236126033
3,3006,102056112484,4688413010421,1783476431236390453
1,3038,102056455868,4688413362810,1783476431236742810
0,2988,102087498708,4688444435716,1783476431267815748
2,3024,102087865644,4688444785929,1783476431268165961
3,3007,102088094676,4688445003212,1783476431268383212
1,3039,102088456772,4688445369553,1783476431268749585
0,2989,102119537356,4688480458675,1783476431303838675
2,3025,102119897996,4688480754007,1783476431304134007
3,3008,102120126484,4688481030427,1783476431304410459
1,3040,102120456932,4688481376704,1783476431304756704
0,2990,102155548612,4688512487243,1783476431335867243
2,3026,102155869644,4688512774639,1783476431336154671
3,3009,102156116996,4688513005202,1783476431336385202
1,3041,102156458028,4688513401847,1783476431336781847
0,2991,102187521324,4688544425665,1783476431367805665
2,3027,102187868868,4688544777926,1783476431368157926
1,3042,102188476060,4688545377134,1783476431368757166
3,3010,102188103484,4688549060481,1783476431372440481
0,2992,102219540908,4688580458320,1783476431403838352
2,3028,102223881484,4688580806741,1783476431404186741
3,3011,102220133996,4688581031224,1783476431404411224
1,3043,102220476900,4688581385469,1783476431404765469
0,2993,102255495356,4688612447847,1783476431435828007
2,3029,102255867932,4688612768492,1783476431436148524
3,3012,102256121060,4688612995503,1783476431436375535
1,3044,102256458964,4688613388116,1783476431436768148
0,2994,102287512548,4688644434399,1783476431467814399
1,3045,102288475028,4688645384940,1783476431468764940
2,3030,102287885772,4688648815675,1783476431472195675
3,3013,102288114548,4688649045470,1783476431472425502
0,2995,102319538516,4688680414285,1783476431503794317
2,3031,102323884996,4688680754737,1783476431504134737
3,3014,102320134932,4688680989141,1783476431504369173
1,3046,102320474124,4688681374778,1783476431504754810
0,2996,102355533836,4688712414212,1783476431535794212
2,3032,102355870996,4688712767817,1783476431536147881
3,3015,102356115932,4688713001644,1783476431536381644
1,3047,102356460092,4688713368593,1783476431536748593
0,2997,102387512740,4688744433564,1783476431567813596
1,3048,102388478028,4688745398953,1783476431568778953
2,3033,102387886092,4688748796216,1783476431572176216
3,3016,102388114580,4688749043963,1783476431572423995
0,2998,102423523356,4688780459467,1783476431603839499
2,3034,102423887060,4688780759439,1783476431604139471
3,3017,102420122580,4688781008018,1783476431604388018
1,3049,102424474868,4688781404344,1783476431604784408
0,2999,102455498484,4688812417505,1783476431635797537
2,3035,102455866740,4688812790119,1783476431636170151
3,3018,102456101868,4688813026602,1783476431636406602
1,3050,102456461124,4688813425071,1783476431636805103
0,3000,102487544900,4688848422672,1783476431671802672
2,3036,102487888612,4688848787541,1783476431672167573
3,3019,102488117611,4688849066617,1783476431672446617
1,3051,102488476028,4688849368573,1783476431672748573
0,3001,102523512836,4688880413511,1783476431703793543
2,3037,102523886740,4688880768044,1783476431704148044
3,3020,102520119836,4688881011119,1783476431704391183
1,3052,102524477964,4688881384980,1783476431704765012
0,3002,102555498804,4688912433215,1783476431735813247
2,3038,102555873612,4688912787972,1783476431736168004
3,3021,102556100996,4688913010983,1783476431736390983
1,3053,102556463804,4688913384524,1783476431736764556
0,3003,102587519516,4688948441357,1783476431771821389
2,3039,102587904260,4688948801234,1783476431772181266
3,3022,102588134996,4688949039573,1783476431772419605
1,3054,102588479676,4688949390426,1783476431772770426
0,3004,102623532708,4688980421156,1783476431803801156
2,3040,102623874260,4688980767081,1783476431804147081
3,3023,102624119932,4688981009389,1783476431804389421
1,3055,102624462868,4688981391154,1783476431804771154
0,3005,102655524932,4689012512413,1783476431835892861
2,3041,102655891964,4689012804641,1783476431836184673
1,3056,102656464836,4689013406473,1783476431836786505
3,3024,102656102548,4689017087196,1783476431840467196
0,3006,102687536684,4689048443147,1783476431871823147
2,3042,102687908932,4689048791247,1783476431872171215
3,3025,102688142124,4689049006354,1783476431872386322
1,3057,102688482515,4689049399448,1783476431872779480
0,3007,102723506164,4689080861576,1783476431904241576
2,3043,102723869708,4689080861704,1783476431904241672
3,3026,102724117124,4689081035434,1783476431904415402
1,3058,102724472804,4689081418831,1783476431904798799
0,3008,102755521068,4689112525306,1783476431935905306
2,3044,102755869644,4689112803358,1783476431936183358
1,3059,102756495220,4689113396198,1783476431936776198
3,3027,102756099868,4689117147610,1783476431940527578
0,3009,102787611356,4689148457672,1783476431971837608
2,3045,102791889284,4689148776940,1783476431972156876
3,3028,102788219676,4689149078160,1783476431972458160
1,3060,102788523220,4689149403573,1783476431972783541
0,3010,102823489355,4689180490848,1783476432003870848
2,3046,102823870708,4689180788580,1783476432004168580
3,3029,102824119644,4689181034055,1783476432004414055
1,3061,102824462156,4689181381804,1783476432004761900
0,3011,102855552164,4689212448214,1783476432035828182
1,3062,102856485708,4689213384035,1783476432036764003
2,3047,102855906324,4689216812946,1783476432040192978
3,3030,102856125964,4689217065621,1783476432040445621
0,3012,102887560516,4689248495364,1783476432071875364
2,3048,102891892644,4689248792808,1783476432072172872
3,3031,102888144676,4689249027180,1783476432072407180
1,3063,102888490932,4689249413905,1783476432072793841
0,3013,102923556972,4689280508603,1783476432103888635
2,3049,102923880932,4689280772607,1783476432104152607
3,3032,102924128932,4689281022466,1783476432104402498
1,3064,102924469964,4689281422664,1783476432104802632
0,3014,102955551676,4689312435025,1783476432135815057
1,3065,102956487996,4689313381214,1783476432136761246
2,3050,102955894708,4689316806605,1783476432140186605
3,3033,102956121900,4689317064881,1783476432140444881
0,3015,102987545516,4689348413535,1783476432171793567
2,3051,102991895676,4689348778084,1783476432172158084
3,3034,102988140932,4689349016327,1783476432172396359
1,3066,102988495836,4689349393772,1783476432172773772
0,3016,103023572708,4689380436918,1783476432203816918
2,3052,103023864548,4689380796955,1783476432204176955
3,3035,103024108932,4689381045598,1783476432204425662
1,3067,103024468964,4689381386787,1783476432204766787
0,3017,103055550772,4689416472132,1783476432239852132
2,3053,103055899676,4689416833129,1783476432240213129
3,3036,103056126964,4689417051660,1783476432240431692
1,3068,103056487580,4689417422705,1783476432240802705
0,3018,103091526740,4689448421754,1783476432271801754
2,3054,103091893772,4689448761311,1783476432272141311
3,3037,103088129740,4689449001122,1783476432272381122
1,3069,103092485644,4689449402152,1783476432272782152
0,3019,103123510516,4689480463666,1783476432303843666
2,3055,103123864644,4689480772150,1783476432304152182
3,3038,103124111028,4689481021241,1783476432304401241
1,3070,103124471060,4689481400062,1783476432304780062
1,3071,103156486740,4689513403605,1783476432336783605
0,3020,103155526932,4689516425503,1783476432339805535
2,3056,103155913028,4689516782500,1783476432340162500
3,3039,103156141932,4689517007719,1783476432340387751
0,3021,103191559772,4689548426454,1783476432371806486
2,3057,103191881516,4689548768314,1783476432372148314
3,3040,103192126996,4689549002653,1783476432372382685
1,3072,103192470868,4689549397763,1783476432372777795
0,3022,103223572644,4689580445549,1783476432403825549
2,3058,103223884612,4689580785969,1783476432404165969
3,3041,103224113932,4689581027637,1783476432404407701
1,3073,103224471996,4689581394938,1783476432404774938
0,3023,103255559772,4689616424410,1783476432439804410
2,3059,103255917260,4689616802079,1783476432440182079
3,3042,103256145996,4689617010978,1783476432440390978
1,3074,103256486932,4689617386791,1783476432440766823
0,3024,103291576164,4689648482834,1783476432471862866
2,3060,103291886644,4689648771638,1783476432472151638
3,3043,103292131060,4689649018585,1783476432472398585
1,3075,103292473836,4689649403550,1783476432472783550
0,3025,103323560684,4689680561546,1783476432503941578
2,3061,103323890580,4689680837965,1783476432504217997
1,3076,103324495028,4689681421717,1783476432504801749
3,3044,103324116388,4689685132264,1783476432508512264
0,3026,103355528748,4689716531063,1783476432539911063
2,3062,103355915804,4689716819419,1783476432540199451
3,3045,103356169772,4689717092127,1783476432540472127
1,3077,103356491900,4689717427651,1783476432540807683
0,3027,103391538580,4689748541646,1783476432571921678
2,3063,103391896548,4689748825522,1783476432572205522
3,3046,103392137324,4689749058357,1783476432572438421
1,3078,103392479060,4689749448346,1783476432572828378
0,3028,103423535804,4689780533221,1783476432603913221
1,3079,103424490836,4689781417521,1783476432604797521
2,3064,103423905612,4689784831744,1783476432608211744
3,3047,103424130740,4689785079267,1783476432608459267
0,3029,103455551548,4689816481426,1783476432639861458
2,3065,103459897580,4689816775222,1783476432640155222
3,3048,103456148420,4689817051513,1783476432640431545
1,3080,103456488060,4689817392638,1783476432640772670
0,3030,103491545996,4689848478632,1783476432671858632
2,3066,103491884516,4689848798989,1783476432672178989
3,3049,103492132740,4689849049744,1783476432672429744
1,3081,103492476836,4689849412085,1783476432672792085
0,3031,103523570420,4689880533952,1783476432703913952
1,3082,103524498484,4689881445708,1783476432704825708
2,3067,103523908420,4689884831707,1783476432708211707
3,3050,103524133804,4689885083358,1783476432708463358
0,3032,103555549484,4689916435244,1783476432739815244
2,3068,103559922868,4689916775889,1783476432740155889
3,3051,103556153932,4689917016116,1783476432740396116
1,3083,103556507964,4689917398041,1783476432740778041
0,3033,103591574004,4689948451267,1783476432771831235
2,3069,103591877412,4689948766664,1783476432772146632
3,3052,103592117156,4689949008171,1783476432772388171
1,3084,103592475484,4689949446609,1783476432772826609
0,3034,103623528292,4689984470129,1783476432807850129
2,3070,103623898932,4689984805046,1783476432808185046
3,3053,103624147900,4689985060889,1783476432808440953
1,3085,103624489708,4689985445855,1783476432808825887
0,3035,103659526164,4690016579210,1783476432839959210
2,3071,103659899228,4690016801197,1783476432840181229
3,3054,103656136804,4690017029456,1783476432840409456
1,3086,103660492932,4690017409493,1783476432840789525
0,3036,103691523932,4690048450591,1783476432871830591
2,3072,103691888740,4690048795491,1783476432872175491
3,3055,103692119900,4690049018311,1783476432872398311
1,3087,103692479772,4690049403628,1783476432872783660
1,3088,103724511932,4690081438659,1783476432904818691
0,3037,103723576932,4690084421484,1783476432907801516
2,3073,103723913644,4690084806833,1783476432908186833
3,3056,103724182964,4690085044469,1783476432908424469
0,3038,103759540612,4690116441411,1783476432939821411
2,3074,103759887548,4690116776968,1783476432940156968
3,3057,103760134932,4690117028491,1783476432940408523
1,3089,103760477932,4690117391824,1783476432940771856
0,3039,103791545388,4690148487611,1783476432971867675
2,3075,103791891836,4690148801247,1783476432972181279
3,3058,103792117740,4690149037826,1783476432972417826
1,3090,103792479900,4690149406119,1783476432972786151
0,3040,103823584908,4690184502056,1783476433007882056
2,3076,103823927580,4690184831021,1783476433008211021
3,3059,103824155932,4690185061104,1783476433008441136
1,3091,103824495092,4690185404821,1783476433008784821
0,3041,103859563836,4690216506559,1783476433039886559
2,3077,103859891388,4690216818307,1783476433040198339
3,3060,103860138900,4690217050502,1783476433040430502
1,3092,103860481836,4690217409195,1783476433040789227
0,3042,103891561163,4690248490837,1783476433071870869
2,3078,103891894772,4690248817209,1783476433072197209
1,3093,103892498516,4690249428354,1783476433072808354
3,3061,103892120900,4690253111220,1783476433076491220
0,3043,103923570868,4690284436321,1783476433107816321
2,3079,103923924676,4690284789318,1783476433108169318
3,3062,103924158996,4690285020521,1783476433108400521
1,3094,103924497868,4690285379534,1783476433108759534
0,3044,103959561772,4690316439959,1783476433139819959
2,3080,103959890644,4690316792828,1783476433140172860
3,3063,103960136932,4690317030079,1783476433140410079
1,3095,103960480868,4690317390500,1783476433140770500
0,3045,103991559324,4690348500654,1783476433171880654
2,3081,103991893836,4690348797779,1783476433172177811
1,3096,103992495612,4690349412123,1783476433172792123
3,3064,103992120708,4690353119182,1783476433176499182
0,3046,104023600228,4690384482779,1783476433207862779
2,3082,104027906900,4690384788703,1783476433208168703
3,3065,104024158196,4690385071203,1783476433208451203
1,3097,104024501124,4690385406760,1783476433208786760
0,3047,104059522676,4690416463281,1783476433239843281
2,3083,104059892060,4690416768789,1783476433240148821
3,3066,104060140708,4690417039641,1783476433240419673
1,3098,104060483932,4690417389118,1783476433240769118
0,3048,104091536420,4690448447111,1783476433271827143
1,3099,104092498772,4690449429109,1783476433272809173
2,3084,104091908580,4690452812899,1783476433276192899
3,3067,104092137932,4690453084743,1783476433276464743
0,3049,104123563716,4690484478677,1783476433307858709
2,3085,104127909804,4690484802681,1783476433308182681
3,3068,104124156804,4690485053917,1783476433308433949
1,3100,104124500028,4690485394753,1783476433308774753
0,3050,104159550420,4690516577196,1783476433339957196
2,3086,104159882060,4690516800079,1783476433340180111
3,3069,104160126964,4690517025810,1783476433340405810
1,3101,104160483900,4690517636763,1783476433341016763
0,3051,104191564516,4690548434977,1783476433371814977
1,3102,104192499060,4690549402734,1783476433372782766
2,3087,104191932708,4690552834333,1783476433376214333
3,3070,104192141932,4690553075552,1783476433376455552
0,3052,104227569804,4690584449742,1783476433407829742
2,3088,104227912028,4690584775602,1783476433408155602
3,3071,104224148804,4690585030454,1783476433408410486
1,3103,104228498900,4690585404827,1783476433408784891
0,3053,104259534644,4690616437956,1783476433439817956
2,3089,104259894932,4690616783593,1783476433440163625
3,3072,104260123900,4690617019468,1783476433440399500
1,3104,104260485932,4690617430290,1783476433440810290
1,3105,104292501996,4690649413160,1783476433472793160
0,3054,104291588932,4690652452977,1783476433475833041
2,3090,104291912836,4690652797910,1783476433476177974
3,3073,104292124156,4690653060826,1783476433476440858
0,3055,104327585964,4690684440231,1783476433507820231
2,3091,104327911740,4690684777132,1783476433508157132
3,3074,104328156548,4690685049648,1783476433508429680
1,3106,104328498964,4690685411061,1783476433508791093
0,3056,104359539124,4690716452350,1783476433539832350
2,3092,104359896964,4690716775106,1783476433540155138
3,3075,104360127612,4690717072710,1783476433540452710
1,3107,104360488156,4690717404555,1783476433540784555
0,3057,104391551772,4690752519852,1783476433575899852
2,3093,104391928484,4690752797135,1783476433576177135
3,3076,104392157772,4690753094292,1783476433576474324
1,3108,104392501868,4690753423288,1783476433576803288
0,3058,104427546996,4690784443233,1783476433607823265
2,3094,104427917644,4690784785702,1783476433608165702
3,3077,104428144836,4690785032713,1783476433608412713
1,3109,104428488996,4690785409902,1783476433608789934
0,3059,104459539068,4690816504440,1783476433639884440
2,3095,104459898644,4690816828828,1783476433640208860
3,3078,104460128932,4690817044991,1783476433640424991
1,3110,104460506740,4690817436037,1783476433640816037
0,3060,104491542772,4690852504613,1783476433675884613
2,3096,104491929772,4690852806345,1783476433676186377
3,3079,104492161996,4690853032108,1783476433676412140
1,3111,104492505932,4690853400497,1783476433676780529
0,3061,104527537388,4690884471835,1783476433707851931
2,3097,104527898804,4690884790111,1783476433708170143
3,3080,104528144932,4690885041859,1783476433708421923
1,3112,104528488836,4690885423272,1783476433708803304
0,3062,104559544092,4690916507570,1783476433739887570
2,3098,104559899580,4690916839062,1783476433740219094
1,3113,104560504932,4690917420414,1783476433740800414
3,3081,104560127676,4690921070992,1783476433744451056
0,3063,104591529356,4690952497982,1783476433775877918
2,3099,104595915900,4690952787906,1783476433776167906
3,3082,104592161868,4690953047910,1783476433776427910
1,3114,104592503156,4690953423211,1783476433776803179
0,3064,104627517292,4690984522485,1783476433807902517
2,3100,104627897484,4690984855546,1783476433808235546
3,3083,104628145932,4690985052476,1783476433808432476
1,3115,104628493804,4690985457666,1783476433808837666
0,3065,104659544292,4691016536492,1783476433839916492
1,3116,104660509228,4691017452312,1783476433840832312
2,3101,104659932484,4691020846567,1783476433844226599
3,3084,104660168452,4691021106762,1783476433844486762
0,3066,104691573492,4691052574361,1783476433875954393
2,3102,104695930356,4691052863485,1783476433876243485
3,3085,104692165804,4691053059104,1783476433876439104
1,3117,104692507996,4691053435877,1783476433876815877
0,3067,104727567292,4691084487886,1783476433907867886
2,3103,104727888188,4691084796594,1783476433908176594
3,3086,104728133676,4691085045430,1783476433908425462
1,3118,104728493516,4691085445467,1783476433908825467
0,3068,104759576004,4691116512613,1783476433939892613
1,3119,104760507548,4691117445842,1783476433940825842
2,3104,104759926092,4691120864608,1783476433944244608
3,3087,104760149260,4691121083427,1783476433944463427
0,3069,104795544548,4691152539314,1783476433975919346
2,3105,104795922676,4691152802390,1783476433976182422
3,3088,104792157772,4691153057177,1783476433976437209
1,3120,104796507548,4691153447551,1783476433976827551
0,3070,104827565036,4691184493288,1783476434007873320
2,3106,104827902868,4691184808812,1783476434008188812
3,3089,104828134900,4691185047279,1783476434008427279
1,3121,104828493548,4691185445045,1783476434008825077
0,3071,104859577940,4691220506676,1783476434043886676
2,3107,104859919932,4691220811256,1783476434044191256
3,3090,104860147772,4691221069052,1783476434044449052
1,3122,104860509644,4691221451457,1783476434044831489
0,3072,104895582868,4691252514346,1783476434075894378
2,3108,104895922996,4691252806286,1783476434076186286
3,3091,104896171740,4691253072498,1783476434076452498
1,3123,104896510676,4691253457943,1783476434076837975
0,3073,104927533676,4691284480159,1783476434107860191
2,3109,104927920964,4691284783779,1783476434108163779
3,3092,104928144772,4691285043591,1783476434108423623
1,3124,104928504548,4691285427052,1783476434108807052
0,3074,104959583060,4691320446059,1783476434143826059
2,3110,104959937868,4691320791600,1783476434144171600
3,3093,104960166996,4691321038323,1783476434144418323
1,3125,104960509708,4691321437113,1783476434144817113
0,3075,104995584740,4691352466593,1783476434175846625
2,3111,104995910900,4691352801542,1783476434176181574
3,3094,104996154996,4691353052105,1783476434176432137
1,3126,104996498452,4691353437806,1783476434176817806
0,3076,105027567196,4691384513239,1783476434207893239
2,3112,105027877644,4691384824444,1783476434208204444
3,3095,105028120644,4691385055423,1783476434208435423
1,3127,105028497516,4691385454180,1783476434208834212
0,3077,105059547708,4691420442563,1783476434243822595
2,3113,105059935996,4691420796360,1783476434244176360
3,3096,105060180964,4691421037707,1783476434244417739
1,3128,105060513060,4691421400304,1783476434244780304
0,3078,105095577291,4691452451129,1783476434275831129
2,3114,105095910804,4691452828862,1783476434276208862
3,3097,105096156868,4691453066497,1783476434276446497
1,3129,105096500060,4691453440454,1783476434276820454
0,3079,105127544388,4691484473007,1783476434307853007
2,3115,105127921740,4691484841044,1783476434308221076
1,3130,105128512772,4691485440668,1783476434308820700
3,3098,105128135804,4691489106926,1783476434312486926
0,3080,105159547356,4691520479003,1783476434343859035
2,3116,105163921964,4691520784703,1783476434344164703
3,3099,105160172995,4691521029955,1783476434344409955
1,3131,105160515092,4691521396648,1783476434344776680
0,3081,105195570420,4691552467345,1783476434375847345
2,3117,105195908932,4691552815509,1783476434376195541
3,3100,105196153964,4691553043000,1783476434376423000
1,3132,105196498868,4691553458110,1783476434376838174
0,3082,105227541644,4691584474310,1783476434407854342
1,3133,105228514028,4691585398899,1783476434408778899
2,3118,105227925964,4691588831266,1783476434412211266
3,3101,105228153836,4691589103558,1783476434412483558
0,3083,105259541060,4691620436210,1783476434443816146
2,3119,105263932900,4691620779063,1783476434444159063
3,3102,105260186900,4691621039738,1783476434444419770
1,3134,105260516028,4691621422464,1783476434444802464
0,3084,105295563972,4691652481032,1783476434475861032
2,3120,105295894580,4691652828845,1783476434476208845
3,3103,105296159772,4691653060272,1783476434476440272
1,3135,105296501900,4691653507703,1783476434476887703
0,3085,105327551900,4691684443390,1783476434507823390
1,3136,105328530676,4691685441547,1783476434508821579
2,3121,105327925740,4691688853626,1783476434512233626
3,3104,105328154388,4691689096093,1783476434512476093
0,3086,105363567580,4691720502891,1783476434543882891
2,3122,105363948028,4691720801743,1783476434544181775
3,3105,105360164028,4691721060434,1783476434544440434
1,3137,105364515092,4691721434424,1783476434544814424
0,3087,105395573772,4691752473920,1783476434575853920
2,3123,105395914548,4691752810661,1783476434576190661
3,3106,105396146900,4691753067016,1783476434576447016
1,3138,105396501964,4691753460846,1783476434576840910
0,3088,105427553388,4691788475981,1783476434611855981
2,3124,105427927868,4691788806161,1783476434612186161
3,3107,105428155708,4691789058964,1783476434612438965
1,3139,105428516676,4691789406937,1783476434612786937
0,3089,105463583132,4691820503843,1783476434643883875
2,3125,105463924740,4691820809287,1783476434644189319
3,3108,105464175484,4691821071658,1783476434644451690
1,3140,105464515900,4691821422863,1783476434644802927
0,3090,105495575676,4691852477400,1783476434675857432
2,3126,105495918092,4691852791292,1783476434676171292
3,3109,105496143612,4691853076512,1783476434676456512
1,3141,105496503772,4691853454181,1783476434676834213
0,3091,105527556772,4691888470404,1783476434711850436
2,3127,105527943644,4691888790281,1783476434712170313
3,3110,105528172484,4691889062188,1783476434712442188
1,3142,105528517900,4691889402065,1783476434712782097
0,3092,105563555228,4691920467514,1783476434743847514
2,3128,105564043772,4691920787550,1783476434744167550
3,3111,105564160772,4691921078946,1783476434744458978
1,3143,105564502964,4691921423271,1783476434744803271
0,3093,105595547036,4691952499504,1783476434775879504
2,3129,105595907420,4691952817652,1783476434776197652
3,3112,105596131516,4691953066968,1783476434776447000
1,3144,105596511028,4691953473693,1783476434776853693
0,3094,105627592868,4691988459004,1783476434811839036
2,3130,105627947740,4691988815361,1783476434812195361
3,3113,105628175676,4691989061060,1783476434812441060
1,3145,105628519060,4691989401865,1783476434812781865
0,3095,105663585548,4692020460017,1783476434843840017
2,3131,105663914676,4692020807478,1783476434844187478
3,3114,105664159484,4692021061434,1783476434844441466
1,3146,105664503836,4692021425023,1783476434844805055
0,3096,105695585708,4692052468359,1783476434875848359
2,3132,105695916740,4692052827116,1783476434876207116
1,3147,105696519580,4692053454517,1783476434876834581
3,3115,105696142964,4692057098823,1783476434880478823
0,3097,105727560932,4692088460980,1783476434911841012
2,3133,105731927964,4692088802776,1783476434912182776
3,3116,105728177484,4692089046780,1783476434912426780
1,3148,105728519900,4692089419745,1783476434912799745
0,3098,105763557124,4692120513130,1783476434943893130
2,3134,105763927932,4692120802414,1783476434944182446
3,3117,105764161644,4692121055569,1783476434944435569
1,3149,105764506028,4692121442935,1783476434944822935
0,3099,105795564812,4692152524128,1783476434975904128
1,3150,105796523676,4692153466989,1783476434976846989
2,3135,105796038772,4692156874683,1783476434980254683
3,3118,105796161516,4692157099358,1783476434980479390
0,3100,105827557972,4692188492204,1783476435011872236
2,3136,105831932548,4692188829840,1783476435012209840
3,3119,105828183740,4692189035411,1783476435012415443
1,3151,105828538836,4692189432088,1783476435012812120
0,3101,105863548228,4692220555265,1783476435043935297
2,3137,105863935676,4692220825957,1783476435044205989
3,3120,105864152676,4692221067528,1783476435044447528
1,3152,105864511356,4692221478542,1783476435044858542
0,3102,105895562260,4692252530870,1783476435075910902
1,3153,105896523676,4692253487875,1783476435076867907
2,3138,105895933612,4692256862737,1783476435080242769
3,3121,105896163420,4692257124277,1783476435080504277
0,3103,105931587868,4692288473505,1783476435111853537
2,3139,105931931028,4692288791110,1783476435112171142
3,3122,105928173580,4692289056233,1783476435112436233
1,3154,105932523836,4692289436174,1783476435112816174
0,3104,105963549708,4692320480118,1783476435143860118
2,3140,105963903868,4692320795259,1783476435144175259
3,3123,105964148612,4692321059998,1783476435144439998
1,3155,105964509804,4692321424099,1783476435144804099
0,3105,105995594644,4692356519427,1783476435179899459
2,3141,105995940708,4692356830535,1783476435180210535
3,3124,105996164420,4692357104875,1783476435180484907
1,3156,105996524836,4692357427631,1783476435180807663
0,3106,106031571196,4692388536600,1783476435211916632
2,3142,106031933772,4692388824988,1783476435212204988
3,3125,106028170484,4692389086687,1783476435212466719
1,3157,106032524060,4692389434948,1783476435212814980
0,3107,106063549388,4692420477772,1783476435243857772
2,3143,106063919964,4692420807345,1783476435244187377
3,3126,106064151868,4692421048756,1783476435244428788
1,3158,106064510324,4692421443289,1783476435244823353
0,3108,106095569196,4692456515480,1783476435279895480
2,3144,106095951996,4692456832221,1783476435280212317
3,3127,106096183900,4692457081664,1783476435280461696
1,3159,106096524900,4692457442597,1783476435280822597
0,3109,106131561612,4692488459469,1783476435311839469
2,3145,106131920644,4692488838034,1783476435312218066
3,3128,106132165580,4692489070677,1783476435312450709
1,3160,106132511060,4692489419130,1783476435312799130
0,3110,106163558292,4692520490018,1783476435343870018
3,3129,106164135836,4692521060266,1783476435344440266
1,3161,106164511740,4692521439727,1783476435344819791
2,3146,106163905836,4692524893950,1783476435348273950
0,3111,106195597516,4692556493230,1783476435379873262
2,3147,106195958868,4692556838931,1783476435380218931
3,3130,106196184868,4692557072118,1783476435380452150
1,3162,106196528092,4692557433019,1783476435380813051
0,3112,106231559612,4692588472739,1783476435411852771
2,3148,106231920836,4692588814216,1783476435412194216
3,3131,106232165900,4692589055723,1783476435412435723
1,3163,106232510772,4692589433904,1783476435412813904
0,3113,106263593900,4692620462136,1783476435443842136
2,3149,106263923964,4692620816541,1783476435444196541
1,3164,106264526900,4692621425253,1783476435444805253
3,3132,106264148708,4692625115703,1783476435448495703
0,3114,106295593580,4692656512228,1783476435479892260
2,3150,106299956964,4692656843241,1783476435480223241
3,3133,106296185804,4692657089132,1783476435480469132
1,3165,106296525804,4692657435889,1783476435480815921
0,3115,106331551196,4692688489945,1783476435511869977
2,3151,106331922612,4692688839742,1783476435512219742
3,3134,106332169708,4692689069185,1783476435512449185
1,3166,106332511612,4692689429350,1783476435512809414
0,3116,106363565484,4692720480078,1783476435543860110
1,3167,106364530676,4692721428411,1783476435544808443
2,3152,106363939868,4692724858698,1783476435548238730
3,3135,106364168964,4692725105293,1783476435548485325
0,3117,106395582516,4692756521466,1783476435579901466
2,3153,106399936900,4692756833023,1783476435580213055
3,3136,106396187996,4692757062882,1783476435580442914
1,3168,106396529708,4692757442599,1783476435580822727
0,3118,106431569612,4692788471087,1783476435611851119
2,3154,106431925676,4692788811923,1783476435612192051
3,3137,106432171932,4692789061111,1783476435612441111
1,3169,106432514836,4692789425404,1783476435612805436
0,3119,106463598452,4692820513764,1783476435643893764
1,3170,106464515548,4692821445969,1783476435644825969
2,3155,106463940516,4692824860672,1783476435648240672
3,3138,106464170028,4692825103811,1783476435648483811
0,3120,106499554580,4692856505424,1783476435679885456
2,3156,106499939932,4692856835093,1783476435680215093
3,3139,106496174932,4692857070680,1783476435680450744
1,3171,106500530932,4692857445341,1783476435680825341
0,3121,106531557740,4692888476389,1783476435711856389
2,3157,106531911900,4692888823241,1783476435712203273
3,3140,106532155900,4692889050957,1783476435712430957
1,3172,106532517156,4692889428882,1783476435712808914
0,3122,106563572292,4692924491793,1783476435747871825
2,3158,106563949060,4692924870646,1783476435748250646
3,3141,106564175932,4692925120249,1783476435748500281
1,3173,106564534028,4692925439166,1783476435748819198
0,3123,106599604484,4692956529094,1783476435779909126
2,3159,106599950996,4692956860971,1783476435780240971
3,3142,106596178932,4692957079150,1783476435780459150
1,3174,106600534932,4692957452435,1783476435780832435
0,3124,106631592003,4692988556604,1783476435811936604
2,3160,106631932484,4692988864000,1783476435812244032
1,3175,106632523612,4692989458152,1783476435812838152
3,3143,106632161260,4692993123514,1783476435816503546
0,3125,106663600900,4693024471846,1783476435847851846
2,3161,106663998836,4693024828939,1783476435848209003
3,3144,106664192028,4693025083247,1783476435848463279
1,3176,106664532836,4693025457460,1783476435848837492
0,3126,106699602484,4693056509948,1783476435879889980
2,3162,106699928644,4693056841568,1783476435880221664
3,3145,106700173740,4693057074692,1783476435880454724
1,3177,106700518932,4693057452457,1783476435880832553
0,3127,106731565452,4693088497489,1783476435911877489
2,3163,106731942868,4693088819029,1783476435912199061
1,3178,106732534996,4693089434462,1783476435912814462
3,3146,106732175292,4693093110928,1783476435916490928
0,3128,106763566324,4693124458268,1783476435947838268
2,3164,106763960708,4693124845601,1783476435948225665
3,3147,106764191900,4693125203014,1783476435948583046
1,3179,106764536060,4693125436329,1783476435948816329
0,3129,106799575356,4693156538418,1783476435979918418
2,3165,106799940060,4693156832342,1783476435980212374
3,3148,106800193868,4693157099738,1783476435980479770
1,3180,106800522996,4693157494335,1783476435980874335
0,3130,106831603356,4693188495303,1783476436011875335
2,3166,106831932932,4693188837931,1783476436012217963
1,3181,106832534964,4693189436275,1783476436012816307
3,3149,106832158836,4693193152102,1783476436016532134
0,3131,106863571260,4693224537330,1783476436047917330
2,3167,106867944964,4693224848086,1783476436048228086
3,3150,106864197612,4693225135034,1783476436048515034
1,3182,106864536708,4693225450559,1783476436048830559
0,3132,106899567484,4693256563623,1783476436079943623
2,3168,106899929996,4693256855499,1783476436080235499
3,3151,106900179548,4693257105518,1783476436080485550
1,3183,106900521060,4693257480756,1783476436080860756
0,3133,106931604388,4693288493339,1783476436111873371
1,3184,106932541028,4693289462696,1783476436112842728
2,3169,106931946964,4693292863542,1783476436116243574
3,3152,106932197931,4693293109818,1783476436116489818
0,3134,106963592196,4693324472293,1783476436147852293
2,3170,106967947092,4693324824426,1783476436148204426
3,3153,106964202772,4693325062317,1783476436148442349
1,3185,106964545124,4693325442387,1783476436148822387
0,3135,106999586292,4693356551707,1783476436179931739
2,3171,106999933772,4693356825407,1783476436180205407
3,3154,107000177868,4693357081186,1783476436180461218
1,3186,107000523060,4693357452903,1783476436180832903
0,3136,107031603196,4693388534895,1783476436211914927
1,3187,107032537483,4693389515133,1783476436212895133
2,3172,107031955388,4693392877707,1783476436216257739
3,3155,107032186580,4693393129294,1783476436216509294
0,3137,107063566612,4693424477722,1783476436247857722
2,3173,107067945644,4693424816318,1783476436248196318
3,3156,107064190964,4693425058370,1783476436248438370
1,3188,107068539932,4693425445447,1783476436248825479
0,3138,107099552188,4693456576399,1783476436279956399
2,3174,107099924868,4693456871731,1783476436280251763
3,3157,107100166804,4693457096471,1783476436280476503
1,3189,107100526060,4693457481084,1783476436280861116
0,3139,107131568068,4693492528314,1783476436315908314
2,3175,107131949388,4693492890111,1783476436316270111
3,3158,107132187932,4693493116226,1783476436316496226
1,3190,107132544899,4693493462439,1783476436316842471
0,3140,107167608516,4693524531438,1783476436347911470
2,3176,107167954516,4693524862003,1783476436348242035
3,3159,107164183644,4693525111830,1783476436348491830
1,3191,107168547060,4693525476219,1783476436348856251
0,3141,107199597580,4693556571875,1783476436379951907
2,3177,107199960868,4693556867880,1783476436380247880
3,3160,107200178804,4693557099563,1783476436380479563
1,3192,107200531836,4693557472912,1783476436380852912
0,3142,107231579964,4693592466573,1783476436415846573
2,3178,107231968612,4693592839602,1783476436416219602
3,3161,107232199964,4693593069685,1783476436416449717
1,3193,107232538900,4693593441146,1783476436416821146
0,3143,107267575580,4693624479362,1783476436447859362
2,3179,107267961804,4693624817670,1783476436448197670
3,3162,107268181964,4693625061834,1783476436448441834
1,3194,107268522028,4693625423023,1783476436448803023
0,3144,107299562380,4693656455062,1783476436479834998
3,3163,107300165932,4693657092127,1783476436480472159
1,3195,107300526932,4693657473316,1783476436480853348
2,3180,107299942612,4693660911219,1783476436484291251
0,3145,107331578164,4693692556706,1783476436515936706
2,3181,107331968708,4693692858087,1783476436516238119
3,3164,107332198028,4693693108714,1783476436516488778
1,3196,107332544028,4693693445359,1783476436516825391
0,3146,107367610676,4693724496534,1783476436547876598
2,3182,107367942483,4693724822459,1783476436548202459
3,3165,107368187964,4693725065950,1783476436548445982
1,3197,107368531772,4693725438947,1783476436548818947
0,3147,107399570932,4693756510923,1783476436579890923
2,3183,107399936996,4693756841583,1783476436580221583
1,3198,107400542612,4693757462552,1783476436580842584
3,3166,107400167028,4693761134442,1783476436584514474
0,3148,107431580356,4693792482966,1783476436615862966
2,3184,107435958060,4693792826202,1783476436616206266
3,3167,107432202740,4693793088222,1783476436616468254
1,3199,107432544028,4693793441923,1783476436616821955
0,3149,107467564388,4693824533355,1783476436647913355
2,3185,107467941644,4693824867151,1783476436648247183
3,3168,107468186868,4693825083506,1783476436648463570
1,3200,107468528932,4693825471224,1783476436648851224
0,3150,107499574388,4693856511903,1783476436679891903
1,3201,107500549612,4693857469772,1783476436680849772
2,3186,107499954548,4693860876795,1783476436684256795
3,3169,107500186900,4693861128542,1783476436684508574
0,3151,107531576772,4693892480714,1783476436715860714
2,3187,107535957580,4693892831278,1783476436716211278
3,3170,107532204996,4693893066258,1783476436716446290
1,3202,107532530964,4693893444375,1783476436716824375
0,3152,107567566740,4693924486398,1783476436747866430
2,3188,107567944932,4693924823651,1783476436748203651
3,3171,107568187028,4693925067942,1783476436748447974
1,3203,107568529804,4693925461260,1783476436748841260
0,3153,107599580100,4693956637493,1783476436780017525
1,3204,107600545932,4693957502529,1783476436780882529
2,3189,107599977836,4693960898735,1783476436784278767
3,3172,107600184836,4693961158386,1783476436784538386
0,3154,107631578355,4693992554495,1783476436815934495
2,3190,107635957932,4693992849187,1783476436816229187
3,3173,107632206420,4693993096486,1783476436816476518
1,3205,107632549964,4693993474667,1783476436816854667
0,3155,107667566580,4694024490994,1783476436847870994
2,3191,107667924772,4694024833527,1783476436848213527
3,3174,107668173676,4694025086555,1783476436848466555
1,3206,107668543900,4694025449695,1783476436848829695
0,3156,107699613452,4694060487965,1783476436883867997
2,3192,107699961060,4694060857314,1783476436884237314
3,3175,107700188028,4694061131430,1783476436884511494
1,3207,107700547996,4694061439754,1783476436884819754
0,3157,107735613772,4694092493138,1783476436915873138
2,3193,107735964932,4694092813558,1783476436916193590
3,3176,107732190900,4694093076826,1783476436916456890
1,3208,107736547932,4694093462431,1783476436916842431
0,3158,107767601771,4694124500711,1783476436947880743
2,3194,107767947996,4694124837099,1783476436948217099
3,3177,107768174900,4694125090671,1783476436948470703
1,3209,107768532932,4694125486612,1783476436948866644
0,3159,107799585356,4694160526194,1783476436983906258
2,3195,107799978124,4694160853494,1783476436984233526
3,3178,107800205996,4694161105786,1783476436984485818
1,3210,107800547612,4694161473471,1783476436984853471
0,3160,107835588708,4694192495878,1783476437015875974
2,3196,107835973028,4694192825962,1783476437016205994
3,3179,107836195964,4694193076654,1783476437016456654
1,3211,107836539484,4694193518228,1783476437016898260
0,3161,107867601388,4694224551067,1783476437047931099
2,3197,107867965580,4694224890623,1783476437048270623
1,3212,107868539060,4694225481159,1783476437048861191
3,3180,107868176356,4694229160889,1783476437052540889
0,3162,107899584484,4694260554021,1783476437083934053
2,3198,107899975836,4694260897002,1783476437084277034
3,3181,107900209740,4694261116045,1783476437084496045
1,3213,107900557028,4694261478290,1783476437084858290
0,3163,107935603740,4694292507896,1783476437115887928
2,3199,107935944580,4694292839485,1783476437116219485
3,3182,107936191868,4694293082400,1783476437116462400
1,3214,107936544060,4694293457605,1783476437116837605
0,3164,107967586836,4694324504588,1783476437147884620
2,3200,107967951484,4694324852529,1783476437148232561
1,3215,107968550964,4694325453721,1783476437148833721
3,3183,107968178580,4694329151468,1783476437152531468
0,3165,107999585028,4694360495863,1783476437183875863
2,3201,107999980804,4694360860508,1783476437184240540
3,3184,108000211964,4694361108863,1783476437184488863
1,3216,108000550868,4694361457732,1783476437184837796
0,3166,108035589260,4694392548331,1783476437215928363
2,3202,108035945132,4694392888624,1783476437216268656
3,3185,108036192676,4694393098131,1783476437216478163
1,3217,108036536868,4694393469304,1783476437216849336
0,3167,108067604932,4694424513759,1783476437247893759
1,3218,108068554835,4694425461676,1783476437248841676
2,3203,108067945740,4694428867706,1783476437252247706
3,3186,108068175740,4694429145342,1783476437252525406
0,3168,108099583356,4694460522825,1783476437283902825
2,3204,108103962644,4694460870702,1783476437284250702
3,3187,108100210964,4694461089969,1783476437284470001
1,3219,108100553996,4694461470454,1783476437284850486
0,3169,108135580060,4694492499677,1783476437315879709
2,3205,108135945804,4694492844578,1783476437316224610
3,3188,108136194964,4694493094821,1783476437316474821
1,3220,108136538060,4694493472042,1783476437316852042
0,3170,108167591324,4694524531985,1783476437347912017
1,3221,108168553292,4694525484222,1783476437348864222
2,3206,108167980548,4694528934253,1783476437352314253
3,3189,108168195900,4694529150640,1783476437352530672
0,3171,108199612868,4694560563612,1783476437383943676
2,3207,108203967516,4694560846944,1783476437384226944
3,3190,108200222900,4694561096707,1783476437384476707
1,3222,108200555996,4694561455528,1783476437384835560
0,3172,108235600388,4694592504463,1783476437415884495
2,3208,108235936708,4694592836052,1783476437416216084
3,3191,108236181900,4694593100119,1783476437416480119
1,3223,108236539964,4694593458876,1783476437416838876
0,3173,108267584644,4694624492067,1783476437447872067
2,3209,108267974220,4694628938048,1783476437452318048
3,3192,108268198572,4694629065441,1783476437452445377
1,3224,108268559804,4694629428134,1783476437452808166
0,3174,108303612548,4694660521454,1783476437483901454
2,3210,108303975740,4694660861746,1783476437484241746
3,3193,108300192932,4694661088566,1783476437484468598
1,3225,108304553804,4694661453114,1783476437484833114
0,3175,108335576484,4694692512898,1783476437515892898
2,3211,108335952964,4694692841702,1783476437516221702
3,3194,108336178804,4694693090857,1783476437516470857
1,3226,108336540996,4694693455534,1783476437516835566
0,3176,108367591292,4694728484236,1783476437551864236
2,3212,108367967964,4694728834832,1783476437552214864
3,3195,108368194964,4694729081140,1783476437552461172
1,3227,108368555740,4694729445785,1783476437552825785
0,3177,108403592740,4694760514784,1783476437583894784
2,3213,108403952836,4694760832356,1783476437584212388
3,3196,108404198900,4694761102472,1783476437584482472
1,3228,108404541964,4694761467021,1783476437584847085
0,3178,108435611452,4694792508276,1783476437615888308
2,3214,108435957804,4694792839160,1783476437616219160
1,3229,108436545772,4694793463425,1783476437616843457
3,3197,108436186092,4694797139379,1783476437620519411
0,3179,108467621068,4694828546783,1783476437651926783
2,3215,108467986772,4694828883491,1783476437652263491
3,3198,108468214964,4694829105990,1783476437652485990
1,3230,108468562835,4694829487660,1783476437652867660
0,3180,108503622516,4694860513746,1783476437683893810
2,3216,108503956900,4694860855607,1783476437684235639
3,3199,108504201900,4694861084410,1783476437684464474
1,3231,108504544060,4694861450239,1783476437684830239
0,3181,108535594612,4694892513286,1783476437715893286
3,3200,108536181740,4694893097774,1783476437716477774
1,3232,108536558708,4694893455987,1783476437716836019
2,3217,108535953932,4694896904322,1783476437720284354
0,3182,108567621804,4694928471184,1783476437751851184
2,3218,108567997900,4694928850197,1783476437752230197
3,3201,108568216028,4694929084120,1783476437752464152
1,3233,108568559060,4694929450205,1783476437752830237
0,3183,108603598132,4694960552965,1783476437783932997
2,3219,108603958484,4694960858985,1783476437784238953
3,3202,108604203028,4694961070188,1783476437784450156
1,3234,108604545252,4694961459729,1783476437784839697
0,3184,108635603004,4694992556857,1783476437815936857
2,3220,108635949516,4694992892030,1783476437816272062
1,3235,108636562964,4694993474278,1783476437816854278
3,3203,108636289740,4694997162712,1783476437820542712
0,3185,108667633388,4695028506211,1783476437851886211
2,3221,108671968996,4695028849928,1783476437852229960
3,3204,108668222124,4695029089771,1783476437852469771
1,3236,108668565028,4695029473392,1783476437852853456
0,3186,108703584836,4695060510423,1783476437883890423
2,3222,108703959900,4695060857980,1783476437884237980
3,3205,108704203804,4695061112831,1783476437884492863
1,3237,108704546996,4695061489668,1783476437884869700
0,3187,108735594580,4695092524427,1783476437915904427
1,3238,108736561548,4695093491992,1783476437916872024
2,3223,108735981868,4695096888838,1783476437920268870
3,3206,108736202964,4695097137642,1783476437920517674
0,3188,108767573420,4695128515861,1783476437951895861
2,3224,108771961932,4695128826521,1783476437952206521
3,3207,108768223028,4695129084477,1783476437952464477
1,3239,108768568868,4695129471170,1783476437952851234
0,3189,108803599452,4695160575306,1783476437983955306
2,3225,108803947644,4695160877614,1783476437984257614
3,3208,108804188868,4695161118993,1783476437984499057
1,3240,108804547964,4695161494615,1783476437984874615
0,3190,108835653580,4695192540349,1783476438015920349
1,3241,108836566772,4695193473130,1783476438016853162
2,3226,108836014036,4695196919897,1783476438020299929
3,3209,108836211708,4695197139740,1783476438020519804
0,3191,108867628612,4695228573351,1783476438051953383
2,3227,108871990420,4695228857419,1783476438052237419
3,3210,108868214356,4695229126383,1783476438052506415
1,3242,108872563932,4695229477396,1783476438052857396
0,3192,108903622228,4695260589435,1783476438083969435
2,3228,108903960060,4695260897919,1783476438084277951
1,3243,108904556868,4695261501479,1783476438084881479
3,3211,108904201324,4695265141753,1783476438088521785
0,3193,108935627708,4695296489155,1783476438119869187
2,3229,108935996900,4695296857512,1783476438120237544
3,3212,108936209996,4695297083244,1783476438120463276
1,3244,108936565932,4695297463537,1783476438120843537
0,3194,108971649644,4695328507351,1783476438151887351
2,3230,108971978028,4695328835388,1783476438152215388
3,3213,108972220932,4695329091135,1783476438152471135
1,3245,108972568868,4695329475492,1783476438152855492
0,3195,109003611356,4695360566571,1783476438183946571
3,3214,109004191996,4695361119379,1783476438184499379
1,3246,109004549964,4695361500344,1783476438184880344
2,3231,109003962964,4695364929287,1783476438188309319
0,3196,109035594164,4695396536885,1783476438219916917
2,3232,109036002836,4695396875865,1783476438220255865
3,3215,109036223188,4695397125949,1783476438220505981
1,3247,109036565868,4695397475457,1783476438220855457
0,3197,109071630868,4695428495847,1783476438251875879
2,3233,109071969900,4695428837516,1783476438252217516
3,3216,109072209996,4695429087023,1783476438252467023
1,3248,109072552996,4695429458164,1783476438252838164
0,3198,109103598356,4695460527387,1783476438283907451
2,3234,109103964804,4695460877664,1783476438284257696
3,3217,109104188868,4695461127747,1783476438284507779
1,3249,109104565836,4695461486280,1783476438284866280
0,3199,109135598548,4695496589254,1783476438319969254
2,3235,109135992644,4695496893066,1783476438320273098
3,3218,109136221356,4695497138797,1783476438320518797
1,3250,109136566868,4695497481906,1783476438320861970
0,3200,109171634004,4695528571609,1783476438351951609
2,3236,109171963676,4695528873245,1783476438352253309
3,3219,109172208132,4695529143905,1783476438352523937
1,3251,109172551964,4695529487077,1783476438352867109
0,3201,109203622708,4695560562508,1783476438383942540
1,3252,109204569772,4695561483161,1783476438384863161
2,3237,109203962740,4695564864743,1783476438388244775
3,3220,109204191932,4695565126058,1783476438388506090
0,3202,109235589356,4695596513141,1783476438419893141
2,3238,109239983772,4695596844122,1783476438420224122
3,3221,109236221644,4695597110589,1783476438420490589
1,3253,109236570932,4695597464162,1783476438420844162
0,3203,109271585964,4695628509321,1783476438451889321
2,3239,109271968868,4695628834669,1783476438452214701
3,3222,109272208060,4695629098481,1783476438452478513
1,3254,109272553932,4695629468342,1783476438452848406
0,3204,109303634516,4695660530108,1783476438483910172
1,3255,109304572156,4695661484009,1783476438484864041
2,3240,109303973388,4695664894744,1783476438488274808
3,3223,109304236708,4695665152411,1783476438488532443
0,3205,109335594156,4695696516134,1783476438519896166
2,3241,109339980932,4695696853450,1783476438520233482
3,3224,109336226452,4695697103822,1783476438520483822
1,3256,109336566804,4695697467923,1783476438520847955
0,3206,109371625804,4695728511705,1783476438551891705
2,3242,109371950900,4695728857726,1783476438552237790
3,3225,109372195772,4695729091041,1783476438552471041
1,3257,109372555900,4695729461958,1783476438552841990
0,3207,109403604324,4695760550029,1783476438583930093
1,3258,109404572220,4695761488858,1783476438584868858
2,3243,109403979836,4695764884232,1783476438588264264
3,3226,109404209644,4695765133995,1783476438588513995
0,3208,109439635292,4695796523222,1783476438619903286
2,3244,109439980484,4695796856443,1783476438620236507
3,3227,109436213932,4695797089214,1783476438620469214
1,3259,109440568932,4695797474243,1783476438620854243
0,3209,109471620228,4695828523754,1783476438651903818
2,3245,109471972932,4695828853486,1783476438652233518
3,3228,109472201772,4695829119442,1783476438652499474
1,3260,109472561027,4695829467703,1783476438652847703
0,3210,109503641548,4695864509683,1783476438687889683
2,3246,109503984772,4695864868056,1783476438688248088
3,3229,109504212996,4695865100411,1783476438688480443
1,3261,109504571836,4695865476320,1783476438688856320
0,3211,109539610484,4695896516935,1783476438719896967
2,3247,109539982964,4695896852203,1783476438720232235
3,3230,109540228964,4695897093647,1783476438720473647
1,3262,109540573028,4695897473748,1783476438720853780
0,3212,109571617452,4695928509530,1783476438751889562
2,3248,109571968092,4695928855327,1783476438752235327
3,3231,109572195996,4695929092738,1783476438752472738
1,3263,109572558868,4695929466951,1783476438752846951
0,3213,109603607644,4695964538052,1783476438787918052
2,3249,109603997124,4695964876425,1783476438788256457
3,3232,109604228804,4695965145900,1783476438788525900
1,3264,109604573868,4695965492753,1783476438788872753
0,3214,109639605420,4695996518135,1783476438819898167
2,3250,109639973772,4695996865692,1783476438820245692
3,3233,109640221804,4695997136192,1783476438820516224
1,3265,109640558803,4695997495525,1783476438820875621
0,3215,109671620772,4696028523531,1783476438851903531
2,3251,109671952836,4696028870415,1783476438852250415
3,3234,109672191612,4696029107763,1783476438852487763
1,3266,109672563060,4696029477432,1783476438852857432
0,3216,109703617483,4696064539509,1783476438887919541
2,3252,109704009156,4696064896730,1783476438888276730
3,3235,109704233388,4696065140925,1783476438888520957
1,3267,109704573932,4696065481378,1783476438888861410
0,3217,109739609132,4696096572201,1783476438919952233
2,3253,109739970900,4696096876013,1783476438920256045
3,3236,109740223868,4696097115440,1783476438920495440
1,3268,109740562932,4696097505397,1783476438920885397
0,3218,109771642420,4696128520347,1783476438951900347
2,3254,109771969964,4696128862528,1783476438952242528
1,3269,109772577900,4696129500681,1783476438952880681
3,3237,109772204676,4696133159002,1783476438956539034
0,3219,109803605484,4696164565766,1783476438987945766
2,3255,109807983708,4696164884010,1783476438988264010
3,3238,109804234708,4696165130861,1783476438988510861
1,3270,109804576900,4696165491186,1783476438988871378
0,3220,109839597580,4696196605113,1783476439019985145
2,3256,109839971644,4696196886685,1783476439020266717
3,3239,109840218092,4696197119936,1783476439020500128
1,3271,109840567060,4696197490405,1783476439020870437
0,3221,109871627868,4696228597676,1783476439051977676
1,3272,109872583580,4696229499960,1783476439052879960
2,3257,109871985452,4696232934439,1783476439056314439
3,3240,109872225612,4696233175882,1783476439056555882
0,3222,109903635676,4696264613141,1783476439087993301
2,3258,109907986676,4696264907641,1783476439088287641
3,3241,109904244932,4696265115772,1783476439088495804
1,3273,109904588804,4696265506177,1783476439088886209
0,3223,109939626420,4696296532807,1783476439119912807
2,3259,109939956868,4696296873547,1783476439120253579
3,3242,109940204804,4696297097327,1783476439120477327
1,3274,109940570060,4696297483604,1783476439120863636
0,3224,109971616292,4696328529338,1783476439151909370
1,3275,109972580996,4696329482183,1783476439152862183
2,3260,109971998740,4696332875957,1783476439156255957
3,3243,109972220284,4696333148376,1783476439156528376
0,3225,110007615708,4696364576355,1783476439187956355
2,3261,110007996028,4696364866055,1783476439188246055
3,3244,110004221092,4696365138923,1783476439188518923
1,3276,110008577964,4696365498704,1783476439188878704
0,3226,110039630484,4696396562998,1783476439219942998
2,3262,110039970868,4696396870458,1783476439220250490
3,3245,110040209996,4696397128542,1783476439220508574
1,3277,110040564932,4696397518403,1783476439220898467
0,3227,110071613451,4696432532607,1783476439255912607
2,3263,110071996900,4696432884163,1783476439256264195
3,3246,110072225580,4696433135943,1783476439256515975
1,3278,110072580868,4696433480396,1783476439256860396
0,3228,110107639516,4696464552018,1783476439287932018
2,3264,110107994996,4696464871894,1783476439288251894
3,3247,110108238932,4696465134778,1783476439288514938
1,3279,110108579028,4696465491870,1783476439288871902
0,3229,110139609228,4696496529860,1783476439319909860
2,3265,110139978676,4696496859721,1783476439320239753
3,3248,110140209580,4696497149133,1783476439320529133
1,3280,110140567996,4696497503089,1783476439320883121
0,3230,110171633996,4696532485741,1783476439355865901
2,3266,110172006284,4696532840786,1783476439356220786
3,3249,110172242964,4696533138230,1783476439356518262
1,3281,110172582580,4696533495578,1783476439356875578
0,3231,110207629380,4696564478015,1783476439387857983
2,3267,110207974772,4696564859589,1783476439388239653
3,3250,110208221412,4696565071559,1783476439388451559
1,3282,110208568836,4696565469677,1783476439388849741
0,3232,110239601900,4696596541427,1783476439419921427
2,3268,110239972420,4696596893464,1783476439420273464
1,3283,110240566740,4696597493312,1783476439420873344
3,3251,110240194316,4696601158386,1783476439424538354
0,3233,110271605483,4696632502844,1783476439455882876
2,3269,110272001644,4696632906177,1783476439456286177
3,3252,110272248932,4696633128132,1783476439456508132
1,3284,110272621996,4696633502921,1783476439456882921
0,3234,110307612556,4696664626128,1783476439488006128
2,3270,110307976419,4696664886740,1783476439488266740
3,3253,110308219932,4696665133911,1783476439488513943
1,3285,110308561900,4696665507004,1783476439488887004
0,3235,110339670740,4696696552898,1783476439519932898
1,3286,110340586516,4696697502415,1783476439520882447
2,3271,110339980804,4696700925661,1783476439524305661
3,3254,110340242964,4696701160224,1783476439524540256
0,3236,110371652676,4696732507018,1783476439555887018
2,3272,110375991708,4696732882095,1783476439556262127
3,3255,110372241932,4696733112627,1783476439556492627
1,3287,110372584900,4696733473528,1783476439556853560
0,3237,110407612772,4696764558302,1783476439587938302
2,3273,110407977548,4696764884642,1783476439588264642
3,3256,110408223868,4696765118021,1783476439588498053
1,3288,110408567996,4696765495723,1783476439588875723
0,3238,110439655900,4696796533072,1783476439619913104
1,3289,110440587420,4696797493533,1783476439620873565
2,3274,110439999388,4696801127855,1783476439624507855
3,3257,110440226868,4696801195792,1783476439624575792
0,3239,110471654996,4696832534873,1783476439655914873
2,3275,110475994420,4696832880094,1783476439656260158
3,3258,110472249060,4696833124545,1783476439656504545
1,3290,110472599996,4696833511911,1783476439656891943
0,3240,110507640900,4696864574637,1783476439687954733
2,3276,110507969260,4696864898833,1783476439688278865
3,3259,110508219996,4696865128308,1783476439688508308
1,3291,110508574092,4696865513626,1783476439688893626
0,3241,110539674740,4696896540639,1783476439719920671
1,3292,110540586356,4696897509996,1783476439720889996
2,3277,110539999580,4696900892666,1783476439724272666
3,3260,110540227996,4696901154526,1783476439724534558
0,3242,110575642612,4696932528648,1783476439755908680
2,3278,110576000356,4696932859309,1783476439756239309
3,3261,110572233964,4696933106608,1783476439756486608
1,3293,110576583932,4696933499413,1783476439756879477
0,3243,110607640836,4696964567035,1783476439787947067
2,3279,110607966996,4696964886976,1783476439788266976
3,3262,110608216028,4696965125251,1783476439788505283
1,3294,110608571772,4696965566985,1783476439788947017
0,3244,110639659156,4697000538052,1783476439823918084
2,3280,110640028964,4697000892521,1783476439824272553
3,3263,110640231060,4697001137196,1783476439824517228
1,3295,110640588612,4697001508593,1783476439824888625
0,3245,110675656644,4697032548855,1783476439855928855
2,3281,110675999868,4697032878044,1783476439856258076
3,3264,110672232772,4697033137471,1783476439856517503
1,3296,110676589060,4697033498404,1783476439856878436
0,3246,110707637548,4697064601515,1783476439887981547
2,3282,110707990868,4697064936815,1783476439888316847
3,3265,110708212868,4697065136498,1783476439888516498
1,3297,110708572868,4697065510039,1783476439888890071
1,3298,110740590548,4697097523658,1783476439920903658
0,3247,110739625548,4697100520211,1783476439923900211
2,3283,110740012676,4697100878551,1783476439924258551
3,3266,110740244932,4697101132251,1783476439924512283
0,3248,110775633772,4697132535686,1783476439955915686
2,3284,110775985772,4697132869866,1783476439956249866
3,3267,110776228932,4697133115533,1783476439956495565
1,3299,110776588836,4697133486322,1783476439956866354
0,3249,110807608972,4697164581465,1783476439987961465
2,3285,110807973228,4697164914045,1783476439988294045
3,3268,110808204772,4697165168993,1783476439988548993
1,3300,110808575836,4697165533190,1783476439988913222
0,3250,110839655060,4697200532929,1783476440023912961
2,3286,110840026484,4697200930822,1783476440024310822
3,3269,110840254868,4697201126985,1783476440024506985
1,3301,110840589516,4697201500846,1783476440024880846
0,3251,110875626588,4697232594036,1783476440055974068
2,3287,110875994996,4697232899480,1783476440056279512
3,3270,110876239220,4697233135323,1783476440056515323
1,3302,110876586708,4697233626754,1783476440057006786
0,3252,110907629836,4697264615239,1783476440087995239
2,3288,110908015092,4697264914219,1783476440088294251
1,3303,110908601836,4697265724982,1783476440089104982
3,3271,110908218260,4697269210021,1783476440092590021
0,3253,110939637092,4697300534894,1783476440123914894
2,3289,110944011900,4697300899635,1783476440124279667
3,3272,110940254676,4697301159894,1783476440124539926
1,3304,110940607548,4697301539452,1783476440124919452
0,3254,110975647772,4697332562881,1783476440155942881
2,3290,110975989028,4697332869541,1783476440156249541
3,3273,110976233804,4697333140040,1783476440156520072
1,3305,110976575420,4697333541390,1783476440156921422
0,3255,111007658772,4697364597971,1783476440187978003
1,3306,111008594996,4697365531200,1783476440188911200
2,3291,111008004548,4697368938606,1783476440192318606
3,3274,111008240676,4697369180337,1783476440192560337
0,3256,111039651868,4697400545403,1783476440223925403
2,3292,111044006420,4697400891200,1783476440224271200
3,3275,111040256932,4697401109827,1783476440224489827
1,3307,111040592900,4697401487432,1783476440224867432
0,3257,111075614676,4697432535981,1783476440255915981
2,3293,111075991644,4697432875058,1783476440256255090
3,3276,111076237996,4697433113781,1783476440256493813
1,3308,111076577996,4697433499674,1783476440256879706
0,3258,111107663548,4697464605472,1783476440287985472
1,3309,111108595124,4697465526157,1783476440288906157
2,3294,111108013996,4697468917883,1783476440292297915
3,3277,111108238836,4697469164574,1783476440292544574
0,3259,111143625772,4697500539048,1783476440323919048
2,3295,111144009932,4697500858700,1783476440324238668
3,3278,111140248412,4697501083439,1783476440324463407
1,3310,111144591444,4697501486517,1783476440324866453
0,3260,111175629868,4697532546458,1783476440355926490
2,3296,111175989932,4697532888319,1783476440356268319
3,3279,111176221028,4697533123298,1783476440356503330
1,3311,111176577964,4697533517607,1783476440356897607
0,3261,111207652260,4697568798918,1783476440392178918
2,3297,111208015804,4697569255628,1783476440392635628
3,3280,111208236996,4697569286477,1783476440392666477
1,3312,111208598548,4697569831924,1783476440393211956
0,3262,111243635876,4697600603734,1783476440423983766
2,3298,111244008548,4697600911738,1783476440424291770
3,3281,111240308836,4697601150525,1783476440424530557
1,3313,111244601028,4697601549154,1783476440424929154
0,3263,111275635164,4697632620328,1783476440456000328
2,3299,111275991708,4697632918572,1783476440456298604
3,3282,111276221804,4697633159887,1783476440456539919
1,3314,111276598868,4697633552725,1783476440456932757
1,3315,111308601356,4697665596071,1783476440488976071
0,3264,111307639028,4697668564400,1783476440491944400
2,3300,111308032964,4697668905044,1783476440492285044
3,3283,111308273772,4697669175768,1783476440492555768
0,3265,111343665780,4697700570754,1783476440523950786
2,3301,111344021612,4697700905607,1783476440524285639
3,3284,111344241964,4697701139434,1783476440524519498
1,3316,111344582868,4697701535791,1783476440524915855
0,3266,111375618452,4697732550868,1783476440555930900
2,3302,111376009028,4697732895417,1783476440556275417
3,3285,111376238964,4697733118652,1783476440556498652
1,3317,111376589028,4697733507905,1783476440556887937
0,3267,111407665388,4697768547420,1783476440591927484
2,3303,111408027060,4697768900865,1783476440592280897
3,3286,111408255996,4697769164805,1783476440592544805
1,3318,111408598964,4697769525610,1783476440592905674
0,3268,111443665260,4697800622512,1783476440624002544
2,3304,111443996868,4697800905427,1783476440624285427
3,3287,111444243900,4697801135607,1783476440624515607
1,3319,111444581708,4697802337415,1783476440625717415
0,3269,111475670452,4697832549985,1783476440655929985
2,3305,111475996932,4697832901190,1783476440656281190
1,3320,111476604900,4697833539342,1783476440656919342
3,3288,111476224804,4697837193088,1783476440660573120
0,3270,111507634804,4697868565418,1783476440691945450
2,3306,111512012028,4697868921838,1783476440692301902
3,3289,111508258028,4697869159762,1783476440692539794
1,3321,111508599804,4697869533335,1783476440692913335
0,3271,111543652772,4697900538971,1783476440723918971
2,3307,111543994868,4697900874400,1783476440724254400
3,3290,111544239996,4697901138083,1783476440724518115
1,3322,111544583060,4697901525353,1783476440724905353
0,3272,111575635940,4697932571118,1783476440755951118
1,3323,111576600548,4697933516347,1783476440756896347
2,3308,111576011004,4697936947497,1783476440760327529
3,3291,111576239644,4697937165516,1783476440760545548
0,3273,111607668812,4697968581015,1783476440791961047
2,3309,111612010964,4697968895547,1783476440792275611
3,3292,111608257772,4697969138334,1783476440792518334
1,3324,111608599452,4697969820551,1783476440793200551
0,3274,111643670972,4698000650314,1783476440824030346
2,3310,111644004092,4698000910605,1783476440824290637
3,3293,111644246740,4698001158705,1783476440824538705
1,3325,111644605420,4698001587190,1783476440824967222
1,3326,111676620748,4698033584105,1783476440856964137
0,3275,111675653868,4698036609202,1783476440859989234
2,3311,111676018420,4698037000855,1783476440860380855
3,3294,111676243324,4698037233082,1783476440860613114
0,3276,111707691132,4698068606052,1783476440891986052
2,3312,111712016900,4698068902888,1783476440892282888
3,3295,111708275516,4698069151595,1783476440892531627
1,3327,111708617964,4698069527088,1783476440892907120
0,3277,111743659676,4698100593782,1783476440923973814
2,3313,111743998708,4698100895354,1783476440924275386
3,3296,111744226612,4698101134461,1783476440924514493
1,3328,111744586868,4698101513794,1783476440924893826
0,3278,111775644452,4698136569662,1783476440959949726
3,3297,111776243548,4698137364937,1783476440960744937
2,3314,111776019836,4698137561868,1783476440960941900
1,3329,111776601388,4698137600236,1783476440960980300
0,3279,111811639676,4698168609073,1783476440991989105
2,3315,111812148156,4698168913237,1783476440992293237
3,3298,111808254772,4698169197561,1783476440992577593
1,3330,111812609964,4698169742368,1783476440993122400
0,3280,111843667548,4698200672611,1783476441024052643
2,3316,111844131708,4698200922855,1783476441024302919
3,3299,111844243028,4698201195307,1783476441024575339
1,3331,111844599092,4698201539983,1783476441024919983
0,3281,111875648644,4698236609066,1783476441059989098
2,3317,111876048836,4698236895822,1783476441060275822
3,3300,111876264996,4698237162962,1783476441060542962
1,3332,111876623188,4698237486838,1783476441060866774
0,3282,111911695004,4698268601148,1783476441091981148
2,3318,111912004964,4698268913056,1783476441092293056
3,3301,111912254900,4698269174884,1783476441092554820
1,3333,111912596156,4698269519528,1783476441092899496
0,3283,111943646060,4698300573709,1783476441123953741
2,3319,111944000772,4698300907954,1783476441124287954
1,3334,111944594836,4698301556987,1783476441124936955
3,3302,111944231836,4698305214924,1783476441128594892
0,3284,111975671580,4698336580277,1783476441159960277
2,3320,111976037868,4698336898681,1783476441160278681
3,3303,111976274092,4698337176637,1783476441160556605
1,3335,111976616060,4698337503458,1783476441160883426
0,3285,112011652036,4698368597959,1783476441191977991
2,3321,112011996708,4698368908907,1783476441192288971
3,3304,112012245708,4698369149839,1783476441192529839
1,3336,112012587932,4698369547956,1783476441192927988
0,3286,112043673868,4698400564632,1783476441223944632
2,3322,112044004964,4698400901373,1783476441224281373
1,3337,112044608804,4698401547814,1783476441224927846
3,3305,112044232964,4698405220951,1783476441228600983
0,3287,112075676932,4698436542304,1783476441259922336
2,3323,112076032996,4698436889316,1783476441260269316
3,3306,112076279060,4698437143048,1783476441260523080
1,3338,112076613740,4698437515405,1783476441260895437
0,3288,112111670900,4698468558386,1783476441291938386
2,3324,112112005028,4698468885590,1783476441292265622
3,3307,112112248964,4698469126649,1783476441292506649
1,3339,112112591124,4698469482462,1783476441292862430
0,3289,112143672804,4698500575139,1783476441323955139
1,3340,112144607868,4698501523888,1783476441324903888
2,3325,112144021028,4698504907550,1783476441328287486
3,3308,112144229964,4698505185442,1783476441328565442
0,3290,112175632420,4698536582507,1783476441359962507
2,3326,112180019740,4698536895824,1783476441360275824
3,3309,112176265612,4698537177363,1783476441360557363
1,3341,112176611740,4698537528664,1783476441360908664
0,3291,112211627676,4698568585629,1783476441391965693
2,3327,112212001028,4698568901921,1783476441392281921
3,3310,112212247676,4698569150245,1783476441392530277
1,3342,112212762580,4698569557642,1783476441392937642
0,3292,112243674548,4698600578383,1783476441423958383
1,3343,112244609388,4698601539164,1783476441424919196
2,3328,112244041708,4698604937834,1783476441428317866
3,3311,112244249804,4698605193453,1783476441428573453
0,3293,112275671900,4698636543894,1783476441459923894
2,3329,112280018996,4698636872474,1783476441460252474
3,3312,112276269060,4698637122014,1783476441460502046
1,3344,112276610676,4698637515427,1783476441460895427
0,3294,112311625868,4698668571144,1783476441491951176
2,3330,112311986932,4698668900236,1783476441492280268
3,3313,112312232772,4698669125711,1783476441492505711
1,3345,112312593484,4698669554773,1783476441492934773
0,3295,112343682612,4698704653201,1783476441528033201
2,3331,112344023932,4698704932949,1783476441528312981
3,3314,112344257708,4698705174584,1783476441528554616
1,3346,112344613548,4698705547613,1783476441528927613
0,3296,112379683804,4698736549281,1783476441559929281
2,3332,112380028092,4698736876358,1783476441560256358
3,3315,112376254676,4698737136425,1783476441560516425
1,3347,112380619484,4698737520334,1783476441560900366
0,3297,112411661964,4698768580147,1783476441591960147
2,3333,112412011060,4698768895735,1783476441592275735
3,3316,112412237932,4698769155451,1783476441592535451
1,3348,112412596420,4698769553536,1783476441592933536
0,3298,112443656908,4698804593019,1783476441627973051
2,3334,112444037740,4698804905919,1783476441628285919
3,3317,112444267644,4698805162691,1783476441628542723
1,3349,112444613868,4698805541032,1783476441628921032
0,3299,112479647548,4698836655918,1783476441660035950
2,3335,112480019996,4698836896113,1783476441660276145
3,3318,112480253836,4698837150036,1783476441660530036
1,3350,112480596484,4698837535386,1783476441660915386
0,3300,112511662868,4698868585950,1783476441691966014
2,3336,112512010708,4698868922915,1783476441692302915
1,3351,112512603964,4698869547915,1783476441692927947
3,3319,112512240932,4698873191453,1783476441696571485
0,3301,112543678900,4698904543174,1783476441727923206
2,3337,112544044060,4698904881866,1783476441728261866
3,3320,112544272932,4698905144014,1783476441728524014
1,3352,112544613580,4698905524627,1783476441728904627
0,3302,112579679836,4698936546711,1783476441759926711
2,3338,112580011964,4698936883196,1783476441760263196
3,3321,112580257708,4698937133791,1783476441760513823
1,3353,112580597260,4698937519492,1783476441760899556
0,3303,112611647612,4698968591146,1783476441791971178
2,3339,112612009804,4698968930382,1783476441792310382
1,3354,112612614516,4698969548310,1783476441792928374
3,3322,112612237676,4698973210440,1783476441796590440
0,3304,112643639060,4699004604146,1783476441827984178
2,3340,112644038996,4699004909366,1783476441828289398
3,3323,112644271836,4699005166137,1783476441828546169
1,3355,112644612516,4699005534878,1783476441828915134
0,3305,112679663804,4699036552770,1783476441859932770
2,3341,112680010996,4699036887527,1783476441860267559
3,3324,112680255092,4699037132394,1783476441860512426
1,3356,112680597708,4699037520688,1783476441860900688
0,3306,112711662124,4699068636021,1783476441892016053
1,3357,112712615708,4699069576898,1783476441892956930
2,3342,112712012548,4699072953840,1783476441896333936
3,3325,112712240964,4699073204755,1783476441896584787
0,3307,112743713900,4699104532412,1783476441927912412
2,3343,112748024092,4699104897505,1783476441928277537
3,3326,112744275676,4699105134564,1783476441928514628
1,3358,112744614676,4699105542953,1783476441928922985
0,3308,112779667836,4699136558638,1783476441959938638
2,3344,112780013996,4699136889266,1783476441960269298
3,3327,112780255868,4699137138742,1783476441960518742
1,3359,112780600580,4699137538939,1783476441960918939
0,3309,112811641388,4699168623744,1783476441992003840
1,3360,112812615292,4699169592557,1783476441992972557
2,3345,112812024132,4699172969179,1783476441996349179
3,3328,112812253708,4699173192734,1783476441996572798
0,3310,112843658484,4699204610183,1783476442027990215
2,3346,112848027644,4699204904235,1783476442028284235
3,3329,112844277452,4699205181039,1783476442028561039
1,3361,112844620740,4699205568756,1783476442028948788
0,3311,112879645900,4699236614744,1783476442059994808
2,3347,112879995740,4699236960125,1783476442060340157
3,3330,112880244548,4699238204046,1783476442061584078
1,3362,112880603124,4699238342096,1783476442061722128
0,3312,112911656964,4699268652874,1783476442092032938
1,3363,112912618932,4699269545590,1783476442092925622
2,3348,112912031196,4699272958244,1783476442096338244
3,3331,112912260644,4699273185927,1783476442096565927
0,3313,112947659996,4699304552688,1783476442127932688
2,3349,112948028964,4699304890996,1783476442128271028
3,3332,112944264028,4699305140280,1783476442128520312
1,3364,112948620060,4699305524765,1783476442128904797
0,3314,112979669996,4699336548385,1783476442159928417
2,3350,112980017996,4699336892998,1783476442160273030
3,3333,112980245772,4699337139657,1783476442160519657
1,3365,112980606932,4699337514766,1783476442160894798
0,3315,113011645996,4699372548968,1783476442195928968
2,3351,113012038996,4699372894253,1783476442196274285
3,3334,113012257868,4699373165424,1783476442196545488
1,3366,113012618996,4699373523157,1783476442196903157
0,3316,113047694708,4699404566777,1783476442227946777
2,3352,113048028836,4699404898046,1783476442228278046
3,3335,113048275996,4699405147713,1783476442228527745
1,3367,113048619060,4699405517030,1783476442228897062
0,3317,113079639932,4699436561962,1783476442259941994
2,3353,113080026836,4699436919887,1783476442260300015
3,3336,113080243740,4699437151602,1783476442260531602
1,3368,113080603028,4699437520503,1783476442260900535
0,3318,113111681996,4699472527537,1783476442295907537
2,3354,113112046092,4699472904118,1783476442296284150
3,3337,113112273612,4699473170938,1783476442296551034
1,3369,113112617931,4699473524255,1783476442296904287
0,3319,113147673964,4699504580579,1783476442327960579
2,3355,113148014900,4699504904071,1783476442328284135
3,3338,113148260772,4699505155787,1783476442328535851
1,3370,113148604284,4699505502991,1783476442328882959
0,3320,113179685868,4699536574004,1783476442359954004
2,3356,113180016092,4699536908440,1783476442360288440
3,3339,113180243548,4699537147740,1783476442360527868
1,3371,113180621772,4699537530081,1783476442360910081
0,3321,113211668964,4699572552091,1783476442395932123
2,3357,113212047932,4699573052930,1783476442396432962
3,3340,113212262868,4699573170275,1783476442396550307
1,3372,113212623548,4699573552808,1783476442396932840
0,3322,113247685996,4699604584076,1783476442427964076
2,3358,113248016060,4699604919377,1783476442428299409
3,3341,113248261868,4699605160788,1783476442428540788
1,3373,113248604612,4699605556537,1783476442428936601
0,3323,113279685868,4699636569821,1783476442459949853
2,3359,113280018868,4699636911938,1783476442460291970
1,3374,113280622580,4699637544714,1783476442460924714
3,3342,113280246124,4699641193916,1783476442464573980
0,3324,113311646964,4699672553796,1783476442495933828
2,3360,113316050900,4699672908361,1783476442496288361
3,3343,113312280028,4699673138732,1783476442496518732
1,3375,113312620452,4699673534609,1783476442496914673
0,3325,113347635452,4699704566837,1783476442527946837
2,3361,113348016028,4699704901978,1783476442528281978
3,3344,113348262996,4699705140445,1783476442528520445
1,3376,113348607900,4699705535714,1783476442528915746
0,3326,113379689580,4699736568902,1783476442559948934
1,3377,113380628644,4699737535955,1783476442560915987
2,3362,113380039092,4699740946498,1783476442564326498
3,3345,113380266900,4699741188901,1783476442564568933
0,3327,113411702452,4699772573774,1783476442595953806
2,3363,113416032964,4699772913906,1783476442596293938
3,3346,113412283900,4699773149877,1783476442596529909
1,3378,113412627124,4699773539099,1783476442596919099
0,3328,113447674028,4699804650752,1783476442628030752
2,3364,113448002708,4699804940068,1783476442628320100
3,3347,113448247996,4699805168199,1783476442628548199
1,3379,113448745028,4699805560620,1783476442628940620
0,3329,113479667548,4699836574832,1783476442659954832
1,3380,113480630092,4699837524829,1783476442660904861
2,3365,113480039932,4699840947243,1783476442664327275
3,3348,113480268964,4699841178510,1783476442664558510
0,3330,113515647356,4699872582167,1783476442695962167
2,3366,113516032612,4699872901307,1783476442696281339
3,3349,113512268836,4699873164351,1783476442696544415
1,3381,113516609092,4699873537860,1783476442696917892
0,3331,113547679420,4699904579656,1783476442727959688
2,3367,113548023188,4699904908045,1783476442728288045
3,3350,113548251060,4699905146096,1783476442728526128
1,3382,113548611932,4699905521909,1783476442728901941
0,3332,113579693324,4699940561743,1783476442763941743
2,3368,113580042836,4699940900564,1783476442764280596
3,3351,113580269932,4699941150295,1783476442764530295
1,3383,113580628932,4699941515868,1783476442764895868
0,3333,113615697380,4699972593921,1783476442795973889
2,3369,113616039772,4699972933381,1783476442796313381
3,3352,113616285772,4699973162216,1783476442796542248
1,3384,113616627124,4699973529645,1783476442796909613
0,3334,113647655900,4700004631154,1783476442828011186
2,3370,113648033932,4700004944246,1783476442828324246
3,3353,113648249644,4700005175929,1783476442828555961
1,3385,113648620932,4700005553791,1783476442828933791
0,3335,113679699644,4700040556088,1783476442863936120
2,3371,113680056868,4700040908541,1783476442864288541
3,3354,113680288156,4700041164769,1783476442864544801
1,3386,113680631996,4700041534982,1783476442864915014
0,3336,113715669868,4700072573834,1783476442895953834
2,3372,113716024740,4700072939215,1783476442896319215
3,3355,113716268740,4700073169682,1783476442896549778
1,3387,113716612932,4700073539671,1783476442896919671
0,3337,113747653644,4700104622715,1783476442928002747
2,3373,113748051452,4700104962880,1783476442928342912
3,3356,113748253612,4700105161987,1783476442928541987
1,3388,113748630028,4700105557736,1783476442928937736
0,3338,113779702772,4700140562050,1783476442963942050
2,3374,113780059484,4700140932455,1783476442964312455
3,3357,113780290612,4700141174026,1783476442964554090
1,3389,113780634644,4700141531119,1783476442964911119
0,3339,113815664516,4700172622548,1783476442996002548
2,3375,113816024580,4700172934840,1783476442996314872
3,3358,113816270516,4700173181851,1783476442996561851
1,3390,113816613900,4700173546304,1783476442996926304
0,3340,113847669452,4700204609444,1783476443027989444
2,3376,113848029644,4700204920008,1783476443028300072
1,3391,113848634868,4700205551601,1783476443028931633
3,3359,113848256004,4700209230562,1783476443032610562
0,3341,113879672260,4700240619307,1783476443063999307
2,3377,113884043900,4700240936239,1783476443064316239
3,3360,113880289580,4700241195378,1783476443064575410
1,3392,113880641964,4700241546551,1783476443064926551
0,3342,113915659260,4700272602459,1783476443095982459
2,3378,113916024900,4700272918079,1783476443096298079
3,3361,113916272612,4700273187683,1783476443096567683
1,3393,113916615708,4700273539528,1783476443096919528
0,3343,113947664356,4700304592811,1783476443127972843
1,3394,113948632932,4700305549528,1783476443128929528
2,3379,113948042060,4700308951654,1783476443132331654
3,3362,113948270676,4700309218282,1783476443132598282
0,3344,113979700452,4700340615154,1783476443163995186
2,3380,113984041612,4700340923702,1783476443164303702
3,3363,113980292708,4700341169946,1783476443164549946
1,3395,113980632060,4700341554175,1783476443164934207
0,3345,114015685772,4700372592194,1783476443195972226
2,3381,114016011900,4700372913479,1783476443196293575
3,3364,114016255804,4700373170634,1783476443196550666
1,3396,114016616868,4700373523247,1783476443196903247
0,3346,114047690388,4700404597171,1783476443227977171
1,3397,114048630516,4700405550912,1783476443228930944
2,3382,114048042028,4700408932909,1783476443232312909
3,3365,114048270644,4700409220721,1783476443232600721
0,3347,114083690516,4700440595065,1783476443263975065
2,3383,114084050188,4700440906654,1783476443264286654
3,3366,114080279612,4700441178145,1783476443264558177
1,3398,114084634060,4700441544070,1783476443264924070
0,3348,114115664132,4700472619754,1783476443295999786
2,3384,114116025836,4700472940015,1783476443296320047
3,3367,114116255804,4700473182930,1783476443296562930
1,3399,114116618996,4700473545207,1783476443296925271
0,3349,114147668868,4700508605297,1783476443331985329
2,3385,114148042708,4700508937077,1783476443332317237
3,3368,114148272124,4700509188888,1783476443332568920
1,3400,114148633932,4700509525821,1783476443332905853
0,3350,114183673804,4700540582657,1783476443363962689
2,3386,114184054644,4700540925381,1783476443364305413
3,3369,114184296644,4700541159081,1783476443364539113
1,3401,114184640804,4700541554062,1783476443364934062
0,3351,114215686092,4700572586289,1783476443395966321
2,3387,114216044612,4700572955862,1783476443396335894
3,3370,114216260708,4700573162649,1783476443396542649
1,3402,114216619868,4700573551742,1783476443396931742
0,3352,114247672100,4700608617112,1783476443431997112
2,3388,114248037868,4700608940093,1783476443432320125
3,3371,114248291676,4700609181024,1783476443432561056
1,3403,114248636644,4700609556613,1783476443432936645
0,3353,114283704804,4700640572520,1783476443463952520
2,3389,114284029548,4700640925453,1783476443464305453
3,3372,114284277644,4700641160176,1783476443464540176
1,3404,114284621092,4700641530997,1783476443464910997
0,3354,114315661836,4700672586009,1783476443495966009
2,3390,114316015516,4700672935998,1783476443496316030
1,3405,114316623772,4700673547622,1783476443496927686
3,3373,114316246740,4700677222871,1783476443500602871
0,3355,114347676028,4700708558719,1783476443531938719
2,3391,114348063548,4700708935236,1783476443532315236
3,3374,114348294708,4700709187079,1783476443532567079
1,3406,114348637708,4700709523308,1783476443532903340
0,3356,114383671900,4700740572784,1783476443563952816
2,3392,114384031836,4700740920404,1783476443564300436
3,3375,114384276643,4700741159320,1783476443564539320
1,3407,114384622188,4700741526013,1783476443564906013
0,3357,114415704836,4700772677378,1783476443596057378
2,3393,114416035092,4700772992934,1783476443596372966
1,3408,114416638028,4700773565262,1783476443596945294
3,3376,114416260708,4700777238399,1783476443600618495
0,3358,114447697420,4700808618983,1783476443631999015
2,3394,114452047708,4700808944492,1783476443632324492
3,3377,114448300772,4700809216751,1783476443632596783
1,3409,114448640996,4700809558612,1783476443632938612
0,3359,114483670060,4700840578423,1783476443663958423
2,3395,114484032516,4700840933852,1783476443664313852
3,3378,114484278996,4700841160159,1783476443664540191
1,3410,114484623060,4700841543588,1783476443664923588
0,3360,114515718548,4700872606312,1783476443695986312
1,3411,114516642932,4700873562837,1783476443696942837
2,3396,114516050772,4700876961475,1783476443700341475
3,3379,114516279932,4700877233479,1783476443700613511
0,3361,114547661484,4700908571278,1783476443731951278
2,3397,114552046644,4700908919635,1783476443732299731
3,3380,114548296868,4700909161846,1783476443732541846
1,3412,114548639772,4700909548507,1783476443732928507
0,3362,114583696484,4700940586527,1783476443763966527
2,3398,114584017868,4700940923459,1783476443764303491
3,3381,114584263740,4700941168935,1783476443764548967
1,3413,114584625028,4700941543308,1783476443764923340
0,3363,114615672868,4700972620080,1783476443796000112
1,3414,114616638644,4700973583997,1783476443796963997
2,3399,114616049324,4700976959082,1783476443800339082
3,3382,114616278868,4700977228590,1783476443800608590
0,3364,114651664228,4701008602998,1783476443831982998
2,3400,114652048676,4701008928411,1783476443832308411
3,3383,114648287964,4701009186430,1783476443832566430
1,3415,114652639868,4701009561251,1783476443832941251
0,3365,114683659388,4701040600711,1783476443863980711
2,3401,114684039932,4701040921643,1783476443864301707
3,3384,114684271028,4701041162190,1783476443864542254
1,3416,114684642124,4701041535635,1783476443864915667
0,3366,114715705804,4701076591469,1783476443899971469
2,3402,114716052932,4701076947666,1783476443900327730
3,3385,114716281900,4701077211349,1783476443900591381
1,3417,114716642996,4701077549722,1783476443900929754
0,3367,114751707484,4701108585181,1783476443931965213
2,3403,114752051900,4701108929634,1783476443932309698
3,3386,114748283964,4701109158693,1783476443932538693
1,3418,114752639996,4701109591563,1783476443932971563
0,3368,114783661612,4701140623438,1783476443964003438
2,3404,114784038060,4701140943027,1783476443964323027
1,3419,114784626868,4701141544123,1783476443964924123
3,3387,114784266188,4701145233965,1783476443968613997
0,3369,114815679483,4701176602101,1783476443999982101
2,3405,114816070516,4701176961018,1783476444000341050
3,3388,114816302772,4701177189821,1783476444000569853
1,3420,114816643964,4701177549505,1783476444000929569
0,3370,114851712620,4701208615173,1783476444031995525
2,3406,114852058452,4701208972746,1783476444032352810
3,3389,114852286580,4701209181548,1783476444032561580
1,3421,114852628836,4701209562866,1783476444032942866
0,3371,114883680964,4701240702102,1783476444064082134
2,3407,114884025324,4701241008378,1783476444064388410
3,3390,114884257772,4701241205309,1783476444064585341
1,3422,114884639028,4701241585570,1783476444064965602
0,3372,114915714356,4701276621275,1783476444100001307
2,3408,114916074547,4701276987616,1783476444100367616
3,3391,114916325804,4701277203267,1783476444100583299
1,3423,114916646868,4701277554183,1783476444100934215
0,3373,114951713452,4701308640907,1783476444132020907
2,3409,114952038708,4701308931535,1783476444132311535
3,3392,114952287836,4701309169586,1783476444132549586
1,3424,114952629900,4701309554967,1783476444132934967
0,3374,114983714868,4701340656571,1783476444164036571
2,3410,114984043548,4701340936031,1783476444164316031
1,3425,114984645964,4701341546855,1783476444164926887
3,3393,114984270028,4701345224089,1783476444168604089
0,3375,115015708772,4701376569792,1783476444199949792
2,3411,115020051836,4701376941349,1783476444200321381
3,3394,115016303060,4701377185992,1783476444200565992
1,3426,115016643900,4701377530957,1783476444200910989
0,3376,115051666196,4701408627952,1783476444232007952
2,3412,115052038516,4701408957365,1783476444232337365
3,3395,115052285836,4701409189400,1783476444232569400
1,3427,115052629964,4701409568189,1783476444232948189
0,3377,115083714516,4701440618848,1783476444263998880
1,3428,115084646676,4701441576045,1783476444264956077
2,3413,115084055516,4701444982299,1783476444268362395
3,3396,115084284996,4701445227294,1783476444268607294
0,3378,115115709452,4701476614406,1783476444299994406
2,3414,115120055420,4701476947307,1783476444300327339
3,3397,115116309060,4701477194350,1783476444300574350
1,3429,115116649996,4701477582067,1783476444300962131
0,3379,115151697196,4701508634454,1783476444332014454
2,3415,115152049676,4701508980507,1783476444332360507
3,3398,115152274964,4701509201022,1783476444332581054
1,3430,115152636996,4701509593251,1783476444332973315
0,3380,115183719708,4701540641702,1783476444364021702
1,3431,115184647548,4701541565171,1783476444364945203
2,3416,115184059708,4701545011425,1783476444368391457
3,3399,115184291644,4701545219268,1783476444368599268
0,3381,115219676516,4701576557451,1783476444399937419
2,3417,115220057708,4701576915024,1783476444400295056
3,3400,115216297964,4701577153299,1783476444400533299
1,3432,115220649092,4701577519544,1783476444400899512
0,3382,115251671868,4701608607324,1783476444431987356
2,3418,115252026548,4701608944192,1783476444432324224
3,3401,115252274996,4701609168035,1783476444432548067
1,3433,115252633740,4701609565033,1783476444432945065
0,3383,115283684644,4701644588033,1783476444467968033
2,3419,115284059548,4701644971014,1783476444468351046
3,3402,115284288964,4701645192105,1783476444468572137
1,3434,115284649676,4701645535214,1783476444468915246
0,3384,115319716676,4701676609106,1783476444499989106
2,3420,115320060580,4701676939062,1783476444500319062
3,3403,115316291932,4701677182393,1783476444500562425
1,3435,115320649932,4701677553694,1783476444500933726
0,3385,115351701836,4701708605761,1783476444531985761
2,3421,115352046388,4701708943398,1783476444532323430
3,3404,115352275996,4701709169929,1783476444532549929
1,3436,115352634900,4701709557070,1783476444532937070
0,3386,115383716676,4701744602791,1783476444567982823
2,3422,115384075612,4701744932812,1783476444568312812
3,3405,115384307028,4701745176527,1783476444568556527
1,3437,115384639996,4701745533268,1783476444568913300
0,3387,115419696548,4701776611895,1783476444599991895
2,3423,115420044612,4701776938396,1783476444600318460
3,3406,115420293028,4701777181343,1783476444600561375
1,3438,115420634900,4701777557860,1783476444600937892
0,3388,115451669260,4701808647784,1783476444632027784
2,3424,115452047516,4701808977260,1783476444632357292
3,3407,115452277028,4701809338385,1783476444632718449
1,3439,115452637772,4701809589172,1783476444632969204
0,3389,115483719804,4701844581485,1783476444667961549
2,3425,115484083740,4701844945714,1783476444668325714
3,3408,115484310612,4701845186645,1783476444668566645
1,3440,115484652900,4701845536826,1783476444668916826
0,3390,115519718932,4701876648190,1783476444700028254
2,3426,115520051932,4701876946978,1783476444700327042
3,3409,115520295452,4701877206693,1783476444700586725
1,3441,115520639028,4701877561994,1783476444700941994
0,3391,115551688836,4701908603277,1783476444731983277
2,3427,115552047612,4701908951698,1783476444732331698
1,3442,115552652868,4701909545818,1783476444732925850
3,3410,115552275676,4701913236747,1783476444736616747
0,3392,115583721676,4701944577714,1783476444767957746
2,3428,115588082868,4701944948631,1783476444768328695
3,3411,115584311932,4701945191003,1783476444768571003
1,3443,115584652028,4701945551584,1783476444768931616
0,3393,115619693740,4701976632963,1783476444800012995
2,3429,115620046388,4701976961031,1783476444800341031
3,3412,115620293612,4701977185867,1783476444800565899
1,3444,115620637996,4701977569392,1783476444800949520
0,3394,115651688676,4702008617779,1783476444831997811
1,3445,115652655516,4702009558623,1783476444832938623
2,3430,115652063803,4702012979438,1783476444836359470
3,3413,115652292804,4702013227249,1783476444836607249
0,3395,115683717772,4702044590712,1783476444867970776
2,3431,115688066060,4702044927741,1783476444868307741
3,3414,115684313060,4702045178400,1783476444868558464
1,3446,115684655996,4702045547429,1783476444868927461
0,3396,115719697388,4702076636905,1783476444900016937
2,3432,115720050580,4702076982445,1783476444900362542
3,3415,115720295060,4702077211985,1783476444900592017
1,3447,115720639804,4702077593078,1783476444900973174
0,3397,115751718804,4702108621497,1783476444932001497
1,3448,115752654612,4702109561445,1783476444932941445
2,3433,115752064740,4702112970227,1783476444936350227
3,3416,115752295868,4702113213847,1783476444936593879
0,3398,115787678036,4702144646143,1783476444968026143
2,3434,115788063452,4702145000068,1783476444968380068
3,3417,115784298644,4702145209606,1783476444968589606
1,3449,115788668868,4702145577387,1783476444968957387
0,3399,115819692156,4702176645647,1783476445000025647
2,3435,115820057260,4702177003156,1783476445000383348
3,3418,115820282900,4702177218422,1783476445000598422
1,3450,115820641868,4702177601628,1783476445000981628
0,3400,115851729388,4702212635860,1783476445036015860
2,3436,115852073028,4702212984857,1783476445036364857
3,3419,115852332804,4702213266588,1783476445036646620
1,3451,115852663580,4702213607905,1783476445036987905
0,3401,115887709260,4702244638467,1783476445068018467
2,3437,115888080996,4702244950567,1783476445068330567
3,3420,115884317868,4702245212907,1783476445068592907
1,3452,115888662900,4702245753810,1783476445069133842
0,3402,115919721548,4702276711860,1783476445100091860
2,3438,115920058188,4702277026584,1783476445100406616
3,3421,115920285612,4702277284187,1783476445100664187
1,3453,115920651612,4702277660544,1783476445101040576
0,3403,115951698836,4702312583991,1783476445135963991
2,3439,115952082772,4702312935228,1783476445136315228
3,3422,115952336028,4702313182047,1783476445136562047
1,3454,115952657996,4702313553476,1783476445136933572
0,3404,115987727060,4702344567846,1783476445167947878
2,3440,115988059516,4702344935467,1783476445168315467
3,3423,115988300900,4702345197103,1783476445168577103
1,3455,115988644868,4702345568404,1783476445168948404
0,3405,116019699900,4702376623382,1783476445200003382
2,3441,116020054644,4702376985627,1783476445200365691
3,3424,116020283804,4702377200542,1783476445200580574
1,3456,116020643836,4702377578435,1783476445200958435
0,3406,116051733972,4702412643356,1783476445236023388
2,3442,116052086092,4702412984640,1783476445236364672
3,3425,116052315516,4702413228100,1783476445236608100
1,3457,116052661964,4702413566120,1783476445236946120
0,3407,116087684516,4702444615851,1783476445267995851
2,3443,116088063676,4702444954223,1783476445268334223
3,3426,116088297996,4702445185139,1783476445268565139
1,3458,116088639836,4702445575416,1783476445268955608
0,3408,116119726580,4702476632058,1783476445300012058
2,3444,116120060836,4702476998879,1783476445300378911
1,3459,116120664028,4702477577511,1783476445300957575
3,3427,116120285836,4702481258233,1783476445304638233
0,3409,116151716612,4702512587935,1783476445335967967
2,3445,116156071964,4702512959588,1783476445336339588
3,3428,116152318836,4702513203431,1783476445336583495
1,3460,116152658932,4702513549260,1783476445336929260
0,3410,116187686580,4702544610511,1783476445367990543
2,3446,116188056676,4702544950003,1783476445368330003
3,3429,116188300484,4702545198839,1783476445368578871
1,3461,116188644900,4702545565756,1783476445368945788
0,3411,116219699484,4702576656287,1783476445400036319
1,3462,116220663028,4702577585035,1783476445400965067
2,3447,116220072836,4702580990489,1783476445404370521
3,3430,116220302964,4702581234812,1783476445404614844
0,3412,116251698804,4702612599811,1783476445435979843
2,3448,116256066452,4702612954376,1783476445436334376
3,3431,116252320964,4702613197579,1783476445436577643
1,3463,116252661900,4702613567184,1783476445436947248
0,3413,116287688484,4702644607571,1783476445467987571
2,3449,116288057644,4702644950647,1783476445468330679
3,3432,116288303028,4702645188218,1783476445468568251
1,3464,116288663996,4702645573056,1783476445468953152
0,3414,116319700548,4702676627234,1783476445500007266
1,3465,116320663580,4702677582671,1783476445500962735
2,3450,116320073996,4702680983005,1783476445504363005
3,3433,116320303996,4702681236160,1783476445504616192
0,3415,116351731804,4702712597575,1783476445535977575
2,3451,116356071028,4702712929708,1783476445536309708
3,3434,116352324932,4702713194831,1783476445536574831
1,3466,116352665548,4702713568436,1783476445536948436
0,3416,116387719900,4702744608279,1783476445567988343
2,3452,116388045900,4702744937051,1783476445568317083
3,3435,116388291932,4702745189182,1783476445568569214
1,3467,116388651452,4702745587268,1783476445568967268
0,3417,116419730708,4702780651708,1783476445604031740
2,3453,116420080932,4702780989697,1783476445604369729
3,3436,116420306932,4702781224900,1783476445604604932
1,3468,116420673676,4702781581801,1783476445604961801
0,3418,116455706876,4702812642060,1783476445636022092
2,3454,116456073868,4702812945712,1783476445636325776
3,3437,116452310804,4702813204083,1783476445636584115
1,3469,116456663612,4702813592569,1783476445636972601
0,3419,116487686100,4702844609403,1783476445667989435
2,3455,116488078964,4702844950943,1783476445668330943
3,3438,116488289060,4702845186946,1783476445668566978
1,3470,116488650868,4702845575784,1783476445668955816
1,3471,116520669228,4702877634552,1783476445701014552
0,3420,116519735612,4702880677761,1783476445704057793
2,3456,116520095932,4702880989861,1783476445704369861
3,3439,116520324804,4702881228520,1783476445704608552
0,3421,116555725196,4702912658096,1783476445736038096
2,3457,116556062388,4702912999220,1783476445736379220
3,3440,116556310804,4702913220343,1783476445736600375
1,3472,116556653836,4702913593532,1783476445736973564
0,3422,116587690164,4702944647743,1783476445768027775
2,3458,116588061644,4702944996324,1783476445768376356
3,3441,116588290836,4702945206855,1783476445768586919
1,3473,116588652772,4702945588716,1783476445768968748
0,3423,116619705484,4702980637156,1783476445804017188
2,3459,116620093804,4702980967209,1783476445804347273
3,3442,116620325612,4702981211660,1783476445804591660
1,3474,116620670028,4702981578257,1783476445804958257
0,3424,116655738516,4703012632979,1783476445836013043
2,3460,116656064932,4703012971992,1783476445836352056
3,3443,116656307868,4703013207003,1783476445836587035
1,3475,116656651900,4703013581440,1783476445836961440
0,3425,116687704292,4703044639107,1783476445868019139
2,3461,116688077708,4703044950855,1783476445868330919
1,3476,116688667804,4703045582800,1783476445868962800
3,3444,116688291772,4703049223329,1783476445872603361
0,3426,116719701484,4703080608360,1783476445903988392
2,3462,116720093092,4703080969389,1783476445904349453
3,3445,116720308932,4703081206576,1783476445904586576
1,3477,116720666868,4703081570549,1783476445904950645
0,3427,116755720484,4703112624343,1783476445936004343
2,3463,116756064868,4703112965276,1783476445936345276
3,3446,116756309996,4703113188607,1783476445936568671
1,3478,116756653028,4703113583300,1783476445936963300
0,3428,116787713612,4703144631527,1783476445968011559
1,3479,116788685124,4703145563763,1783476445968943763
2,3464,116788079932,4703148981601,1783476445972361633
3,3447,116788308932,4703149230341,1783476445972610373
0,3429,116819726228,4703180652684,1783476446004032684
2,3465,116824079324,4703180995345,1783476446004375377
3,3448,116820327612,4703181241684,1783476446004621684
1,3480,116820670548,4703181608313,1783476446004988313
0,3430,116855751324,4703212699196,1783476446036079196
2,3466,116856082868,4703212999936,1783476446036379968
3,3449,116856320740,4703213223075,1783476446036603107
1,3481,116856674868,4703213594408,1783476446036974408
0,3431,116887738196,4703244708619,1783476446068088619
1,3482,116888672644,4703245597559,1783476446068977591
2,3467,116888082772,4703249032837,1783476446072412837
3,3450,116888311548,4703249281832,1783476446072661864
0,3432,116919708388,4703280704943,1783476446104084943
2,3468,116924083260,4703281012051,1783476446104392083
3,3451,116920335804,4703281223286,1783476446104603318
1,3483,116920676932,4703281606715,1783476446104986747
0,3433,116955675644,4703312615613,1783476446135995645
2,3469,116956063900,4703312957921,1783476446136337921
3,3452,116956297028,4703313211909,1783476446136591909
1,3484,116956654964,4703314121745,1783476446137501777
0,3434,116987746124,4703344588331,1783476446167968299
1,3485,116988674612,4703345616633,1783476446168996761
2,3470,116988094772,4703348980006,1783476446172360038
3,3453,116988315676,4703349257450,1783476446172637450
0,3435,117023694132,4703380634992,1783476446204014992
2,3471,117024081060,4703380948117,1783476446204328149
3,3454,117020315612,4703381199000,1783476446204579000
1,3486,117024669708,4703381585021,1783476446204965053
0,3436,117055703676,4703412675232,1783476446236055264
2,3472,117056077772,4703412967204,1783476446236347236
3,3455,117056291964,4703413219943,1783476446236599943
1,3487,117056653060,4703413605836,1783476446236985868
0,3437,117087710740,4703448617092,1783476446271997092
2,3473,117088100420,4703449000681,1783476446272380681
3,3456,117088329124,4703449225676,1783476446272605676
1,3488,117088671868,4703449604625,1783476446272984625
0,3438,117123743900,4703480659027,1783476446304039059
2,3474,117124068676,4703481014680,1783476446304394712
3,3457,117124316868,4703481225627,1783476446304605627
1,3489,117124660964,4703481590271,1783476446304970271
0,3439,117155701612,4703512648770,1783476446336028802
2,3475,117156075580,4703512988614,1783476446336368646
1,3490,117156669900,4703513589454,1783476446336969454
3,3458,117156328900,4703517268032,1783476446340648064
0,3440,117187744132,4703548640614,1783476446372020646
2,3476,117188105516,4703548987851,1783476446372367851
3,3459,117188333548,4703549247566,1783476446372627566
1,3491,117188688836,4703549568915,1783476446372948947
0,3441,117223747676,4703580657845,1783476446404037877
2,3477,117224073836,4703580971321,1783476446404351321
3,3460,117224317964,4703581200412,1783476446404580444
1,3492,117224659964,4703581602946,1783476446404982978
0,3442,117255731772,4703612643812,1783476446436023812
2,3478,117256111772,4703613008969,1783476446436388969
3,3461,117256296028,4703613208971,1783476446436588971
1,3493,117256678708,4703613603537,1783476446436983537
0,3443,117287744164,4703648648328,1783476446472028328
2,3479,117288129356,4703649007213,1783476446472387245
3,3462,117288336028,4703649224272,1783476446472604272
1,3494,117288690156,4703649581045,1783476446472961045
0,3444,117323747932,4703680636663,1783476446504016695
2,3480,117324068388,4703680983676,1783476446504363676
3,3463,117324322028,4703681215807,1783476446504595807
1,3495,117324675644,4703681595908,1783476446504975972
0,3445,117355750932,4703712632358,1783476446536012454
2,3481,117356076740,4703712989355,1783476446536369355
1,3496,117356680900,4703713588979,1783476446536969011
3,3464,117356304228,4703717263236,1783476446540643236
0,3446,117387714388,4703748592714,1783476446571972714
2,3482,117392087028,4703748944015,1783476446572324015
3,3465,117388336124,4703749198546,1783476446572578610
1,3497,117388676708,4703749593975,1783476446572973975
0,3447,117423698484,4703780662362,1783476446604042362
2,3483,117424070868,4703780967870,1783476446604347966
3,3466,117424317740,4703781242561,1783476446604622561
1,3498,117424662028,4703781608550,1783476446604988582
0,3448,117455714716,4703812694889,1783476446636074889
1,3499,117456678964,4703813600501,1783476446636980533
2,3484,117456097708,4703817011395,1783476446640391427
3,3467,117456319676,4703817290471,1783476446640670471
0,3449,117487742644,4703848615372,1783476446671995404
2,3485,117492085996,4703848954001,1783476446672334001
3,3468,117488339740,4703849219924,1783476446672599956
1,3500,117488677900,4703849574585,1783476446672954617
0,3450,117523698420,4703880642779,1783476446704022779
2,3486,117524072772,4703880966336,1783476446704346336
3,3469,117524303772,4703881231907,1783476446704612099
1,3501,117524664804,4703881590888,1783476446704970888
0,3451,117555718388,4703912622634,1783476446736002634
1,3502,117556685740,4703913581111,1783476446736961143
2,3487,117556129708,4703917011333,1783476446740391333
3,3470,117556332156,4703917236488,1783476446740616488
0,3452,117591715028,4703948647983,1783476446772028015
2,3488,117592089740,4703948970643,1783476446772350643
3,3471,117588324708,4703949221239,1783476446772601239
1,3503,117592679964,4703949581595,1783476446772961627
0,3453,117623736804,4703980652670,1783476446804032670
2,3489,117624081156,4703980958114,1783476446804338146
3,3472,117624319452,4703981231750,1783476446804611750
1,3504,117624670932,4703981593962,1783476446804973994
0,3454,117655746060,4704016634946,1783476446840014978
2,3490,117656090772,4704016966695,1783476446840346727
3,3473,117656318676,4704017212746,1783476446840592746
1,3505,117656695964,4704017580399,1783476446840960399
0,3455,117691724932,4704048614481,1783476446871994513
2,3491,117692090028,4704048949333,1783476446872329365
3,3474,117692336548,4704049207769,1783476446872587769
1,3506,117692682708,4704049577854,1783476446872957854
0,3456,117723702804,4704080638048,1783476446904018080
2,3492,117724078092,4704080977092,1783476446904357124
3,3475,117724310548,4704081226440,1783476446904606472
1,3507,117724667124,4704081584588,1783476446904964588
0,3457,117755749836,4704116622084,1783476446940002084
2,3493,117756109580,4704116978217,1783476446940358217
3,3476,117756337900,4704117226412,1783476446940606444
1,3508,117756682932,4704117595857,1783476446940975857
0,3458,117791729932,4704148624755,1783476446972004755
2,3494,117792078740,4704148966616,1783476446972346616
3,3477,117792323868,4704149201979,1783476446972581979
1,3509,117792667964,4704149579808,1783476446972959808
0,3459,117823751036,4704180683619,1783476447004063779
2,3495,117824082996,4704181031367,1783476447004411399
3,3478,117824297708,4704181216842,1783476447004596874
1,3510,117824687612,4704181604783,1783476447004984815
0,3460,117855722228,4704216673638,1783476447040053638
2,3496,117856107100,4704217015627,1783476447040395627
3,3479,117856340868,4704217245614,1783476447040625646
1,3511,117856682932,4704217610835,1783476447040990867
0,3461,117891750164,4704248693333,1783476447072073365
2,3497,117892084388,4704249021369,1783476447072401369
3,3480,117892328580,4704249240380,1783476447072620380
1,3512,117892672516,4704249664546,1783476447073044546
0,3462,117923722548,4704280644162,1783476447104024162
2,3498,117924078900,4704281005191,1783476447104385191
1,3513,117924687156,4704281605327,1783476447104985327
3,3481,117924308516,4704285284705,1783476447108664705
0,3463,117955746324,4704316633862,1783476447140013862
2,3499,117960097932,4704316984843,1783476447140364875
3,3482,117956345388,4704317226958,1783476447140607022
1,3514,117956688708,4704317636788,1783476447141016820
0,3464,117991694580,4704348644501,1783476447172024501
2,3500,117992071804,4704348971929,1783476447172351929
3,3483,117992319708,4704349233629,1783476447172613661
1,3515,117992664772,4704349594273,1783476447172974273
0,3465,118023708580,4704380677923,1783476447204057923
1,3516,118024692580,4704381617232,1783476447204997232
2,3501,118024115740,4704385032478,1783476447208412478
3,3484,118024336060,4704385260705,1783476447208640737
0,3466,118055714964,4704416659111,1783476447240039143
2,3502,118060125644,4704416964907,1783476447240344907
3,3485,118056344996,4704417214766,1783476447240594766
1,3517,118056780964,4704417580819,1783476447240960819
0,3467,118091710292,4704448635061,1783476447272015061
2,3503,118092065932,4704448962585,1783476447272342585
3,3486,118092311900,4704449215709,1783476447272595741
1,3518,118092673092,4704449614018,1783476447272994018
0,3468,118123748780,4704480676388,1783476447304056388
1,3519,118124688996,4704481615376,1783476447304995376
2,3504,118124102452,4704485002462,1783476447308382494
3,3487,118124326676,4704485266657,1783476447308646657
0,3469,118159720028,4704516612935,1783476447339992967
2,3505,118160097964,4704516965004,1783476447340345004
3,3488,118156329996,4704517217327,1783476447340597327
1,3520,118160706580,4704517628212,1783476447341008244
0,3470,118191723420,4704548660022,1783476447372040022
2,3506,118192083772,4704548993626,1783476447372373658
3,3489,118192311548,4704549220733,1783476447372600733
1,3521,118192671836,4704549586498,1783476447372966498
0,3471,118223756324,4704584622233,1783476447408002233
2,3507,118224105804,4704584972286,1783476447408352318
3,3490,118224328452,4704585241089,1783476447408621121
1,3522,118224686612,4704585694536,1783476447409074568
0,3472,118259726932,4704616643592,1783476447440023624
2,3508,118260097964,4704616988620,1783476447440368716
3,3491,118260343644,4704617241584,1783476447440621616
1,3523,118260688580,4704617614773,1783476447440994805
0,3473,118291692836,4704648630422,1783476447472010454
2,3509,118292078964,4704648978106,1783476447472358138
3,3492,118292310060,4704649208381,1783476447472588381
1,3524,118292669132,4704649598115,1783476447472978147
0,3474,118323718676,4704684638426,1783476447508018426
2,3510,118324113964,4704684984734,1783476447508364830
3,3493,118324344932,4704685236482,1783476447508616514
1,3525,118324689452,4704685586214,1783476447508966214
0,3475,118359722868,4704716622664,1783476447540002664
2,3511,118360084868,4704716976460,1783476447540356492
3,3494,118360331028,4704717210384,1783476447540590384
1,3526,118360673548,4704717590133,1783476447540970133
0,3476,118391707964,4704748626550,1783476447572006550
2,3512,118392069932,4704748977147,1783476447572357147
3,3495,118392301124,4704749211326,1783476447572591358
1,3527,118392675156,4704749587683,1783476447572967747
0,3477,118423720740,4704784617306,1783476447607997306
2,3513,118424115900,4704784993407,1783476447608373407
3,3496,118424345932,4704785234338,1783476447608614338
1,3528,118424690156,4704785582631,1783476447608962663
0,3478,118459752292,4704816681481,1783476447640061513
2,3514,118460084900,4704816984621,1783476447640364621
3,3497,118460314740,4704817237136,1783476447640617168
1,3529,118460674092,4704817602645,1783476447640982645
0,3479,118491726900,4704848634486,1783476447672014519
2,3515,118492092676,4704849011644,1783476447672391740
1,3530,118492697092,4704849599203,1783476447672979203
3,3498,118492335548,4704853288789,1783476447676668789
0,3480,118523754964,4704884625146,1783476447708005146
2,3516,118528100484,4704884983839,1783476447708363839
3,3499,118524354868,4704885227074,1783476447708607074
1,3531,118524696996,4704885591047,1783476447708971079
0,3481,118559714772,4704916648489,1783476447740028521
2,3517,118560086484,4704916977261,1783476447740357293
3,3500,118560332964,4704917212816,1783476447740592848
1,3532,118560677740,4704917590678,1783476447740970710
0,3482,118591727996,4704948633079,1783476447772013111
1,3533,118592692772,4704949598244,1783476447772978244
2,3518,118592104228,4704953017458,1783476447776397458
3,3501,118592331804,4704953306646,1783476447776686646
0,3483,118623752228,4704984679035,1783476447808059035
2,3519,118628107804,4704984984416,1783476447808364384
3,3502,118624363708,4704985237827,1783476447808617827
1,3534,118624689028,4704985609896,1783476447808989896
0,3484,118659739515,4705016682762,1783476447840062794
2,3520,118660070324,4705017007790,1783476447840387790
3,3503,118660318900,4705017245873,1783476447840625873
1,3535,118660677060,4705017603830,1783476447840983830
0,3485,118691759996,4705048649592,1783476447872029624
1,3536,118692696644,4705049600292,1783476447872980292
2,3521,118692105068,4705052993490,1783476447876373490
3,3504,118692336580,4705053258613,1783476447876638645
0,3486,118727724708,4705084654940,1783476447908034972
2,3522,118728103644,4705085003712,1783476447908383712
3,3505,118724337092,4705085231747,1783476447908611779
1,3537,118728692900,4705085609800,1783476447908989832
0,3487,118759747772,4705116652970,1783476447940033002
2,3523,118760072708,4705117010223,1783476447940390255
3,3506,118760321060,4705117228881,1783476447940608882
1,3538,118760679644,4705117647959,1783476447941027991
0,3488,118791730836,4705152623341,1783476447976003373
2,3524,118792106356,4705152983058,1783476447976363058
3,3507,118792339028,4705153226421,1783476447976606453
1,3539,118792695932,4705153597082,1783476447976977114
0,3489,118827754548,4705184676924,1783476448008056956
2,3525,118828107580,4705184998497,1783476448008378497
3,3508,118828351612,4705185275556,1783476448008655556
1,3540,118828696900,4705185611209,1783476448008991209
0,3490,118859714844,4705216732299,1783476448040112331
2,3526,118860091708,4705217003150,1783476448040383150
3,3509,118860322740,4705217267794,1783476448040647826
1,3541,118860681836,4705217628119,1783476448041008119
0,3491,118891778908,4705252754510,1783476448076134510
2,3527,118892110324,4705253016210,1783476448076396210
3,3510,118892378260,4705253272021,1783476448076652053
1,3542,118892697772,4705253615162,1783476448076995162
0,3492,118927724388,4705284683195,1783476448108063195
2,3528,118928089836,4705285006367,1783476448108386399
3,3511,118928338092,4705285261635,1783476448108641635
1,3543,118928690804,4705285617159,1783476448108997159
0,3493,118959711676,4705316645832,1783476448140025864
2,3529,118960083868,4705317024013,1783476448140404013
3,3512,118960308964,4705317222896,1783476448140602896
1,3544,118960683964,4705317599413,1783476448140979445
0,3494,118991732612,4705352642091,1783476448176022091
2,3530,118992130932,4705352994672,1783476448176374704
3,3513,118992356420,4705353250228,1783476448176630260
1,3545,118992697740,4705353587352,1783476448176967352
0,3495,119027771772,4705384886044,1783476448208266076
2,3531,119028103740,4705385002910,1783476448208382974
3,3514,119028343804,4705385492004,1783476448208872004
1,3546,119028683900,4705385678023,1783476448209058055
0,3496,119059752900,4705416672103,1783476448240052103
2,3532,119060092060,4705417000523,1783476448240380587
1,3547,119060709996,4705417616948,1783476448240996948
3,3515,119060323772,4705421319077,1783476448244699077
0,3497,119091768516,4705452627210,1783476448276007210
2,3533,119096109548,4705452997551,1783476448276377551
3,3516,119092359612,4705453232946,1783476448276612946
1,3548,119092700804,4705453604887,1783476448276984887
0,3498,119127721868,4705484670712,1783476448308050712
2,3534,119128101060,4705484984476,1783476448308364476
3,3517,119128342644,4705485262752,1783476448308642784
1,3549,119128684900,4705485633957,1783476448309013957
0,3499,119159733748,4705516731270,1783476448340111302
1,3550,119160700420,4705517654963,1783476448341034995
2,3535,119160112580,4705521041216,1783476448344421216
3,3518,119160344868,4705521309348,1783476448344689348
0,3500,119191761100,4705552689961,1783476448376070313
2,3536,119196104124,4705552987053,1783476448376367053
3,3519,119192362548,4705553300305,1783476448376680305
1,3551,119192712092,4705553603702,1783476448376983734
0,3501,119227721196,4705584655414,1783476448408035414
2,3537,119228078028,4705584989691,1783476448408369691
3,3520,119228332932,4705585248958,1783476448408628958
1,3552,119228691060,4705585618467,1783476448408998499
0,3502,119259714740,4705616676612,1783476448440056644
1,3553,119260707548,4705617637553,1783476448441017553
2,3538,119260121356,4705621028767,1783476448444408767
3,3521,119260344900,4705621278690,1783476448444658690
0,3503,119295758932,4705652663592,1783476448476043592
2,3539,119296115740,4705652980972,1783476448476360972
3,3522,119292354836,4705653224847,1783476448476604879
1,3554,119296701932,4705653620244,1783476448477000244
0,3504,119327755804,4705684670421,1783476448508050421
2,3540,119328086516,4705685000538,1783476448508380538
3,3523,119328331964,4705685329086,1783476448508709118
1,3555,119328687964,4705685664867,1783476448509044931
0,3505,119359768932,4705720659192,1783476448544039224
2,3541,119360123644,4705721009117,1783476448544389149
3,3524,119360347644,4705721274497,1783476448544654497
1,3556,119360702996,4705721613381,1783476448544993381
0,3506,119395751804,4705752645382,1783476448576025382
2,3542,119396112548,4705752986987,1783476448576366987
3,3525,119392345932,4705753231054,1783476448576611054
1,3557,119396705060,4705753604307,1783476448576984307
0,3507,119427729228,4705784667444,1783476448608047444
2,3543,119428115676,4705784995544,1783476448608375576
3,3526,119428332964,4705785253596,1783476448608633596
1,3558,119428690868,4705785618753,1783476448608998785
0,3508,119459772484,4705820684855,1783476448644064887
2,3544,119460137804,4705820989116,1783476448644369116
3,3527,119460363740,4705821270911,1783476448644650943
1,3559,119460706900,4705821616164,1783476448644996164
0,3509,119495743612,4705852646949,1783476448676026981
2,3545,119496098836,4705853007337,1783476448676387337
3,3528,119496352060,4705853222604,1783476448676602604
1,3560,119496691836,4705853604209,1783476448676984241
0,3510,119527729900,4705884667411,1783476448708047443
2,3546,119528087932,4705885024247,1783476448708404247
3,3529,119528317804,4705885230234,1783476448708610266
1,3561,119528691996,4705885623967,1783476448709004031
0,3511,119559778708,4705920645974,1783476448744025974
2,3547,119560139092,4705921012667,1783476448744392667
3,3530,119560351900,4705921233469,1783476448744613469
1,3562,119560705932,4705921742948,1783476448745122948
0,3512,119595773644,4705952641507,1783476448776021507
2,3548,119596101836,4705953000968,1783476448776380968
3,3531,119596347964,4705953224203,1783476448776604203
1,3563,119596690836,4705953938421,1783476448777318421
0,3513,119627744452,4705984673521,1783476448808053553
2,3549,119628102932,4705985020694,1783476448808400726
1,3564,119628709836,4705985613150,1783476448808993150
3,3532,119628331060,4705989298383,1783476448812678415
0,3514,119659774484,4706020645620,1783476448844025652
2,3550,119664142900,4706021024057,1783476448844404121
3,3533,119660364548,4706021235772,1783476448844615772
1,3565,119660707868,4706021607297,1783476448844987361
0,3515,119695727868,4706052664962,1783476448876044994
2,3551,119696108028,4706052975014,1783476448876355046
3,3534,119696348804,4706053221290,1783476448876601322
1,3566,119696691612,4706053624175,1783476448877004175
0,3516,119727758516,4706084680560,1783476448908060592
1,3567,119728707548,4706085638525,1783476448909018525
2,3552,119728126644,4706089037226,1783476448912417258
3,3535,119728349516,4706089292814,1783476448912672846
0,3517,119759733708,4706120669331,1783476448944049363
2,3553,119764123804,4706120975351,1783476448944355351
3,3536,119760366868,4706121235995,1783476448944616027
1,3568,119760707996,4706121607904,1783476448944987936
0,3518,119795729836,4706152664737,1783476448976044737
2,3554,119796110932,4706152978469,1783476448976358533
3,3537,119796353676,4706153243369,1783476448976623401
1,3569,119796693932,4706153612237,1783476448976992237
0,3519,119827768900,4706184710895,1783476449008090927
1,3570,119828709260,4706185665212,1783476449009045244
2,3555,119828124516,4706189062249,1783476449012442281
3,3538,119828348228,4706189318925,1783476449012698957
0,3520,119863772908,4706220714290,1783476449044094322
2,3556,119864121772,4706221017878,1783476449044397878
3,3539,119860362484,4706221283385,1783476449044663385
1,3571,119864711740,4706221631806,1783476449045011806
0,3521,119895782940,4706252761663,1783476449076141663
2,3557,119896093452,4706253051203,1783476449076431235
3,3540,119896337452,4706253266310,1783476449076646342
1,3572,119896715028,4706253640843,1783476449077020843
0,3522,119927782580,4706288678657,1783476449112058785
2,3558,119928122580,4706289061990,1783476449112441990
3,3541,119928350996,4706289275657,1783476449112655657
1,3573,119928710868,4706289622830,1783476449113002830
0,3523,119963774932,4706320642542,1783476449144022574
2,3559,119964119356,4706320987634,1783476449144367634
3,3542,119960354964,4706321234198,1783476449144614230
1,3574,119964712803,4706321609915,1783476449144989915
