cam,seq,pts_ns,mono_ns,real_ns
0,-1,64041999,10188754525082,1783481931577905050
0,-1,96063000,10188755009916,1783481931578389884
0,-1,128083999,10188756670438,1783481931580050438
0,-1,160104999,10188759515607,1783481931582895575
0,-1,192126000,10188760995775,1783481931584375711
0,-1,224146999,10188763585774,1783481931586965742
0,-1,256167999,10188954760745,1783481931778140745
3,-1,567200000,10189105610905,1783481931928990873
3,-1,599242666,10189137275954,1783481931960655890
0,-1,288189000,10189163417419,1783481931986797355
3,-1,631285332,10189169254765,1783481931992634765
3,-1,663328000,10189201324296,1783481932024704264
3,-1,695370666,10189233375171,1783481932056755139
3,-1,727413332,10189265416510,1783481932088796478
0,-1,320209999,10189371854411,1783481932195234347
3,-1,759456000,10189371857067,1783481932195237003
0,-1,352230999,10189580489996,1783481932403869964
3,-1,791498666,10189581251280,1783481932404631248
1,-1,1134800000,10189672774982,1783481932496154950
1,-1,1166832999,10189704789089,1783481932528169057
1,-1,1198865999,10189736820220,1783481932560200220
1,-1,1230899000,10189768856919,1783481932592236887
3,-1,823541332,10189789020300,1783481932612400300
0,-1,448293999,10189789171309,1783481932612551277
1,-1,1262931999,10189800950610,1783481932624330546
1,-1,1294964999,10189832975597,1783481932656355597
1,-1,1326998000,10189997731214,1783481932821111214
0,-1,640419999,10189997740430,1783481932821120398
3,-1,855584000,10189998394418,1783481932821774386
0,-1,864567000,10190206233647,1783481933029613615
3,-1,887626666,10190206233807,1783481933029613743
1,-1,1359030999,10190206240143,1783481933029620079
2,-1,1702100000,10190240066452,1783481933063446420
2,-1,1734128999,10190272090543,1783481933095470511
2,-1,1766157999,10190304137162,1783481933127517130
2,-1,1798187000,10190336159909,1783481933159539877
2,-1,1830215999,10190368189088,1783481933191569088
2,-1,1862244999,10190400211963,1783481933223591995
1,-1,1391063999,10190414750479,1783481933238130383
3,-1,1047840000,10190414768143,1783481933238148111
0,-1,1056693000,10190414859088,1783481933238239056
2,-1,1894274000,10190623354481,1783481933446734449
3,-1,1272138666,10190623354769,1783481933446734769
0,-1,1280839999,10190623355793,1783481933446735761
1,-1,1423097000,10190623466129,1783481933446846097
2,-1,1926302999,10190623480561,1783481933446860529
3,-1,1464394666,10190623505490,1783481933446885426
1,-1,1487162999,10190623536274,1783481933446916242
2,-1,1958331999,10190623557970,1783481933446937938
3,-1,1688693332,10190623669523,1783481933447049459
0,-1,1472965999,10190623971764,1783481933447351700
0,-1,1697112999,10190623989268,1783481933447369236
1,-1,1679360999,10190623989300,1783481933447369268
1,-1,1903592000,10190624022357,1783481933447402325
0,-1,1889238999,10190624056853,1783481933447437013
2,-1,1990361000,10190624128533,1783481933447508501
3,-1,1880949332,10190624233974,1783481933447613910
2,-1,2086448000,10190624389495,1783481933447769463
1,-1,2095790000,10190633754221,1783481933457134189
3,-1,2105248000,10190643221029,1783481933466600997
0,-1,2113386000,10190651342900,1783481933474722868
2,-1,2118476999,10190656446610,1783481933479826546
1,-1,2127822999,10190665786952,1783481933489166920
3,-1,2137290666,10190675249920,1783481933498629856
0,-1,2145406999,10190683352335,1783481933506732303
2,-1,2150505999,10190688481389,1783481933511861357
1,-1,2159855999,10190697839363,1783481933521219331
3,-1,2169333332,10190707311643,1783481933530691611
0,-1,2177427999,10190715395338,1783481933538775306
2,-1,2182535000,10190720487848,1783481933543867784
1,-1,2191889000,10190729874302,1783481933553254270
3,-1,2201376000,10190739353974,1783481933562733942
0,-1,2209449000,10190747420645,1783481933570800613
2,-1,2214563999,10190752517410,1783481933575897378
1,-1,2223921999,10190761884185,1783481933585264153
3,-1,2233418666,10190771381841,1783481933594761809
0,-1,2241469999,10190779453056,1783481933602833088
2,-1,2246592999,10190784568253,1783481933607948253
1,-1,2255954999,10190793921460,1783481933617301428
3,-1,2265461332,10190803417835,1783481933626797803
0,-1,2273490999,10190811453530,1783481933634833530
2,-1,2278622000,10190816577400,1783481933639957400
1,-1,2287988000,10190825955023,1783481933649335023
3,-1,2297504000,10190835466278,1783481933658846246
0,-1,2305512000,10190843480245,1783481933666860213
2,-1,2310650999,10190848615379,1783481933671995379
1,-1,2320020999,10190858005770,1783481933681385738
3,-1,2329546666,10190867524162,1783481933690904130
0,-1,2337532999,10190875510864,1783481933698890800
2,-1,2342679999,10190880640174,1783481933704020174
1,-1,2352053999,10190890022661,1783481933713402629
3,-1,2361589332,10190899564733,1783481933722944701
0,-1,2369553999,10190907501131,1783481933730881099
2,-1,2374709000,10190912674985,1783481933736054953
1,-1,2384087000,10190922059616,1783481933745439584
3,-1,2393632000,10190931610456,1783481933754990392
0,-1,2401575000,10190939520006,1783481933762899974
2,-1,2406737999,10190944711940,1783481933768091972
1,-1,2416119999,10190954081019,1783481933777461019
3,-1,2425674666,10190963659059,1783481933787039027
0,-1,2433595999,10190971570561,1783481933794950561
0,-1,2465616999,10191116306413,1783481933939686381
1,-1,2448152999,10191116315213,1783481933939695181
2,-1,2438766999,10191116324141,1783481933939704077
3,-1,2457717332,10191116333709,1783481933939713709
1,-1,2480186000,10191116422062,1783481933939802030
0,-1,2497638000,10191116431726,1783481933939811694
2,-1,2470796000,10191116447214,1783481933939827182
3,-1,2489760000,10191116474254,1783481933939854190
2,-1,2502824999,10191116508846,1783481933939888814
3,-1,2521802666,10191116514991,1783481933939894927
2,-1,2534853999,10191116594479,1783481933939974415
1,-1,2512218999,10191116603823,1783481933939983759
1,-1,2544251999,10191116611791,1783481933939991727
3,-1,2553845332,10191116824496,1783481933940204432
0,-1,2529658999,10191117021873,1783481933940401809
0,-1,2561679999,10191117047506,1783481933940427442
3,-1,2585888000,10191123842713,1783481933947222681
0,-1,2593701000,10191131719847,1783481933955099847
2,-1,2598911999,10191136876805,1783481933960256773
1,-1,2608317999,10191146286908,1783481933969666876
3,-1,2617930666,10191155889812,1783481933979269780
0,-1,2625721999,10191163678210,1783481933987058178
2,-1,2630940999,10191168895520,1783481933992275488
1,-1,2640350999,10191178310103,1783481934001690071
3,-1,2649973332,10191187924143,1783481934011304111
0,-1,2657742999,10191195702429,1783481934019082397
2,-1,2662970000,10191200921979,1783481934024301947
1,-1,2672384000,10191210341682,1783481934033721650
3,-1,2682016000,10191219966186,1783481934043346154
0,-1,2689764000,10191227723480,1783481934051103448
2,-1,2694998999,10191232961302,1783481934056341302
1,-1,2704416999,10191242382893,1783481934065762861
3,-1,2714058666,10191252026469,1783481934075406437
0,-1,2721784999,10191259734386,1783481934083114354
2,-1,2727027999,10191264987409,1783481934088367377
1,-1,2736449999,10191274416328,1783481934097796328
3,-1,2746101332,10191284037504,1783481934107417440
0,-1,2753805999,10191291751757,1783481934115131725
2,-1,2759057000,10191297000940,1783481934120380876
1,-1,2768483000,10191306439075,1783481934129819075
3,-1,2778144000,10191316092827,1783481934139472763
0,-1,2785827000,10191323773320,1783481934147153256
2,-1,2791085999,10191329036679,1783481934152416647
1,-1,2800515999,10191338466654,1783481934161846590
3,-1,2810186666,10191348131798,1783481934171511766
2,-1,2823114999,10191361076898,1783481934184456866
1,-1,2832548999,10191370511321,1783481934193891289
3,-1,2842229332,10191380177169,1783481934203557137
2,-1,2855144000,10191393099485,1783481934216479453
1,-1,2864582000,10191402526452,1783481934225906420
3,-1,2874272000,10191412213036,1783481934235592972
0,-1,2881890000,10191419837273,1783481934243217209
2,-1,2887172999,10191425123448,1783481934248503384
1,-1,2896614999,10191434567567,1783481934257947503
3,-1,2906314666,10191444258311,1783481934267638247
0,-1,2913910999,10191451863732,1783481934275243668
2,-1,2919201999,10191457150675,1783481934280530643
1,-1,2928647999,10191466585578,1783481934289965546
3,-1,2938357332,10191476297186,1783481934299677154
0,-1,2945931999,10191483875695,1783481934307255631
2,-1,2951231000,10191489181774,1783481934312561742
1,-1,2960681000,10191498625637,1783481934322005605
3,-1,2970400000,10191508341181,1783481934331721117
0,-1,2977953000,10191515906058,1783481934339286026
2,-1,2983259999,10191521219113,1783481934344599081
1,-1,2992713999,10191530669280,1783481934354049216
3,-1,3002442666,10191540383960,1783481934363763992
0,-1,3009973999,10191547929989,1783481934371309957
2,-1,3015288999,10191553249252,1783481934376629220
1,-1,3024746999,10191562742043,1783481934386122043
3,-1,3034485332,10191572447508,1783481934395827476
0,-1,3041994999,10191579959743,1783481934403339743
2,-1,3047318000,10191585279071,1783481934408659103
1,-1,3056780000,10191594753782,1783481934418133750
3,-1,3066528000,10191604473327,1783481934427853263
0,-1,3074016000,10191611981626,1783481934435361594
2,-1,3079346999,10191617316250,1783481934440696218
1,-1,3088812999,10191626779793,1783481934450159761
3,-1,3098570666,10191636529546,1783481934459909546
0,-1,3106036999,10191644027285,1783481934467407285
2,-1,3111375999,10191649342644,1783481934472722644
1,-1,3120845999,10191658810348,1783481934482190316
3,-1,3130613332,10191668564485,1783481934491944453
0,-1,3138057999,10191676025520,1783481934499405488
2,-1,3143405000,10191681363439,1783481934504743407
1,-1,3152879000,10191690838791,1783481934514218727
0,-1,3170079000,10191708057387,1783481934531437387
2,-1,3175433999,10191713389194,1783481934536769194
1,-1,3184911999,10191722857346,1783481934546237314
0,-1,3202099999,10191740042694,1783481934563422694
2,-1,3207462999,10191745412165,1783481934568792069
1,-1,3216944999,10191754887549,1783481934578267517
3,-1,3226741332,10191764689782,1783481934588069750
0,-1,3234120999,10191772035425,1783481934595415361
2,-1,3239492000,10191777445216,1783481934600825152
1,-1,3248978000,10191786915479,1783481934610295415
3,-1,3258784000,10191796734897,1783481934620114865
0,-1,3266142000,10191804090268,1783481934627470268
2,-1,3271520999,10191809489531,1783481934632869499
1,-1,3281010999,10191818958258,1783481934642338194
3,-1,3290826666,10191828784844,1783481934652164844
0,-1,3298162999,10191836113783,1783481934659493751
2,-1,3303549999,10191841519638,1783481934664899574
1,-1,3313043999,10191850995757,1783481934674375725
3,-1,3322869332,10191860819047,1783481934684199079
0,-1,3330183999,10191868131505,1783481934691511473
2,-1,3335579000,10191873534705,1783481934696914673
1,-1,3345077000,10191883026824,1783481934706406920
3,-1,3354912000,10191892849922,1783481934716229890
0,-1,3362205000,10191900155916,1783481934723535884
2,-1,3367607999,10191905557484,1783481934728937452
1,-1,3377109999,10191915050659,1783481934738430627
3,-1,3386954666,10191924911037,1783481934748291037
0,-1,3394225999,10191932181319,1783481934755561319
2,-1,3399636999,10191937592679,1783481934760972647
3,-1,3418997332,10191956940600,1783481934780320568
0,-1,3426246999,10191964200002,1783481934787579970
3,-1,3451040000,10191988987347,1783481934812367315
0,-1,3458268000,10191996218077,1783481934819598077
1,-1,3473208999,10192011151796,1783481934834531764
3,-1,3483082666,10192021021486,1783481934844401454
0,-1,3490288999,10192028236984,1783481934851616952
2,-1,3495723999,10192033673912,1783481934857053880
1,-1,3505241999,10192043185935,1783481934866565871
3,-1,3515125332,10192053092265,1783481934876472265
0,-1,3522309999,10192060293523,1783481934883673491
2,-1,3527753000,10192065752211,1783481934889132147
1,-1,3537275000,10192075252490,1783481934898632458
3,-1,3547168000,10192085123204,1783481934908503172
0,-1,3554331000,10192092298670,1783481934915678606
2,-1,3559781999,10192097741710,1783481934921121678
1,-1,3569307999,10192107317350,1783481934930697286
3,-1,3579210666,10192117315456,1783481934940695424
0,-1,3586351999,10192124356521,1783481934947736457
2,-1,3591810999,10192129802921,1783481934953182889
1,-1,3601340999,10192139325728,1783481934962705696
3,-1,3611253332,10192149215674,1783481934972595642
0,-1,3618372999,10192156375460,1783481934979755428
2,-1,3623840000,10192161831460,1783481934985211460
1,-1,3633374000,10192171361531,1783481934994741499
3,-1,3643296000,10192181254581,1783481935004634581
0,-1,3650394000,10192188373567,1783481935011753567
2,-1,3655868999,10192193824607,1783481935017204543
1,-1,3665406999,10192203429591,1783481935026809591
3,-1,3675338666,10192213299120,1783481935036679056
0,-1,3682414999,10192220418522,1783481935043798458
2,-1,3687897999,10192225856922,1783481935049236922
1,-1,3697439999,10192235575954,1783481935058955890
3,-1,3707381332,10192245347979,1783481935068727915
0,-1,3714435999,10192252496853,1783481935075876821
2,-1,3719927000,10192257915701,1783481935081295637
1,-1,3729473000,10192267451532,1783481935090831532
3,-1,3739424000,10192277384038,1783481935100764006
0,-1,3746457000,10192284422255,1783481935107802223
2,-1,3751955999,10192289929488,1783481935113309488
1,-1,3761505999,10192299481703,1783481935122861671
3,-1,3771466666,10192309425921,1783481935132805889
0,-1,3778477999,10192316421482,1783481935139801450
2,-1,3783984999,10192321952363,1783481935145332299
1,-1,3793538999,10192331513154,1783481935154893122
3,-1,3803509332,10192341468092,1783481935164848028
0,-1,3810498999,10192348448677,1783481935171828645
2,-1,3816014000,10192353983494,1783481935177363462
1,-1,3825572000,10192363546365,1783481935186926333
3,-1,3835552000,10192373571672,1783481935196951672
0,-1,3842520000,10192380495328,1783481935203875328
2,-1,3848042999,10192385997888,1783481935209377856
1,-1,3857604999,10192395587224,1783481935218967224
3,-1,3867594666,10192405692627,1783481935229072595
0,-1,3874540999,10192412519451,1783481935235899387
2,-1,3880071999,10192418026971,1783481935241406939
1,-1,3889637999,10192427618387,1783481935250998387
3,-1,3899637332,10192437609102,1783481935260989070
0,-1,3906561999,10192444557366,1783481935267937366
2,-1,3912101000,10192450060118,1783481935273440086
1,-1,3921671000,10192459677327,1783481935283057327
3,-1,3931680000,10192469646633,1783481935293026633
0,-1,3938583000,10192476573777,1783481935299953777
2,-1,3944129999,10192482089361,1783481935305469297
1,-1,3953703999,10192491727754,1783481935315107722
3,-1,3963722666,10192501704420,1783481935325084420
0,-1,3970603999,10192508565196,1783481935331945164
2,-1,3976158999,10192514123148,1783481935337503148
1,-1,3985736999,10192523722981,1783481935347102949
3,-1,3995765332,10192533741471,1783481935357121471
0,-1,4002624999,10192540608487,1783481935363988455
2,-1,4008188000,10192546150631,1783481935369530599
1,-1,4017770000,10192555740863,1783481935379120799
3,-1,4027808000,10192565783834,1783481935389163770
0,-1,4034646000,10192572615778,1783481935395995778
2,-1,4040216999,10192578181442,1783481935401561378
1,-1,4049802999,10192587761530,1783481935411141498
3,-1,4059850666,10192597798741,1783481935421178741
0,-1,4066666999,10192604639997,1783481935428019997
2,-1,4072245999,10192610210781,1783481935433590749
1,-1,4081835999,10192619793365,1783481935443173333
3,-1,4091893332,10192629869424,1783481935453249360
0,-1,4098687999,10192636659000,1783481935460038968
2,-1,4104275000,10192642245464,1783481935465625432
1,-1,4113869000,10192651829072,1783481935475209072
3,-1,4123936000,10192661880331,1783481935485260299
0,-1,4130709000,10192668677939,1783481935492057939
2,-1,4136303999,10192674270451,1783481935497650451
1,-1,4145901999,10192683861291,1783481935507241259
3,-1,4155978666,10192693961638,1783481935517341574
0,-1,4162729999,10192700715118,1783481935524095086
2,-1,4168332999,10192706307214,1783481935529687214
1,-1,4177934999,10192715892870,1783481935539272870
3,-1,4188021332,10192725972545,1783481935549352513
0,-1,4194750999,10192732732297,1783481935556112265
2,-1,4200362000,10192738328201,1783481935561708169
1,-1,4209968000,10192747933441,1783481935571313409
3,-1,4220064000,10192758012060,1783481935581391996
2,-1,4232390999,10192770356292,1783481935593736228
1,-1,4242000999,10192779956700,1783481935603336668
3,-1,4252106666,10192790050071,1783481935613430039
2,-1,4264419999,10192802388607,1783481935625768607
1,-1,4274033999,10192811987991,1783481935635367959
3,-1,4284149332,10192822097650,1783481935645477586
0,-1,4290813999,10192828786522,1783481935652166522
2,-1,4296449000,10192834412218,1783481935657792186
1,-1,4306067000,10192844049811,1783481935667429747
3,-1,4316192000,10192854142318,1783481935677522286
0,-1,4322835000,10192860800244,1783481935684180244
2,-1,4328477999,10192866435413,1783481935689815381
1,-1,4338099999,10192876048365,1783481935699428333
3,-1,4348234666,10192886176137,1783481935709556073
0,-1,4354855999,10192892793679,1783481935716173615
2,-1,4360506999,10192898451472,1783481935721831440
1,-1,4370132999,10192908032648,1783481935731412616
3,-1,4380277332,10192918213124,1783481935741593124
0,-1,4386876999,10192924825930,1783481935748205898
2,-1,4392536000,10192930491147,1783481935753871115
1,-1,4402166000,10192940114851,1783481935763494819
3,-1,4412320000,10192950266527,1783481935773646527
0,-1,4418898000,10192956834341,1783481935780214277
2,-1,4424564999,10192962508006,1783481935785887942
1,-1,4434198999,10192972137982,1783481935795517950
3,-1,4444362666,10192982305754,1783481935805685722
0,-1,4450918999,10192988859520,1783481935812239488
2,-1,4456593999,10192994553665,1783481935817933633
1,-1,4466231999,10193004199194,1783481935827579194
3,-1,4476405332,10193014356821,1783481935837736789
0,-1,4482939999,10193020883003,1783481935844262971
2,-1,4488623000,10193026574908,1783481935849954844
1,-1,4498265000,10193036228917,1783481935859608917
3,-1,4508448000,10193046398096,1783481935869778096
0,-1,4514961000,10193052899478,1783481935876279414
2,-1,4520651999,10193058595319,1783481935881975287
1,-1,4530297999,10193068315536,1783481935891695504
3,-1,4540490666,10193078455435,1783481935901835403
0,-1,4546981999,10193084942929,1783481935908322897
2,-1,4552680999,10193090669394,1783481935914049362
1,-1,4562330999,10193100315883,1783481935923695851
0,-1,4579002999,10193116994860,1783481935940374828
2,-1,4584710000,10193122674765,1783481935946054765
1,-1,4594364000,10193132353158,1783481935955733126
0,-1,4611024000,10193149031623,1783481935972411591
2,-1,4616738999,10193154704648,1783481935978084616
1,-1,4626396999,10193164403297,1783481935987783265
3,-1,4636618666,10193174599836,1783481935997979772
0,-1,4643044999,10193180998018,1783481936004377986
2,-1,4648767999,10193186736707,1783481936010116739
1,-1,4658429999,10193196389660,1783481936019769628
3,-1,4668661332,10193206617303,1783481936029997239
0,-1,4675065999,10193213016765,1783481936036396733
2,-1,4680797000,10193218745118,1783481936042125054
1,-1,4690463000,10193228428023,1783481936051807991
3,-1,4700704000,10193238664530,1783481936062044530
0,-1,4707087000,10193245028280,1783481936068408280
2,-1,4712825999,10193250773049,1783481936074153017
1,-1,4722495999,10193260458834,1783481936083838802
3,-1,4732746666,10193270692014,1783481936094071982
0,-1,4739107999,10193277071699,1783481936100451667
2,-1,4744854999,10193282808500,1783481936106188436
1,-1,4754528999,10193292469773,1783481936115849741
3,-1,4764789332,10193302738441,1783481936126118377
0,-1,4771128999,10193309067886,1783481936132447854
2,-1,4776884000,10193314835567,1783481936138215503
1,-1,4786562000,10193324499656,1783481936147879624
3,-1,4796832000,10193334780324,1783481936158160292
0,-1,4803150000,10193341089161,1783481936164469129
2,-1,4808912999,10193346866858,1783481936170246826
3,-1,4828874666,10193366821663,1783481936190201631
0,-1,4835170999,10193373112516,1783481936196492484
3,-1,4860917332,10193398865338,1783481936222245274
0,-1,4867191999,10193405146687,1783481936228526687
1,-1,4882661000,10193420615033,1783481936243995001
3,-1,4892960000,10193430905269,1783481936254285205
0,-1,4899213000,10193437155162,1783481936260535130
2,-1,4904999999,10193442950203,1783481936266330171
1,-1,4914693999,10193452639892,1783481936276019828
3,-1,4925002666,10193462946416,1783481936286326352
0,-1,4931233999,10193469168980,1783481936292548916
2,-1,4937028999,10193474981942,1783481936298361910
1,-1,4946726999,10193484666703,1783481936308046703
3,-1,4957045332,10193494985387,1783481936318365323
0,-1,4963254999,10193501208112,1783481936324588048
2,-1,4969058000,10193506999217,1783481936330379185
1,-1,4978760000,10193516699338,1783481936340079306
3,-1,4989088000,10193527034182,1783481936350414118
0,-1,4995276000,10193533221579,1783481936356601547
2,-1,5001086999,10193539028172,1783481936362408140
1,-1,5010792999,10193548740133,1783481936372120069
3,-1,5021130666,10193559074401,1783481936382454369
0,-1,5027296999,10193565232197,1783481936388612165
2,-1,5033115999,10193571056103,1783481936394436071
1,-1,5042825999,10193580765248,1783481936404145216
3,-1,5053173332,10193591113917,1783481936414493885
0,-1,5059317999,10193597285217,1783481936420665153
2,-1,5065145000,10193603097507,1783481936426477507
1,-1,5074859000,10193612812891,1783481936436192859
3,-1,5085216000,10193623174872,1783481936446554808
0,-1,5091339000,10193629279995,1783481936452659963
2,-1,5097173999,10193635128606,1783481936458508542
1,-1,5106891999,10193644832950,1783481936468212918
3,-1,5117258666,10193655201523,1783481936478581491
0,-1,5123359999,10193661293974,1783481936484673910
2,-1,5129202999,10193667147609,1783481936490527577
1,-1,5138924999,10193676863217,1783481936500243185
3,-1,5149301332,10193687436495,1783481936510816463
0,-1,5155380999,10193693419538,1783481936516799506
2,-1,5161232000,10193699255252,1783481936522635252
1,-1,5170958000,10193708915532,1783481936532295532
3,-1,5181344000,10193719339849,1783481936542719817
0,-1,5187402000,10193725353068,1783481936548733036
2,-1,5193260999,10193731254095,1783481936554634063
1,-1,5202990999,10193740956552,1783481936564336488
3,-1,5213386666,10193751363268,1783481936574743236
0,-1,5219422999,10193757371975,1783481936580752135
2,-1,5225289999,10193763255018,1783481936586634954
1,-1,5235023999,10193772980259,1783481936596360291
3,-1,5245429332,10193783381791,1783481936606761759
0,-1,5251443999,10193789383938,1783481936612763906
2,-1,5257319000,10193795271557,1783481936618651525
1,-1,5267057000,10193805007998,1783481936628387934
3,-1,5277472000,10193815424154,1783481936638804090
0,-1,5283465000,10193821411197,1783481936644791165
2,-1,5289347999,10193827295392,1783481936650675360
1,-1,5299089999,10193837042649,1783481936660422585
3,-1,5309514666,10193847462133,1783481936670842165
0,-1,5315485999,10193853425720,1783481936676805656
2,-1,5321376999,10193859338267,1783481936682718235
1,-1,5331122999,10193869074036,1783481936692454036
3,-1,5341557332,10193879497745,1783481936702877745
0,-1,5347506999,10193885439763,1783481936708819699
2,-1,5353406000,10193891359734,1783481936714739702
1,-1,5363156000,10193901095951,1783481936724475919
3,-1,5373600000,10193911560684,1783481936734940652
0,-1,5379528000,10193917487886,1783481936740867854
2,-1,5385434999,10193923400817,1783481936746780785
1,-1,5395188999,10193933154122,1783481936756534122
3,-1,5405642666,10193943601767,1783481936766981735
0,-1,5411548999,10193949491017,1783481936772870985
2,-1,5417463999,10193955438316,1783481936778818284
1,-1,5427221999,10193965185797,1783481936788565797
3,-1,5437685332,10193975644002,1783481936799023938
0,-1,5443569999,10193981508836,1783481936804888804
2,-1,5449493000,10193987444743,1783481936810824711
1,-1,5459255000,10193997208384,1783481936820588384
3,-1,5469728000,10194007663581,1783481936831043581
0,-1,5475591000,10194013527519,1783481936836907487
2,-1,5481521999,10194019465634,1783481936842845570
1,-1,5491287999,10194029237403,1783481936852617403
3,-1,5501770666,10194039717336,1783481936863097304
0,-1,5507611999,10194045549882,1783481936868929818
2,-1,5513550999,10194051494749,1783481936874874717
1,-1,5523320999,10194061274454,1783481936884654422
3,-1,5533813332,10194071762035,1783481936895141971
0,-1,5539632999,10194077574325,1783481936900954293
2,-1,5545580000,10194083528760,1783481936906908696
1,-1,5555354000,10194093501042,1783481936916880978
3,-1,5565856000,10194103851599,1783481936927231599
0,-1,5571654000,10194109617968,1783481936932997936
2,-1,5577608999,10194115589107,1783481936938969043
1,-1,5587386999,10194125392972,1783481936948772940
3,-1,5597898666,10194135859690,1783481936959239626
0,-1,5603674999,10194141677132,1783481936965057068
2,-1,5609637999,10194147605134,1783481936970985070
1,-1,5619419999,10194157406503,1783481936980786439
3,-1,5629941332,10194167895333,1783481936991275333
2,-1,5641667000,10194179621833,1783481937003001801
1,-1,5651453000,10194189405154,1783481937012785154
3,-1,5661984000,10194199928192,1783481937023308160
2,-1,5673695999,10194211653092,1783481937035033028
1,-1,5683485999,10194221455485,1783481937044835453
3,-1,5694026666,10194231995483,1783481937055375451
0,-1,5699737999,10194237694780,1783481937061074748
2,-1,5705724999,10194243688511,1783481937067068479
1,-1,5715518999,10194253466776,1783481937076846744
3,-1,5726069332,10194264039670,1783481937087419670
0,-1,5731758999,10194269710583,1783481937093090551
2,-1,5737754000,10194275709690,1783481937099089658
1,-1,5747552000,10194285505652,1783481937108885588
3,-1,5758112000,10194296029169,1783481937119409105
0,-1,5763780000,10194301730290,1783481937125110226
2,-1,5769782999,10194307739733,1783481937131119733
1,-1,5779584999,10194317529039,1783481937140908975
3,-1,5790154666,10194328097068,1783481937151477036
0,-1,5795800999,10194333752717,1783481937157132653
2,-1,5801811999,10194339764240,1783481937163144208
1,-1,5811617999,10194349560330,1783481937172940266
3,-1,5822197332,10194360146279,1783481937183526247
0,-1,5827821999,10194365773128,1783481937189153096
2,-1,5833841000,10194371782667,1783481937195162603
1,-1,5843651000,10194381596421,1783481937204976389
3,-1,5854240000,10194392179811,1783481937215559747
0,-1,5859843000,10194397786915,1783481937221166883
2,-1,5865869999,10194403822471,1783481937227202407
1,-1,5875683999,10194413624320,1783481937237004288
3,-1,5886282666,10194424223678,1783481937247603614
0,-1,5891863999,10194429812478,1783481937253192414
2,-1,5897898999,10194435849346,1783481937259229314
1,-1,5907716999,10194445662651,1783481937269042587
3,-1,5918325332,10194456274393,1783481937279654393
0,-1,5923884999,10194461832281,1783481937285212217
2,-1,5929928000,10194467879997,1783481937291259965
1,-1,5939750000,10194477699126,1783481937301079094
3,-1,5950368000,10194488308692,1783481937311688628
0,-1,5955906000,10194493858196,1783481937317238132
2,-1,5961956999,10194499918968,1783481937323298968
1,-1,5971782999,10194509729105,1783481937333109041
0,-1,5987926999,10194525871599,1783481937349251567
2,-1,5993985999,10194531932275,1783481937355312275
1,-1,6003815999,10194541762924,1783481937365142892
0,-1,6019947999,10194558013515,1783481937381393483
2,-1,6026015000,10194563969966,1783481937387349934
1,-1,6035849000,10194573873256,1783481937397253224
3,-1,6046496000,10194584548422,1783481937407928390
0,-1,6051969000,10194589964326,1783481937413344326
2,-1,6058043999,10194596045385,1783481937419425353
1,-1,6067881999,10194605859715,1783481937429239715
3,-1,6078538666,10194616505953,1783481937439885921
0,-1,6083989999,10194621976193,1783481937445356161
2,-1,6090072999,10194628064164,1783481937451444164
1,-1,6099914999,10194637959070,1783481937461339038
3,-1,6110581332,10194648536572,1783481937471916572
0,-1,6116010999,10194653967804,1783481937477347804
2,-1,6122102000,10194660040255,1783481937483420223
1,-1,6131948000,10194669901625,1783481937493281593
3,-1,6142624000,10194680567287,1783481937503947255
0,-1,6148032000,10194685985111,1783481937509365111
2,-1,6154130999,10194692037370,1783481937515417338
1,-1,6163980999,10194701956244,1783481937525336244
3,-1,6174666666,10194712622738,1783481937536002706
0,-1,6180052999,10194718002450,1783481937541382418
2,-1,6186159999,10194724117557,1783481937547497525
1,-1,6196013999,10194733966191,1783481937557346191
3,-1,6206709332,10194744676685,1783481937568056653
0,-1,6212073999,10194750021549,1783481937573401517
2,-1,6218189000,10194756178737,1783481937579558737
3,-1,6238752000,10194776724329,1783481937600104297
0,-1,6244095000,10194782051272,1783481937605431304
3,-1,6270794666,10194808759588,1783481937632139588
0,-1,6276115999,10194814072035,1783481937637452035
1,-1,6292112999,10194830092864,1783481937653472832
3,-1,6302837332,10194840793439,1783481937664173407
0,-1,6308136999,10194846090558,1783481937669470558
2,-1,6314276000,10194852236354,1783481937675616322
1,-1,6324146000,10194862097947,1783481937685477947
3,-1,6334880000,10194872833018,1783481937696213018
0,-1,6340158000,10194878105241,1783481937701485241
2,-1,6346304999,10194884270525,1783481937707650493
1,-1,6356178999,10194894133814,1783481937717513814
3,-1,6366922666,10194904872085,1783481937728252021
0,-1,6372178999,10194910130228,1783481937733510196
2,-1,6378333999,10194916283736,1783481937739663704
1,-1,6388211999,10194926162353,1783481937749542321
3,-1,6398965332,10194936924848,1783481937760304816
0,-1,6404199999,10194942157167,1783481937765537135
2,-1,6410363000,10194948317779,1783481937771697779
1,-1,6420245000,10194958198445,1783481937781578381
3,-1,6431008000,10194968976747,1783481937792356683
0,-1,6436221000,10194974174282,1783481937797554250
2,-1,6442391999,10194980345614,1783481937803725582
1,-1,6452277999,10194990223784,1783481937813603752
3,-1,6463050666,10195000996326,1783481937824376326
0,-1,6468241999,10195006180965,1783481937829560933
2,-1,6474420999,10195012381705,1783481937835761705
1,-1,6484310999,10195022277027,1783481937845656963
3,-1,6495093332,10195033055170,1783481937856435138
0,-1,6500262999,10195038217152,1783481937861597120
2,-1,6506450000,10195044416036,1783481937867796036
1,-1,6516344000,10195054295070,1783481937877675038
3,-1,6527136000,10195065136349,1783481937888516349
0,-1,6532284000,10195070244955,1783481937893624923
2,-1,6538478999,10195076460959,1783481937899840927
1,-1,6548376999,10195086336889,1783481937909716857
3,-1,6559178666,10195097155224,1783481937920535160
0,-1,6564304999,10195102266358,1783481937925646326
2,-1,6570507999,10195108477626,1783481937931857594
1,-1,6580409999,10195118373332,1783481937941753300
3,-1,6591221332,10195129220179,1783481937952600179
0,-1,6596325999,10195134303345,1783481937957683345
2,-1,6602537000,10195140511605,1783481937963891573
1,-1,6612443000,10195150430895,1783481937973810863
3,-1,6623264000,10195161259759,1783481937984639727
0,-1,6628347000,10195166383276,1783481937989763212
2,-1,6634565999,10195172550608,1783481937995930576
1,-1,6644475999,10195182480010,1783481938005860010
3,-1,6655306666,10195193281546,1783481938016661514
0,-1,6660367999,10195198331111,1783481938021711047
2,-1,6666594999,10195204561931,1783481938027941899
1,-1,6676508999,10195214464613,1783481938037844581
3,-1,6687349332,10195225313765,1783481938048693701
0,-1,6692388999,10195230355138,1783481938053735106
2,-1,6698624000,10195236586087,1783481938059966055
1,-1,6708542000,10195246453568,1783481938069833536
3,-1,6719392000,10195257455072,1783481938080835040
0,-1,6724410000,10195262377373,1783481938085757341
2,-1,6730652999,10195268612194,1783481938091992194
1,-1,6740574999,10195278532700,1783481938101912668
3,-1,6751434666,10195289387355,1783481938112767355
0,-1,6756430999,10195294390584,1783481938117770552
2,-1,6762681999,10195300646589,1783481938124026589
1,-1,6772607999,10195310560791,1783481938133940759
3,-1,6783477332,10195321447286,1783481938144827254
0,-1,6788451999,10195326400979,1783481938149780947
2,-1,6794711000,10195332666296,1783481938156046264
1,-1,6804641000,10195342587346,1783481938165967314
3,-1,6815520000,10195353466545,1783481938176846513
0,-1,6820473000,10195358415374,1783481938181795310
2,-1,6826739999,10195364685363,1783481938188065363
1,-1,6836673999,10195374622093,1783481938198002029
3,-1,6847562666,10195385521709,1783481938208901645
0,-1,6852493999,10195390437833,1783481938213817801
2,-1,6858768999,10195396710414,1783481938220090382
1,-1,6868706999,10195406660744,1783481938230040680
3,-1,6879605332,10195417557064,1783481938240937032
0,-1,6884514999,10195422464036,1783481938245844004
2,-1,6890798000,10195428744105,1783481938252124073
1,-1,6900740000,10195438713091,1783481938262093059
3,-1,6911648000,10195449607779,1783481938272987747
0,-1,6916536000,10195454499968,1783481938277879968
2,-1,6922826999,10195460784484,1783481938284164452
1,-1,6932772999,10195470738526,1783481938294118494
3,-1,6943690666,10195481637502,1783481938305017502
0,-1,6948556999,10195486507643,1783481938309887579
2,-1,6954855999,10195492805631,1783481938316185599
1,-1,6964805999,10195502773498,1783481938326153498
3,-1,6975733332,10195513678137,1783481938337058105
0,-1,6980577999,10195518544534,1783481938341924502
2,-1,6986885000,10195524833114,1783481938348213050
1,-1,6996839000,10195534805109,1783481938358185077
3,-1,7007776000,10195545742485,1783481938369122453
0,-1,7012599000,10195550555985,1783481938373935953
2,-1,7018913999,10195556864054,1783481938380244022
1,-1,7028871999,10195566832784,1783481938390212752
3,-1,7039818666,10195577768176,1783481938401148144
2,-1,7050942999,10195588884049,1783481938412263985
1,-1,7060904999,10195598849195,1783481938422229227
3,-1,7071861332,10195609813131,1783481938433193099
2,-1,7082972000,10195620913100,1783481938444293228
1,-1,7092938000,10195630913542,1783481938454293510
3,-1,7103904000,10195641875782,1783481938465255718
0,-1,7108662000,10195646617922,1783481938469997858
2,-1,7115000999,10195652947847,1783481938476327815
1,-1,7124970999,10195662929473,1783481938486309473
3,-1,7135946666,10195673891105,1783481938497271073
0,-1,7140682999,10195678626109,1783481938502006077
2,-1,7147029999,10195684975618,1783481938508355586
1,-1,7157003999,10195694972092,1783481938518352060
3,-1,7167989332,10195705940765,1783481938529320733
0,-1,7172703999,10195710665944,1783481938534045944
2,-1,7179059000,10195717008861,1783481938540388829
1,-1,7189037000,10195727004344,1783481938550384344
3,-1,7200032000,10195737981400,1783481938561361368
0,-1,7204725000,10195742684435,1783481938566064403
2,-1,7211087999,10195749046616,1783481938572426584
1,-1,7221069999,10195759041651,1783481938582421651
3,-1,7232074666,10195770026035,1783481938593406003
0,-1,7236745999,10195774697230,1783481938598077230
2,-1,7243116999,10195781062131,1783481938604442131
1,-1,7253102999,10195791053294,1783481938614433294
3,-1,7264117332,10195802081198,1783481938625461166
0,-1,7268766999,10195806707241,1783481938630087209
2,-1,7275146000,10195813089678,1783481938636469646
1,-1,7285136000,10195823086057,1783481938646465993
3,-1,7296160000,10195834120777,1783481938657500745
0,-1,7300788000,10195838744196,1783481938662124164
2,-1,7307174999,10195845114282,1783481938668494250
1,-1,7317168999,10195855140868,1783481938678520836
3,-1,7328202666,10195866158757,1783481938689538725
0,-1,7332808999,10195870755871,1783481938694135871
2,-1,7339203999,10195877155621,1783481938700535589
1,-1,7349201999,10195887147487,1783481938710527455
3,-1,7360245332,10195898182912,1783481938721562848
0,-1,7364829999,10195902773050,1783481938726153018
2,-1,7371233000,10195909190368,1783481938732570336
1,-1,7381235000,10195919178426,1783481938742558362
0,-1,7396851000,10195934824054,1783481938758204022
2,-1,7403261999,10195941224859,1783481938764604795
1,-1,7413267999,10195951253974,1783481938774633942
0,-1,7428871999,10195966842929,1783481938790222897
2,-1,7435290999,10195973265814,1783481938796645814
1,-1,7445300999,10195983262033,1783481938806642033
3,-1,7456373332,10195994328241,1783481938817708273
0,-1,7460892999,10195998845996,1783481938822225964
2,-1,7467320000,10196005277873,1783481938828657873
1,-1,7477334000,10196015278188,1783481938838658188
3,-1,7488416000,10196026353836,1783481938849733804
0,-1,7492914000,10196030874407,1783481938854254407
2,-1,7499348999,10196037292268,1783481938860672236
1,-1,7509366999,10196047322631,1783481938870702599
3,-1,7520458666,10196058408392,1783481938881788360
0,-1,7524934999,10196062891362,1783481938886271394
2,-1,7531377999,10196069348648,1783481938892728648
1,-1,7541399999,10196079348930,1783481938902728866
3,-1,7552501332,10196090449251,1783481938913829251
0,-1,7556955999,10196094901885,1783481938918281853
2,-1,7563407000,10196101356611,1783481938924736579
1,-1,7573433000,10196111379389,1783481938934759389
3,-1,7584544000,10196122479294,1783481938945859230
0,-1,7588977000,10196126917432,1783481938950297400
2,-1,7595435999,10196133380062,1783481938956759998
1,-1,7605465999,10196143421592,1783481938966801592
3,-1,7616586666,10196154588410,1783481938977968410
0,-1,7620997999,10196158954483,1783481938982334451
2,-1,7627464999,10196165463449,1783481938988843385
3,-1,7648629332,10196186620405,1783481939010000373
0,-1,7653018999,10196191167631,1783481939014547759
3,-1,7680672000,10196218677296,1783481939042057264
0,-1,7685040000,10196222992521,1783481939046372649
1,-1,7701564999,10196239559690,1783481939062939626
3,-1,7712714666,10196250674827,1783481939074054795
0,-1,7717060999,10196255004260,1783481939078384196
2,-1,7723551999,10196261554442,1783481939084934442
1,-1,7733597999,10196271581029,1783481939094960965
3,-1,7744757332,10196282719334,1783481939106099302
0,-1,7749081999,10196287026207,1783481939110406143
2,-1,7755581000,10196293597734,1783481939116977670
1,-1,7765631000,10196303619424,1783481939126999392
3,-1,7776800000,10196314784674,1783481939138164674
0,-1,7781103000,10196319067579,1783481939142447611
2,-1,7787609999,10196325629729,1783481939149009697
1,-1,7797663999,10196335803452,1783481939159183420
3,-1,7808842666,10196346832125,1783481939170212093
0,-1,7813123999,10196351099606,1783481939174479574
2,-1,7819638999,10196357735389,1783481939181115357
1,-1,7829696999,10196367677239,1783481939191057239
3,-1,7840885332,10196378957305,1783481939202337273
0,-1,7845144999,10196383141457,1783481939206521425
2,-1,7851668000,10196389653975,1783481939213034007
1,-1,7861730000,10196399721042,1783481939223100978
3,-1,7872928000,10196410986932,1783481939234366900
0,-1,7877166000,10196415288749,1783481939238668749
2,-1,7883696999,10196421673650,1783481939245053618
1,-1,7893762999,10196431759021,1783481939255139021
3,-1,7904970666,10196442927534,1783481939266307534
0,-1,7909186999,10196447176999,1783481939270556967
2,-1,7915725999,10196453704237,1783481939277084205
1,-1,7925795999,10196463795464,1783481939287175464
3,-1,7937013332,10196474966378,1783481939298346378
0,-1,7941207999,10196479211266,1783481939302591202
2,-1,7947755000,10196485854377,1783481939309234345
1,-1,7957829000,10196495815267,1783481939319195267
3,-1,7969056000,10196507026917,1783481939330406853
0,-1,7973229000,10196511177885,1783481939334557853
2,-1,7979783999,10196517774436,1783481939341154500
1,-1,7989861999,10196527813726,1783481939351193662
3,-1,8001098666,10196539077536,1783481939362457504
0,-1,8005249999,10196543197176,1783481939366577144
2,-1,8011812999,10196549812191,1783481939373192159
1,-1,8021894999,10196559857306,1783481939383237242
3,-1,8033141332,10196571119611,1783481939394499579
0,-1,8037270999,10196575236691,1783481939398616659
2,-1,8043842000,10196581870458,1783481939405250394
1,-1,8053928000,10196591922645,1783481939415302613
3,-1,8065184000,10196603156631,1783481939426536631
0,-1,8069292000,10196607261167,1783481939430641167
2,-1,8075870999,10196613822293,1783481939437202229
1,-1,8085960999,10196623937648,1783481939447317648
3,-1,8097226666,10196635205394,1783481939458585330
0,-1,8101312999,10196639290762,1783481939462670730
2,-1,8107899999,10196645853168,1783481939469233072
1,-1,8117993999,10196655948971,1783481939479328939
3,-1,8129269332,10196667217325,1783481939490597293
0,-1,8133333999,10196671275877,1783481939494655845
2,-1,8139929000,10196677869291,1783481939501249227
1,-1,8150027000,10196687970214,1783481939511350182
3,-1,8161312000,10196699252456,1783481939522632424
0,-1,8165355000,10196703290528,1783481939526670560
2,-1,8171957999,10196709900230,1783481939533280198
1,-1,8182059999,10196720040162,1783481939543420130
3,-1,8193354666,10196731301539,1783481939554681539
0,-1,8197375999,10196735323323,1783481939558703291
2,-1,8203986999,10196741922785,1783481939565302753
1,-1,8214092999,10196752037789,1783481939575417725
3,-1,8225397332,10196763350751,1783481939586730719
0,-1,8229396999,10196767338614,1783481939590718582
2,-1,8236016000,10196773996125,1783481939597376061
1,-1,8246126000,10196784039127,1783481939607419095
3,-1,8257440000,10196795401370,1783481939618781338
0,-1,8261418000,10196799365041,1783481939622745009
2,-1,8268044999,10196806002584,1783481939629382552
1,-1,8278158999,10196816101939,1783481939639481971
3,-1,8289482666,10196827426485,1783481939650806421
0,-1,8293438999,10196831382156,1783481939654762188
2,-1,8300073999,10196838025267,1783481939661405235
1,-1,8310191999,10196848137614,1783481939671517550
3,-1,8321525332,10196859470672,1783481939682850672
0,-1,8325459999,10196863405799,1783481939686785767
2,-1,8332103000,10196870049198,1783481939693429198
1,-1,8342225000,10196880166761,1783481939703546665
3,-1,8353568000,10196891509675,1783481939714889643
0,-1,8357481000,10196895420610,1783481939718800546
2,-1,8364131999,10196902079049,1783481939725459017
1,-1,8374257999,10196912197316,1783481939735577284
3,-1,8385610666,10196923555399,1783481939746935367
0,-1,8389501999,10196927455006,1783481939750834974
2,-1,8396160999,10196934114724,1783481939757494692
1,-1,8406290999,10196944229568,1783481939767609536
3,-1,8417653332,10196955615138,1783481939778995138
0,-1,8421522999,10196959462617,1783481939782842585
2,-1,8428190000,10196966128127,1783481939789508063
1,-1,8438324000,10196976263515,1783481939799643483
3,-1,8449696000,10196987636861,1783481939811016829
2,-1,8460218999,10196998158651,1783481939821538619
1,-1,8470356999,10197008297142,1783481939831677078
3,-1,8481738666,10197019679992,1783481939843059928
2,-1,8492247999,10197030192054,1783481939853571990
1,-1,8502389999,10197040330769,1783481939863710705
3,-1,8513781332,10197051730868,1783481939875110836
0,-1,8517585999,10197055543402,1783481939878923370
2,-1,8524277000,10197062247121,1783481939885627057
1,-1,8534423000,10197072364268,1783481939895744236
3,-1,8545824000,10197083772911,1783481939907152879
0,-1,8549607000,10197087550437,1783481939910930405
2,-1,8556305999,10197094243948,1783481939917623884
1,-1,8566455999,10197104390503,1783481939927770471
3,-1,8577866666,10197115807594,1783481939939187562
0,-1,8581627999,10197119576544,1783481939942956512
2,-1,8588334999,10197126270279,1783481939949650215
1,-1,8598488999,10197136433667,1783481939959813603
3,-1,8609909332,10197147851013,1783481939971230981
0,-1,8613648999,10197151601435,1783481939974981403
2,-1,8620364000,10197158314850,1783481939981694786
1,-1,8630522000,10197168503134,1783481939991883102
3,-1,8641952000,10197179908513,1783481940003288481
0,-1,8645670000,10197183634678,1783481940007014646
2,-1,8652392999,10197190371102,1783481940013751070
1,-1,8662554999,10197200564089,1783481940023944057
3,-1,8673994666,10197211984668,1783481940035364668
0,-1,8677690999,10197215661426,1783481940039041426
2,-1,8684421999,10197222418297,1783481940045798297
1,-1,8694587999,10197232571444,1783481940055951412
3,-1,8706037332,10197244039575,1783481940067419575
0,-1,8709711999,10197247672269,1783481940071052237
2,-1,8716451000,10197254452436,1783481940077832404
1,-1,8726621000,10197264618064,1783481940087998032
3,-1,8738080000,10197276072915,1783481940099452883
0,-1,8741733000,10197279730600,1783481940103110568
2,-1,8748479999,10197286623184,1783481940110003184
1,-1,8758653999,10197296638507,1783481940120018475
3,-1,8770122666,10197308162798,1783481940131542734
0,-1,8773753999,10197311723747,1783481940135103747
2,-1,8780508999,10197318483659,1783481940141863627
1,-1,8790686999,10197328678566,1783481940152058534
0,-1,8805774999,10197343773310,1783481940167153214
2,-1,8812538000,10197350491622,1783481940173871622
1,-1,8822720000,10197360715233,1783481940184095169
0,-1,8837796000,10197375804218,1783481940199184218
2,-1,8844566999,10197382551073,1783481940205931073
1,-1,8854752999,10197392777181,1783481940216157181
3,-1,8866250666,10197404234880,1783481940227614880
0,-1,8869816999,10197407777204,1783481940231157204
2,-1,8876595999,10197414547004,1783481940237926972
1,-1,8886785999,10197424775256,1783481940248155288
3,-1,8898293332,10197436259547,1783481940259639515
0,-1,8901837999,10197439832176,1783481940263212336
2,-1,8908625000,10197446587063,1783481940269967063
1,-1,8918819000,10197456800275,1783481940280180243
3,-1,8930336000,10197468313846,1783481940291693814
0,-1,8933859000,10197471874155,1783481940295254123
2,-1,8940653999,10197478641555,1783481940302021523
1,-1,8950851999,10197488827406,1783481940312207342
3,-1,8962378666,10197500373042,1783481940323752978
0,-1,8965879999,10197503851014,1783481940327231014
2,-1,8972682999,10197510673486,1783481940334053454
1,-1,8982884999,10197520854921,1783481940344234921
3,-1,8994421332,10197532407021,1783481940355786957
0,-1,8997900999,10197535854305,1783481940359234273
2,-1,9004712000,10197542707529,1783481940366087465
1,-1,9014918000,10197552870180,1783481940376250116
3,-1,9026464000,10197564448616,1783481940387828584
0,-1,9029922000,10197567876092,1783481940391256028
2,-1,9036740999,10197574928741,1783481940398308677
3,-1,9058506666,10197596490819,1783481940419870819
0,-1,9061942999,10197599915511,1783481940423295479
3,-1,9090549332,10197628531711,1783481940451911647
0,-1,9093963999,10197631920786,1783481940455300754
1,-1,9111017000,10197648997942,1783481940472377910
3,-1,9122592000,10197660544378,1783481940483924410
0,-1,9125985000,10197663938798,1783481940487318766
2,-1,9132827999,10197670778230,1783481940494158198
1,-1,9143049999,10197680997041,1783481940504377009
3,-1,9154634666,10197692584341,1783481940515964309
0,-1,9158005999,10197695954889,1783481940519334921
2,-1,9164856999,10197702801969,1783481940526181937
1,-1,9175082999,10197713023788,1783481940536403756
3,-1,9186677332,10197724638832,1783481940548018768
0,-1,9190026999,10197727986948,1783481940551366884
2,-1,9196886000,10197734835052,1783481940558214988
1,-1,9207116000,10197745062920,1783481940568442856
3,-1,9218720000,10197756697804,1783481940580077772
0,-1,9222048000,10197760014111,1783481940583394047
2,-1,9228914999,10197766871271,1783481940590251239
1,-1,9239148999,10197777094211,1783481940600474147
3,-1,9250762666,10197788708103,1783481940612088071
0,-1,9254068999,10197792029498,1783481940615409498
2,-1,9260943999,10197798884706,1783481940622264642
1,-1,9271181999,10197809121150,1783481940632501086
3,-1,9282805332,10197820746210,1783481940644126210
0,-1,9286089999,10197824031157,1783481940647411093
2,-1,9292973000,10197830907901,1783481940654287869
1,-1,9303215000,10197841170457,1783481940664550425
3,-1,9314848000,10197852807421,1783481940676187389
0,-1,9318111000,10197856028880,1783481940679408848
2,-1,9325001999,10197862940153,1783481940686320121
1,-1,9335247999,10197873215573,1783481940696595509
3,-1,9346890666,10197884836377,1783481940708216345
0,-1,9350131999,10197888043307,1783481940711423275
2,-1,9357030999,10197894972212,1783481940718352244
1,-1,9367280999,10197905227952,1783481940728607984
3,-1,9378933332,10197916878644,1783481940740258612
0,-1,9382152999,10197920087591,1783481940743467527
2,-1,9389060000,10197926994191,1783481940750374127
1,-1,9399314000,10197937270667,1783481940760650667
3,-1,9410976000,10197948932687,1783481940772312623
0,-1,9414174000,10197952124322,1783481940775504290
2,-1,9421088999,10197959039274,1783481940782419242
1,-1,9431346999,10197969298854,1783481940792678854
3,-1,9443018666,10197980963018,1783481940804342986
0,-1,9446194999,10197984137597,1783481940807517565
2,-1,9453117999,10197991053061,1783481940814433157
1,-1,9463379999,10198001322401,1783481940824702369
3,-1,9475061332,10198013014662,1783481940836394598
0,-1,9478215999,10198016166328,1783481940839546264
2,-1,9485147000,10198023090753,1783481940846470721
1,-1,9495413000,10198033374429,1783481940856754397
3,-1,9507104000,10198045055617,1783481940868435585
0,-1,9510237000,10198048184595,1783481940871564595
2,-1,9517175999,10198055126972,1783481940878506908
1,-1,9527445999,10198065415480,1783481940888795480
3,-1,9539146666,10198077094620,1783481940900474588
0,-1,9542257999,10198080212399,1783481940903592367
2,-1,9549204999,10198087151159,1783481940910531127
1,-1,9559478999,10198097427827,1783481940920807827
3,-1,9571189332,10198109134616,1783481940932514616
0,-1,9574278999,10198112224394,1783481940935604362
2,-1,9581234000,10198119185170,1783481940942565138
1,-1,9591512000,10198129459054,1783481940952839022
3,-1,9603232000,10198141178003,1783481940964557971
0,-1,9606300000,10198144247397,1783481940967627365
2,-1,9613262999,10198151207085,1783481940974587053
1,-1,9623544999,10198161515562,1783481940984895530
3,-1,9635274666,10198173268206,1783481940996648174
0,-1,9638320999,10198176283808,1783481940999663776
2,-1,9645291999,10198183283337,1783481941006663305
1,-1,9655577999,10198193594565,1783481941016974565
3,-1,9667317332,10198205297674,1783481941028677642
0,-1,9670341999,10198208329019,1783481941031708955
2,-1,9677321000,10198215317572,1783481941038697540
1,-1,9687611000,10198225569760,1783481941048949728
3,-1,9699360000,10198237335493,1783481941060715461
0,-1,9702363000,10198240308502,1783481941063688438
2,-1,9709349999,10198247317631,1783481941070697599
1,-1,9719643999,10198257608251,1783481941080988251
3,-1,9731402666,10198269356096,1783481941092736224
0,-1,9734383999,10198272329841,1783481941095709777
2,-1,9741378999,10198279327898,1783481941102707866
1,-1,9751676999,10198289619895,1783481941112999831
3,-1,9763445332,10198301401851,1783481941124781819
0,-1,9766404999,10198304352077,1783481941127732077
2,-1,9773408000,10198311357910,1783481941134737878
1,-1,9783710000,10198321651954,1783481941145031922
3,-1,9795488000,10198333438071,1783481941156818039
0,-1,9798426000,10198336374248,1783481941159754216
2,-1,9805436999,10198343376433,1783481941166756401
1,-1,9815742999,10198353685645,1783481941177065645
3,-1,9827530666,10198365481810,1783481941188861778
0,-1,9830446999,10198368390627,1783481941191770595
2,-1,9837465999,10198375404812,1783481941198784780
1,-1,9847775999,10198385717992,1783481941209097928
3,-1,9859573332,10198397523853,1783481941220903853
2,-1,9869495000,10198407443015,1783481941230822951
1,-1,9879809000,10198417761380,1783481941241141380
3,-1,9891616000,10198429565897,1783481941252945865
2,-1,9901523999,10198439489699,1783481941262869667
1,-1,9911841999,10198449791999,1783481941273171935
3,-1,9923658666,10198461600836,1783481941284980804
0,-1,9926509999,10198464459637,1783481941287839637
2,-1,9933552999,10198471500510,1783481941294880414
1,-1,9943874999,10198481824314,1783481941305204346
3,-1,9955701332,10198493642079,1783481941317022079
0,-1,9958530999,10198496467888,1783481941319847824
2,-1,9965582000,10198503537913,1783481941326917849
1,-1,9975908000,10198513853781,1783481941337233749
3,-1,9987744000,10198525695003,1783481941349074971
0,-1,9990552000,10198528496683,1783481941351876651
2,-1,9997610999,10198535574932,1783481941358954900
1,-1,10007940999,10198545892209,1783481941369272177
3,-1,10019786666,10198557745686,1783481941381125654
0,-1,10022572999,10198560524038,1783481941383904038
2,-1,10029639999,10198567594800,1783481941390974768
1,-1,10039973999,10198577920876,1783481941401300844
3,-1,10051829332,10198589787185,1783481941413167153
0,-1,10054593999,10198592539393,1783481941415919361
2,-1,10061669000,10198599621419,1783481941423001387
1,-1,10072007000,10198609955207,1783481941433335175
3,-1,10083872000,10198621838093,1783481941445218029
0,-1,10086615000,10198624565469,1783481941447945437
2,-1,10093697999,10198631645702,1783481941455025670
1,-1,10104039999,10198641995874,1783481941465375842
3,-1,10115914666,10198653888680,1783481941477268616
0,-1,10118635999,10198656593784,1783481941479973784
2,-1,10125726999,10198663677409,1783481941487057345
1,-1,10136072999,10198674032670,1783481941497412606
3,-1,10147957332,10198685906595,1783481941509286563
0,-1,10150656999,10198688606899,1783481941511986835
2,-1,10157756000,10198695716829,1783481941519096765
1,-1,10168106000,10198706064313,1783481941529444281
3,-1,10180000000,10198717952574,1783481941541332542
0,-1,10182678000,10198720626670,1783481941544006638
2,-1,10189784999,10198727734712,1783481941551114712
1,-1,10200138999,10198738090228,1783481941561470196
0,-1,10214698999,10198752648841,1783481941576028809
2,-1,10221813999,10198759768019,1783481941583147987
1,-1,10232171999,10198770130992,1783481941593510928
0,-1,10246719999,10198784664004,1783481941608043972
2,-1,10253843000,10198791781774,1783481941615161742
1,-1,10264205000,10198802145963,1783481941625525931
3,-1,10276128000,10198814076592,1783481941637456560
0,-1,10278741000,10198816686208,1783481941640066176
2,-1,10285871999,10198823810121,1783481941647190057
1,-1,10296237999,10198834185990,1783481941657565958
3,-1,10308170666,10198846114060,1783481941669494028
0,-1,10310761999,10198848702363,1783481941672082331
2,-1,10317900999,10198855845029,1783481941679225061
1,-1,10328270999,10198866218113,1783481941689598113
3,-1,10340213332,10198878163463,1783481941701543431
0,-1,10342782999,10198880725942,1783481941704105878
2,-1,10349930000,10198887881440,1783481941711261408
1,-1,10360304000,10198898272573,1783481941721652509
3,-1,10372256000,10198910212706,1783481941733592674
0,-1,10374804000,10198912761265,1783481941736141233
2,-1,10381958999,10198919901915,1783481941743281851
1,-1,10392336999,10198930289624,1783481941753669592
3,-1,10404298666,10198942250686,1783481941765630622
0,-1,10406824999,10198944764492,1783481941768144428
2,-1,10413987999,10198951929750,1783481941775309686
1,-1,10424369999,10198962316627,1783481941785696563
3,-1,10436341332,10198974291993,1783481941797671929
0,-1,10438845999,10198976785864,1783481941800165832
2,-1,10446017000,10198983960658,1783481941807340626
3,-1,10468384000,10199006345300,1783481941829725300
0,-1,10470867000,10199008818499,1783481941832198499
3,-1,10500426666,10199038379504,1783481941861759472
0,-1,10502887999,10199040830558,1783481941864210494
1,-1,10520468999,10199058422981,1783481941881802917
3,-1,10532469332,10199070416267,1783481941893796235
0,-1,10534908999,10199072848985,1783481941896228921
2,-1,10542104000,10199080023811,1783481941903403811
1,-1,10552502000,10199090446336,1783481941913826336
3,-1,10564512000,10199102457830,1783481941925837798
0,-1,10566930000,10199104867924,1783481941928247860
2,-1,10574132999,10199112038462,1783481941935418462
1,-1,10584534999,10199122479323,1783481941945859291
3,-1,10596554666,10199134511202,1783481941957891170
0,-1,10598950999,10199136903120,1783481941960283088
2,-1,10606161999,10199144109274,1783481941967489210
1,-1,10616567999,10199154515191,1783481941977895159
3,-1,10628597332,10199166541629,1783481941989921565
0,-1,10630971999,10199168907243,1783481941992287211
2,-1,10638191000,10199176147861,1783481941999527797
1,-1,10648601000,10199186550450,1783481942009930418
3,-1,10660640000,10199198644665,1783481942022024601
0,-1,10662993000,10199200947142,1783481942024327110
2,-1,10670219999,10199208194640,1783481942031574608
1,-1,10680633999,10199218594893,1783481942041974893
3,-1,10692682666,10199230668532,1783481942054048500
0,-1,10695013999,10199232968609,1783481942056348577
2,-1,10702248999,10199240242700,1783481942063622668
1,-1,10712666999,10199250624072,1783481942074004072
3,-1,10724725332,10199262719951,1783481942086099887
0,-1,10727034999,10199264992508,1783481942088372476
2,-1,10734278000,10199272397384,1783481942095777352
1,-1,10744700000,10199282661508,1783481942106041476
3,-1,10756768000,10199294758315,1783481942118138283
0,-1,10759056000,10199297010136,1783481942120390072
2,-1,10766306999,10199304381187,1783481942127761155
1,-1,10776732999,10199314698303,1783481942138078335
3,-1,10788810666,10199326806310,1783481942150186278
0,-1,10791076999,10199329030643,1783481942152410579
2,-1,10798335999,10199336340478,1783481942159720446
1,-1,10808765999,10199346727546,1783481942170107514
3,-1,10820853332,10199358849473,1783481942182229409
0,-1,10823097999,10199361049902,1783481942184429870
2,-1,10830365000,10199368319737,1783481942191699705
1,-1,10840799000,10199378755702,1783481942202135670
3,-1,10852896000,10199390930685,1783481942214310685
0,-1,10855119000,10199393178730,1783481942216558698
2,-1,10862393999,10199400357236,1783481942223737204
1,-1,10872831999,10199410807985,1783481942234187953
3,-1,10884938666,10199422955992,1783481942246335960
0,-1,10887139999,10199425219877,1783481942248600005
2,-1,10894422999,10199432409679,1783481942255789615
1,-1,10904864999,10199442945997,1783481942266326029
3,-1,10916981332,10199454962707,1783481942278342675
0,-1,10919160999,10199457241665,1783481942280621633
2,-1,10926452000,10199464437323,1783481942287817291
1,-1,10936898000,10199475006312,1783481942298386248
3,-1,10949024000,10199486986126,1783481942310366094
0,-1,10951182000,10199489140187,1783481942312520155
2,-1,10958480999,10199496480326,1783481942319860294
1,-1,10968930999,10199506971875,1783481942330351843
3,-1,10981066666,10199519026858,1783481942342406826
0,-1,10983202999,10199521145782,1783481942344525750
2,-1,10990509999,10199528511489,1783481942351891457
1,-1,11000963999,10199538933790,1783481942362313758
3,-1,11013109332,10199551080581,1783481942374460517
0,-1,11015223999,10199553171281,1783481942376551217
2,-1,11022539000,10199560678397,1783481942384058333
1,-1,11032997000,10199570982234,1783481942394362202
3,-1,11045152000,10199583119713,1783481942406499713
0,-1,11047245000,10199585192397,1783481942408572397
2,-1,11054567999,10199592563640,1783481942415943640
1,-1,11065029999,10199603007253,1783481942426387221
3,-1,11077194666,10199615166780,1783481942438546748
0,-1,11079265999,10199617214440,1783481942440594376
2,-1,11086596999,10199624547219,1783481942447927219
1,-1,11097062999,10199635039376,1783481942458419376
3,-1,11109237332,10199647192823,1783481942470572791
0,-1,11111286999,10199649240675,1783481942472620675
2,-1,11118626000,10199656601550,1783481942479981518
1,-1,11129096000,10199667070155,1783481942490450123
3,-1,11141280000,10199679247283,1783481942502627251
0,-1,11143308000,10199681262494,1783481942504642430
2,-1,11150654999,10199688607209,1783481942511987241
1,-1,11161128999,10199699096423,1783481942522476391
3,-1,11173322666,10199711287854,1783481942534667822
0,-1,11175328999,10199713281658,1783481942536661658
2,-1,11182683999,10199720637317,1783481942544017285
1,-1,11193161999,10199731110018,1783481942554489954
3,-1,11205365332,10199743314889,1783481942566694825
0,-1,11207349999,10199745300629,1783481942568680597
2,-1,11214713000,10199752673344,1783481942576053312
1,-1,11225195000,10199763155165,1783481942586535101
3,-1,11237408000,10199775373477,1783481942598753445
0,-1,11239371000,10199777321104,1783481942600701104
2,-1,11246741999,10199784692379,1783481942608072347
1,-1,11257227999,10199795205433,1783481942618585401
3,-1,11269450666,10199807413376,1783481942630793344
2,-1,11278770999,10199816718550,1783481942640098550
1,-1,11289260999,10199827207604,1783481942650587572
3,-1,11301493332,10199839445755,1783481942662825691
2,-1,11310800000,10199848745202,1783481942672125170
1,-1,11321294000,10199859231951,1783481942682612015
3,-1,11333536000,10199871483159,1783481942694863127
0,-1,11335434000,10199873384514,1783481942696764514
2,-1,11342828999,10199880779277,1783481942704159245
1,-1,11353326999,10199891275914,1783481942714655914
3,-1,11365578666,10199903523250,1783481942726903218
0,-1,11367454999,10199905405373,1783481942728785405
2,-1,11374857999,10199912800264,1783481942736180232
1,-1,11385359999,10199923301286,1783481942746681254
3,-1,11397621332,10199935576269,1783481942758956237
0,-1,11399475999,10199937426328,1783481942760806328
2,-1,11406887000,10199944829284,1783481942768209220
1,-1,11417393000,10199955342337,1783481942778722305
3,-1,11429664000,10199967611689,1783481942790991625
0,-1,11431497000,10199969438611,1783481942792818547
2,-1,11438915999,10199976853695,1783481942800233663
1,-1,11449425999,10199987370524,1783481942810750524
3,-1,11461706666,10199999672868,1783481942823052836
0,-1,11463517999,10200001479631,1783481942824859599
2,-1,11470944999,10200008892122,1783481942832272122
1,-1,11481458999,10200019401912,1783481942842781848
3,-1,11493749332,10200031717312,1783481942855097280
0,-1,11495538999,10200033489418,1783481942856869386
2,-1,11502974000,10200040917909,1783481942864297845
1,-1,11513492000,10200051433235,1783481942874813203
3,-1,11525792000,10200063737947,1783481942887117883
0,-1,11527560000,10200065496357,1783481942888876325
2,-1,11535002999,10200072945137,1783481942896325105
1,-1,11545524999,10200083472622,1783481942906852590
3,-1,11557834666,10200095803542,1783481942919183542
0,-1,11559580999,10200097531392,1783481942920911392
2,-1,11567031999,10200104983116,1783481942928363084
1,-1,11577557999,10200115510826,1783481942938890762
3,-1,11589877332,10200127822930,1783481942951202898
0,-1,11591601999,10200129543676,1783481942952923644
2,-1,11599061000,10200137005991,1783481942960385991
1,-1,11609591000,10200147533573,1783481942970913573
0,-1,11623623000,10200161565687,1783481942984945655
2,-1,11631089999,10200169026338,1783481942992406306
1,-1,11641623999,10200179567360,1783481943002947360
0,-1,11655643999,10200193602546,1783481943016982514
2,-1,11663118999,10200201072286,1783481943024452254
1,-1,11673656999,10200211639676,1783481943035019644
3,-1,11686005332,10200224020228,1783481943047400196
0,-1,11687664999,10200225622925,1783481943049002861
2,-1,11695148000,10200233129881,1783481943056509881
1,-1,11705690000,10200243643415,1783481943067023383
3,-1,11718048000,10200256049599,1783481943079429535
0,-1,11719686000,10200257640649,1783481943081020617
2,-1,11727176999,10200265141237,1783481943088521237
1,-1,11737722999,10200275676946,1783481943099056882
3,-1,11750090666,10200288053339,1783481943111433307
0,-1,11751706999,10200289648804,1783481943113028740
2,-1,11759205999,10200297172048,1783481943120552016
1,-1,11769755999,10200307708045,1783481943131088045
3,-1,11782133332,10200320044502,1783481943143424438
0,-1,11783727999,10200321666367,1783481943145046335
2,-1,11791235000,10200329181803,1783481943152561803
1,-1,11801789000,10200339746249,1783481943163126217
3,-1,11814176000,10200352129009,1783481943175508977
0,-1,11815749000,10200353689498,1783481943177069466
2,-1,11823263999,10200361215942,1783481943184595878
1,-1,11833821999,10200371769572,1783481943195149540
3,-1,11846218666,10200384178413,1783481943207558413
0,-1,11847769999,10200385714550,1783481943209094486
2,-1,11855292999,10200393237954,1783481943216617986
3,-1,11878261332,10200416225064,1783481943239605032
0,-1,11879790999,10200417734065,1783481943241114001
3,-1,11910304000,10200448274820,1783481943271654788
0,-1,11911812000,10200449764396,1783481943273144364
1,-1,11929920999,10200467875926,1783481943291255894
3,-1,11942346666,10200480288319,1783481943303668287
0,-1,11943832999,10200481769095,1783481943305149063
2,-1,11951379999,10200489325044,1783481943312705012
1,-1,11961953999,10200499898577,1783481943323278545
3,-1,11974389332,10200512327994,1783481943335707930
0,-1,11975853999,10200513804099,1783481943337184067
2,-1,11983409000,10200521349263,1783481943344729263
1,-1,11993987000,10200531940269,1783481943355320237
3,-1,12006432000,10200544382934,1783481943367762934
0,-1,12007875000,10200545813822,1783481943369193726
2,-1,12015437999,10200553423851,1783481943376803819
1,-1,12026019999,10200563991368,1783481943387371336
3,-1,12038474666,10200576434929,1783481943399814897
0,-1,12039895999,10200577840985,1783481943401220921
2,-1,12047466999,10200585428102,1783481943408808038
1,-1,12058052999,10200596008324,1783481943419388420
3,-1,12070517332,10200608487149,1783481943431867149
0,-1,12071916999,10200609862549,1783481943433242517
2,-1,12079496000,10200617448449,1783481943440828417
1,-1,12090086000,10200628042687,1783481943451422655
3,-1,12102560000,10200640521192,1783481943463901160
0,-1,12103938000,10200641880624,1783481943465260592
2,-1,12111524999,10200649497340,1783481943472877276
1,-1,12122118999,10200660042586,1783481943483422554
3,-1,12134602666,10200672568995,1783481943495948963
0,-1,12135958999,10200673903595,1783481943497283627
2,-1,12143553999,10200681510136,1783481943504890136
1,-1,12154151999,10200692099318,1783481943515479286
3,-1,12166645332,10200704597599,1783481943527977631
0,-1,12167979999,10200705923686,1783481943529303814
2,-1,12175583000,10200713524115,1783481943536904083
1,-1,12186185000,10200724133521,1783481943547513489
3,-1,12198688000,10200736650042,1783481943560030010
0,-1,12200001000,10200737945826,1783481943561325794
2,-1,12207611999,10200745551054,1783481943568931022
1,-1,12218217999,10200756174092,1783481943579554060
3,-1,12230730666,10200768684789,1783481943592064757
0,-1,12232021999,10200769965181,1783481943593345117
2,-1,12239640999,10200777590506,1783481943600970474
1,-1,12250250999,10200788204712,1783481943611584712
3,-1,12262773332,10200800733841,1783481943624113809
0,-1,12264042999,10200801988632,1783481943625368600
2,-1,12271670000,10200809610853,1783481943632990853
1,-1,12282284000,10200820225059,1783481943643605059
3,-1,12294816000,10200832753740,1783481943656133708
0,-1,12296064000,10200834003859,1783481943657383827
2,-1,12303698999,10200841647392,1783481943665027328
1,-1,12314316999,10200852260222,1783481943675640190
3,-1,12326858666,10200864800136,1783481943688180104
0,-1,12328084999,10200866022703,1783481943689402639
2,-1,12335727999,10200873664507,1783481943697044507
1,-1,12346349999,10200884293978,1783481943707673946
3,-1,12358901332,10200896846563,1783481943720226531
0,-1,12360105999,10200898049066,1783481943721429034
2,-1,12367757000,10200905721975,1783481943729101911
1,-1,12378383000,10200916331573,1783481943739711541
3,-1,12390944000,10200928901566,1783481943752281566
0,-1,12392127000,10200930078437,1783481943753458437
2,-1,12399785999,10200937767218,1783481943761147154
1,-1,12410415999,10200948360432,1783481943771740368
3,-1,12422986666,10200960930586,1783481943784310554
0,-1,12424147999,10200962097569,1783481943785477505
2,-1,12431814999,10200969764077,1783481943793144045
1,-1,12442448999,10200980397900,1783481943803777804
3,-1,12455029332,10200992988917,1783481943816368885
0,-1,12456168999,10200994118716,1783481943817498684
2,-1,12463844000,10201001791753,1783481943825171753
1,-1,12474482000,10201012433159,1783481943835813127
3,-1,12487072000,10201025006960,1783481943848386928
0,-1,12488190000,10201026138423,1783481943849518391
2,-1,12495872999,10201033833668,1783481943857213636
1,-1,12506514999,10201044460002,1783481943867839970
3,-1,12519114666,10201057065996,1783481943880445964
0,-1,12520210999,10201058166066,1783481943881546098
2,-1,12527901999,10201065847263,1783481943889227263
1,-1,12538547999,10201076485694,1783481943899865662
3,-1,12551157332,10201089112103,1783481943912492103
0,-1,12552231999,10201090185006,1783481943913564974
2,-1,12559931000,10201097887163,1783481943921267131
1,-1,12570581000,10201108518777,1783481943931898745
3,-1,12583200000,10201121151203,1783481943944531171
0,-1,12584253000,10201122202985,1783481943945582921
2,-1,12591959999,10201129908918,1783481943953288854
1,-1,12602613999,10201140557364,1783481943963937364
3,-1,12615242666,10201153188958,1783481943976568894
0,-1,12616273999,10201154220580,1783481943977600548
2,-1,12623988999,10201161925681,1783481943985305649
1,-1,12634646999,10201172582032,1783481943995962000
3,-1,12647285332,10201185225562,1783481944008605498
0,-1,12648294999,10201186233151,1783481944009613087
2,-1,12656018000,10201193964429,1783481944017344397
1,-1,12666680000,10201204628907,1783481944028008843
3,-1,12679328000,10201217325333,1783481944040705301
2,-1,12688046999,10201226000232,1783481944049380200
1,-1,12698712999,10201236675686,1783481944060055654
3,-1,12711370666,10201249386737,1783481944072766673
2,-1,12720075999,10201258062020,1783481944081442020
1,-1,12730745999,10201268726018,1783481944092106018
3,-1,12743413332,10201281524845,1783481944104904813
0,-1,12744357999,10201282351250,1783481944105731218
2,-1,12752105000,10201290091135,1783481944113471135
1,-1,12762779000,10201300791998,1783481944124171934
3,-1,12775456000,10201313424487,1783481944136804455
0,-1,12776379000,10201314347373,1783481944137727341
2,-1,12784133999,10201322133722,1783481944145513658
1,-1,12794811999,10201332824601,1783481944156204569
3,-1,12807498666,10201345455971,1783481944168835971
0,-1,12808399999,10201346344392,1783481944169724360
2,-1,12816162999,10201354153910,1783481944177533878
1,-1,12826844999,10201364806100,1783481944188186068
3,-1,12839541332,10201377498174,1783481944200878142
0,-1,12840420999,10201378366851,1783481944201746819
2,-1,12848192000,10201386189105,1783481944209569041
1,-1,12858878000,10201396838479,1783481944220218447
3,-1,12871584000,10201409560218,1783481944232940186
0,-1,12872442000,10201410395551,1783481944233775487
2,-1,12880220999,10201418248205,1783481944241628141
1,-1,12890910999,10201428899563,1783481944252279499
3,-1,12903626666,10201441607125,1783481944264987189
0,-1,12904462999,10201442416570,1783481944265796698
2,-1,12912249999,10201450218504,1783481944273598504
1,-1,12922943999,10201460941542,1783481944284321510
3,-1,12935669332,10201473675633,1783481944297055601
0,-1,12936483999,10201474440629,1783481944297820629
2,-1,12944279000,10201482244739,1783481944305624739
1,-1,12954977000,10201492975906,1783481944316355842
3,-1,12967712000,10201505762829,1783481944329142797
0,-1,12968505000,10201506509521,1783481944329889457
2,-1,12976307999,10201514385375,1783481944337765311
1,-1,12987009999,10201525010781,1783481944348390749
3,-1,12999754666,10201537761768,1783481944361141736
0,-1,13000525999,10201538474348,1783481944361854316
2,-1,13008336999,10201546310138,1783481944369690106
1,-1,13019042999,10201557006104,1783481944380386072
0,-1,13032546999,10201570571624,1783481944393951592
2,-1,13040366000,10201578368021,1783481944401748021
1,-1,13051076000,10201589064564,1783481944412444532
0,-1,13064568000,10201602528355,1783481944425908483
2,-1,13072394999,10201610385713,1783481944433765649
1,-1,13083108999,10201621126767,1783481944444506735
3,-1,13095882666,10201633865594,1783481944457245562
0,-1,13096588999,10201634531134,1783481944457911070
2,-1,13104423999,10201642426700,1783481944465806700
1,-1,13115141999,10201653117387,1783481944476497323
3,-1,13127925332,10201665891605,1783481944489271605
0,-1,13128609999,10201666558105,1783481944489938073
2,-1,13136453000,10201674408679,1783481944497788647
1,-1,13147175000,10201685135686,1783481944508515622
3,-1,13159968000,10201697934513,1783481944521314481
0,-1,13160631000,10201698574772,1783481944521954804
2,-1,13168481999,10201706433826,1783481944529813794
1,-1,13179207999,10201717163009,1783481944540542945
3,-1,13192010666,10201729974604,1783481944553354572
0,-1,13192651999,10201730599216,1783481944553979152
2,-1,13200510999,10201738471262,1783481944561851230
1,-1,13211240999,10201749190525,1783481944572570525
3,-1,13224053332,10201762021256,1783481944585401256
0,-1,13224672999,10201762616619,1783481944585996619
2,-1,13232540000,10201770492057,1783481944593871993
1,-1,13243274000,10201781222872,1783481944604602968
3,-1,13256096000,10201794068259,1783481944617448227
0,-1,13256694000,10201794644806,1783481944618024806
2,-1,13264568999,10201802525620,1783481944625905588
3,-1,13288138666,10201826108222,1783481944649488190
0,-1,13288714999,10201826671234,1783481944650051170
3,-1,13320181332,10201858132378,1783481944681512314
0,-1,13320735999,10201858680029,1783481944682059997
1,-1,13339373000,10201877328426,1783481944700708362
3,-1,13352224000,10201890171893,1783481944713551829
0,-1,13352757000,10201890695608,1783481944714075576
2,-1,13360655999,10201898599046,1783481944721979014
1,-1,13371405999,10201909345829,1783481944732725797
3,-1,13384266666,10201922208945,1783481944745588913
0,-1,13384777999,10201922719764,1783481944746099700
2,-1,13392684999,10201930625378,1783481944754005314
1,-1,13403438999,10201941389441,1783481944764769377
3,-1,13416309332,10201954255532,1783481944777635468
0,-1,13416798999,10201954735503,1783481944778115439
2,-1,13424714000,10201962679581,1783481944786059549
1,-1,13435472000,10201973474588,1783481944796854556
3,-1,13448352000,10201986299527,1783481944809679495
0,-1,13448820000,10201986758474,1783481944810138442
2,-1,13456742999,10201994712985,1783481944818092953
1,-1,13467504999,10202005469336,1783481944828849304
3,-1,13480394666,10202018344963,1783481944841724931
0,-1,13480840999,10202018782470,1783481944842162438
2,-1,13488771999,10202026713332,1783481944850093268
1,-1,13499537999,10202037496211,1783481944860876147
3,-1,13512437332,10202050393246,1783481944873773214
0,-1,13512861999,10202050802241,1783481944874182209
2,-1,13520801000,10202058768975,1783481944882148975
1,-1,13531571000,10202069522798,1783481944892902766
3,-1,13544480000,10202082427002,1783481944905806970
0,-1,13544883000,10202082824604,1783481944906204572
2,-1,13552829999,10202090787147,1783481944914167115
1,-1,13563603999,10202101553098,1783481944924933066
3,-1,13576522666,10202114469141,1783481944937849077
0,-1,13576903999,10202114849463,1783481944938229431
2,-1,13584858999,10202122818214,1783481944946198182
1,-1,13595636999,10202133587013,1783481944956967141
3,-1,13608565332,10202146510065,1783481944969890033
0,-1,13608924999,10202146868563,1783481944970248531
2,-1,13616888000,10202154833633,1783481944978213633
1,-1,13627670000,10202165612832,1783481944988992800
3,-1,13640608000,10202178546860,1783481945001926828
0,-1,13640946000,10202178884238,1783481945002264206
2,-1,13648916999,10202186859165,1783481945010239165
1,-1,13659702999,10202197638972,1783481945021018940
3,-1,13672650666,10202210626344,1783481945034006280
0,-1,13672966999,10202210913481,1783481945034293449
2,-1,13680945999,10202218961913,1783481945042341849
1,-1,13691735999,10202229733784,1783481945053113752
3,-1,13704693332,10202242667875,1783481945066047875
0,-1,13704987999,10202242936485,1783481945066316421
2,-1,13712975000,10202250977172,1783481945074357140
1,-1,13723769000,10202261792627,1783481945085172595
3,-1,13736736000,10202274721343,1783481945098101311
0,-1,13737009000,10202274965920,1783481945098346016
2,-1,13745003999,10202283000239,1783481945106380239
1,-1,13755801999,10202293759086,1783481945117139022
3,-1,13768778666,10202306748570,1783481945130128602
0,-1,13769029999,10202306984412,1783481945130364348
2,-1,13777032999,10202314994090,1783481945138374058
1,-1,13787834999,10202325807274,1783481945149187210
3,-1,13800821332,10202338779638,1783481945162159574
0,-1,13801050999,10202338999607,1783481945162379575
2,-1,13809062000,10202347017894,1783481945170397862
1,-1,13819868000,10202357810149,1783481945181190117
3,-1,13832864000,10202370817457,1783481945194197425
0,-1,13833072000,10202371017906,1783481945194397874
2,-1,13841090999,10202379039585,1783481945202419553
1,-1,13851900999,10202389842080,1783481945213222080
3,-1,13864906666,10202402846540,1783481945226226508
0,-1,13865092999,10202403034670,1783481945226414638
2,-1,13873119999,10202411084573,1783481945234464509
1,-1,13883933999,10202421894652,1783481945245274620
3,-1,13896949332,10202434911368,1783481945258291336
0,-1,13897113999,10202435062217,1783481945258442185
2,-1,13905149000,10202443125208,1783481945266505208
1,-1,13915967000,10202453924439,1783481945277304407
3,-1,13928992000,10202466957252,1783481945290337252
0,-1,13929135000,10202467083364,1783481945290463300
2,-1,13937177999,10202475153139,1783481945298533139
1,-1,13947999999,10202485951091,1783481945309331059
3,-1,13961034666,10202498981087,1783481945322361087
0,-1,13961155999,10202499104416,1783481945322484384
2,-1,13969206999,10202507154991,1783481945330534991
1,-1,13980032999,10202517977934,1783481945341357934
3,-1,13993077332,10202531019578,1783481945354399514
0,-1,13993176999,10202531112603,1783481945354492571
2,-1,14001236000,10202539177226,1783481945362557194
1,-1,14012066000,10202550013961,1783481945373393897
3,-1,14025120000,10202563097206,1783481945386477206
0,-1,14025198000,10202563149270,1783481945386529206
2,-1,14033264999,10202571205637,1783481945394585605
1,-1,14044098999,10202582053669,1783481945405433669
3,-1,14057162666,10202595122545,1783481945418502513
0,-1,14057218999,10202595172146,1783481945418552082
2,-1,14065293999,10202603242177,1783481945426622113
1,-1,14076131999,10202614081824,1783481945437461792
3,-1,14089205332,10202627170381,1783481945450550349
2,-1,14097323000,10202635269660,1783481945458649628
1,-1,14108165000,10202646110844,1783481945469490812
3,-1,14121248000,10202659189480,1783481945482569448
2,-1,14129351999,10202667311896,1783481945490691864
1,-1,14140197999,10202678148567,1783481945501528567
3,-1,14153290666,10202691228804,1783481945514608740
0,-1,14153281999,10202691251236,1783481945514631172
2,-1,14161380999,10202699336755,1783481945522716691
1,-1,14172230999,10202710174419,1783481945533554355
0,-1,14185302999,10202723247455,1783481945546627423
3,-1,14185333332,10202723288223,1783481945546668191
2,-1,14193410000,10202731365327,1783481945554745295
1,-1,14204264000,10202742205646,1783481945565585646
0,-1,14217324000,10202755271386,1783481945578651354
3,-1,14217376000,10202755325019,1783481945578704987
2,-1,14225438999,10202763383626,1783481945586763562
1,-1,14236296999,10202774243305,1783481945597623241
0,-1,14249344999,10202787293750,1783481945610673686
3,-1,14249418666,10202787359542,1783481945610739478
2,-1,14257467999,10202795413093,1783481945618793061
1,-1,14268329999,10202806281637,1783481945629661605
0,-1,14281365999,10202819314385,1783481945642694321
3,-1,14281461332,10202819397138,1783481945642777106
2,-1,14289497000,10202827441729,1783481945650821793
1,-1,14300363000,10202838303488,1783481945661683488
0,-1,14313387000,10202851325100,1783481945674705068
3,-1,14313504000,10202851439981,1783481945674819949
2,-1,14321525999,10202859474780,1783481945682854716
1,-1,14332395999,10202870347836,1783481945693727772
0,-1,14345407999,10202883346504,1783481945706726472
3,-1,14345546666,10202883485033,1783481945706865001
2,-1,14353554999,10202891504503,1783481945714884439
1,-1,14364428999,10202902370487,1783481945725750487
0,-1,14377428999,10202915371907,1783481945738751875
3,-1,14377589332,10202915531012,1783481945738910980
2,-1,14385584000,10202923553843,1783481945746933811
1,-1,14396462000,10202934430579,1783481945757810579
0,-1,14409450000,10202947413439,1783481945770793407
3,-1,14409632000,10202947581376,1783481945770961312
2,-1,14417612999,10202955561998,1783481945778941966
1,-1,14428494999,10202966451374,1783481945789831342
0,-1,14441470999,10202979417978,1783481945802797946
2,-1,14449641999,10202987588106,1783481945810968106
1,-1,14460527999,10202998493801,1783481945821873769
0,-1,14473491999,10203011435829,1783481945834815797
2,-1,14481671000,10203019619589,1783481945842999589
1,-1,14492561000,10203030516997,1783481945853896965
0,-1,14505513000,10203043459281,1783481945866839249
3,-1,14505760000,10203043707218,1783481945867087154
2,-1,14513699999,10203051647424,1783481945875027424
1,-1,14524593999,10203062542432,1783481945885922368
0,-1,14537533999,10203075492972,1783481945898872908
3,-1,14537802666,10203075748173,1783481945899128109
2,-1,14545728999,10203083651324,1783481945907031292
1,-1,14556626999,10203094605628,1783481945917985628
0,-1,14569554999,10203107511655,1783481945930891623
3,-1,14569845332,10203107790601,1783481945931170569
2,-1,14577758000,10203115728407,1783481945939108375
1,-1,14588660000,10203126669783,1783481945950049783
0,-1,14601576000,10203139546307,1783481945962926275
3,-1,14601888000,10203139837732,1783481945963217732
2,-1,14609786999,10203147744339,1783481945971124307
1,-1,14620692999,10203158645171,1783481945982025139
0,-1,14633596999,10203171561214,1783481945994941214
3,-1,14633930666,10203171880384,1783481945995260384
2,-1,14641815999,10203179760686,1783481946003140622
1,-1,14652725999,10203190671278,1783481946014051214
0,-1,14665617999,10203203557849,1783481946026937753
3,-1,14665973332,10203203907803,1783481946027287771
2,-1,14673845000,10203211795402,1783481946035175370
0,-1,14697639000,10203235619733,1783481946058999701
3,-1,14698016000,10203235962519,1783481946059342551
0,-1,14729659999,10203267661872,1783481946091041840
3,-1,14730058666,10203268023571,1783481946091403539
1,-1,14748824999,10203286884449,1783481946110264385
0,-1,14761680999,10203299645132,1783481946123025100
3,-1,14762101332,10203300047022,1783481946123426990
2,-1,14769932000,10203307940572,1783481946131320540
1,-1,14780858000,10203318816252,1783481946142196220
0,-1,14793702000,10203331660359,1783481946155040327
3,-1,14794144000,10203332093706,1783481946155473674
2,-1,14801960999,10203339918775,1783481946163298743
1,-1,14812890999,10203350847127,1783481946174227095
0,-1,14825722999,10203363688866,1783481946187068834
3,-1,14826186666,10203364140133,1783481946187520101
2,-1,14833989999,10203371966131,1783481946195346099
1,-1,14844923999,10203382877203,1783481946206257139
0,-1,14857743999,10203395705982,1783481946219085982
3,-1,14858229332,10203396173313,1783481946219553281
2,-1,14866019000,10203403961038,1783481946227340974
1,-1,14876957000,10203414903150,1783481946238283118
0,-1,14889765000,10203427718809,1783481946251098809
3,-1,14890272000,10203428209116,1783481946251589052
2,-1,14898047999,10203435994314,1783481946259374346
1,-1,14908989999,10203446935274,1783481946270315242
0,-1,14921785999,10203459733204,1783481946283113204
3,-1,14922314666,10203460260984,1783481946283640984
2,-1,14930076999,10203468022853,1783481946291402789
1,-1,14941022999,10203478965925,1783481946302345861
0,-1,14953806999,10203491753872,1783481946315133872
3,-1,14954357332,10203492295507,1783481946315675475
2,-1,14962106000,10203500034048,1783481946323414016
1,-1,14973056000,10203510993760,1783481946334373728
0,-1,14985828000,10203523778411,1783481946347158411
3,-1,14986400000,10203524341775,1783481946347721711
2,-1,14994134999,10203532071452,1783481946355451452
1,-1,15005088999,10203543030428,1783481946366410428
0,-1,15017848999,10203555814887,1783481946379194919
3,-1,15018442666,10203556387370,1783481946379767306
2,-1,15026163999,10203564109271,1783481946387489271
1,-1,15037121999,10203575063351,1783481946398443351
0,-1,15049869999,10203587817250,1783481946411197218
3,-1,15050485332,10203588422534,1783481946411802502
2,-1,15058193000,10203596136243,1783481946419516211
1,-1,15069155000,10203607110579,1783481946430490515
0,-1,15081891000,10203619855710,1783481946443235710
3,-1,15082528000,10203620470049,1783481946443850017
2,-1,15090221999,10203628170030,1783481946451550158
1,-1,15101187999,10203639131214,1783481946462511150
0,-1,15113911999,10203651855865,1783481946475235865
3,-1,15114570666,10203652507933,1783481946475887933
2,-1,15122250999,10203660195626,1783481946483575562
1,-1,15133220999,10203671171306,1783481946494551274
0,-1,15145932999,10203683881108,1783481946507261108
3,-1,15146613332,10203684551800,1783481946507931768
2,-1,15154280000,10203692227333,1783481946515607301
1,-1,15165254000,10203703206309,1783481946526586245
0,-1,15177954000,10203715898064,1783481946539278064
3,-1,15178656000,10203716595732,1783481946539975668
2,-1,15186308999,10203724251904,1783481946547631872
1,-1,15197286999,10203735227521,1783481946558607489
0,-1,15209974999,10203747931051,1783481946571311051
3,-1,15210698666,10203748636751,1783481946572016719
2,-1,15218337999,10203756283132,1783481946579663132
1,-1,15229319999,10203767261756,1783481946590641724
0,-1,15241995999,10203779949670,1783481946603329670
3,-1,15242741332,10203780681739,1783481946604061707
2,-1,15250367000,10203788320727,1783481946611700695
1,-1,15261353000,10203799298168,1783481946622678136
0,-1,15274017000,10203811976674,1783481946635356642
3,-1,15274784000,10203812728390,1783481946636108358
2,-1,15282395999,10203820338931,1783481946643718899
1,-1,15293385999,10203831334099,1783481946654714035
0,-1,15306037999,10203844022877,1783481946667402877
3,-1,15306826666,10203844777282,1783481946668157282
2,-1,15314424999,10203852366414,1783481946675746446
1,-1,15325418999,10203863399247,1783481946686779247
0,-1,15338058999,10203876044025,1783481946699423993
3,-1,15338869332,10203876819997,1783481946700199965
2,-1,15346454000,10203884407882,1783481946707787850
1,-1,15357452000,10203895415018,1783481946718794986
0,-1,15370080000,10203908039348,1783481946731419348
3,-1,15370912000,10203908852601,1783481946732232537
2,-1,15378482999,10203916425925,1783481946739805893
1,-1,15389484999,10203927426693,1783481946750806629
0,-1,15402100999,10203940056847,1783481946763436815
3,-1,15402954666,10203940905588,1783481946764285524
2,-1,15410511999,10203948473121,1783481946771853089
1,-1,15421517999,10203959466433,1783481946782846369
0,-1,15434121999,10203972060043,1783481946795440043
3,-1,15434997332,10203972951280,1783481946796331280
2,-1,15442541000,10203980491900,1783481946803871836
1,-1,15453551000,10203991492540,1783481946814872508
0,-1,15466143000,10204004098790,1783481946827478726
3,-1,15467040000,10204004998539,1783481946828378507
2,-1,15474569999,10204012524632,1783481946835904600
1,-1,15485583999,10204023540536,1783481946846920504
3,-1,15499082666,10204037059015,1783481946860439015
2,-1,15506598999,10204044552147,1783481946867932115
1,-1,15517616999,10204055570515,1783481946878950451
3,-1,15531125332,10204069072546,1783481946892452514
2,-1,15538628000,10204076574286,1783481946899954254
1,-1,15549650000,10204087590767,1783481946910970703
0,-1,15562206000,10204100159160,1783481946923539096
3,-1,15563168000,10204101112094,1783481946924492062
2,-1,15570656999,10204108600970,1783481946931980906
1,-1,15581682999,10204119644938,1783481946943024874
0,-1,15594226999,10204132181204,1783481946955561172
3,-1,15595210666,10204133156697,1783481946956536761
2,-1,15602685999,10204140638917,1783481946964018885
1,-1,15613715999,10204151674278,1783481946975054246
0,-1,15626247999,10204164200399,1783481946987580399
3,-1,15627253332,10204165193429,1783481946988573493
2,-1,15634715000,10204172662049,1783481946996042017
1,-1,15645749000,10204183698945,1783481947007078881
0,-1,15658269000,10204196241195,1783481947019621163
3,-1,15659296000,10204197245713,1783481947020625649
2,-1,15666743999,10204204701180,1783481947028081116
1,-1,15677781999,10204215742077,1783481947039122013
0,-1,15690289999,10204228260966,1783481947051640934
3,-1,15691338666,10204229297420,1783481947052677388
2,-1,15698772999,10204236745464,1783481947060125432
1,-1,15709814999,10204247774776,1783481947071154744
0,-1,15722310999,10204260268161,1783481947083648161
3,-1,15723381332,10204261329512,1783481947084709480
2,-1,15730802000,10204268792275,1783481947092172243
1,-1,15741848000,10204279811220,1783481947103191188
0,-1,15754332000,10204292301309,1783481947115681277
3,-1,15755424000,10204293381347,1783481947116761315
2,-1,15762830999,10204300828463,1783481947124208399
1,-1,15773880999,10204311835919,1783481947135215855
0,-1,15786352999,10204324357433,1783481947147737433
3,-1,15787466666,10204325421151,1783481947148801151
2,-1,15794859999,10204332878122,1783481947156258122
1,-1,15805913999,10204343880683,1783481947167260651
0,-1,15818373999,10204356373460,1783481947179753428
3,-1,15819509332,10204357459770,1783481947180839738
2,-1,15826889000,10204364925702,1783481947188305670
1,-1,15837947000,10204375908550,1783481947199288550
0,-1,15850395000,10204388399151,1783481947211779119
2,-1,15858917999,10204396921985,1783481947220301953
1,-1,15869979999,10204407957314,1783481947231337282
0,-1,15882415999,10204420403531,1783481947243783531
2,-1,15890946999,10204428895868,1783481947252275836
1,-1,15902012999,10204439994237,1783481947263374205
0,-1,15914436999,10204452454886,1783481947275834854
3,-1,15915637332,10204453599405,1783481947276979533
2,-1,15922976000,10204460927096,1783481947284307064
1,-1,15934046000,10204472052665,1783481947295432601
0,-1,15946458000,10204484469666,1783481947307849634
3,-1,15947680000,10204485653353,1783481947309033353
2,-1,15955004999,10204492972372,1783481947316352468
1,-1,15966078999,10204504081589,1783481947327461557
0,-1,15978478999,10204516468765,1783481947339848765
3,-1,15979722666,10204517718308,1783481947341098244
2,-1,15987033999,10204525014511,1783481947348394447
1,-1,15998111999,10204536119440,1783481947359499376
0,-1,16010499999,10204548463448,1783481947371843384
3,-1,16011765332,10204549743296,1783481947373123232
2,-1,16019063000,10204557043179,1783481947380423147
1,-1,16030145000,10204568144940,1783481947391524908
0,-1,16042521000,10204580480532,1783481947403860468
3,-1,16043808000,10204581749275,1783481947405129371
2,-1,16051091999,10204589083942,1783481947412463910
1,-1,16062177999,10204600125671,1783481947423505607
0,-1,16074541999,10204612499279,1783481947435879247
3,-1,16075850666,10204613792375,1783481947437172311
2,-1,16083120999,10204621149858,1783481947444529794
0,-1,16106562999,10204644548043,1783481947467928043
3,-1,16107893332,10204645839154,1783481947469219090
0,-1,16138584000,10204676581606,1783481947499961542
3,-1,16139936000,10204677885166,1783481947501265102
1,-1,16158276999,10204696251033,1783481947519631001
0,-1,16170604999,10204708584834,1783481947531964802
3,-1,16171978666,10204709924521,1783481947533304457
2,-1,16179207999,10204717170484,1783481947540550484
1,-1,16190309999,10204728277461,1783481947551657429
0,-1,16202625999,10204740588349,1783481947563968317
3,-1,16204021332,10204741967493,1783481947565347461
2,-1,16211237000,10204749196463,1783481947572576431
1,-1,16222343000,10204760302256,1783481947583682224
0,-1,16234647000,10204772627448,1783481947596007416
3,-1,16236064000,10204774049505,1783481947597429473
2,-1,16243265999,10204781222923,1783481947604602859
1,-1,16254375999,10204792349164,1783481947615729132
0,-1,16266667999,10204804624916,1783481947628004884
3,-1,16268106666,10204806056924,1783481947629436860
2,-1,16275294999,10204813274278,1783481947636654246
1,-1,16286408999,10204824371463,1783481947647751495
0,-1,16298688999,10204836643599,1783481947660023535
3,-1,16300149332,10204838100184,1783481947661480152
2,-1,16307324000,10204845274562,1783481947668654562
1,-1,16318442000,10204856386275,1783481947679766243
0,-1,16330710000,10204868662219,1783481947692042187
3,-1,16332192000,10204870144051,1783481947693524019
2,-1,16339352999,10204877301725,1783481947700681661
1,-1,16350474999,10204888417566,1783481947711797566
0,-1,16362730999,10204900680358,1783481947724060294
3,-1,16364234666,10204902179983,1783481947725559919
2,-1,16371381999,10204909328185,1783481947732708153
1,-1,16382507999,10204920454874,1783481947743834842
0,-1,16394751999,10204932695841,1783481947756075809
3,-1,16396277332,10204934222474,1783481947757602442
2,-1,16403411000,10204941362196,1783481947764742164
1,-1,16414541000,10204952487829,1783481947775867797
0,-1,16426773000,10204964734301,1783481947788114269
3,-1,16428320000,10204966266854,1783481947789646790
2,-1,16435439999,10204973390384,1783481947796770352
1,-1,16446573999,10204984520561,1783481947807900529
0,-1,16458793999,10204996731832,1783481947820111800
3,-1,16460362666,10204998301473,1783481947821681409
2,-1,16467468999,10205005421227,1783481947828801227
1,-1,16478606999,10205016555052,1783481947839935052
0,-1,16490814999,10205028758996,1783481947852138964
3,-1,16492405332,10205030345053,1783481947853725021
2,-1,16499498000,10205037439303,1783481947860819303
1,-1,16510640000,10205048588008,1783481947871967976
0,-1,16522836000,10205060781967,1783481947884161903
3,-1,16524448000,10205062389689,1783481947885769657
2,-1,16531526999,10205069478818,1783481947892858786
1,-1,16542672999,10205080613443,1783481947903993443
0,-1,16554856999,10205092793771,1783481947916173771
3,-1,16556490666,10205094427700,1783481947917807668
2,-1,16563555999,10205101499870,1783481947924879838
1,-1,16574705999,10205112646367,1783481947936026367
0,-1,16586877999,10205124829830,1783481947948209798
3,-1,16588533332,10205126472272,1783481947949852240
2,-1,16595585000,10205133523449,1783481947956903385
1,-1,16606739000,10205144682394,1783481947968062362
0,-1,16618899000,10205156842529,1783481947980222465
3,-1,16620576000,10205158516075,1783481947981896011
2,-1,16627613999,10205165556116,1783481947988936052
1,-1,16638771999,10205176714358,1783481948000094326
0,-1,16650919999,10205188856381,1783481948012236349
3,-1,16652618666,10205190554887,1783481948013934919
2,-1,16659642999,10205197588336,1783481948020968272
1,-1,16670804999,10205208753649,1783481948032133617
0,-1,16682940999,10205220885848,1783481948044265816
3,-1,16684661332,10205222599906,1783481948045979906
2,-1,16691672000,10205229629100,1783481948053009068
1,-1,16702838000,10205240789453,1783481948064169389
0,-1,16714962000,10205252905012,1783481948076284948
3,-1,16716704000,10205254658174,1783481948078038174
2,-1,16723700999,10205261669767,1783481948085049767
1,-1,16734870999,10205272848713,1783481948096228681
0,-1,16746982999,10205284973552,1783481948108353552
3,-1,16748746666,10205286728762,1783481948110108698
2,-1,16755729999,10205293742595,1783481948117122563
1,-1,16766903999,10205304877604,1783481948128257508
0,-1,16779003999,10205316956619,1783481948140336587
3,-1,16780789332,10205318733685,1783481948142113621
2,-1,16787759000,10205325708286,1783481948149088286
1,-1,16798937000,10205336883904,1783481948160263904
0,-1,16811025000,10205348975590,1783481948172355590
3,-1,16812832000,10205350772305,1783481948174152273
2,-1,16819787999,10205357736858,1783481948181116826
1,-1,16830969999,10205368911003,1783481948192290939
0,-1,16843045999,10205380989826,1783481948204369762
3,-1,16844874666,10205382810924,1783481948206190860
2,-1,16851816999,10205389752981,1783481948213132949
1,-1,16863002999,10205400952279,1783481948224332247
0,-1,16875066999,10205413010013,1783481948236390141
3,-1,16876917332,10205414858664,1783481948238238632
2,-1,16883846000,10205421786641,1783481948245166641
1,-1,16895036000,10205432980658,1783481948256360658
3,-1,16908960000,10205446898788,1783481948270278724
2,-1,16915874999,10205453825580,1783481948277205548
1,-1,16927068999,10205465009678,1783481948288389614
3,-1,16941002666,10205478953759,1783481948302333727
2,-1,16947903999,10205485848552,1783481948309228520
1,-1,16959101999,10205497048841,1783481948320428809
0,-1,16971129999,10205509076304,1783481948332456336
3,-1,16973045332,10205510984987,1783481948334364955
2,-1,16979933000,10205517872643,1783481948341252611
1,-1,16991135000,10205529078245,1783481948352458181
0,-1,17003151000,10205541093675,1783481948364473611
3,-1,17005088000,10205543025558,1783481948366405526
2,-1,17011961999,10205549911423,1783481948373291391
1,-1,17023167999,10205561113408,1783481948384493312
0,-1,17035171999,10205573123239,1783481948396503239
3,-1,17037130666,10205575072274,1783481948398452242
2,-1,17043990999,10205581940346,1783481948405320314
1,-1,17055200999,10205593146524,1783481948416526492
0,-1,17067192999,10205605128290,1783481948428508258
3,-1,17069173332,10205607115598,1783481948430495598
2,-1,17076020000,10205613967094,1783481948437347062
1,-1,17087234000,10205625177271,1783481948448557239
0,-1,17099214000,10205637154237,1783481948460534205
3,-1,17101216000,10205639155593,1783481948462535561
2,-1,17108048999,10205645997713,1783481948469377681
1,-1,17119266999,10205657205811,1783481948480585811
0,-1,17131234999,10205669169145,1783481948492549113
3,-1,17133258666,10205671201733,1783481948494581701
2,-1,17140077999,10205678036877,1783481948501416845
1,-1,17151299999,10205689237806,1783481948512617774
0,-1,17163255999,10205701211509,1783481948524591445
3,-1,17165301332,10205703247840,1783481948526627808
2,-1,17172107000,10205710054056,1783481948533434024
1,-1,17183333000,10205721277162,1783481948544657130
0,-1,17195277000,10205733216720,1783481948556596656
3,-1,17197344000,10205735285820,1783481948558665788
2,-1,17204135999,10205742084548,1783481948565464484
1,-1,17215365999,10205753323046,1783481948576703014
0,-1,17227297999,10205765251211,1783481948588631147
3,-1,17229386666,10205767335160,1783481948590715128
2,-1,17236164999,10205774118047,1783481948597498175
1,-1,17247398999,10205785352289,1783481948608732193
0,-1,17259318999,10205797301063,1783481948620681031
2,-1,17268194000,10205806147195,1783481948629527131
1,-1,17279432000,10205817386493,1783481948640766461
0,-1,17291340000,10205829302370,1783481948652682338
2,-1,17300222999,10205838186710,1783481948661566710
1,-1,17311464999,10205849413976,1783481948672793976
0,-1,17323360999,10205861314238,1783481948684694238
3,-1,17325514666,10205863461610,1783481948686841610
2,-1,17332251999,10205870196722,1783481948693576850
1,-1,17343497999,10205881439572,1783481948704819540
0,-1,17355381999,10205893326873,1783481948716706809
3,-1,17357557332,10205895499750,1783481948718879718
2,-1,17364281000,10205902216589,1783481948725596557
1,-1,17375531000,10205913476367,1783481948736856367
0,-1,17387403000,10205925347509,1783481948748727445
3,-1,17389600000,10205927542178,1783481948750922114
2,-1,17396309999,10205934245033,1783481948757625001
1,-1,17407563999,10205945506923,1783481948768886891
0,-1,17419423999,10205957372784,1783481948780752720
3,-1,17421642666,10205959594589,1783481948782974589
2,-1,17428338999,10205966283716,1783481948789663684
1,-1,17439596999,10205977551302,1783481948800931238
0,-1,17451444999,10205989390732,1783481948812770700
3,-1,17453685332,10205991635353,1783481948815015321
2,-1,17460368000,10205998310080,1783481948821690080
1,-1,17471630000,10206009586114,1783481948832966114
0,-1,17483466000,10206021412711,1783481948844792647
3,-1,17485728000,10206023668596,1783481948847048564
2,-1,17492396999,10206030332827,1783481948853712795
0,-1,17515486999,10206053436035,1783481948876816003
3,-1,17517770666,10206055717488,1783481948879097488
0,-1,17547507999,10206085455422,1783481948908835358
3,-1,17549813332,10206087755724,1783481948911135692
1,-1,17567729000,10206105677013,1783481948929056949
0,-1,17579529000,10206117469114,1783481948940849082
3,-1,17581856000,10206119793991,1783481948943173959
2,-1,17588483999,10206126432910,1783481948949812878
1,-1,17599761999,10206137709200,1783481948961089136
0,-1,17611549999,10206149493973,1783481948972873909
3,-1,17613898666,10206151837987,1783481948975217923
2,-1,17620512999,10206158458026,1783481948981837962
1,-1,17631794999,10206169732204,1783481948993112236
0,-1,17643570999,10206181517297,1783481949004897265
3,-1,17645941332,10206183878814,1783481949007258782
2,-1,17652542000,10206190475653,1783481949013855621
1,-1,17663828000,10206201799847,1783481949025179783
0,-1,17675592000,10206213545708,1783481949036925676
3,-1,17677984000,10206215934266,1783481949039314170
2,-1,17684570999,10206222507041,1783481949045887009
1,-1,17695860999,10206233820643,1783481949057200611
0,-1,17707612999,10206245555016,1783481949068934952
3,-1,17710026666,10206247968598,1783481949071348630
2,-1,17716599999,10206254536924,1783481949077916892
1,-1,17727893999,10206265833310,1783481949089213278
0,-1,17739633999,10206277622915,1783481949101002883
3,-1,17742069332,10206280041265,1783481949103421201
2,-1,17748629000,10206286577784,1783481949109957720
1,-1,17759927000,10206297922906,1783481949121302874
0,-1,17771655000,10206309612223,1783481949132992223
3,-1,17774112000,10206312055341,1783481949135435341
2,-1,17780657999,10206318613267,1783481949141993203
1,-1,17791959999,10206329940086,1783481949153320086
0,-1,17803675999,10206341633594,1783481949165013594
3,-1,17806154666,10206344119689,1783481949167499689
2,-1,17812686999,10206350656303,1783481949174036239
1,-1,17823992999,10206361988145,1783481949185368145
0,-1,17835696999,10206373646742,1783481949197026710
3,-1,17838197332,10206376159140,1783481949199539108
2,-1,17844716000,10206382699435,1783481949206079403
1,-1,17856026000,10206393986765,1783481949217366733
0,-1,17867718000,10206405679889,1783481949229059889
3,-1,17870240000,10206408195808,1783481949231575776
2,-1,17876744999,10206414714758,1783481949238094694
1,-1,17888058999,10206426022568,1783481949249402536
0,-1,17899738999,10206437704109,1783481949261084109
3,-1,17902282666,10206440235804,1783481949263615740
2,-1,17908773999,10206446741762,1783481949270121762
1,-1,17920091999,10206458052420,1783481949281432388
0,-1,17931759999,10206469722632,1783481949293102600
3,-1,17934325332,10206472270807,1783481949295650775
2,-1,17940803000,10206478751773,1783481949302131741
1,-1,17952125000,10206490077055,1783481949313457055
0,-1,17963781000,10206501743300,1783481949325123300
3,-1,17966368000,10206504314835,1783481949327694803
2,-1,17972831999,10206510776249,1783481949334156217
1,-1,17984157999,10206522108827,1783481949345488763
0,-1,17995801999,10206533759199,1783481949357139167
3,-1,17998410666,10206536357774,1783481949359737742
2,-1,18004860999,10206542815860,1783481949366195796
1,-1,18016190999,10206554146487,1783481949377526487
0,-1,18027822999,10206565778715,1783481949389158683
3,-1,18030453332,10206568403594,1783481949391783562
2,-1,18036890000,10206574847824,1783481949398227792
1,-1,18048224000,10206586191538,1783481949409571506
0,-1,18059844000,10206597794134,1783481949421174102
3,-1,18062496000,10206600454438,1783481949423834406
2,-1,18068918999,10206606892556,1783481949430272492
1,-1,18080256999,10206618211822,1783481949441591790
0,-1,18091864999,10206629824274,1783481949453204242
3,-1,18094538666,10206632497057,1783481949455877025
2,-1,18100947999,10206638906087,1783481949462286055
1,-1,18112289999,10206650257289,1783481949473637257
0,-1,18123885999,10206661870893,1783481949485250861
3,-1,18126581332,10206664532317,1783481949487912285
2,-1,18132977000,10206671103588,1783481949494483524
1,-1,18144323000,10206682289285,1783481949505669285
0,-1,18155907000,10206693912329,1783481949517292297
3,-1,18158624000,10206696585209,1783481949519965177
2,-1,18165005999,10206702986622,1783481949526366590
1,-1,18176355999,10206714312417,1783481949537692353
0,-1,18187927999,10206725893252,1783481949549273284
3,-1,18190666666,10206728620948,1783481949552000916
2,-1,18197034999,10206734985594,1783481949558365562
1,-1,18208388999,10206746346364,1783481949569726332
0,-1,18219948999,10206757904416,1783481949581284384
3,-1,18222709332,10206760656656,1783481949584036592
2,-1,18229064000,10206767005589,1783481949590385525
1,-1,18240422000,10206778364824,1783481949601744760
0,-1,18251970000,10206789932219,1783481949613312219
3,-1,18254752000,10206792704460,1783481949616084428
2,-1,18261092999,10206799040113,1783481949622420081
1,-1,18272454999,10206810404115,1783481949633784083
0,-1,18283990999,10206821944183,1783481949645324183
3,-1,18286794666,10206824741767,1783481949648121767
2,-1,18293121999,10206831088044,1783481949654468012
1,-1,18304487999,10206842437775,1783481949665817807
3,-1,18318837332,10206856792803,1783481949680172803
2,-1,18325151000,10206863101960,1783481949686481960
1,-1,18336521000,10206874465034,1783481949697845002
3,-1,18350880000,10206888828479,1783481949712208447
2,-1,18357179999,10206895127907,1783481949718507875
1,-1,18368553999,10206906500646,1783481949729880614
0,-1,18380053999,10206918007529,1783481949741387529
3,-1,18382922666,10206920869658,1783481949744249594
2,-1,18389208999,10206927151999,1783481949750531935
1,-1,18400586999,10206938534690,1783481949761914658
0,-1,18412074999,10206950045381,1783481949773425349
3,-1,18414965332,10206952916502,1783481949776296438
2,-1,18421238000,10206959202299,1783481949782582299
1,-1,18432620000,10206970573149,1783481949793953117
0,-1,18444096000,10206982053184,1783481949805433152
3,-1,18447008000,10206984950577,1783481949808330513
2,-1,18453266999,10206991216854,1783481949814596790
1,-1,18464652999,10207002598265,1783481949825978265
0,-1,18476116999,10207014067100,1783481949837447036
3,-1,18479050666,10207016992845,1783481949840372781
2,-1,18485295999,10207023240402,1783481949846620370
1,-1,18496685999,10207034628372,1783481949858008308
0,-1,18508137999,10207046094775,1783481949869474743
3,-1,18511093332,10207049037897,1783481949872417929
2,-1,18517325000,10207055273101,1783481949878653037
1,-1,18528719000,10207066684432,1783481949890064400
0,-1,18540159000,10207078114675,1783481949901494675
3,-1,18543136000,10207081091716,1783481949904471812
2,-1,18549353999,10207087300361,1783481949910680329
1,-1,18560751999,10207098691499,1783481949922071435
0,-1,18572179999,10207110127182,1783481949933507182
3,-1,18575178666,10207113121664,1783481949936501632
2,-1,18581382999,10207119320740,1783481949942700708
1,-1,18592784999,10207130731847,1783481949954111815
0,-1,18604200999,10207142155882,1783481949965535850
3,-1,18607221332,10207145167932,1783481949968547900
2,-1,18613412000,10207151360352,1783481949974740288
1,-1,18624818000,10207162783971,1783481949986163971
0,-1,18636222000,10207174157925,1783481949997537925
3,-1,18639264000,10207177213239,1783481950000593207
2,-1,18645440999,10207183389083,1783481950006769051
1,-1,18656850999,10207194804606,1783481950018184574
0,-1,18668242999,10207206196801,1783481950029576769
2,-1,18677469999,10207215414551,1783481950038794519
1,-1,18688883999,10207226830458,1783481950050210426
0,-1,18700263999,10207238213021,1783481950061593021
2,-1,18709499000,10207247443091,1783481950070823091
1,-1,18720917000,10207258855861,1783481950082235829
0,-1,18732285000,10207270226968,1783481950093606968
3,-1,18735392000,10207273330474,1783481950096710506
2,-1,18741527999,10207279470510,1783481950102850478
1,-1,18752949999,10207290938481,1783481950114318449
0,-1,18764305999,10207302292212,1783481950125672212
3,-1,18767434666,10207305383142,1783481950128763078
2,-1,18773556999,10207311502250,1783481950134882218
1,-1,18784982999,10207322948941,1783481950146328877
0,-1,18796326999,10207334285327,1783481950157665295
3,-1,18799477332,10207337425282,1783481950160805250
2,-1,18805586000,10207343555302,1783481950166935270
1,-1,18817016000,10207354964648,1783481950178344616
0,-1,18828348000,10207366314507,1783481950189694475
3,-1,18831520000,10207369470173,1783481950192850141
2,-1,18837614999,10207375581889,1783481950198961889
1,-1,18849048999,10207386999812,1783481950210379780
0,-1,18860368999,10207398320390,1783481950221700390
3,-1,18863562666,10207401505369,1783481950224885305
2,-1,18869643999,10207407581693,1783481950230961661
1,-1,18881081999,10207419029344,1783481950242409440
0,-1,18892389999,10207430348322,1783481950253728290
3,-1,18895605332,10207433558453,1783481950256938389
2,-1,18901673000,10207439625624,1783481950263005688
0,-1,18924411000,10207462400286,1783481950285780254
3,-1,18927648000,10207465596944,1783481950288976912
0,-1,18956431999,10207494430265,1783481950317810233
3,-1,18959690666,10207497658476,1783481950321038412
1,-1,18977180999,10207515186003,1783481950338565971
0,-1,18988452999,10207526433909,1783481950349813909
3,-1,18991733332,10207529692552,1783481950353072520
2,-1,18997760000,10207535709259,1783481950359089227
1,-1,19009214000,10207547201198,1783481950370581166
0,-1,19020474000,10207558463792,1783481950381843760
3,-1,19023776000,10207561768516,1783481950385148516
2,-1,19029788999,10207567767079,1783481950391147047
1,-1,19041246999,10207579202474,1783481950402582442
0,-1,19052494999,10207590453356,1783481950413833324
3,-1,19055818666,10207593769151,1783481950417149151
2,-1,19061817999,10207599787010,1783481950423167010
1,-1,19073279999,10207611264998,1783481950434644966
0,-1,19084515999,10207622480199,1783481950445860167
3,-1,19087861332,10207625843323,1783481950449223291
2,-1,19093847000,10207631837118,1783481950455217054
1,-1,19105313000,10207643276993,1783481950466656961
0,-1,19116537000,10207654490147,1783481950477870115
3,-1,19119904000,10207657846582,1783481950481226518
2,-1,19125875999,10207663816409,1783481950487196409
1,-1,19137345999,10207675301501,1783481950498681469
0,-1,19148557999,10207686503198,1783481950509883198
3,-1,19151946666,10207689882770,1783481950513262706
2,-1,19157904999,10207695840277,1783481950519220373
1,-1,19169378999,10207707337656,1783481950530717624
0,-1,19180578999,10207718522298,1783481950541902266
3,-1,19183989332,10207721933294,1783481950545313262
2,-1,19189934000,10207727876625,1783481950551256561
1,-1,19201412000,10207739355220,1783481950562735156
0,-1,19212600000,10207750540213,1783481950573920149
3,-1,19216032000,10207753967753,1783481950577347721
2,-1,19221962999,10207759895724,1783481950583275660
1,-1,19233444999,10207771381295,1783481950594761263
0,-1,19244620999,10207782566001,1783481950605945969
3,-1,19248074666,10207786028741,1783481950609408709
2,-1,19253991999,10207791945832,1783481950615325832
1,-1,19265477999,10207803454347,1783481950626834347
0,-1,19276641999,10207814593261,1783481950637973229
3,-1,19280117332,10207818069601,1783481950641449569
2,-1,19286021000,10207823984356,1783481950647364324
1,-1,19297511000,10207835473127,1783481950658853127
0,-1,19308663000,10207846612808,1783481950669992776
3,-1,19312160000,10207850103581,1783481950673483549
2,-1,19318049999,10207855996671,1783481950679376607
1,-1,19329543999,10207867487042,1783481950690867010
0,-1,19340683999,10207878624100,1783481950702004036
3,-1,19344202666,10207882140120,1783481950705520120
2,-1,19350078999,10207888032251,1783481950711412219
1,-1,19361576999,10207899513598,1783481950722893566
0,-1,19372704999,10207910645343,1783481950734025311
3,-1,19376245332,10207914180564,1783481950737560500
2,-1,19382108000,10207920045046,1783481950743425046
1,-1,19393610000,10207931571610,1783481950754951578
0,-1,19404726000,10207942675995,1783481950766055963
3,-1,19408288000,10207946240208,1783481950769620144
2,-1,19414136999,10207952086226,1783481950775466226
1,-1,19425642999,10207963590421,1783481950786970389
0,-1,19436746999,10207974696470,1783481950798076406
3,-1,19440330666,10207978268011,1783481950801647979
2,-1,19446165999,10207984113837,1783481950807493773
1,-1,19457675999,10207995615153,1783481950818995089
0,-1,19468767999,10208006717522,1783481950830097490
3,-1,19472373332,10208010316167,1783481950833696135
2,-1,19478195000,10208016140329,1783481950839520265
1,-1,19489709000,10208027652140,1783481950851032076
0,-1,19500789000,10208038753005,1783481950862133005
3,-1,19504416000,10208042366371,1783481950865746339
2,-1,19510223999,10208048176613,1783481950871556549
1,-1,19521741999,10208059691560,1783481950883071496
0,-1,19532809999,10208070755945,1783481950894135881
3,-1,19536458666,10208074398046,1783481950897778014
2,-1,19542252999,10208080201408,1783481950903581376
1,-1,19553774999,10208091721572,1783481950915101508
0,-1,19564830999,10208102777188,1783481950926157156
3,-1,19568501332,10208106441946,1783481950929821914
2,-1,19574282000,10208112226588,1783481950935606524
1,-1,19585808000,10208123748159,1783481950947128095
0,-1,19596852000,10208134797504,1783481950958177472
3,-1,19600544000,10208138482838,1783481950961862774
2,-1,19606310999,10208144269752,1783481950967649720
1,-1,19617840999,10208155789179,1783481950979169147
0,-1,19628872999,10208166817180,1783481950990197180
3,-1,19632586666,10208170523089,1783481950993903057
2,-1,19638339999,10208176281555,1783481950999661491
1,-1,19649873999,10208187817751,1783481951011197719
0,-1,19660893999,10208198866679,1783481951022246647
3,-1,19664629332,10208202568525,1783481951025948493
2,-1,19670369000,10208208314223,1783481951031694159
1,-1,19681907000,10208219850962,1783481951043230898
0,-1,19692915000,10208230879123,1783481951054259091
3,-1,19696672000,10208234625641,1783481951058005577
2,-1,19702397999,10208240346602,1783481951063726538
1,-1,19713939999,10208251885582,1783481951075265518
3,-1,19728714666,10208266689637,1783481951090069637
2,-1,19734426999,10208272384486,1783481951095764454
1,-1,19745972999,10208283950026,1783481951107329994
3,-1,19760757332,10208298707488,1783481951122087456
2,-1,19766456000,10208304415298,1783481951127795266
1,-1,19778006000,10208316052518,1783481951139432454
0,-1,19788978000,10208326973126,1783481951150353094
3,-1,19792800000,10208330757244,1783481951154137212
2,-1,19798484999,10208336468285,1783481951159848285
1,-1,19810038999,10208348035169,1783481951171415137
0,-1,19820998999,10208358976353,1783481951182356289
3,-1,19824842666,10208362784920,1783481951186164888
2,-1,19830513999,10208368516921,1783481951191896889
1,-1,19842071999,10208380051453,1783481951203431421
0,-1,19853019999,10208390980861,1783481951214360861
3,-1,19856885332,10208394830771,1783481951218210707
2,-1,19862543000,10208400498549,1783481951223878485
1,-1,19874105000,10208412036376,1783481951235416344
0,-1,19885041000,10208422994904,1783481951246374872
3,-1,19888928000,10208426880143,1783481951250260111
2,-1,19894571999,10208432513200,1783481951255893168
1,-1,19906137999,10208444085748,1783481951267465716
0,-1,19917061999,10208455011604,1783481951278391572
3,-1,19920970666,10208458911051,1783481951282291019
2,-1,19926600999,10208464541004,1783481951287921004
1,-1,19938170999,10208476113712,1783481951299493712
0,-1,19949082999,10208487041072,1783481951310421040
3,-1,19953013332,10208490958151,1783481951314338087
2,-1,19958630000,10208496570695,1783481951319950663
1,-1,19970204000,10208508148555,1783481951331528523
0,-1,19981104000,10208519050955,1783481951342430923
3,-1,19985056000,10208522998146,1783481951346378114
2,-1,19990658999,10208528610051,1783481951351990019
1,-1,20002236999,10208540183463,1783481951363563431
0,-1,20013124999,10208551070919,1783481951374450855
3,-1,20017098666,10208555041598,1783481951378421566
2,-1,20022687999,10208560628607,1783481951384008575
1,-1,20034269999,10208572211107,1783481951395591107
0,-1,20045145999,10208583090562,1783481951406470498
3,-1,20049141332,10208587094746,1783481951410474714
2,-1,20054717000,10208592662938,1783481951416042906
1,-1,20066303000,10208604242814,1783481951427622782
0,-1,20077167000,10208615110302,1783481951438490270
2,-1,20086745999,10208624684886,1783481951448064854
1,-1,20098335999,10208636279514,1783481951459659450
0,-1,20109187999,10208647134585,1783481951470514553
2,-1,20118774999,10208656714450,1783481951480094418
1,-1,20130368999,10208668307797,1783481951491687733
0,-1,20141208999,10208679148117,1783481951502528085
3,-1,20145269332,10208683208557,1783481951506588525
2,-1,20150804000,10208688743437,1783481951512123373
1,-1,20162402000,10208700345713,1783481951523725681
0,-1,20173230000,10208711176273,1783481951534556209
3,-1,20177312000,10208715250953,1783481951538631113
2,-1,20182832999,10208720783113,1783481951544163113
1,-1,20194434999,10208732384621,1783481951555764589
0,-1,20205250999,10208743217100,1783481951566597036
3,-1,20209354666,10208747357349,1783481951570737285
2,-1,20214861999,10208752827077,1783481951576207045
1,-1,20226467999,10208764427273,1783481951587807241
0,-1,20237271999,10208775225960,1783481951598605928
3,-1,20241397332,10208779345664,1783481951602725696
2,-1,20246891000,10208784839168,1783481951608219136
1,-1,20258501000,10208796449828,1783481951619829828
0,-1,20269293000,10208807266052,1783481951630646084
3,-1,20273440000,10208811408700,1783481951634788700
2,-1,20278919999,10208816884156,1783481951640264124
1,-1,20290533999,10208828492608,1783481951651872576
0,-1,20301313999,10208839270047,1783481951662650047
3,-1,20305482666,10208843429463,1783481951666809431
2,-1,20310948999,10208848894615,1783481951672274583
0,-1,20333334999,10208871286875,1783481951694666811
3,-1,20337525332,10208875471091,1783481951698851091
0,-1,20365356000,10208903304182,1783481951726684150
3,-1,20369568000,10208907511311,1783481951730891279
1,-1,20386632999,10208924586259,1783481951747966227
0,-1,20397376999,10208935327538,1783481951758707474
3,-1,20401610666,10208939554635,1783481951762934571
2,-1,20407035999,10208944993674,1783481951768373642
1,-1,20418665999,10208956621007,1783481951780000975
0,-1,20429397999,10208967342573,1783481951790722541
3,-1,20433653332,10208971592742,1783481951794972710
2,-1,20439065000,10208977002694,1783481951800382662
1,-1,20450699000,10208988637962,1783481951812017930
0,-1,20461419000,10208999360169,1783481951822740137
3,-1,20465696000,10209003633666,1783481951827013666
2,-1,20471093999,10209009031522,1783481951832411554
1,-1,20482731999,10209020668006,1783481951844047974
0,-1,20493439999,10209031382629,1783481951854762597
3,-1,20497738666,10209035675582,1783481951859055550
2,-1,20503122999,10209041070589,1783481951864450589
1,-1,20514764999,10209052706529,1783481951876086689
0,-1,20525460999,10209063409344,1783481951886789312
3,-1,20529781332,10209067719993,1783481951891099961
2,-1,20535152000,10209073091353,1783481951896471321
1,-1,20546798000,10209084733981,1783481951908113917
0,-1,20557482000,10209095425692,1783481951918805660
3,-1,20561824000,10209099757557,1783481951923137493
2,-1,20567180999,10209105116981,1783481951928496949
1,-1,20578830999,10209116763993,1783481951940143961
0,-1,20589502999,10209127446967,1783481951950826903
3,-1,20593866666,10209131800369,1783481951955180305
2,-1,20599209999,10209137158736,1783481951960538672
1,-1,20610863999,10209148804756,1783481951972184692
0,-1,20621523999,10209159472499,1783481951982852435
3,-1,20625909332,10209163844621,1783481951987224589
2,-1,20631239000,10209169180620,1783481951992560556
1,-1,20642897000,10209180858928,1783481952004238896
0,-1,20653545000,10209191491887,1783481952014871855
3,-1,20657952000,10209195891560,1783481952019271560
2,-1,20663267999,10209201220200,1783481952024600168
1,-1,20674929999,10209212887852,1783481952036267788
0,-1,20685565999,10209223512682,1783481952046892650
3,-1,20689994666,10209227943236,1783481952051323172
2,-1,20695296999,10209233250755,1783481952056630723
1,-1,20706962999,10209244908264,1783481952068288264
0,-1,20717586999,10209255531558,1783481952078911526
3,-1,20722037332,10209259977568,1783481952083357536
2,-1,20727326000,10209265284607,1783481952088664703
1,-1,20738996000,10209276945219,1783481952100325219
0,-1,20749608000,10209287552481,1783481952110932417
3,-1,20754080000,10209292027740,1783481952115407676
2,-1,20759354999,10209297302875,1783481952120682811
1,-1,20771028999,10209308971551,1783481952132351487
0,-1,20781628999,10209319570013,1783481952142949981
3,-1,20786122666,10209324022327,1783481952147402327
2,-1,20791383999,10209329335286,1783481952152715254
1,-1,20803061999,10209341005083,1783481952164385083
0,-1,20813649999,10209351792058,1783481952175171994
3,-1,20818165332,10209356152339,1783481952179532307
2,-1,20823413000,10209361391346,1783481952184771314
1,-1,20835095000,10209373081623,1783481952196461591
0,-1,20845671000,10209383648501,1783481952207028469
3,-1,20850208000,10209388170703,1783481952211550671
2,-1,20855441999,10209393405614,1783481952216785614
1,-1,20867127999,10209405114450,1783481952228494418
0,-1,20877691999,10209415668624,1783481952239048592
3,-1,20882250666,10209420208779,1783481952243588907
2,-1,20887470999,10209425417033,1783481952248797001
1,-1,20899160999,10209437118606,1783481952260498542
0,-1,20909712999,10209447688332,1783481952271068300
3,-1,20914293332,10209452251367,1783481952275631303
2,-1,20919500000,10209457448677,1783481952280828645
1,-1,20931194000,10209469148618,1783481952292528586
0,-1,20941734000,10209479692423,1783481952303072391
3,-1,20946336000,10209484285026,1783481952307664930
2,-1,20951528999,10209489475777,1783481952312855745
1,-1,20963226999,10209501181061,1783481952324561029
0,-1,20973754999,10209511706755,1783481952335086691
3,-1,20978378666,10209516327230,1783481952339707198
2,-1,20983557999,10209521501404,1783481952344881372
1,-1,20995259999,10209533223777,1783481952356603713
0,-1,21005775999,10209543735679,1783481952367115647
3,-1,21010421332,10209548369402,1783481952371749402
2,-1,21015587000,10209553535704,1783481952376915672
1,-1,21027293000,10209565242397,1783481952388622365
0,-1,21037797000,10209575742010,1783481952399121946
3,-1,21042464000,10209580406133,1783481952403786165
2,-1,21047615999,10209585555508,1783481952408935444
1,-1,21059325999,10209597275864,1783481952420655832
0,-1,21069817999,10209607790486,1783481952431170454
3,-1,21074506666,10209612457681,1783481952435837649
2,-1,21079644999,10209617604431,1783481952440984431
1,-1,21091358999,10209629321652,1783481952452701620
0,-1,21101838999,10209639803698,1783481952463183666
3,-1,21106549332,10209644498925,1783481952467878925
2,-1,21111674000,10209649619755,1783481952472999691
1,-1,21123392000,10209661344112,1783481952484724080
3,-1,21138592000,10209676533225,1783481952499913161
2,-1,21143702999,10209681644583,1783481952505024551
1,-1,21155424999,10209693365643,1783481952516745611
3,-1,21170634666,10209708578981,1783481952531958949
2,-1,21175731999,10209713674018,1783481952537053954
1,-1,21187457999,10209725413575,1783481952548793543
0,-1,21197901999,10209735862980,1783481952559242948
3,-1,21202677332,10209740617248,1783481952563997216
2,-1,21207761000,10209745711102,1783481952569091070
1,-1,21219491000,10209757452387,1783481952580832355
0,-1,21229923000,10209767879040,1783481952591258976
3,-1,21234720000,10209772663228,1783481952596043164
2,-1,21239789999,10209777764154,1783481952601144122
1,-1,21251523999,10209789511103,1783481952612891103
0,-1,21261943999,10209799913980,1783481952623293980
3,-1,21266762666,10209804730936,1783481952628110936
2,-1,21271818999,10209809784726,1783481952633164662
1,-1,21283556999,10209821558811,1783481952644938779
0,-1,21293964999,10209831957143,1783481952655337143
3,-1,21298805332,10209836764308,1783481952660144276
2,-1,21303848000,10209841820721,1783481952665200657
1,-1,21315590000,10209853585878,1783481952676965846
0,-1,21325986000,10209863968755,1783481952687348723
3,-1,21330848000,10209868811407,1783481952692191407
2,-1,21335876999,10209873840845,1783481952697220813
1,-1,21347622999,10209885606418,1783481952708986354
0,-1,21358006999,10209895973967,1783481952719353935
3,-1,21362890666,10209900843403,1783481952724223371
2,-1,21367905999,10209905858825,1783481952729238825
1,-1,21379655999,10209917603501,1783481952740983565
0,-1,21390027999,10209927988330,1783481952751368330
3,-1,21394933332,10209932902055,1783481952756282055
2,-1,21399935000,10209937893540,1783481952761273476
1,-1,21411689000,10209949657897,1783481952773037897
0,-1,21422049000,10209960052134,1783481952783432102
3,-1,21426976000,10209964925155,1783481952788305091
2,-1,21431963999,10209969917984,1783481952793297984
1,-1,21443721999,10209981672613,1783481952805052581
0,-1,21454069999,10209992049698,1783481952815429666
3,-1,21459018666,10209996984094,1783481952820364062
2,-1,21463992999,10210001958844,1783481952825338812
1,-1,21475754999,10210013719425,1783481952837099361
0,-1,21486090999,10210024061693,1783481952847441629
2,-1,21496022000,10210033982711,1783481952857362647
1,-1,21507788000,10210045743132,1783481952869123068
0,-1,21518112000,10210056096537,1783481952879476505
2,-1,21528050999,10210066009107,1783481952889389075
1,-1,21539820999,10210077788568,1783481952901168504
0,-1,21550132999,10210088061908,1783481952911441876
3,-1,21555146666,10210093108914,1783481952916488882
2,-1,21560079999,10210098030735,1783481952921410735
1,-1,21571853999,10210109801236,1783481952933181204
0,-1,21582153999,10210120114896,1783481952943494864
3,-1,21587189332,10210125134349,1783481952948514317
2,-1,21592109000,10210130054538,1783481952953434538
1,-1,21603887000,10210141829807,1783481952965209743
0,-1,21614175000,10210152129516,1783481952975509484
3,-1,21619232000,10210157192425,1783481952980572393
2,-1,21624137999,10210162086694,1783481952985466694
1,-1,21635919999,10210173873611,1783481952997253579
0,-1,21646195999,10210184151239,1783481953007531207
3,-1,21651274666,10210189229797,1783481953012609765
2,-1,21656166999,10210194128386,1783481953017508322
1,-1,21667952999,10210205899367,1783481953029279335
0,-1,21678216999,10210216175267,1783481953039555267
3,-1,21683317332,10210221261377,1783481953044641345
2,-1,21688196000,10210226151005,1783481953049530973
1,-1,21699986000,10210237967587,1783481953061347555
0,-1,21710238000,10210248204127,1783481953071584127
3,-1,21715360000,10210253315901,1783481953076695869
2,-1,21720224999,10210258208729,1783481953081588697
0,-1,21742258999,10210280255130,1783481953103635098
3,-1,21747402666,10210285361976,1783481953108742008
0,-1,21774279999,10210312253206,1783481953135633174
3,-1,21779445332,10210317403956,1783481953140783924
1,-1,21796085000,10210334033974,1783481953157413942
0,-1,21806301000,10210344255410,1783481953167635410
3,-1,21811488000,10210349432784,1783481953172812784
2,-1,21816311999,10210354252524,1783481953177632428
1,-1,21828117999,10210366062513,1783481953189442481
0,-1,21838321999,10210376310541,1783481953199690477
3,-1,21843530666,10210381535660,1783481953204915628
2,-1,21848340999,10210386444937,1783481953209824905
1,-1,21860150999,10210398145005,1783481953221524941
0,-1,21870342999,10210408336585,1783481953231716553
3,-1,21875573332,10210413561512,1783481953236941480
2,-1,21880370000,10210418324228,1783481953241704196
1,-1,21892184000,10210430173897,1783481953253553897
0,-1,21902364000,10210440373125,1783481953263753093
3,-1,21907616000,10210445611844,1783481953268991844
2,-1,21912398999,10210450360767,1783481953273740767
1,-1,21924216999,10210462209509,1783481953285589477
0,-1,21934384999,10210472342560,1783481953295722528
3,-1,21939658666,10210477656511,1783481953301036447
2,-1,21944427999,10210482379355,1783481953305759451
1,-1,21956249999,10210494247713,1783481953317627681
0,-1,21966405999,10210504364764,1783481953327744700
3,-1,21971701332,10210509709019,1783481953333088955
2,-1,21976457000,10210514408055,1783481953337788023
1,-1,21988283000,10210526308221,1783481953349688189
0,-1,21998427000,10210536390392,1783481953359770360
3,-1,22003744000,10210541770039,1783481953365150007
2,-1,22008485999,10210546522419,1783481953369902387
1,-1,22020315999,10210558291640,1783481953381671576
0,-1,22030447999,10210568406099,1783481953391786067
3,-1,22035786666,10210573745267,1783481953397125235
2,-1,22040514999,10210578514767,1783481953401894767
1,-1,22052348999,10210590304276,1783481953413684212
0,-1,22062468999,10210600425775,1783481953423805711
3,-1,22067829332,10210605773838,1783481953429153774
2,-1,22072544000,10210610573898,1783481953433953898
1,-1,22084382000,10210622362672,1783481953445742640
0,-1,22094490000,10210632456363,1783481953455836299
3,-1,22099872000,10210637825834,1783481953461205802
2,-1,22104572999,10210642546118,1783481953465926086
1,-1,22116414999,10210654392139,1783481953477772075
0,-1,22126510999,10210664470854,1783481953487850790
3,-1,22131914666,10210669858054,1783481953493237990
2,-1,22136601999,10210674568802,1783481953497948802
1,-1,22148447999,10210686433639,1783481953509813607
0,-1,22158531999,10210696556834,1783481953519936770
3,-1,22163957332,10210701912738,1783481953525292738
2,-1,22168631000,10210706580221,1783481953529960221
1,-1,22180481000,10210718466691,1783481953541846659
0,-1,22190553000,10210729214786,1783481953552594722
3,-1,22196000000,10210733980478,1783481953557360446
2,-1,22200659999,10210738608377,1783481953561988441
1,-1,22212513999,10210750484862,1783481953573864830
0,-1,22222573999,10210760538137,1783481953583918105
3,-1,22228042666,10210766043930,1783481953589423898
2,-1,22232688999,10210770638709,1783481953594018677
1,-1,22244546999,10210782541498,1783481953605921498
0,-1,22254594999,10210792560341,1783481953615940341
3,-1,22260085332,10210798072757,1783481953621452757
2,-1,22264718000,10210802718385,1783481953626098385
1,-1,22276580000,10210814575222,1783481953637955158
0,-1,22286616000,10210825766040,1783481953649145976
3,-1,22292128000,10210830142481,1783481953653522417
2,-1,22296746999,10210834726668,1783481953658106636
1,-1,22308612999,10210846601522,1783481953669981490
0,-1,22318636999,10210856599180,1783481953679979116
3,-1,22324170666,10210862159277,1783481953685539245
2,-1,22328775999,10210866745768,1783481953690125704
1,-1,22340645999,10210878613261,1783481953701993197
0,-1,22350657999,10210888607848,1783481953711987848
3,-1,22356213332,10210894158953,1783481953717538889
2,-1,22360805000,10210898754499,1783481953722134435
1,-1,22372679000,10210910638441,1783481953734018409
0,-1,22382679000,10210920633892,1783481953744013860
3,-1,22388256000,10210926207844,1783481953749587780
2,-1,22392833999,10210930782111,1783481953754162047
1,-1,22404711999,10210942671877,1783481953766051845
0,-1,22414699999,10210952671391,1783481953776051359
3,-1,22420298666,10210958244320,1783481953781624256
2,-1,22424862999,10210962804955,1783481953786184923
1,-1,22436744999,10210974693793,1783481953798073793
0,-1,22446720999,10210984690683,1783481953808070683
3,-1,22452341332,10210990297500,1783481953813677468
2,-1,22456892000,10210994842135,1783481953818222103
1,-1,22468778000,10211006743772,1783481953830123772
0,-1,22478742000,10211016695607,1783481953840075575
3,-1,22484384000,10211022344792,1783481953845724792
2,-1,22488920999,10211026870034,1783481953850249970
1,-1,22500810999,10211038767384,1783481953862147384
0,-1,22510762999,10211048703666,1783481953872083634
3,-1,22516426666,10211054397620,1783481953877777556
2,-1,22520949999,10211058906286,1783481953882286254
1,-1,22532843999,10211070795252,1783481953894175188
3,-1,22548469332,10211086434159,1783481953909814127
2,-1,22552979000,10211090931178,1783481953914311146
1,-1,22564877000,10211102826896,1783481953926206864
3,-1,22580512000,10211118466443,1783481953941846443
2,-1,22585007999,10211122947429,1783481953946327365
1,-1,22596909999,10211134858827,1783481953958238795
0,-1,22606825999,10211144776325,1783481953968156293
3,-1,22612554666,10211150499783,1783481953973879719
2,-1,22617036999,10211154981153,1783481953978361121
1,-1,22628942999,10211166895495,1783481953990275431
0,-1,22638846999,10211176793185,1783481954000173153
3,-1,22644597332,10211182555715,1783481954005935683
2,-1,22649066000,10211187013757,1783481954010393693
1,-1,22660976000,10211199035331,1783481954022415267
0,-1,22670868000,10211208821757,1783481954032201693
3,-1,22676640000,10211214590591,1783481954037970527
2,-1,22681094999,10211219036473,1783481954042416441
1,-1,22693008999,10211230977439,1783481954054357375
0,-1,22702888999,10211240835096,1783481954064215032
3,-1,22708682666,10211246633050,1783481954070013018
2,-1,22713123999,10211251078197,1783481954074458133
1,-1,22725041999,10211262991770,1783481954086371706
0,-1,22734909999,10211272871508,1783481954096251476
3,-1,22740725332,10211278674678,1783481954102054614
2,-1,22745153000,10211283105520,1783481954106485488
1,-1,22757075000,10211295031190,1783481954118411126
0,-1,22766931000,10211304885360,1783481954128265360
3,-1,22772768000,10211310729170,1783481954134109170
2,-1,22777181999,10211315125740,1783481954138505676
1,-1,22789107999,10211327075058,1783481954150455058
0,-1,22798951999,10211336901324,1783481954160281260
3,-1,22804810666,10211342760174,1783481954166140110
2,-1,22809210999,10211347158696,1783481954170538632
1,-1,22821140999,10211359080366,1783481954182460302
0,-1,22830972999,10211368916039,1783481954192296007
3,-1,22836853332,10211374800746,1783481954198180714
2,-1,22841240000,10211379189156,1783481954202569092
1,-1,22853174000,10211391119785,1783481954214499753
0,-1,22862994000,10211400975459,1783481954224355427
3,-1,22868896000,10211406854918,1783481954230234886
2,-1,22873268999,10211411227071,1783481954234607039
1,-1,22885206999,10211423170309,1783481954246550277
0,-1,22895014999,10211433008863,1783481954256388831
2,-1,22905297999,10211443256283,1783481954266636251
1,-1,22917239999,10211455242113,1783481954278622113
0,-1,22927035999,10211464993435,1783481954288373403
2,-1,22937327000,10211475291191,1783481954298671127
1,-1,22949273000,10211487276317,1783481954310656317
0,-1,22959057000,10211497025782,1783481954320405750
3,-1,22965024000,10211503034426,1783481954326414394
2,-1,22969355999,10211507328627,1783481954330708595
1,-1,22981305999,10211519324761,1783481954342704761
0,-1,22991077999,10211529048338,1783481954352428306
3,-1,22997066666,10211535072949,1783481954358452949
2,-1,23001384999,10211539385615,1783481954362765551
1,-1,23013338999,10211551307604,1783481954374687540
0,-1,23023098999,10211561070606,1783481954384450574
3,-1,23029109332,10211567058097,1783481954390438033
2,-1,23033414000,10211571428650,1783481954394808586
1,-1,23045372000,10211583334864,1783481954406714864
0,-1,23055120000,10211593100169,1783481954416480105
3,-1,23061152000,10211599118221,1783481954422498189
2,-1,23065442999,10211603463974,1783481954426843974
1,-1,23077404999,10211615394924,1783481954438774860
0,-1,23087140999,10211625128901,1783481954448508869
3,-1,23093194666,10211631145193,1783481954454525161
2,-1,23097471999,10211635436898,1783481954458816898
1,-1,23109437999,10211647437000,1783481954470816968
0,-1,23119161999,10211657146049,1783481954480526017
3,-1,23125237332,10211663189508,1783481954486569444
2,-1,23129501000,10211667454173,1783481954490834141
0,-1,23151183000,10211689214973,1783481954512594941
3,-1,23157280000,10211695264032,1783481954518644000
0,-1,23183203999,10211721232505,1783481954544612505
3,-1,23189322666,10211727307228,1783481954550687196
1,-1,23205536999,10211743533243,1783481954566913179
0,-1,23215224999,10211753185268,1783481954576565204
3,-1,23221365332,10211759366072,1783481954582746040
2,-1,23225588000,10211763542321,1783481954586922257
1,-1,23237570000,10211775560599,1783481954598940535
0,-1,23247246000,10211785199664,1783481954608579632
3,-1,23253408000,10211791438708,1783481954614818676
2,-1,23257616999,10211795588877,1783481954618968877
1,-1,23269602999,10211807616147,1783481954630996115
0,-1,23279266999,10211817225195,1783481954640605131
3,-1,23285450666,10211823463472,1783481954646843472
2,-1,23289645999,10211827640648,1783481954651020616
1,-1,23301635999,10211839592942,1783481954662972910
0,-1,23311287999,10211849247783,1783481954672627751
3,-1,23317493332,10211855434955,1783481954678814955
2,-1,23321675000,10211859627780,1783481954683007780
1,-1,23333669000,10211871629674,1783481954695009642
0,-1,23343309000,10211881271971,1783481954704651971
3,-1,23349536000,10211887504743,1783481954710884711
2,-1,23353703999,10211891654240,1783481954715034208
1,-1,23365701999,10211903653990,1783481954727034022
0,-1,23375329999,10211913277310,1783481954736657246
3,-1,23381578666,10211919536803,1783481954742916739
2,-1,23385732999,10211923678267,1783481954747058267
1,-1,23397734999,10211935692002,1783481954759071970
0,-1,23407350999,10211945295866,1783481954768675834
3,-1,23413621332,10211951571423,1783481954774951359
2,-1,23417762000,10211955701847,1783481954779081815
1,-1,23429768000,10211967732190,1783481954791112158
0,-1,23439372000,10211977319926,1783481954800699862
3,-1,23445664000,10211983611003,1783481954806990971
2,-1,23449790999,10211987738419,1783481954811118419
1,-1,23461800999,10211999769369,1783481954823149305
0,-1,23471392999,10212009340626,1783481954832720626
3,-1,23477706666,10212015657399,1783481954839037367
2,-1,23481819999,10212019775311,1783481954843155279
1,-1,23493833999,10212031797557,1783481954855177525
0,-1,23503413999,10212041360205,1783481954864740141
3,-1,23509749332,10212047693394,1783481954871073362
2,-1,23513849000,10212051800042,1783481954875180042
1,-1,23525867000,10212063837905,1783481954887217873
0,-1,23535435000,10212073383881,1783481954896763849
3,-1,23541792000,10212079746798,1783481954903126798
2,-1,23545877999,10212083819558,1783481954907199526
1,-1,23557899999,10212095972493,1783481954919352493
0,-1,23567455999,10212105416677,1783481954928796645
3,-1,23573834666,10212111780010,1783481954935159978
2,-1,23577906999,10212115859714,1783481954939239746
1,-1,23589932999,10212127896169,1783481954951276169
0,-1,23599476999,10212137433600,1783481954960813568
3,-1,23605877332,10212143844806,1783481954967224774
2,-1,23609936000,10212147889822,1783481954971269790
1,-1,23621966000,10212159924292,1783481954983304292
0,-1,23631498000,10212169447516,1783481954992827452
3,-1,23637920000,10212175871074,1783481954999251074
2,-1,23641964999,10212179920410,1783481955003300378
1,-1,23653998999,10212191946304,1783481955015326272
0,-1,23663518999,10212201468920,1783481955024848856
3,-1,23669962666,10212207879677,1783481955031259677
2,-1,23673993999,10212211954709,1783481955035334645
1,-1,23686031999,10212223985564,1783481955047365564
0,-1,23695539999,10212233490772,1783481955056870740
3,-1,23702005332,10212239951642,1783481955063331642
2,-1,23706023000,10212243975345,1783481955067355345
1,-1,23718065000,10212256032056,1783481955079412056
0,-1,23727561000,10212265528111,1783481955088908079
3,-1,23734048000,10212272037366,1783481955095417302
2,-1,23738051999,10212276059597,1783481955099439533
1,-1,23750097999,10212288084500,1783481955111464468
0,-1,23759581999,10212297539851,1783481955120919819
3,-1,23766090666,10212304047441,1783481955127427377
2,-1,23770080999,10212308041545,1783481955131421545
1,-1,23782130999,10212320056015,1783481955143435983
0,-1,23791602999,10212329570599,1783481955152950535
3,-1,23798133332,10212336033261,1783481955159413261
2,-1,23802110000,10212340037956,1783481955163417956
1,-1,23814164000,10212352113995,1783481955175493963
0,-1,23823624000,10212361589411,1783481955184969347
3,-1,23830176000,10212368134505,1783481955191514505
2,-1,23834138999,10212372089920,1783481955195469888
1,-1,23846196999,10212384145159,1783481955207525127
0,-1,23855644999,10212393659807,1783481955217039775
3,-1,23862218666,10212400217733,1783481955223597701
2,-1,23866167999,10212404289405,1783481955227669341
1,-1,23878229999,10212416215203,1783481955239595171
0,-1,23887665999,10212425641082,1783481955249021050
3,-1,23894261332,10212432268929,1783481955255648897
2,-1,23898197000,10212436181368,1783481955259561336
1,-1,23910263000,10212448250143,1783481955271630111
0,-1,23919687000,10212457744375,1783481955281124311
3,-1,23926304000,10212464281181,1783481955287661149
2,-1,23930225999,10212468204500,1783481955291584468
1,-1,23942295999,10212480282843,1783481955303662811
3,-1,23958346666,10212496319225,1783481955319699193
2,-1,23962254999,10212500218160,1783481955323598160
1,-1,23974328999,10212512296086,1783481955335676054
3,-1,23990389332,10212528369077,1783481955351749045
2,-1,23994284000,10212532235787,1783481955355615755
1,-1,24006362000,10212544322546,1783481955367702546
0,-1,24015750000,10212553723849,1783481955377103849
3,-1,24022432000,10212560398384,1783481955383778352
2,-1,24026312999,10212564261799,1783481955387641767
1,-1,24038394999,10212576356654,1783481955399736622
0,-1,24047770999,10212585742917,1783481955409122885
3,-1,24054474666,10212592434956,1783481955415814956
2,-1,24058341999,10212596287619,1783481955419667619
1,-1,24070427999,10212608396970,1783481955431776938
0,-1,24079791999,10212617756289,1783481955441136257
3,-1,24086517332,10212624487400,1783481955447867400
2,-1,24090371000,10212628343103,1783481955451723103
1,-1,24102461000,10212640424582,1783481955463804550
0,-1,24111813000,10212649781085,1783481955473161053
3,-1,24118560000,10212656524516,1783481955479904516
2,-1,24122399999,10212660346330,1783481955483726298
1,-1,24134493999,10212672451489,1783481955495831425
0,-1,24143833999,10212681787384,1783481955505167352
3,-1,24150602666,10212688590368,1783481955511970336
2,-1,24154428999,10212692386774,1783481955515766742
1,-1,24166526999,10212704488733,1783481955527868861
0,-1,24175854999,10212713805908,1783481955537185876
3,-1,24182645332,10212720607996,1783481955543987964
2,-1,24186458000,10212724402706,1783481955547782674
1,-1,24198560000,10212736522361,1783481955559902329
0,-1,24207876000,10212745829680,1783481955569209648
3,-1,24214688000,10212752663160,1783481955576043128
2,-1,24218486999,10212756432430,1783481955579812430
1,-1,24230592999,10212768544213,1783481955591924181
0,-1,24239896999,10212777846027,1783481955601225995
3,-1,24246730666,10212784672531,1783481955608052499
2,-1,24250515999,10212788460138,1783481955611840106
1,-1,24262625999,10212800573777,1783481955623953713
0,-1,24271917999,10212809860999,1783481955633240967
3,-1,24278773332,10212816715503,1783481955640095439
2,-1,24282545000,10212820490757,1783481955643870725
1,-1,24294659000,10212832605836,1783481955655985804
0,-1,24303939000,10212841876803,1783481955665256739
2,-1,24314573999,10212852519457,1783481955675899393
1,-1,24326691999,10212864637704,1783481955688017672
0,-1,24335959999,10212873916159,1783481955697296127
2,-1,24346602999,10212884551485,1783481955707931485
1,-1,24358724999,10212896676804,1783481955720056740
0,-1,24367980999,10212905944667,1783481955729324635
3,-1,24374901332,10212912856643,1783481955736236579
2,-1,24378632000,10212916579481,1783481955739959449
1,-1,24390758000,10212928699936,1783481955752079872
0,-1,24400002000,10212937954006,1783481955761334006
3,-1,24406944000,10212944895391,1783481955768275391
2,-1,24410660999,10212948609013,1783481955771988981
1,-1,24422790999,10212960739932,1783481955784119900
0,-1,24432022999,10212969990290,1783481955793370258
3,-1,24438986666,10212976933947,1783481955800313915
2,-1,24442689999,10212980631024,1783481955804010992
1,-1,24454823999,10212992770776,1783481955816150744
0,-1,24464043999,10213002000782,1783481955825380782
3,-1,24471029332,10213008983031,1783481955832362999
2,-1,24474719000,10213012664300,1783481955836044236
1,-1,24486857000,10213024800563,1783481955848180531
0,-1,24496065000,10213034013065,1783481955857393033
3,-1,24503072000,10213041015570,1783481955864395506
2,-1,24506747999,10213044693512,1783481955868073448
1,-1,24518889999,10213056836271,1783481955880216271
0,-1,24528085999,10213066034533,1783481955889414533
3,-1,24535114666,10213073054414,1783481955896434350
2,-1,24538776999,10213076718052,1783481955900098020
0,-1,24560106999,10213098074593,1783481955921454561
3,-1,24567157332,10213105111562,1783481955928491562
0,-1,24592128000,10213130102013,1783481955953481981
3,-1,24599200000,10213137158822,1783481955960538822
1,-1,24614988999,10213152939299,1783481955976319267
0,-1,24624148999,10213162090424,1783481955985470360
3,-1,24631242666,10213169186178,1783481955992566178
2,-1,24634863999,10213172818295,1783481955996198295
1,-1,24647021999,10213184964639,1783481956008344575
0,-1,24656169999,10213194119188,1783481956017499156
3,-1,24663285332,10213201238686,1783481956024618654
2,-1,24666893000,10213204839475,1783481956028219411
1,-1,24679055000,10213217005498,1783481956040385466
0,-1,24688191000,10213226143376,1783481956049523344
3,-1,24695328000,10213233304858,1783481956056684826
2,-1,24698921999,10213236879567,1783481956060259567
1,-1,24711087999,10213249042646,1783481956072422582
0,-1,24720211999,10213258151692,1783481956081531692
3,-1,24727370666,10213265313942,1783481956088693846
2,-1,24730950999,10213268892907,1783481956092272875
1,-1,24743120999,10213281078226,1783481956104458194
0,-1,24752232999,10213290194728,1783481956113574664
3,-1,24759413332,10213297373330,1783481956120753298
2,-1,24762980000,10213300933415,1783481956124313383
1,-1,24775154000,10213313113230,1783481956136493198
0,-1,24784254000,10213322206691,1783481956145586691
3,-1,24791456000,10213329416494,1783481956152796430
2,-1,24795008999,10213332957986,1783481956156337986
1,-1,24807186999,10213345146314,1783481956168526282
0,-1,24816274999,10213354223167,1783481956177603135
3,-1,24823498666,10213361442570,1783481956184822506
2,-1,24827037999,10213364982078,1783481956188362046
1,-1,24839219999,10213377166566,1783481956200546534
0,-1,24848295999,10213386237019,1783481956209617019
3,-1,24855541332,10213393483109,1783481956216863077
2,-1,24859067000,10213397014330,1783481956220394298
1,-1,24871253000,10213409202850,1783481956232582818
0,-1,24880317000,10213418268087,1783481956241648023
3,-1,24887584000,10213425577730,1783481956248957666
2,-1,24891095999,10213429200823,1783481956252580759
1,-1,24903285999,10213441244414,1783481956264624382
0,-1,24912337999,10213450434739,1783481956273814675
3,-1,24919626666,10213457593725,1783481956280973693
2,-1,24923124999,10213461105362,1783481956284485330
1,-1,24935318999,10213473283001,1783481956296663001
0,-1,24944358999,10213482369199,1783481956305749167
3,-1,24951669332,10213489638873,1783481956313018809
2,-1,24955154000,10213493129518,1783481956316509486
1,-1,24967352000,10213505313877,1783481956328693845
0,-1,24976380000,10213514443659,1783481956337823595
3,-1,24983712000,10213521684501,1783481956345064469
2,-1,24987182999,10213525251306,1783481956348631274
1,-1,24999384999,10213537347633,1783481956360727633
0,-1,25008400999,10213546477575,1783481956369857511
3,-1,25015754666,10213553710321,1783481956377090289
2,-1,25019211999,10213557293542,1783481956380673542
1,-1,25031417999,10213569381837,1783481956392761837
0,-1,25040421999,10213578503587,1783481956401883555
3,-1,25047797332,10213585747117,1783481956409127085
2,-1,25051241000,10213589194049,1783481956412574017
1,-1,25063451000,10213601412105,1783481956424792105
0,-1,25072443000,10213610488894,1783481956433868830
3,-1,25079840000,10213617815497,1783481956441195465
2,-1,25083269999,10213621242877,1783481956444622877
1,-1,25095483999,10213633439141,1783481956456819109
0,-1,25104463999,10213642517370,1783481956465897370
3,-1,25111882666,10213649851205,1783481956473231141
2,-1,25115298999,10213653271449,1783481956476651417
1,-1,25127516999,10213665477921,1783481956488857889
0,-1,25136484999,10213674615606,1783481956497995574
3,-1,25143925332,10213681873633,1783481956505253569
2,-1,25147328000,10213685280853,1783481956508660821
1,-1,25159550000,10213697511324,1783481956520891356
0,-1,25168506000,10213706536433,1783481956529916369
3,-1,25175968000,10213713934077,1783481956537314045
2,-1,25179356999,10213717331633,1783481956540711601
1,-1,25191582999,10213729543192,1783481956552923192
0,-1,25200526999,10213738505069,1783481956561885037
3,-1,25208010666,10213745976601,1783481956569356537
2,-1,25211385999,10213749516269,1783481956572896205
1,-1,25223615999,10213761590004,1783481956584970004
0,-1,25232547999,10213770655625,1783481956594035593
3,-1,25240053332,10213778013301,1783481956601393269
2,-1,25243415000,10213781413961,1783481956604793897
1,-1,25255649000,10213793661328,1783481956617041296
0,-1,25264569000,10213806029817,1783481956629409817
3,-1,25272096000,10213810092049,1783481956633471985
2,-1,25275443999,10213813420324,1783481956636800260
1,-1,25287681999,10213825667788,1783481956649047756
0,-1,25296589999,10213834796706,1783481956658176642
3,-1,25304138666,10213842121421,1783481956665501389
2,-1,25307472999,10213845455232,1783481956668835200
1,-1,25319714999,10213857687656,1783481956681067592
0,-1,25328610999,10213866615996,1783481956689995932
3,-1,25336181332,10213874138728,1783481956697518696
2,-1,25339502000,10213877477020,1783481956700856988
1,-1,25351748000,10213889702372,1783481956713082308
3,-1,25368224000,10213906196612,1783481956729576548
2,-1,25371530999,10213909492120,1783481956732872120
1,-1,25383780999,10213921735199,1783481956745115135
3,-1,25400266666,10213938217280,1783481956761597216
2,-1,25403559999,10213941511219,1783481956764891187
1,-1,25415813999,10213953783131,1783481956777163099
0,-1,25424673999,10213962652431,1783481956786032399
3,-1,25432309332,10213970263388,1783481956793643324
2,-1,25435589000,10213973542863,1783481956796922799
1,-1,25447847000,10213985802423,1783481956809182391
0,-1,25456695000,10213994647787,1783481956818027723
3,-1,25464352000,10214002317176,1783481956825697112
2,-1,25467617999,10214005571371,1783481956828951307
1,-1,25479879999,10214017832755,1783481956841212723
0,-1,25488715999,10214026674791,1783481956850054759
3,-1,25496394666,10214034347380,1783481956857727380
2,-1,25499646999,10214037594119,1783481956860974055
1,-1,25511912999,10214049866255,1783481956873246191
0,-1,25520736999,10214058681219,1783481956882061219
3,-1,25528437332,10214066391312,1783481956889771248
2,-1,25531676000,10214069618435,1783481956892998403
1,-1,25543946000,10214081963115,1783481956905343083
0,-1,25552758000,10214090791135,1783481956914171103
3,-1,25560480000,10214098466540,1783481956921846508
2,-1,25563704999,10214101659679,1783481956925039647
1,-1,25575978999,10214113975719,1783481956937355687
0,-1,25584778999,10214122743162,1783481956946123162
3,-1,25592522666,10214130486312,1783481956953866248
2,-1,25595733999,10214133685818,1783481956957065786
1,-1,25608011999,10214145981443,1783481956969361411
0,-1,25616799999,10214154763574,1783481956978143542
3,-1,25624565332,10214162524932,1783481956985904932
2,-1,25627763000,10214165724886,1783481956989104854
1,-1,25640045000,10214177997790,1783481957001377758
0,-1,25648821000,10214186781746,1783481957010161714
3,-1,25656608000,10214194551647,1783481957017931647
2,-1,25659791999,10214197740274,1783481957021120242
1,-1,25672077999,10214210032250,1783481957033412218
0,-1,25680841999,10214218813454,1783481957042193454
3,-1,25688650666,10214226597467,1783481957049977435
2,-1,25691820999,10214229789390,1783481957053169358
1,-1,25704110999,10214242070486,1783481957065450486
0,-1,25712862999,10214250838122,1783481957074218058
2,-1,25723850000,10214261807914,1783481957085187818
1,-1,25736144000,10214274107570,1783481957097487570
0,-1,25744884000,10214282846405,1783481957106226373
2,-1,25755878999,10214293825446,1783481957117205382
1,-1,25768176999,10214306127726,1783481957129507662
0,-1,25776904999,10214314861313,1783481957138241345
3,-1,25784778666,10214322724015,1783481957146104015
2,-1,25787907999,10214325863234,1783481957149243202
1,-1,25800209999,10214338160874,1783481957161540874
0,-1,25808925999,10214346886877,1783481957170266845
3,-1,25816821332,10214354770699,1783481957178150667
2,-1,25819937000,10214357886686,1783481957181266622
1,-1,25832243000,10214370191110,1783481957193571046
0,-1,25840947000,10214378917145,1783481957202297145
3,-1,25848864000,10214386815495,1783481957210195431
2,-1,25851965999,10214389914873,1783481957213294809
1,-1,25864275999,10214402245634,1783481957225625634
0,-1,25872967999,10214410930325,1783481957234310261
3,-1,25880906666,10214418863907,1783481957242243907
2,-1,25883994999,10214421945301,1783481957245325269
1,-1,25896308999,10214434318110,1783481957257698078
0,-1,25904988999,10214442956593,1783481957266336561
3,-1,25912949332,10214450958367,1783481957274338303
2,-1,25916024000,10214454021009,1783481957277401009
1,-1,25928342000,10214466310266,1783481957289690298
0,-1,25937010000,10214474976108,1783481957298356108
3,-1,25944992000,10214482954779,1783481957306334715
2,-1,25948052999,10214486003725,1783481957309383693
0,-1,25969030999,10214507019112,1783481957330399112
3,-1,25977034666,10214515002519,1783481957338382487
0,-1,26001051999,10214539067780,1783481957362447748
3,-1,26009077332,10214547074675,1783481957370454643
1,-1,26024441000,10214562446381,1783481957385826381
0,-1,26033073000,10214571068448,1783481957394448448
3,-1,26041120000,10214579119599,1783481957402499599
2,-1,26044139999,10214582112737,1783481957405492737
1,-1,26056473999,10214594467337,1783481957417847305
0,-1,26065093999,10214603102940,1783481957426482908
3,-1,26073162666,10214611160619,1783481957434540587
2,-1,26076168999,10214614139357,1783481957437519293
1,-1,26088506999,10214626504101,1783481957449884069
0,-1,26097114999,10214635111128,1783481957458491128
3,-1,26105205332,10214643211591,1783481957466591559
2,-1,26108198000,10214646180377,1783481957469560473
1,-1,26120540000,10214658535265,1783481957481915233
0,-1,26129136000,10214667183508,1783481957490563444
3,-1,26137248000,10214675243299,1783481957498623267
2,-1,26140226999,10214678207477,1783481957501587413
1,-1,26152572999,10214690567997,1783481957513947997
0,-1,26161156999,10214699144175,1783481957522524143
3,-1,26169290666,10214707294975,1783481957530674943
2,-1,26172255999,10214710235664,1783481957533615600
1,-1,26184605999,10214722595961,1783481957545975961
0,-1,26193177999,10214731180811,1783481957554560747
3,-1,26201333332,10214739338395,1783481957562718395
2,-1,26204285000,10214742266092,1783481957565646284
1,-1,26216639000,10214754632885,1783481957578012853
0,-1,26225199000,10214763191463,1783481957586571399
3,-1,26233376000,10214771340919,1783481957594720887
2,-1,26236313999,10214774278824,1783481957597658792
1,-1,26248671999,10214786624976,1783481957610004880
0,-1,26257219999,10214795189795,1783481957618569763
3,-1,26265418666,10214803375347,1783481957626755315
2,-1,26268342999,10214806307492,1783481957629687460
1,-1,26280704999,10214818651500,1783481957642031436
0,-1,26289240999,10214827199966,1783481957650579934
3,-1,26297461332,10214835427023,1783481957658806991
2,-1,26300372000,10214838361152,1783481957661741088
1,-1,26312738000,10214850699176,1783481957674079144
0,-1,26321262000,10214859224026,1783481957682604026
3,-1,26329504000,10214867455499,1783481957690835467
2,-1,26332400999,10214870359580,1783481957693739516
1,-1,26344770999,10214882716836,1783481957706096804
0,-1,26353282999,10214891250454,1783481957714630422
3,-1,26361546666,10214899492071,1783481957722872039
2,-1,26364429999,10214902384759,1783481957725764695
1,-1,26376803999,10214914747744,1783481957738127680
0,-1,26385303999,10214923258290,1783481957746638258
3,-1,26393589332,10214931552195,1783481957754932163
2,-1,26396459000,10214934403315,1783481957757783283
1,-1,26408837000,10214946813340,1783481957770193276
0,-1,26417325000,10214955281006,1783481957778661006
3,-1,26425632000,10214963612863,1783481957786992799
2,-1,26428487999,10214966452943,1783481957789832911
1,-1,26440869999,10214978847864,1783481957802227864
0,-1,26449345999,10214987319562,1783481957810699530
3,-1,26457674666,10214995636315,1783481957819016315
2,-1,26460516999,10214998480875,1783481957821860811
1,-1,26472902999,10215010862612,1783481957834242580
0,-1,26481366999,10215019335366,1783481957842715270
3,-1,26489717332,10215027684502,1783481957851064470
2,-1,26492546000,10215030503079,1783481957853883079
1,-1,26504936000,10215042895984,1783481957866275952
0,-1,26513388000,10215051338177,1783481957874718113
3,-1,26521760000,10215059706802,1783481957883086738
2,-1,26524574999,10215062523715,1783481957885903651
1,-1,26536968999,10215074912428,1783481957898292396
0,-1,26545408999,10215083359709,1783481957906739677
3,-1,26553802666,10215091748782,1783481957915128750
2,-1,26556603999,10215094554463,1783481957917934431
1,-1,26569001999,10215106946727,1783481957930326695
0,-1,26577429999,10215115394425,1783481957938774425
3,-1,26585845332,10215123790122,1783481957947170090
2,-1,26588633000,10215126576635,1783481957949956603
1,-1,26601035000,10215138992547,1783481957962372547
0,-1,26609451000,10215147396981,1783481957970776917
3,-1,26617888000,10215155830726,1783481957979210694
2,-1,26620661999,10215158603894,1783481957981983830
1,-1,26633067999,10215171016383,1783481957994396319
0,-1,26641471999,10215179422385,1783481958002802353
3,-1,26649930666,10215187883458,1783481958011263426
2,-1,26652690999,10215190633298,1783481958014013266
1,-1,26665100999,10215203048219,1783481958026428187
0,-1,26673492999,10215211437452,1783481958034817420
3,-1,26681973332,10215219915102,1783481958043295038
2,-1,26684720000,10215222666318,1783481958046046286
1,-1,26697134000,10215235087447,1783481958058467447
0,-1,26705514000,10215243477992,1783481958066857960
3,-1,26714016000,10215251964186,1783481958075344154
2,-1,26716748999,10215254694026,1783481958078073994
1,-1,26729166999,10215267122643,1783481958090502643
0,-1,26737534999,10215275499172,1783481958098879140
3,-1,26746058666,10215284017910,1783481958107397846
2,-1,26748777999,10215286737510,1783481958110117510
1,-1,26761199999,10215299147631,1783481958122527599
3,-1,26778101332,10215316032882,1783481958139412850
2,-1,26780807000,10215318754082,1783481958142134050
1,-1,26793233000,10215331177131,1783481958154557099
3,-1,26810144000,10215348085806,1783481958171465806
2,-1,26812835999,10215350795422,1783481958174175358
1,-1,26825265999,10215363208871,1783481958186588807
0,-1,26833597999,10215371563608,1783481958194943544
3,-1,26842186666,10215380131050,1783481958203510986
2,-1,26844864999,10215382816890,1783481958206196826
1,-1,26857298999,10215395244515,1783481958218624515
0,-1,26865618999,10215403586964,1783481958226966932
3,-1,26874229332,10215412181190,1783481958235561158
2,-1,26876894000,10215414849974,1783481958238229942
1,-1,26889332000,10215427319583,1783481958250699551
0,-1,26897640000,10215435646672,1783481958259026640
3,-1,26906272000,10215444270498,1783481958267650466
2,-1,26908922999,10215446902034,1783481958270282002
1,-1,26921364999,10215459366523,1783481958282746491
0,-1,26929660999,10215467659180,1783481958291039148
3,-1,26938314666,10215476304766,1783481958299684734
2,-1,26940951999,10215478925806,1783481958302305806
1,-1,26953397999,10215491406871,1783481958314786839
0,-1,26961681999,10215499740264,1783481958323120232
3,-1,26970357332,10215508352122,1783481958331732058
2,-1,26972981000,10215510939434,1783481958334319466
1,-1,26985431000,10215523425619,1783481958346805587
0,-1,26993703000,10215531668067,1783481958355048067
3,-1,27002400000,10215540383606,1783481958363763574
2,-1,27005009999,10215542972582,1783481958366352550
1,-1,27017463999,10215555466735,1783481958378846703
0,-1,27025723999,10215563725119,1783481958387105087
3,-1,27034442666,10215572426802,1783481958395806738
2,-1,27037038999,10215575000609,1783481958398380609
1,-1,27049496999,10215587498187,1783481958410878155
0,-1,27057744999,10215595707099,1783481958419087067
3,-1,27066485332,10215604469294,1783481958427849230
2,-1,27069068000,10215607024509,1783481958430404445
1,-1,27081530000,10215619673960,1783481958443053896
0,-1,27089766000,10215627749367,1783481958451129303
3,-1,27098528000,10215636681227,1783481958460061163
2,-1,27101096999,10215639072825,1783481958462452793
1,-1,27113562999,10215651559459,1783481958474939427
0,-1,27121786999,10215659786195,1783481958483166163
2,-1,27133125999,10215671097269,1783481958494477237
1,-1,27145595999,10215683575422,1783481958506955422
0,-1,27153807999,10215691796655,1783481958515176623
2,-1,27165155000,10215703143121,1783481958526523089
1,-1,27177629000,10215715604346,1783481958538984346
0,-1,27185829000,10215723794858,1783481958547174826
3,-1,27194656000,10215732637118,1783481958556017086
2,-1,27197183999,10215735132013,1783481958558511981
1,-1,27209661999,10215747648182,1783481958571028150
0,-1,27217849999,10215755829766,1783481958579209766
3,-1,27226698666,10215764691674,1783481958588071674
2,-1,27229212999,10215767176841,1783481958590556809
1,-1,27241694999,10215779694290,1783481958603074290
0,-1,27249870999,10215787875618,1783481958611255618
3,-1,27258741332,10215796730774,1783481958620110742
2,-1,27261242000,10215799214405,1783481958622594373
1,-1,27273728000,10215811724750,1783481958635104718
0,-1,27281892000,10215819856990,1783481958643236958
3,-1,27290784000,10215828771314,1783481958652151314
2,-1,27293270999,10215831225761,1783481958654605793
1,-1,27305760999,10215843754538,1783481958667134506
0,-1,27313912999,10215851881850,1783481958675261818
3,-1,27322826666,10215860805774,1783481958684185774
2,-1,27325299999,10215863257693,1783481958686637661
1,-1,27337793999,10215875789094,1783481958699169062
0,-1,27345933999,10215883892374,1783481958707272342
3,-1,27354869332,10215892839306,1783481958716219306
2,-1,27357329000,10215895297785,1783481958718677753
0,-1,27377955000,10215915917266,1783481958739297234
3,-1,27386912000,10215924861350,1783481958748241350
0,-1,27409975999,10215947970894,1783481958771350894
3,-1,27418954666,10215956926818,1783481958780306786
1,-1,27433892999,10215971852794,1783481958795232762
0,-1,27441996999,10215979973674,1783481958803353674
3,-1,27450997332,10215988942718,1783481958812322686
2,-1,27453416000,10215991379564,1783481958814759532
1,-1,27465926000,10216003879286,1783481958827259286
0,-1,27474018000,10216011973061,1783481958835352997
3,-1,27483040000,10216020990586,1783481958844370554
2,-1,27485444999,10216023391304,1783481958846771272
1,-1,27497958999,10216035911730,1783481958859291730
0,-1,27506038999,10216043986977,1783481958867366945
3,-1,27515082666,10216053036886,1783481958876416854
2,-1,27517473999,10216055415396,1783481958878795364
1,-1,27529991999,10216067941742,1783481958891321710
0,-1,27538059999,10216076007485,1783481958899387453
3,-1,27547125332,10216085068466,1783481958908448466
2,-1,27549503000,10216087447072,1783481958910827040
1,-1,27562025000,10216099973514,1783481958923353482
0,-1,27570081000,10216108043481,1783481958931423417
3,-1,27579168000,10216117116622,1783481958940496622
2,-1,27581531999,10216119478492,1783481958942858460
1,-1,27594057999,10216132010694,1783481958955390630
0,-1,27602101999,10216140034517,1783481958963414485
3,-1,27611210666,10216149168074,1783481958972548010
2,-1,27613560999,10216151504856,1783481958974884824
1,-1,27626090999,10216164034209,1783481958987414177
0,-1,27634122999,10216172030608,1783481958995410608
3,-1,27643253332,10216181194566,1783481959004574566
2,-1,27645590000,10216183531860,1783481959006911764
1,-1,27658124000,10216196019901,1783481959019399837
0,-1,27666144000,10216204101997,1783481959027481933
3,-1,27675296000,10216213249538,1783481959036629506
2,-1,27677618999,10216215573744,1783481959038953680
1,-1,27690156999,10216228150010,1783481959051529978
0,-1,27698164999,10216236125192,1783481959059505192
3,-1,27707338666,10216245291006,1783481959068670974
2,-1,27709647999,10216247595180,1783481959070975180
1,-1,27722189999,10216260140245,1783481959083520213
0,-1,27730185999,10216268146372,1783481959091526372
3,-1,27739381332,10216277354490,1783481959100734458
2,-1,27741677000,10216279639688,1783481959103019688
1,-1,27754223000,10216292172561,1783481959115552561
0,-1,27762207000,10216300160256,1783481959123540224
3,-1,27771424000,10216309372438,1783481959132752406
2,-1,27773705999,10216311652164,1783481959135032164
1,-1,27786255999,10216324195757,1783481959147575693
0,-1,27794227999,10216332171068,1783481959155550972
3,-1,27803466666,10216341421842,1783481959164801810
2,-1,27805734999,10216343698496,1783481959167078464
1,-1,27818288999,10216356235113,1783481959179615081
0,-1,27826248999,10216364188120,1783481959187568088
3,-1,27835509332,10216373461966,1783481959196841934
2,-1,27837764000,10216375712508,1783481959199092476
1,-1,27850322000,10216388265221,1783481959211645189
0,-1,27858270000,10216396243380,1783481959219623348
3,-1,27867552000,10216405511562,1783481959228891562
2,-1,27869792999,10216407756184,1783481959231136152
1,-1,27882354999,10216420325985,1783481959243705953
0,-1,27890290999,10216428255312,1783481959251635248
3,-1,27899594666,10216437561191,1783481959260941191
2,-1,27901821999,10216439791892,1783481959263171860
1,-1,27914387999,10216452432510,1783481959275812478
0,-1,27922311999,10216460305004,1783481959283684972
3,-1,27931637332,10216469628259,1783481959293008227
2,-1,27933851000,10216471896656,1783481959295276592
1,-1,27946421000,10216484429466,1783481959307809434
0,-1,27954333000,10216492312392,1783481959315692328
3,-1,27963680000,10216501672543,1783481959325052511
2,-1,27965879999,10216503868684,1783481959327248652
1,-1,27978453999,10216516480662,1783481959339860662
0,-1,27986353999,10216524340516,1783481959347720484
3,-1,27995722666,10216533686555,1783481959357066555
2,-1,27997908999,10216535870855,1783481959359250823
1,-1,28010486999,10216548482065,1783481959371862001
0,-1,28018374999,10216556347328,1783481959379727296
3,-1,28027765332,10216565730455,1783481959389110423
2,-1,28029938000,10216567895619,1783481959391275587
1,-1,28042520000,10216580481453,1783481959403861485
0,-1,28050396000,10216588354523,1783481959411734491
3,-1,28059808000,10216597759603,1783481959421139571
2,-1,28061966999,10216599910431,1783481959423290399
1,-1,28074552999,10216612524777,1783481959435904777
0,-1,28082416999,10216620377111,1783481959443757047
3,-1,28091850666,10216629800783,1783481959453180719
2,-1,28093995999,10216631946747,1783481959455326747
1,-1,28106585999,10216644549445,1783481959467929413
0,-1,28114437999,10216652389491,1783481959475769459
3,-1,28123893332,10216661859147,1783481959485239115
2,-1,28126025000,10216663967959,1783481959487347927
1,-1,28138619000,10216676574849,1783481959499954849
0,-1,28146459000,10216684413615,1783481959507793615
3,-1,28155936000,10216693883111,1783481959517263079
2,-1,28158053999,10216695994067,1783481959519374035
1,-1,28170651999,10216708597949,1783481959531977885
3,-1,28187978666,10216725934819,1783481959549314819
2,-1,28190082999,10216728049071,1783481959551429071
1,-1,28202684999,10216740630073,1783481959564010041
3,-1,28220021332,10216757978495,1783481959581358463
2,-1,28222112000,10216760028523,1783481959583408491
1,-1,28234718000,10216772659509,1783481959596039445
0,-1,28242522000,10216780472931,1783481959603852867
3,-1,28252064000,10216790027515,1783481959613407483
2,-1,28254140999,10216792087847,1783481959615467815
1,-1,28266750999,10216804700177,1783481959628080145
0,-1,28274542999,10216812485631,1783481959635865599
3,-1,28284106666,10216822050071,1783481959645430007
2,-1,28286169999,10216824110115,1783481959647490083
1,-1,28298783999,10216836720045,1783481959660099981
0,-1,28306563999,10216844530011,1783481959667909947
3,-1,28316149332,10216854104179,1783481959677484147
2,-1,28318199000,10216856140831,1783481959679520799
1,-1,28330817000,10216868773481,1783481959692153513
0,-1,28338585000,10216876528279,1783481959699908279
3,-1,28348192000,10216886165999,1783481959709545967
2,-1,28350227999,10216888183355,1783481959711563355
1,-1,28362849999,10216900813285,1783481959724193317
0,-1,28370605999,10216908557043,1783481959731937011
3,-1,28380234666,10216918212075,1783481959741592075
2,-1,28382256999,10216920214583,1783481959743594583
1,-1,28394882999,10216932828769,1783481959756208769
0,-1,28402626999,10216940580206,1783481959763960206
3,-1,28412277332,10216950261831,1783481959773641831
2,-1,28414286000,10216952261331,1783481959775641299
1,-1,28426916000,10216964913309,1783481959788293245
0,-1,28434648000,10216972622186,1783481959796002122
3,-1,28444320000,10216982292099,1783481959805672067
2,-1,28446314999,10216984265711,1783481959807645647
1,-1,28458948999,10216996906969,1783481959820286969
0,-1,28466668999,10217004620134,1783481959828000070
3,-1,28476362666,10217014338751,1783481959837718719
2,-1,28478343999,10217016288267,1783481959839668235
1,-1,28490981999,10217028936309,1783481959852316277
0,-1,28498689999,10217036637282,1783481959860017218
3,-1,28508405332,10217046372571,1783481959869752539
2,-1,28510373000,10217048322567,1783481959871702567
1,-1,28523015000,10217060969297,1783481959884349265
0,-1,28530711000,10217068667902,1783481959892047870
2,-1,28542401999,10217080343299,1783481959903723203
1,-1,28555047999,10217093005933,1783481959916385933
0,-1,28562731999,10217100668890,1783481959924048858
2,-1,28574430999,10217112373151,1783481959935753087
1,-1,28587080999,10217125043913,1783481959948423913
0,-1,28594752999,10217132699158,1783481959956079126
3,-1,28604533332,10217142490895,1783481959965870863
2,-1,28606460000,10217144400219,1783481959967780155
1,-1,28619114000,10217157069573,1783481959980449573
0,-1,28626774000,10217164715922,1783481959988095890
3,-1,28636576000,10217174527563,1783481959997907531
2,-1,28638488999,10217176430903,1783481959999810839
1,-1,28651146999,10217189103937,1783481960012483937
0,-1,28658794999,10217196742926,1783481960020122894
3,-1,28668618666,10217206574695,1783481960029954695
2,-1,28670517999,10217208463283,1783481960031843251
1,-1,28683179999,10217221121661,1783481960044501629
0,-1,28690815999,10217228773482,1783481960052153450
3,-1,28700661332,10217238625252,1783481960062005252
2,-1,28702547000,10217240490127,1783481960063870095
1,-1,28715213000,10217253173689,1783481960076553657
0,-1,28722837000,10217260797190,1783481960084177190
3,-1,28732704000,10217270669056,1783481960094049024
2,-1,28734575999,10217272522731,1783481960095902699
1,-1,28747245999,10217285201045,1783481960108581045
0,-1,28754857999,10217292820770,1783481960116200770
3,-1,28764746666,10217302707900,1783481960126087868
2,-1,28766604999,10217304550791,1783481960127930759
0,-1,28786878999,10217324823230,1783481960148203198
3,-1,28796789332,10217334744184,1783481960158124152
0,-1,28818900000,10217356855386,1783481960180235322
3,-1,28828832000,10217366810964,1783481960190190932
1,-1,28843344999,10217381389194,1783481960204769194
0,-1,28850920999,10217388891126,1783481960212271126
3,-1,28860874666,10217398837392,1783481960222217392
2,-1,28862691999,10217400653723,1783481960224033691
1,-1,28875377999,10217413331269,1783481960236711269
0,-1,28882941999,10217420902289,1783481960244282225
3,-1,28892917332,10217430863500,1783481960254243436
2,-1,28894721000,10217432672855,1783481960256052823
1,-1,28907411000,10217445372449,1783481960268752385
0,-1,28914963000,10217452903725,1783481960276283661
3,-1,28924960000,10217462947528,1783481960286327464
2,-1,28926749999,10217464710771,1783481960288090739
1,-1,28939443999,10217477464413,1783481960300844381
0,-1,28946983999,10217484985002,1783481960308364970
3,-1,28957002666,10217494995684,1783481960318375652
2,-1,28958778999,10217496825711,1783481960320205647
1,-1,28971476999,10217509502970,1783481960332882970
0,-1,28979004999,10217516991365,1783481960340371333
3,-1,28989045332,10217527042112,1783481960350422048
2,-1,28990808000,10217528770091,1783481960352150091
1,-1,29003510000,10217541593910,1783481960364973846
0,-1,29011026000,10217548993857,1783481960372373825
3,-1,29021088000,10217559057756,1783481960382437724
2,-1,29022836999,10217560787399,1783481960384167367
1,-1,29035542999,10217573519825,1783481960396899825
0,-1,29043046999,10217580999933,1783481960404379869
3,-1,29053130666,10217591098872,1783481960414478808
2,-1,29054865999,10217592824099,1783481960416204067
1,-1,29067575999,10217605538189,1783481960428918125
0,-1,29075067999,10217613041753,1783481960436421753
3,-1,29085173332,10217623144661,1783481960446524629
2,-1,29086895000,10217624856255,1783481960448236223
1,-1,29099609000,10217637572777,1783481960460952713
0,-1,29107089000,10217645048149,1783481960468428117
3,-1,29117216000,10217655181041,1783481960478561041
2,-1,29118923999,10217656884411,1783481960480264379
1,-1,29131641999,10217669596645,1783481960492976613
0,-1,29139109999,10217677058129,1783481960500438097
3,-1,29149258666,10217687216845,1783481960510596813
2,-1,29150952999,10217688903895,1783481960512283895
1,-1,29163674999,10217701631169,1783481960525011169
0,-1,29171130999,10217709080749,1783481960532460685
3,-1,29181301332,10217719262793,1783481960542642761
2,-1,29182982000,10217720931155,1783481960544311091
1,-1,29195708000,10217733658141,1783481960557038109
0,-1,29203152000,10217741118185,1783481960564498185
3,-1,29213344000,10217751307973,1783481960574687909
2,-1,29215010999,10217752960911,1783481960576340879
1,-1,29227740999,10217765713273,1783481960589093241
0,-1,29235172999,10217773129029,1783481960596508997
3,-1,29245386666,10217783363201,1783481960606743105
2,-1,29247039999,10217784998059,1783481960608378059
1,-1,29259773999,10217797739477,1783481960621119413
0,-1,29267193999,10217805154273,1783481960628534273
3,-1,29277429332,10217815392125,1783481960638772093
2,-1,29279069000,10217817029095,1783481960640409095
1,-1,29291807000,10217829768945,1783481960653149009
0,-1,29299215000,10217837205405,1783481960660585405
3,-1,29309472000,10217847439449,1783481960670819417
2,-1,29311097999,10217849065219,1783481960672445219
1,-1,29323839999,10217861797933,1783481960685177869
0,-1,29331235999,10217869187961,1783481960692567929
3,-1,29341514666,10217879470581,1783481960702850549
2,-1,29343126999,10217881068990,1783481960704448958
1,-1,29355872999,10217893810921,1783481960717190889
0,-1,29363256999,10217901199285,1783481960724579253
3,-1,29373557332,10217911528497,1783481960734908465
2,-1,29375156000,10217913097594,1783481960736477530
1,-1,29387906000,10217925855301,1783481960749235333
0,-1,29395278000,10217933226193,1783481960756606193
3,-1,29405600000,10217943552685,1783481960766932653
2,-1,29407184999,10217945124694,1783481960768504790
1,-1,29419938999,10217957901953,1783481960781281921
0,-1,29427298999,10217965241997,1783481960788621965
3,-1,29437642666,10217975594505,1783481960798974473
2,-1,29439213999,10217977158770,1783481960800538770
1,-1,29451971999,10217989908093,1783481960813288061
0,-1,29459319999,10217997256456,1783481960820636424
3,-1,29469685332,10218007660997,1783481960831040933
2,-1,29471243000,10218009190958,1783481960832570926
1,-1,29484005000,10218021954137,1783481960845334105
0,-1,29491341000,10218029290660,1783481960852670660
3,-1,29501728000,10218039676865,1783481960863056833
2,-1,29503271999,10218041211818,1783481960864591786
1,-1,29516037999,10218053989301,1783481960877369237
0,-1,29523361999,10218061303264,1783481960884683232
3,-1,29533770666,10218071725406,1783481960895105374
2,-1,29535300999,10218073247462,1783481960896627430
1,-1,29548070999,10218086020497,1783481960909400497
0,-1,29555382999,10218093326300,1783481960916706236
3,-1,29565813332,10218103776506,1783481960927156474
2,-1,29567330000,10218105276770,1783481960928656738
1,-1,29580104000,10218118060653,1783481960941440589
3,-1,29597856000,10218135829494,1783481960959209430
2,-1,29599358999,10218137303486,1783481960960683422
1,-1,29612136999,10218150087369,1783481960973467337
3,-1,29629898666,10218167891474,1783481960991271410
2,-1,29631387999,10218169356219,1783481960992736187
1,-1,29644169999,10218182145350,1783481961005525318
0,-1,29651445999,10218189408208,1783481961012788176
3,-1,29661941332,10218199905422,1783481961023285390
2,-1,29663417000,10218201369751,1783481961024749687
1,-1,29676203000,10218214155490,1783481961037535458
0,-1,29683467000,10218221411692,1783481961044791660
3,-1,29693984000,10218231965706,1783481961055345706
2,-1,29695445999,10218233404563,1783481961056784563
1,-1,29708235999,10218246198590,1783481961069578526
0,-1,29715487999,10218253443016,1783481961076823016
3,-1,29726026666,10218263983654,1783481961087363622
2,-1,29727474999,10218265428783,1783481961088808751
1,-1,29740268999,10218278233594,1783481961101613562
0,-1,29747508999,10218285480740,1783481961108860740
3,-1,29758069332,10218296050242,1783481961119430210
2,-1,29759504000,10218297460075,1783481961120840011
1,-1,29772302000,10218310273590,1783481961133653526
0,-1,29779530000,10218317487552,1783481961140867520
3,-1,29790112000,10218328070430,1783481961151450398
2,-1,29791532999,10218329491463,1783481961152871399
1,-1,29804334999,10218342303858,1783481961165683826
0,-1,29811550999,10218349515100,1783481961172895068
3,-1,29822154666,10218360129627,1783481961183509627
2,-1,29823561999,10218361523875,1783481961184903875
1,-1,29836367999,10218374330766,1783481961197710734
0,-1,29843571999,10218381530520,1783481961204910456
3,-1,29854197332,10218392154999,1783481961215534967
2,-1,29855591000,10218393545919,1783481961216925887
1,-1,29868401000,10218406348778,1783481961229728746
0,-1,29875593000,10218413535092,1783481961236915028
3,-1,29886240000,10218424188019,1783481961247567987
2,-1,29887619999,10218425567323,1783481961248947259
1,-1,29900433999,10218438375814,1783481961261755782
0,-1,29907613999,10218445573520,1783481961268953520
3,-1,29918282666,10218456245231,1783481961279625199
2,-1,29919648999,10218457602327,1783481961280982295
1,-1,29932466999,10218470410402,1783481961293790338
0,-1,29939634999,10218477582316,1783481961300962252
2,-1,29951678000,10218489618675,1783481961312998643
1,-1,29964500000,10218502485662,1783481961325865598
0,-1,29971656000,10218509655144,1783481961333035112
2,-1,29983706999,10218521791408,1783481961345171376
1,-1,29996532999,10218534533210,1783481961357913210
0,-1,30003676999,10218541751141,1783481961365131109
3,-1,30014410666,10218552427011,1783481961375807011
2,-1,30015735999,10218553746571,1783481961377126507
1,-1,30028565999,10218566536854,1783481961389916822
0,-1,30035697999,10218573692480,1783481961397072416
3,-1,30046453332,10218584434143,1783481961407814111
2,-1,30047765000,10218585803815,1783481961409183847
1,-1,30060599000,10218598592435,1783481961421972371
0,-1,30067719000,10218605758749,1783481961429138685
3,-1,30078496000,10218616475900,1783481961439855836
2,-1,30079793999,10218617779939,1783481961441159907
1,-1,30092631999,10218630625103,1783481961454005071
0,-1,30099739999,10218638464029,1783481961461843997
3,-1,30110538666,10218648511000,1783481961471891000
2,-1,30111822999,10218649787071,1783481961473167071
1,-1,30124664999,10218662663019,1783481961486043019
0,-1,30131760999,10218669756468,1783481961493136436
3,-1,30142581332,10218680582004,1783481961503961972
2,-1,30143852000,10218681822651,1783481961505202651
1,-1,30156698000,10218694691175,1783481961518071143
0,-1,30163782000,10218701753648,1783481961525133648
3,-1,30174624000,10218712615408,1783481961535995376
2,-1,30175880999,10218713851991,1783481961537231991
0,-1,30195802999,10218733793324,1783481961557173324
3,-1,30206666666,10218744650092,1783481961568030092
0,-1,30227823999,10218765824744,1783481961589204712
3,-1,30238709332,10218776701224,1783481961600081160
1,-1,30252797000,10218790939068,1783481961614319036
0,-1,30259845000,10218797839140,1783481961621219108
3,-1,30270752000,10218808756292,1783481961632136292
2,-1,30271967999,10218809951819,1783481961633331787
1,-1,30284829999,10218822820279,1783481961646200247
0,-1,30291865999,10218829860608,1783481961653240544
3,-1,30302794666,10218840805057,1783481961664185057
2,-1,30303996999,10218842031912,1783481961665411912
1,-1,30316862999,10218854846803,1783481961678226771
0,-1,30323886999,10218861887452,1783481961685267420
3,-1,30334837332,10218872820924,1783481961696200860
2,-1,30336026000,10218874143908,1783481961697523844
1,-1,30348896000,10218886879663,1783481961710259631
0,-1,30355908000,10218893901688,1783481961717281624
3,-1,30366880000,10218904841368,1783481961728221304
2,-1,30368054999,10218906063200,1783481961729443136
1,-1,30380928999,10218918921739,1783481961742301707
0,-1,30387928999,10218925932404,1783481961749312340
3,-1,30398922666,10218936913045,1783481961760293045
2,-1,30400083999,10218938053947,1783481961761433915
1,-1,30412961999,10218950955399,1783481961774335367
0,-1,30419949999,10218957916176,1783481961781296144
3,-1,30430965332,10218968935729,1783481961792315665
2,-1,30432113000,10218970066039,1783481961793445975
1,-1,30444995000,10218982955491,1783481961806335491
0,-1,30451971000,10218989921068,1783481961813301036
3,-1,30463008000,10219000960941,1783481961824340909
2,-1,30464141999,10219002081491,1783481961825461459
1,-1,30477027999,10219014995839,1783481961838375807
0,-1,30483991999,10219021943272,1783481961845323240
3,-1,30495050666,10219033011113,1783481961856391113
2,-1,30496170999,10219034130447,1783481961857510447
1,-1,30509060999,10219047015099,1783481961870395067
0,-1,30516012999,10219053960836,1783481961877340804
3,-1,30527093332,10219065049221,1783481961888429189
2,-1,30528200000,10219066147563,1783481961889527531
1,-1,30541094000,10219079047159,1783481961902427159
0,-1,30548034000,10219085978144,1783481961909358112
3,-1,30559136000,10219097090497,1783481961920470497
2,-1,30560228999,10219098172295,1783481961921552263
1,-1,30573126999,10219111082195,1783481961934462163
0,-1,30580054999,10219118004476,1783481961941384412
3,-1,30591178666,10219129136317,1783481961952516285
2,-1,30592257999,10219130207716,1783481961953587652
1,-1,30605159999,10219143114767,1783481961966494767
0,-1,30612075999,10219150029464,1783481961973409400
3,-1,30623221332,10219161177049,1783481961984556985
2,-1,30624287000,10219162246080,1783481961985626048
1,-1,30637193000,10219175147691,1783481961998527691
0,-1,30644097000,10219182050420,1783481962005430388
3,-1,30655264000,10219193205813,1783481962016585781
2,-1,30656315999,10219194262044,1783481962017642012
1,-1,30669225999,10219207181031,1783481962030560967
0,-1,30676117999,10219214067248,1783481962037447184
3,-1,30687306666,10219225256178,1783481962048636146
2,-1,30688344999,10219226289656,1783481962049669592
1,-1,30701258999,10219239238372,1783481962062618372
0,-1,30708138999,10219246101324,1783481962069481324
3,-1,30719349332,10219257320110,1783481962080700110
2,-1,30720374000,10219258337716,1783481962081717716
1,-1,30733292000,10219271262592,1783481962094642560
0,-1,30740160000,10219278115528,1783481962101495496
3,-1,30751392000,10219289374474,1783481962112754410
2,-1,30752402999,10219290366032,1783481962113746032
1,-1,30765324999,10219303277756,1783481962126657756
0,-1,30772180999,10219310135140,1783481962133515108
3,-1,30783434666,10219321385894,1783481962144765894
2,-1,30784431999,10219322378092,1783481962145758060
1,-1,30797357999,10219335295544,1783481962158675512
0,-1,30804201999,10219342151104,1783481962165531072
3,-1,30815477332,10219353447234,1783481962176827202
2,-1,30816461000,10219354408008,1783481962177787976
1,-1,30829391000,10219367386964,1783481962190766964
0,-1,30836223000,10219374198364,1783481962197578332
3,-1,30847520000,10219385484190,1783481962208864158
2,-1,30848489999,10219386453156,1783481962209833092
1,-1,30861423999,10219399376400,1783481962222756368
0,-1,30868243999,10219406222200,1783481962229602200
3,-1,30879562666,10219417520059,1783481962240900027
2,-1,30880518999,10219418476608,1783481962241856608
1,-1,30893456999,10219431421068,1783481962254801068
0,-1,30900264999,10219438215028,1783481962261595028
3,-1,30911605332,10219449565015,1783481962272944983
2,-1,30912548000,10219450491804,1783481962273871804
1,-1,30925490000,10219463452584,1783481962286832520
0,-1,30932286000,10219470242640,1783481962293622608
3,-1,30943648000,10219481599443,1783481962304979379
2,-1,30944576999,10219482524152,1783481962305904120
1,-1,30957522999,10219495468580,1783481962318848548
0,-1,30964306999,10219502247212,1783481962325627180
3,-1,30975690666,10219513679727,1783481962337059695
2,-1,30976605999,10219514566452,1783481962337946420
1,-1,30989555999,10219527558433,1783481962350938401
3,-1,31007733332,10219545710987,1783481962369090987
2,-1,31008635000,10219546612561,1783481962369992561
1,-1,31021589000,10219559581661,1783481962382961661
3,-1,31039776000,10219577760872,1783481962401140872
2,-1,31040663999,10219578628493,1783481962402008461
1,-1,31053621999,10219591612889,1783481962414992857
0,-1,31060369999,10219598347648,1783481962421727648
3,-1,31071818666,10219609778436,1783481962433158436
2,-1,31072692999,10219610651337,1783481962434031337
1,-1,31085654999,10219623603285,1783481962446983221
0,-1,31092390999,10219630340220,1783481962453720156
3,-1,31103861332,10219641812896,1783481962465192864
2,-1,31104722000,10219642666629,1783481962466046565
1,-1,31117688000,10219655637873,1783481962479017841
0,-1,31124412000,10219662350488,1783481962485730424
3,-1,31135904000,10219673851804,1783481962497231772
2,-1,31136750999,10219674698465,1783481962498078433
1,-1,31149720999,10219687687501,1783481962511067437
0,-1,31156432999,10219694372948,1783481962517752884
3,-1,31167946666,10219705913592,1783481962529293528
2,-1,31168779999,10219706731549,1783481962530111549
1,-1,31181753999,10219719722793,1783481962543102761
0,-1,31188453999,10219726421456,1783481962549801424
3,-1,31199989332,10219737958260,1783481962561338228
2,-1,31200809000,10219738765657,1783481962562145625
1,-1,31213787000,10219751770213,1783481962575150213
0,-1,31220475000,10219758451789,1783481962581831789
3,-1,31232032000,10219769996304,1783481962593376304
2,-1,31232837999,10219770791317,1783481962594171317
1,-1,31245819999,10219783777345,1783481962607157345
0,-1,31252495999,10219790444488,1783481962613824424
3,-1,31264074666,10219802066157,1783481962625446125
2,-1,31264866999,10219802827281,1783481962626207249
1,-1,31277852999,10219815831934,1783481962639211934
0,-1,31284516999,10219822469348,1783481962645849316
3,-1,31296117332,10219834070889,1783481962657450825
2,-1,31296896000,10219834846413,1783481962658226381
1,-1,31309886000,10219847839321,1783481962671219257
0,-1,31316538000,10219854492257,1783481962677872257
3,-1,31328160000,10219866119365,1783481962689499333
2,-1,31328924999,10219866871433,1783481962690251401
1,-1,31341918999,10219879871062,1783481962703251030
0,-1,31348558999,10219886507389,1783481962709887357
2,-1,31360953999,10219898903973,1783481962722283909
1,-1,31373951999,10219911893298,1783481962735273266
0,-1,31380579999,10219918548953,1783481962741928889
2,-1,31392983000,10219930970530,1783481962754350498
1,-1,31405985000,10219943948142,1783481962767328078
0,-1,31412601000,10219950553813,1783481962773933781
3,-1,31424288000,10219962254105,1783481962785634073
2,-1,31425011999,10219962962333,1783481962786342333
1,-1,31438017999,10219975968202,1783481962799348138
0,-1,31444621999,10219982562865,1783481962805942833
3,-1,31456330666,10219994269749,1783481962817649685
2,-1,31457040999,10219994988250,1783481962818368218
1,-1,31470050999,10220007998566,1783481962831378534
0,-1,31476642999,10220014587117,1783481962837967181
3,-1,31488373332,10220026329458,1783481962849709394
2,-1,31489070000,10220027018582,1783481962850398550
1,-1,31502084000,10220040029154,1783481962863409090
0,-1,31508664000,10220046611369,1783481962869991337
3,-1,31520416000,10220058358446,1783481962881738414
2,-1,31521098999,10220059045682,1783481962882425650
1,-1,31534116999,10220072062046,1783481962895442014
0,-1,31540684999,10220078630309,1783481962902010277
3,-1,31552458666,10220090395594,1783481962913775498
2,-1,31553127999,10220091074286,1783481962914454286
1,-1,31566149999,10220104092954,1783481962927472954
0,-1,31572705999,10220110649441,1783481962934029409
3,-1,31584501332,10220122449318,1783481962945829286
2,-1,31585157000,10220123115658,1783481962946495626
0,-1,31604727000,10220142680125,1783481962966060093
3,-1,31616544000,10220154501058,1783481962977880994
0,-1,31636747999,10220174708537,1783481962998088505
3,-1,31648586666,10220186557438,1783481963009937374
1,-1,31662248999,10220200236303,1783481963023616239
0,-1,31668768999,10220206733557,1783481963030113557
3,-1,31680629332,10220218598875,1783481963041978843
2,-1,31681244000,10220219234142,1783481963042614078
1,-1,31694282000,10220232252811,1783481963055632811
0,-1,31700790000,10220238742609,1783481963062122577
3,-1,31712672000,10220250643191,1783481963074023191
2,-1,31713272999,10220251226650,1783481963074606618
1,-1,31726314999,10220264255591,1783481963087635623
0,-1,31732810999,10220270761645,1783481963094141613
3,-1,31744714666,10220282658643,1783481963106038611
2,-1,31745301999,10220283247798,1783481963106627766
1,-1,31758347999,10220296282371,1783481963119662307
0,-1,31764831999,10220302783625,1783481963126163561
3,-1,31776757332,10220314699599,1783481963138079567
2,-1,31777331000,10220315292883,1783481963138672851
1,-1,31790381000,10220328316127,1783481963151696063
0,-1,31796853000,10220334811269,1783481963158191237
3,-1,31808800000,10220346760395,1783481963170140363
2,-1,31809359999,10220347318511,1783481963170698479
1,-1,31822413999,10220360388411,1783481963183768347
0,-1,31828873999,10220366833697,1783481963190213697
3,-1,31840842666,10220378793127,1783481963202173095
2,-1,31841388999,10220379337291,1783481963202717227
1,-1,31854446999,10220392405751,1783481963215785751
0,-1,31860894999,10220398844893,1783481963222224861
3,-1,31872885332,10220410838148,1783481963234218084
2,-1,31873418000,10220411360135,1783481963234740103
1,-1,31886480000,10220424415539,1783481963247795475
0,-1,31892916000,10220430865977,1783481963254245945
3,-1,31904928000,10220442869120,1783481963266249088
2,-1,31905446999,10220443387811,1783481963266767779
1,-1,31918512999,10220456459888,1783481963279839856
0,-1,31924936999,10220462879989,1783481963286259925
3,-1,31936970666,10220474919068,1783481963298299036
2,-1,31937475999,10220475419935,1783481963298799903
1,-1,31950545999,10220488490508,1783481963311870476
0,-1,31956957999,10220494918290,1783481963318298290
3,-1,31969013332,10220506956440,1783481963330336344
2,-1,31969505000,10220507448283,1783481963330828251
1,-1,31982579000,10220520577864,1783481963343957832
0,-1,31988979000,10220526954798,1783481963350334766
3,-1,32001056000,10220539051701,1783481963362431669
2,-1,32001533999,10220539515095,1783481963362895063
1,-1,32014611999,10220552585732,1783481963375965700
0,-1,32020999999,10220558992810,1783481963382372778
3,-1,32033098666,10220571096817,1783481963394476753
2,-1,32033562999,10220571540788,1783481963394920756
1,-1,32046644999,10220584642560,1783481963408022560
0,-1,32053020999,10220590992294,1783481963414372262
3,-1,32065141332,10220603136589,1783481963426516557
2,-1,32065592000,10220603570736,1783481963426950736
1,-1,32078678000,10220616696317,1783481963440076285
0,-1,32085042000,10220623029058,1783481963446409058
3,-1,32097184000,10220635189481,1783481963458569481
2,-1,32097620999,10220635632364,1783481963459012300
1,-1,32110710999,10220648716697,1783481963472096697
0,-1,32117062999,10220655053278,1783481963478433246
3,-1,32129226666,10220667261286,1783481963490641286
2,-1,32129649999,10220667646504,1783481963491026472
1,-1,32142743999,10220680789045,1783481963504169045
0,-1,32149083999,10220687079738,1783481963510459706
3,-1,32161269332,10220699267234,1783481963522647202
2,-1,32161679000,10220699645732,1783481963523025700
1,-1,32174777000,10220712775153,1783481963536155089
0,-1,32181105000,10220719126902,1783481963542506838
3,-1,32193312000,10220731295166,1783481963554675134
2,-1,32193707999,10220731680768,1783481963555060768
1,-1,32206809999,10220744804301,1783481963568184269
0,-1,32213125999,10220751796470,1783481963575176406
3,-1,32225354666,10220763342714,1783481963586722682
2,-1,32225736999,10220763711292,1783481963587091228
1,-1,32238842999,10220776833353,1783481963600213321
0,-1,32245146999,10220783121294,1783481963606501230
3,-1,32257397332,10220795388150,1783481963618768086
2,-1,32257766000,10220795745304,1783481963619125304
1,-1,32270876000,10220808869509,1783481963632249445
0,-1,32277168000,10220815145418,1783481963638525418
3,-1,32289440000,10220827437170,1783481963650817138
2,-1,32289794999,10220827935413,1783481963651315413
1,-1,32302908999,10220840903938,1783481963664283906
0,-1,32309188999,10220847175174,1783481963670555174
3,-1,32321482666,10220859472175,1783481963682852143
2,-1,32321823999,10220859800945,1783481963683180945
1,-1,32334941999,10220872936862,1783481963696316862
0,-1,32341209999,10220879212867,1783481963702592835
3,-1,32353525332,10220891524907,1783481963714904875
2,-1,32353853000,10220891832877,1783481963715212845
1,-1,32366975000,10220904982938,1783481963728362938
0,-1,32373231000,10220911223231,1783481963734603199
3,-1,32385568000,10220923562215,1783481963746942215
2,-1,32385881999,10220923851945,1783481963747232041
1,-1,32399007999,10220937025238,1783481963760405238
3,-1,32417610666,10220955629411,1783481963779009347
2,-1,32417910999,10220955901061,1783481963779281061
1,-1,32431040999,10220969017330,1783481963792397298
3,-1,32449653332,10220987614367,1783481963810994303
2,-1,32449940000,10220987901409,1783481963811281377
1,-1,32463074000,10221001018062,1783481963824398062
0,-1,32469294000,10221007257427,1783481963830637427
3,-1,32481696000,10221019647323,1783481963843027323
2,-1,32481968999,10221019919261,1783481963843299229
1,-1,32495106999,10221033056682,1783481963856436650
0,-1,32501314999,10221039262351,1783481963862642351
3,-1,32513738666,10221051706296,1783481963875086296
2,-1,32513997999,10221051948985,1783481963875328921
1,-1,32527139999,10221065091014,1783481963888470982
0,-1,32533335999,10221071280011,1783481963894659979
3,-1,32545781332,10221083728884,1783481963907108852
2,-1,32546027000,10221083981941,1783481963907361909
1,-1,32559173000,10221097113698,1783481963920493698
0,-1,32565357000,10221103306727,1783481963926686695
3,-1,32577824000,10221115778160,1783481963939158128
2,-1,32578055999,10221116019281,1783481963939399281
1,-1,32591205999,10221129173919,1783481963952553887
0,-1,32597377999,10221135326947,1783481963958706915
3,-1,32609866666,10221147848108,1783481963971228108
2,-1,32610084999,10221148038477,1783481963971418477
1,-1,32623238999,10221161222683,1783481963984602683
0,-1,32629398999,10221167358559,1783481963990738559
3,-1,32641909332,10221179880744,1783481964003260712
2,-1,32642114000,10221180058122,1783481964003438090
1,-1,32655272000,10221193243415,1783481964016623383
0,-1,32661420000,10221199371483,1783481964022751483
3,-1,32673952000,10221211902117,1783481964035282085
2,-1,32674142999,10221212080934,1783481964035460870
1,-1,32687304999,10221225249779,1783481964048629747
0,-1,32693440999,10221231393079,1783481964054773047
3,-1,32705994666,10221243955777,1783481964067335713
2,-1,32706171999,10221244108226,1783481964067488194
1,-1,32719337999,10221257300815,1783481964080680815
0,-1,32725461999,10221263397971,1783481964086777939
3,-1,32738037332,10221275986365,1783481964099366365
2,-1,32738201000,10221276133182,1783481964099513150
1,-1,32751371000,10221289318347,1783481964112698315
0,-1,32757483000,10221295428623,1783481964118808591
2,-1,32770229999,10221308169050,1783481964131548986
1,-1,32783403999,10221321345416,1783481964144725384
0,-1,32789503999,10221327441707,1783481964150821675
2,-1,32802258999,10221340198134,1783481964163578102
1,-1,32815436999,10221353406980,1783481964176786948
0,-1,32821524999,10221359476327,1783481964182856295
3,-1,32834165332,10221372128402,1783481964195508370
2,-1,32834288000,10221372233714,1783481964195613682
1,-1,32847470000,10221385442080,1783481964208822112
0,-1,32853546000,10221391500100,1783481964214880068
3,-1,32866208000,10221404161230,1783481964227541230
2,-1,32866316999,10221404256815,1783481964227636783
1,-1,32879502999,10221417476156,1783481964240856124
0,-1,32885566999,10221423522048,1783481964246902016
3,-1,32898250666,10221436214730,1783481964259594698
2,-1,32898345999,10221436298091,1783481964259678059
1,-1,32911535999,10221449491032,1783481964272871000
0,-1,32917587999,10221455534876,1783481964278914844
3,-1,32930293332,10221468233670,1783481964291613606
2,-1,32930375000,10221468318151,1783481964291698151
1,-1,32943569000,10221481524308,1783481964304904276
0,-1,32949609000,10221487557272,1783481964310937240
3,-1,32962336000,10221500271331,1783481964323651267
2,-1,32962403999,10221500352003,1783481964323731971
1,-1,32975601999,10221513544177,1783481964336924113
0,-1,32981629999,10221519582356,1783481964342962292
3,-1,32994378666,10221532352895,1783481964355732895
2,-1,32994432999,10221532385951,1783481964355765887
0,-1,33013650999,10221551973202,1783481964375353170
3,-1,33026421332,10221564412091,1783481964387792059
0,-1,33045672000,10221583662508,1783481964407042444
3,-1,33058464000,10221596480280,1783481964419860280
1,-1,33071700999,10221609690821,1783481964433070789
0,-1,33077692999,10221615671145,1783481964439051145
3,-1,33090506666,10221628494900,1783481964451874900
2,-1,33090519999,10221628496500,1783481964451876436
1,-1,33103733999,10221641724770,1783481964465104738
