cam,pts_ns,mono_ns,real_ns
0,64041999,10388489654482,1783482131313034450
0,96063000,10388491664254,1783482131315044222
0,128083999,10388492827749,1783482131316207685
0,160104999,10388494955794,1783482131318335730
0,192126000,10388495944984,1783482131319324920
0,224146999,10388513629635,1783482131337009603
0,256167999,10388689861869,1783482131513241805
3,567200000,10388856736446,1783482131680116382
0,288189000,10388865416435,1783482131688796403
3,599242666,10388888720768,1783482131712100768
0,320209999,10388897162739,1783482131720542675
0,352230999,10388897174387,1783482131720554323
3,631285332,10388920762594,1783482131744142530
3,663328000,10388952811683,1783482131776191683
0,416272999,10388961328055,1783482131784707991
3,695370666,10388984859973,1783482131808240037
0,576378000,10388993345657,1783482131816725625
3,727413332,10389016889703,1783482131840269639
0,608398999,10389105666912,1783482131929046848
3,759456000,10389105672064,1783482131929052000
0,640419999,10389105683136,1783482131929063072
0,672441000,10389105690304,1783482131929070272
0,704461999,10389105694272,1783482131929074208
3,791498666,10389314213421,1783482132137593389
0,832545999,10389314217901,1783482132137597869
0,864567000,10389314237614,1783482132137617582
1,1134800000,10389424316103,1783482132247696071
3,823541332,10389432866107,1783482132256246075
0,896587999,10389432869403,1783482132256249339
3,855584000,10389432963932,1783482132256343868
0,928608999,10389432974748,1783482132256354716
0,1056693000,10389432989436,1783482132256369404
1,1166832999,10389456325353,1783482132279705353
3,887626666,10389464829565,1783482132288209533
0,1088713999,10389464830749,1783482132288210685
1,1198865999,10389488359243,1783482132311739179
3,1047840000,10389496819070,1783482132320199070
1,1230899000,10389520393709,1783482132343773645
0,1152756000,10389520514445,1783482132343894413
3,1143968000,10389520525037,1783482132343904973
3,1176010666,10389520539246,1783482132343919214
1,1262931999,10389552436654,1783482132375816622
1,1294964999,10389584444880,1783482132407824848
1,1326998000,10389729124699,1783482132552504635
0,1184776999,10389729132859,1783482132552512795
0,1216797999,10389729147707,1783482132552527675
0,1248819000,10389729152443,1783482132552532411
0,1280839999,10389729174620,1783482132552554556
3,1208053332,10389729174588,1783482132552554556
3,1240096000,10389729204380,1783482132552584348
3,1272138666,10389729223068,1783482132552603036
3,1304181332,10389729237276,1783482132552617244
1,1359030999,10389937670153,1783482132761050121
1,1391063999,10389937688489,1783482132761068457
0,1472965999,10389937709417,1783482132761089353
0,1504986999,10389937735753,1783482132761115721
0,1537008000,10389937752937,1783482132761132873
3,1464394666,10389937768073,1783482132761148009
3,1496437332,10389937838250,1783482132761218218
3,1528480000,10389937845834,1783482132761225802
2,1702100000,10389991611503,1783482132814991471
0,1569028999,10390000144611,1783482132823524579
3,1560522666,10390000176643,1783482132823556579
1,1423097000,10390000233251,1783482132823613219
2,1734128999,10390023613489,1783482132846993457
3,1656650666,10390032092964,1783482132855472900
1,1455129999,10390032157060,1783482132855537028
0,1665091999,10390032352486,1783482132855732486
0,1697112999,10390040809433,1783482132864189369
2,1766157999,10390055658643,1783482132879038611
3,1688693332,10390064085221,1783482132887465157
1,1679360999,10390064174534,1783482132887554470
2,1798187000,10390087690644,1783482132911070580
1,1711394000,10390096167784,1783482132919547752
2,1830215999,10390119698230,1783482132943078198
1,1743426999,10390128127369,1783482132951507305
1,1775459999,10390146103318,1783482132969483254
0,1729134000,10390146114294,1783482132969494262
3,1720736000,10390146129334,1783482132969509270
2,1862244999,10390151732696,1783482132975112664
1,1807493000,10390354718692,1783482133178098660
2,1894274000,10390354732996,1783482133178112932
1,1839525999,10390354740804,1783482133178120772
1,1871558999,10390354747748,1783482133178127652
3,1816864000,10390354812516,1783482133178192452
2,1926302999,10390354814212,1783482133178194148
3,1848906666,10390354824068,1783482133178204036
3,1880949332,10390354849125,1783482133178229093
3,1912992000,10390354854821,1783482133178234757
0,1761154999,10390354871397,1783482133178251365
0,1793175999,10390354902597,1783482133178282565
0,1825197000,10390354907365,1783482133178287301
0,1857217999,10390354932389,1783482133178312357
1,1903592000,10390355049574,1783482133178429542
2,1958331999,10390355348040,1783482133178727976
2,1990361000,10390355426984,1783482133178806920
3,2073205332,10390362692084,1783482133186072052
0,2081364999,10390370856261,1783482133194236229
2,2086448000,10390375943652,1783482133199323588
1,2095790000,10390385280381,1783482133208660317
3,2105248000,10390394756150,1783482133218136086
0,2113386000,10390402871175,1783482133226251111
2,2118476999,10390407994246,1783482133231374246
1,2127822999,10390417326430,1783482133240706398
3,2137290666,10390426787064,1783482133250167032
0,2145406999,10390434889833,1783482133258269801
2,2150505999,10390439995048,1783482133263374984
1,2159855999,10390449347328,1783482133272727296
3,2169333332,10390458804761,1783482133282184729
0,2177427999,10390466907242,1783482133290287178
1,2191889000,10390481395970,1783482133304775874
3,2201376000,10390490862075,1783482133314242075
0,2209449000,10390498933804,1783482133322313772
1,2223921999,10390513400324,1783482133336780260
3,2233418666,10390522893885,1783482133346273853
0,2241469999,10390530947342,1783482133354327310
0,2273490999,10390611559190,1783482133434939158
2,2182535000,10390611573302,1783482133434953238
3,2265461332,10390611573750,1783482133434953686
1,2255954999,10390611595702,1783482133434975638
3,2297504000,10390611675382,1783482133435055318
0,2305512000,10390611680054,1783482133435060022
2,2214563999,10390611683670,1783482133435063638
1,2287988000,10390611696406,1783482133435076374
2,2246592999,10390820231620,1783482133643611556
0,2337532999,10390820234212,1783482133643614180
1,2320020999,10390820234500,1783482133643614468
3,2329546666,10390820247748,1783482133643627716
2,2278622000,10390820260228,1783482133643640196
2,2342679999,10390820317765,1783482133643697733
0,2369553999,10390820321349,1783482133643701317
1,2352053999,10390820336997,1783482133643716965
3,2361589332,10390820343397,1783482133643723333
0,2401575000,10390820408549,1783482133643788517
1,2384087000,10390820431493,1783482133643811429
2,2374709000,10390820460773,1783482133643840741
3,2393632000,10390820503110,1783482133643883046
3,2425674666,10390820510150,1783482133643890118
0,2433595999,10390820573990,1783482133643953926
1,2416119999,10390820615046,1783482133643995014
2,2534853999,10390824329661,1783482133647709629
1,2544251999,10390833732822,1783482133657112758
3,2553845332,10390843328016,1783482133666707984
0,2561679999,10390851180319,1783482133674560287
2,2566883000,10390856364831,1783482133679744767
1,2576285000,10390865766712,1783482133689146744
3,2585888000,10390875375474,1783482133698755410
0,2593701000,10390883177089,1783482133706557025
2,2598911999,10390888402113,1783482133711782049
1,2608317999,10390897794457,1783482133721174425
3,2617930666,10390907416276,1783482133730796340
0,2625721999,10390915194403,1783482133738574339
2,2630940999,10390920415202,1783482133743795138
1,2640350999,10390929819099,1783482133753199035
3,2649973332,10390939453237,1783482133762833205
0,2657742999,10390947227076,1783482133770607044
2,2662970000,10390952446660,1783482133775826596
1,2672384000,10390961870589,1783482133785250525
3,2682016000,10390971502071,1783482133794882039
0,2689764000,10390979274310,1783482133802654246
2,2694998999,10390984487910,1783482133807867878
0,2721784999,10391114809338,1783482133938189306
1,2704416999,10391114821114,1783482133938201082
3,2714058666,10391114825434,1783482133938205402
0,2753805999,10391114914139,1783482133938294075
2,2727027999,10391114919131,1783482133938299067
1,2736449999,10391114924059,1783482133938303995
3,2746101332,10391114957595,1783482133938337563
2,2759057000,10391114991835,1783482133938371803
0,2785827000,10391115036476,1783482133938416444
3,2778144000,10391115056028,1783482133938435964
1,2768483000,10391115060892,1783482133938440828
2,2791085999,10391115102812,1783482133938482748
1,2800515999,10391323583785,1783482134146963753
0,2881890000,10391323583849,1783482134146963785
3,2810186666,10391323604138,1783482134146984074
2,2823114999,10391323605770,1783482134146985738
0,2913910999,10391323704778,1783482134147084714
2,2855144000,10391323705994,1783482134147085962
3,2842229332,10391323707946,1783482134147087914
1,2832548999,10391323744330,1783482134147124266
3,2874272000,10391323808523,1783482134147188491
1,2864582000,10391323818795,1783482134147198763
2,2887172999,10391323852139,1783482134147232107
1,2896614999,10391323964620,1783482134147344588
3,2906314666,10391323969772,1783482134147349676
2,2919201999,10391323992396,1783482134147372364
3,3034485332,10391324087309,1783482134147467245
0,2945931999,10391324223309,1783482134147603277
0,2977953000,10391324258030,1783482134147637998
0,3041994999,10391331469977,1783482134154849913
2,3047318000,10391336794137,1783482134160174041
1,3056780000,10391346257843,1783482134169637811
3,3066528000,10391356032238,1783482134179412174
0,3074016000,10391363511419,1783482134186891387
2,3079346999,10391368857435,1783482134192237371
1,3088812999,10391378309685,1783482134201689621
0,3106036999,10391532707835,1783482134356087803
1,3120845999,10391532708955,1783482134356088891
2,3111375999,10391532710459,1783482134356090395
3,3098570666,10391532803995,1783482134356183931
0,3138057999,10391532804507,1783482134356184443
2,3143405000,10391532808443,1783482134356188379
1,3152879000,10391532841084,1783482134356221052
3,3130613332,10391532894300,1783482134356274268
2,3175433999,10391532934236,1783482134356314204
0,3170079000,10391533008829,1783482134356388797
1,3184911999,10391533053117,1783482134356433053
2,3207462999,10391533083453,1783482134356463421
0,3202099999,10391533143805,1783482134356523741
1,3216944999,10391533171838,1783482134356551774
3,3226741332,10391533255358,1783482134356635294
3,3258784000,10391548263129,1783482134371643097
0,3266142000,10391741626955,1783482134565006923
2,3271520999,10391741642187,1783482134565022155
3,3290826666,10391741642283,1783482134565022219
1,3248978000,10391741648939,1783482134565028875
2,3303549999,10391741739340,1783482134565119308
3,3322869332,10391741743308,1783482134565123244
0,3298162999,10391741745836,1783482134565125804
2,3335579000,10391741847372,1783482134565227340
3,3354912000,10391741851916,1783482134565231852
0,3330183999,10391741853740,1783482134565233676
2,3367607999,10391742060238,1783482134565440206
0,3362205000,10391742061774,1783482134565441742
3,3386954666,10391742067406,1783482134565447374
1,3281010999,10391742194894,1783482134565574862
1,3313043999,10391742207439,1783482134565587375
1,3345077000,10391742287631,1783482134565667567
0,3458268000,10391747750064,1783482134571130000
1,3473208999,10391762692490,1783482134586072458
3,3483082666,10391772576390,1783482134595956358
2,3495723999,10391785211155,1783482134608591091
0,3490288999,10391950816029,1783482134774195965
1,3505241999,10391950816957,1783482134774196925
2,3527753000,10391950818653,1783482134774198621
3,3515125332,10391950820701,1783482134774200669
2,3559781999,10391950934301,1783482134774314237
3,3547168000,10391950936893,1783482134774316829
1,3537275000,10391950950430,1783482134774330398
1,3569307999,10391951054398,1783482134774434334
3,3579210666,10391951057086,1783482134774437022
0,3522309999,10391951130303,1783482134774510271
0,3554331000,10391951142847,1783482134774522783
2,3591810999,10391951286016,1783482134774665984
1,3601340999,10391951416640,1783482134774796576
2,3623840000,10391951460865,1783482134774840801
0,3586351999,10391951464929,1783482134774844865
3,3611253332,10391951468993,1783482134774848929
1,3665406999,10391954893397,1783482134778273333
3,3675338666,10391964815921,1783482134788195889
0,3682414999,10391971894556,1783482134795274524
2,3687897999,10391977375965,1783482134800755901
0,3714435999,10392160171024,1783482134983550960
1,3697439999,10392160173616,1783482134983553552
2,3719927000,10392160174032,1783482134983554000
3,3707381332,10392160183120,1783482134983563024
2,3751955999,10392160274960,1783482134983654928
1,3729473000,10392160278736,1783482134983658672
0,3746457000,10392160292304,1783482134983672272
1,3761505999,10392160360849,1783482134983740785
0,3778477999,10392160364049,1783482134983744017
2,3783984999,10392160373265,1783482134983753233
0,3810498999,10392160443569,1783482134983823505
1,3793538999,10392160445297,1783482134983825233
2,3816014000,10392160456049,1783482134983835985
3,3739424000,10392160473713,1783482134983853649
3,3771466666,10392160490641,1783482134983870609
3,3803509332,10392160677203,1783482134984057139
0,3874540999,10392164031911,1783482134987411879
2,3880071999,10392169558504,1783482134992938472
1,3889637999,10392179123746,1783482135002503714
3,3899637332,10392189120543,1783482135012500511
2,3912101000,10392369139360,1783482135192519296
1,3921671000,10392369139392,1783482135192519360
0,3906561999,10392369139488,1783482135192519456
3,3931680000,10392369140128,1783482135192520064
2,3944129999,10392369271809,1783482135192651777
3,3963722666,10392369278337,1783482135192658305
0,3938583000,10392369296705,1783482135192676641
1,3953703999,10392369307233,1783482135192687201
3,3995765332,10392369377570,1783482135192757538
0,3970603999,10392369393986,1783482135192773954
1,3985736999,10392369406466,1783482135192786402
2,3976158999,10392369419362,1783482135192799330
1,4017770000,10392369465666,1783482135192845634
3,4027808000,10392369478338,1783482135192858274
0,4002624999,10392369492930,1783482135192872866
2,4008188000,10392369556803,1783482135192936771
1,4081835999,10392371323661,1783482135194703629
3,4091893332,10392381400874,1783482135204780842
0,4098687999,10392388182099,1783482135211562035
2,4104275000,10392393804821,1783482135217184789
1,4113869000,10392578134865,1783482135401514801
2,4136303999,10392578135569,1783482135401515505
0,4130709000,10392578135121,1783482135401515057
3,4123936000,10392578137105,1783482135401517073
0,4162729999,10392578262642,1783482135401642610
3,4155978666,10392578280114,1783482135401660050
1,4145901999,10392578283922,1783482135401663858
3,4188021332,10392578354226,1783482135401734194
2,4168332999,10392578358386,1783482135401738322
0,4194750999,10392578364434,1783482135401744402
2,4200362000,10392578368178,1783482135401748114
3,4220064000,10392578443923,1783482135401823891
2,4232390999,10392578452307,1783482135401832275
1,4177934999,10392578485203,1783482135401865171
1,4209968000,10392578678132,1783482135402058100
0,4290813999,10392580297854,1783482135403677822
2,4296449000,10392585928736,1783482135409308672
1,4306067000,10392595568122,1783482135418948090
3,4316192000,10392605673400,1783482135429053336
0,4322835000,10392612316608,1783482135435696544
2,4328477999,10392787070017,1783482135610449985
0,4354855999,10392787069729,1783482135610449697
3,4348234666,10392787071521,1783482135610451457
1,4338099999,10392787139362,1783482135610519330
3,4380277332,10392787158786,1783482135610538754
0,4386876999,10392787173442,1783482135610553378
1,4370132999,10392787184354,1783482135610564322
3,4412320000,10392787242946,1783482135610622914
0,4418898000,10392787249026,1783482135610628994
1,4402166000,10392787260419,1783482135610640387
3,4444362666,10392787323587,1783482135610703523
1,4434198999,10392787330755,1783482135610710691
0,4450918999,10392787332323,1783482135610712291
2,4360506999,10392787627141,1783482135611007109
2,4392536000,10392787663653,1783482135611043621
2,4424564999,10392787684741,1783482135611064709
1,4498265000,10392787746981,1783482135611126917
3,4508448000,10392797926627,1783482135621306563
0,4514961000,10392804440746,1783482135627820714
2,4520651999,10392810127693,1783482135633507661
1,4530297999,10392995984402,1783482135819364370
0,4546981999,10392995985906,1783482135819365874
2,4552680999,10392995986194,1783482135819366130
3,4540490666,10392995989522,1783482135819369458
3,4636618666,10392996109330,1783482135819489298
2,4584710000,10392996110098,1783482135819490034
1,4562330999,10392996110962,1783482135819490962
0,4579002999,10392996126547,1783482135819506515
2,4616738999,10392996198579,1783482135819578515
0,4611024000,10392996199923,1783482135819579859
1,4594364000,10392996206291,1783482135819586259
3,4668661332,10392996212435,1783482135819592403
3,4700704000,10392996283795,1783482135819663763
2,4648767999,10392996286451,1783482135819666419
0,4643044999,10392996299028,1783482135819678964
1,4626396999,10392996312628,1783482135819692596
0,4707087000,10392996688182,1783482135820068118
2,4712825999,10393002316056,1783482135825696024
1,4722495999,10393011979698,1783482135835359666
3,4732746666,10393022223792,1783482135845603728
0,4739107999,10393205050819,1783482136028430755
3,4764789332,10393205050915,1783482136028430883
1,4754528999,10393205055107,1783482136028435075
2,4744854999,10393205067299,1783482136028447267
2,4776884000,10393205152067,1783482136028532067
1,4786562000,10393205156868,1783482136028536836
0,4771128999,10393205167172,1783482136028547108
3,4796832000,10393205170724,1783482136028550692
3,4828874666,10393205234884,1783482136028614820
1,4882661000,10393205243204,1783482136028623204
2,4808912999,10393205256740,1783482136028636676
0,4803150000,10393205263108,1783482136028643076
2,4904999999,10393205320229,1783482136028700197
3,4860917332,10393205322629,1783482136028702597
1,4914693999,10393205331813,1783482136028711781
0,4835170999,10393205335685,1783482136028715653
3,4925002666,10393214484444,1783482136037864380
0,4931233999,10393220709634,1783482136044089602
2,4937028999,10393226508197,1783482136049888165
1,4946726999,10393236224768,1783482136059604736
2,4969058000,10393413994932,1783482136237374900
1,4978760000,10393413996020,1783482136237375956
3,4957045332,10393413994868,1783482136237374836
0,4963254999,10393413997044,1783482136237377012
3,4989088000,10393414093620,1783482136237473556
2,5001086999,10393414093876,1783482136237473812
0,4995276000,10393414107764,1783482136237487700
1,5010792999,10393414113716,1783482136237493684
3,5021130666,10393414203829,1783482136237583765
0,5027296999,10393414209013,1783482136237588981
1,5042825999,10393414222805,1783482136237602709
3,5053173332,10393414391734,1783482136237771670
1,5074859000,10393414414518,1783482136237794454
2,5033115999,10393414432118,1783482136237812054
2,5065145000,10393414438518,1783482136237818486
0,5059317999,10393414449046,1783482136237828982
2,5129202999,10393418698160,1783482136242078096
1,5138924999,10393428452523,1783482136251832491
3,5149301332,10393438880586,1783482136262260554
0,5155380999,10393444989583,1783482136268369519
0,5187402000,10393622899236,1783482136446279172
2,5161232000,10393622904324,1783482136446284292
3,5181344000,10393622905860,1783482136446285796
1,5170958000,10393622907908,1783482136446287876
1,5202990999,10393622988932,1783482136446368900
3,5213386666,10393622992645,1783482136446372549
0,5219422999,10393622995269,1783482136446375205
2,5193260999,10393623011749,1783482136446391717
0,5251443999,10393623081765,1783482136446461701
3,5245429332,10393623082821,1783482136446462757
1,5235023999,10393623089989,1783482136446469957
2,5225289999,10393623115013,1783482136446494949
3,5277472000,10393623275430,1783482136446655398
2,5257319000,10393623277894,1783482136446657862
0,5283465000,10393623289254,1783482136446669222
1,5267057000,10393623296038,1783482136446676006
3,5341557332,10393631081941,1783482136454461877
0,5347506999,10393636988857,1783482136460368825
2,5353406000,10393642900157,1783482136466280125
1,5363156000,10393652639800,1783482136476019736
2,5385434999,10393831826452,1783482136655206421
1,5395188999,10393831827029,1783482136655206965
3,5373600000,10393831826420,1783482136655206389
0,5379528000,10393831838069,1783482136655218005
0,5411548999,10393831926549,1783482136655306517
3,5405642666,10393831929301,1783482136655309269
1,5427221999,10393831942613,1783482136655322581
3,5437685332,10393832016502,1783482136655396470
0,5443569999,10393832017814,1783482136655397782
1,5459255000,10393832031094,1783482136655411062
0,5475591000,10393832108086,1783482136655488054
3,5469728000,10393832167831,1783482136655547767
1,5491287999,10393832182871,1783482136655562807
2,5417463999,10393832417240,1783482136655797176
2,5449493000,10393832448632,1783482136655828600
2,5481521999,10393832462552,1783482136655842488
2,5545580000,10393835055048,1783482136658434984
1,5555354000,10393844831427,1783482136668211363
3,5565856000,10393855355395,1783482136678735331
0,5571654000,10393861153702,1783482136684533670
2,5577608999,10394040742373,1783482136864122309
3,5597898666,10394040746789,1783482136864126725
1,5587386999,10394040754405,1783482136864134341
0,5603674999,10394040755973,1783482136864135877
0,5699737999,10394040842758,1783482136864222694
2,5609637999,10394040844582,1783482136864224550
3,5629941332,10394040848230,1783482136864228198
1,5619419999,10394040865574,1783482136864245478
3,5661984000,10394040928646,1783482136864308614
0,5731758999,10394040929606,1783482136864309574
1,5651453000,10394040941254,1783482136864321190
2,5641667000,10394040954278,1783482136864334214
1,5683485999,10394041008423,1783482136864388391
3,5694026666,10394041012071,1783482136864392007
2,5673695999,10394041018375,1783482136864398311
3,5758112000,10394047593710,1783482136870973646
0,5763780000,10394053254449,1783482136876634385
2,5769782999,10394059262741,1783482136882642677
1,5779584999,10394069079505,1783482136892459409
3,5790154666,10394079653072,1783482136903033040
0,5795800999,10394085288179,1783482136908668147
2,5801811999,10394091298103,1783482136914678039
1,5811617999,10394101129522,1783482136924509490
3,5822197332,10394111682354,1783482136935062290
0,5827821999,10394117305140,1783482136940685076
2,5833841000,10394123314873,1783482136946694777
1,5843651000,10394133126836,1783482136956506804
0,5859843000,10394149320566,1783482136972700534
1,5875683999,10394302355157,1783482137125735093
0,5891863999,10394302357717,1783482137125737685
3,5854240000,10394302359925,1783482137125739861
2,5865869999,10394302365781,1783482137125745749
0,5923884999,10394302480597,1783482137125860565
3,5886282666,10394302483957,1783482137125863893
3,5918325332,10394302582934,1783482137125962902
0,5955906000,10394302589078,1783482137125969046
0,5987926999,10394302654038,1783482137126034006
3,5950368000,10394302712087,1783482137126092023
1,5907716999,10394302960440,1783482137126340408
2,5897898999,10394302979160,1783482137126359128
1,5939750000,10394302989592,1783482137126369560
1,5971782999,10394302999576,1783482137126379512
2,5929928000,10394303013593,1783482137126393529
2,5961956999,10394303022553,1783482137126402489
2,6026015000,10394511211525,1783482137334591493
3,6046496000,10394511221893,1783482137334601829
0,6019947999,10394511235813,1783482137334615781
1,6035849000,10394511306693,1783482137334686661
3,6078538666,10394511314341,1783482137334694309
1,6067881999,10394511317893,1783482137334697829
2,6058043999,10394511340806,1783482137334720774
2,6090072999,10394511403910,1783482137334783878
1,6099914999,10394511407494,1783482137334787462
3,6110581332,10394511408870,1783482137334788806
1,6131948000,10394511483430,1783482137334863398
2,6122102000,10394511497383,1783482137334877351
3,6142624000,10394511561703,1783482137334941639
0,6051969000,10394511808936,1783482137335188904
0,6083989999,10394511822921,1783482137335202857
0,6116010999,10394511846633,1783482137335226601
3,6238752000,10394528257100,1783482137351637036
0,6244095000,10394533585388,1783482137356965324
3,6270794666,10394560294190,1783482137383674126
0,6276115999,10394565628366,1783482137389008334
1,6292112999,10394581613615,1783482137404993583
3,6302837332,10394592320336,1783482137415700272
0,6308136999,10394597645456,1783482137421025424
2,6314276000,10394603765237,1783482137427145205
1,6324146000,10394613626705,1783482137437006705
3,6334880000,10394624358802,1783482137447738738
0,6340158000,10394629646866,1783482137453026834
2,6346304999,10394635786551,1783482137459166519
1,6356178999,10394645658515,1783482137469038483
3,6366922666,10394656406004,1783482137479785972
0,6372178999,10394661655380,1783482137485035348
2,6378333999,10394667816441,1783482137491196409
1,6388211999,10394677690933,1783482137501070901
3,6398965332,10394688448822,1783482137511828790
0,6404199999,10394693700694,1783482137517080662
2,6410363000,10394699857499,1783482137523237435
1,6420245000,10394709731991,1783482137533111959
2,6442391999,10394731874077,1783482137555254013
1,6452277999,10394741753496,1783482137565133464
2,6474420999,10394763908319,1783482137587288287
2,6506450000,10394852843865,1783482137676223801
1,6484310999,10394852844057,1783482137676224025
0,6436221000,10394852844185,1783482137676224121
3,6431008000,10394852847577,1783482137676227513
2,6538478999,10394852957690,1783482137676337626
0,6468241999,10394852963514,1783482137676343482
3,6463050666,10394852970554,1783482137676350490
1,6516344000,10394852979514,1783482137676359450
1,6548376999,10395061522888,1783482137884902824
2,6570507999,10395061525320,1783482137884905256
3,6495093332,10395061527624,1783482137884907560
0,6500262999,10395061533864,1783482137884913832
3,6527136000,10395061552328,1783482137884932328
2,6602537000,10395061621993,1783482137885001929
0,6532284000,10395061625353,1783482137885005289
1,6580409999,10395061629289,1783482137885009225
2,6634565999,10395061702537,1783482137885082505
0,6564304999,10395061711977,1783482137885091945
1,6612443000,10395061719305,1783482137885099273
2,6666594999,10395061772938,1783482137885152906
0,6596325999,10395061778314,1783482137885158250
1,6644475999,10395061780746,1783482137885160714
3,6591221332,10395062062603,1783482137885442507
1,6772607999,10395062153452,1783482137885533388
3,6623264000,10395062214572,1783482137885594508
3,6783477332,10395072959661,1783482137896339629
0,6788451999,10395077958572,1783482137901338540
2,6794711000,10395084198737,1783482137907578705
1,6804641000,10395094124237,1783482137917504173
3,6815520000,10395105009903,1783482137928389935
0,6820473000,10395109953901,1783482137933333869
2,6826739999,10395116216499,1783482137939596435
1,6836673999,10395126154831,1783482137949534767
3,6847562666,10395137049777,1783482137960429745
0,6852493999,10395141978767,1783482137965358735
2,6858768999,10395148243669,1783482137971623637
1,6868706999,10395158185809,1783482137981565777
3,6879605332,10395169090707,1783482137992470643
0,6884514999,10395173995185,1783482137997375153
2,6890798000,10395180274903,1783482138003654839
1,6900740000,10395190216851,1783482138013596787
3,6911648000,10395201126037,1783482138024506005
0,6916536000,10395206041811,1783482138029421779
2,6922826999,10395212303353,1783482138035683289
3,6943690666,10395233193943,1783482138056573911
0,6948556999,10395333257013,1783482138156636981
1,6932772999,10395333257813,1783482138156637749
2,6954855999,10395333262005,1783482138156641941
3,6975733332,10395333267861,1783482138156647797
2,6986885000,10395333358038,1783482138156738006
0,6980577999,10395333362774,1783482138156742710
3,7007776000,10395333372534,1783482138156752470
1,6964805999,10395333383606,1783482138156763542
1,6996839000,10395541903332,1783482138365283268
2,7018913999,10395541909508,1783482138365289444
0,7012599000,10395541909476,1783482138365289412
3,7039818666,10395541920485,1783482138365300453
2,7050942999,10395542000325,1783482138365380261
3,7071861332,10395542012197,1783482138365392133
1,7028871999,10395542014853,1783482138365394821
2,7082972000,10395542079397,1783482138365459333
1,7060904999,10395542082214,1783482138365462182
3,7103904000,10395542084902,1783482138365464870
0,7108662000,10395542167174,1783482138365547110
2,7115000999,10395542212582,1783482138365592550
3,7135946666,10395542222694,1783482138365602662
0,7140682999,10395542238726,1783482138365618662
1,7092938000,10395542255815,1783482138365635783
0,7172703999,10395542302919,1783482138365682855
1,7253102999,10395542580521,1783482138365960489
3,7264117332,10395553593163,1783482138376973131
0,7268766999,10395558244167,1783482138381624135
2,7275146000,10395564620302,1783482138388000270
1,7285136000,10395574618155,1783482138397998219
3,7296160000,10395585658861,1783482138409038829
0,7300788000,10395590270889,1783482138413650857
2,7307174999,10395596659120,1783482138420039056
1,7317168999,10395606663405,1783482138430043373
3,7328202666,10395617696431,1783482138441076367
0,7332808999,10395622294699,1783482138445674635
2,7339203999,10395628688178,1783482138452068114
1,7349201999,10395638686702,1783482138462066670
3,7360245332,10395649737681,1783482138473117649
0,7364829999,10395654318893,1783482138477698861
2,7371233000,10395660720052,1783482138484100020
1,7381235000,10395670713200,1783482138494093136
0,7396851000,10395686336975,1783482138509716943
2,7403261999,10395692740598,1783482138516120566
1,7413267999,10395702761586,1783482138526141554
0,7428871999,10395718362641,1783482138541742609
2,7435290999,10395724769528,1783482138548149496
3,7456373332,10395745879479,1783482138569259447
3,7488416000,10395777904761,1783482138601284729
3,7520458666,10395877745302,1783482138701125270
2,7467320000,10395877758198,1783482138701138134
0,7460892999,10395877768310,1783482138701148246
1,7445300999,10395877776022,1783482138701155990
2,7499348999,10395877863542,1783482138701243510
3,7552501332,10395877871575,1783482138701251511
1,7477334000,10395877885399,1783482138701265367
0,7492914000,10395877887543,1783482138701267479
2,7531377999,10395877931031,1783482138701310999
1,7509366999,10395877935191,1783482138701315159
0,7524934999,10395877937399,1783482138701317335
3,7584544000,10395877951127,1783482138701331095
0,7556955999,10395878009015,1783482138701388951
1,7541399999,10395878015639,1783482138701395575
2,7563407000,10395878025975,1783482138701405911
3,7616586666,10395906084001,1783482138729463969
1,7605465999,10396086562150,1783482138909942118
0,7588977000,10396086562278,1783482138909942246
2,7595435999,10396086562758,1783482138909942726
3,7648629332,10396086595910,1783482138909975846
2,7627464999,10396086666951,1783482138910046919
3,7680672000,10396086667687,1783482138910047655
0,7620997999,10396086672231,1783482138910052167
2,7723551999,10396086739463,1783482138910119399
3,7712714666,10396086741511,1783482138910121447
0,7653018999,10396086752231,1783482138910132167
1,7701564999,10396086822280,1783482138910202248
3,7744757332,10396086853704,1783482138910233640
1,7733597999,10396086869288,1783482138910249224
1,7765631000,10396086874632,1783482138910254568
2,7755581000,10396086937064,1783482138910317032
0,7685040000,10396086989193,1783482138910369161
1,7797663999,10396087223594,1783482138910603562
3,7808842666,10396098339053,1783482138921719021
0,7813123999,10396102607879,1783482138925987847
2,7819638999,10396109143343,1783482138932523279
2,7851668000,10396295488727,1783482139118868695
3,7840885332,10396295489367,1783482139118869335
0,7845144999,10396295527671,1783482139118907639
1,7829696999,10396295550583,1783482139118930551
2,7883696999,10396295592536,1783482139118972504
1,7861730000,10396295594744,1783482139118974680
3,7872928000,10396295604504,1783482139118984472
0,7877166000,10396295606872,1783482139118986840
0,7909186999,10396295668728,1783482139119048696
1,7893762999,10396295669656,1783482139119049592
2,7915725999,10396295670360,1783482139119050328
3,7904970666,10396295679320,1783482139119059288
0,7941207999,10396295741369,1783482139119121337
3,7937013332,10396295744121,1783482139119124057
1,7925795999,10396295755129,1783482139119135065
2,7947755000,10396295764025,1783482139119143993
2,8011812999,10396301288570,1783482139124668538
1,8021894999,10396311384439,1783482139134764375
3,8033141332,10396322620795,1783482139146000923
0,8037270999,10396326760884,1783482139150140820
2,8043842000,10396504393224,1783482139327773192
0,8069292000,10396504396968,1783482139327776936
3,8065184000,10396504408776,1783482139327788712
1,8053928000,10396504432776,1783482139327812712
2,8075870999,10396504482185,1783482139327862121
0,8101312999,10396504488617,1783482139327868553
1,8085960999,10396504491465,1783482139327871401
3,8097226666,10396504503625,1783482139327883593
3,8129269332,10396504561385,1783482139327941353
0,8133333999,10396504566825,1783482139327946761
1,8117993999,10396504580009,1783482139327959945
2,8107899999,10396504584201,1783482139327964105
1,8150027000,10396504698346,1783482139328078314
3,8161312000,10396504797674,1783482139328177610
2,8139929000,10396504814827,1783482139328194795
0,8165355000,10396504894571,1783482139328274539
3,8225397332,10396514884647,1783482139338264615
0,8229396999,10396518884672,1783482139342264608
2,8236016000,10396525497288,1783482139348877256
1,8246126000,10396535608837,1783482139358988773
3,8257440000,10396713288537,1783482139536668473
2,8268044999,10396713288953,1783482139536668921
0,8261418000,10396713298073,1783482139536677977
1,8278158999,10396713324057,1783482139536703993
2,8300073999,10396713412538,1783482139536792506
3,8289482666,10396713413914,1783482139536793850
0,8293438999,10396713426554,1783482139536806490
2,8332103000,10396713487450,1783482139536867354
3,8321525332,10396713488698,1783482139536868634
0,8325459999,10396713498842,1783482139536878810
3,8353568000,10396713562779,1783482139536942747
0,8357481000,10396713584443,1783482139536964379
2,8364131999,10396713593307,1783482139536973275
1,8310191999,10396713892253,1783482139537272221
1,8342225000,10396713904957,1783482139537284893
1,8374257999,10396713928637,1783482139537308605
2,8428190000,10396717667475,1783482139541047411
1,8438324000,10396727801009,1783482139551180977
3,8449696000,10396739173110,1783482139562553078
0,8517585999,10396807086417,1783482139630466385
2,8460218999,10396913792247,1783482139737172183
3,8481738666,10396913795863,1783482139737175799
0,8549607000,10396913796407,1783482139737176343
1,8470356999,10396913824951,1783482139737204887
3,8513781332,10396913914680,1783482139737294616
0,8581627999,10396913926072,1783482139737306040
1,8502389999,10396913934776,1783482139737314744
3,8545824000,10396913993240,1783482139737373176
0,8613648999,10396914003512,1783482139737383448
1,8534423000,10396914011000,1783482139737390968
3,8577866666,10396914080185,1783482139737460121
2,8492247999,10396914087737,1783482139737467705
2,8524277000,10396914104697,1783482139737484665
1,8566455999,10396914105785,1783482139737485753
2,8556305999,10396914111225,1783482139737491161
1,8630522000,10396919997917,1783482139743377885
3,8641952000,10396931429410,1783482139754809346
0,8645670000,10396935146872,1783482139758526808
2,8652392999,10396941870209,1783482139765250145
0,8677690999,10396967171962,1783482139790551898
3,8673994666,10397122701000,1783482139946080968
2,8684421999,10397122701480,1783482139946081448
1,8662554999,10397122710760,1783482139946090728
0,8709711999,10397122736552,1783482139946116520
3,8706037332,10397122797385,1783482139946177353
0,8741733000,10397122812585,1783482139946192521
1,8694587999,10397122817129,1783482139946197097
3,8738080000,10397122866825,1783482139946246793
0,8773753999,10397122877705,1783482139946257673
1,8726621000,10397122881769,1783482139946261737
3,8770122666,10397122935241,1783482139946315177
0,8805774999,10397122940969,1783482139946320905
1,8758653999,10397122950185,1783482139946330121
2,8716451000,10397123227723,1783482139946607659
2,8748479999,10397123256907,1783482139946636875
2,8780508999,10397123265643,1783482139946645611
3,8866250666,10397331522521,1783482140154902457
2,8844566999,10397331557625,1783482140154937561
2,8876595999,10397331565145,1783482140154945113
3,8898293332,10397331615609,1783482140154995545
1,8854752999,10397331642809,1783482140155022777
2,8908625000,10397331667065,1783482140155047001
1,8886785999,10397331673913,1783482140155053881
0,8837796000,10397331677721,1783482140155057657
1,8918819000,10397331680761,1783482140155060729
2,8940653999,10397331715130,1783482140155095098
3,8930336000,10397331725466,1783482140155105402
1,8950851999,10397331735098,1783482140155115066
3,8962378666,10397331808090,1783482140155188026
0,8869816999,10397331908667,1783482140155288635
0,8901837999,10397331938939,1783482140155318907
0,8933859000,10397331944635,1783482140155324571
3,9058506666,10397347988412,1783482140171368380
0,9061942999,10397351422385,1783482140174802353
1,9111017000,10397400542875,1783482140223922843
3,9090549332,10397409095246,1783482140232475214
0,9093963999,10397409104302,1783482140232484270
3,9122592000,10397412061728,1783482140235441696
0,9125985000,10397415479541,1783482140238859637
2,9132827999,10397422321182,1783482140245701150
1,9143049999,10397432559420,1783482140255939356
3,9154634666,10397444131331,1783482140267511299
0,9158005999,10397447494071,1783482140270874007
2,9164856999,10397454352896,1783482140277732832
1,9175082999,10397464579806,1783482140287959774
3,9186677332,10397476160804,1783482140299540772
0,9190026999,10397479509625,1783482140302889593
2,9196886000,10397486368578,1783482140309748546
1,9207116000,10397496601184,1783482140319981152
2,9228914999,10397518398532,1783482140341778500
1,9239148999,10397528631714,1783482140352011618
2,9260943999,10397550417606,1783482140373797574
1,9271181999,10397560692676,1783482140384072612
2,9292973000,10397582481576,1783482140405861512
3,9218720000,10397649502302,1783482140472882238
1,9303215000,10397649503006,1783482140472882942
0,9222048000,10397649506142,1783482140472886110
2,9325001999,10397649512894,1783482140472892830
3,9250762666,10397858051565,1783482140681431533
2,9357030999,10397858052461,1783482140681432429
1,9335247999,10397858055437,1783482140681435373
0,9254068999,10397858069293,1783482140681449229
3,9282805332,10397858076461,1783482140681456397
3,9314848000,10397858082349,1783482140681462317
0,9286089999,10397858094317,1783482140681474285
0,9318111000,10397858101230,1783482140681481166
0,9382152999,10397858144398,1783482140681524334
3,9378933332,10397858146286,1783482140681526254
1,9367280999,10397858158414,1783482140681538382
1,9399314000,10397858309967,1783482140681689935
2,9389060000,10397858319695,1783482140681699631
2,9421088999,10397858331375,1783482140681711343
1,9431346999,10397858560880,1783482140681940816
2,9453117999,10397858723505,1783482140682103441
3,9571189332,10397860663293,1783482140684043261
0,9574278999,10397863750992,1783482140687130960
2,9581234000,10397870715738,1783482140694095674
1,9591512000,10397880998808,1783482140704378744
3,9603232000,10397892717279,1783482140716097215
0,9606300000,10397895778738,1783482140719158706
2,9613262999,10397902743900,1783482140726123868
1,9623544999,10397913020858,1783482140736400794
3,9635274666,10397924750017,1783482140748129953
0,9638320999,10397927804212,1783482140751184180
2,9645291999,10397934770846,1783482140758150814
1,9655577999,10397945049116,1783482140768429052
3,9667317332,10397956798787,1783482140780178723
0,9670341999,10397959820950,1783482140783200918
2,9677321000,10397966788384,1783482140790168352
1,9687611000,10397977098046,1783482140800477982
3,9699360000,10397988845893,1783482140812225861
0,9702363000,10397991846136,1783482140815226104
3,9731402666,10398020883335,1783482140844263271
0,9734383999,10398023861657,1783482140847241625
1,9719643999,10398087778044,1783482140911157980
2,9709349999,10398087779452,1783482140911159420
0,9766404999,10398087787773,1783482140911167741
3,9763445332,10398087789021,1783482140911168989
3,9795488000,10398296333772,1783482141119713740
1,9751676999,10398296368268,1783482141119748204
1,9783710000,10398296376620,1783482141119756588
0,9798426000,10398296391116,1783482141119771084
3,9827530666,10398296436908,1783482141119816876
0,9830446999,10398296452940,1783482141119832876
1,9815742999,10398296462508,1783482141119842444
1,9847775999,10398296525517,1783482141119905485
0,9926509999,10398296528557,1783482141119908525
3,9859573332,10398296600365,1783482141119980269
0,9958530999,10398296717902,1783482141120097838
3,9891616000,10398296719342,1783482141120099278
2,9741378999,10398296945103,1783482141120325039
2,9773408000,10398296956623,1783482141120336591
2,9805436999,10398296961263,1783482141120341231
2,9837465999,10398296965263,1783482141120345199
1,10007940999,10398297419474,1783482141120799410
3,10019786666,10398309271162,1783482141132651098
0,10022572999,10398312030059,1783482141135410027
2,10029639999,10398319120150,1783482141142500086
1,10039973999,10398329467476,1783482141152847444
3,10051829332,10398341322012,1783482141164701980
0,10054593999,10398344044237,1783482141167424205
2,10061669000,10398351150712,1783482141174530776
1,10072007000,10398361519958,1783482141184899894
3,10083872000,10398373381086,1783482141196761022
0,10086615000,10398376115183,1783482141199495183
2,10093697999,10398383205626,1783482141206585594
1,10104039999,10398393523704,1783482141216903608
3,10115914666,10398405424128,1783482141228804064
0,10118635999,10398408128465,1783482141231508401
2,10125726999,10398415250108,1783482141238630044
1,10136072999,10398425571354,1783482141248951290
3,10147957332,10398437456258,1783482141260836194
0,10150656999,10398440143027,1783482141263522995
2,10157756000,10398447241726,1783482141270621662
1,10168106000,10398457595932,1783482141280975900
2,10189784999,10398479269376,1783482141302649440
1,10200138999,10398632272318,1783482141455652286
0,10182678000,10398632274942,1783482141455654878
3,10180000000,10398632283102,1783482141455663038
2,10221813999,10398632306463,1783482141455686399
0,10214698999,10398632383199,1783482141455763167
1,10232171999,10398632385983,1783482141455765887
2,10253843000,10398632396927,1783482141455776895
2,10285871999,10398632450783,1783482141455830751
0,10246719999,10398632460960,1783482141455840896
1,10264205000,10398632466528,1783482141455846496
0,10278741000,10398632546112,1783482141455926048
2,10317900999,10398632626721,1783482141456006657
1,10296237999,10398632643809,1783482141456023745
3,10276128000,10398632863394,1783482141456243362
3,10308170666,10398632874498,1783482141456254466
3,10340213332,10398632879394,1783482141456259362
2,10349930000,10398841091183,1783482141664471151
3,10372256000,10398841092847,1783482141664472815
0,10374804000,10398841097807,1783482141664477775
1,10360304000,10398841099855,1783482141664479823
1,10392336999,10398841195760,1783482141664575728
2,10381958999,10398841198224,1783482141664578192
0,10406824999,10398841202320,1783482141664582288
2,10413987999,10398841296496,1783482141664676464
0,10438845999,10398841298864,1783482141664678800
1,10424369999,10398841306704,1783482141664686640
0,10470867000,10398841378673,1783482141664758641
1,10520468999,10398841463889,1783482141664843857
2,10446017000,10398841477650,1783482141664857618
3,10404298666,10398841630674,1783482141665010610
3,10436341332,10398841664883,1783482141665044787
3,10468384000,10398841695955,1783482141665075923
1,10552502000,10398842004725,1783482141665384693
3,10564512000,10398853991933,1783482141677371869
0,10566930000,10398856404460,1783482141679784428
2,10574132999,10398863611896,1783482141686991864
1,10584534999,10398874016631,1783482141697396567
3,10596554666,10398886035519,1783482141709415455
0,10598950999,10398888427662,1783482141711807630
2,10606161999,10398895637978,1783482141719017914
1,10616567999,10398906057209,1783482141729437177
3,10628597332,10398918076961,1783482141741456929
0,10630971999,10398920458320,1783482141743838224
2,10638191000,10398927665436,1783482141751045372
1,10648601000,10398938083867,1783482141761463931
3,10660640000,10398950122948,1783482141773502916
0,10662993000,10398952472402,1783482141775852370
2,10670219999,10398959693310,1783482141783073278
1,10680633999,10398970113885,1783482141793493821
3,10692682666,10398982161190,1783482141805541158
0,10695013999,10398984492564,1783482141807872532
2,10702248999,10398991717984,1783482141815097952
1,10712666999,10399144751198,1783482141968131166
2,10734278000,10399144751934,1783482141968131902
3,10724725332,10399144752926,1783482141968132862
0,10727034999,10399144762814,1783482141968142782
2,10766306999,10399144852479,1783482141968232447
1,10744700000,10399144872895,1783482141968252863
0,10759056000,10399144895423,1783482141968275391
1,10776732999,10399144968288,1783482141968348224
0,10791076999,10399144972896,1783482141968352864
2,10798335999,10399144987104,1783482141968367040
2,10830365000,10399145140065,1783482141968520001
0,10823097999,10399145154689,1783482141968534657
1,10808765999,10399145156769,1783482141968536737
3,10756768000,10399145330754,1783482141968710722
3,10788810666,10399145346882,1783482141968726850
3,10820853332,10399145367010,1783482141968746978
0,10887139999,10399353712912,1783482142177092880
3,10884938666,10399353713072,1783482142177093040
1,10872831999,10399353714000,1783482142177093936
2,10862393999,10399353723504,1783482142177103472
0,10919160999,10399353810769,1783482142177190737
3,10916981332,10399353812497,1783482142177192401
1,10904864999,10399353833265,1783482142177213233
0,10951182000,10399353890737,1783482142177270673
3,10949024000,10399353892177,1783482142177272145
1,10936898000,10399353896177,1783482142177276113
0,10983202999,10399353972338,1783482142177352274
3,10981066666,10399353977842,1783482142177357810
1,10968930999,10399354048050,1783482142177428018
2,10894422999,10399354251252,1783482142177631220
2,10926452000,10399354266580,1783482142177646548
2,10958480999,10399354272276,1783482142177652212
1,11065029999,10399354515605,1783482142177895573
3,11077194666,10399366699647,1783482142190079615
0,11079265999,10399368754763,1783482142192134699
2,11086596999,10399376080312,1783482142199460280
1,11097062999,10399386571639,1783482142209951575
3,11109237332,10399398747169,1783482142222127137
0,11111286999,10399400773133,1783482142224153069
2,11118626000,10399408108762,1783482142231488730
1,11129096000,10399418600793,1783482142241980985
3,11141280000,10399430786211,1783482142254166179
0,11143308000,10399432794607,1783482142256174543
2,11150654999,10399440138780,1783482142263518716
1,11161128999,10399450613659,1783482142273993627
3,11173322666,10399462819365,1783482142286199333
0,11175328999,10399464810961,1783482142288190929
2,11182683999,10399472170526,1783482142295550494
1,11193161999,10399482645821,1783482142306025821
3,11205365332,10399494868871,1783482142318248871
0,11207349999,10399496831987,1783482142320211923
2,11214713000,10399504189248,1783482142327569216
1,11225195000,10399514709600,1783482142338089568
3,11237408000,10399526912617,1783482142350292585
0,11239371000,10399528867925,1783482142352247861
2,11246741999,10399536222850,1783482142359602786
0,11335434000,10399680811214,1783482142504191150
3,11269450666,10399680822094,1783482142504202030
2,11278770999,10399680825838,1783482142504205806
1,11257227999,10399680832878,1783482142504212814
2,11310800000,10399680965935,1783482142504345871
1,11289260999,10399680977295,1783482142504357263
0,11367454999,10399680997871,1783482142504377807
3,11301493332,10399681047023,1783482142504426991
1,11321294000,10399681070351,1783482142504450319
2,11342828999,10399681090895,1783482142504470831
3,11333536000,10399681121808,1783482142504501776
1,11353326999,10399681252368,1783482142504632336
3,11365578666,10399681285073,1783482142504665009
2,11374857999,10399681466770,1783482142504846738
0,11399475999,10399688954239,1783482142512334175
0,11431497000,10399720985057,1783482142544365025
0,11463517999,10399889829248,1783482142713209184
1,11417393000,10399889830112,1783482142713210048
2,11406887000,10399889842336,1783482142713222304
3,11397621332,10399889931041,1783482142713310977
0,11495538999,10399889933761,1783482142713313729
1,11449425999,10399889949665,1783482142713329601
3,11429664000,10399889990017,1783482142713369985
0,11527560000,10399890025665,1783482142713405601
1,11481458999,10399890036481,1783482142713416449
3,11461706666,10399890081889,1783482142713461825
3,11493749332,10399890146594,1783482142713526530
1,11513492000,10399890193506,1783482142713573474
2,11438915999,10399890194178,1783482142713574146
2,11470944999,10399890207266,1783482142713587234
0,11559580999,10399890210210,1783482142713590178
2,11502974000,10399890214946,1783482142713594914
1,11609591000,10399899095768,1783482142722475736
0,11623623000,10399913121037,1783482142736500973
2,11631089999,10399920575642,1783482142743955610
3,11686005332,10399975508007,1783482142798887975
1,11641623999,10400098751922,1783482142922131858
0,11655643999,10400098752082,1783482142922132050
2,11663118999,10400098761330,1783482142922141298
3,11718048000,10400098762866,1783482142922142802
2,11695148000,10400098861170,1783482142922241138
3,11750090666,10400098872082,1783482142922252050
0,11687664999,10400098896690,1783482142922276658
1,11673656999,10400098910131,1783482142922290035
2,11727176999,10400098953683,1783482142922333683
3,11782133332,10400098957427,1783482142922337363
1,11705690000,10400098959187,1783482142922339155
0,11719686000,10400098968915,1783482142922348851
1,11737722999,10400099050771,1783482142922430739
0,11751706999,10400099120468,1783482142922500404
2,11759205999,10400099173588,1783482142922553556
3,11814176000,10400103662319,1783482142927042255
0,11815749000,10400105226329,1783482142928606265
2,11823263999,10400112757158,1783482142936137126
1,11833821999,10400123329702,1783482142946709830
3,11846218666,10400135720913,1783482142959100881
0,11847769999,10400307732932,1783482143131112868
3,11878261332,10400307733284,1783482143131113220
1,11929920999,10400307739460,1783482143131119428
2,11855292999,10400307746276,1783482143131126212
3,11910304000,10400307836292,1783482143131216260
2,11951379999,10400307838468,1783482143131218436
0,11879790999,10400307853092,1783482143131233060
1,11961953999,10400307882437,1783482143131262373
2,11983409000,10400307940485,1783482143131320453
3,11942346666,10400307940549,1783482143131320485
0,11911812000,10400307954789,1783482143131334757
1,11993987000,10400307983941,1783482143131363877
3,11974389332,10400308053638,1783482143131433574
0,11943832999,10400308065286,1783482143131445222
2,12015437999,10400308080134,1783482143131460102
1,12026019999,10400315498067,1783482143138878035
3,12038474666,10400327972574,1783482143151352542
0,12039895999,10400329394791,1783482143152774759
2,12047466999,10400336958901,1783482143160338869
1,12058052999,10400347535125,1783482143170915093
0,12071916999,10400516705622,1783482143340085558
1,12090086000,10400516713302,1783482143340093238
2,12079496000,10400516721878,1783482143340101814
3,12070517332,10400516725910,1783482143340105846
3,12102560000,10400516807990,1783482143340187958
0,12103938000,10400516828886,1783482143340208822
1,12122118999,10400516841879,1783482143340221847
2,12111524999,10400516846103,1783482143340226071
3,12134602666,10400516883511,1783482143340263447
1,12154151999,10400516892439,1783482143340272407
0,12135958999,10400516907095,1783482143340287063
2,12143553999,10400516916407,1783482143340296343
3,12166645332,10400517070264,1783482143340450168
0,12167979999,10400517082744,1783482143340462712
1,12186185000,10400517103992,1783482143340483960
2,12175583000,10400517131288,1783482143340511224
3,12230730666,10400520202635,1783482143343582571
0,12232021999,10400521498003,1783482143344877939
2,12239640999,10400529140897,1783482143352520833
1,12250250999,10400539744897,1783482143363124833
2,12271670000,10400717466326,1783482143540846262
3,12262773332,10400717466358,1783482143540846294
0,12264042999,10400717498678,1783482143540878614
1,12282284000,10400717500758,1783482143540880662
1,12314316999,10400717609751,1783482143540989719
0,12296064000,10400717614583,1783482143540994551
2,12303698999,10400717624631,1783482143541004599
2,12335727999,10400717695895,1783482143541075863
0,12328084999,10400717710040,1783482143541090008
1,12346349999,10400717714232,1783482143541094200
2,12367757000,10400717846744,1783482143541226680
0,12360105999,10400717913273,1783482143541293241
1,12378383000,10400717935065,1783482143541315001
3,12294816000,10400718014553,1783482143541394489
3,12326858666,10400718031193,1783482143541411161
3,12358901332,10400718059226,1783482143541439130
2,12431814999,10400721294125,1783482143544674061
1,12442448999,10400731929710,1783482143555309678
3,12455029332,10400744512442,1783482143567892410
0,12456168999,10400745646913,1783482143569026849
2,12463844000,10400918003477,1783482143741383445
1,12474482000,10400918004469,1783482143741384437
3,12487072000,10400918008149,1783482143741388117
0,12488190000,10400918009493,1783482143741389429
0,12520210999,10400918148950,1783482143741528918
1,12506514999,10400918159222,1783482143741539158
2,12495872999,10400918174902,1783482143741554838
2,12527901999,10400918228438,1783482143741608406
0,12552231999,10400918244215,1783482143741624151
1,12538547999,10400918257975,1783482143741637943
2,12559931000,10400918361783,1783482143741741719
0,12584253000,10400918377463,1783482143741757399
1,12570581000,10400918522488,1783482143741902392
3,12519114666,10400918540120,1783482143741920056
3,12551157332,10400918552792,1783482143741932760
3,12583200000,10400918574169,1783482143741954105
1,12634646999,10400924125370,1783482143747505338
3,12647285332,10400936767751,1783482143760147719
0,12648294999,10400937773613,1783482143761153549
2,12656018000,10400945496284,1783482143768876220
2,12688046999,10401118667093,1783482143942047061
3,12679328000,10401118667157,1783482143942047093
1,12666680000,10401118695989,1783482143942075925
0,12744357999,10401118713493,1783482143942093397
2,12720075999,10401118815190,1783482143942195158
1,12698712999,10401118823574,1783482143942203542
0,12776379000,10401118830198,1783482143942210134
3,12711370666,10401118840694,1783482143942220630
3,12743413332,10401118905366,1783482143942285302
0,12808399999,10401118906390,1783482143942286294
1,12730745999,10401118917846,1783482143942297782
2,12752105000,10401118926518,1783482143942306454
2,12784133999,10401119054007,1783482143942433943
3,12775456000,10401119064247,1783482143942444215
1,12762779000,10401119101079,1783482143942481047
3,12839541332,10401129038356,1783482143952418324
0,12840420999,10401129902009,1783482143953281945
2,12848192000,10401137669512,1783482143961049480
1,12858878000,10401148356265,1783482143971736201
0,12872442000,10401161915931,1783482143985295867
0,12904462999,10401327681831,1783482144151061799
3,12871584000,10401327692423,1783482144151072359
1,12890910999,10401327728968,1783482144151108936
2,12880220999,10401327742088,1783482144151122024
2,12912249999,10401327758600,1783482144151138568
0,12936483999,10401327770792,1783482144151150728
1,12922943999,10401327782184,1783482144151162152
3,12903626666,10401327783272,1783482144151163208
3,12935669332,10401327853096,1783482144151233032
0,12968505000,10401327868072,1783482144151248008
1,12954977000,10401327880616,1783482144151260584
2,12944279000,10401327891401,1783482144151271369
2,12976307999,10401327942409,1783482144151322345
3,12967712000,10401328082666,1783482144151462602
0,13000525999,10401328101514,1783482144151481482
1,12987009999,10401328160394,1783482144151540330
2,13040366000,10401536578137,1783482144359958073
1,13051076000,10401536579161,1783482144359959097
3,13095882666,10401536581113,1783482144359961081
0,13064568000,10401536584953,1783482144359964921
3,13127925332,10401536604217,1783482144359984153
1,13083108999,10401536606201,1783482144359986169
2,13072394999,10401536684090,1783482144360064026
3,13159968000,10401536685786,1783482144360065722
1,13115141999,10401536696826,1783482144360076762
0,13096588999,10401536698842,1783482144360078778
2,13104423999,10401536816923,1783482144360196859
1,13147175000,10401536831419,1783482144360211387
0,13128609999,10401536849243,1783482144360229211
3,13192010666,10401536866043,1783482144360245979
2,13136453000,10401536909755,1783482144360289755
0,13160631000,10401536928379,1783482144360308315
3,13256096000,10401545577648,1783482144368957616
0,13256694000,10401546167539,1783482144369547475
2,13264568999,10401554058467,1783482144377438403
3,13288138666,10401577614674,1783482144400994610
1,13339373000,10401628883240,1783482144452263272
0,13288714999,10401637404220,1783482144460784156
3,13320181332,10401637404924,1783482144460784860
0,13320735999,10401637512253,1783482144460892189
3,13352224000,10401641706454,1783482144465086390
2,13360655999,10401650130345,1783482144473510313
0,13352757000,10401658577532,1783482144481957468
1,13371405999,10401660886186,1783482144484266154
3,13384266666,10401673738424,1783482144497118360
2,13392684999,10401682169227,1783482144505549195
0,13384777999,10401690621375,1783482144514001343
1,13403438999,10401692926380,1783482144516306348
3,13416309332,10401705788794,1783482144529168762
2,13424714000,10401714193645,1783482144537573613
1,13435472000,10401724949647,1783482144548329551
2,13456742999,10401746222479,1783482144569602575
1,13467504999,10401757002577,1783482144580382545
1,13499537999,10401789030291,1783482144612410323
1,13531571000,10401899202062,1783482144722581998
2,13488771999,10401899203470,1783482144722583406
0,13416798999,10401899207502,1783482144722587438
3,13448352000,10401899212814,1783482144722592750
2,13520801000,10401899230383,1783482144722610351
2,13552829999,10401899315407,1783482144722695343
3,13480394666,10401899316719,1783482144722696655
1,13563603999,10401899318447,1783482144722698447
0,13448820000,10401899342511,1783482144722722479
0,13480840999,10401899395152,1783482144722775120
1,13595636999,10401899403728,1783482144722783696
2,13584858999,10401899428464,1783482144722808432
3,13512437332,10401899479216,1783482144722859120
2,13616888000,10402107959007,1783482144931338943
1,13627670000,10402107959167,1783482144931339135
3,13544480000,10402107966271,1783482144931346207
0,13512861999,10402107966175,1783482144931346143
0,13640946000,10402107986784,1783482144931366752
1,13659702999,10402108077760,1783482144931457728
2,13648916999,10402108078048,1783482144931458016
0,13672966999,10402108092224,1783482144931472192
2,13680945999,10402108157089,1783482144931537025
0,13704987999,10402108166177,1783482144931546113
1,13691735999,10402108167105,1783482144931547073
2,13712975000,10402108233569,1783482144931613505
1,13723769000,10402108332674,1783482144931712642
3,13640608000,10402108530211,1783482144931910147
3,13672650666,10402108544931,1783482144931924899
3,13704693332,10402108550179,1783482144931930147
1,13819868000,10402109350056,1783482144932729960
3,13832864000,10402122355543,1783482144945735511
0,13833072000,10402122551928,1783482144945931896
2,13841090999,10402130582856,1783482144953962792
1,13851900999,10402141397002,1783482144964776970
3,13864906666,10402154391481,1783482144977771449
0,13865092999,10402154572474,1783482144977952442
2,13873119999,10402162622827,1783482144986002763
1,13883933999,10402173418476,1783482144996798412
3,13896949332,10402186428731,1783482145009808699
0,13897113999,10402186596028,1783482145009975996
2,13905149000,10402194636301,1783482145018016269
1,13915967000,10402205451598,1783482145028831566
3,13928992000,10402218470749,1783482145041850717
0,13929135000,10402218606910,1783482145041986878
2,13937177999,10402226651855,1783482145050031791
1,13947999999,10402237501456,1783482145060881392
3,13961034666,10402250523519,1783482145073903487
0,13961155999,10402250637728,1783482145074017632
2,13969206999,10402258710129,1783482145082090097
0,13993176999,10402282661346,1783482145106041314
2,14001236000,10402411723472,1783482145235103408
0,14025198000,10402411729008,1783482145235108912
1,13980032999,10402411735984,1783482145235115920
3,13993077332,10402411743376,1783482145235123344
3,14025120000,10402411834609,1783482145235214577
1,14012066000,10402411848657,1783482145235228593
0,14057218999,10402411854641,1783482145235234609
3,14057162666,10402411911377,1783482145235291313
1,14044098999,10402411937586,1783482145235317522
2,14033264999,10402412351732,1783482145235731668
2,14065293999,10402412381204,1783482145235761172
0,14153281999,10402442796141,1783482145266176077
1,14076131999,10402620481665,1783482145443861601
2,14097323000,10402620486209,1783482145443866177
3,14089205332,10402620486177,1783482145443866145
0,14185302999,10402620492417,1783482145443872353
1,14140197999,10402620587362,1783482145443967330
2,14129351999,10402620588578,1783482145443968546
0,14217324000,10402620589346,1783482145443969314
1,14172230999,10402620665251,1783482145444045187
0,14249344999,10402620667459,1783482145444047427
2,14161380999,10402620671555,1783482145444051491
2,14193410000,10402620737635,1783482145444117603
0,14281365999,10402620742947,1783482145444122883
3,14153290666,10402620773347,1783482145444153283
1,14204264000,10402620845380,1783482145444225316
3,14185333332,10402620901668,1783482145444281604
3,14217376000,10402620912036,1783482145444292004
1,14332395999,10402621876714,1783482145445256650
0,14345407999,10402634885433,1783482145458265401
3,14345546666,10402635018202,1783482145458398138
2,14353554999,10402643034378,1783482145466414314
0,14377428999,10402829735830,1783482145653115798
2,14385584000,10402829743094,1783482145653123062
3,14377589332,10402829744182,1783482145653124118
2,14417612999,10402829764150,1783482145653144086
3,14409632000,10402829769014,1783482145653148982
1,14364428999,10402829786710,1783482145653166678
1,14396462000,10402829794902,1783482145653174870
2,14449641999,10402829854422,1783482145653234358
0,14409450000,10402829854518,1783482145653234454
1,14428494999,10402829860342,1783482145653240278
3,14505760000,10402829882870,1783482145653262870
2,14481671000,10402829931383,1783482145653311351
0,14441470999,10402830018903,1783482145653398839
1,14460527999,10402830028279,1783482145653408215
0,14473491999,10402830033623,1783482145653413559
3,14537802666,10402830059320,1783482145653439288
2,14545728999,10402835210359,1783482145658590295
1,14556626999,10402846105689,1783482145669485625
3,14569845332,10402859323881,1783482145682703817
2,14577758000,10403038583495,1783482145861963463
3,14601888000,10403038585447,1783482145861965415
1,14588660000,10403038589447,1783482145861969383
0,14569554999,10403038599815,1783482145861979783
0,14601576000,10403038617159,1783482145861997095
0,14633596999,10403038684680,1783482145862064648
2,14609786999,10403038689224,1783482145862069160
1,14620692999,10403038690216,1783482145862070184
2,14641815999,10403038762792,1783482145862142760
0,14665617999,10403038766632,1783482145862146568
1,14652725999,10403038770696,1783482145862150664
2,14673845000,10403038847945,1783482145862227881
1,14748824999,10403038963626,1783482145862343594
3,14633930666,10403039121323,1783482145862501259
3,14665973332,10403039135691,1783482145862515659
3,14698016000,10403039140651,1783482145862520587
0,14761680999,10403051166996,1783482145874546932
3,14762101332,10403051573046,1783482145874952982
2,14769932000,10403059413766,1783482145882793734
1,14780858000,10403070340072,1783482145893720104
0,14793702000,10403083184982,1783482145906564918
3,14794144000,10403083636952,1783482145907016920
2,14801960999,10403091454312,1783482145914834280
1,14812890999,10403102378282,1783482145925758250
0,14825722999,10403115199960,1783482145938579928
3,14826186666,10403115663930,1783482145939043866
2,14833989999,10403123475722,1783482145946855690
1,14844923999,10403134404524,1783482145957784460
0,14857743999,10403147270202,1783482145970650170
3,14858229332,10403147721405,1783482145971101341
2,14866019000,10403155542124,1783482145978922060
1,14876957000,10403166443054,1783482145989823022
0,14889765000,10403179256604,1783482146002636540
3,14890272000,10403179766399,1783482146003146335
2,14898047999,10403187528014,1783482146010907982
1,14908989999,10403198473904,1783482146021853840
0,14921785999,10403211271966,1783482146034651902
3,14922314666,10403364433886,1783482146187813854
2,14930076999,10403364434366,1783482146187814334
1,14941022999,10403364434718,1783482146187814654
0,14953806999,10403364435454,1783482146187815390
0,14985828000,10403364564799,1783482146187944767
2,14962106000,10403364588159,1783482146187968095
1,14973056000,10403364607583,1783482146187987519
2,14994134999,10403364650112,1783482146188030048
0,15017848999,10403364663040,1783482146188043008
1,15005088999,10403364688512,1783482146188068480
0,15049869999,10403364752288,1783482146188132256
1,15037121999,10403364774592,1783482146188154528
2,15026163999,10403365117346,1783482146188497282
3,14954357332,10403365203299,1783482146188583235
3,14986400000,10403365221763,1783482146188601699
3,15018442666,10403365247107,1783482146188627075
2,15090221999,10403573302544,1783482146396682448
3,15082528000,10403573304656,1783482146396684560
1,15101187999,10403573304976,1783482146396684944
0,15081891000,10403573315888,1783482146396695856
2,15122250999,10403573398065,1783482146396778001
0,15113911999,10403573407889,1783482146396787857
3,15114570666,10403573410289,1783482146396790225
1,15133220999,10403573420689,1783482146396800625
2,15154280000,10403573484145,1783482146396864113
3,15146613332,10403573488017,1783482146396867953
0,15145932999,10403573492913,1783482146396872849
1,15165254000,10403573510129,1783482146396890097
3,15178656000,10403573660050,1783482146397039986
2,15186308999,10403573674066,1783482146397054034
0,15177954000,10403573689011,1783482146397068979
1,15197286999,10403573710899,1783482146397090867
1,15293385999,10403582877162,1783482146406257130
0,15306037999,10403595539351,1783482146418919287
3,15306826666,10403596315964,1783482146419695932
2,15314424999,10403603908042,1783482146427288042
1,15325418999,10403614899340,1783482146438279276
0,15338058999,10403627539641,1783482146450919609
3,15338869332,10403628356190,1783482146451736158
2,15346454000,10403635927436,1783482146459307404
1,15357452000,10403646932750,1783482146470312718
0,15370080000,10403659557467,1783482146482937403
3,15370912000,10403660390080,1783482146483770048
2,15378482999,10403667953518,1783482146491333486
1,15389484999,10403678957777,1783482146502337745
0,15402100999,10403691577693,1783482146514957789
3,15402954666,10403692434018,1783482146515813986
2,15410511999,10403699996208,1783482146523376176
1,15421517999,10403711007699,1783482146534387635
0,15434121999,10403723606879,1783482146546986975
3,15434997332,10403724478181,1783482146547858117
2,15442541000,10403732014866,1783482146555394834
1,15453551000,10403743030709,1783482146566410677
0,15466143000,10403755624161,1783482146579004161
3,15467040000,10403756535079,1783482146579915047
2,15474569999,10403764052340,1783482146587432308
1,15485583999,10403887540257,1783482146710920193
0,15562206000,10403887549665,1783482146710929633
3,15499082666,10403887551137,1783482146710931073
2,15506598999,10403887557057,1783482146710937025
2,15538628000,10403887687202,1783482146711067138
3,15531125332,10403887689058,1783482146711069026
0,15594226999,10403887693538,1783482146711073474
1,15517616999,10403887707042,1783482146711086978
2,15570656999,10403887776226,1783482146711156194
3,15563168000,10403887779906,1783482146711159842
1,15549650000,10403887792674,1783482146711172642
0,15626247999,10403915729772,1783482146739109708
0,15658269000,10404096318610,1783482146919698578
3,15595210666,10404096320274,1783482146919700210
1,15581682999,10404096327442,1783482146919707410
2,15602685999,10404096337362,1783482146919717330
0,15690289999,10404096423891,1783482146919803859
2,15634715000,10404096430163,1783482146919810067
1,15613715999,10404096430163,1783482146919810131
3,15627253332,10404096431955,1783482146919811891
3,15659296000,10404096510643,1783482146919890579
2,15666743999,10404096511635,1783482146919891539
0,15722310999,10404096512019,1783482146919891955
1,15645749000,10404096513300,1783482146919893268
0,15754332000,10404096601492,1783482146919981428
3,15691338666,10404096601684,1783482146919981652
2,15698772999,10404096603956,1783482146919983924
1,15677781999,10404096621652,1783482146920001588
0,15818373999,10404107857656,1783482146931237624
3,15819509332,10404108995487,1783482146932375423
2,15826889000,10404116371244,1783482146939751180
1,15837947000,10404127429583,1783482146950809551
1,15869979999,10404305265765,1783482147128645701
2,15858917999,10404305268165,1783482147128648101
3,15915637332,10404305274597,1783482147128654533
0,15850395000,10404305371046,1783482147128751014
2,15890946999,10404305371558,1783482147128751494
1,15902012999,10404305375238,1783482147128755174
0,15882415999,10404305387174,1783482147128767142
2,15922976000,10404305458118,1783482147128838054
0,15914436999,10404305462822,1783482147128842758
1,15934046000,10404305479878,1783482147128859846
2,15955004999,10404305537095,1783482147128917063
0,15946458000,10404305557575,1783482147128937543
1,15966078999,10404305573159,1783482147128953095
3,15947680000,10404305828168,1783482147129208104
3,15979722666,10404305869065,1783482147129249033
3,16011765332,10404305989161,1783482147129369129
2,16019063000,10404308558233,1783482147131938169
1,16030145000,10404319637820,1783482147143017788
0,16042521000,10404332012199,1783482147155392263
3,16043808000,10404333292847,1783482147156672815
2,16051091999,10404505814021,1783482147329193989
3,16075850666,10404505816389,1783482147329196357
0,16074541999,10404505822501,1783482147329202437
1,16062177999,10404505826117,1783482147329206053
0,16106562999,10404505957190,1783482147329337158
3,16107893332,10404505961382,1783482147329341350
1,16158276999,10404505967974,1783482147329347878
2,16083120999,10404505990630,1783482147329370566
3,16139936000,10404506066406,1783482147329446374
1,16190309999,10404506073990,1783482147329453958
2,16179207999,10404506094502,1783482147329474438
2,16211237000,10404506151175,1783482147329531111
0,16138584000,10404506185543,1783482147329565511
0,16170604999,10404506205447,1783482147329585383
3,16171978666,10404506218631,1783482147329598567
1,16222343000,10404511831529,1783482147335211465
0,16234647000,10404524126100,1783482147347506004
3,16236064000,10404525540604,1783482147348920572
2,16243265999,10404532746792,1783482147356126728
1,16254375999,10404543853323,1783482147367233259
2,16275294999,10404715080281,1783482147538460217
3,16268106666,10404715113113,1783482147538493081
0,16266667999,10404715147418,1783482147538527386
1,16286408999,10404715171130,1783482147538551066
3,16300149332,10404715204730,1783482147538584666
1,16318442000,10404715215546,1783482147538595482
0,16298688999,10404715222938,1783482147538602906
2,16307324000,10404715232058,1783482147538612026
3,16332192000,10404715293627,1783482147538673595
0,16330710000,10404715304283,1783482147538684251
1,16350474999,10404715314811,1783482147538694779
2,16339352999,10404715319835,1783482147538699771
1,16382507999,10404715380763,1783482147538760699
2,16371381999,10404715463964,1783482147538843932
3,16364234666,10404715500476,1783482147538880412
0,16362730999,10404715512380,1783482147538892348
0,16426773000,10404716256096,1783482147539636032
3,16428320000,10404717795210,1783482147541175178
2,16435439999,10404724924565,1783482147548304501
1,16446573999,10404736100185,1783482147559480153
2,16467468999,10404915598489,1783482147738978425
1,16478606999,10404915600057,1783482147738979993
3,16460362666,10404915610105,1783482147738990041
0,16458793999,10404915629753,1783482147739009689
0,16490814999,10404915728858,1783482147739108762
3,16492405332,10404915731770,1783482147739111706
1,16510640000,10404915738746,1783482147739118714
3,16524448000,10404915813114,1783482147739193050
0,16522836000,10404915824122,1783482147739204090
1,16542672999,10404915831578,1783482147739211514
2,16499498000,10404915910683,1783482147739290619
2,16531526999,10404915922715,1783482147739302683
2,16563555999,10404915928443,1783482147739308379
3,16556490666,10404915966715,1783482147739346683
1,16574705999,10404915984507,1783482147739364443
0,16554856999,10404915994779,1783482147739374715
2,16627613999,10404917094530,1783482147740474466
1,16638771999,10404928245797,1783482147751625765
0,16650919999,10404940415023,1783482147763794959
3,16652618666,10404942101657,1783482147765481625
3,16684661332,10405116106168,1783482147939486136
2,16659642999,10405116106488,1783482147939486456
1,16670804999,10405116114104,1783482147939494072
0,16682940999,10405116138776,1783482147939518712
3,16716704000,10405116241785,1783482147939621721
0,16714962000,10405116256665,1783482147939636633
1,16702838000,10405116268185,1783482147939648121
2,16691672000,10405116277273,1783482147939657241
3,16748746666,10405116327322,1783482147939707290
0,16746982999,10405116337690,1783482147939717658
1,16734870999,10405116346362,1783482147939726298
2,16723700999,10405116353690,1783482147939733658
2,16755729999,10405116467834,1783482147939847770
3,16780789332,10405116484379,1783482147939864283
1,16766903999,10405116495995,1783482147939875963
0,16779003999,10405116506939,1783482147939886907
1,16830969999,10405120450291,1783482147943830259
0,16843045999,10405132522684,1783482147955902620
3,16844874666,10405134356231,1783482147957736199
2,16851816999,10405141290161,1783482147964670097
0,16875066999,10405316787577,1783482148140167545
3,16876917332,10405316788345,1783482148140168281
1,16863002999,10405316795481,1783482148140175449
2,16883846000,10405316824665,1783482148140204633
0,16971129999,10405316932890,1783482148140312826
1,16895036000,10405316942458,1783482148140322394
2,16915874999,10405316958906,1783482148140338874
2,16947903999,10405317008058,1783482148140387994
0,17003151000,10405317021114,1783482148140401082
1,16927068999,10405317026266,1783482148140406202
2,16979933000,10405317078331,1783482148140458267
1,16959101999,10405317096955,1783482148140476891
3,16908960000,10405317364188,1783482148140744124
3,16941002666,10405317383069,1783482148140763037
3,16973045332,10405317388125,1783482148140768061
0,17035171999,10405324652841,1783482148148032809
3,17037130666,10405326613941,1783482148149993909
2,17043990999,10405333474718,1783482148156854686
1,17055200999,10405344677986,1783482148168057922
0,17067192999,10405356708139,1783482148180088075
0,17099214000,10405525715372,1783482148349095340
3,17069173332,10405525720396,1783482148349100332
1,17087234000,10405525723916,1783482148349103884
2,17076020000,10405525752236,1783482148349132172
0,17131234999,10405525816684,1783482148349196620
3,17101216000,10405525824972,1783482148349204940
1,17119266999,10405525829868,1783482148349209836
2,17108048999,10405525841932,1783482148349221900
3,17133258666,10405525907437,1783482148349287405
3,17165301332,10405526016077,1783482148349396013
2,17140077999,10405526108398,1783482148349488334
2,17172107000,10405526123662,1783482148349503598
0,17163255999,10405526140206,1783482148349520174
0,17195277000,10405526147502,1783482148349527470
1,17151299999,10405526155822,1783482148349535758
1,17183333000,10405526176046,1783482148349556014
1,17247398999,10405536883343,1783482148360263247
0,17259318999,10405548838200,1783482148372218168
2,17268194000,10405557680045,1783482148381060013
3,17325514666,10405615020745,1783482148438400681
0,17291340000,10405726232875,1783482148549612811
1,17279432000,10405726233515,1783482148549613451
3,17357557332,10405726235819,1783482148549615755
2,17300222999,10405726240939,1783482148549620875
2,17332251999,10405726360844,1783482148549740780
0,17323360999,10405726363244,1783482148549743212
3,17389600000,10405726365356,1783482148549745324
1,17311464999,10405726377196,1783482148549757132
0,17355381999,10405726448013,1783482148549827949
1,17343497999,10405726448525,1783482148549828493
3,17421642666,10405726449197,1783482148549829165
2,17364281000,10405726460045,1783482148549839981
2,17396309999,10405726518029,1783482148549897997
0,17387403000,10405726527821,1783482148549907757
1,17375531000,10405726609870,1783482148549989838
1,17439596999,10405729075837,1783482148552455805
0,17451444999,10405740927396,1783482148564307332
3,17453685332,10405743168818,1783482148566548754
2,17460368000,10405749853499,1783482148573233467
3,17485728000,10405775212020,1783482148598591956
2,17492396999,10405935174974,1783482148758554942
3,17517770666,10405935176766,1783482148758556734
1,17471630000,10405935190174,1783482148758570110
0,17483466000,10405935206814,1783482148758586750
2,17588483999,10405935278207,1783482148758658175
3,17549813332,10405935281119,1783482148758661055
0,17515486999,10405935285855,1783482148758665823
1,17567729000,10405935301247,1783482148758681215
3,17581856000,10405935365119,1783482148758745087
1,17599761999,10405935373823,1783482148758753759
2,17620512999,10405935387519,1783482148758767455
0,17547507999,10405935396256,1783482148758776224
0,17579529000,10405935448416,1783482148758828352
1,17631794999,10405935456672,1783482148758836608
3,17613898666,10405935577057,1783482148758957025
2,17652542000,10405942033128,1783482148765413096
0,17675592000,10406144023824,1783482148967403792
1,17663828000,10406144027824,1783482148967407792
2,17684570999,10406144035793,1783482148967415761
0,17707612999,10406144049169,1783482148967429105
3,17645941332,10406144049777,1783482148967429713
1,17695860999,10406144056273,1783482148967436209
2,17716599999,10406144121745,1783482148967501713
0,17739633999,10406144134385,1783482148967514321
3,17677984000,10406144135569,1783482148967515537
1,17727893999,10406144138737,1783482148967518673
0,17771655000,10406144207186,1783482148967587186
1,17759927000,10406144214642,1783482148967594578
3,17710026666,10406144217618,1783482148967597586
2,17748629000,10406144226066,1783482148967606002
3,17742069332,10406144288146,1783482148967668114
2,17780657999,10406144293554,1783482148967673522
1,17856026000,10406145501369,1783482148968881337
0,17867718000,10406157194688,1783482148980574656
3,17870240000,10406159752176,1783482148983132112
2,17876744999,10406166229047,1783482148989608983
1,17888058999,10406177543068,1783482149000923036
0,17899738999,10406189213026,1783482149012592962
3,17902282666,10406191766162,1783482149015146098
2,17908773999,10406198258681,1783482149021638649
1,17920091999,10406209581022,1783482149032960958
0,17931759999,10406221237349,1783482149044617349
3,17934325332,10406223815028,1783482149047194996
2,17940803000,10406230296540,1783482149053676476
1,17952125000,10406241608928,1783482149064988864
0,17963781000,10406253254759,1783482149076634695
3,17966368000,10406255851511,1783482149079231479
2,17972831999,10406262309214,1783482149085689182
1,17984157999,10406273635618,1783482149097015586
0,17995801999,10406285295529,1783482149108675465
3,17998410666,10406287901913,1783482149111281849
2,18004860999,10406294355168,1783482149117735168
1,18016190999,10406305691909,1783482149129071845
0,18027822999,10406317310315,1783482149140690283
0,18059844000,10406470265771,1783482149293645707
1,18048224000,10406470266923,1783482149293646891
3,18030453332,10406470269707,1783482149293649643
2,18036890000,10406470270315,1783482149293650283
0,18091864999,10406470358987,1783482149293738923
3,18062496000,10406470369131,1783482149293749099
2,18068918999,10406470375179,1783482149293755147
1,18080256999,10406470388139,1783482149293768107
0,18123885999,10406470457676,1783482149293837612
3,18094538666,10406470459788,1783482149293839756
1,18112289999,10406470463084,1783482149293843052
2,18100947999,10406470468940,1783482149293848908
0,18155907000,10406470535788,1783482149293915724
1,18144323000,10406470548204,1783482149293928172
2,18132977000,10406470556236,1783482149293936204
3,18126581332,10406470600973,1783482149293980941
0,18187927999,10406679096765,1783482149502476701
1,18208388999,10406679098077,1783482149502478013
3,18190666666,10406679133309,1783482149502513245
2,18197034999,10406679143901,1783482149502523869
0,18219948999,10406679190750,1783482149502570718
1,18240422000,10406679195838,1783482149502575806
3,18222709332,10406679198398,1783482149502578334
2,18229064000,10406679208798,1783482149502588766
0,18251970000,10406679272958,1783482149502652926
3,18254752000,10406679273790,1783482149502653758
1,18272454999,10406679278942,1783482149502658942
2,18261092999,10406679283614,1783482149502663550
0,18283990999,10406679346654,1783482149502726590
1,18304487999,10406679351487,1783482149502731455
2,18293121999,10406679355839,1783482149502735775
3,18286794666,10406679443583,1783482149502823551
1,18400586999,10406690068544,1783482149513448512
0,18412074999,10406701564005,1783482149524943941
3,18414965332,10406704445847,1783482149527825783
2,18421238000,10406710717373,1783482149534097341
1,18432620000,10406722104866,1783482149545484802
0,18444096000,10406733586535,1783482149556966471
3,18447008000,10406736489881,1783482149559869849
2,18453266999,10406742751423,1783482149566131391
1,18464652999,10406754137476,1783482149577517604
0,18476116999,10406765595785,1783482149588975721
3,18479050666,10406768536827,1783482149591916795
2,18485295999,10406774767393,1783482149598147361
1,18496685999,10406786169894,1783482149609549862
0,18508137999,10406797620492,1783482149621000428
3,18511093332,10406800573886,1783482149623953854
2,18517325000,10406806798499,1783482149630178435
1,18528719000,10406818190952,1783482149641570920
0,18540159000,10406829692622,1783482149653072558
3,18543136000,10406832644512,1783482149656024448
2,18549353999,10406838857158,1783482149662237126
1,18560751999,10406850243819,1783482149673623787
0,18572179999,10406861699344,1783482149685079312
3,18575178666,10406864681666,1783482149688061634
2,18581382999,10406870873224,1783482149694253192
2,18613412000,10406994732407,1783482149818112343
1,18592784999,10406994733175,1783482149818113111
0,18604200999,10406994737175,1783482149818117143
3,18607221332,10406994755639,1783482149818135607
3,18639264000,10406994890808,1783482149818270744
2,18645440999,10406994894648,1783482149818274584
0,18636222000,10406994907704,1783482149818287640
0,18668242999,10406994964664,1783482149818344600
2,18677469999,10406994973944,1783482149818353912
1,18624818000,10406995386683,1783482149818766619
1,18656850999,10406995404091,1783482149818784059
3,18735392000,10407024881646,1783482149848261582
1,18688883999,10407203564169,1783482150026944105
0,18700263999,10407203565033,1783482150026944969
2,18709499000,10407203574089,1783482150026954057
3,18767434666,10407203587081,1783482150026967049
2,18741527999,10407203679594,1783482150027059562
0,18732285000,10407203685290,1783482150027065226
3,18799477332,10407203690250,1783482150027070218
1,18720917000,10407203699626,1783482150027079594
2,18773556999,10407203758890,1783482150027138858
3,18831520000,10407203764138,1783482150027144074
0,18764305999,10407203772363,1783482150027152331
1,18752949999,10407203782283,1783482150027162187
0,18796326999,10407203838571,1783482150027218539
3,18863562666,10407203838955,1783482150027218923
1,18784982999,10407203854283,1783482150027234251
2,18805586000,10407203862635,1783482150027242603
0,18924411000,10407213896200,1783482150037276168
3,18927648000,10407217140092,1783482150040520060
1,18977180999,10407266689320,1783482150090069256
2,18997760000,10407287268869,1783482150110648837
0,18956431999,10407412556765,1783482150235936733
2,19029788999,10407412557341,1783482150235937277
3,18959690666,10407412561245,1783482150235941213
1,19009214000,10407412561789,1783482150235941757
3,18991733332,10407412676765,1783482150236056701
2,19061817999,10407412678365,1783482150236058301
1,19041246999,10407412682013,1783482150236061981
0,18988452999,10407412693470,1783482150236073406
0,19020474000,10407412774846,1783482150236154814
1,19073279999,10407412786814,1783482150236166750
2,19093847000,10407412796798,1783482150236176766
3,19023776000,10407412803518,1783482150236183486
0,19052494999,10407412853023,1783482150236232959
3,19055818666,10407412853631,1783482150236233599
1,19105313000,10407412863359,1783482150236243295
2,19125875999,10407415374734,1783482150238754702
1,19137345999,10407426887540,1783482150250267476
0,19148557999,10407438058615,1783482150261438551
3,19151946666,10407441440108,1783482150264820012
2,19157904999,10407447404944,1783482150270784912
2,19189934000,10407621505424,1783482150444885360
1,19169378999,10407621506576,1783482150444886512
0,19180578999,10407621509456,1783482150444889392
3,19183989332,10407621510704,1783482150444890672
0,19212600000,10407621629969,1783482150445009905
3,19216032000,10407621632369,1783482150445012305
1,19201412000,10407621654545,1783482150445034513
2,19221962999,10407621667633,1783482150445047569
3,19248074666,10407621705425,1783482150445085361
0,19244620999,10407621710065,1783482150445090001
1,19233444999,10407621723985,1783482150445103953
2,19253991999,10407621726033,1783482150445105969
0,19276641999,10407621798066,1783482150445178034
2,19286021000,10407621800466,1783482150445180402
3,19280117332,10407621946515,1783482150445326483
1,19265477999,10407621994035,1783482150445373971
0,19340683999,10407630168708,1783482150453548676
3,19344202666,10407633685850,1783482150457065818
2,19350078999,10407639555997,1783482150462935965
1,19361576999,10407651082595,1783482150474462563
0,19372704999,10407822019120,1783482150645399088
3,19376245332,10407822027120,1783482150645407088
1,19393610000,10407822027632,1783482150645407568
2,19382108000,10407822032432,1783482150645412368
2,19414136999,10407822152369,1783482150645532337
0,19404726000,10407822152849,1783482150645532785
3,19408288000,10407822153873,1783482150645533809
1,19425642999,10407822170961,1783482150645550897
0,19436746999,10407822237969,1783482150645617905
1,19457675999,10407822242833,1783482150645622769
2,19446165999,10407822255217,1783482150645635185
3,19440330666,10407822267121,1783482150645647089
3,19472373332,10407822324786,1783482150645704754
0,19468767999,10407822331506,1783482150645711442
1,19489709000,10407822342322,1783482150645722290
2,19478195000,10407822346514,1783482150645726482
0,19532809999,10407822466995,1783482150645846931
3,19536458666,10407825937224,1783482150649317192
2,19542252999,10407831750955,1783482150655130923
1,19553774999,10407843265073,1783482150666645041
2,19574282000,10408022564080,1783482150845944016
0,19564830999,10408022570192,1783482150845950128
3,19568501332,10408022570832,1783482150845950800
1,19585808000,10408022599568,1783482150845979536
3,19600544000,10408022690321,1783482150846070257
0,19596852000,10408022698449,1783482150846078417
1,19617840999,10408022714545,1783482150846094481
2,19606310999,10408022718769,1783482150846098737
2,19638339999,10408022773201,1783482150846153169
3,19632586666,10408022775729,1783482150846155697
0,19628872999,10408022784818,1783482150846164754
1,19649873999,10408022787602,1783482150846167506
0,19660893999,10408022926770,1783482150846306738
2,19670369000,10408022944243,1783482150846324211
1,19681907000,10408022971091,1783482150846351027
3,19664629332,10408022991219,1783482150846371155
2,19734426999,10408023903992,1783482150847283928
1,19745972999,10408035448190,1783482150858828158
3,19760757332,10408050235768,1783482150873615704
0,19788978000,10408078469635,1783482150901849667
0,19820998999,10408231529156,1783482151054909060
1,19778006000,10408231533316,1783482151054913252
3,19792800000,10408231586308,1783482151054966276
3,19824842666,10408231633092,1783482151055013060
1,19810038999,10408231645348,1783482151055025316
0,19853019999,10408231661284,1783482151055041252
3,19856885332,10408231717285,1783482151055097221
0,19885041000,10408231727269,1783482151055107205
1,19842071999,10408231741221,1783482151055121157
3,19888928000,10408231794693,1783482151055174597
0,19917061999,10408231804261,1783482151055184197
1,19874105000,10408231817637,1783482151055197605
2,19766456000,10408231954886,1783482151055334854
2,19798484999,10408231965030,1783482151055344966
2,19830513999,10408231971174,1783482151055351142
2,19862543000,10408231975654,1783482151055355622
0,19949082999,10408238566702,1783482151061946670
3,19953013332,10408242494022,1783482151065873990
2,19958630000,10408248109032,1783482151071488968
1,19970204000,10408259681806,1783482151083061774
3,19985056000,10408440478391,1783482151263858359
0,19981104000,10408440518903,1783482151263898839
2,19990658999,10408440555575,1783482151263935543
3,20017098666,10408440581496,1783482151263961464
1,20002236999,10408440606968,1783482151263986968
1,20034269999,10408440615384,1783482151263995352
0,20013124999,10408440630872,1783482151264010840
3,20049141332,10408440660440,1783482151264040408
0,20045145999,10408440750361,1783482151264130297
0,20077167000,10408440763897,1783482151264143865
3,20145269332,10408440779065,1783482151264159001
2,20022687999,10408440783001,1783482151264162937
2,20054717000,10408440829081,1783482151264209049
2,20086745999,10408440838265,1783482151264218201
1,20066303000,10408440883801,1783482151264263737
1,20098335999,10408440897849,1783482151264277817
1,20162402000,10408451883932,1783482151275263900
0,20173230000,10408462722846,1783482151286102782
3,20177312000,10408466808375,1783482151290188311
2,20182832999,10408472326488,1783482151295706424
1,20194434999,10408649389770,1783482151472769738
0,20205250999,10408649389802,1783482151472769770
3,20209354666,10408649398634,1783482151472778570
2,20214861999,10408649399914,1783482151472779882
2,20246891000,10408649523659,1783482151472903627
0,20237271999,10408649537419,1783482151472917355
3,20241397332,10408649540523,1783482151472920427
2,20278919999,10408649609067,1783482151472989003
0,20269293000,10408649612907,1783482151472992875
3,20273440000,10408649615595,1783482151472995563
2,20310948999,10408649680940,1783482151473060908
0,20301313999,10408649683116,1783482151473063052
3,20305482666,10408649684620,1783482151473064588
1,20226467999,10408649928397,1783482151473308365
1,20258501000,10408649954894,1783482151473334862
1,20290533999,10408649979886,1783482151473359790
0,20365356000,10408654845099,1783482151478225067
3,20369568000,10408659047717,1783482151482427685
1,20386632999,10408676126092,1783482151499506060
2,20407035999,10408696524584,1783482151519904552
0,20397376999,10408849898442,1783482151673278410
1,20418665999,10408849901194,1783482151673281130
2,20439065000,10408849916554,1783482151673296490
3,20401610666,10408849917610,1783482151673297578
0,20429397999,10408850026731,1783482151673406667
2,20471093999,10408850033547,1783482151673413483
3,20433653332,10408850035787,1783482151673415723
1,20450699000,10408850074219,1783482151673454187
2,20503122999,10408850107788,1783482151673487756
0,20461419000,10408850111692,1783482151673491660
3,20465696000,10408850114924,1783482151673494860
1,20482731999,10408850132908,1783482151673512876
3,20497738666,10408850280877,1783482151673660813
2,20535152000,10408850286925,1783482151673666893
1,20514764999,10408850311053,1783482151673691021
0,20493439999,10408850330317,1783482151673710285
3,20561824000,10408851304851,1783482151674684819
2,20567180999,10408856688371,1783482151680068307
1,20578830999,10408868326778,1783482151691706714
0,20589502999,10408878993819,1783482151702373755
1,20610863999,10409050408234,1783482151873788170
2,20599209999,10409050409546,1783482151873789514
3,20593866666,10409050410282,1783482151873790250
0,20621523999,10409050416458,1783482151873796394
0,20653545000,10409050538315,1783482151873918283
1,20642897000,10409050545579,1783482151873925547
2,20631239000,10409050547915,1783482151873927883
3,20625909332,10409050562059,1783482151873941995
2,20663267999,10409050624556,1783482151874004524
3,20657952000,10409050625260,1783482151874005228
0,20685565999,10409050631628,1783482151874011564
1,20674929999,10409050636364,1783482151874016300
0,20717586999,10409050755085,1783482151874135021
2,20695296999,10409050762253,1783482151874142221
1,20706962999,10409050776653,1783482151874156589
3,20689994666,10409050802541,1783482151874182445
1,20771028999,10409060510216,1783482151883890152
0,20781628999,10409071105288,1783482151894485224
3,20786122666,10409075603875,1783482151898983811
2,20791383999,10409080874659,1783482151904254595
0,20813649999,10409251033195,1783482152074413163
3,20818165332,10409251034507,1783482152074414443
1,20803061999,10409251034795,1783482152074414731
2,20823413000,10409251036779,1783482152074416747
0,20845671000,10409251161100,1783482152074541068
0,20877691999,10409251236045,1783482152074616013
0,20909712999,10409251304493,1783482152074684461
1,20835095000,10409251448430,1783482152074828366
3,20850208000,10409251603823,1783482152074983759
3,20882250666,10409251621103,1783482152075001071
3,20914293332,10409251629743,1783482152075009711
2,20855441999,10409251720976,1783482152075100944
2,20887470999,10409251736208,1783482152075116144
2,20919500000,10409251746096,1783482152075126064
1,20867127999,10409251760688,1783482152075140624
1,20899160999,10409251804368,1783482152075184304
1,20963226999,10409252701462,1783482152076081430
0,20973754999,10409263251158,1783482152086631062
3,20978378666,10409267869106,1783482152091249074
2,20983557999,10409273041521,1783482152096421457
3,21010421332,10409451535052,1783482152274915020
0,21005775999,10409451535180,1783482152274915084
2,21015587000,10409451536300,1783482152274916268
1,20995259999,10409451542604,1783482152274922572
2,21047615999,10409451674957,1783482152275054893
0,21037797000,10409451684813,1783482152275064749
1,21027293000,10409451694733,1783482152275074669
2,21079644999,10409451757741,1783482152275137677
0,21069817999,10409451764269,1783482152275144205
1,21059325999,10409451766701,1783482152275146637
2,21111674000,10409451833390,1783482152275213358
3,21042464000,10409451853038,1783482152275233006
3,21074506666,10409451870702,1783482152275250670
3,21106549332,10409451875438,1783482152275255406
0,21101838999,10409451928558,1783482152275308526
1,21091358999,10409452016527,1783482152275396495
3,21170634666,10409460130272,1783482152283510240
2,21175731999,10409465252703,1783482152288632671
1,21187457999,10409476945894,1783482152300325830
0,21197901999,10409487385093,1783482152310765029
2,21207761000,10409652095116,1783482152475475052
3,21202677332,10409652095532,1783482152475475468
1,21219491000,10409652095052,1783482152475475020
0,21229923000,10409652099756,1783482152475479724
0,21261943999,10409652231021,1783482152475610957
1,21251523999,10409652235949,1783482152475615917
2,21239789999,10409652238189,1783482152475618125
2,21271818999,10409652333838,1783482152475713806
1,21283556999,10409652337518,1783482152475717486
2,21303848000,10409652428238,1783482152475808174
0,21293964999,10409652451375,1783482152475831311
0,21325986000,10409652462159,1783482152475842127
1,21315590000,10409652475183,1783482152475855119
3,21234720000,10409652645232,1783482152476025200
3,21266762666,10409652658800,1783482152476038768
3,21298805332,10409652665008,1783482152476044976
3,21362890666,10409652669200,1783482152476049168
2,21367905999,10409657414477,1783482152480794445
1,21379655999,10409669135508,1783482152492515476
0,21390027999,10409679511827,1783482152502891763
0,21422049000,10409852661613,1783482152676041581
1,21411689000,10409852662605,1783482152676042573
2,21399935000,10409852672749,1783482152676052717
3,21394933332,10409852673901,1783482152676053869
0,21454069999,10409852788814,1783482152676168782
1,21443721999,10409852793134,1783482152676173134
3,21426976000,10409852799342,1783482152676179310
2,21431963999,10409852805454,1783482152676185390
0,21486090999,10409852870318,1783482152676250286
3,21459018666,10409852873102,1783482152676253070
1,21475754999,10409852878638,1783482152676258574
2,21463992999,10409852891758,1783482152676271694
0,21518112000,10409852947791,1783482152676327727
1,21507788000,10409853035663,1783482152676415599
2,21496022000,10409853053807,1783482152676433775
3,21555146666,10409853066544,1783482152676446512
1,21571853999,10409861334786,1783482152684714754
0,21582153999,10409871660160,1783482152695040128
3,21587189332,10409876682111,1783482152700062047
2,21592109000,10409881593661,1783482152704973597
2,21624137999,10410061569152,1783482152884949120
1,21603887000,10410061569728,1783482152884949696
0,21614175000,10410061572512,1783482152884952480
3,21619232000,10410061579488,1783482152884959424
0,21646195999,10410061683425,1783482152885063361
3,21651274666,10410061685601,1783482152885065569
1,21635919999,10410061688673,1783482152885068641
2,21656166999,10410061700257,1783482152885080193
2,21688196000,10410061765410,1783482152885145378
3,21683317332,10410061767010,1783482152885146946
0,21678216999,10410061769122,1783482152885149090
1,21667952999,10410061779906,1783482152885159842
0,21710238000,10410061848066,1783482152885228034
2,21720224999,10410061864162,1783482152885244098
3,21715360000,10410061935939,1783482152885315875
1,21699986000,10410061936227,1783482152885316163
0,21774279999,10410063757550,1783482152887137518
3,21779445332,10410068922893,1783482152892302829
1,21796085000,10410085564946,1783482152908944914
2,21816311999,10410105808685,1783482152929188653
0,21806301000,10410270478100,1783482153093858068
1,21828117999,10410270479252,1783482153093859220
3,21811488000,10410270485940,1783482153093865908
2,21848340999,10410270493876,1783482153093873812
0,21838321999,10410270582836,1783482153093962804
1,21860150999,10410270592116,1783482153093972052
3,21843530666,10410270593140,1783482153093973076
3,21875573332,10410270666581,1783482153094046517
0,21870342999,10410270667701,1783482153094047637
1,21892184000,10410270693493,1783482153094073429
3,21907616000,10410270744853,1783482153094124821
1,21924216999,10410270758037,1783482153094138005
0,21902364000,10410270764629,1783482153094144597
2,21880370000,10410271022167,1783482153094402135
2,21912398999,10410271035991,1783482153094415895
2,21944427999,10410271045655,1783482153094425591
1,21988283000,10410277793696,1783482153101173632
0,21998427000,10410287913822,1783482153111293758
3,22003744000,10410293235166,1783482153116615102
2,22008485999,10410297979739,1783482153121359707
0,22030447999,10410479390535,1783482153302770503
1,22020315999,10410479397511,1783482153302777447
2,22040514999,10410479406407,1783482153302786375
3,22035786666,10410479411815,1783482153302791783
2,22072544000,10410479496072,1783482153302876008
3,22067829332,10410479496936,1783482153302876872
1,22052348999,10410479509256,1783482153302889224
0,22062468999,10410479510504,1783482153302890440
3,22099872000,10410479584136,1783482153302964104
1,22084382000,10410479592360,1783482153302972296
2,22104572999,10410479596073,1783482153302976041
0,22094490000,10410479606473,1783482153302986409
3,22131914666,10410479659209,1783482153303039177
2,22136601999,10410479741705,1783482153303121641
0,22126510999,10410479756457,1783482153303136393
1,22116414999,10410479979883,1783482153303359851
0,22190553000,10410480039979,1783482153303419915
3,22196000000,10410485485740,1783482153308865676
2,22200659999,10410490137480,1783482153313517416
1,22212513999,10410501998000,1783482153325377936
2,22232688999,10410688297371,1783482153511677307
0,22222573999,10410688304283,1783482153511684251
1,22244546999,10410688314459,1783482153511694395
3,22228042666,10410688315451,1783482153511695387
0,22254594999,10410688401979,1783482153511781915
3,22260085332,10410688405691,1783482153511785659
1,22276580000,10410688411963,1783482153511791931
2,22264718000,10410688422811,1783482153511802779
2,22296746999,10410688481788,1783482153511861724
0,22286616000,10410688484124,1783482153511864092
1,22308612999,10410688489628,1783482153511869564
3,22292128000,10410688493660,1783482153511873628
2,22328775999,10410688585116,1783482153511965084
1,22340645999,10410688618909,1783482153511998877
3,22324170666,10410688630109,1783482153512010077
0,22318636999,10410688668733,1783482153512048701
1,22404711999,10410694189982,1783482153517569918
0,22414699999,10410704184027,1783482153527563995
3,22420298666,10410709778781,1783482153533158749
2,22424862999,10410714358041,1783482153537737977
0,22446720999,10410897214958,1783482153720594926
2,22456892000,10410897217646,1783482153720597614
1,22436744999,10410897218222,1783482153720598190
3,22452341332,10410897227374,1783482153720607310
2,22488920999,10410897304367,1783482153720684335
3,22484384000,10410897310607,1783482153720690543
1,22468778000,10410897326927,1783482153720706895
0,22478742000,10410897351055,1783482153720730991
3,22516426666,10410897410735,1783482153720790703
1,22500810999,10410897419440,1783482153720799408
2,22520949999,10410897437072,1783482153720817040
0,22510762999,10410897448592,1783482153720828560
2,22552979000,10410897509680,1783482153720889648
1,22532843999,10410897519632,1783482153720899600
3,22548469332,10410897520400,1783482153720900368
0,22606825999,10410897609073,1783482153720989041
3,22612554666,10410902029579,1783482153725409547
2,22617036999,10410906514727,1783482153729894663
1,22628942999,10410918425231,1783482153741805167
0,22638846999,10410928327307,1783482153751707243
0,22670868000,10411106150434,1783482153929530370
3,22644597332,10411106151042,1783482153929531010
2,22649066000,10411106151330,1783482153929531298
1,22660976000,10411106155106,1783482153929535074
2,22681094999,10411106243266,1783482153929623234
0,22702888999,10411106247299,1783482153929627235
3,22676640000,10411106254851,1783482153929634787
1,22693008999,10411106274691,1783482153929654659
3,22708682666,10411106336643,1783482153929716611
1,22725041999,10411106345027,1783482153929724963
2,22713123999,10411106362403,1783482153929742371
0,22734909999,10411106368227,1783482153929748163
1,22757075000,10411106420324,1783482153929800260
2,22745153000,10411106433028,1783482153929812964
3,22740725332,10411106456100,1783482153929836068
0,22766931000,10411106499012,1783482153929878948
1,22821140999,10411110617309,1783482153933997277
0,22830972999,10411120458873,1783482153943838809
3,22836853332,10411126334940,1783482153949714876
2,22841240000,10411130709463,1783482153954089431
0,22862994000,10411315056214,1783482154138436182
3,22868896000,10411315057526,1783482154138437494
2,22873268999,10411315057622,1783482154138437590
1,22853174000,10411315058454,1783482154138438422
0,22895014999,10411315157270,1783482154138537238
3,22965024000,10411315162646,1783482154138542614
2,22905297999,10411315170742,1783482154138550678
1,22885206999,10411315177430,1783482154138557366
3,22997066666,10411315243159,1783482154138623127
2,22937327000,10411315244215,1783482154138624183
0,22927035999,10411315246647,1783482154138626615
1,22917239999,10411315255095,1783482154138635031
2,22969355999,10411315325527,1783482154138705463
1,22949273000,10411315328823,1783482154138708791
0,22959057000,10411315338487,1783482154138718423
3,23029109332,10411318587755,1783482154141967659
2,23033414000,10411322891461,1783482154146271461
1,23045372000,10411334856206,1783482154158236174
0,23055120000,10411344602857,1783482154167982825
3,23061152000,10411350629709,1783482154174009645
0,23087140999,10411523977449,1783482154347357385
2,23065442999,10411523978665,1783482154347358633
3,23093194666,10411523983529,1783482154347363465
1,23077404999,10411523983465,1783482154347363433
1,23109437999,10411524101098,1783482154347481066
3,23125237332,10411524108906,1783482154347488842
0,23119161999,10411524114922,1783482154347494858
3,23157280000,10411524185482,1783482154347565450
1,23205536999,10411524191211,1783482154347571147
0,23151183000,10411524197867,1783482154347577835
3,23189322666,10411524259083,1783482154347639019
0,23183203999,10411524267435,1783482154347647403
2,23097471999,10411524563533,1783482154347943501
2,23129501000,10411524577261,1783482154347957197
2,23225588000,10411524583181,1783482154347963149
1,23237570000,10411527051580,1783482154350431548
0,23247246000,10411536722199,1783482154360102135
3,23253408000,10411542884668,1783482154366264636
2,23257616999,10411547093142,1783482154370473110
1,23269602999,10411559090718,1783482154382470654
2,23289645999,10411732897149,1783482154556277117
3,23285450666,10411732904157,1783482154556284125
0,23279266999,10411732905629,1783482154556285533
1,23301635999,10411732909821,1783482154556289757
0,23311287999,10411733004766,1783482154556384702
1,23333669000,10411733006846,1783482154556386750
3,23317493332,10411733014206,1783482154556394174
0,23343309000,10411733080766,1783482154556460702
3,23349536000,10411733083326,1783482154556463294
1,23365701999,10411733084254,1783482154556464222
1,23397734999,10411733175935,1783482154556555903
3,23381578666,10411733270783,1783482154556650719
2,23321675000,10411733313599,1783482154556693535
2,23353703999,10411733326272,1783482154556706208
2,23385732999,10411733331552,1783482154556711488
0,23375329999,10411733470944,1783482154556850880
3,23445664000,10411735142635,1783482154558522539
2,23449790999,10411739272388,1783482154562652324
1,23461800999,10411751282829,1783482154574662797
0,23471392999,10411760896167,1783482154584276103
3,23477706666,10411933409886,1783482154756789854
1,23493833999,10411933410046,1783482154756790014
2,23481819999,10411933431134,1783482154756811070
0,23503413999,10411933435102,1783482154756815006
2,23513849000,10411933538910,1783482154756918846
1,23525867000,10411933543134,1783482154756923070
3,23509749332,10411933548223,1783482154756928191
0,23535435000,10411933552383,1783482154756932351
3,23541792000,10411933632415,1783482154757012351
1,23557899999,10411933636479,1783482154757016415
2,23545877999,10411933642463,1783482154757022431
0,23567455999,10411933662687,1783482154757042623
3,23573834666,10411933734112,1783482154757114080
1,23589932999,10411933745952,1783482154757125920
0,23599476999,10411933762208,1783482154757142176
2,23577906999,10411933777728,1783482154757157664
1,23653998999,10411943482299,1783482154766862235
0,23663518999,10411953001877,1783482154776381813
3,23669962666,10411959445340,1783482154782825276
2,23673993999,10411963474612,1783482154786854548
2,23706023000,10412133988895,1783482154957368831
3,23702005332,10412133994335,1783482154957374271
1,23686031999,10412133994559,1783482154957374495
0,23695539999,10412133995807,1783482154957375775
3,23734048000,10412134122624,1783482154957502592
0,23727561000,10412134124224,1783482154957504160
1,23718065000,10412134144448,1783482154957524416
2,23738051999,10412134164768,1783482154957544736
0,23759581999,10412134207264,1783482154957587232
3,23766090666,10412134208384,1783482154957588352
1,23750097999,10412134217856,1783482154957597792
2,23770080999,10412134225920,1783482154957605888
3,23798133332,10412134360897,1783482154957740833
0,23791602999,10412134366145,1783482154957746113
1,23782130999,10412134403073,1783482154957783009
2,23802110000,10412134415169,1783482154957795137
1,23846196999,10412135672713,1783482154959052617
0,23855644999,10412145122370,1783482154968502338
3,23862218666,10412151697738,1783482154975077674
2,23866167999,10412155639138,1783482154979019074
2,23898197000,10412334499104,1783482155157879072
0,23887665999,10412334499168,1783482155157879104
3,23894261332,10412334510464,1783482155157890432
1,23878229999,10412334514848,1783482155157894816
2,23930225999,10412334631840,1783482155158011776
3,23926304000,10412334637728,1783482155158017664
0,23919687000,10412334638400,1783482155158018368
1,23910263000,10412334662977,1783482155158042945
0,24015750000,10412334720481,1783482155158100417
3,23958346666,10412334723809,1783482155158103745
2,23962254999,10412334724993,1783482155158104961
1,23942295999,10412334755137,1783482155158135105
2,23994284000,10412334853986,1783482155158233922
3,23990389332,10412334888674,1783482155158268610
1,23974328999,10412334921442,1783482155158301378
0,24047770999,10412337248464,1783482155160628400
3,24054474666,10412343955897,1783482155167335833
2,24058341999,10412347817808,1783482155171197744
1,24070427999,10412359911930,1783482155183291866
0,24079791999,10412369296595,1783482155192676531
3,24086517332,10412543475956,1783482155366855892
2,24090371000,10412543477396,1783482155366857332
1,24102461000,10412543511476,1783482155366891412
0,24111813000,10412543512020,1783482155366891956
2,24122399999,10412543577589,1783482155366957557
0,24143833999,10412543580725,1783482155366960693
1,24134493999,10412543594165,1783482155366974101
2,24154428999,10412543660885,1783482155367040821
0,24175854999,10412543662517,1783482155367042485
1,24166526999,10412543674837,1783482155367054805
1,24198560000,10412543732181,1783482155367112149
2,24186458000,10412543737045,1783482155367116981
0,24207876000,10412543750838,1783482155367130806
3,24118560000,10412543851702,1783482155367231638
3,24150602666,10412543864150,1783482155367244086
3,24182645332,10412543869334,1783482155367249270
1,24262625999,10412552134088,1783482155375514024
0,24271917999,10412561404321,1783482155384784289
3,24278773332,10412568269162,1783482155391649098
2,24282545000,10412572034913,1783482155395414881
2,24314573999,10412752366312,1783482155575746280
1,24294659000,10412752366248,1783482155575746216
3,24374901332,10412752366792,1783482155575746760
0,24303939000,10412752370184,1783482155575750152
2,24346602999,10412752458664,1783482155575838600
3,24406944000,10412752465832,1783482155575845800
0,24335959999,10412752480392,1783482155575860360
1,24326691999,10412752485608,1783482155575865544
3,24438986666,10412752547497,1783482155575927465
1,24358724999,10412752554537,1783482155575934505
2,24378632000,10412752566889,1783482155575946857
0,24367980999,10412752579721,1783482155575959657
1,24390758000,10412752768938,1783482155576148874
0,24400002000,10412752793162,1783482155576173098
2,24410660999,10412752809226,1783482155576189162
0,24464043999,10412753520431,1783482155576900399
3,24471029332,10412760514297,1783482155583894265
2,24474719000,10412764195407,1783482155587575375
1,24486857000,10412776336729,1783482155599716665
3,24503072000,10412792559772,1783482155615939708
3,24535114666,10412961311548,1783482155784691580
0,24496065000,10412961312444,1783482155784692380
1,24518889999,10412961313852,1783482155784693788
2,24506747999,10412961314460,1783482155784694428
1,24614988999,10412961427772,1783482155784807708
3,24567157332,10412961427996,1783482155784807964
2,24538776999,10412961452797,1783482155784832733
0,24528085999,10412961458365,1783482155784838333
3,24599200000,10412961486429,1783482155784866397
0,24560106999,10412961495261,1783482155784875261
2,24634863999,10412961511517,1783482155784891485
1,24647021999,10412961529949,1783482155784909917
3,24631242666,10412961573469,1783482155784953405
0,24592128000,10412961584573,1783482155784964541
2,24666893000,10412961594877,1783482155784974813
1,24679055000,10412968534792,1783482155791914728
0,24688191000,10412977669599,1783482155801049503
3,24695328000,10412984823818,1783482155808203786
2,24698921999,10412988406016,1783482155811785952
1,24711087999,10413000575626,1783482155823955562
3,24727370666,10413170216399,1783482155993596367
0,24720211999,10413170218768,1783482155993598736
1,24743120999,10413170218896,1783482155993598832
2,24730950999,10413170222832,1783482155993602768
2,24762980000,10413170314320,1783482155993694256
1,24775154000,10413170318128,1783482155993698096
0,24752232999,10413170329072,1783482155993709008
3,24759413332,10413170349680,1783482155993729648
2,24795008999,10413170394577,1783482155993774545
1,24807186999,10413170398257,1783482155993778225
0,24784254000,10413170406289,1783482155993786257
3,24791456000,10413170419345,1783482155993799313
2,24827037999,10413170475345,1783482155993855313
0,24816274999,10413170486833,1783482155993866801
3,24823498666,10413170496273,1783482155993876209
1,24839219999,10413170564466,1783482155993944402
3,24887584000,10413177070969,1783482156000450969
2,24891095999,10413180598190,1783482156003978158
1,24903285999,10413192774744,1783482156016154712
0,24912337999,10413201824815,1783482156025204751
2,24923124999,10413370715632,1783482156194095600
1,24935318999,10413370715824,1783482156194095760
3,24919626666,10413370729169,1783482156194109105
0,24944358999,10413370730289,1783482156194110257
0,24976380000,10413370864529,1783482156194244465
1,24967352000,10413370868369,1783482156194248337
3,24951669332,10413370880369,1783482156194260337
3,24983712000,10413370946674,1783482156194326642
0,25008400999,10413370960050,1783482156194339986
1,24999384999,10413370969394,1783482156194349362
2,24955154000,10413371047314,1783482156194427250
2,24987182999,10413371058963,1783482156194438931
2,25019211999,10413371064691,1783482156194444659
0,25040421999,10413371113299,1783482156194493267
3,25015754666,10413371145363,1783482156194525331
1,25031417999,10413371211187,1783482156194591123
2,25083269999,10413372751069,1783482156196131005
1,25095483999,10413385008359,1783482156208388327
0,25104463999,10413393952445,1783482156217332413
3,25111882666,10413401401963,1783482156224781931
0,25136484999,10413571277522,1783482156394657458
1,25127516999,10413571281138,1783482156394661074
3,25143925332,10413571287602,1783482156394667538
2,25115298999,10413571298002,1783482156394677970
2,25147328000,10413571409971,1783482156394789939
3,25175968000,10413571418227,1783482156394798195
0,25168506000,10413571447091,1783482156394827059
1,25159550000,10413571449011,1783482156394828979
0,25200526999,10413571505043,1783482156394885011
3,25208010666,10413571507987,1783482156394887955
2,25179356999,10413571511187,1783482156394891155
1,25191582999,10413571523923,1783482156394903891
0,25232547999,10413571588948,1783482156394968884
2,25211385999,10413571600084,1783482156394980052
1,25223615999,10413571609492,1783482156394989428
3,25240053332,10413571670548,1783482156395050452
1,25287681999,10413577161558,1783482156400541526
0,25296589999,10413586086220,1783482156409466156
3,25304138666,10413593617241,1783482156416997209
2,25307472999,10413596955150,1783482156420335118
0,25328610999,10413771819891,1783482156595199859
1,25319714999,10413771823475,1783482156595203443
2,25339502000,10413771824883,1783482156595204851
3,25336181332,10413771832563,1783482156595212499
0,25424673999,10413771955828,1783482156595335796
3,25368224000,10413771958388,1783482156595338324
1,25351748000,10413771973780,1783482156595353716
2,25371530999,10413771974036,1783482156595354004
2,25403559999,10413772049812,1783482156595429780
0,25456695000,10413772052820,1783482156595432788
3,25400266666,10413772057524,1783482156595437460
1,25383780999,10413772065237,1783482156595445205
3,25432309332,10413772135765,1783482156595515733
1,25415813999,10413772136597,1783482156595516501
2,25435589000,10413772143509,1783482156595523445
0,25488715999,10413778195706,1783482156601575642
3,25496394666,10413785896072,1783482156609276136
2,25499646999,10413789138108,1783482156612518076
1,25511912999,10413801403335,1783482156624783271
0,25520736999,10413810219580,1783482156633599516
1,25543946000,10413980793895,1783482156804173831
0,25552758000,10413980793895,1783482156804173831
2,25531676000,10413980796327,1783482156804176295
3,25528437332,10413980799431,1783482156804179367
2,25563704999,10413980884328,1783482156804264296
0,25584778999,10413980886184,1783482156804266152
3,25560480000,10413980908872,1783482156804288840
1,25575978999,10413980915112,1783482156804295048
0,25616799999,10413980971529,1783482156804351465
3,25592522666,10413980974601,1783482156804354569
1,25608011999,10413980978665,1783482156804358601
2,25595733999,10413980983721,1783482156804363689
3,25624565332,10413981064073,1783482156804444009
2,25627763000,10413981139626,1783482156804519530
1,25640045000,10413981149898,1783482156804529866
0,25648821000,10413981171722,1783482156804551690
2,25691820999,10413981317259,1783482156804697195
1,25704110999,10413993610837,1783482156816990773
0,25712862999,10414002344938,1783482156825725002
3,25784778666,10414074269247,1783482156897649279
2,25723850000,10414181288488,1783482157004668424
1,25736144000,10414181289448,1783482157004669384
0,25744884000,10414181300680,1783482157004680648
3,25816821332,10414181309065,1783482157004689001
0,25776904999,10414181414057,1783482157004793993
1,25768176999,10414181419657,1783482157004799593
2,25755878999,10414181426377,1783482157004806313
3,25848864000,10414181442121,1783482157004822057
3,25880906666,10414181499818,1783482157004879754
1,25800209999,10414181505066,1783482157004885034
2,25787907999,10414181505706,1783482157004885642
0,25808925999,10414181510058,1783482157004889994
0,25840947000,10414181589674,1783482157004969610
1,25832243000,10414181599018,1783482157004978986
2,25819937000,10414181701259,1783482157005081195
1,25896308999,10414185785508,1783482157009165476
0,25904988999,10414194464664,1783482157017844632
3,25912949332,10414202432137,1783482157025812073
2,25916024000,10414205510363,1783482157028890299
3,25944992000,10414234500715,1783482157057880683
0,25937010000,10414390271165,1783482157213651133
1,25928342000,10414390271197,1783482157213651133
3,25977034666,10414390311677,1783482157213691613
3,26009077332,10414390374814,1783482157213754782
0,25969030999,10414390384414,1783482157213764382
1,26024441000,10414390389918,1783482157213769886
2,25948052999,10414390405214,1783482157213785150
2,26044139999,10414390464158,1783482157213844094
0,26001051999,10414390465022,1783482157213844990
1,26056473999,10414390491070,1783482157213871038
3,26041120000,10414390501758,1783482157213881726
2,26076168999,10414390504766,1783482157213884702
1,26088506999,10414390663455,1783482157214043423
0,26033073000,10414390676543,1783482157214056479
3,26073162666,10414390685600,1783482157214065536
2,26108198000,10414397679786,1783482157221059882
3,26105205332,10414599153585,1783482157422533521
0,26129136000,10414599154129,1783482157422534065
1,26120540000,10414599197777,1783482157422577745
1,26152572999,10414599208337,1783482157422588273
0,26161156999,10414599216369,1783482157422596337
3,26137248000,10414599246162,1783482157422626130
2,26140226999,10414599254898,1783482157422634834
2,26172255999,10414599261650,1783482157422641586
2,26204285000,10414599265970,1783482157422645906
1,26184605999,10414599278322,1783482157422658258
0,26193177999,10414599293362,1783482157422673330
2,26236313999,10414599333266,1783482157422713202
1,26216639000,10414599413875,1783482157422793811
3,26169290666,10414599437011,1783482157422816947
3,26201333332,10414599443027,1783482157422822963
0,26225199000,10414599493235,1783482157422873203
1,26312738000,10414602224772,1783482157425604708
0,26321262000,10414610738583,1783482157434118551
3,26329504000,10414618989097,1783482157442369033
2,26332400999,10414621897915,1783482157445277851
1,26344770999,10414634259302,1783482157457639366
0,26353282999,10414642776538,1783482157466156506
3,26361546666,10414651029292,1783482157474409260
2,26364429999,10414653902973,1783482157477282941
1,26376803999,10414666287593,1783482157489667561
0,26385303999,10414674788860,1783482157498168828
3,26393589332,10414683074286,1783482157506454254
2,26396459000,10414685936448,1783482157509316384
1,26408837000,10414698319019,1783482157521698955
0,26417325000,10414706813695,1783482157530193663
3,26425632000,10414715114065,1783482157538494033
2,26428487999,10414717961698,1783482157541341634
1,26440869999,10414730344781,1783482157553724717
0,26449345999,10414738824225,1783482157562204193
3,26457674666,10414747144211,1783482157570524147
2,26460516999,10414749994341,1783482157573374309
1,26472902999,10414762379472,1783482157585759440
0,26481366999,10414770851011,1783482157594230947
2,26492546000,10414782021479,1783482157605401415
2,26524574999,10414934962504,1783482157758342472
1,26504936000,10414934962760,1783482157758342696
0,26513388000,10414934974568,1783482157758354536
3,26489717332,10414934976776,1783482157758356744
3,26521760000,10414935056776,1783482157758436712
0,26545408999,10414935074408,1783482157758454344
1,26536968999,10414935080872,1783482157758460840
2,26556603999,10414935085608,1783482157758465544
2,26588633000,10414935149993,1783482157758529961
3,26553802666,10414935152425,1783482157758532393
0,26577429999,10414935160137,1783482157758540105
1,26569001999,10414935170569,1783482157758550505
3,26585845332,10414935224905,1783482157758604873
0,26609451000,10414935231401,1783482157758611369
1,26601035000,10414935243273,1783482157758623209
2,26620661999,10414935246025,1783482157758625961
1,26665100999,10415143777339,1783482157967157243
2,26652690999,10415143777723,1783482157967157659
3,26649930666,10415143778363,1783482157967158331
0,26673492999,10415143788187,1783482157967168123
2,26684720000,10415143873788,1783482157967253724
0,26705514000,10415143887868,1783482157967267836
3,26681973332,10415143889756,1783482157967269692
1,26697134000,10415143890812,1783482157967270780
2,26716748999,10415143952188,1783482157967332124
0,26737534999,10415143962172,1783482157967342140
1,26729166999,10415143965596,1783482157967345564
3,26714016000,10415143968412,1783482157967348348
2,26748777999,10415144039869,1783482157967419837
3,26746058666,10415144040893,1783482157967420829
0,26833597999,10415144043005,1783482157967422973
1,26761199999,10415144054621,1783482157967434557
1,26857298999,10415146778061,1783482157970158029
0,26865618999,10415155096128,1783482157978476096
3,26874229332,10415163701908,1783482157987081908
2,26876894000,10415166364292,1783482157989744260
1,26889332000,10415178807920,1783482158002187888
0,26897640000,10415187117762,1783482158010497730
3,26906272000,10415195759031,1783482158019138999
2,26908922999,10415198399271,1783482158021779207
1,26921364999,10415210847250,1783482158034227186
0,26929660999,10415219146661,1783482158042526629
3,26938314666,10415227799609,1783482158051179577
2,26940951999,10415230456169,1783482158053836105
1,26953397999,10415242897909,1783482158066278037
0,26961681999,10415251179495,1783482158074559463
3,26970357332,10415259841308,1783482158083221276
2,26972981000,10415262453516,1783482158085833484
1,26985431000,10415274928695,1783482158098308663
0,26993703000,10415283197514,1783482158106577482
3,27002400000,10415291880958,1783482158115260926
2,27005009999,10415294480750,1783482158117860718
3,27034442666,10415436251915,1783482158259631851
2,27037038999,10415436252555,1783482158259632491
1,27017463999,10415436257291,1783482158259637227
0,27025723999,10415436263691,1783482158259643659
2,27069068000,10415436360460,1783482158259740428
3,27066485332,10415436363916,1783482158259743884
0,27057744999,10415436374700,1783482158259754668
1,27049496999,10415436388556,1783482158259768524
2,27101096999,10415436445324,1783482158259825292
3,27098528000,10415436450188,1783482158259830156
0,27089766000,10415436451308,1783482158259831244
1,27081530000,10415436461228,1783482158259841164
0,27121786999,10415436529581,1783482158259909549
1,27113562999,10415436534093,1783482158259914029
2,27133125999,10415436538061,1783482158259917997
3,27194656000,10415484151054,1783482158307531022
1,27177629000,10415636682348,1783482158460062316
0,27153807999,10415636685420,1783482158460065388
2,27165155000,10415636688332,1783482158460068268
3,27226698666,10415636691276,1783482158460071212
3,27258741332,10415636812653,1783482158460192589
0,27185829000,10415636815917,1783482158460195885
1,27209661999,10415636843341,1783482158460223309
2,27197183999,10415636844301,1783482158460224269
2,27229212999,10415636888493,1783482158460268429
3,27290784000,10415636895885,1783482158460275853
0,27217849999,10415636897549,1783482158460277517
1,27241694999,10415636915117,1783482158460295053
3,27322826666,10415636973998,1783482158460353966
0,27249870999,10415637124494,1783482158460504430
1,27273728000,10415637259439,1783482158460639375
2,27261242000,10415637261679,1783482158460641615
3,27354869332,10415644346970,1783482158467726938
2,27357329000,10415646804681,1783482158470184649
0,27377955000,10415667442599,1783482158490822535
1,27433892999,10415723394426,1783482158546774394
2,27453416000,10415845593888,1783482158668973856
3,27386912000,10415845595776,1783482158668975712
0,27409975999,10415845599872,1783482158668979840
1,27465926000,10415845605312,1783482158668985248
2,27485444999,10415845688033,1783482158669067937
3,27418954666,10415845690529,1783482158669070465
0,27441996999,10415845702049,1783482158669081985
2,27517473999,10415845788161,1783482158669168161
3,27450997332,10415845789825,1783482158669169793
0,27474018000,10415845803233,1783482158669183201
3,27483040000,10415845868834,1783482158669248770
0,27506038999,10415845869346,1783482158669249314
2,27549503000,10415846055587,1783482158669435555
1,27497958999,10415846143619,1783482158669523555
1,27529991999,10415846161124,1783482158669541060
1,27562025000,10415851501412,1783482158674881380
0,27570081000,10415859566229,1783482158682946197
3,27579168000,10415868642508,1783482158692022444
2,27581531999,10415871008218,1783482158694388154
1,27594057999,10415883542151,1783482158706922087
2,27613560999,10416054487572,1783482158877867508
1,27626090999,10416054488116,1783482158877868084
3,27611210666,10416054492404,1783482158877872340
0,27602101999,10416054519285,1783482158877899221
0,27634122999,10416054607605,1783482158877987541
3,27643253332,10416054614197,1783482158877994133
2,27645590000,10416054626453,1783482158878006421
2,27677618999,10416054686838,1783482158878066774
3,27675296000,10416054697366,1783482158878077334
0,27666144000,10416054699894,1783482158878079798
3,27707338666,10416054768982,1783482158878148918
2,27709647999,10416054886743,1783482158878266679
0,27698164999,10416054909175,1783482158878289143
1,27658124000,10416055023096,1783482158878403064
1,27690156999,10416055038360,1783482158878418328
1,27722189999,10416055147416,1783482158878527352
3,27771424000,10416060896955,1783482158884276891
2,27773705999,10416063178857,1783482158886558825
1,27786255999,10416075744757,1783482158899124661
0,27794227999,10416083712294,1783482158907092230
3,27803466666,10416255013366,1783482159078393302
0,27826248999,10416255014518,1783482159078394486
1,27818288999,10416255016438,1783482159078396406
2,27805734999,10416255024822,1783482159078404758
2,27837764000,10416255146327,1783482159078526231
0,27858270000,10416255162007,1783482159078541975
3,27835509332,10416255165559,1783482159078545527
0,27890290999,10416255233655,1783482159078613591
3,27867552000,10416255234775,1783482159078614711
2,27869792999,10416255248503,1783482159078628471
3,27899594666,10416255314296,1783482159078694264
2,27901821999,10416255399960,1783482159078779896
2,27965879999,10416255412888,1783482159078792856
1,27850322000,10416255414232,1783482159078794168
0,27922311999,10416255436153,1783482159078816121
1,27882354999,10416255541337,1783482159078921273
1,27914387999,10416255555321,1783482159078935257
1,27978453999,10416267962853,1783482159091342821
0,27986353999,10416275846484,1783482159099226420
3,27995722666,10416285226989,1783482159108606925
0,28018374999,10416455552408,1783482159278932376
1,28010486999,10416455553112,1783482159278933080
3,28027765332,10416455552632,1783482159278932536
2,27997908999,10416455559800,1783482159278939736
2,28029938000,10416455698617,1783482159279078553
1,28042520000,10416455709049,1783482159279088985
3,28059808000,10416455709369,1783482159279089305
0,28050396000,10416455717625,1783482159279097561
3,28091850666,10416455779321,1783482159279159289
2,28061966999,10416455781401,1783482159279161369
1,28074552999,10416455786425,1783482159279166393
0,28082416999,10416455794905,1783482159279174841
2,28093995999,10416455863290,1783482159279243258
0,28114437999,10416455885210,1783482159279265178
3,28123893332,10416455900954,1783482159279280922
1,28106585999,10416455988890,1783482159279368858
1,28170651999,10416460131507,1783482159283511475
3,28187978666,10416477462749,1783482159300842685
2,28190082999,10416479562249,1783482159302942217
0,28242522000,10416532028104,1783482159355408072
2,28222112000,10416664534573,1783482159487914509
0,28274542999,10416664535277,1783482159487915245
3,28220021332,10416664542477,1783482159487922445
1,28202684999,10416664546029,1783482159487925997
3,28252064000,10416664643277,1783482159488023245
2,28254140999,10416664643405,1783482159488023373
1,28234718000,10416664662605,1783482159488042541
0,28306563999,10416664683726,1783482159488063694
2,28286169999,10416664725422,1783482159488105390
1,28266750999,10416664743054,1783482159488122990
3,28284106666,10416664749742,1783482159488129678
0,28338585000,10416664761134,1783482159488141102
3,28316149332,10416664811758,1783482159488191694
0,28370605999,10416664898863,1783482159488278767
1,28298783999,10416664943023,1783482159488322991
2,28318199000,10416665048048,1783482159488428016
3,28380234666,10416669716620,1783482159493096588
2,28382256999,10416671734392,1783482159495114360
1,28394882999,10416684463014,1783482159507842982
0,28402626999,10416692106068,1783482159515486196
2,28414286000,10416873442497,1783482159696822465
1,28426916000,10416873445857,1783482159696825825
0,28434648000,10416873453793,1783482159696833729
3,28412277332,10416873462625,1783482159696842561
3,28444320000,10416873548866,1783482159696928834
0,28466668999,10416873551170,1783482159696931138
2,28446314999,10416873565058,1783482159696945026
3,28476362666,10416873630242,1783482159697010210
0,28498689999,10416873631714,1783482159697011650
2,28478343999,10416873646274,1783482159697026242
3,28508405332,10416873701155,1783482159697081059
0,28530711000,10416873711427,1783482159697091395
2,28510373000,10416873725571,1783482159697105539
1,28458948999,10416874026789,1783482159697406725
1,28490981999,10416874045957,1783482159697425925
1,28523015000,10416874067013,1783482159697446949
1,28587080999,10416876555604,1783482159699935572
0,28594752999,10416884226563,1783482159707606531
3,28604533332,10416894012734,1783482159717392670
2,28606460000,10416895934090,1783482159719314058
0,28626774000,10417082337558,1783482159905717494
3,28636576000,10417082338998,1783482159905718902
1,28619114000,10417082339446,1783482159905719382
2,28638488999,10417082347766,1783482159905727702
0,28658794999,10417082453846,1783482159905833782
3,28668618666,10417082468758,1783482159905848694
2,28670517999,10417082495415,1783482159905875383
1,28651146999,10417082499767,1783482159905879735
2,28702547000,10417082556023,1783482159905935991
0,28690815999,10417082566423,1783482159905946359
1,28683179999,10417082568279,1783482159905948247
3,28700661332,10417082578743,1783482159905958679
2,28734575999,10417082640759,1783482159906020695
3,28732704000,10417082650712,1783482159906030680
0,28722837000,10417082696344,1783482159906076280
1,28715213000,10417082868281,1783482159906248217
3,28796789332,10417086288654,1783482159909668654
0,28818900000,10417108391732,1783482159931771700
1,28843344999,10417132842152,1783482159956222120
2,28862691999,10417152238494,1783482159975618430
2,28894721000,10417291290667,1783482160114670603
0,28850920999,10417291301867,1783482160114681803
3,28828832000,10417291305227,1783482160114685163
1,28875377999,10417291306923,1783482160114686891
2,28926749999,10417291400363,1783482160114780299
3,28860874666,10417291405099,1783482160114785067
0,28882941999,10417291411051,1783482160114791019
1,28907411000,10417291425323,1783482160114805291
2,28958778999,10417291484492,1783482160114864428
3,28892917332,10417291485804,1783482160114865772
0,28914963000,10417291491724,1783482160114871692
1,28939443999,10417291504044,1783482160114883980
2,28990808000,10417291560812,1783482160114940748
1,28971476999,10417291568076,1783482160114948044
3,28924960000,10417291571020,1783482160114950988
0,28946983999,10417291580620,1783482160114960588
1,29003510000,10417292987477,1783482160116367413
0,29011026000,10417300504738,1783482160123884706
3,29021088000,10417310560384,1783482160133940352
2,29022836999,10417312316618,1783482160135696554
1,29035542999,10417500229727,1783482160323609663
2,29054865999,10417500233983,1783482160323613951
3,29053130666,10417500235999,1783482160323615935
0,29043046999,10417500266272,1783482160323646240
3,29085173332,10417500332448,1783482160323712384
2,29086895000,10417500335040,1783482160323715008
0,29075067999,10417500341568,1783482160323721504
1,29067575999,10417500357440,1783482160323737408
3,29117216000,10417500422401,1783482160323802369
1,29099609000,10417500427649,1783482160323807585
2,29118923999,10417500437985,1783482160323817921
0,29107089000,10417500460673,1783482160323840609
1,29131641999,10417500583970,1783482160323963906
3,29149258666,10417500589890,1783482160323969858
0,29139109999,10417500772387,1783482160324152355
2,29150952999,10417500790435,1783482160324170371
3,29213344000,10417502821647,1783482160326201583
2,29215010999,10417504490361,1783482160327870297
1,29227740999,10417517218663,1783482160340598599
0,29235172999,10417524647444,1783482160348027412
0,29267193999,10417709133748,1783482160532513684
1,29259773999,10417709144500,1783482160532524468
2,29247039999,10417709152308,1783482160532532276
3,29245386666,10417709156692,1783482160532536660
3,29277429332,10417709228949,1783482160532608885
0,29299215000,10417709230453,1783482160532610421
1,29291807000,10417709251701,1783482160532631669
2,29279069000,10417709262229,1783482160532642165
0,29331235999,10417709311893,1783482160532691861
3,29309472000,10417709316821,1783482160532696757
2,29311097999,10417709325877,1783482160532705845
1,29323839999,10417709335957,1783482160532715925
0,29363256999,10417709391190,1783482160532771126
1,29355872999,10417709400854,1783482160532780790
2,29343126999,10417709408118,1783482160532788054
3,29341514666,10417709487414,1783482160532867382
1,29419938999,10417709694264,1783482160533074232
0,29427298999,10417716799523,1783482160540179491
3,29437642666,10417727132641,1783482160550512577
2,29439213999,10417728692203,1783482160552072171
0,29459319999,10417918032297,1783482160741412265
1,29451971999,10417918037609,1783482160741417577
2,29471243000,10417918049769,1783482160741429737
3,29469685332,10417918060553,1783482160741440521
2,29503271999,10417918132777,1783482160741512745
0,29491341000,10417918133865,1783482160741513833
3,29501728000,10417918146857,1783482160741526793
0,29523361999,10417918213322,1783482160741593258
3,29533770666,10417918214506,1783482160741594474
2,29535300999,10417918225578,1783482160741605546
0,29555382999,10417918291754,1783482160741671722
2,29567330000,10417918301834,1783482160741681770
3,29565813332,10417918306410,1783482160741686346
1,29484005000,10417918573964,1783482160741953964
1,29516037999,10417918587308,1783482160741967276
1,29548070999,10417918594028,1783482160741973996
3,29629898666,10417919378321,1783482160742758225
2,29631387999,10417920859322,1783482160744239258
1,29644169999,10417933646504,1783482160757026472
0,29651445999,10417940936884,1783482160764316852
0,29683467000,10418126924989,1783482160950304925
1,29676203000,10418126929213,1783482160950309149
2,29663417000,10418126935997,1783482160950315933
3,29661941332,10418126939805,1783482160950319741
2,29695445999,10418127026462,1783482160950406430
3,29693984000,10418127038366,1783482160950418334
0,29715487999,10418127040382,1783482160950420350
0,29747508999,10418127130751,1783482160950510719
3,29726026666,10418127132127,1783482160950512063
2,29727474999,10418127141375,1783482160950521279
2,29759504000,10418127288640,1783482160950668608
3,29758069332,10418127311776,1783482160950691744
0,29779530000,10418127318048,1783482160950698016
1,29708235999,10418127461665,1783482160950841633
1,29740268999,10418127478657,1783482160950858593
1,29772302000,10418127498113,1783482160950878049
0,29843571999,10418133047363,1783482160956427299
3,29854197332,10418143688355,1783482160967068259
2,29855591000,10418145063596,1783482160968443564
1,29868401000,10418157882041,1783482160981262009
0,29875593000,10418335856338,1783482161159236306
2,29887619999,10418335857618,1783482161159237586
3,29886240000,10418335873138,1783482161159253074
1,29900433999,10418335874290,1783482161159254226
0,29907613999,10418335972563,1783482161159352499
3,29918282666,10418335979923,1783482161159359859
1,29932466999,10418335987539,1783482161159367507
2,29919648999,10418336038259,1783482161159418195
3,30014410666,10418336073140,1783482161159453044
2,29951678000,10418336077428,1783482161159457396
0,29939634999,10418336091764,1783482161159471732
1,29964500000,10418336101140,1783482161159481108
0,29971656000,10418336164564,1783482161159544532
1,29996532999,10418336174740,1783482161159554676
2,29983706999,10418336193268,1783482161159573236
3,30046453332,10418336243669,1783482161159623637
2,30047765000,10418337248155,1783482161160628091
1,30060599000,10418350078537,1783482161173458473
0,30067719000,10418357195316,1783482161180575284
3,30078496000,10418367995094,1783482161191375030
1,30092631999,10418544932552,1783482161368312488
3,30110538666,10418544955496,1783482161368335432
2,30079793999,10418544977577,1783482161368357545
0,30099739999,10418544999753,1783482161368379689
3,30142581332,10418545432587,1783482161368812555
3,30174624000,10418545450059,1783482161368830027
3,30206666666,10418545454891,1783482161368834827
2,30111822999,10418545665773,1783482161369045741
2,30143852000,10418545682093,1783482161369062029
2,30175880999,10418545687149,1783482161369067085
0,30131760999,10418545701069,1783482161369081037
0,30163782000,10418545707277,1783482161369087213
0,30195802999,10418545711149,1783482161369091085
1,30124664999,10418545722253,1783482161369102189
1,30156698000,10418545727725,1783482161369107693
1,30252797000,10418545731629,1783482161369111565
0,30259845000,10418549403587,1783482161372783555
3,30270752000,10418560287014,1783482161383666950
2,30271967999,10418561565133,1783482161384945101
1,30284829999,10418574325339,1783482161397705307
1,30316862999,10418753802909,1783482161577182845
3,30302794666,10418753809085,1783482161577189053
2,30303996999,10418753837437,1783482161577217373
0,30291865999,10418753852125,1783482161577232093
0,30323886999,10418753917694,1783482161577297630
3,30334837332,10418753918686,1783482161577298654
3,30366880000,10418753993534,1783482161577373470
2,30336026000,10418754003358,1783482161577383294
0,30355908000,10418754007166,1783482161577387134
1,30348896000,10418754018814,1783482161577398782
2,30368054999,10418754021950,1783482161577401854
1,30380928999,10418754024894,1783482161577404830
1,30412961999,10418754064222,1783482161577444158
0,30387928999,10418754068991,1783482161577448927
2,30400083999,10418754083263,1783482161577463199
3,30398922666,10418754097727,1783482161577477695
1,30477027999,10418766519914,1783482161589899882
0,30483991999,10418773481076,1783482161596861012
3,30495050666,10418784544728,1783482161607924696
2,30496170999,10418785656158,1783482161609036094
3,30527093332,10418962849779,1783482161786229747
0,30516012999,10418962850387,1783482161786230323
1,30509060999,10418962880403,1783482161786260371
2,30528200000,10418962904051,1783482161786284019
3,30559136000,10418962946931,1783482161786326867
0,30548034000,10418962969331,1783482161786349299
2,30560228999,10418962970099,1783482161786350035
1,30541094000,10418962970227,1783482161786350163
2,30592257999,10418963045588,1783482161786425556
3,30591178666,10418963046676,1783482161786426580
0,30580054999,10418963054420,1783482161786434388
1,30573126999,10418963058708,1783482161786438644
3,30623221332,10418963120436,1783482161786500404
0,30612075999,10418963235061,1783482161786614997
1,30605159999,10418963266037,1783482161786645973
2,30624287000,10418963282805,1783482161786662741
0,30676117999,10418965598371,1783482161788978339
3,30687306666,10418976785543,1783482161800165511
2,30688344999,10418977828078,1783482161801208014
1,30701258999,10418990740444,1783482161814120380
1,30733292000,10419163347156,1783482161986727124
2,30720374000,10419163347636,1783482161986727604
3,30719349332,10419163353972,1783482161986733908
3,30751392000,10419163494613,1783482161986874581
0,30708138999,10419163522773,1783482161986902709
0,30740160000,10419163536534,1783482161986916470
3,30783434666,10419163587766,1783482161986967702
0,30772180999,10419163590646,1783482161986970582
2,30752402999,10419163660118,1783482161987040086
2,30784431999,10419163673078,1783482161987053046
2,30816461000,10419163679126,1783482161987059062
0,30804201999,10419163758871,1783482161987138807
3,30815477332,10419163788343,1783482161987168311
1,30765324999,10419163909144,1783482161987289080
1,30797357999,10419163923160,1783482161987303096
1,30829391000,10419163974136,1783482161987354072
3,30879562666,10419169038903,1783482161992418871
2,30880518999,10419169998589,1783482161993378557
1,30893456999,10419182938539,1783482162006318507
0,30900264999,10419189750709,1783482162013130677
3,30911605332,10419363895767,1783482162187275735
1,30925490000,10419363897079,1783482162187277047
0,30932286000,10419363897143,1783482162187277079
2,30912548000,10419363903351,1783482162187283287
3,30943648000,10419364055352,1783482162187435288
0,30964306999,10419364060984,1783482162187440952
2,30944576999,10419364077880,1783482162187457848
3,30975690666,10419364144792,1783482162187524728
0,31060369999,10419364146872,1783482162187526840
2,30976605999,10419364159768,1783482162187539704
2,31008635000,10419364223033,1783482162187602969
1,30957522999,10419364316473,1783482162187696441
1,30989555999,10419364345785,1783482162187725753
1,31021589000,10419364351481,1783482162187731417
3,31007733332,10419364365338,1783482162187745274
1,31085654999,10419375162043,1783482162198542011
0,31092390999,10419381887652,1783482162205267556
3,31103861332,10419393361418,1783482162216741354
2,31104722000,10419394214095,1783482162217594031
0,31124412000,10419413924071,1783482162237304007
0,31156432999,10419572864972,1783482162396244908
3,31135904000,10419572865196,1783482162396245132
2,31136750999,10419572866124,1783482162396246092
1,31117688000,10419572867116,1783482162396247084
0,31188453999,10419572984749,1783482162396364685
2,31168779999,10419573001645,1783482162396381581
2,31200809000,10419573056749,1783482162396436717
0,31220475000,10419573067149,1783482162396447085
3,31167946666,10419573098254,1783482162396478190
3,31199989332,10419573113038,1783482162396493006
2,31232837999,10419573146126,1783482162396526062
3,31232032000,10419573161518,1783482162396541422
1,31149720999,10419573219246,1783482162396599214
1,31181753999,10419573236366,1783482162396616302
1,31213787000,10419573255278,1783482162396635214
0,31252495999,10419573338799,1783482162396718735
3,31296117332,10419781713185,1783482162605093153
2,31296896000,10419781720353,1783482162605100321
1,31309886000,10419781722657,1783482162605102625
2,31328924999,10419781779585,1783482162605159553
1,31341918999,10419781784321,1783482162605164289
0,31284516999,10419781795201,1783482162605175169
3,31328160000,10419781810113,1783482162605190049
2,31360953999,10419781888674,1783482162605268610
1,31373951999,10419781961442,1783482162605341378
2,31392983000,10419781965506,1783482162605345442
1,31405985000,10419781970274,1783482162605350178
0,31316538000,10419782036387,1783482162605416355
0,31348558999,10419782051811,1783482162605431747
0,31380579999,10419782063171,1783482162605443107
3,31424288000,10419782304260,1783482162605684228
3,31456330666,10419782323844,1783482162605703780
1,31502084000,10419791562461,1783482162614942429
0,31508664000,10419798138117,1783482162621518053
3,31520416000,10419809896716,1783482162633276684
2,31521098999,10419810574000,1783482162633953936
1,31534116999,10419823604831,1783482162646984863
0,31540684999,10419830170247,1783482162653550215
3,31552458666,10419841958287,1783482162665338255
2,31553127999,10419842614227,1783482162665994163
1,31566149999,10419855640450,1783482162679020418
0,31572705999,10419862208490,1783482162685588458
3,31584501332,10419873992465,1783482162697372401
2,31585157000,10419874639413,1783482162698019381
3,31616544000,10419906030196,1783482162729410132
1,31662248999,10419951743338,1783482162775123306
2,31681244000,10419970736349,1783482162794116285
2,31713272999,10420040705702,1783482162864085638
1,31694282000,10420040707270,1783482162864087206
0,31604727000,10420040712646,1783482162864092614
3,31648586666,10420040730438,1783482162864110406
3,31680629332,10420040814279,1783482162864194215
3,31712672000,10420040885735,1783482162864265671
0,31636747999,10420041010568,1783482162864390504
0,31668768999,10420041025832,1783482162864405768
2,31745301999,10420041037288,1783482162864417224
1,31726314999,10420041042824,1783482162864422792
1,31758347999,10420047831537,1783482162871211441
2,31777331000,10420066816901,1783482162890196869
2,31809359999,10420249430426,1783482163072810394
1,31790381000,10420249432218,1783482163072812186
0,31700790000,10420249441562,1783482163072821530
3,31744714666,10420249447802,1783482163072827738
3,31776757332,10420249561051,1783482163072940987
3,31808800000,10420249631291,1783482163073011227
3,31840842666,10420249699324,1783482163073079292
0,31764831999,10420250031518,1783482163073411486
1,31822413999,10420250035870,1783482163073415806
1,31854446999,10420250049182,1783482163073429150
2,31841388999,10420250061566,1783482163073441534
0,31796853000,10420250074238,1783482163073454206
2,31873418000,10420250075326,1783482163073455294
2,31905446999,10420250083038,1783482163073463006
1,31886480000,10420250121310,1783482163073501278
0,31828873999,10420250127614,1783482163073507582
3,31969013332,10420258498097,1783482163081878033
2,31969505000,10420258980180,1783482163082360116
1,31982579000,10420272043523,1783482163095423491
0,31988979000,10420278471467,1783482163101851403
0,32020999999,10420458418064,1783482163281798032
3,32001056000,10420458427280,1783482163281807248
0,32053020999,10420458441424,1783482163281821360
0,32085042000,10420458447664,1783482163281827600
1,32014611999,10420458464016,1783482163281843952
2,32001533999,10420458479216,1783482163281859184
1,32046644999,10420458512112,1783482163281892080
0,32117062999,10420458516656,1783482163281896624
3,32033098666,10420458526576,1783482163281906512
2,32033562999,10420458541201,1783482163281921169
1,32078678000,10420458604273,1783482163281984209
2,32065592000,10420458605681,1783482163281985617
3,32065141332,10420458701842,1783482163282081810
0,32181105000,10420470577914,1783482163293957882
1,32110710999,10420667198756,1783482163490578692
2,32097620999,10420667217700,1783482163490597668
0,32213125999,10420667219716,1783482163490599652
1,32174777000,10420667222500,1783482163490602436
1,32206809999,10420667228996,1783482163490608964
2,32193707999,10420667232132,1783482163490612100
2,32225736999,10420667238052,1783482163490617988
2,32257766000,10420667314629,1783482163490694565
0,32245146999,10420667319109,1783482163490699077
1,32238842999,10420667320485,1783482163490700421
0,32277168000,10420667508358,1783482163490888326
3,32097184000,10420667562438,1783482163490942406
0,32309188999,10420667571974,1783482163490951910
3,32193312000,10420667584775,1783482163490964743
3,32225354666,10420667592199,1783482163490972167
3,32257397332,10420667596455,1783482163490976423
3,32385568000,10420675038516,1783482163498418452
2,32385881999,10420675357526,1783482163498737462
1,32399007999,10420688489766,1783482163511869702
3,32417610666,10420707096791,1783482163530476759
2,32417910999,10420707419289,1783482163530799225
1,32431040999,10420720527560,1783482163543907560
3,32449653332,10420739159897,1783482163562539865
2,32449940000,10420739395067,1783482163562775035
1,32463074000,10420752584971,1783482163575964907
0,32469294000,10420758786449,1783482163582166353
3,32481696000,10420771211868,1783482163594591804
2,32481968999,10420771459998,1783482163594839966
1,32495106999,10420784612846,1783482163607992814
0,32501314999,10420790807411,1783482163614187379
3,32513738666,10420803241215,1783482163626621151
2,32513997999,10420803482880,1783482163626862848
1,32527139999,10420816637680,1783482163640017648
0,32533335999,10420822827894,1783482163646207830
3,32545781332,10420835275297,1783482163658655233
2,32546027000,10420835508515,1783482163658888483
1,32559173000,10420848664723,1783482163672044659
0,32565357000,10420854839544,1783482163678219512
0,32597377999,10420967529573,1783482163790909509
1,32591205999,10420967531109,1783482163790911013
2,32578055999,10420967533093,1783482163790913029
3,32577824000,10420967552997,1783482163790932965
2,32610084999,10420967640998,1783482163791020934
0,32629398999,10420967642790,1783482163791022726
3,32609866666,10420967644902,1783482163791024806
1,32623238999,10420967647174,1783482163791027142
0,32661420000,10420967718534,1783482163791098502
2,32642114000,10420967719014,1783482163791098982
3,32641909332,10420967724678,1783482163791104614
1,32655272000,10420967727078,1783482163791107014
2,32674142999,10421167869990,1783482163991249958
1,32687304999,10421167871718,1783482163991251654
0,32693440999,10421167871782,1783482163991251750
3,32673952000,10421167890182,1783482163991270118
2,32706171999,10421167991367,1783482163991371335
0,32725461999,10421167996775,1783482163991376743
3,32705994666,10421167998407,1783482163991378375
1,32719337999,10421168019495,1783482163991399463
2,32738201000,10421168079815,1783482163991459783
0,32757483000,10421168085703,1783482163991465671
3,32738037332,10421168088455,1783482163991468423
1,32751371000,10421168091751,1783482163991471687
0,32789503999,10421168154024,1783482163991533960
3,32834165332,10421168155464,1783482163991535432
1,32783403999,10421168158312,1783482163991538280
2,32770229999,10421168159176,1783482163991539144
1,32879502999,10421168966925,1783482163992346861
0,32885566999,10421175037746,1783482163998417714
3,32898250666,10421187762623,1783482164011142591
2,32898345999,10421187847519,1783482164011227423
1,32911535999,10421201028528,1783482164024408464
0,32917587999,10421207069588,1783482164030449556
