cam,pts_ns,mono_ns,real_ns
0,64041999,10754468416557,1783482497291796493
0,96063000,10754470429977,1783482497293809945
0,128083999,10754471571265,1783482497294951201
0,160104999,10754474670964,1783482497298050900
0,192126000,10754475647770,1783482497299027738
0,224146999,10754478749710,1783482497302129646
0,256167999,10754668621590,1783482497492001558
3,567200000,10754804205865,1783482497627585833
0,288189000,10754812916224,1783482497636296256
3,599242666,10754836240850,1783482497659620786
0,320209999,10754844747207,1783482497668127143
3,631285332,10754868254075,1783482497691634043
0,352230999,10754876702352,1783482497700082288
0,448293999,10754876777745,1783482497700157681
3,663328000,10754900301764,1783482497723681732
3,695370666,10754932381102,1783482497755761038
0,576378000,10754940956259,1783482497764336195
3,727413332,10754964396631,1783482497787776599
3,759456000,10755085286862,1783482497908666830
0,608398999,10755085322318,1783482497908702286
0,640419999,10755085344654,1783482497908724622
0,672441000,10755085349486,1783482497908729422
0,704461999,10755085353518,1783482497908733486
0,864567000,10755101518163,1783482497924898131
3,791498666,10755293828811,1783482498117208779
0,896587999,10755293861131,1783482498117241067
0,928608999,10755293984780,1783482498117364748
1,1134800000,10755371791284,1783482498195171220
0,960630000,10755380408427,1783482498203788395
0,992650999,10755380432299,1783482498203812235
3,823541332,10755380436491,1783482498203816427
3,855584000,10755380541547,1783482498203921483
1,1166832999,10755403795133,1783482498227175133
3,887626666,10755412279091,1783482498235659027
0,1088713999,10755412293011,1783482498235672979
1,1198865999,10755435820070,1783482498259200006
3,1079882666,10755444257563,1783482498267637531
1,1230899000,10755467848720,1783482498291228656
3,1143968000,10755476359845,1783482498299739813
1,1262931999,10755499914073,1783482498323294009
3,1176010666,10755500088154,1783482498323468122
3,1208053332,10755500097786,1783482498323477754
0,1120734999,10755500099354,1783482498323479290
1,1294964999,10755531965090,1783482498355345026
1,1326998000,10755708745848,1783482498532125784
0,1152756000,10755708751320,1783482498532131256
3,1240096000,10755708761208,1783482498532141144
0,1184776999,10755708772888,1783482498532152856
3,1272138666,10755708777240,1783482498532157208
0,1216797999,10755708778776,1783482498532158744
0,1280839999,10755708812984,1783482498532192952
3,1304181332,10755708823385,1783482498532203353
0,1472965999,10755709933759,1783482498533313727
0,1504986999,10755917304053,1783482498740683989
3,1336224000,10755917307638,1783482498740687574
1,1359030999,10755917308502,1783482498740688470
1,1391063999,10755917342710,1783482498740722678
0,1537008000,10755917354774,1783482498740734710
0,1569028999,10755917360822,1783482498740740790
0,1601049999,10755917365014,1783482498740744982
3,1496437332,10755917438582,1783482498740818550
3,1528480000,10755917451638,1783482498740831606
1,1423097000,10755917455350,1783482498740835318
3,1560522666,10755917456598,1783482498740836534
2,1702100000,10755939101598,1783482498762481566
2,1734128999,10755971088423,1783482498794468359
3,1688693332,10755979575068,1783482498802955004
1,1487162999,10755979604029,1783482498802983997
2,1766157999,10756003113648,1783482498826493616
0,1697112999,10756011650790,1783482498835030726
3,1720736000,10756011654054,1783482498835034022
1,1711394000,10756011777959,1783482498835157895
2,1798187000,10756035148313,1783482498858528249
1,1743426999,10756043637135,1783482498867017071
3,1816864000,10756053814287,1783482498877194223
2,1830215999,10756067162114,1783482498890542050
1,1775459999,10756075593495,1783482498898973463
2,1862244999,10756099193004,1783482498922572972
3,1848906666,10756125833267,1783482498949213235
1,1807493000,10756125850227,1783482498949230195
1,1839525999,10756125865747,1783482498949245715
0,1729134000,10756125871283,1783482498949251219
2,1894274000,10756334427249,1783482499157807185
1,1871558999,10756334431953,1783482499157811889
1,1903592000,10756334450929,1783482499157830897
0,1761154999,10756334469585,1783482499157849521
0,1793175999,10756334485009,1783482499157864977
0,1825197000,10756334489745,1783482499157869713
3,1880949332,10756334556017,1783482499157935953
3,1912992000,10756334564369,1783482499157944337
3,1945034666,10756334568977,1783482499157948945
3,1977077332,10756334573265,1783482499157953201
2,1926302999,10756334584818,1783482499157964754
1,1935624999,10756334598642,1783482499157978610
0,1889238999,10756334639090,1783482499158019026
2,1958331999,10756334716146,1783482499158096082
1,1967657999,10756334893843,1783482499158273811
2,1990361000,10756334972756,1783482499158352724
3,2105248000,10756342206049,1783482499165586017
0,2113386000,10756350341172,1783482499173721076
2,2118476999,10756355430420,1783482499178810356
1,2127822999,10756364773423,1783482499188153359
3,2137290666,10756374258827,1783482499197638795
0,2145406999,10756382375870,1783482499205755806
2,2150505999,10756387460030,1783482499210839998
1,2159855999,10756396814040,1783482499220193976
3,2169333332,10756406295092,1783482499229675028
0,2177427999,10756414390983,1783482499237770951
1,2191889000,10756428829025,1783482499252208993
3,2201376000,10756438322077,1783482499261702045
0,2209449000,10756446397936,1783482499269777904
0,2241469999,10756478436889,1783482499301816825
0,2273490999,10756510443618,1783482499333823554
2,2182535000,10756567354919,1783482499390734855
1,2223921999,10756567355975,1783482499390735943
0,2305512000,10756567359655,1783482499390739591
3,2233418666,10756567362087,1783482499390742055
1,2255954999,10756775918053,1783482499599298021
1,2287988000,10756775939429,1783482499599319365
0,2337532999,10756775941989,1783482499599321957
1,2320020999,10756775945029,1783482499599324965
2,2214563999,10756775964165,1783482499599344101
2,2246592999,10756775973445,1783482499599353413
2,2278622000,10756775990885,1783482499599370821
2,2342679999,10756775996005,1783482499599375973
0,2369553999,10756776076198,1783482499599456166
3,2265461332,10756776105606,1783482499599485574
3,2297504000,10756776120870,1783482499599500838
3,2329546666,10756776149446,1783482499599529382
3,2361589332,10756776154854,1783482499599534790
1,2352053999,10756776187974,1783482499599567910
0,2401575000,10756776226983,1783482499599606951
0,2433595999,10756776241415,1783482499599621383
1,2544251999,10756781208358,1783482499604588294
3,2553845332,10756790793922,1783482499614173858
0,2561679999,10756798643891,1783482499622023827
2,2566883000,10756803845620,1783482499627225556
1,2576285000,10756813245647,1783482499636625615
3,2585888000,10756822839307,1783482499646219275
0,2593701000,10756830698013,1783482499654077981
2,2598911999,10756835876765,1783482499659256733
1,2608317999,10756845284824,1783482499668664792
3,2617930666,10756854883573,1783482499678263541
0,2625721999,10756862683109,1783482499686063077
2,2630940999,10756867897062,1783482499691276998
1,2640350999,10756877292705,1783482499700672673
3,2649973332,10756886918622,1783482499710298590
2,2662970000,10756899925551,1783482499723305487
1,2672384000,10756909325450,1783482499732705386
2,2694998999,10756931955000,1783482499755334968
2,2727027999,10756964020258,1783482499787400194
3,2682016000,10756989746627,1783482499813126595
0,2657742999,10756989749187,1783482499813129123
1,2704416999,10756989754915,1783482499813134851
3,2714058666,10757198331041,1783482500021710977
1,2736449999,10757198331553,1783482500021711521
0,2689764000,10757198339297,1783482500021719265
3,2746101332,10757198356129,1783482500021736065
0,2721784999,10757198361825,1783482500021741793
0,2753805999,10757198368001,1783482500021747969
0,2785827000,10757198432034,1783482500021812002
2,2759057000,10757198434018,1783482500021813954
1,2768483000,10757198478946,1783482500021858882
2,2791085999,10757198512578,1783482500021892546
1,2800515999,10757198541538,1783482500021921474
2,2823114999,10757198642531,1783482500022022499
2,2855144000,10757198651171,1783482500022031107
1,2832548999,10757198924645,1783482500022304613
3,2778144000,10757198934949,1783482500022314885
3,2810186666,10757198951237,1783482500022331205
3,2970400000,10757207350298,1783482500030730298
0,2977953000,10757214918089,1783482500038298057
2,2983259999,10757220230059,1783482500043610027
1,2992713999,10757229691366,1783482500053071302
3,3002442666,10757239406019,1783482500062785955
0,3009973999,10757246934514,1783482500070314450
2,3015288999,10757252247412,1783482500075627348
1,3024746999,10757261699567,1783482500085079503
3,3034485332,10757271461036,1783482500094841004
0,3041994999,10757278962139,1783482500102342171
2,3047318000,10757284288541,1783482500107668509
1,3056780000,10757293755224,1783482500117135192
3,3066528000,10757303492277,1783482500126872213
0,3074016000,10757310972868,1783482500134352836
2,3079346999,10757316297958,1783482500139677894
1,3088812999,10757325769377,1783482500149149377
3,3098570666,10757335522111,1783482500158902079
0,3106036999,10757343000557,1783482500166380493
0,3138057999,10757375012439,1783482500198392535
0,3170079000,10757446794873,1783482500270174841
1,3120845999,10757446798617,1783482500270178585
2,3111375999,10757446801369,1783482500270181273
0,3202099999,10757446932410,1783482500270312346
3,3130613332,10757446943482,1783482500270323418
1,3152879000,10757446952154,1783482500270332122
2,3143405000,10757446964090,1783482500270344058
3,3226741332,10757463707363,1783482500287087331
0,3234120999,10757655487512,1783482500478867448
2,3175433999,10757655513848,1783482500478893816
3,3258784000,10757655518584,1783482500478898488
0,3266142000,10757655600952,1783482500478980920
3,3290826666,10757655605208,1783482500478985176
1,3184911999,10757655612825,1783482500478992761
2,3207462999,10757655615673,1783482500478995641
1,3216944999,10757655641753,1783482500479021689
0,3298162999,10757655710873,1783482500479090841
3,3322869332,10757655713049,1783482500479093017
1,3248978000,10757655725721,1783482500479105689
2,3239492000,10757655728505,1783482500479108441
3,3354912000,10757655804026,1783482500479183962
2,3271520999,10757655888186,1783482500479268122
0,3330183999,10757655909562,1783482500479289530
1,3281010999,10757655953563,1783482500479333531
3,3418997332,10757655964187,1783482500479344123
0,3426246999,10757663206728,1783482500486586696
1,3473208999,10757710189327,1783482500533569295
2,3495723999,10757732697117,1783482500556077053
0,3458268000,10757864473816,1783482500687853784
1,3505241999,10757864477720,1783482500687857688
2,3527753000,10757864487768,1783482500687867704
3,3451040000,10757864495096,1783482500687875064
1,3537275000,10757864503896,1783482500687883864
2,3559781999,10757864509720,1783482500687889656
3,3483082666,10757864589305,1783482500687969241
0,3490288999,10757864590585,1783482500687970553
1,3569307999,10757864602329,1783482500687982265
2,3591810999,10757864698521,1783482500688078489
2,3623840000,10757864707066,1783482500688087002
3,3515125332,10757864718170,1783482500688098074
0,3522309999,10757864744474,1783482500688124410
1,3601340999,10757864771226,1783482500688151194
0,3554331000,10757864806650,1783482500688186586
3,3547168000,10757864845370,1783482500688225338
1,3633374000,10757870329501,1783482500693709437
2,3655868999,10757892822218,1783482500716202154
2,3687897999,10758073396344,1783482500896776312
3,3643296000,10758073409848,1783482500896789816
3,3675338666,10758073422200,1783482500896802168
0,3650394000,10758073443288,1783482500896823224
0,3682414999,10758073451608,1783482500896831576
1,3665406999,10758073464568,1783482500896844536
2,3719927000,10758073504185,1783482500896884153
1,3697439999,10758073523065,1783482500896903001
0,3714435999,10758073530969,1783482500896910937
3,3707381332,10758073549401,1783482500896929369
1,3729473000,10758073640730,1783482500897020666
0,3746457000,10758073680922,1783482500897060858
3,3739424000,10758073704826,1783482500897084762
2,3751955999,10758073722394,1783482500897102362
1,3761505999,10758073792218,1783482500897172186
2,3783984999,10758073862011,1783482500897241979
0,3842520000,10758079492862,1783482500902872798
2,3848042999,10758084998785,1783482500908378753
1,3857604999,10758094572765,1783482500917952733
3,3867594666,10758104549404,1783482500927929372
0,3874540999,10758111494919,1783482500934874887
2,3880071999,10758117024330,1783482500940404266
1,3889637999,10758126605350,1783482500949985286
3,3899637332,10758136598053,1783482500959978021
0,3906561999,10758143534128,1783482500966914096
2,3912101000,10758149055795,1783482500972435731
1,3921671000,10758158619279,1783482500981999215
3,3931680000,10758168633326,1783482500992013294
0,3938583000,10758175537561,1783482500998917561
2,3944129999,10758181077468,1783482501004457404
1,3953703999,10758190666680,1783482501014046648
3,3963722666,10758200711639,1783482501024091607
0,3970603999,10758207566179,1783482501030946115
2,3976158999,10758213123461,1783482501036503429
1,3985736999,10758222714914,1783482501046094850
3,3995765332,10758232749857,1783482501056129825
0,4002624999,10758239590764,1783482501062970732
3,4027808000,10758264767978,1783482501088147978
0,4034646000,10758417788651,1783482501241168619
1,4017770000,10758417788715,1783482501241168619
3,4059850666,10758417789131,1783482501241169099
2,4008188000,10758417798795,1783482501241178731
3,4091893332,10758417892427,1783482501241272363
0,4066666999,10758417894443,1783482501241274379
1,4049802999,10758417907499,1783482501241287467
2,4040216999,10758417911883,1783482501241291819
3,4123936000,10758417981740,1783482501241361708
0,4098687999,10758417982668,1783482501241362604
2,4072245999,10758417993964,1783482501241373932
1,4081835999,10758417994860,1783482501241374796
3,4155978666,10758418198413,1783482501241578381
2,4104275000,10758418305422,1783482501241685390
1,4113869000,10758418340718,1783482501241720654
0,4130709000,10758418371406,1783482501241751374
3,4188021332,10758626623818,1783482501450003754
0,4194750999,10758626623818,1783482501450003786
1,4209968000,10758626767723,1783482501450147691
1,4242000999,10758626779819,1783482501450159787
2,4200362000,10758626860588,1783482501450240556
0,4290813999,10758627042669,1783482501450422605
2,4232390999,10758627043245,1783482501450423213
3,4220064000,10758627148493,1783482501450528461
0,4322835000,10758627186606,1783482501450566542
0,4354855999,10758627193710,1783482501450573646
1,4274033999,10758627211630,1783482501450591598
1,4306067000,10758627252494,1783482501450632462
2,4264419999,10758627290286,1783482501450670254
2,4296449000,10758627296238,1783482501450676206
3,4252106666,10758627303534,1783482501450683438
3,4284149332,10758627311567,1783482501450691535
2,4392536000,10758629487036,1783482501452866940
1,4402166000,10758639142169,1783482501462522105
3,4412320000,10758649273976,1783482501472653912
0,4418898000,10758655859362,1783482501479239298
2,4424564999,10758661516965,1783482501484896933
1,4434198999,10758671153378,1783482501494533346
3,4444362666,10758681315458,1783482501504695426
0,4450918999,10758687876107,1783482501511256075
2,4456593999,10758693540814,1783482501516920782
1,4466231999,10758703209547,1783482501526589515
3,4476405332,10758713376171,1783482501536756139
0,4482939999,10758719900244,1783482501543280212
3,4508448000,10758856241612,1783482501679621580
1,4498265000,10758856248268,1783482501679628204
0,4514961000,10758856264780,1783482501679644716
2,4488623000,10758856281324,1783482501679661292
3,4540490666,10758856349741,1783482501679729677
1,4530297999,10758856352909,1783482501679732877
0,4546981999,10758856369677,1783482501679749645
2,4520651999,10758856389389,1783482501679769357
0,4579002999,10758856434157,1783482501679814093
1,4562330999,10758856443245,1783482501679823213
2,4552680999,10758856445005,1783482501679824941
2,4584710000,10758856512238,1783482501679892206
0,4611024000,10758856522862,1783482501679902830
1,4594364000,10758856537742,1783482501679917678
3,4636618666,10758873578329,1783482501696958265
3,4668661332,10758905610818,1783482501728990754
3,4700704000,10759065100172,1783482501888480108
2,4648767999,10759065101196,1783482501888481132
1,4626396999,10759065101548,1783482501888481484
0,4643044999,10759065136588,1783482501888516556
2,4680797000,10759065202476,1783482501888582412
0,4675065999,10759065216077,1783482501888596013
3,4732746666,10759065220237,1783482501888600205
1,4658429999,10759065232493,1783482501888612461
0,4707087000,10759065305005,1783482501888684973
1,4690463000,10759065310637,1783482501888690605
2,4712825999,10759065314157,1783482501888694125
3,4764789332,10759065321549,1783482501888701485
3,4796832000,10759065381006,1783482501888760942
0,4739107999,10759065391374,1783482501888771342
1,4722495999,10759065395662,1783482501888775598
2,4744854999,10759065402574,1783482501888782510
0,4835170999,10759273995852,1783482502097375820
1,4882661000,10759273999116,1783482502097379084
2,4904999999,10759274000076,1783482502097380044
3,4828874666,10759274004012,1783482502097383980
2,4937028999,10759274022188,1783482502097402156
1,4914693999,10759274033164,1783482502097413100
2,4969058000,10759274089196,1783482502097469132
3,4860917332,10759274099148,1783482502097479084
1,4946726999,10759274103948,1783482502097483916
0,4867191999,10759274114508,1783482502097494476
2,5001086999,10759274183309,1783482502097563277
1,4978760000,10759274194733,1783482502097574669
0,4899213000,10759274205741,1783482502097585709
3,4892960000,10759274217997,1783482502097597965
3,4925002666,10759274272269,1783482502097652237
0,4931233999,10759274287246,1783482502097667182
1,5042825999,10759279792080,1783482502103172144
3,5053173332,10759290144561,1783482502113524593
0,5059317999,10759296289240,1783482502119669176
2,5065145000,10759302103228,1783482502125483196
1,5074859000,10759311815673,1783482502135195641
2,5097173999,10759334126917,1783482502157506885
2,5129202999,10759482967148,1783482502306347116
1,5106891999,10759482970988,1783482502306350956
3,5085216000,10759482972140,1783482502306352076
0,5091339000,10759483013740,1783482502306393708
0,5123359999,10759483029932,1783482502306409900
2,5161232000,10759483088173,1783482502306468141
3,5117258666,10759483093005,1783482502306472973
0,5155380999,10759483106637,1783482502306486605
1,5138924999,10759483112781,1783482502306492749
3,5149301332,10759483185005,1783482502306564941
0,5187402000,10759483199886,1783482502306579822
1,5170958000,10759483211246,1783482502306591214
2,5193260999,10759483276750,1783482502306656686
2,5225289999,10759483284814,1783482502306664750
1,5202990999,10759483296782,1783482502306676750
3,5181344000,10759483344206,1783482502306724142
0,5251443999,10759488398222,1783482502311778158
2,5257319000,10759691847468,1783482502515227436
0,5283465000,10759691853420,1783482502515233356
1,5267057000,10759691861132,1783482502515241100
3,5277472000,10759691885868,1783482502515265836
3,5309514666,10759691897324,1783482502515277260
0,5315485999,10759691970957,1783482502515350893
3,5341557332,10759691973165,1783482502515353101
2,5289347999,10759691984045,1783482502515363981
1,5299089999,10759691985677,1783482502515365645
1,5331122999,10759692142094,1783482502515522030
0,5347506999,10759692165742,1783482502515545710
3,5373600000,10759692167566,1783482502515547534
2,5321376999,10759692223086,1783482502515603022
2,5353406000,10759692234062,1783482502515614030
0,5379528000,10759692254446,1783482502515634382
1,5363156000,10759692321967,1783482502515701903
1,5459255000,10759696219783,1783482502519599751
3,5469728000,10759706679657,1783482502530059593
0,5475591000,10759712543086,1783482502535923022
2,5481521999,10759718468787,1783482502541848723
1,5491287999,10759728260433,1783482502551640401
3,5501770666,10759738753811,1783482502562133747
0,5507611999,10759744588407,1783482502567968375
2,5513550999,10759750515932,1783482502573895868
1,5523320999,10759760285818,1783482502583665786
3,5533813332,10759770781596,1783482502594161564
0,5539632999,10759776583104,1783482502599963072
2,5545580000,10759782535429,1783482502605915397
1,5555354000,10759792325443,1783482502615705379
3,5565856000,10759802821541,1783482502626201509
0,5571654000,10759808610345,1783482502631990345
2,5577608999,10759814569615,1783482502637949551
1,5587386999,10759824354412,1783482502647734380
3,5597898666,10759834850990,1783482502658230926
0,5603674999,10759840631506,1783482502664011474
2,5609637999,10759846586840,1783482502669966808
3,5629941332,10759866900311,1783482502690280247
2,5641667000,10760019857016,1783482502843236984
1,5619419999,10760019858008,1783482502843237944
0,5699737999,10760019861944,1783482502843241912
3,5661984000,10760019871416,1783482502843251352
0,5731758999,10760019961657,1783482502843341625
1,5651453000,10760019969177,1783482502843349113
2,5673695999,10760019975481,1783482502843355449
2,5705724999,10760020057305,1783482502843437241
0,5763780000,10760020066681,1783482502843446617
1,5683485999,10760020080665,1783482502843460633
2,5737754000,10760020143450,1783482502843523418
1,5715518999,10760020274267,1783482502843654203
3,5694026666,10760020460572,1783482502843840540
3,5726069332,10760020495356,1783482502843875292
3,5758112000,10760020519100,1783482502843899036
0,5795800999,10760032750185,1783482502856130153
1,5811617999,10760228726008,1783482503052105976
2,5801811999,10760228726520,1783482503052106456
3,5790154666,10760228726744,1783482503052106712
0,5827821999,10760228772312,1783482503052152280
1,5843651000,10760228845464,1783482503052225400
2,5833841000,10760228850969,1783482503052230905
0,5859843000,10760228869497,1783482503052249433
3,5822197332,10760228882745,1783482503052262681
0,5891863999,10760228937017,1783482503052316921
2,5865869999,10760228941529,1783482503052321497
3,5854240000,10760228955481,1783482503052335417
2,5897898999,10760229010426,1783482503052390362
0,5923884999,10760229018010,1783482503052398010
3,5886282666,10760229018458,1783482503052398426
1,5875683999,10760229429884,1783482503052809852
1,5907716999,10760229648542,1783482503053028510
2,5993985999,10760230965478,1783482503054345446
1,6003815999,10760240782403,1783482503064162371
0,6019947999,10760256906121,1783482503080286057
3,6046496000,10760283494192,1783482503106874160
2,6026015000,10760437676024,1783482503261055992
3,6078538666,10760437676888,1783482503261056856
0,6051969000,10760437791129,1783482503261171065
0,6083989999,10760437802457,1783482503261182393
2,6058043999,10760437836985,1783482503261216921
1,6035849000,10760437859673,1783482503261239609
2,6090072999,10760437885785,1783482503261265721
0,6116010999,10760437887225,1783482503261267161
1,6067881999,10760437902362,1783482503261282330
3,6110581332,10760437907034,1783482503261287002
1,6099914999,10760437908730,1783482503261288666
3,6142624000,10760437914042,1783482503261293978
1,6131948000,10760437920794,1783482503261300762
2,6122102000,10760438061851,1783482503261441819
0,6148032000,10760438064347,1783482503261444315
3,6174666666,10760438100379,1783482503261480347
1,6292112999,10760529116854,1783482503352496822
1,6324146000,10760646621336,1783482503470001272
2,6218189000,10760646621560,1783482503470001496
2,6314276000,10760646645145,1783482503470025113
0,6212073999,10760646664249,1783482503470044185
0,6244095000,10760646672249,1783482503470052217
2,6346304999,10760646715001,1783482503470094969
0,6276115999,10760646725433,1783482503470105401
1,6356178999,10760646738393,1783482503470118329
2,6378333999,10760646847642,1783482503470227578
0,6308136999,10760646895578,1783482503470275514
1,6388211999,10760646898298,1783482503470278266
3,6206709332,10760647060795,1783482503470440763
3,6238752000,10760647075579,1783482503470455515
3,6270794666,10760647083899,1783482503470463867
3,6302837332,10760647088059,1783482503470468027
2,6410363000,10760647314557,1783482503470694525
1,6420245000,10760657229563,1783482503480609531
3,6431008000,10760667970239,1783482503491350207
0,6436221000,10760673184991,1783482503496564927
2,6442391999,10760679359110,1783482503502739078
1,6452277999,10760689234820,1783482503512614788
3,6463050666,10760700014344,1783482503523394312
0,6468241999,10760705193768,1783482503528573736
1,6484310999,10760855759514,1783482503679139450
2,6474420999,10760855760954,1783482503679140922
3,6495093332,10760855764698,1783482503679144634
0,6500262999,10760855790842,1783482503679170778
2,6506450000,10760855883451,1783482503679263387
0,6532284000,10760855901051,1783482503679280987
3,6527136000,10760855916955,1783482503679296923
3,6559178666,10760855965755,1783482503679345723
0,6564304999,10760855979675,1783482503679359611
2,6538478999,10760855993179,1783482503679373147
2,6570507999,10760856079132,1783482503679459100
3,6591221332,10760856107004,1783482503679486972
0,6596325999,10760856224157,1783482503679604093
1,6516344000,10760856367070,1783482503679747006
1,6548376999,10760856399518,1783482503679779454
1,6580409999,10760856425982,1783482503679805918
3,6623264000,10761064623258,1783482503888003194
1,6644475999,10761064624090,1783482503888004058
2,6634565999,10761064625018,1783482503888004986
0,6628347000,10761064651962,1783482503888031930
3,6655306666,10761064734203,1783482503888114171
1,6676508999,10761064737819,1783482503888117755
2,6666594999,10761064751387,1783482503888131323
0,6660367999,10761064762299,1783482503888142235
3,6687349332,10761064826363,1783482503888206299
1,6708542000,10761064830011,1783482503888209947
2,6698624000,10761064844283,1783482503888224251
0,6692388999,10761064847899,1783482503888227835
1,6740574999,10761064980828,1783482503888360796
2,6730652999,10761064997404,1783482503888377340
3,6719392000,10761065098173,1783482503888478141
0,6724410000,10761065119805,1783482503888499741
1,6836673999,10761073633266,1783482503897013202
3,6847562666,10761084513687,1783482503907893655
0,6852493999,10761089447574,1783482503912827542
2,6858768999,10761095731645,1783482503919111613
1,6868706999,10761105669372,1783482503929049340
3,6879605332,10761116555328,1783482503939935264
0,6884514999,10761121465439,1783482503944845407
2,6890798000,10761127765030,1783482503951144998
1,6900740000,10761137698981,1783482503961078949
3,6911648000,10761148606217,1783482503971986153
0,6916536000,10761153512008,1783482503976891944
2,6922826999,10761159787440,1783482503983167376
1,6932772999,10761169732878,1783482503993112846
3,6943690666,10761180641427,1783482504004021363
0,6948556999,10761185506321,1783482504008886257
2,6954855999,10761191797913,1783482504015177881
1,6964805999,10761201790199,1783482504025170135
3,6975733332,10761212698972,1783482504036078940
0,6980577999,10761217537242,1783482504040917210
2,6986885000,10761223835234,1783482504047215170
1,6996839000,10761233820193,1783482504057200129
3,7007776000,10761244750405,1783482504068130373
0,7012599000,10761249564995,1783482504072944963
2,7018913999,10761255868779,1783482504079248715
1,7028871999,10761378313548,1783482504201693516
2,7050942999,10761378320236,1783482504201700172
3,7039818666,10761378334892,1783482504201714828
0,7108662000,10761378497197,1783482504201877165
2,7082972000,10761378518829,1783482504201898797
0,7140682999,10761378563438,1783482504201943374
2,7115000999,10761378598702,1783482504201978670
3,7071861332,10761378935664,1783482504202315632
3,7103904000,10761378953136,1783482504202333104
1,7060904999,10761378978832,1783482504202358800
1,7092938000,10761379016145,1783482504202396081
0,7172703999,10761409675121,1783482504233055089
2,7147029999,10761587179596,1783482504410559564
1,7124970999,10761587180652,1783482504410560588
0,7204725000,10761587182188,1783482504410562124
3,7135946666,10761587186124,1783482504410566092
0,7236745999,10761587291245,1783482504410671181
1,7157003999,10761587301933,1783482504410681869
2,7179059000,10761587302669,1783482504410682637
3,7167989332,10761587303853,1783482504410683789
2,7211087999,10761587368173,1783482504410748109
3,7200032000,10761587373581,1783482504410753549
0,7268766999,10761587377485,1783482504410757453
1,7189037000,10761587392013,1783482504410771981
2,7243116999,10761587450766,1783482504410830702
3,7232074666,10761587451086,1783482504410831022
0,7300788000,10761587460334,1783482504410840270
1,7221069999,10761587473230,1783482504410853198
3,7360245332,10761597211467,1783482504420591371
0,7364829999,10761601801736,1783482504425181704
2,7371233000,10761608190160,1783482504431570096
1,7381235000,10761618190351,1783482504441570319
2,7403261999,10761796114444,1783482504619494380
3,7456373332,10761796124684,1783482504619504620
1,7413267999,10761796125388,1783482504619505324
0,7396851000,10761796133389,1783482504619513357
2,7435290999,10761796209805,1783482504619589741
0,7428871999,10761796219565,1783482504619599533
3,7488416000,10761796227341,1783482504619607309
1,7445300999,10761796234701,1783482504619614637
2,7467320000,10761796297710,1783482504619677678
3,7520458666,10761796298446,1783482504619678414
0,7460892999,10761796302286,1783482504619682222
1,7477334000,10761796316654,1783482504619696622
3,7552501332,10761796375374,1783482504619755342
1,7509366999,10761796378094,1783482504619758030
2,7499348999,10761796384718,1783482504619764686
0,7492914000,10761796396910,1783482504619776878
2,7563407000,10761800362247,1783482504623742183
1,7573433000,10761810390310,1783482504633770278
3,7584544000,10761821492620,1783482504644872588
0,7588977000,10761825930984,1783482504649310952
0,7620997999,10761996637752,1783482504820017688
2,7595435999,10761996639448,1783482504820019384
1,7605465999,10761996639640,1783482504820019608
3,7616586666,10761996646040,1783482504820026008
2,7627464999,10761996785209,1783482504820165177
3,7648629332,10761996810041,1783482504820190009
0,7653018999,10761996814617,1783482504820194585
3,7680672000,10761996885754,1783482504820265690
2,7723551999,10761996928986,1783482504820308922
1,7701564999,10761996936954,1783482504820316858
3,7712714666,10761996964090,1783482504820344058
2,7755581000,10761997066747,1783482504820446715
1,7733597999,10761997072187,1783482504820452123
0,7685040000,10761997085627,1783482504820465595
0,7717060999,10761997091739,1783482504820471675
1,7765631000,10762002590365,1783482504825970301
3,7776800000,10762013755395,1783482504837135331
0,7781103000,10762018056382,1783482504841436318
2,7787609999,10762024561575,1783482504847941511
1,7797663999,10762034614311,1783482504857994279
1,7829696999,10762205650137,1783482505029030105
2,7819638999,10762205651897,1783482505029031833
0,7813123999,10762205652377,1783482505029032345
3,7808842666,10762205657657,1783482505029037625
2,7851668000,10762205775834,1783482505029155802
0,7845144999,10762205782874,1783482505029162842
3,7840885332,10762205788282,1783482505029168218
1,7861730000,10762205799194,1783482505029179098
1,7893762999,10762205866138,1783482505029246074
0,7877166000,10762205869914,1783482505029249850
3,7872928000,10762205872186,1783482505029252122
2,7883696999,10762205882266,1783482505029262202
2,7915725999,10762205945659,1783482505029325595
3,7904970666,10762205949435,1783482505029329403
0,7909186999,10762205954363,1783482505029334331
1,7925795999,10762205971963,1783482505029351931
3,7969056000,10762206187644,1783482505029567580
0,7973229000,10762210182741,1783482505033562709
2,7979783999,10762216737630,1783482505040117598
1,7989861999,10762226825822,1783482505050205790
3,8001098666,10762406190437,1783482505229570405
0,8005249999,10762406192517,1783482505229572453
1,8021894999,10762406195877,1783482505229575813
2,8011812999,10762406235909,1783482505229615845
0,8037270999,10762406334789,1783482505229714757
3,8033141332,10762406344422,1783482505229724390
3,8065184000,10762406413510,1783482505229793446
0,8069292000,10762406415590,1783482505229795526
3,8097226666,10762406484230,1783482505229864198
0,8101312999,10762406488422,1783482505229868390
1,8053928000,10762406674856,1783482505230054792
1,8085960999,10762406686440,1783482505230066408
1,8117993999,10762406691304,1783482505230071272
2,8043842000,10762406794920,1783482505230174856
2,8075870999,10762406808712,1783482505230188680
2,8107899999,10762406814600,1783482505230194568
2,8171957999,10762408925238,1783482505232305206
1,8182059999,10762419018933,1783482505242398869
3,8193354666,10762430322396,1783482505253702364
0,8197375999,10762434361078,1783482505257741110
2,8203986999,10762615111269,1783482505438491205
1,8214092999,10762615115173,1783482505438495109
3,8225397332,10762615115557,1783482505438495525
0,8229396999,10762615120101,1783482505438500069
2,8236016000,10762615211942,1783482505438591878
0,8261418000,10762615219750,1783482505438599718
3,8257440000,10762615223334,1783482505438603302
1,8246126000,10762615233894,1783482505438613830
2,8268044999,10762615302246,1783482505438682214
3,8289482666,10762615305702,1783482505438685670
0,8293438999,10762615310822,1783482505438690758
1,8278158999,10762615327878,1783482505438707846
1,8310191999,10762615431303,1783482505438811271
2,8300073999,10762615477479,1783482505438857447
3,8321525332,10762615518567,1783482505438898503
0,8325459999,10762615540840,1783482505438920808
3,8385610666,10762622565844,1783482505445945780
0,8389501999,10762626449036,1783482505449829004
2,8396160999,10762633114038,1783482505456493974
1,8406290999,10762643251478,1783482505466631414
1,8438324000,10762824022917,1783482505647402885
3,8417653332,10762824028453,1783482505647408389
0,8421522999,10762824042053,1783482505647421989
2,8428190000,10762824056773,1783482505647436741
3,8449696000,10762824135846,1783482505647515814
1,8470356999,10762824146950,1783482505647526886
2,8460218999,10762824166374,1783482505647546342
0,8517585999,10762824173446,1783482505647553414
3,8481738666,10762824231847,1783482505647611815
0,8549607000,10762824248135,1783482505647628103
1,8502389999,10762824261191,1783482505647641127
2,8492247999,10762824268775,1783482505647648743
0,8581627999,10762824431560,1783482505647811528
2,8524277000,10762824442280,1783482505647822248
3,8513781332,10762824457736,1783482505647837672
1,8534423000,10762824473416,1783482505647853352
2,8588334999,10762825283309,1783482505648663277
1,8598488999,10762835454957,1783482505658834893
3,8609909332,10762846863573,1783482505670243637
0,8613648999,10762850603660,1783482505673983628
1,8630522000,10763033071142,1783482505856451078
0,8645670000,10763033072070,1783482505856452038
2,8620364000,10763033072134,1783482505856452070
3,8641952000,10763033075974,1783482505856455942
2,8652392999,10763033165991,1783482505856545959
3,8673994666,10763033172551,1783482505856552487
1,8662554999,10763033176327,1783482505856556263
0,8677690999,10763033206887,1783482505856586855
2,8684421999,10763033251176,1783482505856631112
3,8706037332,10763033254760,1783482505856634696
1,8694587999,10763033257160,1783482505856637096
0,8709711999,10763033266504,1783482505856646440
1,8726621000,10763033335464,1783482505856715432
3,8738080000,10763033407336,1783482505856787272
0,8741733000,10763033438441,1783482505856818409
2,8716451000,10763033502761,1783482505856882729
0,8805774999,10763042726435,1783482505866106371
2,8812538000,10763049487789,1783482505872867757
1,8822720000,10763059681646,1783482505883061582
3,8866250666,10763103209375,1783482505926589311
3,8898293332,10763242002535,1783482506065382503
1,8854752999,10763242006983,1783482506065386951
2,8844566999,10763242014791,1783482506065394759
0,8837796000,10763242040583,1783482506065420551
3,8930336000,10763242121992,1783482506065501960
0,8869816999,10763242122184,1783482506065502120
2,8876595999,10763242135752,1783482506065515656
1,8886785999,10763242139496,1783482506065519432
3,8962378666,10763242208072,1783482506065588040
0,8901837999,10763242225672,1783482506065605640
1,8918819000,10763242245480,1783482506065625448
2,8908625000,10763242250696,1783482506065630632
2,8940653999,10763242295625,1783482506065675593
0,8933859000,10763242309513,1783482506065689481
1,8950851999,10763242325513,1783482506065705449
3,8994421332,10763242407465,1783482506065787401
1,9014918000,10763251890565,1783482506075270501
3,9026464000,10763263440237,1783482506086820173
0,9029922000,10763266883907,1783482506090263875
2,9036740999,10763273695854,1783482506097075822
3,9058506666,10763442547443,1783482506265927379
1,9111017000,10763442549107,1783482506265929043
2,9132827999,10763442559123,1783482506265939091
0,9061942999,10763442581363,1783482506265961331
0,9093963999,10763442696116,1783482506266076052
2,9164856999,10763442722996,1783482506266102964
3,9090549332,10763442729172,1783482506266109140
0,9125985000,10763442795092,1783482506266175028
3,9122592000,10763442799252,1783482506266179220
2,9196886000,10763442813332,1783482506266193300
0,9158005999,10763442963285,1783482506266343253
3,9154634666,10763442968341,1783482506266348309
1,9143049999,10763443094454,1783482506266474422
1,9175082999,10763443107478,1783482506266487446
1,9207116000,10763444050396,1783482506267430364
3,9218720000,10763455704933,1783482506279084901
0,9222048000,10763459011482,1783482506282391418
2,9228914999,10763465871973,1783482506289251941
1,9239148999,10763476109862,1783482506299489798
2,9260943999,10763497900526,1783482506321280686
0,9254068999,10763651513107,1783482506474893043
1,9271181999,10763651520371,1783482506474900339
2,9292973000,10763651528019,1783482506474907987
3,9250762666,10763651538772,1783482506474918708
3,9282805332,10763651636308,1783482506475016276
1,9303215000,10763651643828,1783482506475023796
2,9325001999,10763651668532,1783482506475048468
0,9286089999,10763651670452,1783482506475050388
3,9314848000,10763651735157,1783482506475115125
0,9318111000,10763651750613,1783482506475130549
1,9335247999,10763651765493,1783482506475145461
2,9357030999,10763651792597,1783482506475172533
2,9389060000,10763651818677,1783482506475198645
3,9346890666,10763651894294,1783482506475274262
0,9350131999,10763651910774,1783482506475290710
1,9367280999,10763651922774,1783482506475302742
2,9421088999,10763860402228,1783482506683782164
1,9431346999,10763860405780,1783482506683785748
3,9443018666,10763860406484,1783482506683786452
0,9446194999,10763860411124,1783482506683791092
3,9475061332,10763860437748,1783482506683817684
3,9507104000,10763860509652,1783482506683889588
0,9478215999,10763860522356,1783482506683902324
1,9463379999,10763860542773,1783482506683922741
3,9539146666,10763860606389,1783482506683986325
0,9510237000,10763860606517,1783482506683986485
1,9495413000,10763860621397,1783482506684001333
0,9542257999,10763860703670,1783482506684083606
1,9527445999,10763860727670,1783482506684107638
1,9623544999,10763860772150,1783482506684152086
2,9453117999,10763860929559,1783482506684309527
2,9485147000,10763860963191,1783482506684343127
2,9517175999,10763860969111,1783482506684349079
3,9635274666,10763872231006,1783482506695610942
0,9638320999,10763875273553,1783482506698653489
2,9645291999,10763882247549,1783482506705627485
1,9655577999,10763892531421,1783482506715911325
3,9667317332,10763904276935,1783482506727656871
0,9670341999,10763907289754,1783482506730669722
2,9677321000,10763914278118,1783482506737658054
1,9687611000,10763924563783,1783482506747943719
3,9699360000,10763936311857,1783482506759691793
0,9702363000,10763939309603,1783482506762689539
2,9709349999,10763946314671,1783482506769694639
1,9719643999,10763956604784,1783482506779984752
3,9731402666,10763968357050,1783482506791736986
0,9734383999,10763971333517,1783482506794713453
2,9741378999,10763978331800,1783482506801711736
1,9751676999,10763988632505,1783482506812012441
3,9763445332,10764000451171,1783482506823831171
0,9766404999,10764003376662,1783482506826756598
2,9773408000,10764010379362,1783482506833759298
3,9795488000,10764032461389,1783482506855841389
3,9827530666,10764185385325,1783482507008765293
1,9783710000,10764185387053,1783482507008766989
0,9798426000,10764185385165,1783482507008765133
2,9805436999,10764185396429,1783482507008776365
0,9830446999,10764185489230,1783482507008869166
2,9837465999,10764185490958,1783482507008870926
1,9815742999,10764185494734,1783482507008874670
3,9859573332,10764185505006,1783482507008884974
2,9869495000,10764185569614,1783482507008949550
3,9891616000,10764185571598,1783482507008951566
0,9926509999,10764185582286,1783482507008962222
1,9847775999,10764185599279,1783482507008979247
2,9901523999,10764185658095,1783482507009038063
1,9879809000,10764185722895,1783482507009102863
3,9923658666,10764185748751,1783482507009128687
0,9958530999,10764195492877,1783482507018872813
3,9955701332,10764394222381,1783482507217602317
1,9975908000,10764394224525,1783482507217604461
2,9965582000,10764394224749,1783482507217604717
0,9990552000,10764394228141,1783482507217608109
2,9997610999,10764394322318,1783482507217702254
3,9987744000,10764394328782,1783482507217708686
0,10022572999,10764394342926,1783482507217722862
3,10019786666,10764394410606,1783482507217790574
0,10054593999,10764394423022,1783482507217802958
2,10029639999,10764394427791,1783482507217807759
3,10051829332,10764394488207,1783482507217868175
2,10061669000,10764394490735,1783482507217870671
0,10086615000,10764394499471,1783482507217879439
1,10007940999,10764394753777,1783482507218133713
1,10039973999,10764394768721,1783482507218148689
1,10072007000,10764394774833,1783482507218154801
2,10157756000,10764394817361,1783482507218197361
1,10168106000,10764405064657,1783482507228444593
3,10180000000,10764416952540,1783482507240332476
0,10182678000,10764419627405,1783482507243007341
3,10276128000,10764603225262,1783482507426605230
2,10189784999,10764603225262,1783482507426605198
0,10214698999,10764603261774,1783482507426641710
1,10200138999,10764603264975,1783482507426644943
1,10232171999,10764603290575,1783482507426670543
0,10246719999,10764603354447,1783482507426734415
3,10308170666,10764603355951,1783482507426735919
2,10221813999,10764603388623,1783482507426768559
0,10278741000,10764603434928,1783482507426814864
3,10340213332,10764603473968,1783482507426853936
2,10253843000,10764603523408,1783482507426903344
2,10285871999,10764603532528,1783482507426912464
0,10310761999,10764603563440,1783482507426943408
1,10264205000,10764603833650,1783482507427213618
1,10296237999,10764603869010,1783482507427248946
3,10372256000,10764609215028,1783482507432594964
1,10392336999,10764629288306,1783482507452668242
1,10424369999,10764812107215,1783482507635487151
0,10374804000,10764812111599,1783482507635491567
0,10406824999,10764812129871,1783482507635509807
3,10404298666,10764812151951,1783482507635531887
2,10381958999,10764812166671,1783482507635546639
2,10413987999,10764812174927,1783482507635554895
3,10436341332,10764812188399,1783482507635568367
3,10468384000,10764812231343,1783482507635611311
0,10438845999,10764812242767,1783482507635622735
2,10446017000,10764812251855,1783482507635631791
2,10542104000,10764812366096,1783482507635746064
3,10500426666,10764812390864,1783482507635770800
0,10470867000,10764812411248,1783482507635791184
1,10520468999,10764812411856,1783482507635791824
1,10552502000,10764812427185,1783482507635807121
1,10584534999,10764821493610,1783482507644873578
3,10596554666,10764833524563,1783482507656904499
0,10598950999,10764835915993,1783482507659295961
2,10606161999,10764843114443,1783482507666494379
1,10616567999,10764853516848,1783482507676896816
3,10628597332,10764865547437,1783482507688927373
0,10630971999,10764867921939,1783482507691301875
2,10638191000,10764875145669,1783482507698525605
1,10648601000,10764885551017,1783482507708930985
3,10660640000,10764897589254,1783482507720969222
0,10662993000,10764899941325,1783482507723321293
2,10670219999,10764907172030,1783482507730551998
1,10680633999,10764917588706,1783482507740968610
3,10692682666,10764929655455,1783482507753035423
0,10695013999,10764931978342,1783482507755358310
2,10702248999,10764939208792,1783482507762588760
2,10734278000,10765092218116,1783482507915598052
3,10724725332,10765092219300,1783482507915599268
1,10712666999,10765092227107,1783482507915607043
0,10727034999,10765092231843,1783482507915611779
2,10766306999,10765092325569,1783482507915705505
3,10756768000,10765092330049,1783482507915710017
0,10759056000,10765092348320,1783482507915728256
0,10791076999,10765092415327,1783482507915795231
3,10788810666,10765092417279,1783482507915797215
2,10798335999,10765092429471,1783482507915809439
0,10823097999,10765092516316,1783482507915896284
2,10830365000,10765092527196,1783482507915907132
3,10820853332,10765092563707,1783482507915943643
1,10744700000,10765092593019,1783482507915972987
1,10776732999,10765092610010,1783482507915989946
1,10808765999,10765092646745,1783482507916026681
3,10884938666,10765301083671,1783482508124463639
1,10872831999,10765301086806,1783482508124466774
0,10887139999,10765301096787,1783482508124476723
2,10862393999,10765301117486,1783482508124497422
2,10894422999,10765301186875,1783482508124566811
3,10916981332,10765301194681,1783482508124574649
0,10919160999,10765301213300,1783482508124593236
1,10904864999,10765301227024,1783482508124606992
3,10949024000,10765301279298,1783482508124659266
0,10951182000,10765301296350,1783482508124676318
1,10936898000,10765301301820,1783482508124681788
2,10926452000,10765301307131,1783482508124687099
0,10983202999,10765301366123,1783482508124746091
1,10968930999,10765301379688,1783482508124759624
2,10958480999,10765301382599,1783482508124762535
3,10981066666,10765301473039,1783482508124852975
1,11065029999,10765301981286,1783482508125361222
3,11077194666,10765314163625,1783482508137543561
0,11079265999,10765316244796,1783482508139624732
2,11086596999,10765323546809,1783482508146926777
1,11097062999,10765334022820,1783482508157402756
3,11109237332,10765346209509,1783482508169589477
0,11111286999,10765348247011,1783482508171626979
2,11118626000,10765355582104,1783482508178962008
1,11129096000,10765366060578,1783482508189440514
3,11141280000,10765378244004,1783482508201623940
0,11143308000,10765380265447,1783482508203645415
2,11150654999,10765387603002,1783482508210982970
1,11161128999,10765398087011,1783482508221466979
3,11173322666,10765410277348,1783482508233657316
0,11175328999,10765412283594,1783482508235663562
2,11182683999,10765419632667,1783482508243012635
1,11193161999,10765430118211,1783482508253498147
3,11205365332,10765442318177,1783482508265698113
0,11207349999,10765444297487,1783482508267677455
2,11214713000,10765451689428,1783482508275069364
1,11225195000,10765462183866,1783482508285563834
3,11237408000,10765474387095,1783482508297767031
0,11239371000,10765476338157,1783482508299718125
2,11246741999,10765483710935,1783482508307090871
2,11278770999,10765628257450,1783482508451637386
3,11269450666,10765628260553,1783482508451640521
0,11335434000,10765628266216,1783482508451646184
1,11257227999,10765628274182,1783482508451654118
2,11310800000,10765628396453,1783482508451776389
0,11367454999,10765628442712,1783482508451822648
1,11289260999,10765628454645,1783482508451834613
2,11342828999,10765628496970,1783482508451876938
3,11301493332,10765628512230,1783482508451892166
1,11321294000,10765628513510,1783482508451893478
1,11353326999,10765628596527,1783482508451976463
3,11333536000,10765628600430,1783482508451980366
3,11365578666,10765628609804,1783482508451989740
2,11374857999,10765628737354,1783482508452117322
0,11399475999,10765636424447,1783482508459804415
0,11431497000,10765668451457,1783482508491831393
2,11406887000,10765837163054,1783482508660543022
0,11463517999,10765837196933,1783482508660576901
1,11417393000,10765837210338,1783482508660590306
1,11449425999,10765837274032,1783482508660653968
3,11397621332,10765837276592,1783482508660656528
0,11495538999,10765837312198,1783482508660692166
3,11429664000,10765837340671,1783482508660720639
0,11527560000,10765837362777,1783482508660742713
1,11481458999,10765837374390,1783482508660754326
3,11461706666,10765837432486,1783482508660812454
2,11438915999,10765837465693,1783482508660845629
2,11470944999,10765837482521,1783482508660862457
2,11502974000,10765837497173,1783482508660877109
3,11493749332,10765837505011,1783482508660884979
1,11513492000,10765837661129,1783482508661041097
0,11559580999,10765837675557,1783482508661055493
1,11609591000,10765846548765,1783482508669928733
0,11623623000,10765860577233,1783482508683957201
2,11631089999,10765868046785,1783482508691426785
3,11686005332,10765922966225,1783482508746346161
2,11663118999,10766046080751,1783482508869460687
0,11655643999,10766046081071,1783482508869461039
1,11641623999,10766046090828,1783482508869470796
3,11718048000,10766046115814,1783482508869495782
3,11750090666,10766046192817,1783482508869572785
1,11673656999,10766046200943,1783482508869580879
2,11695148000,10766046221833,1783482508869601801
0,11687664999,10766046233990,1783482508869613926
3,11782133332,10766046280538,1783482508869660506
0,11719686000,10766046283481,1783482508869663417
2,11727176999,10766046295254,1783482508869675222
1,11705690000,10766046312977,1783482508869692913
2,11759205999,10766046372737,1783482508869752705
0,11751706999,10766046383902,1783482508869763870
1,11737722999,10766046407768,1783482508869787768
3,11814176000,10766051132519,1783482508874512487
0,11815749000,10766052708065,1783482508876088033
2,11823263999,10766060214375,1783482508883594343
1,11833821999,10766070773116,1783482508894153052
3,11846218666,10766083171780,1783482508906551716
2,11855292999,10766255043176,1783482509078423112
3,11878261332,10766255043688,1783482509078423624
1,11929920999,10766255046567,1783482509078426535
0,11847769999,10766255062914,1783482509078442850
3,11910304000,10766255181987,1783482509078561955
0,11879790999,10766255205916,1783482509078585852
3,11942346666,10766255268875,1783482509078648811
0,11911812000,10766255279561,1783482509078659529
3,11974389332,10766255348182,1783482509078728086
0,11943832999,10766255358100,1783482509078738068
2,11951379999,10766255384972,1783482509078764940
1,11961953999,10766255391659,1783482509078771627
2,11983409000,10766255396969,1783482509078776873
1,11993987000,10766255547809,1783482509078927745
2,12015437999,10766255565596,1783482509078945532
1,12026019999,10766262997946,1783482509086377882
3,12038474666,10766275478578,1783482509098858610
0,12039895999,10766276856706,1783482509100236642
2,12047466999,10766284445910,1783482509107825877
1,12058052999,10766295022987,1783482509118402923
1,12090086000,10766464012638,1783482509287392574
0,12071916999,10766464015581,1783482509287395517
2,12079496000,10766464017021,1783482509287396957
3,12070517332,10766464017469,1783482509287397437
2,12111524999,10766464120194,1783482509287500162
0,12103938000,10766464125280,1783482509287505216
2,12143553999,10766464204043,1783482509287583979
0,12135958999,10766464206922,1783482509287586890
2,12175583000,10766464281974,1783482509287661910
0,12167979999,10766464284022,1783482509287663990
3,12102560000,10766464306768,1783482509287686736
3,12134602666,10766464319244,1783482509287699180
3,12166645332,10766464324939,1783482509287704907
1,12122118999,10766464545840,1783482509287925808
1,12154151999,10766464559116,1783482509287939084
1,12186185000,10766464585413,1783482509287965381
3,12230730666,10766467681194,1783482509291061162
0,12232021999,10766468972593,1783482509292352561
2,12239640999,10766476608856,1783482509299988792
1,12250250999,10766487220676,1783482509310600612
2,12271670000,10766664528488,1783482509487908456
3,12262773332,10766664530855,1783482509487910791
0,12264042999,10766664537702,1783482509487917638
1,12282284000,10766664542212,1783482509487922180
0,12296064000,10766664684382,1783482509488064350
3,12294816000,10766664686526,1783482509488066494
1,12314316999,10766664700378,1783482509488080314
0,12328084999,10766664778245,1783482509488158181
1,12346349999,10766664791746,1783482509488171682
3,12326858666,10766664821210,1783482509488201178
2,12303698999,10766664871213,1783482509488251181
2,12335727999,10766664888424,1783482509488268392
2,12367757000,10766664894566,1783482509488274534
0,12360105999,10766664908163,1783482509488288131
1,12378383000,10766664971730,1783482509488351666
3,12358901332,10766665053116,1783482509488433052
2,12431814999,10766668768379,1783482509492148347
1,12442448999,10766679415421,1783482509502795357
3,12455029332,10766692008152,1783482509515388120
0,12456168999,10766693125325,1783482509516505261
2,12463844000,10766865096900,1783482509688476836
3,12487072000,10766865097636,1783482509688477572
0,12488190000,10766865130683,1783482509688510651
1,12474482000,10766865140280,1783482509688520248
0,12520210999,10766865262072,1783482509688642008
2,12495872999,10766865282770,1783482509688662738
2,12527901999,10766865336324,1783482509688716260
0,12552231999,10766865348065,1783482509688728033
2,12559931000,10766865500760,1783482509688880696
0,12584253000,10766865524722,1783482509688904690
1,12506514999,10766865683911,1783482509689063847
3,12519114666,10766865689318,1783482509689069254
3,12551157332,10766865725532,1783482509689105468
3,12583200000,10766865751445,1783482509689131413
1,12538547999,10766865800456,1783482509689180424
1,12570581000,10766865811717,1783482509689191653
1,12634646999,10766871592476,1783482509694972444
3,12647285332,10766884241351,1783482509707621351
0,12648294999,10766885273140,1783482509708653108
2,12656018000,10766892970538,1783482509716350474
1,12666680000,10767065636040,1783482509889016008
0,12744357999,10767065645637,1783482509889025573
3,12679328000,10767065648292,1783482509889028260
2,12688046999,10767065650692,1783482509889030628
2,12720075999,10767065771619,1783482509889151587
0,12776379000,10767065775266,1783482509889155170
3,12711370666,10767065779233,1783482509889159169
3,12743413332,10767065860460,1783482509889240428
0,12808399999,10767065881030,1783482509889260998
2,12752105000,10767065910014,1783482509889289950
3,12775456000,10767065934904,1783482509889314840
2,12784133999,10767066057719,1783482509889437655
1,12698712999,10767066208655,1783482509889588623
1,12730745999,10767066222347,1783482509889602315
1,12762779000,10767066228009,1783482509889607945
3,12839541332,10767076498225,1783482509899878193
0,12840420999,10767077371527,1783482509900751495
2,12848192000,10767085149576,1783482509908529512
1,12858878000,10767095835201,1783482509919215169
0,12872442000,10767109391034,1783482509932770938
2,12880220999,10767274642049,1783482510098021985
3,12871584000,10767274644897,1783482510098024833
0,12904462999,10767274679991,1783482510098059927
1,12890910999,10767274695091,1783482510098075027
2,12912249999,10767274777309,1783482510098157277
0,12936483999,10767274793657,1783482510098173625
3,12903626666,10767274831439,1783482510098211407
1,12922943999,10767274831631,1783482510098211567
2,12944279000,10767274864006,1783482510098243974
3,12935669332,10767274875779,1783482510098255747
1,12954977000,10767274864262,1783482510098244230
0,12968505000,10767274892319,1783482510098272287
2,12976307999,10767274935027,1783482510098314963
3,12967712000,10767274937171,1783482510098317171
0,13000525999,10767274948496,1783482510098328464
1,12987009999,10767274956238,1783482510098336174
2,13040366000,10767483647506,1783482510307027442
3,13095882666,10767483685256,1783482510307065192
3,13127925332,10767483713952,1783482510307093856
1,13051076000,10767483716607,1783482510307096543
0,13064568000,10767483726972,1783482510307106908
3,13159968000,10767483760915,1783482510307140883
1,13083108999,10767483773232,1783482510307153200
0,13096588999,10767483777071,1783482510307157039
1,13115141999,10767483783277,1783482510307163213
2,13072394999,10767483789164,1783482510307169068
3,13192010666,10767483846109,1783482510307226045
0,13128609999,10767483857306,1783482510307237242
1,13147175000,10767483865527,1783482510307245463
2,13104423999,10767483871446,1783482510307251414
0,13160631000,10767483934597,1783482510307314565
2,13136453000,10767483954016,1783482510307333952
3,13256096000,10767493093082,1783482510316473018
0,13256694000,10767493669120,1783482510317049056
2,13264568999,10767501560647,1783482510324940615
3,13288138666,10767525134102,1783482510348514038
1,13339373000,10767576377199,1783482510399757135
0,13288714999,10767584937475,1783482510408317411
3,13320181332,10767584939842,1783482510408319778
0,13320735999,10767585055555,1783482510408435523
3,13352224000,10767589182070,1783482510412562038
2,13360655999,10767597611854,1783482510420991789
0,13352757000,10767606076859,1783482510429456827
1,13371405999,10767608363385,1783482510431743321
3,13384266666,10767621219923,1783482510444599891
2,13392684999,10767629647979,1783482510453027947
0,13384777999,10767638095069,1783482510461475005
1,13403438999,10767640388857,1783482510463768825
3,13416309332,10767653260751,1783482510476640687
2,13424714000,10767661664397,1783482510485044333
1,13435472000,10767672412474,1783482510495792410
2,13456742999,10767693721893,1783482510517101829
1,13467504999,10767704467186,1783482510527847154
1,13499537999,10767736501264,1783482510559881232
2,13488771999,10767846663586,1783482510670043554
0,13416798999,10767846671168,1783482510670051104
3,13448352000,10767846677534,1783482510670057470
1,13531571000,10767846686268,1783482510670066236
2,13520801000,10767846689403,1783482510670069339
3,13480394666,10767846756841,1783482510670136809
0,13448820000,10767846766726,1783482510670146662
1,13563603999,10767846769350,1783482510670149318
3,13512437332,10767846833717,1783482510670213653
0,13480840999,10767846839955,1783482510670219923
1,13595636999,10767846842322,1783482510670222290
2,13552829999,10767847246055,1783482510670625991
2,13584858999,10767847276734,1783482510670656702
2,13616888000,10768055414294,1783482510878794262
3,13544480000,10768055416534,1783482510878796470
0,13512861999,10768055425011,1783482510878804979
1,13627670000,10768055427827,1783482510878807795
0,13640946000,10768055449773,1783482510878829741
0,13672966999,10768055509789,1783482510878889757
2,13648916999,10768055511964,1783482510878891932
3,13640608000,10768055513404,1783482510878893372
1,13659702999,10768055531383,1783482510878911319
3,13672650666,10768055603460,1783482510878983428
0,13704987999,10768055612097,1783482510878992033
1,13691735999,10768055618240,1783482510878998208
2,13680945999,10768055715142,1783482510879095078
2,13712975000,10768055727587,1783482510879107555
1,13723769000,10768055761562,1783482510879141498
3,13704693332,10768055784339,1783482510879164307
1,13819868000,10768056818304,1783482510880198240
3,13832864000,10768069818579,1783482510893198547
0,13833072000,10768070025692,1783482510893405628
2,13841090999,10768078043329,1783482510901423265
1,13851900999,10768088849662,1783482510912229598
3,13864906666,10768101856752,1783482510925236688
0,13865092999,10768102047965,1783482510925427933
2,13873119999,10768110069153,1783482510933449121
1,13883933999,10768120884540,1783482510944264540
3,13896949332,10768133907305,1783482510957287241
0,13897113999,10768134085754,1783482510957465722
2,13905149000,10768142107518,1783482510965487486
1,13915967000,10768152920729,1783482510976300697
3,13928992000,10768165939496,1783482510989319432
0,13929135000,10768166135091,1783482510989515027
2,13937177999,10768174132958,1783482510997512894
1,13947999999,10768184946873,1783482511008326873
3,13961034666,10768197989352,1783482511021369320
0,13961155999,10768198120549,1783482511021500485
2,13969206999,10768206167366,1783482511029547302
0,13993176999,10768230152914,1783482511053532946
1,13980032999,10768359143842,1783482511182523810
2,14001236000,10768359143906,1783482511182523874
3,13993077332,10768359144834,1783482511182524770
0,14025198000,10768359151456,1783482511182531392
2,14033264999,10768359250726,1783482511182630694
1,14012066000,10768359260707,1783482511182640675
0,14057218999,10768359288924,1783482511182668892
3,14025120000,10768359307671,1783482511182687607
2,14065293999,10768359353771,1783482511182733739
1,14044098999,10768359359881,1783482511182739817
3,14057162666,10768359376421,1783482511182756389
0,14153281999,10768390259684,1783482511213639620
1,14076131999,10768567934511,1783482511391314447
3,14089205332,10768567940462,1783482511391320429
0,14185302999,10768567941133,1783482511391321069
2,14097323000,10768567944524,1783482511391324492
3,14153290666,10768568064109,1783482511391444045
0,14217324000,10768568072106,1783482511391452042
1,14140197999,10768568077897,1783482511391457865
2,14129351999,10768568080520,1783482511391460456
2,14161380999,10768568146551,1783482511391526519
3,14185333332,10768568156436,1783482511391536340
1,14172230999,10768568176623,1783482511391556559
0,14249344999,10768568185228,1783482511391565164
2,14193410000,10768568231104,1783482511391611040
3,14217376000,10768568233759,1783482511391613727
0,14281365999,10768568248539,1783482511391628475
1,14204264000,10768568406737,1783482511391786705
1,14332395999,10768569348694,1783482511392728630
0,14345407999,10768582364556,1783482511405744524
3,14345546666,10768582497577,1783482511405877545
2,14353554999,10768590508307,1783482511413888275
0,14377428999,10768776934628,1783482511600314564
1,14364428999,10768776935076,1783482511600315044
3,14377589332,10768776957566,1783482511600337502
1,14396462000,10768776963164,1783482511600343100
3,14409632000,10768776975865,1783482511600355801
2,14385584000,10768776988182,1783482511600368118
2,14417612999,10768776998291,1783482511600378259
2,14449641999,10768777062178,1783482511600442114
3,14505760000,10768777065153,1783482511600445121
0,14409450000,10768777073759,1783482511600453727
1,14428494999,10768777087099,1783482511600467067
2,14481671000,10768777154377,1783482511600534345
3,14537802666,10768777169669,1783482511600549637
0,14441470999,10768777250992,1783482511600630960
0,14473491999,10768777259245,1783482511600639181
1,14460527999,10768777269931,1783482511600649899
2,14545728999,10768782682281,1783482511606062217
1,14556626999,10768793585010,1783482511616964946
3,14569845332,10768806806417,1783482511630186385
0,14569554999,10768985813017,1783482511809192985
1,14588660000,10768985817752,1783482511809197720
2,14577758000,10768985828917,1783482511809208885
3,14601888000,10768985852783,1783482511809232719
0,14601576000,10768985863244,1783482511809243180
2,14609786999,10768985911967,1783482511809291935
3,14633930666,10768985914462,1783482511809294430
0,14633596999,10768985919709,1783482511809299645
1,14620692999,10768985935417,1783482511809315385
0,14665617999,10768986018882,1783482511809398850
1,14652725999,10768986036606,1783482511809416542
2,14641815999,10768986067030,1783482511809446997
3,14665973332,10768986074803,1783482511809454739
1,14748824999,10768986106923,1783482511809486859
2,14673845000,10768986117576,1783482511809497512
3,14698016000,10768986130181,1783482511809510149
0,14761680999,10768998655517,1783482511822035453
3,14762101332,10768999048276,1783482511822428212
2,14769932000,10769006920612,1783482511830300548
1,14780858000,10769017834377,1783482511841214313
0,14793702000,10769030692841,1783482511854072777
3,14794144000,10769031102172,1783482511854482140
2,14801960999,10769038991175,1783482511862371207
1,14812890999,10769049854778,1783482511873234714
0,14825722999,10769062716825,1783482511886096761
3,14826186666,10769063142919,1783482511886522887
2,14833989999,10769071017270,1783482511894397238
1,14844923999,10769081940025,1783482511905319993
0,14857743999,10769094767777,1783482511918147745
3,14858229332,10769095196815,1783482511918576751
2,14866019000,10769103023595,1783482511926403563
1,14876957000,10769113970471,1783482511937350439
0,14889765000,10769126786354,1783482511950166290
3,14890272000,10769127248151,1783482511950628087
2,14898047999,10769135053433,1783482511958433401
1,14908989999,10769146003317,1783482511969383253
0,14921785999,10769158768333,1783482511982148269
0,14953806999,10769311940274,1783482512135320242
2,14930076999,10769311954127,1783482512135334095
1,14941022999,10769311955470,1783482512135335406
3,14922314666,10769311962732,1783482512135342668
2,14962106000,10769312074990,1783482512135454958
2,14994134999,10769312150170,1783482512135530138
2,15026163999,10769312240578,1783482512135620546
1,14973056000,10769312427025,1783482512135806993
3,14954357332,10769312440813,1783482512135820781
3,14986400000,10769312454793,1783482512135834729
3,15018442666,10769312465159,1783482512135845127
0,14985828000,10769312581832,1783482512135961800
0,15017848999,10769312592357,1783482512135972293
0,15049869999,10769312598115,1783482512135978083
1,15005088999,10769312896052,1783482512136275988
1,15037121999,10769312909233,1783482512136289201
1,15101187999,10769520886360,1783482512344266328
3,15082528000,10769520892791,1783482512344272759
2,15090221999,10769520894390,1783482512344274358
0,15081891000,10769520896374,1783482512344276310
3,15114570666,10769521030130,1783482512344410098
1,15133220999,10769521046286,1783482512344426254
1,15165254000,10769521089954,1783482512344469922
3,15146613332,10769521100000,1783482512344479936
3,15178656000,10769521170669,1783482512344550637
1,15197286999,10769521178571,1783482512344558475
0,15113911999,10769521459200,1783482512344839168
0,15145932999,10769521478619,1783482512344858555
0,15177954000,10769521508403,1783482512344888339
2,15122250999,10769521624148,1783482512345004084
2,15154280000,10769521660395,1783482512345040363
2,15186308999,10769521666505,1783482512345046441
1,15293385999,10769530489312,1783482512353869280
0,15306037999,10769543036120,1783482512366416056
3,15306826666,10769543875033,1783482512367254969
2,15314424999,10769551402856,1783482512374782792
1,15325418999,10769562400764,1783482512385780732
0,15338058999,10769575039420,1783482512398419484
3,15338869332,10769575844646,1783482512399224614
2,15346454000,10769583421576,1783482512406801512
1,15357452000,10769594413950,1783482512417793886
0,15370080000,10769607063547,1783482512430443483
3,15370912000,10769607885665,1783482512431265633
2,15378482999,10769615472000,1783482512438851936
1,15389484999,10769626441116,1783482512449821084
0,15402100999,10769639085403,1783482512462465339
3,15402954666,10769639924859,1783482512463304827
2,15410511999,10769647569995,1783482512470949963
1,15421517999,10769658493427,1783482512481873363
0,15434121999,10769671112632,1783482512494492600
3,15434997332,10769671961879,1783482512495341879
2,15442541000,10769679511904,1783482512502891872
1,15453551000,10769690514419,1783482512513894355
0,15466143000,10769703137815,1783482512526517719
3,15467040000,10769703985942,1783482512527365877
2,15474569999,10769711538238,1783482512534918174
0,15562206000,10769835175834,1783482512658555770
1,15485583999,10769835175994,1783482512658555962
2,15506598999,10769835177498,1783482512658557466
3,15499082666,10769835179225,1783482512658559161
3,15531125332,10769835387202,1783482512658767170
0,15594226999,10769835409564,1783482512658789532
3,15563168000,10769835441012,1783482512658820948
2,15538628000,10769835469420,1783482512658849388
2,15570656999,10769835477738,1783482512658857706
1,15517616999,10769835753505,1783482512659133473
1,15549650000,10769835767069,1783482512659147005
0,15626247999,10769863221403,1783482512686601339
0,15658269000,10770044077420,1783482512867457388
1,15581682999,10770044077516,1783482512867457452
3,15595210666,10770044078444,1783482512867458412
2,15602685999,10770044094568,1783482512867474536
1,15613715999,10770044207977,1783482512867587913
1,15645749000,10770044287412,1783482512867667380
1,15677781999,10770044357026,1783482512867736962
2,15634715000,10770044473571,1783482512867853539
2,15666743999,10770044490846,1783482512867870782
0,15690289999,10770044544464,1783482512867924432
0,15722310999,10770044556557,1783482512867936525
0,15754332000,10770044561739,1783482512867941675
2,15698772999,10770044658226,1783482512868038194
3,15627253332,10770044730207,1783482512868110143
3,15659296000,10770044778034,1783482512868157970
3,15691338666,10770044786192,1783482512868166128
0,15818373999,10770055368627,1783482512878748563
3,15819509332,10770056471565,1783482512879851533
2,15826889000,10770063863136,1783482512887243072
1,15837947000,10770078188192,1783482512901568128
1,15869979999,10770253060139,1783482513076440043
2,15858917999,10770253066697,1783482513076446665
3,15915637332,10770253100704,1783482513076480672
3,15947680000,10770253211939,1783482513076591875
2,15890946999,10770253234429,1783482513076614397
2,15922976000,10770253298156,1783482513076678124
3,15979722666,10770253314344,1783482513076694312
2,15955004999,10770253366522,1783482513076746490
3,16011765332,10770253376919,1783482513076756887
1,15902012999,10770253474045,1783482513076854013
1,15934046000,10770253492312,1783482513076872280
1,15966078999,10770253497527,1783482513076877495
0,15850395000,10770253677319,1783482513077057287
0,15882415999,10770253689476,1783482513077069444
0,15914436999,10770253694275,1783482513077074243
0,15946458000,10770253699138,1783482513077079074
2,16019063000,10770256077994,1783482513079457962
1,16030145000,10770267201155,1783482513090581091
0,16042521000,10770279529883,1783482513102909819
3,16043808000,10770280795083,1783482513104175051
1,16062177999,10770453596396,1783482513276976364
2,16051091999,10770453600459,1783482513276980427
3,16075850666,10770453602634,1783482513276982570
0,16074541999,10770453613063,1783482513276993031
1,16158276999,10770453759968,1783482513277139936
1,16190309999,10770453836780,1783482513277216748
2,16083120999,10770453914967,1783482513277294903
2,16179207999,10770453927380,1783482513277307348
2,16211237000,10770453934066,1783482513277314034
3,16107893332,10770453958156,1783482513277338124
3,16139936000,10770453969961,1783482513277349929
3,16171978666,10770453975367,1783482513277355335
0,16106562999,10770454194733,1783482513277574701
0,16138584000,10770454266746,1783482513277646714
0,16170604999,10770454333192,1783482513277713128
1,16222343000,10770459313790,1783482513282693886
0,16234647000,10770471622492,1783482513295002428
3,16236064000,10770473017642,1783482513296397578
2,16243265999,10770480226609,1783482513303606545
1,16254375999,10770491369988,1783482513314749956
1,16286408999,10770662702634,1783482513486082570
2,16275294999,10770662708776,1783482513486088712
3,16268106666,10770662713607,1783482513486093575
0,16266667999,10770662721221,1783482513486101157
2,16307324000,10770662804239,1783482513486184207
3,16300149332,10770662805519,1783482513486185455
0,16298688999,10770662819627,1783482513486199563
1,16318442000,10770662838534,1783482513486218470
3,16332192000,10770662887481,1783482513486267449
2,16339352999,10770662888793,1783482513486268761
0,16330710000,10770662898902,1783482513486278838
1,16350474999,10770662909235,1783482513486289203
3,16364234666,10770662963909,1783482513486343877
2,16371381999,10770662965028,1783482513486344996
1,16382507999,10770662968963,1783482513486348899
0,16362730999,10770662974274,1783482513486354242
0,16426773000,10770663724827,1783482513487104795
3,16428320000,10770665268673,1783482513488648609
2,16435439999,10770672388096,1783482513495768064
1,16446573999,10770683533234,1783482513506913234
2,16467468999,10770863271138,1783482513686651074
0,16458793999,10770863275329,1783482513686655265
1,16478606999,10770863282879,1783482513686662815
3,16460362666,10770863306777,1783482513686686713
0,16490814999,10770863457617,1783482513686837585
2,16499498000,10770863473580,1783482513686853548
2,16531526999,10770863539803,1783482513686919771
0,16522836000,10770863550040,1783482513686930008
2,16563555999,10770863610088,1783482513686990056
0,16554856999,10770863620709,1783482513687000645
3,16492405332,10770863697073,1783482513687077009
3,16524448000,10770863708270,1783482513687088206
3,16556490666,10770863715276,1783482513687095244
1,16510640000,10770863958668,1783482513687338636
1,16542672999,10770863976647,1783482513687356615
1,16574705999,10770863982309,1783482513687362245
2,16627613999,10770864581318,1783482513687961254
1,16638771999,10770875782250,1783482513699162186
0,16650919999,10770887919477,1783482513711299445
3,16652618666,10770889586779,1783482513712966715
0,16682940999,10771072359813,1783482513895739781
1,16670804999,10771072370178,1783482513895750114
3,16684661332,10771072374017,1783482513895753953
2,16659642999,10771072419989,1783482513895799925
3,16716704000,10771072495585,1783482513895875553
3,16748746666,10771072575596,1783482513895955564
3,16780789332,10771072723685,1783482513896103653
0,16714962000,10771073026356,1783482513896406356
1,16702838000,10771073064970,1783482513896444938
2,16691672000,10771073069289,1783482513896449257
2,16723700999,10771073080998,1783482513896460934
1,16734870999,10771073089092,1783482513896469028
2,16755729999,10771073089252,1783482513896469188
1,16766903999,10771073099137,1783482513896479105
0,16746982999,10771073107743,1783482513896487679
0,16779003999,10771073112861,1783482513896492829
0,16843045999,10771080097888,1783482513903477824
3,16844874666,10771081859244,1783482513905239180
2,16851816999,10771088791069,1783482513912171037
1,16863002999,10771099997023,1783482513923376991
2,16883846000,10771281300831,1783482514104680767
1,16895036000,10771281312316,1783482514104692252
0,16875066999,10771281337429,1783482514104717397
2,16915874999,10771281404708,1783482514104784676
0,16971129999,10771281416065,1783482514104796001
2,16947903999,10771281483119,1783482514104863087
0,17003151000,10771281492076,1783482514104872044
2,16979933000,10771281552380,1783482514104932444
0,17035171999,10771281560922,1783482514104940858
3,16876917332,10771281687065,1783482514105067001
3,16908960000,10771281700693,1783482514105080661
3,16941002666,10771281719376,1783482514105099312
3,16973045332,10771281733484,1783482514105113420
1,16927068999,10771281886724,1783482514105266660
1,16959101999,10771281901408,1783482514105281376
1,16991135000,10771281928633,1783482514105308569
1,17055200999,10771292224465,1783482514115604433
0,17067192999,10771304170965,1783482514127550933
3,17069173332,10771306136300,1783482514129516268
2,17076020000,10771312988021,1783482514136368021
1,17087234000,10771490235661,1783482514313615597
2,17108048999,10771490237037,1783482514313616973
3,17101216000,10771490238445,1783482514313618381
0,17099214000,10771490272068,1783482514313652036
0,17131234999,10771490361708,1783482514313741676
3,17133258666,10771490372073,1783482514313752009
0,17163255999,10771490434585,1783482514313814553
3,17165301332,10771490443798,1783482514313823766
3,17197344000,10771490505030,1783482514313884998
0,17195277000,10771490513828,1783482514313893796
2,17140077999,10771490703921,1783482514314083857
2,17172107000,10771490716686,1783482514314096622
2,17204135999,10771490722413,1783482514314102349
1,17119266999,10771490880995,1783482514314260963
1,17151299999,10771490894111,1783482514314274079
1,17183333000,10771490899870,1783482514314279838
0,17259318999,10771496302150,1783482514319682086
2,17268194000,10771505200817,1783482514328580753
1,17279432000,10771516417238,1783482514339797206
3,17325514666,10771562499623,1783482514385879559
2,17300222999,10771690733143,1783482514514113079
0,17291340000,10771690733687,1783482514514113655
1,17311464999,10771690733175,1783482514514113143
3,17357557332,10771690769229,1783482514514149197
0,17323360999,10771690899243,1783482514514279211
2,17332251999,10771690910568,1783482514514290536
2,17364281000,10771690975767,1783482514514355735
0,17355381999,10771690985876,1783482514514365844
1,17343497999,10771691029512,1783482514514409448
2,17396309999,10771691053634,1783482514514433602
1,17375531000,10771691066814,1783482514514446782
1,17407563999,10771691071901,1783482514514451837
0,17387403000,10771691160134,1783482514514540070
3,17389600000,10771691327961,1783482514514707961
3,17421642666,10771691339926,1783482514514719862
3,17453685332,10771691346069,1783482514514726036
2,17460368000,10771697306762,1783482514520686698
1,17471630000,10771708613878,1783482514531993814
0,17483466000,10771720438074,1783482514543818042
3,17485728000,10771722688582,1783482514546068550
2,17492396999,10771891276628,1783482514714656596
1,17567729000,10771891277172,1783482514714657108
3,17517770666,10771891278548,1783482514714658452
0,17515486999,10771891322056,1783482514714702024
0,17547507999,10771891586850,1783482514714966786
0,17579529000,10771891599583,1783482514714979487
0,17611549999,10771891606301,1783482514714986269
3,17549813332,10771891618426,1783482514714998362
3,17581856000,10771891646706,1783482514715026610
3,17613898666,10771891651505,1783482514715031441
1,17599761999,10771891841982,1783482514715221950
1,17631794999,10771891854619,1783482514715234555
2,17588483999,10771891869975,1783482514715249911
2,17620512999,10771891883827,1783482514715263763
2,17652542000,10771891889554,1783482514715269490
1,17663828000,10771900797946,1783482514724177914
0,17675592000,10771912559406,1783482514735939374
3,17677984000,10771914946390,1783482514738326326
2,17684570999,10771921530406,1783482514744910342
1,17695860999,10771932822007,1783482514756201943
2,17716599999,10772100266228,1783482514923646164
0,17707612999,10772100267348,1783482514923647316
1,17727893999,10772100266260,1783482514923646228
3,17710026666,10772100281936,1783482514923661904
3,17742069332,10772100403536,1783482514923783472
3,17774112000,10772100487065,1783482514923867033
2,17748629000,10772100490649,1783482514923870585
2,17780657999,10772100502773,1783482514923882709
0,17739633999,10772100525327,1783482514923905263
0,17771655000,10772100531374,1783482514923911342
0,17803675999,10772100573986,1783482514923953954
2,17812686999,10772100582944,1783482514923962880
3,17806154666,10772100586847,1783482514923966815
1,17759927000,10772100650574,1783482514924030510
1,17791959999,10772100662251,1783482514924042187
1,17823992999,10772100667082,1783482514924047018
0,17867718000,10772104789606,1783482514928169542
3,17870240000,10772107318216,1783482514930698120
2,17876744999,10772113719304,1783482514937099240
1,17888058999,10772125066507,1783482514948446443
1,17920091999,10772300991194,1783482515124371130
3,17902282666,10772300996217,1783482515124376153
0,17899738999,10772301028848,1783482515124408816
2,17908773999,10772301039373,1783482515124419341
0,17931759999,10772301148241,1783482515124528177
2,17940803000,10772301162669,1783482515124542637
2,17972831999,10772301220062,1783482515124600030
0,17963781000,10772301229691,1783482515124609659
2,18004860999,10772301301096,1783482515124681064
0,17995801999,10772301311397,1783482515124691333
3,17934325332,10772301434629,1783482515124814597
3,17966368000,10772301449537,1783482515124829473
3,17998410666,10772301455839,1783482515124835775
1,17952125000,10772301575616,1783482515124955584
1,17984157999,10772301598042,1783482515124977978
1,18016190999,10772301603480,1783482515124983416
2,18068918999,10772305901544,1783482515129281480
1,18080256999,10772317227925,1783482515140607861
0,18091864999,10772328853459,1783482515152233427
3,18094538666,10772331539596,1783482515154919564
1,18112289999,10772501557264,1783482515324937200
0,18123885999,10772501559087,1783482515324939023
2,18100947999,10772501563854,1783482515324943822
3,18126581332,10772501566733,1783482515324946701
0,18155907000,10772501704393,1783482515325084297
2,18132977000,10772501706600,1783482515325086536
1,18144323000,10772501709511,1783482515325089479
3,18158624000,10772501720197,1783482515325100165
3,18190666666,10772501792338,1783482515325172306
0,18187927999,10772501792402,1783482515325172369
2,18165005999,10772501804462,1783482515325184398
0,18219948999,10772501862271,1783482515325242239
3,18222709332,10772501864382,1783482515325244350
2,18197034999,10772501873308,1783482515325253276
1,18176355999,10772502311208,1783482515325691176
1,18208388999,10772502373752,1783482515325753720
1,18272454999,10772509449289,1783482515332829257
0,18283990999,10772520981791,1783482515344361727
3,18286794666,10772523766047,1783482515347146015
2,18293121999,10772530123310,1783482515353503278
1,18304487999,10772702120166,1783482515525500134
2,18325151000,10772702128964,1783482515525508932
0,18380053999,10772702137825,1783482515525517761
3,18318837332,10772702141856,1783482515525521792
1,18336521000,10772702302582,1783482515525682582
0,18412074999,10772702355528,1783482515525735496
0,18444096000,10772702393118,1783482515525773086
1,18368553999,10772702396573,1783482515525776509
1,18400586999,10772702467498,1783482515525847466
3,18350880000,10772702605638,1783482515525985606
3,18382922666,10772702618882,1783482515525998818
3,18414965332,10772702624257,1783482515526004225
2,18357179999,10772702695790,1783482515526075758
2,18389208999,10772702708491,1783482515526088427
2,18421238000,10772702714537,1783482515526094473
0,18476116999,10772713107789,1783482515536487757
3,18479050666,10772716037286,1783482515539417222
2,18485295999,10772722270390,1783482515545650326
1,18496685999,10772733658803,1783482515557038899
0,18508137999,10772745128378,1783482515568508314
3,18511093332,10772911268862,1783482515734648830
2,18517325000,10772911268926,1783482515734648894
1,18528719000,10772911268798,1783482515734648734
0,18540159000,10772911307156,1783482515734687092
1,18560751999,10772911407834,1783482515734787770
1,18592784999,10772911484037,1783482515734863973
1,18624818000,10772911558994,1783482515734938962
2,18549353999,10772911933583,1783482515735313551
0,18572179999,10772911938221,1783482515735318157
2,18581382999,10772911949738,1783482515735329674
0,18604200999,10772911951050,1783482515735330986
2,18613412000,10772911957288,1783482515735337224
0,18636222000,10772911960551,1783482515735340455
3,18543136000,10772911975843,1783482515735355811
3,18575178666,10772912014617,1783482515735394553
3,18607221332,10772912033556,1783482515735413524
3,18735392000,10773120089933,1783482515943469901
2,18677469999,10773120086702,1783482515943466670
1,18688883999,10773120103210,1783482515943483146
3,18767434666,10773120114791,1783482515943494727
0,18700263999,10773120123076,1783482515943503044
1,18720917000,10773120139648,1783482515943519616
0,18732285000,10773120185300,1783482515943565268
3,18799477332,10773120186644,1783482515943566580
1,18752949999,10773120192146,1783482515943572114
2,18709499000,10773120200848,1783482515943580784
3,18831520000,10773120348873,1783482515943728809
1,18784982999,10773120483525,1783482515943863461
2,18741527999,10773120494178,1783482515943874146
2,18773556999,10773120505055,1783482515943884991
0,18764305999,10773120568719,1783482515943948655
0,18796326999,10773120581067,1783482515943961035
0,18892389999,10773129373750,1783482515952753686
3,18895605332,10773132565258,1783482515955945258
2,18901673000,10773138627495,1783482515962007463
3,18927648000,10773164605746,1783482515987985714
1,18977180999,10773214159603,1783482516037539571
3,18959690666,10773222683433,1783482516046063369
0,18924411000,10773222684041,1783482516046064009
0,18956431999,10773222787342,1783482516046167310
3,18991733332,10773228727246,1783482516052107182
2,18997760000,10773234741242,1783482516058121178
0,18988452999,10773243243734,1783482516066623670
1,19009214000,10773246183694,1783482516069563662
3,19023776000,10773260740076,1783482516084120012
2,19029788999,10773266760023,1783482516090139959
0,19020474000,10773275266418,1783482516098646386
1,19041246999,10773278209257,1783482516101589289
3,19055818666,10773292824471,1783482516116204471
2,19061817999,10773298809035,1783482516122189003
1,19073279999,10773310259421,1783482516133639357
2,19093847000,10773330830599,1783482516154210567
1,19105313000,10773342277754,1783482516165657690
1,19137345999,10773374333101,1783482516197713037
2,19125875999,10773483833190,1783482516307213126
0,19052494999,10773483834181,1783482516307214117
1,19169378999,10773483845059,1783482516307224995
3,19087861332,10773483846306,1783482516307226242
2,19157904999,10773483856096,1783482516307236032
2,19189934000,10773483935467,1783482516307315435
3,19119904000,10773483937994,1783482516307317962
0,19084515999,10773483952038,1783482516307332006
1,19201412000,10773483953606,1783482516307333574
2,19221962999,10773484028082,1783482516307408018
3,19151946666,10773484034193,1783482516307414161
0,19116537000,10773484042254,1783482516307422222
1,19233444999,10773484057866,1783482516307437802
3,19183989332,10773692675761,1783482516516055697
1,19265477999,10773692678224,1783482516516058160
2,19253991999,10773692691501,1783482516516071437
0,19148557999,10773692728003,1783482516516107971
0,19276641999,10773692772279,1783482516516152215
0,19308663000,10773692779925,1783482516516159861
0,19340683999,10773692789299,1783482516516169235
1,19297511000,10773692800624,1783482516516180560
2,19286021000,10773692804623,1783482516516184591
3,19248074666,10773692811437,1783482516516191405
2,19318049999,10773692877276,1783482516516257244
3,19280117332,10773692879515,1783482516516259483
1,19329543999,10773692900150,1783482516516280086
2,19350078999,10773692976066,1783482516516356034
1,19361576999,10773693088260,1783482516516468196
3,19312160000,10773693118172,1783482516516498140
1,19457675999,10773694635979,1783482516518015947
0,19468767999,10773705749302,1783482516529129270
3,19472373332,10773709327014,1783482516532706950
2,19478195000,10773715167424,1783482516538547392
1,19489709000,10773726671588,1783482516550051620
0,19500789000,10773739113903,1783482516562493839
3,19504416000,10773741415760,1783482516564795696
2,19510223999,10773747230065,1783482516570610001
1,19521741999,10773758756047,1783482516582136015
0,19532809999,10773769830500,1783482516593210436
3,19536458666,10773773449192,1783482516596829128
2,19542252999,10773779682139,1783482516603062107
1,19553774999,10773790792199,1783482516614172167
0,19564830999,10773801902898,1783482516625282834
3,19568501332,10773805542673,1783482516628922641
2,19574282000,10773811282822,1783482516634662758
0,19596852000,10773833881721,1783482516657261689
0,19628872999,10773865978369,1783482516689358305
2,19606310999,10773987276144,1783482516810656080
3,19600544000,10773987277808,1783482516810657776
3,19632586666,10773987305224,1783482516810685160
0,19660893999,10773987328994,1783482516810708930
2,19638339999,10773987380564,1783482516810760532
3,19664629332,10773987386611,1783482516810766547
0,19692915000,10773987403502,1783482516810783470
3,19696672000,10773987471516,1783482516810851484
2,19670369000,10773987496726,1783482516810876694
1,19585808000,10773987891790,1783482516811271726
1,19617840999,10773987911016,1783482516811290984
1,19649873999,10773987939777,1783482516811319713
0,19788978000,10774026094666,1783482516849474602
2,19702397999,10774196160952,1783482517019540888
0,19820998999,10774196171893,1783482517019551829
1,19681907000,10774196172597,1783482517019552501
1,19778006000,10774196202029,1783482517019581997
3,19760757332,10774196218185,1783482517019598121
3,19792800000,10774196290198,1783482517019670134
2,19766456000,10774196290422,1783482517019670390
0,19853019999,10774196303474,1783482517019683410
2,19798484999,10774196379550,1783482517019759518
3,19824842666,10774196381853,1783482517019761821
0,19885041000,10774196394362,1783482517019774298
2,19830513999,10774196462984,1783482517019842920
3,19856885332,10774196783060,1783482517020162996
0,19917061999,10774196834342,1783482517020214278
1,19810038999,10774196950920,1783482517020330888
1,19842071999,10774196964708,1783482517020344708
1,19970204000,10774207289092,1783482517030669028
0,19981104000,10774218120542,1783482517041500510
3,19985056000,10774222107747,1783482517045487683
2,19990658999,10774227715070,1783482517051095006
1,20002236999,10774239239969,1783482517062619905
2,20022687999,10774405264672,1783482517228644640
3,20017098666,10774405276125,1783482517228656093
1,20034269999,10774405277565,1783482517228657501
2,20054717000,10774405288538,1783482517228668474
3,20049141332,10774405300151,1783482517228680119
1,20066303000,10774405305845,1783482517228685781
0,20013124999,10774405324752,1783482517228704720
3,20145269332,10774405373635,1783482517228753571
1,20098335999,10774405377794,1783482517228757730
2,20086745999,10774405382305,1783482517228762241
0,20045145999,10774405387552,1783482517228767520
2,20118774999,10774405451823,1783482517228831791
1,20130368999,10774405462764,1783482517228842732
0,20077167000,10774405472521,1783482517228852489
3,20177312000,10774414283160,1783482517237663096
1,20194434999,10774614187576,1783482517437567544
0,20109187999,10774614230189,1783482517437610157
0,20173230000,10774614240234,1783482517437620138
3,20209354666,10774614257414,1783482517437637350
1,20226467999,10774614289341,1783482517437669309
3,20241397332,10774614301466,1783482517437681434
3,20273440000,10774614306553,1783482517437686489
2,20182832999,10774614321365,1783482517437701333
2,20214861999,10774614331762,1783482517437711730
2,20246891000,10774614336465,1783482517437716433
0,20205250999,10774614345007,1783482517437724943
0,20237271999,10774614389091,1783482517437769059
3,20305482666,10774614399040,1783482517437778976
1,20258501000,10774614409182,1783482517437789118
2,20278919999,10774614420187,1783482517437800155
1,20290533999,10774614603370,1783482517437983306
1,20386632999,10774623612101,1783482517446992069
0,20397376999,10774634356278,1783482517457736214
3,20401610666,10774638573471,1783482517461953439
2,20407035999,10774644045533,1783482517467425597
1,20418665999,10774655629745,1783482517479009681
0,20429397999,10774666467849,1783482517489847785
3,20433653332,10774670645116,1783482517494025052
2,20439065000,10774676067816,1783482517499447751
1,20450699000,10774687694768,1783482517511074704
0,20461419000,10774698428388,1783482517521808356
3,20465696000,10774702670662,1783482517526050630
2,20471093999,10774708095409,1783482517531475473
1,20482731999,10774719698687,1783482517543078655
0,20493439999,10774730451182,1783482517553831118
3,20497738666,10774734731718,1783482517558111654
2,20503122999,10774740087651,1783482517563467587
1,20514764999,10774751756513,1783482517575136417
0,20525460999,10774762464251,1783482517585844219
3,20529781332,10774766813537,1783482517590193633
2,20535152000,10774772150851,1783482517595530819
0,20557482000,10774794498819,1783482517617878755
3,20561824000,10774798921717,1783482517622301653
2,20567180999,10774804196520,1783482517627576456
2,20599209999,10774957443661,1783482517780823629
1,20546798000,10774957480036,1783482517780860004
0,20589502999,10774957552337,1783482517780932305
2,20631239000,10774957567661,1783482517780947597
0,20621523999,10774957575658,1783482517780955626
1,20578830999,10774957580393,1783482517780960329
3,20593866666,10774957606914,1783482517780986882
3,20625909332,10774957614880,1783482517780994848
3,20657952000,10774957660500,1783482517781040468
0,20653545000,10774957676304,1783482517781056208
1,20610863999,10774957681071,1783482517781060975
2,20663267999,10774957735424,1783482517781115424
2,20695296999,10774957743166,1783482517781123134
1,20642897000,10774957751580,1783482517781131516
3,20689994666,10774958246522,1783482517781626490
0,20685565999,10774958299244,1783482517781679180
3,20722037332,10775166870209,1783482517990250145
0,20749608000,10775166916276,1783482517990296244
1,20738996000,10775166938031,1783482517990317967
2,20727326000,10775166955338,1783482517990335274
2,20759354999,10775167699718,1783482517991079654
1,20771028999,10775167724831,1783482517991104799
0,20781628999,10775167744538,1783482517991124506
3,20754080000,10775167762293,1783482517991142261
1,20803061999,10775167914989,1783482517991294925
0,20813649999,10775167937319,1783482517991317255
2,20791383999,10775167949796,1783482517991329732
3,20786122666,10775167960385,1783482517991340353
1,20835095000,10775168345308,1783482517991725276
1,20931194000,10775168362167,1783482517991742135
2,20823413000,10775168377331,1783482517991757299
3,20818165332,10775168400653,1783482517991780589
0,20845671000,10775168416873,1783482517991796841
0,20941734000,10775178721326,1783482518002101262
3,20946336000,10775183449522,1783482518006829458
2,20951528999,10775188512510,1783482518011892446
1,20963226999,10775200244464,1783482518023624432
0,20973754999,10775210742055,1783482518034121991
3,20978378666,10775215342253,1783482518038722157
2,20983557999,10775220624288,1783482518044004256
1,20995259999,10775232255821,1783482518055635757
0,21005775999,10775242787163,1783482518066167099
3,21010421332,10775247385250,1783482518070765218
2,21015587000,10775252574189,1783482518075954157
1,21027293000,10775264298945,1783482518087678913
0,21037797000,10775274891327,1783482518098271263
3,21042464000,10775279459981,1783482518102839949
2,21047615999,10775284607555,1783482518107987523
1,21059325999,10775299391443,1783482518122771411
0,21069817999,10775306910521,1783482518130290457
3,21074506666,10775311494468,1783482518134874436
2,21079644999,10775316631549,1783482518140011485
1,21091358999,10775328374796,1783482518151754732
0,21101838999,10775338986309,1783482518162366277
3,21106549332,10775343559282,1783482518166939250
2,21111674000,10775348657173,1783482518172037109
0,21197901999,10775493518272,1783482518316898240
1,21123392000,10775493518816,1783482518316898752
2,21143702999,10775493520160,1783482518316900128
3,21138592000,10775493532253,1783482518316912189
3,21170634666,10775493731464,1783482518317111432
3,21202677332,10775493817650,1783482518317197586
3,21234720000,10775493883648,1783482518317263584
1,21155424999,10775494006912,1783482518317386880
1,21187457999,10775494045654,1783482518317425590
1,21219491000,10775494068208,1783482518317448176
0,21229923000,10775494124001,1783482518317503937
2,21175731999,10775494308433,1783482518317688401
2,21207761000,10775494359235,1783482518317739203
2,21239789999,10775494365090,1783482518317745058
0,21261943999,10775499108034,1783482518322488002
0,21293964999,10775530972421,1783482518354352389
2,21271818999,10775703705326,1783482518527085262
0,21325986000,10775703705774,1783482518527085710
1,21283556999,10775703708173,1783482518527088141
3,21266762666,10775703749986,1783482518527129954
0,21358006999,10775703826318,1783482518527206254
1,21315590000,10775703829389,1783482518527209357
3,21298805332,10775703846569,1783482518527226537
3,21330848000,10775703910200,1783482518527290168
0,21390027999,10775703920405,1783482518527300373
1,21347622999,10775703928051,1783482518527308019
3,21362890666,10775703988355,1783482518527368323
0,21422049000,10775703999072,1783482518527392285
1,21379655999,10775704016988,1783482518527396956
2,21303848000,10775704043893,1783482518527423861
2,21335876999,10775704057457,1783482518527437425
2,21367905999,10775704247455,1783482518527627423
1,21475754999,10775712752738,1783482518536132674
0,21486090999,10775723226495,1783482518546606463
2,21496022000,10775733000085,1783482518556380021
3,21555146666,10775792224060,1783482518615604028
1,21507788000,10775911630766,1783482518735010734
2,21528050999,10775911631086,1783482518735011054
0,21518112000,10775911691134,1783482518735071102
3,21587189332,10775911721654,1783482518735101622
3,21619232000,10775912613739,1783482518735993707
2,21560079999,10775912613867,1783482518735993803
0,21550132999,10775912668925,1783482518736048861
1,21539820999,10775912671228,1783482518736051164
2,21592109000,10775913008195,1783482518736388163
0,21582153999,10775913071347,1783482518736451315
2,21624137999,10775913115687,1783482518736495655
0,21614175000,10775913222955,1783482518736602923
1,21571853999,10775913222827,1783482518736602795
1,21603887000,10775913247812,1783482518736627780
3,21651274666,10775913262880,1783482518736642848
0,21678216999,10775915180968,1783482518738560904
3,21683317332,10775920305796,1783482518743685732
2,21688196000,10775925174500,1783482518748554436
1,21699986000,10775937019000,1783482518760398936
3,21715360000,10775952422053,1783482518775801989
3,21747402666,10776121834999,1783482518945214966
2,21720224999,10776121834967,1783482518945214903
1,21796085000,10776121875820,1783482518945255788
0,21710238000,10776121890856,1783482518945270824
3,21779445332,10776122268261,1783482518945648229
3,21811488000,10776122280993,1783482518945660929
3,21843530666,10776122286688,1783482518945666624
0,21742258999,10776122611370,1783482518945991306
0,21774279999,10776122624199,1783482518946004167
0,21806301000,10776122630917,1783482518946010885
1,21828117999,10776122654879,1783482518946034847
2,21816311999,10776122693429,1783482518946073365
2,21848340999,10776123005251,1783482518946385187
2,21880370000,10776123012705,1783482518946392641
1,21860150999,10776123027997,1783482518946407965
1,21892184000,10776129186313,1783482518952566281
0,21902364000,10776139387278,1783482518962767214
3,21907616000,10776144622445,1783482518968002381
2,21912398999,10776149377194,1783482518972757130
1,21924216999,10776161215137,1783482518984595073
3,21939658666,10776330810857,1783482519154190825
0,21934384999,10776330812520,1783482519154192488
1,21956249999,10776330812584,1783482519154192488
2,21944427999,10776330814152,1783482519154194088
2,21976457000,10776330941862,1783482519154321830
2,22008485999,10776331025776,1783482519154405744
2,22040514999,10776331088352,1783482519154468320
3,21971701332,10776331216958,1783482519154596862
3,22003744000,10776331233082,1783482519154613050
3,22035786666,10776331238233,1783482519154618169
1,21988283000,10776331409835,1783482519154789803
1,22020315999,10776331422728,1783482519154802696
1,22052348999,10776331428487,1783482519154808423
0,21966405999,10776331527853,1783482519154907788
0,21998427000,10776331543176,1783482519154923144
0,22030447999,10776331565571,1783482519154945539
0,22094490000,10776331582270,1783482519154962238
3,22099872000,10776336831292,1783482519160211228
2,22104572999,10776341538664,1783482519164918760
1,22116414999,10776353378692,1783482519176758628
0,22126510999,10776531315974,1783482519354695910
3,22131914666,10776531332706,1783482519354712674
2,22136601999,10776531352285,1783482519354732221
1,22148447999,10776531365273,1783482519354745209
3,22163957332,10776531484314,1783482519354864282
0,22158531999,10776531500950,1783482519354880886
1,22180481000,10776531552904,1783482519354932872
3,22196000000,10776531628084,1783482519355008052
0,22190553000,10776531656909,1783482519355036877
1,22212513999,10776531664875,1783482519355044843
3,22228042666,10776531717373,1783482519355097309
1,22244546999,10776531767120,1783482519355147056
0,22222573999,10776531776269,1783482519355156205
2,22168631000,10776531798375,1783482519355178343
2,22200659999,10776532168326,1783482519355548294
2,22232688999,10776532180643,1783482519355560579
2,22296746999,10776533711857,1783482519357091793
1,22308612999,10776545600672,1783482519368980640
0,22318636999,10776555637429,1783482519379017397
3,22324170666,10776561150829,1783482519384530765
2,22328775999,10776740403350,1783482519563783318
3,22356213332,10776740408277,1783482519563788213
0,22350657999,10776740436046,1783482519563815982
1,22340645999,10776740444715,1783482519563824683
3,22388256000,10776740516473,1783482519563896441
0,22382679000,10776740522263,1783482519563902231
1,22372679000,10776740536051,1783482519563915987
2,22360805000,10776740544369,1783482519563924337
3,22420298666,10776740612735,1783482519563992703
0,22414699999,10776740613599,1783482519563993535
1,22404711999,10776740623101,1783482519564003069
2,22392833999,10776740624188,1783482519564004124
2,22424862999,10776740693674,1783482519564073642
0,22446720999,10776740695338,1783482519564075274
3,22452341332,10776740705255,1783482519564085191
1,22436744999,10776740713861,1783482519564093829
0,22510762999,10776747722549,1783482519571102517
3,22516426666,10776753378376,1783482519576758344
2,22520949999,10776757913665,1783482519581293601
1,22532843999,10776769807918,1783482519593187886
2,22552979000,10776949408220,1783482519772788188
1,22564877000,10776949408348,1783482519772788316
3,22548469332,10776949410715,1783482519772790651
0,22606825999,10776949445714,1783482519772825682
0,22638846999,10776949544184,1783482519772924152
3,22580512000,10776949557301,1783482519772937269
1,22596909999,10776949567122,1783482519772947090
3,22612554666,10776949625891,1783482519773005859
0,22670868000,10776949655099,1783482519773035035
1,22628942999,10776949679445,1783482519773059349
3,22644597332,10776949734822,1783482519773114758
0,22702888999,10776949744292,1783482519773124228
1,22660976000,10776949750850,1783482519773130786
2,22585007999,10776949982501,1783482519773362469
2,22617036999,10776949995362,1783482519773375330
2,22649066000,10776950000417,1783482519773380385
2,22713123999,10776950130175,1783482519773510142
1,22725041999,10776962089339,1783482519785469275
0,22734909999,10776971923429,1783482519795303397
3,22740725332,10776977755785,1783482519801135753
1,22757075000,10777158400005,1783482519981779973
2,22745153000,10777158409571,1783482519981789539
3,22772768000,10777158414913,1783482519981794849
0,22766931000,10777158428702,1783482519981808638
2,22777181999,10777158512552,1783482519981892488
3,22804810666,10777158516519,1783482519981896455
0,22798951999,10777158530691,1783482519981910627
2,22809210999,10777158612494,1783482519981992430
3,22836853332,10777158614605,1783482519981994541
0,22830972999,10777158625802,1783482519982005738
3,22868896000,10777158691065,1783482519982071001
0,22862994000,10777158700055,1783482519982079991
2,22841240000,10777158800156,1783482519982180124
1,22789107999,10777159005286,1783482519982385254
1,22821140999,10777159019747,1783482519982399683
1,22853174000,10777159025345,1783482519982405313
0,22927035999,10777163996168,1783482519987376136
2,22937327000,10777174292729,1783482519997672697
1,22949273000,10777186222303,1783482520009602271
3,22965024000,10777201979902,1783482520025359838
0,22959057000,10777367353392,1783482520190733328
2,22969355999,10777367355311,1783482520190735279
3,22997066666,10777367359246,1783482520190739182
1,22981305999,10777367388487,1783482520190768455
2,23001384999,10777367456661,1783482520190836629
3,23029109332,10777367460244,1783482520190840180
0,22991077999,10777367478607,1783482520190858575
2,23033414000,10777367538463,1783482520190918431
3,23061152000,10777367540319,1783482520190920255
0,23023098999,10777367553340,1783482520190933308
3,23093194666,10777367632583,1783482520191012519
0,23055120000,10777367651234,1783482520191031170
2,23065442999,10777367679163,1783482520191059099
1,23013338999,10777367926042,1783482520191305978
1,23045372000,10777367941366,1783482520191321302
1,23077404999,10777367961361,1783482520191341329
0,23151183000,10777388151845,1783482520211531781
3,23157280000,10777394254342,1783482520217634278
1,23205536999,10777442644187,1783482520266024123
2,23225588000,10777462592303,1783482520285972239
3,23189322666,10777576592602,1783482520399972538
0,23183203999,10777576635279,1783482520400015247
1,23237570000,10777576654729,1783482520400034697
2,23257616999,10777576688193,1783482520400068161
1,23269602999,10777576826492,1783482520400206460
2,23289645999,10777576848215,1783482520400228151
0,23215224999,10777577066653,1783482520400446621
3,23221365332,10777577088728,1783482520400468664
3,23253408000,10777577377356,1783482520400757324
0,23247246000,10777577399366,1783482520400779334
3,23285450666,10777577465845,1783482520400845781
0,23279266999,10777577483952,1783482520400863920
1,23301635999,10777577552318,1783482520400932286
1,23333669000,10777577585653,1783482520400965621
2,23321675000,10777577595443,1783482520400975379
0,23343309000,10777580283570,1783482520403663538
3,23349536000,10777586532205,1783482520409912173
2,23353703999,10777590678862,1783482520414058830
1,23365701999,10777602701983,1783482520426081919
2,23385732999,10777622740379,1783482520446120315
2,23417762000,10777786190917,1783482520609570853
1,23397734999,10777786191781,1783482520609571717
3,23381578666,10777786192581,1783482520609572517
0,23375329999,10777786195268,1783482520609575204
0,23407350999,10777786330145,1783482520609710113
0,23439372000,10777786402958,1783482520609782926
0,23471392999,10777786468797,1783482520609848765
1,23429768000,10777786555142,1783482520609935078
1,23461800999,10777786572129,1783482520609952097
1,23493833999,10777786577952,1783482520609957920
2,23449790999,10777786782762,1783482520610162698
2,23481819999,10777786796583,1783482520610176551
2,23513849000,10777786802053,1783482520610181989
3,23413621332,10777786907178,1783482520610287146
3,23445664000,10777786921958,1783482520610301926
3,23477706666,10777786927396,1783482520610307300
0,23567455999,10777995273272,1783482520818653208
2,23577906999,10777995273560,1783482520818653528
0,23599476999,10777995324779,1783482520818704747
1,23557899999,10777995541266,1783482520818921234
1,23589932999,10777995558606,1783482520818938574
1,23621966000,10777995564492,1783482520818944428
3,23573834666,10777995609824,1783482520818989728
3,23605877332,10777995626332,1783482520819006268
3,23637920000,10777995630971,1783482520819010939
3,23669962666,10777995634938,1783482520819014906
1,23653998999,10777995687436,1783482520819067340
2,23609936000,10777995874555,1783482520819254523
2,23641964999,10777995888375,1783482520819268311
2,23673993999,10777995892822,1783482520819272758
0,23631498000,10777995911025,1783482520819290961
0,23663518999,10777995933867,1783482520819313835
0,23759581999,10777996603868,1783482520819983836
3,23766090666,10778003211960,1783482520826591928
2,23770080999,10778007073828,1783482520830453796
1,23782130999,10778019140745,1783482520842520713
0,23791602999,10778028589181,1783482520851969149
3,23798133332,10778035121869,1783482520858501773
1,23814164000,10778205031110,1783482521028411046
2,23802110000,10778205032262,1783482521028412230
3,23830176000,10778205035333,1783482521028415269
1,23846196999,10778205080761,1783482521028460697
0,23823624000,10778205100212,1783482521028480148
3,23862218666,10778205151526,1783482521028531494
0,23855644999,10778205152742,1783482521028532678
2,23834138999,10778205166594,1783482521028546530
1,23878229999,10778205177919,1783482521028557855
3,23894261332,10778205232849,1783482521028612785
0,23887665999,10778205236944,1783482521028616880
1,23910263000,10778205248077,1783482521028628045
2,23866167999,10778205256395,1783482521028636363
3,23926304000,10778205334518,1783482521028714454
0,23919687000,10778205395942,1783482521028775910
2,23898197000,10778205433948,1783482521028813884
1,23974328999,10778211315770,1783482521034695738
1,24006362000,10778413932233,1783482521237312169
2,23994284000,10778413933129,1783482521237313065
3,23990389332,10778413935177,1783482521237315145
0,24015750000,10778413939943,1783482521237319911
2,24026312999,10778413981053,1783482521237360989
2,24058341999,10778414036142,1783482521237416078
3,24022432000,10778414047019,1783482521237426987
1,24038394999,10778414050634,1783482521237430570
2,24090371000,10778414117497,1783482521237497465
1,24070427999,10778414134964,1783482521237514900
3,24054474666,10778414142162,1783482521237522130
3,24086517332,10778414193989,1783482521237573925
1,24102461000,10778414198532,1783482521237578500
0,24047770999,10778414489911,1783482521237869847
0,24079791999,10778414523311,1783482521237903279
0,24111813000,10778414542186,1783482521237922154
3,24182645332,10778419600606,1783482521242980574
2,24186458000,10778423415896,1783482521246795832
1,24198560000,10778435517210,1783482521258897114
0,24207876000,10778444838836,1783482521268218772
3,24214688000,10778451650334,1783482521275030270
2,24218486999,10778455445469,1783482521278825437
1,24230592999,10778467550814,1783482521290930782
0,24239896999,10778476861850,1783482521300241786
3,24246730666,10778483699741,1783482521307079677
2,24250515999,10778487498779,1783482521310878747
1,24262625999,10778499603132,1783482521322983036
0,24271917999,10778508903227,1783482521332283163
3,24278773332,10778515741982,1783482521339121950
2,24282545000,10778519930166,1783482521343310134
1,24294659000,10778531626946,1783482521355006914
0,24303939000,10778540924514,1783482521364304450
2,24314573999,10778551548998,1783482521374928966
1,24326691999,10778563654663,1783482521387034631
0,24335959999,10778572950695,1783482521396330631
2,24346602999,10778583603620,1783482521406983556
3,24374901332,10778611894395,1783482521435274363
3,24406944000,10778736956940,1783482521560336876
1,24358724999,10778736960491,1783482521560340459
2,24378632000,10778736960907,1783482521560340875
0,24367980999,10778736963850,1783482521560343818
0,24400002000,10778737074157,1783482521560454093
2,24410660999,10778737092265,1783482521560472201
1,24390758000,10778737095752,1783482521560475688
1,24422790999,10778737155864,1783482521560535800
2,24442689999,10778737156952,1783482521560536920
0,24432022999,10778737165749,1783482521560545717
2,24474719000,10778737228165,1783482521560608101
0,24464043999,10778737239490,1783482521560619426
3,24438986666,10778737247904,1783482521560627872
1,24454823999,10778737252511,1783482521560632479
3,24471029332,10778737254142,1783482521560634110
3,24503072000,10778740043269,1783482521563423205
1,24518889999,10778945798335,1783482521769178303
0,24528085999,10778945799839,1783482521769179775
2,24506747999,10778945800511,1783482521769180479
3,24535114666,10778945859663,1783482521769239599
3,24567157332,10778945907555,1783482521769287523
0,24560106999,10778945918720,1783482521769298688
3,24599200000,10778945990765,1783482521769370733
0,24592128000,10778946000778,1783482521769380714
3,24631242666,10778946067545,1783482521769447513
0,24624148999,10778946076822,1783482521769456758
1,24614988999,10778946331764,1783482521769711732
1,24647021999,10778946344720,1783482521769724656
1,24679055000,10778946350191,1783482521769730127
2,24538776999,10778946401186,1783482521769781154
2,24634863999,10778946417821,1783482521769797789
2,24666893000,10778946440855,1783482521769820823
1,24711087999,10778948049778,1783482521771429682
0,24720211999,10778957199193,1783482521780579161
3,24727370666,10778964337133,1783482521787717101
2,24730950999,10778967919908,1783482521791299876
1,24743120999,10778980060188,1783482521803440156
0,24752232999,10778989199173,1783482521812579173
3,24759413332,10778996366770,1783482521819746706
2,24762980000,10778999931085,1783482521823311021
1,24775154000,10779012119992,1783482521835499928
0,24784254000,10779021249796,1783482521844629764
3,24791456000,10779028403156,1783482521851783092
2,24795008999,10779031974798,1783482521855354766
1,24807186999,10779185013770,1783482522008393738
3,24823498666,10779185022120,1783482522008402088
0,24816274999,10779185024616,1783482522008404552
2,24827037999,10779185028839,1783482522008408775
3,24855541332,10779185156933,1783482522008536901
3,24887584000,10779185232881,1783482522008612849
3,24919626666,10779185294177,1783482522008674145
2,24859067000,10779185396710,1783482522008776646
0,24848295999,10779185396902,1783482522008776870
2,24891095999,10779185406500,1783482522008786468
2,24923124999,10779185411107,1783482522008791043
0,24880317000,10779185411874,1783482522008791842
0,24912337999,10779185417377,1783482522008797313
1,24839219999,10779185710644,1783482522009090612
1,24871253000,10779185876361,1783482522009256329
1,24903285999,10779185909984,1783482522009289920
3,24951669332,10779395667525,1783482522219047493
2,24955154000,10779395667941,1783482522219047909
1,24967352000,10779395667493,1783482522219047429
0,24976380000,10779395709146,1783482522219089114
3,24983712000,10779395843223,1783482522219223159
0,25008400999,10779395868465,1783482522219248433
0,25040421999,10779395955098,1783482522219335034
3,25015754666,10779395971286,1783482522219351222
3,25047797332,10779396023176,1783482522219403112
0,25072443000,10779396034246,1783482522219414214
2,24987182999,10779396095829,1783482522219475797
2,25019211999,10779396149128,1783482522219529096
2,25051241000,10779396154918,1783482522219534854
1,24999384999,10779396378220,1783482522219758188
1,25031417999,10779396505514,1783482522219885482
1,25063451000,10779396514696,1783482522219894664
1,25159550000,10779396519463,1783482522219899399
0,25168506000,10779405480739,1783482522228860707
3,25175968000,10779412972638,1783482522236352574
2,25179356999,10779416321267,1783482522239701203
1,25191582999,10779428565494,1783482522251945430
0,25200526999,10779437498265,1783482522260878201
3,25208010666,10779445003121,1783482522268383057
2,25211385999,10779448360708,1783482522271740644
1,25223615999,10779460607046,1783482522283987014
0,25232547999,10779469548647,1783482522292928583
3,25240053332,10779477040802,1783482522300420866
2,25243415000,10779480420496,1783482522303800528
1,25255649000,10779492636473,1783482522316016409
0,25264569000,10779501642857,1783482522325022793
3,25272096000,10779509188631,1783482522332568567
2,25275443999,10779512435591,1783482522335815527
1,25287681999,10779524716736,1783482522348096672
0,25296589999,10779533595729,1783482522356975697
3,25304138666,10779541220905,1783482522364600873
2,25307472999,10779544468505,1783482522367848441
1,25319714999,10779556868179,1783482522380248147
0,25328610999,10779565592685,1783482522388972621
3,25336181332,10779573247486,1783482522396627454
2,25339502000,10779576492654,1783482522399872622
2,25371530999,10779709550673,1783482522532930641
3,25368224000,10779709554032,1783482522532934000
0,25424673999,10779709555184,1783482522532935152
1,25351748000,10779709588935,1783482522532968903
0,25456695000,10779709721989,1783482522533101957
3,25400266666,10779709735201,1783482522533115137
2,25403559999,10779709736705,1783482522533116673
3,25432309332,10779709813997,1783482522533193965
1,25383780999,10779710135417,1783482522533515353
1,25415813999,10779710148373,1783482522533528309
2,25435589000,10779710363293,1783482522533743229
0,25488715999,10779725676830,1783482522549056798
1,25447847000,10779918663455,1783482522742043391
0,25520736999,10779918680026,1783482522742059962
2,25467617999,10779918681498,1783482522742061466
3,25464352000,10779918681978,1783482522742061914
1,25479879999,10779918769827,1783482522742149795
3,25496394666,10779918777409,1783482522742157377
1,25511912999,10779918847982,1783482522742227886
3,25528437332,10779918854733,1783482522742234701
1,25543946000,10779918918460,1783482522742298428
3,25560480000,10779918925690,1783482522742305626
2,25499646999,10779919288475,1783482522742668443
2,25531676000,10779919304087,1783482522742684055
2,25563704999,10779919613862,1783482522742993830
0,25552758000,10779920075502,1783482522743455534
0,25584778999,10779920107046,1783482522743487014
0,25616799999,10779920283448,1783482522743663416
3,25688650666,10779925666906,1783482522749046874
2,25691820999,10779928804550,1783482522752184518
1,25704110999,10779941088478,1783482522764468414
0,25712862999,10779949847951,1783482522773227919
2,25723850000,10780127721626,1783482522951101594
3,25784778666,10780127728344,1783482522951108312
1,25736144000,10780127774892,1783482522951154860
1,25768176999,10780127786281,1783482522951166249
0,25744884000,10780127802021,1783482522951181957
2,25755878999,10780127838940,1783482522951218940
2,25787907999,10780127919111,1783482522951299079
2,25819937000,10780127980599,1783482522951360535
0,25776904999,10780128154569,1783482522951534537
1,25800209999,10780128191264,1783482522951571200
1,25832243000,10780128197598,1783482522951577566
3,25816821332,10780128233525,1783482522951613461
3,25848864000,10780128243026,1783482522951622994
3,25880906666,10780128246673,1783482522951626641
0,25808925999,10780128257742,1783482522951637710
0,25840947000,10780128261901,1783482522951641837
1,25896308999,10780133296234,1783482522956676170
1,25928342000,10780336573620,1783482523159953588
2,25916024000,10780336579859,1783482523159959827
3,25912949332,10780336593231,1783482523159973167
2,25948052999,10780336598350,1783482523159978318
0,25904988999,10780336613642,1783482523159993578
3,25944992000,10780336621384,1783482523160001384
0,25937010000,10780336624679,1783482523160004615
2,26044139999,10780336695764,1783482523160075732
3,25977034666,10780336701459,1783482523160081395
0,25969030999,10780336702738,1783482523160082706
1,26024441000,10780336715247,1783482523160095215
0,26001051999,10780336871750,1783482523160251686
2,26076168999,10780336875973,1783482523160255941
3,26009077332,10780336881956,1783482523160261892
1,26056473999,10780336897344,1783482523160277280
1,26088506999,10780336933206,1783482523160313174
3,26105205332,10780342169569,1783482523165549505
2,26108198000,10780345181296,1783482523168561264
1,26120540000,10780357516065,1783482523180896033
0,26129136000,10780366120446,1783482523189500414
3,26137248000,10780374219422,1783482523197599358
2,26140226999,10780377195606,1783482523200575574
1,26152572999,10780389543427,1783482523212923395
0,26161156999,10780398125638,1783482523221505606
3,26169290666,10780406265212,1783482523229645148
2,26172255999,10780409231383,1783482523232611319
1,26184605999,10780421582723,1783482523244962659
0,26193177999,10780430139244,1783482523253519212
3,26201333332,10780438297374,1783482523261677310
2,26204285000,10780441233984,1783482523264613920
0,26225199000,10780462174861,1783482523285554829
2,26236313999,10780615310108,1783482523438690076
0,26257219999,10780615310204,1783482523438690172
3,26233376000,10780615339444,1783482523438719348
1,26216639000,10780615351345,1783482523438731313
0,26289240999,10780615445273,1783482523438825209
0,26321262000,10780615525700,1783482523438905636
0,26353282999,10780615594642,1783482523438974610
2,26268342999,10780615923452,1783482523439303388
2,26300372000,10780615942391,1783482523439322327
3,26265418666,10780615944887,1783482523439324855
2,26332400999,10780615948502,1783482523439328438
3,26297461332,10780615990219,1783482523439370187
3,26329504000,10780615998889,1783482523439378856
1,26248671999,10780616043325,1783482523439423261
1,26280704999,10780616056090,1783482523439436058
1,26312738000,10780616061912,1783482523439441880
1,26408837000,10780824262548,1783482523647642516
3,26393589332,10780824265619,1783482523647645555
0,26385303999,10780824269234,1783482523647649170
2,26396459000,10780824272657,1783482523647652625
2,26428487999,10780824391474,1783482523647771410
2,26460516999,10780824467839,1783482523647847807
2,26492546000,10780824527503,1783482523647907439
3,26425632000,10780824616568,1783482523647996536
3,26457674666,10780824629428,1783482523648009364
3,26489717332,10780824658669,1783482523648038605
0,26417325000,10780824683558,1783482523648063494
0,26449345999,10780824697507,1783482523648077443
1,26440869999,10780824758707,1783482523648138675
0,26481366999,10780824842333,1783482523648222301
1,26472902999,10780824963549,1783482523648343517
1,26504936000,10780824976666,1783482523648356634
2,26588633000,10780825603734,1783482523648983702
1,26601035000,10780838012468,1783482523661392436
0,26609451000,10780846445149,1783482523669825085
3,26617888000,10780855022561,1783482523678402529
2,26620661999,10780857746651,1783482523681126587
1,26633067999,10780870066735,1783482523693446671
0,26641471999,10780878527090,1783482523701907058
3,26649930666,10780886919238,1783482523710299334
2,26652690999,10780889681334,1783482523713061302
1,26665100999,10780902111214,1783482523725491150
0,26673492999,10780910481096,1783482523733861000
3,26681973332,10780918985023,1783482523742364991
2,26684720000,10780921810718,1783482523745190654
1,26697134000,10780934118134,1783482523757498102
0,26705514000,10780942529669,1783482523765909637
3,26714016000,10780951024638,1783482523774404574
2,26716748999,10780953746041,1783482523777126009
1,26729166999,10780966216806,1783482523789596774
0,26737534999,10780974547690,1783482523797927658
3,26746058666,10780983146856,1783482523806526824
2,26748777999,10780985774203,1783482523809154267
1,26761199999,10780998195893,1783482523821575861
3,26778101332,10781015111835,1783482523838491771
0,26833597999,10781070599962,1783482523893979898
3,26810144000,10781142914294,1783482523966294198
2,26780807000,10781142914998,1783482523966294934
1,26793233000,10781142917654,1783482523966297590
0,26865618999,10781142935537,1783482523966315505
2,26812835999,10781143111715,1783482523966491651
0,26897640000,10781143125663,1783482523966505599
2,26844864999,10781143212713,1783482523966592681
1,26825265999,10781143367872,1783482523966747808
1,26857298999,10781143381949,1783482523966761916
3,26842186666,10781143644760,1783482523967024728
3,26874229332,10781143665011,1783482523967044915
0,26929660999,10781166645324,1783482523990025260
3,26906272000,10781351844196,1783482524175224132
1,26889332000,10781351878107,1783482524175258043
0,26961681999,10781351914226,1783482524175294162
0,26993703000,10781351964836,1783482524175344772
0,27025723999,10781352052941,1783482524175432877
0,27057744999,10781352211812,1783482524175591908
1,26921364999,10781352217379,1783482524175597379
1,26953397999,10781352231903,1783482524175611871
1,26985431000,10781352237086,1783482524175617053
2,26876894000,10781352243868,1783482524175623836
3,26938314666,10781352247899,1783482524175627867
3,26970357332,10781352253081,1783482524175633049
2,26908922999,10781352255673,1783482524175635641
3,27002400000,10781352257624,1783482524175637560
2,26940951999,10781352261559,1783482524175641495
2,26972981000,10781352266262,1783482524175646198
0,27121786999,10781358851428,1783482524182231364
2,27133125999,10781370142218,1783482524193522154
1,27145595999,10781382606910,1783482524205986846
3,27194656000,10781431667359,1783482524255047263
0,27153807999,10781560890020,1783482524384269956
3,27226698666,10781560894211,1783482524384274179
1,27177629000,10781560952980,1783482524384332948
2,27165155000,10781560982188,1783482524384362156
2,27197183999,10781560989802,1783482524384369738
0,27185829000,10781561086801,1783482524384466769
1,27209661999,10781561297466,1783482524384677434
1,27241694999,10781561310711,1783482524384690647
1,27273728000,10781561315605,1783482524384695541
3,27258741332,10781561341263,1783482524384721231
3,27290784000,10781561346861,1783482524384726829
3,27322826666,10781561350924,1783482524384730892
2,27229212999,10781561358922,1783482524384738890
2,27261242000,10781561363017,1783482524384742985
0,27217849999,10781561378181,1783482524384758117
0,27249870999,10781561382948,1783482524384762916
2,27325299999,10781562278395,1783482524385658363
1,27337793999,10781769896111,1783482524593276079
1,27433892999,10781769919177,1783482524593299113
0,27345933999,10781769942435,1783482524593322371
2,27357329000,10781769957087,1783482524593337023
1,27465926000,10781769980601,1783482524593360569
3,27354869332,10781770000692,1783482524593380659
3,27386912000,10781770011185,1783482524593391153
3,27418954666,10781770016527,1783482524593396495
2,27453416000,10781770025773,1783482524593405741
2,27485444999,10781770056581,1783482524593436549
3,27450997332,10781770062691,1783482524593442659
1,27497958999,10781770085022,1783482524593464990
0,27377955000,10781770096986,1783482524593476954
2,27517473999,10781770129298,1783482524593509234
0,27409975999,10781770143438,1783482524593523374
0,27441996999,10781770150317,1783482524593530285
0,27538059999,10781775038133,1783482524598418069
3,27547125332,10781784093280,1783482524607473216
2,27549503000,10781786514186,1783482524609894154
1,27562025000,10781799043758,1783482524622423694
0,27570081000,10781807063623,1783482524630443559
3,27579168000,10781816197758,1783482524639577694
2,27581531999,10781818538269,1783482524641918205
1,27594057999,10781831138798,1783482524654518766
0,27602101999,10781839118705,1783482524662498673
3,27611210666,10781848302715,1783482524671682651
1,27626090999,10781863112877,1783482524686492813
1,27658124000,10782001360837,1783482524824740805
3,27643253332,10782001361445,1783482524824741413
2,27613560999,10782001373986,1783482524824753954
0,27634122999,10782001415735,1783482524824795703
2,27645590000,10782001544629,1783482524824924597
2,27677618999,10782001624832,1783482524825004768
2,27709647999,10782001698221,1783482524825078157
1,27690156999,10782001870112,1783482524825250048
1,27722189999,10782001891931,1783482524825271867
1,27754223000,10782001897849,1783482524825277817
0,27666144000,10782002196428,1783482524825576364
3,27675296000,10782002206345,1783482524825586281
0,27698164999,10782002220485,1783482524825600421
3,27707338666,10782002221829,1783482524825601797
0,27730185999,10782002228579,1783482524825608515
3,27739381332,10782002231011,1783482524825610947
3,27771424000,10782210339941,1783482525033719909
2,27773705999,10782210340964,1783482525033720900
0,27794227999,10782210342820,1783482525033722724
1,27786255999,10782210380026,1783482525033759994
2,27805734999,10782210468163,1783482525033848131
2,27837764000,10782210546415,1783482525033926383
2,27869792999,10782210612286,1783482525033992222
3,27803466666,10782210746395,1783482525034126363
3,27835509332,10782210757976,1783482525034137944
3,27867552000,10782210763447,1783482525034143415
1,27818288999,10782210779379,1783482525034159347
1,27850322000,10782210784945,1783482525034164913
0,27826248999,10782210864348,1783482525034244284
0,27858270000,10782210875738,1783482525034255737
0,27890290999,10782210881592,1783482525034261560
1,27882354999,10782210957252,1783482525034337220
1,27978453999,10782215426683,1783482525038806651
0,27986353999,10782223336341,1783482525046716277
3,27995722666,10782232698261,1783482525056078197
2,27997908999,10782234884221,1783482525058264189
1,28010486999,10782247483476,1783482525070863636
0,28018374999,10782255345210,1783482525078725178
3,28027765332,10782264760524,1783482525088140492
2,28029938000,10782266933943,1783482525090313943
1,28042520000,10782279532271,1783482525102912207
0,28050396000,10782287393941,1783482525110773877
3,28059808000,10782296826690,1783482525120206658
2,28061966999,10782298936542,1783482525122316510
1,28074552999,10782311563182,1783482525134943118
0,28082416999,10782319423348,1783482525142803316
3,28091850666,10782328831145,1783482525152211113
2,28093995999,10782330974012,1783482525154353948
1,28106585999,10782343587407,1783482525166967343
0,28114437999,10782351442103,1783482525174822071
3,28123893332,10782360876356,1783482525184256420
2,28126025000,10782362986144,1783482525186366112
1,28138619000,10782375613232,1783482525198993168
0,28146459000,10782383461146,1783482525206841177
3,28155936000,10782392874956,1783482525216254924
2,28158053999,10782395024286,1783482525218404254
3,28187978666,10782528242832,1783482525351622768
2,28190082999,10782528243376,1783482525351623344
0,28242522000,10782528283334,1783482525351663301
1,28170651999,10782528288356,1783482525351668324
1,28202684999,10782528437278,1783482525351817246
3,28220021332,10782528446971,1783482525351826907
1,28234718000,10782528519720,1783482525351899688
3,28252064000,10782528527238,1783482525351907174
0,28274542999,10782528681406,1783482525352061374
2,28222112000,10782528699993,1783482525352079961
2,28254140999,10782528707095,1783482525352087063
0,28306563999,10782543562117,1783482525366942085
0,28338585000,10782737128283,1783482525560508218
3,28284106666,10782737132729,1783482525560512665
2,28286169999,10782737162834,1783482525560542802
1,28266750999,10782737182380,1783482525560562316
1,28298783999,10782737478272,1783482525560858208
1,28330817000,10782737498618,1783482525560878586
1,28362849999,10782737504857,1783482525560884793
3,28316149332,10782737516470,1783482525560896438
3,28348192000,10782737521652,1783482525560901620
3,28380234666,10782737525907,1783482525560905843
0,28370605999,10782737534929,1783482525560914865
0,28402626999,10782737540271,1783482525560920239
0,28434648000,10782737544142,1783482525560924078
2,28318199000,10782737629176,1783482525561009144
2,28350227999,10782737640469,1783482525561020437
2,28382256999,10782737645620,1783482525561025588
3,28508405332,10782745384794,1783482525568764922
2,28510373000,10782747329025,1783482525570708993
1,28523015000,10782759988072,1783482525583368008
0,28530711000,10782767685657,1783482525591065625
3,28604533332,10782946140740,1783482525769520676
1,28555047999,10782946177914,1783482525769557882
1,28587080999,10782946186584,1783482525769566552
2,28542401999,10782946193366,1783482525769573302
0,28562731999,10782946225134,1783482525769605102
0,28594752999,10782946269986,1783482525769649954
1,28619114000,10782946286462,1783482525769666430
3,28636576000,10782946360299,1783482525769740267
3,28668618666,10782946404607,1783482525769784543
3,28700661332,10782946411646,1783482525769791614
1,28651146999,10782946435096,1783482525769815032
2,28574430999,10782947662969,1783482525771042905
2,28606460000,10782947684371,1783482525771064339
2,28638488999,10782947688978,1783482525771068946
0,28626774000,10782947708685,1783482525771088653
0,28658794999,10782947717610,1783482525771097578
1,28715213000,10782952207964,1783482525775587932
1,28747245999,10783155146511,1783482525978526479
0,28722837000,10783155455487,1783482525978835455
0,28754857999,10783155478937,1783482525978858905
0,28786878999,10783155484247,1783482525978864215
0,28818900000,10783155488822,1783482525978868758
2,28734575999,10783155527372,1783482525978907340
2,28766604999,10783155542024,1783482525978921992
2,28862691999,10783155548039,1783482525978928007
2,28894721000,10783155552486,1783482525978932454
3,28732704000,10783155568833,1783482525978948769
3,28764746666,10783155576384,1783482525978956351
3,28796789332,10783155580862,1783482525978960798
1,28843344999,10783155580926,1783482525978960894
3,28828832000,10783155585085,1783482525978965053
1,28875377999,10783155597306,1783482525978977274
1,28907411000,10783155603544,1783482525978983512
3,28924960000,10783161930957,1783482525985311053
2,28926749999,10783163707007,1783482525987086975
1,28939443999,10783176424056,1783482525999804024
0,28946983999,10783183940567,1783482526007320503
3,28957002666,10783193961265,1783482526017341201
2,28958778999,10783195748897,1783482526019128833
1,28971476999,10783208449444,1783482526031829412
0,28979004999,10783215956298,1783482526039336234
3,28989045332,10783226006108,1783482526049386076
2,28990808000,10783227806697,1783482526051186665
1,29003510000,10783240482002,1783482526063861970
0,29011026000,10783247985912,1783482526071365848
3,29021088000,10783258052198,1783482526081432134
2,29022836999,10783259795394,1783482526083175362
0,29043046999,10783280023045,1783482526103402981
2,29054865999,10783433100695,1783482526256480631
0,29075067999,10783433137261,1783482526256517229
1,29035542999,10783433153193,1783482526256533161
3,29053130666,10783433204636,1783482526256584604
2,29086895000,10783433218232,1783482526256598168
3,29085173332,10783433220568,1783482526256600504
0,29107089000,10783433231797,1783482526256611765
1,29067575999,10783433240274,1783482526256620210
3,29117216000,10783433541028,1783482526256920964
3,29149258666,10783433553441,1783482526256933409
1,29099609000,10783433721718,1783482526257101686
1,29131641999,10783433734706,1783482526257114674
0,29139109999,10783433747119,1783482526257127055
0,29171130999,10783433752174,1783482526257132142
2,29118923999,10783433874990,1783482526257254958
2,29150952999,10783433887147,1783482526257267115
3,29213344000,10783641985282,1783482526465365218
2,29215010999,10783641986369,1783482526465366305
1,29227740999,10783641986785,1783482526465366721
0,29203152000,10783642022648,1783482526465402616
1,29259773999,10783642365279,1783482526465745215
0,29235172999,10783642417042,1783482526465797010
0,29267193999,10783642430222,1783482526465810190
2,29247039999,10783642432142,1783482526465812078
0,29299215000,10783642436589,1783482526465816525
2,29279069000,10783642445674,1783482526465825610
3,29245386666,10783642449865,1783482526465829801
2,29311097999,10783642451849,1783482526465831817
3,29277429332,10783642455752,1783482526465835688
3,29309472000,10783642459974,1783482526465839910
1,29291807000,10783642525046,1783482526465905014
1,29323839999,10783642533875,1783482526465913843
3,29405600000,10783642614942,1783482526465994910
2,29407184999,10783644134452,1783482526467514388
1,29419938999,10783656936253,1783482526480316221
0,29427298999,10783664297416,1783482526487677352
3,29437642666,10783674639790,1783482526498019758
2,29439213999,10783676262857,1783482526499642825
1,29451971999,10783688976360,1783482526512356328
0,29459319999,10783696330038,1783482526519709974
2,29471243000,10783851159681,1783482526674539649
3,29469685332,10783851199063,1783482526674578999
0,29491341000,10783851254217,1783482526674634153
3,29501728000,10783851319352,1783482526674699320
0,29523361999,10783851337043,1783482526674716979
1,29484005000,10783851352271,1783482526674732207
3,29533770666,10783851364844,1783482526674744812
1,29516037999,10783851376937,1783482526674756905
1,29548070999,10783851381384,1783482526674761320
0,29555382999,10783851392453,1783482526674772389
1,29580104000,10783851728046,1783482526675108014
3,29565813332,10783851743690,1783482526675123658
2,29503271999,10783851762181,1783482526675142149
2,29535300999,10783851768515,1783482526675148483
2,29567330000,10783851772674,1783482526675152642
0,29651445999,10783888445277,1783482526711825245
3,29629898666,10784060037646,1783482526883417582
2,29631387999,10784060046668,1783482526883426604
0,29683467000,10784060049259,1783482526883429227
1,29644169999,10784060056393,1783482526883436329
0,29715487999,10784060146226,1783482526883526162
1,29676203000,10784060153776,1783482526883533712
2,29663417000,10784060169516,1783482526883549484
3,29661941332,10784060174506,1783482526883554474
0,29747508999,10784060235771,1783482526883615739
3,29693984000,10784060238106,1783482526883618042
2,29695445999,10784060250519,1783482526883630455
1,29708235999,10784060262452,1783482526883642420
2,29727474999,10784060432903,1783482526883812871
1,29740268999,10784060480603,1783482526883860571
0,29779530000,10784060503605,1783482526883883541
3,29726026666,10784060518161,1783482526883898129
2,29823561999,10784060556391,1783482526883936391
1,29836367999,10784073330519,1783482526896710455
0,29843571999,10784080526157,1783482526903906093
3,29854197332,10784091169445,1783482526914549477
1,29868401000,10784268997133,1783482527092377100
3,29886240000,10784268998220,1783482527092378156
0,29875593000,10784268998060,1783482527092378028
2,29855591000,10784268998924,1783482527092378860
3,29918282666,10784269109807,1783482527092489743
1,29900433999,10784269117229,1783482527092497165
0,29907613999,10784269119501,1783482527092499437
0,29939634999,10784269195321,1783482527092575257
1,29932466999,10784269200056,1783482527092580024
3,30014410666,10784269201624,1783482527092581560
0,29971656000,10784269272933,1783482527092652869
1,29964500000,10784269276420,1783482527092656356
2,29887619999,10784269339124,1783482527092719092
2,29919648999,10784269355024,1783482527092734960
2,29951678000,10784269360846,1783482527092740814
0,30035697999,10784272670422,1783482527096050390
3,30046453332,10784283416536,1783482527106796504
2,30047765000,10784284724997,1783482527108104965
1,30060599000,10784297568393,1783482527120948361
0,30067719000,10784304673754,1783482527128053690
3,30078496000,10784315483116,1783482527138863052
2,30079793999,10784316830895,1783482527140210863
1,30092631999,10784329623712,1783482527153003680
0,30099739999,10784336713588,1783482527160093524
3,30110538666,10784347537827,1783482527170917763
2,30111822999,10784348803003,1783482527172182939
1,30124664999,10784361646718,1783482527185026654
0,30131760999,10784368742642,1783482527192122578
3,30142581332,10784379549828,1783482527202929764
2,30143852000,10784380840246,1783482527204220214
1,30156698000,10784393684730,1783482527217064698
3,30174624000,10784411595389,1783482527234975325
2,30175880999,10784569051592,1783482527392431560
0,30163782000,10784569052232,1783482527392432168
1,30252797000,10784569053160,1783482527392433128
3,30206666666,10784569052328,1783482527392432296
0,30195802999,10784569229722,1783482527392609690
3,30238709332,10784569230298,1783482527392610266
1,30284829999,10784569231482,1783482527392611418
1,30316862999,10784569302280,1783482527392682216
0,30227823999,10784569311237,1783482527392691205
3,30270752000,10784569323138,1783482527392703106
0,30259845000,10784569389521,1783482527392769457
3,30302794666,10784569391025,1783482527392770961
2,30271967999,10784569863350,1783482527393243286
2,30303996999,10784569895694,1783482527393275662
2,30336026000,10784573049150,1783482527396429118
1,30348896000,10784585911740,1783482527409291708
1,30380928999,10784778038521,1783482527601418457
0,30355908000,10784778039033,1783482527601419001
3,30334837332,10784778045687,1783482527601425655
2,30368054999,10784778080782,1783482527601460718
0,30387928999,10784778202638,1783482527601582606
1,30412961999,10784778220458,1783482527601600426
2,30400083999,10784778424789,1783482527601804757
2,30432113000,10784778438161,1783482527601818129
2,30464141999,10784778445136,1783482527601825072
3,30366880000,10784778491428,1783482527601871364
3,30398922666,10784778503585,1783482527601883521
3,30430965332,10784778509215,1783482527601889151
0,30419949999,10784778874177,1783482527602254145
0,30451971000,10784778885310,1783482527602265246
1,30444995000,10784778902265,1783482527602282233
1,30477027999,10784778908024,1783482527602287992
1,30541094000,10784778913207,1783482527602293143
0,30548034000,10784785035750,1783482527608415718
3,30559136000,10784796120464,1783482527619500432
2,30560228999,10784797208727,1783482527620588663
0,30580054999,10784987033639,1783482527810413607
1,30573126999,10784987034375,1783482527810414343
3,30591178666,10784987035431,1783482527810415367
2,30592257999,10784987066655,1783482527810446591
0,30612075999,10784987074973,1783482527810454909
0,30644097000,10784987175746,1783482527810555714
2,30624287000,10784987210202,1783482527810590138
2,30656315999,10784987254094,1783482527810634030
0,30676117999,10784987264587,1783482527810644523
2,30688344999,10784987333498,1783482527810713434
3,30623221332,10784987358675,1783482527810738611
3,30655264000,10784987380270,1783482527810760238
3,30687306666,10784987388843,1783482527810768779
1,30605159999,10784987658693,1783482527811038629
1,30637193000,10784987674849,1783482527811054817
1,30669225999,10784987681536,1783482527811061472
3,30751392000,10784988353490,1783482527811733490
2,30752402999,10784989355918,1783482527812735854
1,30765324999,10785002294489,1783482527825674425
0,30772180999,10785009167910,1783482527832547846
3,30783434666,10785020414439,1783482527843794407
2,30784431999,10785021401063,1783482527844780999
1,30797357999,10785034342258,1783482527857722226
0,30804201999,10785041218046,1783482527864597982
3,30815477332,10785052451682,1783482527875831618
2,30816461000,10785053423590,1783482527876803558
1,30829391000,10785066400711,1783482527889780679
0,30836223000,10785073317641,1783482527896697577
3,30847520000,10785084496123,1783482527907876091
2,30848489999,10785085449765,1783482527908829733
1,30861423999,10785098432932,1783482527921812900
0,30868243999,10785105229605,1783482527928609669
3,30879562666,10785116536150,1783482527939916118
2,30880518999,10785117479138,1783482527940859106
1,30893456999,10785130455075,1783482527953835011
0,30900264999,10785137251908,1783482527960631876
0,30932286000,10785169287935,1783482527992667903
3,30911605332,10785322392178,1783482528145772146
1,30925490000,10785322393170,1783482528145773106
2,30912548000,10785322394098,1783482528145774034
0,30964306999,10785322397073,1783482528145777041
2,30944576999,10785322514387,1783482528145894355
0,31060369999,10785322529583,1783482528145909551
2,30976605999,10785322589215,1783482528145969183
2,31008635000,10785322652751,1783482528146032719
3,30943648000,10785322977531,1783482528146357467
3,30975690666,10785322991863,1783482528146371799
3,31007733332,10785322996406,1783482528146376374
1,30957522999,10785323025870,1783482528146405838
1,30989555999,10785323041131,1783482528146421130
1,31021589000,10785323064772,1783482528146444708
0,31092390999,10785329367464,1783482528152747400
0,31124412000,10785361395124,1783482528184775060
3,31103861332,10785531311956,1783482528354691892
1,31085654999,10785531313779,1783482528354693715
0,31156432999,10785531315219,1783482528354695187
2,31104722000,10785531318450,1783482528354698418
3,31135904000,10785531461485,1783482528354841453
3,31167946666,10785531531035,1783482528354911003
3,31199989332,10785531593227,1783482528354973195
1,31117688000,10785531747075,1783482528355127043
1,31149720999,10785531760544,1783482528355140512
1,31181753999,10785531765823,1783482528355145759
2,31136750999,10785532056691,1783482528355436627
2,31168779999,10785532079630,1783482528355459566
2,31200809000,10785532099176,1783482528355479112
0,31188453999,10785532057491,1783482528355437427
0,31220475000,10785532442928,1783482528355822896
0,31252495999,10785532470728,1783482528355850664
3,31296117332,10785533084042,1783482528356464010
2,31296896000,10785533853731,1783482528357233667
1,31309886000,10785546886652,1783482528370266620
0,31316538000,10785553529415,1783482528376909383
3,31328160000,10785740248241,1783482528563628209
1,31341918999,10785740248689,1783482528563628625
2,31328924999,10785740249969,1783482528563629937
0,31348558999,10785740280105,1783482528563660073
1,31373951999,10785740284552,1783482528563664520
2,31360953999,10785740293318,1783482528563673286
2,31392983000,10785740384238,1783482528563764206
0,31380579999,10785740385326,1783482528563765262
1,31405985000,10785740388493,1783482528563768461
2,31425011999,10785740466617,1783482528563846553
0,31412601000,10785740475479,1783482528563855415
1,31438017999,10785740486932,1783482528563866900
3,31424288000,10785740596599,1783482528563976567
3,31456330666,10785740615762,1783482528563995730
3,31488373332,10785740621649,1783482528564001617
0,31444621999,10785740668517,1783482528564048485
3,31520416000,10785757387621,1783482528580767621
2,31521098999,10785758060055,1783482528581440023
1,31534116999,10785771098222,1783482528594478158
0,31508664000,10785949116960,1783482528772496928
3,31552458666,10785949118816,1783482528772498784
2,31553127999,10785949119360,1783482528772499328
1,31566149999,10785949127837,1783482528772507805
0,31540684999,10785949228771,1783482528772608707
2,31585157000,10785949228931,1783482528772608899
1,31662248999,10785949232450,1783482528772612386
0,31572705999,10785949318124,1783482528772698092
2,31681244000,10785949319244,1783482528772699148
1,31694282000,10785949321291,1783482528772701259
0,31604727000,10785949539987,1783482528772919955
3,31584501332,10785949653750,1783482528773033718
3,31616544000,10785949667570,1783482528773047506
3,31648586666,10785949673552,1783482528773053488
3,31712672000,10785949834855,1783482528773214823
2,31713272999,10785950217156,1783482528773597092
1,31726314999,10785963322826,1783482528786702762
0,31732810999,10785969778821,1783482528793158789
3,31744714666,10785981670661,1783482528805050629
2,31745301999,10785982257005,1783482528805636973
1,31758347999,10785995308097,1783482528818688065
0,31764831999,10786001776634,1783482528825156570
3,31776757332,10786013719372,1783482528837099340
2,31777331000,10786014286969,1783482528837666937
1,31790381000,10786027349418,1783482528850729386
0,31796853000,10786033805478,1783482528857185446
2,31809359999,10786046317541,1783482528869697509
1,31822413999,10786059377366,1783482528882757334
1,31854446999,10786212359804,1783482529035739740
2,31841388999,10786212360732,1783482529035740700
3,31808800000,10786212361052,1783482529035740988
0,31828873999,10786212362972,1783482529035742908
0,31860894999,10786212478238,1783482529035858174
3,31840842666,10786212501048,1783482529035881016
3,31872885332,10786212558281,1783482529035938249
0,31892916000,10786212564200,1783482529035944136
3,31904928000,10786212631286,1783482529036011254
0,31924936999,10786212635349,1783482529036015285
2,31873418000,10786212712321,1783482529036092289
2,31905446999,10786212725502,1783482529036105470
2,31937475999,10786212731676,1783482529036111644
1,31886480000,10786212799787,1783482529036179723
1,31918512999,10786212812136,1783482529036192104
1,31950545999,10786212818502,1783482529036198470
1,31982579000,10786421226156,1783482529244606092
0,31988979000,10786421227179,1783482529244607147
3,32001056000,10786421230218,1783482529244610154
2,32001533999,10786421238408,1783482529244618376
3,32033098666,10786421338287,1783482529244718255
0,32020999999,10786421348012,1783482529244727980
1,32014611999,10786421362504,1783482529244742440
3,32065141332,10786421422105,1783482529244802073
0,32053020999,10786421426680,1783482529244806648
1,32046644999,10786421438293,1783482529244818261
0,32085042000,10786421505252,1783482529244885188
1,32078678000,10786421516161,1783482529244896097
3,32097184000,10786421562997,1783482529244942965
2,32033562999,10786421803607,1783482529245183543
2,32065592000,10786421818067,1783482529245198003
2,32097620999,10786421835502,1783482529245215470
3,32193312000,10786430280236,1783482529253660204
2,32193707999,10786430664745,1783482529254044713
1,32206809999,10786443764214,1783482529267144182
0,32213125999,10786450089847,1783482529273469815
3,32225354666,10786462309511,1783482529285689447
2,32225736999,10786462695171,1783482529286075107
1,32238842999,10786475806094,1783482529299185998
0,32245146999,10786482128015,1783482529305507983
3,32257397332,10786494396979,1783482529317776947
2,32257766000,10786494736315,1783482529318116283
1,32270876000,10786507875262,1783482529331255198
0,32277168000,10786514171590,1783482529337551558
3,32289440000,10786526444297,1783482529349824265
2,32289794999,10786526766805,1783482529350146773
1,32302908999,10786539935057,1783482529363315025
0,32309188999,10786546192163,1783482529369572099
3,32321482666,10786558461606,1783482529381841574
2,32321823999,10786558793233,1783482529382173169
1,32334941999,10786571911993,1783482529395291961
0,32341209999,10786578167372,1783482529401547308
3,32353525332,10786590483619,1783482529413863587
2,32353853000,10786590804144,1783482529414184112
1,32366975000,10786603932694,1783482529427312694
0,32373231000,10786610189512,1783482529433569480
1,32399007999,10786735464208,1783482529558844144
0,32469294000,10786735465776,1783482529558845712
2,32385881999,10786735467759,1783482529558847695
3,32385568000,10786735468463,1783482529558848431
2,32417910999,10786735626502,1783482529559006470
3,32417610666,10786735633285,1783482529559013221
1,32431040999,10786735636548,1783482529559016516
2,32449940000,10786735707154,1783482529559087090
3,32449653332,10786735715247,1783482529559095151
1,32463074000,10786735716847,1783482529559096783
0,32501314999,10786738263614,1783482529561643582
0,32533335999,10786770304662,1783482529593684630
3,32481696000,10786944322561,1783482529767702529
1,32495106999,10786944324001,1783482529767703937
2,32481968999,10786944340637,1783482529767720573
0,32565357000,10786944357304,1783482529767737208
2,32513997999,10786944431141,1783482529767811077
0,32597377999,10786944435236,1783482529767815204
1,32527139999,10786944440931,1783482529767820867
3,32513738666,10786944442275,1783482529767822211
2,32546027000,10786944515728,1783482529767895696
0,32629398999,10786944520782,1783482529767900750
3,32545781332,10786944521678,1783482529767901646
1,32559173000,10786944524685,1783482529767904621
0,32661420000,10786944600090,1783482529767980026
1,32591205999,10786944604921,1783482529767984857
2,32578055999,10786944611415,1783482529767991383
3,32577824000,10786944616949,1783482529767996917
1,32719337999,10786956325162,1783482529779705130
0,32725461999,10786962436225,1783482529785816193
3,32738037332,10786975034352,1783482529798414320
2,32738201000,10786975172876,1783482529798552780
2,32770229999,10787153456236,1783482529976836204
1,32751371000,10787153458283,1783482529976838219
0,32757483000,10787153467081,1783482529976847017
3,32834165332,10787153507582,1783482529976887550
3,32866208000,10787153516668,1783482529976896636
3,32898250666,10787153574189,1783482529976954125
0,32789503999,10787153577516,1783482529976957452
2,32802258999,10787153583403,1783482529976963435
1,32783403999,10787153589865,1783482529976969801
2,32834288000,10787153647898,1783482529977027866
0,32821524999,10787153653273,1783482529977033241
1,32815436999,10787153686864,1783482529977066800
2,32866316999,10787153720360,1783482529977100328
0,32853546000,10787153726182,1783482529977106118
1,32847470000,10787153729637,1783482529977109573
