cam,pts_ns,mono_ns,real_ns
0,64041999,10721144145123,1783482463967525091
0,96063000,10721145217322,1783482463968597290
0,128083999,10721148557471,1783482463971937439
0,160104999,10721149692102,1783482463973072070
0,192126000,10721152892634,1783482463976272538
0,224146999,10721153870656,1783482463977250592
0,256167999,10721344355657,1783482464167735625
3,567200000,10721492452041,1783482464315832009
0,288189000,10721501219328,1783482464324599264
0,320209999,10721501238112,1783482464324618048
3,599242666,10721524475729,1783482464347855697
0,352230999,10721533126855,1783482464356506823
0,448293999,10721552979396,1783482464376359364
0,576378000,10721552995108,1783482464376375076
3,631285332,10721556482778,1783482464379862714
3,663328000,10721588520930,1783482464411900866
3,695370666,10721620564043,1783482464443943947
0,608398999,10721629018784,1783482464452398720
3,727413332,10721652600884,1783482464475980852
3,759456000,10721761455710,1783482464584835614
0,640419999,10721761456254,1783482464584836190
0,672441000,10721761479198,1783482464584859134
0,704461999,10721761502910,1783482464584882878
0,736482999,10721761508158,1783482464584888094
3,791498666,10721970087000,1783482464793466936
0,864567000,10721970087832,1783482464793467768
0,896587999,10721970113433,1783482464793493401
3,823541332,10721970144921,1783482464793524889
0,928608999,10721970188857,1783482464793568825
1,1134800000,10722060032812,1783482464883412748
0,960630000,10722068622818,1783482464892002786
0,1056693000,10722068644450,1783482464892024386
3,855584000,10722068709186,1783482464892089154
3,887626666,10722068724258,1783482464892104226
1,1166832999,10722092075796,1783482464915455732
0,1088713999,10722100618058,1783482464923998026
3,1047840000,10722100942188,1783482464924322156
1,1198865999,10722124095453,1783482464947475389
3,1079882666,10722132752723,1783482464956132787
1,1230899000,10722156084997,1783482464979464965
3,1143968000,10722164716315,1783482464988096251
0,1120734999,10722173273489,1783482464996653425
3,1176010666,10722173328913,1783482464996708881
1,1262931999,10722188159598,1783482465011539534
1,1294964999,10722220190615,1783482465043570583
1,1326998000,10722381851500,1783482465205231468
3,1208053332,10722381856620,1783482465205236588
0,1152756000,10722381860876,1783482465205240844
0,1184776999,10722381874060,1783482465205253996
3,1240096000,10722381899276,1783482465205279212
3,1272138666,10722381905964,1783482465205285932
0,1216797999,10722381931692,1783482465205311660
0,1248819000,10722381938220,1783482465205318156
1,1359030999,10722590558695,1783482465413938631
1,1391063999,10722590584455,1783482465413964423
1,1423097000,10722590665608,1783482465414045576
1,1487162999,10722590696200,1783482465414076136
0,1472965999,10722590717352,1783482465414097288
0,1504986999,10722590728328,1783482465414108264
0,1537008000,10722590732968,1783482465414112904
0,1569028999,10722590737192,1783482465414117128
3,1304181332,10722590752584,1783482465414132520
3,1464394666,10722590758952,1783482465414138920
3,1496437332,10722590789064,1783482465414169000
3,1528480000,10722590794216,1783482465414174152
3,1688693332,10722613904025,1783482465437284153
0,1697112999,10722622328142,1783482465445708110
2,1702100000,10722627315149,1783482465450695085
3,1720736000,10722645973826,1783482465469353794
0,1729134000,10722654369911,1783482465477749879
2,1734128999,10722659351734,1783482465482731670
1,1679360999,10722668285678,1783482465491665582
2,1766157999,10722691369790,1783482465514749726
1,1711394000,10722699929876,1783482465523309780
2,1798187000,10722723404519,1783482465546784487
1,1743426999,10722731932157,1783482465555312125
3,1816864000,10722742088476,1783482465565468444
2,1830215999,10722755417904,1783482465578797840
1,1775459999,10722763922533,1783482465587302469
2,1862244999,10722787437720,1783482465610817656
0,1761154999,10722799058593,1783482465622438561
3,1848906666,10722799071713,1783482465622451617
1,1807493000,10722799084865,1783482465622464833
1,1839525999,10722799093537,1783482465622473441
2,1894274000,10723007705084,1783482465831085052
1,1871558999,10723007717500,1783482465831097436
0,1793175999,10723007724252,1783482465831104188
0,1825197000,10723007739868,1783482465831119804
0,1857217999,10723007746876,1783482465831126812
1,1903592000,10723007793437,1783482465831173405
2,1926302999,10723007796093,1783482465831176061
1,1935624999,10723007869277,1783482465831249213
3,1880949332,10723007881117,1783482465831261085
3,1912992000,10723007896797,1783482465831276733
3,1945034666,10723007901597,1783482465831281533
3,1977077332,10723007905661,1783482465831285629
0,1889238999,10723007906365,1783482465831286301
2,1958331999,10723007943261,1783482465831323197
1,1967657999,10723007983134,1783482465831363070
2,1990361000,10723008045022,1783482465831424990
2,2086448000,10723011642709,1783482465835022645
1,2095790000,10723020976271,1783482465844356239
3,2105248000,10723030467915,1783482465853847851
0,2113386000,10723038592317,1783482465861972253
2,2118476999,10723043672509,1783482465867052445
1,2127822999,10723053012408,1783482465876392376
3,2137290666,10723062476051,1783482465885855987
0,2145406999,10723070600230,1783482465893980198
2,2150505999,10723075706662,1783482465899086598
1,2159855999,10723085040640,1783482465908420608
3,2169333332,10723094509052,1783482465917889020
0,2177427999,10723102608558,1783482465925988526
3,2201376000,10723126559844,1783482465949939812
0,2209449000,10723134641399,1783482465958021335
3,2233418666,10723158596717,1783482465981976653
0,2241469999,10723166662400,1783482465990042368
0,2273490999,10723198674696,1783482466022054664
1,2191889000,10723279323073,1783482466102703009
0,2305512000,10723279324641,1783482466102704577
2,2182535000,10723279323137,1783482466102703105
3,2265461332,10723279332193,1783482466102712161
1,2223921999,10723279354882,1783482466102734818
2,2214563999,10723279417346,1783482466102797282
0,2337532999,10723279426466,1783482466102806434
3,2297504000,10723279426946,1783482466102806914
1,2255954999,10723279440290,1783482466102820226
1,2287988000,10723488065917,1783482466311445885
0,2369553999,10723488115453,1783482466311495421
3,2329546666,10723488116157,1783482466311496125
2,2246592999,10723488130269,1783482466311510237
2,2278622000,10723488142878,1783482466311522814
2,2374709000,10723488147806,1783482466311527742
2,2406737999,10723488151934,1783482466311531902
1,2384087000,10723488172894,1783482466311552862
1,2416119999,10723488177758,1783482466311557694
0,2401575000,10723488244606,1783482466311624574
1,2448152999,10723488247422,1783482466311627358
3,2361589332,10723488432063,1783482466311811999
0,2433595999,10723488445183,1783482466311825119
3,2393632000,10723488453151,1783482466311833087
0,2465616999,10723488458656,1783482466311838624
3,2425674666,10723488460736,1783482466311840704
2,2566883000,10723492069014,1783482466315448950
1,2576285000,10723501494065,1783482466324874001
3,2585888000,10723511461936,1783482466334841904
0,2593701000,10723518911230,1783482466342291262
2,2598911999,10723524123679,1783482466347503615
1,2608317999,10723533520026,1783482466356899962
3,2617930666,10723543127734,1783482466366507670
0,2625721999,10723550927111,1783482466374307079
2,2630940999,10723556133479,1783482466379513447
1,2640350999,10723565563971,1783482466388943939
3,2649973332,10723575162239,1783482466398542175
0,2657742999,10723582945487,1783482466406325455
2,2662970000,10723588154448,1783482466411534416
1,2672384000,10723597566827,1783482466420946763
2,2694998999,10723620189561,1783482466443569497
1,2704416999,10723629594260,1783482466452974196
2,2727027999,10723652212801,1783482466475592737
1,2736449999,10723750670346,1783482466574050282
0,2689764000,10723750675690,1783482466574055658
3,2682016000,10723750686058,1783482466574065994
3,2714058666,10723750703754,1783482466574083690
2,2759057000,10723750766027,1783482466574145995
3,2746101332,10723750775627,1783482466574155595
0,2721784999,10723750819755,1783482466574199691
2,2791085999,10723750834283,1783482466574214219
1,2768483000,10723751039660,1783482466574419628
2,2823114999,10723959402982,1783482466782782918
1,2800515999,10723959403782,1783482466782783750
0,2753805999,10723959445862,1783482466782825830
3,2778144000,10723959450246,1783482466782830182
0,2785827000,10723959456614,1783482466782836582
0,2881890000,10723959462694,1783482466782842662
3,2842229332,10723959473478,1783482466782853414
2,2855144000,10723959517446,1783482466782897382
3,2874272000,10723959528871,1783482466782908839
0,2913910999,10723959544935,1783482466782924903
1,2832548999,10723959549351,1783482466782929287
2,2887172999,10723959612455,1783482466782992423
2,2919201999,10723959686312,1783482466783066248
1,2864582000,10723959742184,1783482466783122120
1,2896614999,10723959753544,1783482466783133480
3,2906314666,10723959768008,1783482466783147976
3,3034485332,10723959950345,1783482466783330313
0,3041994999,10723967208439,1783482466790588407
2,3047318000,10723972527480,1783482466795907416
1,3056780000,10723981990547,1783482466805370579
3,3066528000,10723991719184,1783482466815099152
0,3074016000,10723999208127,1783482466822588063
2,3079346999,10724004544417,1783482466827924353
1,3088812999,10724014008476,1783482466837388444
3,3098570666,10724023759481,1783482466847139449
0,3106036999,10724031225960,1783482466854605928
2,3111375999,10724039840990,1783482466863220958
1,3120845999,10724046044805,1783482466869424773
3,3130613332,10724055815042,1783482466879195010
0,3138057999,10724063248976,1783482466886628912
2,3143405000,10724068600434,1783482466891980402
1,3152879000,10724078090061,1783482466901469997
0,3170079000,10724095263481,1783482466918643417
0,3202099999,10724127304994,1783482466950684962
3,3226741332,10724151948860,1783482466975328796
2,3175433999,10724248555865,1783482467071935833
2,3207462999,10724248603193,1783482467071983129
0,3234120999,10724248620954,1783482467072000890
3,3258784000,10724248635930,1783482467072015898
2,3239492000,10724248658426,1783482467072038394
3,3290826666,10724248668698,1783482467072048666
1,3184911999,10724248681722,1783482467072061658
0,3266142000,10724248684090,1783482467072064026
1,3216944999,10724248694298,1783482467072074234
1,3248978000,10724248700378,1783482467072080346
3,3322869332,10724248784155,1783482467072164091
0,3298162999,10724248805083,1783482467072185051
2,3271520999,10724248815579,1783482467072195547
1,3281010999,10724248832571,1783482467072212539
3,3354912000,10724457396854,1783482467280776822
0,3330183999,10724457402486,1783482467280782422
2,3335579000,10724457402262,1783482467280782198
3,3386954666,10724457428566,1783482467280808534
1,3345077000,10724457491318,1783482467280871286
1,3377109999,10724457503094,1783482467280883030
3,3418997332,10724457507222,1783482467280887190
0,3362205000,10724457529974,1783482467280909910
1,3473208999,10724457592855,1783482467280972791
0,3394225999,10724457661815,1783482467281041783
0,3426246999,10724457676279,1783482467281056215
3,3451040000,10724457698551,1783482467281078519
1,3505241999,10724457746776,1783482467281126744
2,3367607999,10724457975833,1783482467281355801
2,3399636999,10724457990041,1783482467281370009
2,3495723999,10724458015545,1783482467281395513
1,3537275000,10724462456565,1783482467285836501
3,3547168000,10724472367571,1783482467295747539
0,3554331000,10724479522752,1783482467302902688
2,3559781999,10724484970914,1783482467308350882
1,3569307999,10724494511870,1783482467317891838
3,3579210666,10724504398300,1783482467327778268
0,3586351999,10724511659625,1783482467335039561
2,3591810999,10724517011851,1783482467340391787
1,3601340999,10724526597351,1783482467349977319
3,3611253332,10724536449029,1783482467359828997
0,3618372999,10724543581201,1783482467366961137
2,3623840000,10724549036276,1783482467372416180
1,3633374000,10724558566671,1783482467381946607
3,3643296000,10724568481453,1783482467391861357
0,3650394000,10724575601786,1783482467398981754
2,3655868999,10724581069404,1783482467404449340
3,3675338666,10724600530198,1783482467423910134
0,3682414999,10724753597685,1783482467576977589
1,3665406999,10724753601621,1783482467576981589
3,3707381332,10724753602581,1783482467576982517
2,3687897999,10724753605365,1783482467576985333
0,3714435999,10724753625493,1783482467577005429
0,3746457000,10724753712822,1783482467577092758
3,3739424000,10724753720278,1783482467577100246
1,3697439999,10724753734262,1783482467577114230
2,3719927000,10724753749526,1783482467577129494
2,3751955999,10724753792502,1783482467577172470
3,3771466666,10724753813303,1783482467577193239
1,3729473000,10724753833975,1783482467577213911
0,3778477999,10724753845719,1783482467577225655
2,3783984999,10724753879031,1783482467577258999
3,3803509332,10724753894807,1783482467577274775
1,3761505999,10724754053656,1783482467577433592
0,3842520000,10724767703278,1783482467591083246
3,3835552000,10724962446354,1783482467785826322
2,3848042999,10724962446322,1783482467785826258
1,3857604999,10724962454354,1783482467785834322
0,3874540999,10724962456658,1783482467785836626
1,3889637999,10724962482802,1783482467785862738
0,3906561999,10724962552338,1783482467785932306
1,3921671000,10724962562450,1783482467785942418
2,3880071999,10724962630547,1783482467786010515
2,3912101000,10724962640979,1783482467786020915
0,3938583000,10724962645011,1783482467786024947
3,3867594666,10724962712691,1783482467786092627
0,3970603999,10724962713651,1783482467786093619
3,3899637332,10724962730771,1783482467786110739
1,3953703999,10724962737139,1783482467786117107
3,3931680000,10724962738259,1783482467786118195
2,3944129999,10724962824244,1783482467786204212
2,4040216999,10724965399300,1783482467788779236
1,4049802999,10724974979296,1783482467798359264
3,4059850666,10724985050463,1783482467808430431
0,4066666999,10724991865034,1783482467815244970
2,4072245999,10724997444845,1783482467820824781
1,4081835999,10725007044073,1783482467830424009
3,4091893332,10725017087528,1783482467840467496
0,4098687999,10725023884787,1783482467847264755
2,4104275000,10725029464726,1783482467852844662
1,4113869000,10725039062002,1783482467862441970
3,4123936000,10725049134673,1783482467872514641
0,4130709000,10725055894683,1783482467879274651
2,4136303999,10725061490142,1783482467884870078
1,4145901999,10725071090874,1783482467894470874
3,4155978666,10725081163641,1783482467904543577
0,4162729999,10725087905028,1783482467911284996
2,4168332999,10725093516551,1783482467916896487
1,4177934999,10725103115395,1783482467926495363
3,4188021332,10725113200674,1783482467936580610
0,4194750999,10725119934412,1783482467943314380
1,4209968000,10725135153772,1783482467958533708
1,4242000999,10725288139082,1783482468111519050
0,4290813999,10725288140778,1783482468111520746
2,4200362000,10725288166154,1783482468111546122
3,4220064000,10725288173130,1783482468111553098
2,4232390999,10725288267275,1783482468111647211
0,4322835000,10725288274059,1783482468111654027
3,4252106666,10725288279723,1783482468111659659
1,4274033999,10725288294955,1783482468111674923
0,4354855999,10725288359404,1783482468111739340
2,4264419999,10725288361964,1783482468111741900
3,4284149332,10725288380076,1783482468111760044
1,4306067000,10725288432396,1783482468111812332
1,4338099999,10725288518380,1783482468111898348
3,4316192000,10725288602637,1783482468111982573
2,4296449000,10725288618221,1783482468111998189
0,4386876999,10725312043552,1783482468135423520
3,4380277332,10725497089671,1783482468320469639
1,4370132999,10725497090887,1783482468320470855
2,4392536000,10725497132456,1783482468320512424
0,4418898000,10725497135304,1783482468320515272
2,4424564999,10725497157032,1783482468320537000
0,4450918999,10725497209128,1783482468320589096
1,4402166000,10725497216520,1783482468320596488
0,4482939999,10725497292073,1783482468320672041
1,4434198999,10725497295881,1783482468320675817
0,4514961000,10725497513578,1783482468320893546
2,4456593999,10725497730123,1783482468321110091
1,4466231999,10725497740651,1783482468321120587
2,4488623000,10725497742603,1783482468321122539
3,4412320000,10725497776684,1783482468321156652
3,4444362666,10725497806348,1783482468321186316
3,4476405332,10725497822636,1783482468321202604
0,4579002999,10725504198804,1783482468327578772
2,4584710000,10725509910584,1783482468333290552
1,4594364000,10725519561268,1783482468342941364
0,4611024000,10725536224380,1783482468359604316
2,4616738999,10725541930496,1783482468365310464
1,4626396999,10725551594205,1783482468374974173
3,4636618666,10725561810845,1783482468385190813
0,4643044999,10725568242021,1783482468391621989
2,4648767999,10725573950089,1783482468397330057
1,4658429999,10725583612101,1783482468406992069
3,4668661332,10725593849894,1783482468417229830
0,4675065999,10725600254830,1783482468423634766
2,4680797000,10725605979890,1783482468429359826
1,4690463000,10725615651054,1783482468439031022
3,4700704000,10725625894510,1783482468449274446
0,4707087000,10725632265270,1783482468455645238
2,4712825999,10725638012666,1783482468461392730
1,4722495999,10725647691319,1783482468471071255
3,4732746666,10725657929687,1783482468481309655
2,4744854999,10725670039203,1783482468493419139
3,4764789332,10725689982720,1783482468513362656
2,4776884000,10725823003489,1783482468646383425
0,4739107999,10725823003969,1783482468646383905
1,4754528999,10725823004513,1783482468646384449
3,4796832000,10725823006785,1783482468646386753
2,4808912999,10725823116738,1783482468646496674
0,4771128999,10725823124866,1783482468646504802
1,4786562000,10725823130594,1783482468646510562
3,4828874666,10725823146850,1783482468646526818
3,4860917332,10725823204035,1783482468646583971
0,4803150000,10725823213059,1783482468646593027
1,4882661000,10725823234307,1783482468646614275
2,4904999999,10725830207406,1783482468653587374
1,4914693999,10726031799005,1783482468855178941
3,4892960000,10726031805565,1783482468855185533
2,4937028999,10726031813758,1783482468855193726
0,4835170999,10726031822462,1783482468855202398
1,4946726999,10726031824574,1783482468855204542
0,4899213000,10726031840286,1783482468855220254
2,4969058000,10726031894110,1783482468855274046
0,4931233999,10726031896350,1783482468855276286
1,4978760000,10726031900222,1783482468855280158
3,4925002666,10726031912094,1783482468855292030
3,4957045332,10726031984479,1783482468855364415
0,4963254999,10726031991871,1783482468855371839
1,5010792999,10726032017631,1783482468855397599
2,5001086999,10726032065823,1783482468855445759
3,4989088000,10726032191328,1783482468855571296
2,5033115999,10726032262752,1783482468855642688
1,5106891999,10726032267584,1783482468855647552
3,5117258666,10726042465920,1783482468865845888
0,5123359999,10726048545606,1783482468871925574
2,5129202999,10726054402315,1783482468877782283
1,5138924999,10726064111304,1783482468887491240
3,5149301332,10726074482281,1783482468897862217
0,5155380999,10726080556335,1783482468903936271
2,5161232000,10726086421076,1783482468909801044
1,5170958000,10726096138897,1783482468919518865
3,5181344000,10726106520434,1783482468929900370
0,5187402000,10726112592504,1783482468935972472
2,5193260999,10726118443964,1783482468941823932
1,5202990999,10726128172377,1783482468951552313
3,5213386666,10726138572218,1783482468961952186
0,5219422999,10726144604160,1783482468967984128
2,5225289999,10726150483109,1783482468973863077
1,5235023999,10726160216386,1783482468983596354
3,5245429332,10726170630883,1783482468994010851
0,5251443999,10726176660425,1783482469000040393
2,5257319000,10726182516238,1783482469005896206
1,5267057000,10726192241675,1783482469015621643
0,5283465000,10726208644017,1783482469032023985
1,5299089999,10726361685680,1783482469185065648
0,5315485999,10726361687568,1783482469185067504
3,5277472000,10726361708049,1783482469185088017
2,5289347999,10726361711697,1783482469185091633
3,5309514666,10726361733617,1783482469185113585
3,5341557332,10726361788145,1783482469185168049
1,5331122999,10726361790929,1783482469185170929
2,5321376999,10726361791185,1783482469185171121
0,5347506999,10726361807889,1783482469185187857
2,5353406000,10726361868402,1783482469185248370
0,5379528000,10726361872466,1783482469185252402
3,5373600000,10726361877234,1783482469185257170
1,5363156000,10726361885970,1783482469185265938
2,5385434999,10726361945362,1783482469185325362
0,5411548999,10726361950354,1783482469185330290
1,5395188999,10726361962162,1783482469185342162
3,5437685332,10726362864728,1783482469186244696
0,5443569999,10726570510541,1783482469393890509
3,5469728000,10726570512365,1783482469393892333
1,5459255000,10726570513133,1783482469393893069
2,5449493000,10726570522925,1783482469393902893
0,5475591000,10726570609709,1783482469393989677
2,5481521999,10726570611373,1783482469393991309
1,5491287999,10726570614989,1783482469393994957
2,5513550999,10726570684622,1783482469394064558
0,5507611999,10726570689390,1783482469394069390
0,5539632999,10726570760270,1783482469394140206
1,5523320999,10726570779151,1783482469394159087
1,5555354000,10726570787663,1783482469394167599
2,5545580000,10726570857487,1783482469394237455
3,5501770666,10726571071280,1783482469394451216
3,5533813332,10726571102673,1783482469394482641
3,5565856000,10726571108689,1783482469394488657
1,5651453000,10726576633331,1783482469400013299
3,5661984000,10726587164533,1783482469410544501
2,5673695999,10726598893087,1783482469422273023
1,5683485999,10726608666076,1783482469432046012
3,5694026666,10726619212414,1783482469442592350
0,5699737999,10726624926306,1783482469448306242
2,5705724999,10726630913351,1783482469454293287
1,5715518999,10726640712645,1783482469464092581
3,5726069332,10726651253991,1783482469474633959
0,5731758999,10726656945418,1783482469480325386
2,5737754000,10726662952592,1783482469486332560
1,5747552000,10726672738861,1783482469496118829
3,5758112000,10726683311472,1783482469506691408
0,5763780000,10726688972883,1783482469512352819
2,5769782999,10726694973977,1783482469518353977
1,5779584999,10726704766262,1783482469528146230
3,5790154666,10726715336312,1783482469538716248
0,5795800999,10726720984924,1783482469544364860
2,5801811999,10726726989793,1783482469550369729
1,5811617999,10726736791679,1783482469560171647
3,5822197332,10726747388609,1783482469570768577
0,5827821999,10726753001284,1783482469576381252
2,5833841000,10726759021610,1783482469582401546
0,5859843000,10726785020301,1783482469608400269
0,5891863999,10726903628340,1783482469727008308
1,5843651000,10726903628948,1783482469727008884
2,5865869999,10726903632276,1783482469727012212
3,5854240000,10726903635604,1783482469727015540
2,5897898999,10726903773877,1783482469727153845
3,5886282666,10726903777685,1783482469727157621
0,5923884999,10726903782165,1783482469727162101
1,5875683999,10726903800533,1783482469727180469
2,5929928000,10726903862294,1783482469727242230
3,5918325332,10726903863766,1783482469727243734
0,5955906000,10726903870742,1783482469727250710
1,5907716999,10726903885398,1783482469727265302
2,5961956999,10727112456561,1783482469935836529
0,5987926999,10727112457009,1783482469935836945
3,5950368000,10727112462737,1783482469935842705
1,5939750000,10727112468561,1783482469935848497
1,6003815999,10727112481169,1783482469935861105
0,6019947999,10727112560625,1783482469935940593
2,5993985999,10727112569425,1783482469935949393
2,6026015000,10727112641042,1783482469936021010
1,6035849000,10727112649170,1783482469936029138
1,6067881999,10727112657938,1783482469936037874
0,6051969000,10727112746930,1783482469936126898
2,6058043999,10727112776979,1783482469936156915
3,6046496000,10727112778931,1783482469936158867
3,6078538666,10727112793907,1783482469936173875
3,6110581332,10727112801171,1783482469936181139
0,6083989999,10727112862163,1783482469936242131
1,6196013999,10727121201767,1783482469944581703
3,6206709332,10727131891978,1783482469955272042
0,6212073999,10727137250892,1783482469960630860
2,6218189000,10727143377938,1783482469966757906
3,6238752000,10727163950227,1783482469987330195
0,6244095000,10727169274037,1783482469992654005
3,6270794666,10727195977148,1783482470019357148
0,6276115999,10727201298717,1783482470024678685
1,6292112999,10727217299714,1783482470040679650
3,6302837332,10727228054885,1783482470051434821
0,6308136999,10727233326982,1783482470056706918
2,6314276000,10727239461836,1783482470062841772
1,6324146000,10727249341514,1783482470072721578
3,6334880000,10727260055309,1783482470083435245
0,6340158000,10727265346287,1783482470088726287
2,6346304999,10727271484277,1783482470094864245
1,6356178999,10727281366003,1783482470104745971
2,6378333999,10727303514622,1783482470126894590
1,6388211999,10727313387676,1783482470136767612
0,6372178999,10727321857937,1783482470145237873
3,6366922666,10727321866961,1783482470145246897
2,6410363000,10727335545831,1783482470158925831
1,6420245000,10727345437541,1783482470168817477
2,6442391999,10727367573615,1783482470190953519
1,6452277999,10727377460813,1783482470200840749
2,6474420999,10727530439500,1783482470353819436
1,6484310999,10727530448396,1783482470353828332
0,6404199999,10727530451596,1783482470353831564
3,6398965332,10727530466508,1783482470353846476
2,6506450000,10727530564397,1783482470353944333
0,6436221000,10727530580973,1783482470353960941
1,6516344000,10727530592077,1783482470353972045
2,6538478999,10727530650029,1783482470354029997
0,6468241999,10727530659821,1783482470354039789
1,6548376999,10727530673549,1783482470354053517
3,6431008000,10727530807470,1783482470354187438
0,6500262999,10727530810222,1783482470354190158
2,6570507999,10727530818510,1783482470354198446
3,6463050666,10727530821102,1783482470354201070
3,6495093332,10727530828462,1783482470354208430
1,6580409999,10727530833486,1783482470354213454
2,6634565999,10727739353545,1783482470562733513
1,6612443000,10727739353737,1783482470562733673
0,6628347000,10727739398121,1783482470562778057
0,6660367999,10727739407081,1783482470562787049
0,6692388999,10727739412361,1783482470562792265
3,6623264000,10727739420809,1783482470562800777
3,6655306666,10727739438089,1783482470562818025
2,6666594999,10727739479722,1783482470562859658
3,6687349332,10727739492650,1783482470562872618
0,6724410000,10727739503402,1783482470562883338
1,6644475999,10727739505258,1783482470562885194
3,6719392000,10727739520362,1783482470562900330
1,6676508999,10727739589674,1783482470562969610
2,6698624000,10727739591114,1783482470562971082
1,6708542000,10727739653611,1783482470563033579
2,6730652999,10727739723819,1783482470563103755
3,6815520000,10727740704241,1783482470564084241
0,6820473000,10727745673936,1783482470569053904
3,6847562666,10727772758426,1783482470596138330
0,6852493999,10727777678201,1783482470601058169
2,6826739999,10727948261990,1783482470771641926
1,6836673999,10727948262086,1783482470771642054
2,6858768999,10727948306470,1783482470771686406
2,6890798000,10727948312582,1783482470771692518
3,6879605332,10727948321286,1783482470771701222
1,6868706999,10727948322342,1783482470771702310
0,6884514999,10727948325062,1783482470771704998
1,6900740000,10727948329254,1783482470771709190
1,6932772999,10727948420583,1783482470771800519
3,6911648000,10727948421031,1783482470771800999
2,6922826999,10727948584936,1783482470771964904
3,6943690666,10727948621096,1783482470772001064
3,6975733332,10727948643368,1783482470772023304
0,6916536000,10727948839594,1783482470772219530
0,6948556999,10727948867082,1783482470772247050
0,6980577999,10727948873322,1783482470772253258
1,7028871999,10727954060746,1783482470777440682
2,7050942999,10727976140469,1783482470799520405
3,7039818666,10727984635274,1783482470808015242
1,7060904999,10727986091123,1783482470809471123
2,7082972000,10728008153245,1783482470831533181
3,7071861332,10728016622034,1783482470840001970
1,7092938000,10728018130940,1783482470841510908
0,7108662000,10728033863198,1783482470857243134
2,7115000999,10728040185766,1783482470863565702
3,7103904000,10728040284679,1783482470863664615
1,7124970999,10728050158020,1783482470873538020
3,7135946666,10728061130793,1783482470884510761
0,7140682999,10728065870887,1783482470889250823
2,7147029999,10728072210383,1783482470895590351
1,7157003999,10728082177485,1783482470905557421
0,7172703999,10728097876335,1783482470921256271
2,7179059000,10728104239191,1783482470927619127
1,7189037000,10728114207446,1783482470937587382
0,7204725000,10728129919576,1783482470953299512
2,7211087999,10728136269600,1783482470959649568
0,7236745999,10728267364534,1783482471090744502
3,7167989332,10728267376854,1783482471090756790
2,7243116999,10728267384854,1783482471090764790
1,7221069999,10728267388886,1783482471090768854
2,7275146000,10728267480342,1783482471090860310
0,7268766999,10728267490774,1783482471090870710
3,7200032000,10728267493366,1783482471090873334
1,7253102999,10728267508822,1783482471090888790
2,7307174999,10728267574135,1783482471090954071
3,7232074666,10728267582487,1783482471090962423
0,7300788000,10728267585591,1783482471090965559
1,7285136000,10728267598967,1783482471090978935
1,7317168999,10728476200434,1783482471299580370
0,7332808999,10728476205138,1783482471299585106
3,7264117332,10728476217106,1783482471299597042
2,7339203999,10728476219282,1783482471299599250
3,7360245332,10728476236691,1783482471299616659
3,7456373332,10728476242035,1783482471299622003
3,7488416000,10728476316275,1783482471299696211
0,7364829999,10728476321907,1783482471299701843
1,7349201999,10728476332467,1783482471299712403
2,7371233000,10728476350227,1783482471299730163
2,7403261999,10728476421844,1783482471299801780
0,7396851000,10728476435156,1783482471299815124
1,7381235000,10728476532820,1783482471299912788
1,7413267999,10728476558517,1783482471299938453
2,7435290999,10728476567829,1783482471299947797
0,7428871999,10728476581941,1783482471299961909
3,7552501332,10728477688444,1783482471301068380
0,7556955999,10728482175352,1783482471305555352
2,7563407000,10728488624448,1783482471312004384
1,7573433000,10728498644927,1783482471322024895
3,7584544000,10728509742277,1783482471333122213
0,7588977000,10728518314298,1783482471341694266
2,7595435999,10728520632105,1783482471344012041
1,7605465999,10728530688424,1783482471354068456
3,7616586666,10728541786029,1783482471365165997
3,7648629332,10728573839030,1783482471397218998
0,7620997999,10728726892085,1783482471550272053
0,7653018999,10728726957814,1783482471550337782
3,7680672000,10728726959574,1783482471550339510
2,7627464999,10728726959990,1783482471550339926
0,7685040000,10728726965590,1783482471550345526
2,7723551999,10728726972854,1783482471550352790
1,7701564999,10728727066582,1783482471550446550
3,7712714666,10728727101367,1783482471550481303
1,7733597999,10728727109335,1783482471550489303
1,7765631000,10728727115991,1783482471550495959
1,7797663999,10728727121207,1783482471550501175
0,7717060999,10728727190231,1783482471550570199
3,7744757332,10728727294328,1783482471550674264
2,7755581000,10728727566970,1783482471550946938
2,7787609999,10728727598810,1783482471550978746
0,7813123999,10728738297469,1783482471561677437
1,7829696999,10728754885541,1783482471578265509
1,7861730000,10728935795346,1783482471759175314
0,7845144999,10728935801299,1783482471759181235
2,7819638999,10728935810931,1783482471759190867
2,7851668000,10728935823283,1783482471759203251
3,7776800000,10728935854099,1783482471759234067
1,7893762999,10728935900883,1783482471759280819
1,7925795999,10728935976084,1783482471759356020
1,7957829000,10728936075188,1783482471759455156
2,7883696999,10728936135573,1783482471759515573
2,7915725999,10728936147573,1783482471759527509
3,7808842666,10728936313494,1783482471759693462
3,7840885332,10728936323254,1783482471759703190
3,7872928000,10728936328598,1783482471759708566
0,7877166000,10728936381014,1783482471759760950
0,7909186999,10728936396790,1783482471759776726
0,7941207999,10728936401750,1783482471759781718
2,8011812999,10728936996058,1783482471760375994
1,8021894999,10728947096889,1783482471770476825
3,8033141332,10728958340032,1783482471781719968
0,8037270999,10728962456986,1783482471785836954
2,8043842000,10728969057763,1783482471792437731
1,8053928000,10729144803248,1783482471968183184
2,8075870999,10729144806384,1783482471968186320
3,8065184000,10729144839825,1783482471968219793
0,8069292000,10729144841073,1783482471968221041
3,8097226666,10729144849073,1783482471968229041
3,8129269332,10729144854033,1783482471968234001
3,8161312000,10729144904241,1783482471968284177
0,8101312999,10729144911089,1783482471968291057
1,8085960999,10729144914481,1783482471968294417
0,8133333999,10729144999826,1783482471968379762
1,8117993999,10729145015314,1783482471968395250
2,8107899999,10729145359508,1783482471968739444
2,8139929000,10729145374644,1783482471968754580
3,8225397332,10729150611989,1783482471973991925
3,8257440000,10729353640973,1783482472177020909
1,8150027000,10729353680941,1783482472177060877
1,8246126000,10729353690765,1783482472177070701
1,8278158999,10729353695629,1783482472177075565
3,8289482666,10729353739470,1783482472177119438
2,8171957999,10729353757134,1783482472177137102
1,8310191999,10729353775566,1783482472177155534
0,8165355000,10729353782382,1783482472177162318
2,8236016000,10729353785774,1783482472177165742
3,8321525332,10729353821390,1783482472177201358
0,8229396999,10729353836302,1783482472177216270
2,8268044999,10729353838286,1783482472177218222
2,8300073999,10729353844046,1783482472177223982
0,8261418000,10729353847534,1783482472177227470
0,8293438999,10729353869999,1783482472177249967
3,8353568000,10729353907503,1783482472177287471
1,8438324000,10729363515883,1783482472186895947
3,8449696000,10729374881522,1783482472198261490
2,8460218999,10729385427988,1783482472208807956
1,8470356999,10729395551956,1783482472218931892
3,8481738666,10729406929755,1783482472230309691
2,8492247999,10729417462461,1783482472240842461
1,8502389999,10729427595837,1783482472250975805
3,8513781332,10729438981252,1783482472262361252
0,8517585999,10729442786044,1783482472266165980
2,8524277000,10729449487622,1783482472272867590
1,8534423000,10729459618565,1783482472282998501
3,8545824000,10729471018893,1783482472294398829
0,8549607000,10729474804132,1783482472298184100
2,8556305999,10729481512046,1783482472304892014
1,8566455999,10729491662094,1783482472315042062
0,8581627999,10729506830669,1783482472330210605
2,8588334999,10729513559063,1783482472336938999
1,8598488999,10729523693175,1783482472347073111
0,8613648999,10729538851670,1783482472362231670
0,8645670000,10729570868510,1783482472394248478
0,8677690999,10729602879687,1783482472426259655
1,8630522000,10729644622925,1783482472468002861
0,8709711999,10729644627853,1783482472468007821
2,8620364000,10729644635437,1783482472468015373
3,8577866666,10729644623789,1783482472468003757
0,8741733000,10729853211112,1783482472676591048
2,8652392999,10729853215944,1783482472676595912
2,8684421999,10729853238696,1783482472676618664
2,8716451000,10729853244680,1783482472676624616
3,8609909332,10729853264808,1783482472676644744
3,8641952000,10729853273384,1783482472676653352
3,8673994666,10729853277896,1783482472676657864
3,8738080000,10729853281960,1783482472676661928
1,8662554999,10729853295401,1783482472676675369
1,8694587999,10729853354345,1783482472676734313
0,8773753999,10729853356841,1783482472676736777
1,8726621000,10729853364937,1783482472676744873
2,8748479999,10729853369193,1783482472676749161
0,8805774999,10729853514858,1783482472676894794
1,8758653999,10729853675755,1783482472677055723
0,8837796000,10729853897484,1783482472677277452
3,8930336000,10729855518742,1783482472678898678
0,8933859000,10729859035212,1783482472682415116
2,8940653999,10729865843063,1783482472689222999
1,8950851999,10729876042967,1783482472699422935
3,8962378666,10729887574975,1783482472710954943
0,8965879999,10729891077589,1783482472714457557
2,8972682999,10729897867840,1783482472721247808
1,8982884999,10729908052576,1783482472731432544
3,8994421332,10729919604456,1783482472742984392
0,8997900999,10729923079966,1783482472746459902
2,9004712000,10729929896905,1783482472753276841
1,9014918000,10729940090408,1783482472763470344
3,9026464000,10729951659761,1783482472775039729
2,9036740999,10729961933841,1783482472785313873
3,9058506666,10729983706138,1783482472807086074
3,9090549332,10730015731139,1783482472839111107
1,9111017000,10730036196579,1783482472859576643
2,9132827999,10730058039404,1783482472881419372
1,9143049999,10730082839815,1783482472906219783
0,9029922000,10730082841319,1783482472906221255
3,9122592000,10730082854215,1783482472906234119
2,9164856999,10730090039764,1783482472913419700
0,9061942999,10730291398882,1783482473114778850
1,9175082999,10730291399842,1783482473114779778
2,9196886000,10730291433858,1783482473114813762
3,9154634666,10730291437890,1783482473114817858
0,9093963999,10730291457571,1783482473114837539
1,9207116000,10730291462947,1783482473114842851
0,9125985000,10730291463907,1783482473114843843
3,9186677332,10730291549315,1783482473114929283
0,9158005999,10730291566019,1783482473114945987
2,9228914999,10730291588963,1783482473114968899
2,9260943999,10730291644612,1783482473115024548
3,9218720000,10730291680612,1783482473115060580
3,9250762666,10730291713476,1783482473115093444
2,9292973000,10730291841701,1783482473115221637
1,9239148999,10730292017030,1783482473115396966
1,9271181999,10730292039590,1783482473115419558
1,9367280999,10730292464329,1783482473115844265
3,9378933332,10730304111506,1783482473127491442
0,9382152999,10730307331430,1783482473130711366
2,9389060000,10730314252177,1783482473137632145
1,9399314000,10730324499410,1783482473147879378
3,9410976000,10730336158491,1783482473159538459
0,9414174000,10730339365871,1783482473162745839
2,9421088999,10730346275002,1783482473169654938
1,9431346999,10730356532794,1783482473179912730
3,9443018666,10730368211844,1783482473191591812
0,9446194999,10730371384728,1783482473194764696
2,9453117999,10730378310243,1783482473201690211
1,9463379999,10730388564899,1783482473211944867
3,9475061332,10730400240172,1783482473223620108
0,9478215999,10730403392704,1783482473226772672
2,9485147000,10730410377292,1783482473233757260
1,9495413000,10730420609260,1783482473243989196
0,9510237000,10730435436521,1783482473258816489
0,9542257999,10730467448146,1783482473290828082
2,9517175999,10730573543371,1783482473396923339
3,9507104000,10730573544171,1783482473396924107
0,9574278999,10730573580299,1783482473396960267
1,9527445999,10730573594443,1783482473396974411
3,9539146666,10730573649963,1783482473397029931
2,9549204999,10730573655307,1783482473397035275
0,9606300000,10730573657227,1783482473397037163
1,9559478999,10730573670667,1783482473397050635
2,9581234000,10730573743564,1783482473397123532
3,9571189332,10730573748076,1783482473397128012
1,9591512000,10730573756332,1783482473397136268
0,9638320999,10730573771564,1783482473397151500
2,9613262999,10730782326567,1783482473605706535
3,9603232000,10730782336935,1783482473605716871
2,9677321000,10730782351015,1783482473605730983
1,9623544999,10730782351879,1783482473605731847
3,9667317332,10730782353799,1783482473605733735
0,9670341999,10730782354087,1783482473605734023
2,9709349999,10730782418088,1783482473605798056
3,9699360000,10730782424200,1783482473605804200
0,9702363000,10730782432424,1783482473605812392
1,9655577999,10730782445160,1783482473605825096
3,9731402666,10730782581897,1783482473605961833
0,9734383999,10730782588873,1783482473605968841
2,9741378999,10730782621673,1783482473606001641
1,9687611000,10730782739018,1783482473606118986
1,9719643999,10730782770506,1783482473606150474
0,9766404999,10730782781962,1783482473606161898
3,9859573332,10730784751446,1783482473608131414
2,9869495000,10730794683029,1783482473618063029
1,9879809000,10730804988021,1783482473628367989
3,9891616000,10730816818015,1783482473640197951
2,9901523999,10730826711869,1783482473650091837
1,9911841999,10730837026590,1783482473660406494
3,9923658666,10730848854568,1783482473672234536
0,9926509999,10730851692922,1783482473675072858
2,9933552999,10730858735846,1783482473682115814
1,9943874999,10730869081223,1783482473692461191
3,9955701332,10730880885521,1783482473704265489
0,9958530999,10730883706211,1783482473707086179
2,9965582000,10730890770735,1783482473714150703
1,9975908000,10730901092016,1783482473724471920
3,9987744000,10730912924026,1783482473736303994
0,9990552000,10730915723147,1783482473739103115
2,9997610999,10730922791160,1783482473746171096
1,10007940999,10730933123288,1783482473756503224
3,10019786666,10730944966915,1783482473768346851
0,10022572999,10730947749620,1783482473771129588
2,10029639999,10730954819232,1783482473778199168
0,10054593999,10730979765213,1783482473803145181
2,10061669000,10731075818199,1783482473899198167
3,10051829332,10731075819415,1783482473899199383
0,10086615000,10731075821815,1783482473899201751
1,10039973999,10731075823383,1783482473899203287
1,10072007000,10731075957848,1783482473899337816
0,10118635999,10731075960152,1783482473899340088
2,10093697999,10731075961624,1783482473899341592
3,10083872000,10731076416442,1783482473899796410
3,10115914666,10731284586323,1783482474107966291
1,10104039999,10731284592115,1783482474107972083
0,10150656999,10731284606355,1783482474107986323
3,10147957332,10731284610643,1783482474107990643
2,10125726999,10731284614611,1783482474107994579
1,10136072999,10731284620211,1783482474108000179
0,10182678000,10731284688180,1783482474108068148
2,10157756000,10731284690196,1783482474108070132
1,10168106000,10731284693012,1783482474108072980
0,10214698999,10731284772404,1783482474108152372
1,10200138999,10731284849461,1783482474108229429
0,10246719999,10731284914069,1783482474108294037
2,10189784999,10731285088822,1783482474108468758
2,10221813999,10731285099862,1783482474108479798
3,10180000000,10731285159863,1783482474108539799
3,10276128000,10731285171063,1783482474108550999
1,10360304000,10731285481561,1783482474108861497
3,10372256000,10731297453764,1783482474120833732
0,10374804000,10731299986740,1783482474123366708
2,10381958999,10731307154849,1783482474130534817
1,10392336999,10731317523650,1783482474140903618
3,10404298666,10731329480589,1783482474152860525
0,10406824999,10731332014877,1783482474155394813
2,10413987999,10731339171817,1783482474162551817
1,10424369999,10731349547306,1783482474172927274
3,10436341332,10731361522453,1783482474184902421
0,10438845999,10731364025445,1783482474187405413
2,10446017000,10731371200850,1783482474194580850
3,10468384000,10731393558046,1783482474216937982
0,10470867000,10731396035150,1783482474219415118
3,10500426666,10731425630695,1783482474249010631
0,10502887999,10731428027286,1783482474251407222
1,10520468999,10731445651301,1783482474269031269
3,10532469332,10731457669616,1783482474281049584
2,10542104000,10731467312109,1783482474290692045
1,10552502000,10731477697422,1783482474301077486
2,10574132999,10731499337237,1783482474322717237
1,10584534999,10731509715030,1783482474333094966
2,10606161999,10731610639343,1783482474434019279
3,10564512000,10731610640015,1783482474434019951
0,10534908999,10731610640047,1783482474434019983
1,10616567999,10731610646607,1783482474434026543
2,10638191000,10731610661551,1783482474434041519
0,10566930000,10731610667087,1783482474434047055
2,10670219999,10731610742032,1783482474434122000
0,10598950999,10731610753616,1783482474434133552
1,10648601000,10731610755184,1783482474434135152
3,10596554666,10731610799248,1783482474434179216
3,10628597332,10731610848144,1783482474434228080
0,10630971999,10731610864944,1783482474434244912
1,10680633999,10731610873552,1783482474434253488
2,10702248999,10731627446072,1783482474450826040
1,10712666999,10731819433836,1783482474642813772
3,10660640000,10731819435116,1783482474642815052
2,10734278000,10731819435852,1783482474642815788
0,10695013999,10731819467020,1783482474642846956
2,10766306999,10731819542124,1783482474642922060
0,10727034999,10731819548044,1783482474642927980
3,10692682666,10731819558220,1783482474642938156
1,10744700000,10731819565997,1783482474642945965
0,10759056000,10731819647853,1783482474643027821
2,10798335999,10731819648717,1783482474643028653
3,10724725332,10731819661677,1783482474643041613
1,10776732999,10731819675437,1783482474643055405
3,10756768000,10731819746478,1783482474643126414
0,10791076999,10731819758798,1783482474643138766
1,10808765999,10731819767662,1783482474643147630
2,10830365000,10731819843470,1783482474643223406
2,10894422999,10731819853006,1783482474643232942
1,10904864999,10731830044142,1783482474653424078
3,10916981332,10731842176410,1783482474665556346
0,10919160999,10731844336840,1783482474667716808
3,10949024000,10732028419594,1783482474851799530
1,10936898000,10732028419530,1783482474851799498
2,10926452000,10732028424074,1783482474851804010
3,10981066666,10732028448074,1783482474851828042
0,10951182000,10732028454026,1783482474851833994
0,10983202999,10732028464554,1783482474851844522
3,11013109332,10732028471050,1783482474851850986
3,11045152000,10732028521194,1783482474851901162
1,10968930999,10732028529610,1783482474851909578
2,10958480999,10732028533450,1783482474851913386
0,11015223999,10732028540170,1783482474851920106
0,11047245000,10732028614251,1783482474851994187
1,11000963999,10732028632267,1783482474852012235
2,10990509999,10732028637963,1783482474852017963
3,11109237332,10732034422351,1783482474857802319
3,11141280000,10732237267335,1783482475060647303
1,11032997000,10732237267271,1783482475060647207
0,11111286999,10732237271687,1783482475060651623
2,11022539000,10732237287047,1783482475060667015
1,11129096000,10732237293415,1783482475060673351
0,11143308000,10732237306663,1783482475060686599
2,11118626000,10732237310471,1783482475060690407
2,11150654999,10732237320455,1783482475060700423
1,11161128999,10732237330343,1783482475060710279
2,11182683999,10732237373831,1783482475060753799
3,11173322666,10732237379303,1783482475060759271
0,11175328999,10732237392328,1783482475060772264
1,11193161999,10732237401640,1783482475060781576
3,11205365332,10732237472936,1783482475060852904
0,11207349999,10732237488104,1783482475060868072
3,11237408000,10732237545448,1783482475060925384
1,11321294000,10732246474304,1783482475069854240
3,11333536000,10732258725773,1783482475082105773
0,11335434000,10732260616665,1783482475083996633
2,11342828999,10732268024936,1783482475091404872
1,11353326999,10732278514057,1783482475101893993
3,11365578666,10732290758774,1783482475114138710
0,11367454999,10732292634018,1783482475116013954
2,11374857999,10732300040688,1783482475123420656
1,11385359999,10732310530546,1783482475133910514
3,11397621332,10732322798623,1783482475146178591
0,11399475999,10732324651403,1783482475148031371
2,11406887000,10732332033881,1783482475155413817
1,11417393000,10732342583323,1783482475165963259
3,11429664000,10732354853032,1783482475178232968
0,11431497000,10732356673491,1783482475180053459
2,11438915999,10732364096482,1783482475187476450
1,11449425999,10732374607396,1783482475197987364
0,11463517999,10732388690076,1783482475212069980
2,11470944999,10732396122763,1783482475219502731
1,11481458999,10732406632364,1783482475230012332
2,11502974000,10732428155635,1783482475251535603
2,11535002999,10732527595683,1783482475350975651
0,11495538999,10732527635939,1783482475351015907
1,11513492000,10732527651075,1783482475351031011
3,11461706666,10732527730564,1783482475351110532
0,11527560000,10732527730884,1783482475351110852
1,11545524999,10732527745252,1783482475351125220
3,11493749332,10732527847044,1783482475351226980
2,11567031999,10732528152806,1783482475351532742
2,11599061000,10732736334335,1783482475559714303
1,11577557999,10732736334303,1783482475559714207
0,11559580999,10732736347039,1783482475559727007
0,11591601999,10732736361791,1783482475559741727
3,11525792000,10732736394784,1783482475559774752
2,11631089999,10732736435552,1783482475559815488
3,11557834666,10732736451520,1783482475559831456
3,11686005332,10732736456864,1783482475559836832
0,11623623000,10732736458240,1783482475559838176
3,11718048000,10732736461440,1783482475559841408
0,11655643999,10732736646337,1783482475560026273
2,11663118999,10732736649569,1783482475560029505
2,11695148000,10732736783618,1783482475560163586
1,11609591000,10732736817250,1783482475560197250
1,11641623999,10732736833442,1783482475560213378
1,11673656999,10732736840898,1783482475560220834
3,11814176000,10732739355858,1783482475562735826
0,11815749000,10732740921564,1783482475564301500
2,11823263999,10732748441995,1783482475571821963
1,11833821999,10732759002317,1783482475582382285
3,11846218666,10732771400187,1783482475594780219
0,11847769999,10732772949221,1783482475596329157
2,11855292999,10732780475156,1783482475603855092
3,11878261332,10732803465188,1783482475626845124
0,11879790999,10732804981357,1783482475628361325
3,11910304000,10732835525165,1783482475658905101
0,11911812000,10732836990998,1783482475660370966
1,11929920999,10732855115528,1783482475678495496
3,11942346666,10732867517366,1783482475690897334
0,11943832999,10732869016703,1783482475692396671
2,11951379999,10732876573454,1783482475699953454
1,11961953999,10732887135248,1783482475710515216
3,11974389332,10732899569566,1783482475722949534
2,11983409000,10732908583927,1783482475731963895
1,11993987000,10732919167417,1783482475742547417
1,12026019999,10733052529949,1783482475875909885
2,12015437999,10733052537117,1783482475875917085
0,11975853999,10733052545117,1783482475875925085
1,12058052999,10733052549149,1783482475875929117
2,12047466999,10733052551069,1783482475875931005
1,12090086000,10733052577502,1783482475875957438
0,12007875000,10733052586014,1783482475875965950
3,12006432000,10733052587582,1783482475875967550
1,12122118999,10733261176409,1783482476084556345
2,12079496000,10733261182297,1783482476084562265
2,12111524999,10733261208153,1783482476084588121
3,12038474666,10733261225882,1783482476084605818
0,12039895999,10733261225850,1783482476084605786
2,12143553999,10733261234714,1783482476084614682
0,12071916999,10733261243322,1783482476084623258
2,12175583000,10733261277594,1783482476084657530
1,12154151999,10733261459579,1783482476084839483
0,12135958999,10733261476635,1783482476084856571
0,12167979999,10733261485403,1783482476084865371
3,12070517332,10733261499867,1783482476084879835
1,12186185000,10733261504891,1783482476084884859
3,12102560000,10733261506267,1783482476084886203
3,12134602666,10733261513083,1783482476084893051
1,12218217999,10733261732125,1783482476085112093
1,12346349999,10733271536922,1783482476094916858
3,12358901332,10733284088457,1783482476107468393
0,12360105999,10733285283568,1783482476108663536
2,12367757000,10733292936000,1783482476116315936
1,12378383000,10733303559747,1783482476126939715
3,12390944000,10733316127378,1783482476139507346
0,12392127000,10733317303577,1783482476140683513
2,12399785999,10733324963273,1783482476148343241
1,12410415999,10733335590284,1783482476158970220
3,12422986666,10733348173979,1783482476171553915
0,12424147999,10733349318914,1783482476172698850
2,12431814999,10733356982226,1783482476180362194
1,12442448999,10733367614996,1783482476190994932
3,12455029332,10733380204131,1783482476203584099
0,12456168999,10733381341099,1783482476204721035
2,12463844000,10733389023259,1783482476212403259
3,12487072000,10733412258956,1783482476235638924
0,12488190000,10733413353651,1783482476236733587
2,12495872999,10733421073732,1783482476244453732
3,12519114666,10733444293685,1783482476267673653
0,12520210999,10733445393596,1783482476268773564
2,12527901999,10733453074764,1783482476276454732
0,12552231999,10733509969297,1783482476333349265
1,12474482000,10733509989585,1783482476333369521
3,12551157332,10733510009393,1783482476333389361
2,12559931000,10733510037457,1783482476333417393
2,12591959999,10733718557549,1783482476541937517
1,12506514999,10733718569389,1783482476541949357
3,12583200000,10733718570477,1783482476541950445
0,12584253000,10733718573581,1783482476541953549
1,12538547999,10733718592685,1783482476541972653
1,12570581000,10733718598765,1783482476541978701
2,12623988999,10733718684237,1783482476542064173
0,12616273999,10733718701293,1783482476542081229
1,12602613999,10733718704589,1783482476542084557
2,12656018000,10733718796046,1783482476542176014
0,12648294999,10733718809806,1783482476542189742
3,12615242666,10733718836718,1783482476542216686
3,12647285332,10733718848046,1783482476542228014
2,12688046999,10733719245873,1783482476542625841
3,12679328000,10733719257169,1783482476542637105
0,12744357999,10733719262161,1783482476542642097
1,12794811999,10733719990774,1783482476543370710
3,12807498666,10733732692581,1783482476556072549
0,12808399999,10733733579947,1783482476556959883
2,12816162999,10733741340539,1783482476564720507
1,12826844999,10733752042526,1783482476575422462
3,12839541332,10733764730190,1783482476588110158
0,12840420999,10733765596339,1783482476588976307
2,12848192000,10733773372612,1783482476596752548
1,12858878000,10733784032807,1783482476607412775
3,12871584000,10733796772983,1783482476620152951
0,12872442000,10733797621532,1783482476621001468
2,12880220999,10733805404205,1783482476628784173
1,12890910999,10733816098896,1783482476639478864
3,12903626666,10733828820352,1783482476652200320
0,12904462999,10733829647045,1783482476653026981
2,12912249999,10733837434742,1783482476660814678
1,12922943999,10733848128633,1783482476671508633
1,12954977000,10733880158562,1783482476703538498
2,12944279000,10733969128015,1783482476792507983
1,12987009999,10733969129519,1783482476792509455
0,12936483999,10733969135087,1783482476792515023
3,12935669332,10733969136239,1783482476792516175
2,12976307999,10733969250608,1783482476792630576
3,12967712000,10733969255760,1783482476792635664
1,13019042999,10733969263344,1783482476792643280
0,12968505000,10733969271280,1783482476792651216
2,13008336999,10734177853868,1783482477001233772
0,13000525999,10734177856620,1783482477001236588
2,13040366000,10734177879212,1783482477001259116
0,13032546999,10734177880204,1783482477001260140
1,13051076000,10734177898156,1783482477001278124
2,13072394999,10734177940556,1783482477001320524
0,13064568000,10734177947340,1783482477001327276
1,13083108999,10734177950508,1783482477001330476
0,13096588999,10734178032749,1783482477001412685
3,12999754666,10734178057421,1783482477001437421
3,13095882666,10734178074093,1783482477001454061
3,13127925332,10734178485360,1783482477001865328
3,13159968000,10734178502928,1783482477001882896
1,13115141999,10734178528912,1783482477001908848
1,13147175000,10734178542960,1783482477001922896
2,13104423999,10734178588016,1783482477001967952
3,13256096000,10734181296225,1783482477004676161
0,13256694000,10734181872517,1783482477005252453
2,13264568999,10734189742646,1783482477013122582
3,13288138666,10734213324554,1783482477036704490
0,13288714999,10734213888398,1783482477037268334
3,13320181332,10734245397459,1783482477068777395
0,13320735999,10734245924855,1783482477069304759
1,13339373000,10734264584044,1783482477087964012
3,13352224000,10734277429820,1783482477100809756
0,13352757000,10734278001088,1783482477101381056
2,13360655999,10734285849265,1783482477109229201
1,13371405999,10734296595828,1783482477119975796
3,13384266666,10734309455813,1783482477132835781
0,13384777999,10734309960136,1783482477133340072
2,13392684999,10734317863706,1783482477141243674
1,13403438999,10734328622973,1783482477152002941
3,13416309332,10734341492270,1783482477164872174
0,13416798999,10734341985329,1783482477165365297
2,13424714000,10734349891010,1783482477173270946
1,13435472000,10734360669670,1783482477184049638
2,13456742999,10734381932715,1783482477205312683
0,13448820000,10734390365216,1783482477213745152
3,13448352000,10734390372512,1783482477213752416
1,13467504999,10734392686607,1783482477216066543
2,13488771999,10734413948916,1783482477237328916
1,13499537999,10734424718072,1783482477248098072
2,13520801000,10734445976413,1783482477269356381
2,13552829999,10734598936188,1783482477422316156
3,13480394666,10734598939484,1783482477422319452
1,13531571000,10734598944700,1783482477422324636
0,13480840999,10734598967708,1783482477422347676
0,13512861999,10734599052413,1783482477422432349
3,13512437332,10734599057597,1783482477422437565
2,13584858999,10734599061661,1783482477422441629
2,13616888000,10734599128957,1783482477422508925
0,13544883000,10734599134045,1783482477422513981
3,13544480000,10734599140445,1783482477422520413
0,13576903999,10734599217950,1783482477422597886
2,13648916999,10734599220670,1783482477422600638
3,13576522666,10734599233438,1783482477422613406
1,13563603999,10734599296286,1783482477422676222
1,13595636999,10734599310590,1783482477422690526
1,13627670000,10734599315678,1783482477422695646
0,13704987999,10734807792153,1783482477631172121
3,13704693332,10734807792473,1783482477631172441
0,13737009000,10734807828409,1783482477631208377
1,13691735999,10734807828505,1783482477631208441
2,13680945999,10734807830201,1783482477631210137
3,13736736000,10734807830585,1783482477631210553
0,13769029999,10734807834713,1783482477631214681
3,13768778666,10734807838201,1783482477631218169
3,13800821332,10734807939418,1783482477631319386
0,13801050999,10734807953370,1783482477631333306
1,13723769000,10734807969018,1783482477631348954
2,13712975000,10734807973114,1783482477631353050
1,13755801999,10734808124859,1783482477631504827
2,13745003999,10734808131899,1783482477631511867
2,13777032999,10734808282460,1783482477631662428
1,13787834999,10734808293564,1783482477631673532
3,13896949332,10734822147891,1783482477645527859
0,13897113999,10734822307316,1783482477645687284
3,13928992000,10734854174524,1783482477677554492
0,13929135000,10734854310397,1783482477677690365
3,13961034666,10735016990425,1783482477840370361
1,13883933999,10735016991545,1783482477840371481
0,13961155999,10735017007097,1783482477840387033
1,13915967000,10735017019897,1783482477840399865
2,13905149000,10735017045561,1783482477840425497
1,13947999999,10735017049433,1783482477840429401
2,13937177999,10735017072281,1783482477840452249
2,13969206999,10735017078041,1783482477840457977
0,13993176999,10735017130970,1783482477840510938
1,13980032999,10735017138202,1783482477840518170
2,14001236000,10735017143258,1783482477840523194
3,13993077332,10735017144858,1783482477840524826
0,14025198000,10735017228410,1783482477840608378
3,14025120000,10735017241946,1783482477840621882
0,14057218999,10735017300923,1783482477840680891
3,14057162666,10735017304411,1783482477840684347
2,14097323000,10735022502683,1783482477845882619
1,14108165000,10735033347967,1783482477856727903
3,14121248000,10735046425905,1783482477869805873
2,14129351999,10735054552868,1783482477877932836
1,14140197999,10735065385640,1783482477888765576
0,14153281999,10735078460954,1783482477901840922
3,14153290666,10735078473242,1783482477901853178
2,14161380999,10735086554221,1783482477909934189
1,14172230999,10735097406161,1783482477920786097
0,14185302999,10735110484451,1783482477933864419
3,14185333332,10735110508355,1783482477933888323
2,14193410000,10735118593846,1783482477941973782
1,14204264000,10735129448346,1783482477952828282
0,14217324000,10735142525324,1783482477965905388
3,14217376000,10735142570988,1783482477965950956
2,14225438999,10735150629631,1783482477974009567
1,14236296999,10735161488483,1783482477984868419
0,14249344999,10735174525684,1783482477997905620
2,14257467999,10735182650983,1783482478006030951
1,14268329999,10735193517708,1783482478016897676
2,14289497000,10735335655623,1783482478159035655
0,14281365999,10735335658759,1783482478159038727
3,14249418666,10735335659047,1783482478159039015
1,14300363000,10735335679239,1783482478159059207
2,14321525999,10735335761319,1783482478159141255
3,14281461332,10735335764647,1783482478159144615
0,14313387000,10735335769095,1783482478159149063
1,14332395999,10735335773895,1783482478159153831
0,14345407999,10735335855912,1783482478159235880
3,14313504000,10735335858120,1783482478159238056
1,14364428999,10735335860392,1783482478159240360
2,14353554999,10735335860552,1783482478159240520
3,14345546666,10735335934184,1783482478159314120
1,14396462000,10735335938920,1783482478159318888
2,14385584000,10735335944168,1783482478159324168
0,14377428999,10735335950473,1783482478159330441
1,14428494999,10735544566533,1783482478367946469
3,14505760000,10735544568165,1783482478367948101
2,14417612999,10735544568325,1783482478367948229
0,14441470999,10735544579749,1783482478367959717
3,14537802666,10735544607621,1783482478367987557
2,14449641999,10735544679365,1783482478368059301
0,14473491999,10735544686565,1783482478368066533
1,14460527999,10735544694277,1783482478368074245
3,14569845332,10735544695717,1783482478368075653
3,14601888000,10735544773446,1783482478368153382
0,14505513000,10735544776806,1783482478368156774
2,14481671000,10735544778630,1783482478368158598
1,14492561000,10735544778950,1783482478368158886
2,14513699999,10735544865830,1783482478368245766
0,14537533999,10735544877670,1783482478368257606
1,14524593999,10735544953511,1783482478368333479
1,14620692999,10735545868845,1783482478369248813
0,14633596999,10735558789982,1783482478382170014
3,14633930666,10735559113696,1783482478382493664
2,14641815999,10735567003185,1783482478390383121
3,14665973332,10735591163753,1783482478414543689
3,14698016000,10735753538275,1783482478576918211
1,14652725999,10735753539395,1783482478576919331
2,14673845000,10735753545763,1783482478576925731
2,14769932000,10735753559651,1783482478576939619
0,14665617999,10735753579779,1783482478576959715
0,14697639000,10735753588387,1783482478576968355
0,14729659999,10735753637795,1783482478577017763
1,14748824999,10735753646499,1783482478577026435
2,14801960999,10735753652515,1783482478577032451
3,14730058666,10735753657092,1783482478577037028
3,14762101332,10735753722628,1783482478577102596
0,14761680999,10735753730308,1783482478577110276
1,14780858000,10735753741604,1783482478577121540
3,14794144000,10735753804996,1783482478577184964
1,14812890999,10735753814981,1783482478577194917
2,14833989999,10735759166342,1783482478582546278
0,14857743999,10735782925243,1783482478606305211
2,14866019000,10735791203407,1783482478614583375
2,14898047999,10735962383648,1783482478785763584
0,14889765000,10735962387552,1783482478785767488
3,14858229332,10735962405888,1783482478785785824
1,14844923999,10735962412384,1783482478785792352
1,14876957000,10735962441953,1783482478785821921
2,14930076999,10735962487489,1783482478785867457
3,14890272000,10735962493473,1783482478785873409
0,14921785999,10735962496641,1783482478785876609
1,14908989999,10735962511553,1783482478785891457
2,14962106000,10735962578145,1783482478785958081
0,14953806999,10735962584385,1783482478785964321
3,14922314666,10735962590049,1783482478785970017
1,14941022999,10735962618306,1783482478785998274
2,14994134999,10735962735938,1783482478786115874
3,14954357332,10735962755619,1783482478786135555
0,14985828000,10735962793155,1783482478786173123
0,15049869999,10735975066640,1783482478798446608
3,15050485332,10735975669364,1783482478799049300
2,15058193000,10735983403332,1783482478806783300
1,15069155000,10735994344265,1783482478817724233
0,15081891000,10736007082680,1783482478830462648
3,15082528000,10736007706684,1783482478831086652
2,15090221999,10736015413869,1783482478838793805
1,15101187999,10736026414418,1783482478849794386
0,15113911999,10736039119233,1783482478862499201
3,15114570666,10736039752741,1783482478863132677
2,15122250999,10736047454358,1783482478870834294
1,15133220999,10736058419514,1783482478881799482
0,15145932999,10736071119818,1783482478894499754
3,15146613332,10736071790158,1783482478895170094
2,15154280000,10736079460030,1783482478902839998
1,15165254000,10736090440067,1783482478913820003
0,15177954000,10736103144371,1783482478926524339
3,15178656000,10736103843959,1783482478927223895
2,15186308999,10736111487399,1783482478934867367
1,15197286999,10736122470764,1783482478945850700
1,15229319999,10736154521525,1783482478977901493
2,15218337999,10736307588661,1783482479130968629
1,15261353000,10736307590421,1783482479130970389
3,15210698666,10736307595157,1783482479130975093
0,15209974999,10736307686293,1783482479131066261
0,15241995999,10736307729366,1783482479131109302
3,15242741332,10736307741462,1783482479131121430
3,15274784000,10736307814518,1783482479131194454
0,15274017000,10736307830774,1783482479131210742
1,15293385999,10736307911319,1783482479131291319
1,15325418999,10736307925879,1783482479131305815
1,15357452000,10736307932247,1783482479131312215
0,15306037999,10736308064312,1783482479131444248
3,15306826666,10736308090360,1783482479131470296
2,15250367000,10736308391354,1783482479131771322
2,15282395999,10736308411130,1783482479131791098
2,15314424999,10736308438042,1783482479131817946
0,15402100999,10736516621171,1783482479340001107
1,15389484999,10736516621459,1783482479340001427
0,15434121999,10736516668372,1783482479340048308
2,15410511999,10736516685588,1783482479340065524
3,15402954666,10736516701524,1783482479340081460
1,15421517999,10736516717716,1783482479340097652
3,15434997332,10736516731060,1783482479340110996
3,15467040000,10736516736372,1783482479340116340
2,15442541000,10736516746132,1783482479340126068
2,15474569999,10736516750740,1783482479340130676
0,15466143000,10736516760692,1783482479340140660
1,15453551000,10736517300056,1783482479340680024
2,15506598999,10736517336600,1783482479340716536
1,15485583999,10736517355640,1783482479340735576
0,15562206000,10736517366456,1783482479340746424
3,15499082666,10736517416792,1783482479340796728
0,15594226999,10736519418117,1783482479342798085
3,15595210666,10736520396907,1783482479343776843
2,15602685999,10736527961050,1783482479351340986
1,15613715999,10736538923903,1783482479362303839
0,15626247999,10736551504750,1783482479374884718
3,15627253332,10736552901079,1783482479376281111
2,15634715000,10736559947139,1783482479383327107
1,15645749000,10736570974824,1783482479394354792
0,15658269000,10736583512599,1783482479406892535
3,15659296000,10736584519997,1783482479407899933
2,15666743999,10736591987212,1783482479415367180
1,15677781999,10736602994673,1783482479426374609
0,15690289999,10736615526688,1783482479438906656
3,15691338666,10736616544390,1783482479439924358
2,15698772999,10736623974164,1783482479447354132
1,15709814999,10736635022298,1783482479458402234
0,15722310999,10736647525160,1783482479470905096
3,15723381332,10736648585487,1783482479471965423
2,15730802000,10736655989437,1783482479479369373
1,15741848000,10736809281182,1783482479632661150
0,15754332000,10736809281246,1783482479632661182
2,15762830999,10736809283038,1783482479632662974
3,15755424000,10736809285406,1783482479632665342
2,15794859999,10736809401119,1783482479632781055
0,15786352999,10736809404767,1783482479632784735
3,15787466666,10736809415071,1783482479632795007
1,15773880999,10736809418015,1783482479632797951
2,15826889000,10736809491232,1783482479632871200
0,15818373999,10736809495904,1783482479632875840
3,15819509332,10736809497248,1783482479632877216
1,15805913999,10736809507264,1783482479632887200
1,15837947000,10736809588576,1783482479632968544
2,15858917999,10736809588896,1783482479632968864
0,15850395000,10736809681441,1783482479633061409
3,15915637332,10736840828228,1783482479664208196
1,15902012999,10737018199836,1783482479841579804
0,15914436999,10737018199900,1783482479841579868
3,15947680000,10737018214749,1783482479841594717
2,15890946999,10737018215773,1783482479841595709
2,15922976000,10737018352445,1783482479841732413
2,15955004999,10737018436382,1783482479841816350
2,15987033999,10737018525342,1783482479841905310
0,15946458000,10737018602655,1783482479841982623
0,15978478999,10737018616767,1783482479841996735
0,16010499999,10737018622687,1783482479842002655
3,15979722666,10737018668671,1783482479842048639
3,16011765332,10737018698656,1783482479842078624
3,16043808000,10737018705088,1783482479842085056
1,15934046000,10737018883073,1783482479842263041
1,15966078999,10737018897345,1783482479842277281
1,15998111999,10737018903361,1783482479842283297
0,16106562999,10737031793650,1783482479855173586
3,16107893332,10737033113818,1783482479856493850
1,16158276999,10737083491350,1783482479906871318
2,16179207999,10737104410297,1783482479927790265
1,16190309999,10737227262651,1783482480050642587
3,16139936000,10737227315644,1783482480050695580
0,16138584000,10737227346844,1783482480050726780
2,16211237000,10737227607517,1783482480050987453
2,16243265999,10737227627454,1783482480051007422
3,16171978666,10737227693278,1783482480051073246
3,16204021332,10737227787551,1783482480051167455
2,16275294999,10737227841311,1783482480051221279
3,16236064000,10737227867551,1783482480051247519
1,16222343000,10737227971392,1783482480051351360
1,16254375999,10737227979200,1783482480051359168
1,16286408999,10737227983488,1783482480051363456
0,16170604999,10737228109889,1783482480051489825
0,16202625999,10737228127137,1783482480051507105
0,16234647000,10737228149985,1783482480051529953
2,16307324000,10737232536540,1783482480055916508
1,16318442000,10737243663010,1783482480067042946
0,16330710000,10737255954159,1783482480079334127
2,16339352999,10737264647654,1783482480088027590
1,16350474999,10737436578716,1783482480259958684
2,16371381999,10737436592284,1783482480259972220
3,16332192000,10737436592572,1783482480259972540
3,16364234666,10737436615580,1783482480259995548
0,16362730999,10737436648284,1783482480260028220
0,16394751999,10737436698141,1783482480260078077
2,16403411000,10737436708797,1783482480260088733
2,16435439999,10737436765501,1783482480260145469
0,16426773000,10737436774525,1783482480260154493
2,16467468999,10737436831197,1783482480260211165
0,16458793999,10737436857246,1783482480260237214
1,16382507999,10737436929246,1783482480260309246
1,16414541000,10737436946910,1783482480260326878
1,16446573999,10737437117311,1783482480260497279
3,16396277332,10737437158592,1783482480260538528
3,16428320000,10737437169920,1783482480260549856
0,16522836000,10737448077604,1783482480271457540
3,16524448000,10737449676494,1783482480273056430
2,16531526999,10737456743482,1783482480280123450
1,16542672999,10737467878080,1783482480291258048
3,16556490666,10737481693015,1783482480305072983
3,16588533332,10737645538906,1783482480468918842
2,16563555999,10737645538714,1783482480468918618
0,16554856999,10737645579899,1783482480468959867
1,16574705999,10737645585563,1783482480468965531
3,16620576000,10737645672091,1783482480469052059
1,16606739000,10737645694107,1783482480469074075
0,16586877999,10737645709211,1783482480469089147
1,16638771999,10737645764988,1783482480469144924
0,16618899000,10737645770236,1783482480469150172
3,16652618666,10737645784860,1783482480469164796
0,16650919999,10737645973821,1783482480469353789
2,16595585000,10737646114526,1783482480469494494
2,16627613999,10737646162142,1783482480469542110
2,16659642999,10737646176414,1783482480469556382
1,16670804999,10737646351295,1783482480469731263
3,16684661332,10737646388512,1783482480469768480
3,16748746666,10737854491993,1783482480677871961
1,16734870999,10737854533593,1783482480677913561
1,16766903999,10737854541689,1783482480677921657
2,16723700999,10737854559609,1783482480677939577
3,16780789332,10737854590361,1783482480677970329
2,16755729999,10737854605017,1783482480677984953
2,16787759000,10737854610169,1783482480677990137
0,16746982999,10737854623321,1783482480678003289
1,16798937000,10737854634361,1783482480678014297
0,16779003999,10737854647322,1783482480678027290
0,16811025000,10737854651994,1783482480678031962
2,16819787999,10737854690938,1783482480678070906
0,16843045999,10737854706746,1783482480678086714
3,16812832000,10737854726650,1783482480678106586
1,16830969999,10737854737018,1783482480678116954
3,16844874666,10737854801018,1783482480678180986
3,16941002666,10737866210530,1783482480689590466
2,16947903999,10737873132557,1783482480696512621
1,16959101999,10737884382132,1783482480707762100
0,16971129999,10737896344863,1783482480719724831
3,16973045332,10737898241483,1783482480721621419
2,16979933000,10737905133366,1783482480728513334
1,16991135000,10737916344956,1783482480739724892
0,17003151000,10737928404264,1783482480751784232
3,17005088000,10737930288052,1783482480753668020
2,17011961999,10737937481601,1783482480760861537
1,17023167999,10737948367589,1783482480771747493
0,17035171999,10737960395025,1783482480783774993
3,17037130666,10737962333469,1783482480785713405
2,17043990999,10737969583242,1783482480792963210
1,17055200999,10737980404174,1783482480803784110
0,17067192999,10737992426650,1783482480815806618
3,17069173332,10737994359718,1783482480817739686
2,17076020000,10738001247121,1783482480824627121
1,17087234000,10738012451863,1783482480835831799
0,17099214000,10738024412322,1783482480847792290
2,17108048999,10738033263066,1783482480856643034
1,17119266999,10738044504320,1783482480867884288
0,17131234999,10738056474507,1783482480879854475
0,17163255999,10738177629123,1783482481001009091
1,17151299999,10738177629443,1783482481001009411
3,17101216000,10738177631459,1783482481001011427
2,17140077999,10738177688099,1783482481001068035
2,17172107000,10738178176134,1783482481001556102
0,17195277000,10738178272775,1783482481001652743
0,17227297999,10738178294791,1783482481001674759
1,17183333000,10738178307463,1783482481001687463
1,17215365999,10738178328999,1783482481001708935
2,17204135999,10738178367592,1783482481001747528
3,17133258666,10738178389000,1783482481001768904
3,17165301332,10738178402152,1783482481001782120
1,17247398999,10738386457504,1783482481209837440
3,17197344000,10738386462817,1783482481209842785
2,17236164999,10738386468641,1783482481209848577
0,17259318999,10738386475137,1783482481209855073
3,17325514666,10738386485025,1783482481209864961
0,17291340000,10738386580993,1783482481209960929
2,17268194000,10738386581185,1783482481209961153
1,17279432000,10738386594849,1783482481209974785
3,17357557332,10738386755394,1783482481210135362
3,17389600000,10738386770370,1783482481210150274
2,17300222999,10738386773122,1783482481210153090
2,17332251999,10738386784803,1783482481210164771
0,17323360999,10738386792131,1783482481210172099
0,17355381999,10738386802563,1783482481210182499
1,17311464999,10738386813219,1783482481210193155
1,17343497999,10738386819043,1783482481210198979
1,17471630000,10738396855682,1783482481220235650
0,17483466000,10738408691244,1783482481232071180
3,17485728000,10738410932602,1783482481234312538
2,17492396999,10738417630180,1783482481241010148
0,17515486999,10738440714357,1783482481264094325
3,17517770666,10738442973699,1783482481266353635
0,17547507999,10738472745022,1783482481296124958
3,17549813332,10738475009228,1783482481298389324
1,17567729000,10738492972508,1783482481316352636
0,17579529000,10738504769670,1783482481328149638
3,17581856000,10738507063349,1783482481330443317
2,17588483999,10738513726815,1783482481337106783
1,17599761999,10738524996325,1783482481348376229
0,17611549999,10738536786383,1783482481360166351
3,17613898666,10738539118942,1783482481362498878
2,17620512999,10738545720295,1783482481369100263
1,17631794999,10738556991918,1783482481380371886
3,17645941332,10738571142439,1783482481394522407
2,17652542000,10738577734448,1783482481401114416
1,17663828000,10738589039415,1783482481412419351
2,17684570999,10738609773977,1783482481433153945
3,17677984000,10738742404153,1783482481565784121
1,17695860999,10738742449401,1783482481565829337
1,17727893999,10738742461177,1783482481565841145
0,17643570999,10738742467577,1783482481565847513
3,17710026666,10738742496633,1783482481565876569
2,17716599999,10738742513337,1783482481565893305
2,17748629000,10738742520825,1783482481565900761
2,17780657999,10738742533178,1783482481565913114
1,17759927000,10738742543802,1783482481565923738
0,17675592000,10738742770619,1783482481566150555
0,17707612999,10738742780347,1783482481566160315
1,17791959999,10738951276855,1783482481774656823
2,17812686999,10738951277431,1783482481774657399
3,17742069332,10738951311703,1783482481774691671
3,17774112000,10738951319991,1783482481774699927
3,17838197332,10738951334423,1783482481774714327
0,17739633999,10738951346391,1783482481774726359
0,17835696999,10738951355671,1783482481774735639
2,17844716000,10738951389399,1783482481774769367
0,17867718000,10738951398487,1783482481774778455
0,17899738999,10738951403095,1783482481774783063
3,17870240000,10738951414103,1783482481774794039
1,17823992999,10738951423032,1783482481774803000
2,17876744999,10738951473336,1783482481774853304
1,17856026000,10738951484984,1783482481774864952
1,17888058999,10738951547224,1783482481774927192
2,17908773999,10738951567416,1783482481774947352
0,18027822999,10738953022114,1783482481776402082
3,18030453332,10738955645778,1783482481779025746
2,18036890000,10738962117275,1783482481785497211
1,18048224000,10738973454818,1783482481796834754
0,18059844000,10738985191883,1783482481808571851
3,18062496000,10738987691323,1783482481811071291
2,18068918999,10738994109251,1783482481817489219
1,18080256999,10739005560235,1783482481828940171
0,18091864999,10739017096339,1783482481840476307
3,18094538666,10739019738852,1783482481843118852
2,18100947999,10739026184332,1783482481849564268
1,18112289999,10739037539540,1783482481860919476
0,18123885999,10739049124060,1783482481872504028
3,18126581332,10739051788141,1783482481875168077
2,18132977000,10739058290134,1783482481881670102
1,18144323000,10739069568444,1783482481892948412
0,18155907000,10739081145765,1783482481904525733
3,18158624000,10739083837462,1783482481907217430
0,18187927999,10739113169070,1783482481936549006
3,18190666666,10739115874655,1783482481939254591
0,18219948999,10739260755531,1783482482084135499
3,18222709332,10739260795660,1783482482084175628
1,18176355999,10739260822732,1783482482084202668
1,18208388999,10739260829420,1783482482084209388
1,18240422000,10739260834252,1783482482084214220
3,18254752000,10739260873260,1783482482084253196
1,18272454999,10739260889900,1783482482084269868
0,18251970000,10739260907820,1783482482084287724
3,18286794666,10739260949069,1783482482084328973
0,18283990999,10739260964877,1783482482084344813
2,18165005999,10739261806002,1783482482085185938
2,18197034999,10739261823666,1783482482085203634
2,18229064000,10739261829330,1783482482085209266
2,18261092999,10739261834066,1783482482085214002
1,18336521000,10739262450198,1783482482085830166
1,18368553999,10739469635337,1783482482293015273
3,18318837332,10739469635465,1783482482293015401
2,18357179999,10739469639145,1783482482293019081
2,18389208999,10739469661642,1783482482293041578
0,18380053999,10739469678570,1783482482293058506
0,18412074999,10739469753546,1783482482293133482
3,18350880000,10739469766794,1783482482293146730
1,18400586999,10739469774730,1783482482293154698
0,18444096000,10739469828491,1783482482293208427
3,18382922666,10739469836747,1783482482293216715
1,18432620000,10739469844043,1783482482293223979
0,18476116999,10739469901259,1783482482293281227
3,18414965332,10739469909419,1783482482293289355
1,18464652999,10739469916619,1783482482293296555
2,18421238000,10739470575247,1783482482293955215
2,18453266999,10739470588783,1783482482293968751
2,18549353999,10739474653353,1783482482298033321
1,18560751999,10739485964624,1783482482309344592
0,18572179999,10739497406584,1783482482320786552
3,18575178666,10739500465323,1783482482323845259
2,18581382999,10739506613297,1783482482329993265
2,18613412000,10739678695081,1783482482502075017
0,18604200999,10739678715977,1783482482502095945
0,18636222000,10739678731017,1783482482502110953
2,18645440999,10739678795049,1783482482502174985
0,18668242999,10739678806089,1783482482502186025
2,18677469999,10739678879018,1783482482502258986
0,18700263999,10739678888458,1783482482502268394
1,18592784999,10739678976906,1783482482502356842
1,18624818000,10739678995722,1783482482502375690
1,18656850999,10739679001547,1783482482502381515
3,18607221332,10739679009291,1783482482502389227
3,18639264000,10739679023179,1783482482502403147
3,18735392000,10739679028139,1783482482502408107
3,18767434666,10739692645792,1783482482516025728
1,18688883999,10739701260406,1783482482524640342
0,18764305999,10739701298710,1783482482524678678
2,18709499000,10739701329911,1783482482524709879
3,18799477332,10739724678633,1783482482548058601
2,18773556999,10739733274495,1783482482556654463
1,18784982999,10739733280479,1783482482556660447
0,18796326999,10739733283551,1783482482556663487
3,18831520000,10739756729298,1783482482580109266
0,18828348000,10739765360328,1783482482588740296
1,18817016000,10739765360872,1783482482588740840
2,18805586000,10739765398856,1783482482588778824
3,18863562666,10739788872636,1783482482612252604
3,18895605332,10739820827204,1783482482644207172
3,18927648000,10739974050341,1783482482797430309
1,18849048999,10739974090789,1783482482797470757
1,18881081999,10739974099429,1783482482797479365
2,18837614999,10739974112325,1783482482797492293
2,18869643999,10739974117861,1783482482797497797
3,18959690666,10739974151430,1783482482797531366
2,18901673000,10739974171206,1783482482797551174
1,18977180999,10739974181830,1783482482797561798
0,18860368999,10739974187270,1783482482797567206
3,18991733332,10739974235686,1783482482797615654
0,18892389999,10739974245606,1783482482797625574
1,19009214000,10739974250150,1783482482797630086
0,18924411000,10739974257606,1783482482797637574
2,18997760000,10739974260038,1783482482797640006
0,18956431999,10739974324935,1783482482797704903
3,19023776000,10739974505448,1783482482797885416
2,19061817999,10739987032758,1783482482810412694
1,19073279999,10739998487070,1783482482821867038
3,19055818666,10740182969635,1783482483006349571
1,19105313000,10740182971523,1783482483006351491
0,19052494999,10740182975299,1783482483006355267
2,19093847000,10740183010115,1783482483006390083
1,19137345999,10740183012420,1783482483006392388
0,19084515999,10740183019748,1783482483006399716
2,19125875999,10740183021284,1783482483006401252
0,19116537000,10740183122756,1783482483006502692
1,19169378999,10740183135364,1783482483006515300
1,19201412000,10740183196453,1783482483006576389
2,19157904999,10740183214373,1783482483006594373
0,19148557999,10740183217509,1783482483006597477
3,19087861332,10740183237285,1783482483006617221
3,19119904000,10740183244581,1783482483006624517
2,19189934000,10740183273477,1783482483006653445
3,19151946666,10740183418342,1783482483006798278
1,19265477999,10740190692820,1783482483014072788
0,19276641999,10740201847738,1783482483025227706
2,19286021000,10740211225652,1783482483034605620
1,19297511000,10740392115491,1783482483215495427
2,19318049999,10740392161507,1783482483215541443
0,19308663000,10740392182083,1783482483215562019
0,19340683999,10740392192292,1783482483215572196
3,19280117332,10740392933960,1783482483216313896
3,19312160000,10740392997737,1783482483216377673
3,19344202666,10740393007113,1783482483216387081
3,19376245332,10740393013001,1783482483216392937
2,19350078999,10740393033449,1783482483216413417
2,19382108000,10740393037993,1783482483216417929
2,19414136999,10740393042409,1783482483216422377
0,19372704999,10740393056169,1783482483216436105
0,19404726000,10740393063177,1783482483216443113
1,19329543999,10740393075081,1783482483216455017
1,19361576999,10740393081385,1783482483216461353
1,19393610000,10740393112105,1783482483216492041
0,19468767999,10740394043055,1783482483217423023
3,19472373332,10740397598533,1783482483220978501
3,19504416000,10740429647886,1783482483253027822
0,19500789000,10740601712262,1783482483425092198
3,19536458666,10740601720518,1783482483425100454
2,19478195000,10740601751622,1783482483425131590
2,19510223999,10740601782118,1783482483425162086
0,19532809999,10740601831686,1783482483425211622
2,19542252999,10740601851719,1783482483425231655
0,19564830999,10740601919303,1783482483425299271
2,19574282000,10740601956903,1783482483425336871
0,19596852000,10740602240105,1783482483425620009
1,19489709000,10740602871565,1783482483426251501
1,19521741999,10740603098958,1783482483426478894
1,19553774999,10740603124335,1783482483426504271
1,19585808000,10740603309360,1783482483426689328
3,19568501332,10740603397040,1783482483426777008
3,19600544000,10740603426096,1783482483426806032
3,19632586666,10740603447249,1783482483426827217
1,19681907000,10740607137032,1783482483430516968
0,19692915000,10740618163469,1783482483441543405
3,19696672000,10740622334983,1783482483445714951
2,19702397999,10740627693097,1783482483451073065
1,19713939999,10740639184625,1783482483462564593
3,19728714666,10740653959693,1783482483477339661
2,19734426999,10740659668881,1783482483483048817
1,19745972999,10740671223162,1783482483494603130
3,19760757332,10740685997558,1783482483509377494
2,19766456000,10740691681274,1783482483515061242
1,19778006000,10740703249186,1783482483526629122
0,19788978000,10740714225319,1783482483537605255
3,19792800000,10740718031807,1783482483541411775
2,19798484999,10740723701539,1783482483547081475
1,19810038999,10740735293451,1783482483558673387
0,19820998999,10740746234512,1783482483569614480
3,19824842666,10740750061064,1783482483573441096
2,19830513999,10740755726188,1783482483579106156
1,19842071999,10740767288628,1783482483590668564
0,19853019999,10740778251897,1783482483601631833
2,19862543000,10740787754293,1783482483611134261
0,19885041000,10740810264962,1783482483633644898
1,19874105000,10740940877205,1783482483764257141
0,19917061999,10740940877493,1783482483764257429
2,19894571999,10740940927893,1783482483764307861
3,19856885332,10740941042102,1783482483764422070
0,19949082999,10740941048406,1783482483764428342
3,19888928000,10740941053302,1783482483764433206
2,19926600999,10740941073366,1783482483764453334
3,19920970666,10740941114678,1783482483764494614
0,19981104000,10740941127190,1783482483764507158
2,19958630000,10740941141431,1783482483764521399
1,19906137999,10740941790203,1783482483765170139
1,19938170999,10740941813755,1783482483765193723
2,19990658999,10741149710419,1783482483973090387
1,19970204000,10741149714867,1783482483973094835
3,19953013332,10741149725907,1783482483973105843
3,20017098666,10741149739155,1783482483973119123
1,20034269999,10741149749363,1783482483973129331
0,20013124999,10741149751539,1783482483973131507
3,20049141332,10741149812179,1783482483973192115
3,20145269332,10741149886708,1783482483973266644
0,20045145999,10741150301942,1783482483973681878
1,20066303000,10741150308663,1783482483973688599
0,20077167000,10741150315959,1783482483973695895
2,20022687999,10741150329527,1783482483973709495
2,20054717000,10741150345431,1783482483973725367
1,20098335999,10741150347703,1783482483973727639
0,20109187999,10741150363479,1783482483973743415
2,20086745999,10741150376439,1783482483973756407
1,20226467999,10741151653439,1783482483975033407
0,20237271999,10741162476291,1783482483985856227
3,20241397332,10741166590077,1783482483989970045
2,20246891000,10741172075167,1783482483995455135
1,20258501000,10741183696808,1783482484007076744
0,20269293000,10741194503436,1783482484017883404
3,20273440000,10741198628358,1783482484022008326
2,20278919999,10741204109192,1783482484027489128
1,20290533999,10741215737105,1783482484039117073
0,20301313999,10741226597813,1783482484049977749
3,20305482666,10741230701359,1783482484054081295
2,20310948999,10741236157905,1783482484059537841
0,20333334999,10741258548445,1783482484081928413
3,20337525332,10741262755288,1783482484086135224
0,20365356000,10741290598310,1783482484113978278
3,20369568000,10741294807105,1783482484118187041
1,20386632999,10741311870572,1783482484135250508
3,20401610666,10741326820170,1783482484150200106
2,20407035999,10741332263948,1783482484155643884
1,20418665999,10741343894805,1783482484167274773
2,20439065000,10741364287221,1783482484187667157
1,20450699000,10741375932798,1783482484199312734
3,20433653332,10741480066155,1783482484303446091
2,20471093999,10741480067627,1783482484303447563
0,20397376999,10741480084427,1783482484303464363
2,20503122999,10741480098571,1783482484303478507
0,20429397999,10741480107467,1783482484303487403
1,20482731999,10741480107659,1783482484303487595
3,20465696000,10741480189100,1783482484303569068
0,20461419000,10741480200492,1783482484303580428
3,20497738666,10741480271628,1783482484303651564
0,20493439999,10741480281804,1783482484303661772
2,20535152000,10741480347469,1783482484303727437
1,20514764999,10741480723983,1783482484304103919
1,20546798000,10741480738415,1783482484304118351
2,20567180999,10741492410104,1783482484315790040
2,20599209999,10741688882537,1783482484512262505
1,20578830999,10741688886473,1783482484512266441
3,20529781332,10741688888649,1783482484512268617
0,20557482000,10741688893737,1783482484512273705
2,20631239000,10741689004137,1783482484512384073
3,20561824000,10741689009322,1783482484512389290
0,20589502999,10741689025386,1783482484512405322
3,20593866666,10741689092042,1783482484512472042
0,20621523999,10741689104874,1783482484512484810
2,20663267999,10741689110794,1783482484512490762
3,20625909332,10741689174923,1783482484512554859
0,20653545000,10741689186827,1783482484512566795
1,20610863999,10741689239339,1783482484512619307
1,20642897000,10741689254027,1783482484512633995
1,20674929999,10741689259275,1783482484512639211
2,20695296999,10741689301067,1783482484512681035
1,20771028999,10741696261591,1783482484519641559
0,20781628999,10741706839929,1783482484530219865
3,20786122666,10741711326550,1783482484534706518
2,20791383999,10741716603639,1783482484539983607
1,20803061999,10741898041417,1783482484721421385
2,20823413000,10741898043209,1783482484721423177
0,20813649999,10741898108201,1783482484721488169
2,20855441999,10741898151561,1783482484721531497
0,20845671000,10741898173098,1783482484721553098
0,20877691999,10741898189098,1783482484721569066
1,20835095000,10741898234218,1783482484721614122
3,20818165332,10741898248970,1783482484721628938
3,20850208000,10741898257194,1783482484721637130
3,20882250666,10741898262186,1783482484721642122
3,20914293332,10741898266186,1783482484721646154
0,20909712999,10741898783501,1783482484722163597
1,20867127999,10741898830926,1783482484722210894
2,20887470999,10741898843598,1783482484722223534
3,20978378666,10741903591595,1783482484726971531
3,21010421332,10742107495690,1783482484930875658
1,20899160999,10742107545899,1783482484930925867
1,20995259999,10742107557451,1783482484930937387
2,20919500000,10742107560363,1783482484930940299
1,21027293000,10742107562187,1783482484930942123
0,20973754999,10742107576907,1783482484930956875
2,20983557999,10742107579211,1783482484930959147
0,21005775999,10742107586667,1783482484930966635
2,21015587000,10742107589131,1783482484930969099
0,21037797000,10742108530129,1783482484931910065
0,21069817999,10742108557713,1783482484931937681
3,21042464000,10742108588625,1783482484931968529
3,21074506666,10742108600721,1783482484931980689
2,21047615999,10742108650258,1783482484932030226
3,21106549332,10742109035092,1783482484932415060
1,21059325999,10742109096117,1783482484932476085
1,21187457999,10742112703787,1783482484936083755
0,21197901999,10742123123661,1783482484946503597
3,21202677332,10742127911435,1783482484951291403
2,21207761000,10742133123179,1783482484956503115
1,21219491000,10742144721396,1783482484968101364
0,21229923000,10742155170486,1783482484978550422
3,21234720000,10742159934291,1783482484983314227
2,21239789999,10742165023763,1783482484988403731
1,21251523999,10742176768253,1783482485000148221
0,21261943999,10742187153918,1783482485010533886
3,21266762666,10742191971580,1783482485015351548
2,21271818999,10742197100477,1783482485020480445
1,21283556999,10742208801958,1783482485032181926
0,21293964999,10742219197831,1783482485042577799
3,21298805332,10742223993669,1783482485047373605
2,21303848000,10742229078821,1783482485052458757
1,21315590000,10742240842479,1783482485064222415
0,21325986000,10742251329585,1783482485074709553
2,21335876999,10742261168942,1783482485084548878
1,21347622999,10742272954328,1783482485096334296
2,21367905999,10742293369400,1783482485116749336
1,21379655999,10742394048112,1783482485217428048
3,21330848000,10742394049072,1783482485217429040
2,21399935000,10742394050544,1783482485217430512
0,21358006999,10742394089936,1783482485217469872
3,21362890666,10742394434450,1783482485217814354
0,21390027999,10742394442002,1783482485217821938
1,21411689000,10742394460147,1783482485217840083
2,21431963999,10742394479411,1783482485217859379
0,21422049000,10742602917390,1783482485426297358
3,21394933332,10742602917678,1783482485426297646
3,21426976000,10742602945902,1783482485426325870
0,21454069999,10742602948174,1783482485426328142
3,21555146666,10742602953038,1783482485426332974
1,21443721999,10742602980783,1783482485426360751
2,21463992999,10742602998607,1783482485426378543
1,21475754999,10742603080687,1783482485426460655
2,21496022000,10742603093263,1783482485426473231
3,21587189332,10742603103407,1783482485426483375
0,21486090999,10742603113871,1783482485426493807
2,21528050999,10742603487890,1783482485426867858
2,21560079999,10742603500402,1783482485426880338
1,21507788000,10742603514386,1783482485426894354
1,21539820999,10742603521042,1783482485426901010
0,21518112000,10742603537042,1783482485426917010
0,21678216999,10742603542290,1783482485426922258
3,21683317332,10742608549938,1783482485431929874
2,21688196000,10742613472592,1783482485436852528
1,21699986000,10742625203258,1783482485448583226
0,21710238000,10742635452154,1783482485458832090
3,21715360000,10742640620187,1783482485464000155
2,21720224999,10742645974268,1783482485469354204
0,21742258999,10742667506499,1783482485490886435
3,21747402666,10742672737444,1783482485496117412
0,21774279999,10742699532780,1783482485522912748
3,21779445332,10742705923604,1783482485529303572
1,21796085000,10742721352117,1783482485544732053
0,21806301000,10742731563701,1783482485554943669
3,21811488000,10742736731958,1783482485560112022
2,21816311999,10742741553300,1783482485564933236
1,21828117999,10742753304446,1783482485576684542
3,21843530666,10742768836863,1783482485592216831
2,21848340999,10742773617213,1783482485596997181
1,21860150999,10742785482215,1783482485608862151
3,21875573332,10742923322536,1783482485746702472
0,21838321999,10742923324392,1783482485746704328
1,21892184000,10742923328488,1783482485746708392
1,21924216999,10742923362216,1783482485746742184
0,21870342999,10742923364968,1783482485746744872
1,21956249999,10742923368520,1783482485746748488
0,21902364000,10742923432361,1783482485746812297
1,21988283000,10742923437673,1783482485746817609
3,21907616000,10742923450377,1783482485746830313
2,21880370000,10742923528457,1783482485746908393
2,21912398999,10742923539817,1783482485746919753
2,21944427999,10742923545322,1783482485746925290
2,21976457000,10742923549962,1783482485746929930
1,22020315999,10743132191302,1783482485955571270
0,21934384999,10743132204134,1783482485955584102
3,21939658666,10743132207910,1783482485955587846
0,21998427000,10743132231815,1783482485955611783
3,21971701332,10743132244743,1783482485955624711
2,22008485999,10743132249415,1783482485955629351
3,22003744000,10743132776810,1783482485956156778
0,22030447999,10743132778090,1783482485956158026
1,22052348999,10743132805386,1783482485956185354
1,22084382000,10743132869451,1783482485956249387
0,22062468999,10743132872523,1783482485956252491
3,22035786666,10743132874987,1783482485956254955
1,22116414999,10743132949419,1783482485956329355
2,22040514999,10743133133676,1783482485956513644
2,22072544000,10743133173357,1783482485956553293
2,22104572999,10743133206285,1783482485956586285
1,22212513999,10743137739433,1783482485961119401
0,22222573999,10743147819496,1783482485971199464
3,22228042666,10743153268363,1783482485976648331
2,22232688999,10743157920680,1783482485981300616
1,22244546999,10743169796626,1783482485993176562
0,22254594999,10743179801041,1783482486003181009
3,22260085332,10743185314836,1783482486008694804
2,22264718000,10743189949105,1783482486013329041
1,22276580000,10743202228798,1783482486025608766
0,22286616000,10743212024123,1783482486035404091
3,22292128000,10743217369021,1783482486040748957
2,22296746999,10743221981914,1783482486045361850
1,22308612999,10743234149702,1783482486057529702
0,22318636999,10743243977476,1783482486067357444
3,22324170666,10743249406470,1783482486072786406
2,22328775999,10743253963874,1783482486077343906
1,22340645999,10743265867021,1783482486089246989
0,22350657999,10743275975212,1783482486099355180
3,22356213332,10743281466255,1783482486104846191
2,22360805000,10743286049836,1783482486109429804
0,22382679000,10743307915029,1783482486131294997
3,22388256000,10743313530744,1783482486136910680
3,22420298666,10743419677042,1783482486243057010
0,22414699999,10743419678962,1783482486243058930
1,22372679000,10743419719346,1783482486243099314
0,22446720999,10743419822163,1783482486243202131
1,22404711999,10743419842099,1783482486243222035
0,22478742000,10743419900851,1783482486243280787
1,22436744999,10743419916563,1783482486243296531
2,22392833999,10743419970068,1783482486243350004
2,22424862999,10743419985140,1783482486243365108
2,22456892000,10743419990228,1783482486243370164
3,22452341332,10743420430967,1783482486243810903
3,22484384000,10743420704600,1783482486244084568
2,22488920999,10743628504432,1783482486451884400
1,22468778000,10743628504336,1783482486451884272
3,22516426666,10743628506960,1783482486451886896
0,22510762999,10743628511152,1783482486451891120
2,22520949999,10743628614257,1783482486451994193
2,22552979000,10743628692049,1783482486452072017
2,22585007999,10743628752498,1783482486452132434
1,22500810999,10743628770706,1783482486452150674
1,22532843999,10743628782706,1783482486452162642
1,22564877000,10743628788562,1783482486452168530
3,22548469332,10743628863890,1783482486452243858
3,22580512000,10743629010803,1783482486452390771
3,22612554666,10743629020051,1783482486452399987
0,22606825999,10743629335221,1783482486452715189
0,22638846999,10743629353045,1783482486452733013
0,22670868000,10743629375413,1783482486452755413
3,22708682666,10743633893874,1783482486457273810
2,22713123999,10743638314349,1783482486461694285
1,22725041999,10743650273017,1783482486473652953
0,22734909999,10743660478041,1783482486483858009
3,22740725332,10743666047419,1783482486489427387
2,22745153000,10743670362167,1783482486493742135
1,22757075000,10743682299457,1783482486505679425
0,22766931000,10743692160703,1783482486515540639
3,22772768000,10743697999556,1783482486521379524
2,22777181999,10743702403264,1783482486525783232
1,22789107999,10743714432235,1783482486537812203
0,22798951999,10743724192872,1783482486547572840
1,22821140999,10743855595649,1783482486678975585
0,22830972999,10743855596161,1783482486678976129
0,22862994000,10743855755266,1783482486679135234
1,22853174000,10743855755970,1783482486679135906
0,22895014999,10743855830370,1783482486679210338
1,22885206999,10743855830338,1783482486679210274
2,22809210999,10743855907299,1783482486679287267
3,22804810666,10743855932867,1783482486679312835
3,22836853332,10743855943491,1783482486679323427
3,22868896000,10743855948099,1783482486679328035
2,22841240000,10743856935337,1783482486680315305
2,22873268999,10743856950665,1783482486680330633
1,22917239999,10744064504383,1783482486887884351
0,22927035999,10744064504575,1783482486887884511
2,22905297999,10744064896162,1783482486888276130
2,22937327000,10744064911042,1783482486888290978
2,22969355999,10744064916386,1783482486888296354
2,23001384999,10744064920578,1783482486888300546
3,22965024000,10744064939074,1783482486888319042
3,22997066666,10744064944770,1783482486888324706
3,23029109332,10744064949346,1783482486888329282
3,23061152000,10744064953058,1783482486888333026
1,22949273000,10744065108675,1783482486888488611
0,22959057000,10744065434693,1783482486888814661
0,22991077999,10744065583366,1783482486888963302
0,23023098999,10744065623206,1783482486889003142
1,22981305999,10744065724871,1783482486889104807
1,23013338999,10744065735943,1783482486889115911
0,23151183000,10744076399978,1783482486899779946
3,23157280000,10744082564880,1783482486905944848
0,23183203999,10744108549107,1783482486931929075
3,23189322666,10744114663418,1783482486938043354
1,23205536999,10744130834271,1783482486954214207
0,23215224999,10744140566588,1783482486963946556
3,23221365332,10744147001445,1783482486970381733
2,23225588000,10744150826301,1783482486974206269
1,23237570000,10744163234091,1783482486986614059
0,23247246000,10744172673126,1783482486996053062
3,23253408000,10744178855021,1783482487002234957
2,23257616999,10744182939558,1783482487006319526
1,23269602999,10744194938001,1783482487018317969
0,23279266999,10744204513165,1783482487027893133
3,23285450666,10744210774677,1783482487034154645
2,23289645999,10744214936911,1783482487038316847
1,23301635999,10744226989883,1783482487050369819
0,23311287999,10744236534326,1783482487059914294
3,23317493332,10744242983455,1783482487066363423
2,23321675000,10744247012472,1783482487070392440
1,23333669000,10744259020323,1783482487082400291
2,23353703999,10744279041345,1783482487102421313
1,23365701999,10744291052876,1783482487114432844
2,23385732999,10744311083722,1783482487134463658
0,23343309000,10744400322458,1783482487223702426
1,23397734999,10744400331994,1783482487223711930
2,23417762000,10744400375322,1783482487223755258
3,23349536000,10744400380538,1783482487223760474
2,23449790999,10744400581052,1783482487223961020
3,23381578666,10744400703548,1783482487224083516
1,23429768000,10744400739421,1783482487224119357
0,23375329999,10744400857949,1783482487224237885
3,23413621332,10744609862301,1783482487433242269
3,23445664000,10744609894493,1783482487433274461
0,23407350999,10744609915389,1783482487433295325
0,23439372000,10744609923389,1783482487433303357
1,23461800999,10744609934429,1783482487433314365
0,23503413999,10744609963773,1783482487433343741
0,23535435000,10744609970813,1783482487433350781
1,23493833999,10744609976541,1783482487433356509
3,23477706666,10744609990749,1783482487433370685
1,23525867000,10744610046430,1783482487433426398
3,23509749332,10744610051358,1783482487433431326
1,23557899999,10744610117918,1783482487433497854
2,23481819999,10744610265951,1783482487433645919
2,23513849000,10744610281695,1783482487433661663
2,23545877999,10744610286431,1783482487433666367
2,23577906999,10744610290751,1783482487433670687
1,23686031999,10744611275109,1783482487434655045
0,23695539999,10744620787265,1783482487444167233
3,23702005332,10744627330346,1783482487450710314
2,23706023000,10744631314979,1783482487454694915
1,23718065000,10744643305230,1783482487466685166
0,23727561000,10744652777674,1783482487476157642
3,23734048000,10744659334163,1783482487482714099
2,23738051999,10744663291020,1783482487486670988
1,23750097999,10744680923098,1783482487504303034
0,23759581999,10744684829299,1783482487508209235
3,23766090666,10744691347292,1783482487514727260
2,23770080999,10744695436117,1783482487518816053
1,23782130999,10744707459425,1783482487530839393
0,23791602999,10744716845468,1783482487540225532
3,23798133332,10744723464197,1783482487546844165
2,23802110000,10744727431422,1783482487550811358
0,23823624000,10744748985925,1783482487572365861
3,23830176000,10744755841136,1783482487579221072
0,23855644999,10744781112239,1783482487604492207
3,23862218666,10744880700544,1783482487704080512
3,23894261332,10744880725632,1783482487704105568
0,23887665999,10744880748448,1783482487704128416
1,23814164000,10744880765728,1783482487704145696
3,23926304000,10744880812993,1783482487704192961
0,23919687000,10744880824673,1783482487704204641
1,23846196999,10744880832481,1783482487704212449
2,23834138999,10744880890817,1783482487704270785
2,23866167999,10744880902849,1783482487704282817
2,23898197000,10745089564734,1783482487912944638
2,23930225999,10745089588830,1783482487912968798
1,23878229999,10745089612286,1783482487912992254
0,24015750000,10745089650687,1783482487913030655
2,23962254999,10745089668287,1783482487913048255
0,24047770999,10745089674143,1783482487913054111
3,23958346666,10745089695359,1783482487913075295
1,23910263000,10745089707327,1783482487913087295
3,23990389332,10745089718559,1783482487913098495
2,23994284000,10745089738719,1783482487913118687
1,23974328999,10745089772351,1783482487913152319
1,24006362000,10745089785024,1783482487913164992
3,24022432000,10745089810912,1783482487913190848
0,24079791999,10745089812960,1783482487913192896
3,24054474666,10745090069281,1783482487913449249
0,24111813000,10745090171746,1783482487913551714
1,24166526999,10745091736844,1783482487915116812
0,24175854999,10745101178183,1783482487924558151
3,24182645332,10745107929905,1783482487931309841
2,24186458000,10745111699849,1783482487935079817
1,24198560000,10745123797685,1783482487947177621
0,24207876000,10745133111055,1783482487956491023
3,24214688000,10745139929530,1783482487963309466
2,24218486999,10745143718994,1783482487967098962
1,24230592999,10745155838270,1783482487979218526
0,24239896999,10745165157688,1783482487988537624
3,24246730666,10745172058820,1783482487995438756
2,24250515999,10745175779195,1783482487999159163
1,24262625999,10745187879623,1783482488011259559
0,24271917999,10745197268482,1783482488020648450
3,24278773332,10745204065645,1783482488027445581
2,24282545000,10745207814212,1783482488031194148
1,24294659000,10745219929392,1783482488043309360
2,24314573999,10745239864269,1783482488063244237
1,24326691999,10745251951001,1783482488075330937
3,24374901332,10745393113743,1783482488216493679
0,24303939000,10745393115471,1783482488216495439
1,24358724999,10745393117295,1783482488216497263
3,24406944000,10745393137231,1783482488216517263
1,24390758000,10745393228239,1783482488216608207
0,24335959999,10745393232495,1783482488216612463
3,24438986666,10745393237103,1783482488216617039
0,24367980999,10745393304656,1783482488216684592
1,24422790999,10745393307792,1783482488216687760
2,24346602999,10745393375600,1783482488216755536
2,24378632000,10745393387248,1783482488216767184
2,24410660999,10745393392528,1783482488216772496
2,24442689999,10745393396944,1783482488216776880
3,24471029332,10745396282467,1783482488219662435
3,24503072000,10745602029326,1783482488425409262
0,24400002000,10745602030574,1783482488425410510
0,24496065000,10745602058062,1783482488425437998
0,24528085999,10745602063406,1783482488425443374
1,24454823999,10745602081742,1783482488425461678
2,24474719000,10745602412304,1783482488425792272
2,24506747999,10745602429296,1783482488425809232
2,24538776999,10745602434640,1783482488425814608
2,24634863999,10745602438320,1783482488425818288
1,24486857000,10745602612209,1783482488425992145
1,24518889999,10745602630289,1783482488426010257
1,24614988999,10745602636113,1783482488426016049
0,24560106999,10745602662289,1783482488426042257
3,24535114666,10745602702706,1783482488426082674
3,24567157332,10745602717458,1783482488426097426
3,24599200000,10745602722642,1783482488426102578
1,24679055000,10745604298524,1783482488427678492
0,24688191000,10745613461237,1783482488436841173
3,24695328000,10745623301235,1783482488446681203
2,24698921999,10745624220217,1783482488447600185
1,24711087999,10745636319429,1783482488459699365
0,24720211999,10745645444158,1783482488468824126
3,24727370666,10745652575147,1783482488475955115
2,24730950999,10745656164545,1783482488479544513
0,24752232999,10745677485575,1783482488500865511
1,24743120999,10745687823560,1783482488511203528
3,24759413332,10745688095594,1783482488511475562
2,24762980000,10745688665133,1783482488512045101
1,24775154000,10745700393399,1783482488523773335
0,24784254000,10745709624401,1783482488533004369
3,24791456000,10745716705085,1783482488540085053
2,24795008999,10745720333588,1783482488543713524
0,24816274999,10745741616857,1783482488564996825
0,24848295999,10745773614082,1783482488596993986
3,24823498666,10745896716582,1783482488720096518
2,24827037999,10745896720326,1783482488720100262
3,24855541332,10745896845767,1783482488720225703
0,24880317000,10745897451851,1783482488720831819
0,24912337999,10745897472043,1783482488720852011
0,24944358999,10745897477163,1783482488720857131
3,24887584000,10745897783853,1783482488721163789
1,24807186999,10745901126658,1783482488724506626
1,24839219999,10745901167810,1783482488724547778
1,24871253000,10745901176450,1783482488724556418
2,24859067000,10745901470404,1783482488724850340
2,24891095999,10745901486436,1783482488724866404
1,24903285999,10745901531845,1783482488724911781
0,24976380000,10746105762982,1783482488929142918
0,25008400999,10746105787974,1783482488929167942
3,24919626666,10746105807302,1783482488929187238
3,24983712000,10746105818694,1783482488929198662
3,25015754666,10746105823686,1783482488929203622
3,25047797332,10746105827751,1783482488929207687
0,25040421999,10746105839207,1783482488929219143
0,25072443000,10746105846407,1783482488929226375
2,24923124999,10746105899399,1783482488929279367
2,24987182999,10746105914247,1783482488929294215
2,25019211999,10746105919911,1783482488929299879
2,25051241000,10746105923943,1783482488929303879
1,24999384999,10746105969415,1783482488929349351
1,25031417999,10746105977799,1783482488929357735
1,25063451000,10746105981959,1783482488929361927
1,25095483999,10746105985319,1783482488929365287
1,25191582999,10746117160238,1783482488940540174
0,25200526999,10746125824260,1783482488949204228
3,25208010666,10746133310035,1783482488956690003
2,25211385999,10746136666760,1783482488960046728
1,25223615999,10746148895157,1783482488972275093
0,25232547999,10746158086030,1783482488981465998
3,25240053332,10746165369788,1783482488988749724
2,25243415000,10746169156596,1783482488992536564
1,25255649000,10746180904638,1783482489004284606
0,25264569000,10746192155204,1783482489015535172
3,25272096000,10746197426757,1783482489020806725
2,25275443999,10746200769370,1783482489024149306
1,25287681999,10746213150792,1783482489036530728
0,25296589999,10746221973151,1783482489045353119
3,25304138666,10746229548527,1783482489052928623
2,25307472999,10746232785283,1783482489056165251
1,25319714999,10746244957615,1783482489068337551
0,25328610999,10746253974344,1783482489077354280
3,25336181332,10746261501783,1783482489084881719
2,25339502000,10746264828204,1783482489088208172
1,25351748000,10746277071001,1783482489100450969
3,25368224000,10746293471168,1783482489116851136
2,25371530999,10746296769013,1783482489120148949
1,25383780999,10746430565340,1783482489253945276
3,25400266666,10746430565916,1783482489253945884
0,25424673999,10746430566780,1783482489253946748
2,25403559999,10746430602332,1783482489253982268
3,25432309332,10746431157536,1783482489254537504
3,25464352000,10746431169536,1783482489254549504
2,25435589000,10746431448866,1783482489254828834
2,25467617999,10746431465314,1783482489254845250
1,25415813999,10746431478434,1783482489254858370
1,25447847000,10746431591043,1783482489254970979
0,25456695000,10746431611555,1783482489254991523
0,25488715999,10746431627715,1783482489255007683
2,25499646999,10746639470779,1783482489462850747
3,25496394666,10746639476411,1783482489462856347
0,25520736999,10746639516059,1783482489462895995
0,25552758000,10746639525755,1783482489462905723
2,25531676000,10746639604412,1783482489462984380
2,25563704999,10746639671964,1783482489463051900
1,25479879999,10746639685020,1783482489463064956
1,25511912999,10746639698748,1783482489463078716
1,25543946000,10746639705148,1783482489463085084
0,25584778999,10746639957694,1783482489463337662
0,25616799999,10746639968926,1783482489463348894
3,25528437332,10746639993182,1783482489463373150
3,25560480000,10746639999998,1783482489463379966
2,25595733999,10746640629090,1783482489464008994
1,25575978999,10746640661570,1783482489464041538
3,25592522666,10746640919428,1783482489464299396
2,25723850000,10746649158328,1783482489472538264
1,25736144000,10746661384644,1783482489484764612
0,25744884000,10746670168828,1783482489493548764
2,25755878999,10746681190977,1783482489504570945
1,25768176999,10746693502126,1783482489516882062
0,25776904999,10746702167044,1783482489525547012
3,25784778666,10746710029910,1783482489533409878
2,25787907999,10746713198570,1783482489536578538
1,25800209999,10746725617335,1783482489548997271
0,25808925999,10746734345390,1783482489557725358
3,25816821332,10746742176895,1783482489565556831
2,25819937000,10746745262227,1783482489568642163
1,25832243000,10746757498816,1783482489580878752
0,25840947000,10746766185750,1783482489589565718
3,25848864000,10746774136840,1783482489597516936
2,25851965999,10746777207867,1783482489600587803
1,25864275999,10746790035596,1783482489613415532
0,25872967999,10746798213279,1783482489621593247
3,25880906666,10746811302769,1783482489634682705
0,25904988999,10746830328617,1783482489653708585
3,25912949332,10746838203674,1783482489661583610
0,25937010000,10746951107102,1783482489774487038
3,25944992000,10746951107998,1783482489774487934
2,25883994999,10746951109566,1783482489774489534
1,25896308999,10746951112222,1783482489774492190
3,25977034666,10746951135679,1783482489774515647
1,25928342000,10746951203935,1783482489774583903
1,26024441000,10746951214303,1783482489774594271
2,25916024000,10746951224895,1783482489774604863
0,25969030999,10746951227999,1783482489774607967
3,26009077332,10746951233951,1783482489774613919
3,26041120000,10747159926045,1783482489983306013
0,26001051999,10747159927261,1783482489983307197
2,25948052999,10747159925853,1783482489983305789
2,26044139999,10747159959869,1783482489983339869
2,26076168999,10747159966397,1783482489983346333
2,26108198000,10747160065726,1783482489983445758
0,26033073000,10747160093630,1783482489983473566
0,26065093999,10747160269631,1783482489983649567
0,26097114999,10747160286175,1783482489983666143
1,26056473999,10747160731938,1783482489984111906
1,26088506999,10747160751106,1783482489984131074
1,26120540000,10747160756130,1783482489984136098
1,26152572999,10747160759970,1783482489984139906
3,26073162666,10747160773826,1783482489984153794
3,26105205332,10747160782850,1783482489984162818
3,26137248000,10747160843362,1783482489984223330
2,26236313999,10747161538727,1783482489984918695
1,26248671999,10747173962997,1783482489997342933
0,26257219999,10747182437130,1783482490005817066
3,26265418666,10747190657053,1783482490014037149
2,26268342999,10747193577840,1783482490016957808
1,26280704999,10747205925021,1783482490029304957
0,26289240999,10747214490035,1783482490037870003
3,26297461332,10747222700231,1783482490046080199
2,26300372000,10747225608857,1783482490048988825
1,26312738000,10747238050535,1783482490061430471
0,26321262000,10747246510556,1783482490069890524
3,26329504000,10747254767728,1783482490078147664
2,26332400999,10747257658274,1783482490081038242
1,26344770999,10747270095088,1783482490093475024
0,26353282999,10747278608165,1783482490101988101
3,26361546666,10747286787353,1783482490110167289
2,26364429999,10747289773771,1783482490113153739
1,26376803999,10747303365025,1783482490126744993
2,26396459000,10747321794740,1783482490145174676
3,26393589332,10747455549564,1783482490278929532
3,26425632000,10747455669180,1783482490279049116
3,26457674666,10747455741469,1783482490279121437
1,26408837000,10747455785149,1783482490279165117
2,26428487999,10747455816349,1783482490279196317
2,26460516999,10747455832894,1783482490279212862
2,26492546000,10747455838238,1783482490279218206
1,26440869999,10747455892862,1783482490279272830
1,26472902999,10747455904094,1783482490279284062
0,26385303999,10747455937726,1783482490279317662
0,26417325000,10747455953214,1783482490279333182
0,26449345999,10747455959390,1783482490279339326
0,26481366999,10747455964958,1783482490279344926
2,26524574999,10747664384506,1783482490487764474
3,26489717332,10747664387834,1783482490487767770
3,26553802666,10747664411738,1783482490487791674
0,26545408999,10747664433083,1783482490487813019
1,26504936000,10747664786109,1783482490488166045
2,26556603999,10747664922814,1783482490488302782
0,26577429999,10747664984990,1783482490488364926
1,26536968999,10747665002782,1783482490488382718
3,26585845332,10747665011006,1783482490488390942
0,26609451000,10747665732739,1783482490489112675
2,26588633000,10747665738755,1783482490489118723
1,26569001999,10747665753699,1783482490489133635
1,26601035000,10747665848579,1783482490489228547
2,26620661999,10747665859811,1783482490489239747
0,26641471999,10747665860675,1783482490489240643
3,26617888000,10747666062085,1783482490489442021
3,26746058666,10747671293318,1783482490494673286
2,26748777999,10747674077495,1783482490497457431
1,26761199999,10747686464325,1783482490509844293
3,26778101332,10747703378383,1783482490526758319
2,26780807000,10747706020703,1783482490529400639
1,26793233000,10747718456366,1783482490541836334
3,26810144000,10747735484504,1783482490558864440
2,26812835999,10747738069705,1783482490561449641
1,26825265999,10747750529655,1783482490573909623
0,26833597999,10747758824619,1783482490582204555
3,26842186666,10747767515873,1783482490590895809
2,26844864999,10747770115282,1783482490593495250
1,26857298999,10747782576320,1783482490605956288
0,26865618999,10747790868372,1783482490614248340
3,26874229332,10747799481994,1783482490622861962
2,26876894000,10747802138939,1783482490625518875
1,26889332000,10747814583945,1783482490637963913
0,26897640000,10747822897757,1783482490646277725
3,26906272000,10747831541235,1783482490654921171
0,26929660999,10747854990758,1783482490678370694
0,26961681999,10747886931055,1783482490710310991
1,26921364999,10747968184237,1783482490791564205
1,26953397999,10747968215757,1783482490791595725
0,26993703000,10747968236013,1783482490791615949
3,26938314666,10747968272589,1783482490791652525
1,26985431000,10747968309325,1783482490791689293
2,26908922999,10747968325486,1783482490791705454
3,26970357332,10747968343950,1783482490791723886
2,26940951999,10747968345742,1783482490791725678
0,27025723999,10747968364398,1783482490791744366
3,27002400000,10748178435700,1783482491001815668
1,27017463999,10748178446292,1783482491001826260
3,27034442666,10748178461492,1783482491001841428
0,27057744999,10748178484116,1783482491001864052
1,27049496999,10748178565365,1783482491001945333
3,27066485332,10748178568437,1783482491001948405
0,27089766000,10748178599285,1783482491001979253
1,27081530000,10748178653749,1783482491002033717
0,27121786999,10748178655477,1783482491002035445
3,27098528000,10748178676341,1783482491002056309
2,26972981000,10748178876855,1783482491002256855
2,27005009999,10748178893751,1783482491002273687
2,27069068000,10748178899191,1783482491002279127
2,27101096999,10748178903063,1783482491002283031
0,27153807999,10748179682908,1783482491003062876
1,27113562999,10748179689084,1783482491003069052
3,27258741332,10748184085399,1783482491007465367
2,27261242000,10748186548871,1783482491009928807
1,27273728000,10748198954709,1783482491022334645
0,27281892000,10748207150856,1783482491030530824
3,27290784000,10748216168577,1783482491039548513
2,27293270999,10748218560624,1783482491041940592
1,27305760999,10748231137535,1783482491054517503
0,27313912999,10748239187537,1783482491062567505
3,27322826666,10748248228522,1783482491071608458
2,27325299999,10748250627385,1783482491074007321
1,27337793999,10748263068775,1783482491086448743
0,27345933999,10748271201690,1783482491094581658
3,27354869332,10748280211923,1783482491103591859
2,27357329000,10748282546113,1783482491105926081
0,27377955000,10748303233507,1783482491126613443
3,27386912000,10748312233692,1783482491135613628
1,27433892999,10748359138050,1783482491182517986
2,27453416000,10748378648028,1783482491202027996
0,27409975999,10748387370227,1783482491210750163
3,27418954666,10748387384979,1783482491210764947
1,27465926000,10748391257772,1783482491214637740
2,27485444999,10748410692422,1783482491234072390
3,27450997332,10748419684798,1783482491243064734
0,27441996999,10748419732478,1783482491243112446
1,27497958999,10748423304181,1783482491246684117
2,27517473999,10748443873366,1783482491267253334
0,27474018000,10748452294219,1783482491275674187
3,27483040000,10748452355659,1783482491275735627
1,27529991999,10748455224605,1783482491278604573
2,27549503000,10748482475048,1783482491305854984
0,27506038999,10748491137694,1783482491314517630
3,27515082666,10748491193215,1783482491314573183
1,27562025000,10748491330112,1783482491314710048
2,27581531999,10748506785281,1783482491330165217
2,27613560999,10748539028395,1783482491362408363
0,27538059999,10748699763836,1783482491523143804
3,27547125332,10748699818716,1783482491523198684
3,27579168000,10748699870652,1783482491523250588
2,27645590000,10748699891804,1783482491523271740
2,27677618999,10748699901917,1783482491523281885
2,27709647999,10748699951357,1783482491523331325
3,27611210666,10748699969117,1783482491523349021
0,27570081000,10748699993309,1783482491523373245
2,27741677000,10748700047325,1783482491523427293
3,27643253332,10748700064222,1783482491523444158
0,27602101999,10748700081022,1783482491523460958
0,27634122999,10748700087294,1783482491523467230
1,27594057999,10748700126526,1783482491523506494
1,27626090999,10748700141982,1783482491523521918
1,27658124000,10748700147262,1783482491523527198
1,27690156999,10748700151230,1783482491523531134
1,27786255999,10748711698119,1783482491535078055
0,27794227999,10748908777211,1783482491732157147
0,27826248999,10748908807228,1783482491732187196
0,27858270000,10748908813468,1783482491732193436
3,27803466666,10748909396511,1783482491732776447
3,27835509332,10748909413407,1783482491732793375
3,27867552000,10748909418911,1783482491732798879
2,27805734999,10748909740353,1783482491733120289
3,27899594666,10748909761153,1783482491733141121
0,27890290999,10748909774050,1783482491733154018
1,27818288999,10748909799202,1783482491733179170
1,27850322000,10748909940835,1783482491733320771
2,27837764000,10748909942787,1783482491733322723
2,27869792999,10748910014659,1783482491733394627
1,27882354999,10748910021219,1783482491733401155
0,27986353999,10748911557965,1783482491734937869
3,27995722666,10748921013448,1783482491744393416
1,27914387999,10748929647678,1783482491753027614
2,27901821999,10748929690495,1783482491753070431
0,28018374999,10748943614774,1783482491766994710
3,28027765332,10748953027217,1783482491776407185
1,28010486999,10748961675367,1783482491785055335
2,27997908999,10748961700807,1783482491785080775
0,28050396000,10748975642719,1783482491799022655
3,28059808000,10748985121306,1783482491808501242
2,28029938000,10748993673808,1783482491817053776
1,28042520000,10748993716720,1783482491817096656
0,28082416999,10749007656648,1783482491831036584
3,28091850666,10749017083683,1783482491840463651
1,28074552999,10749025722105,1783482491849102073
2,28061966999,10749025723033,1783482491849102969
0,28114437999,10749039632497,1783482491863012433
3,28123893332,10749049227917,1783482491872607853
0,28146459000,10749071710586,1783482491895090522
3,28155936000,10749081261654,1783482491904641622
2,28093995999,10749234473495,1783482492057853431
3,28187978666,10749234486807,1783482492057866775
0,28242522000,10749234487543,1783482492057867479
2,28126025000,10749234496183,1783482492057876119
2,28158053999,10749234503479,1783482492057883415
1,28106585999,10749234521048,1783482492057900984
1,28138619000,10749234529880,1783482492057909816
0,28274542999,10749234584856,1783482492057964824
1,28170651999,10749234596344,1783482492057976280
3,28220021332,10749234613688,1783482492057993656
0,28306563999,10749234663736,1783482492058043672
3,28252064000,10749234669305,1783482492058049241
1,28202684999,10749234673081,1783482492058053017
3,28284106666,10749234884026,1783482492058263962
2,28190082999,10749235449949,1783482492058829917
2,28318199000,10749243417775,1783482492066797711
3,28316149332,10749253661584,1783482492077041552
1,28330817000,10749256142047,1783482492079521983
0,28338585000,10749263796463,1783482492087176431
2,28350227999,10749275466521,1783482492098846489
3,28348192000,10749285441783,1783482492108821751
1,28362849999,10749288169576,1783482492111549544
0,28370605999,10749295897145,1783482492119277049
2,28382256999,10749307585218,1783482492130965186
1,28394882999,10749320313458,1783482492143693426
0,28402626999,10749327960834,1783482492151340770
2,28414286000,10749339564939,1783482492162944875
1,28426916000,10749493770227,1783482492317150195
0,28434648000,10749493772435,1783482492317152371
2,28446314999,10749493776115,1783482492317156083
3,28380234666,10749493777651,1783482492317157587
2,28478343999,10749493894003,1783482492317273907
3,28412277332,10749493910164,1783482492317290100
2,28510373000,10749493978484,1783482492317358420
3,28444320000,10749493989364,1783482492317369300
3,28476362666,10749494052564,1783482492317432500
2,28542401999,10749494061684,1783482492317441652
0,28466668999,10749494076469,1783482492317456437
0,28498689999,10749494088181,1783482492317468149
0,28530711000,10749494093845,1783482492317473781
1,28458948999,10749494173749,1783482492317553717
1,28490981999,10749494185269,1783482492317565237
1,28523015000,10749494190229,1783482492317570165
1,28587080999,10749702819155,1783482492526199155
3,28604533332,10749702826451,1783482492526206387
3,28636576000,10749702857203,1783482492526237139
0,28594752999,10749702860307,1783482492526240211
2,28574430999,10749702866419,1783482492526246355
2,28606460000,10749702912051,1783482492526292019
0,28626774000,10749702922099,1783482492526302035
3,28668618666,10749702924083,1783482492526304019
1,28619114000,10749702938451,1783482492526318387
2,28638488999,10749703003604,1783482492526383572
0,28658794999,10749703005332,1783482492526385268
1,28651146999,10749703025204,1783482492526405172
3,28700661332,10749703038356,1783482492526418292
2,28670517999,10749703088820,1783482492526468788
0,28690815999,10749703094196,1783482492526474164
1,28683179999,10749703100436,1783482492526480372
0,28786878999,10749712094637,1783482492535474573
3,28796789332,10749722074859,1783482492545454827
0,28818900000,10749744104182,1783482492567484118
3,28828832000,10749754166357,1783482492577546325
1,28843344999,10749768592591,1783482492591972527
0,28850920999,10749776177599,1783482492599557567
3,28860874666,10749786190782,1783482492609570750
2,28862691999,10749787894281,1783482492611274217
1,28875377999,10749800704025,1783482492624083961
0,28882941999,10749809352175,1783482492632732111
3,28892917332,10749818165415,1783482492641545319
2,28894721000,10749819920338,1783482492643300274
1,28907411000,10749832647553,1783482492656027489
0,28914963000,10749841272664,1783482492664652600
3,28924960000,10749850185488,1783482492673565456
2,28926749999,10749851942043,1783482492675322011
1,28939443999,10749864673834,1783482492688053770
3,28957002666,10749882235897,1783482492705615833
2,28958778999,10749883975364,1783482492707355300
1,28971476999,10749896725268,1783482492720105236
2,28990808000,10749916065549,1783482492739445517
1,29003510000,10750050014486,1783482492873394454
2,29022836999,10750050020374,1783482492873400342
3,28989045332,10750050021078,1783482492873401014
1,29035542999,10750050039382,1783482492873419286
2,29054865999,10750050044662,1783482492873424630
2,29086895000,10750050118838,1783482492873498806
1,29067575999,10750050122038,1783482492873502070
3,29021088000,10750050134614,1783482492873514550
0,28946983999,10750050572345,1783482492873952313
0,28979004999,10750050590873,1783482492873970809
0,29011026000,10750050622905,1783482492874002841
0,29043046999,10750258695699,1783482493082075667
3,29053130666,10750258705523,1783482493082085459
1,29099609000,10750258738996,1783482493082118964
3,29085173332,10750258749940,1783482493082129908
2,29118923999,10750258751796,1783482493082131732
0,29139109999,10750258757140,1783482493082137076
3,29149258666,10750258758772,1783482493082138740
0,29171130999,10750258765684,1783482493082145620
0,29203152000,10750258843188,1783482493082223156
3,29181301332,10750258846964,1783482493082226932
2,29150952999,10750258859252,1783482493082239220
2,29182982000,10750259094678,1783482493082474646
2,29215010999,10750259106646,1783482493082486582
1,29131641999,10750259332951,1783482493082712887
1,29163674999,10750259351288,1783482493082731256
1,29195708000,10750259357016,1783482493082736952
3,29341514666,10750266710662,1783482493090090630
2,29343126999,10750268398192,1783482493091778096
1,29355872999,10750281079968,1783482493104459904
0,29363256999,10750288446958,1783482493111826894
3,29373557332,10750298757839,1783482493122137775
2,29375156000,10750300368345,1783482493123748281
1,29387906000,10750313121865,1783482493136501833
0,29395278000,10750320467863,1783482493143847831
3,29405600000,10750330789528,1783482493154169496
2,29407184999,10750332391010,1783482493155770978
1,29419938999,10750345173810,1783482493168553714
0,29427298999,10750352500576,1783482493175880512
3,29437642666,10750362879393,1783482493186259329
2,29439213999,10750364437707,1783482493187817675
1,29451971999,10750377178363,1783482493200558331
0,29459319999,10750384507529,1783482493207887497
3,29469685332,10750394891690,1783482493218271658
0,29491341000,10750416553746,1783482493239933682
3,29501728000,10750426924979,1783482493250304915
0,29523361999,10750448575931,1783482493271955899
2,29471243000,10750537633642,1783482493361013610
2,29503271999,10750537722123,1783482493361102059
1,29484005000,10750537803147,1783482493361183115
1,29516037999,10750537819627,1783482493361199595
1,29548070999,10750537824907,1783482493361204875
0,29555382999,10750538302702,1783482493361682670
3,29533770666,10750538339151,1783482493361719119
3,29565813332,10750538347983,1783482493361727951
0,29651445999,10750576706143,1783482493400086079
3,29597856000,10750746382472,1783482493569762408
1,29580104000,10750746382440,1783482493569762408
2,29535300999,10750746388584,1783482493569768520
2,29567330000,10750746411593,1783482493569791561
0,29683467000,10750746414953,1783482493569794889
2,29631387999,10750746418729,1783482493569798665
3,29629898666,10750746503945,1783482493569883881
2,29663417000,10750746509129,1783482493569889065
3,29661941332,10750746580554,1783482493569960522
3,29693984000,10750746642218,1783482493570022186
0,29715487999,10750746734379,1783482493570114315
0,29747508999,10750746752747,1783482493570132715
0,29779530000,10750746760299,1783482493570140267
1,29644169999,10750746816235,1783482493570196203
1,29676203000,10750746823627,1783482493570203595
1,29708235999,10750746827595,1783482493570207563
3,29822154666,10750747354382,1783482493570734318
2,29823561999,10750748819000,1783482493572198936
1,29836367999,10750761588072,1783482493584968008
0,29843571999,10750768771477,1783482493592151445
2,29855591000,10750780848737,1783482493604228705
3,29854197332,10750789508311,1783482493612888279
1,29868401000,10750793619249,1783482493616999217
0,29875593000,10750800851390,1783482493624231326
2,29887619999,10750812837641,1783482493636217609
3,29886240000,10750821427903,1783482493644807839
1,29900433999,10750825626330,1783482493649006266
0,29907613999,10750832833415,1783482493656213351
2,29919648999,10750844852914,1783482493668232850
3,29918282666,10750853399624,1783482493676779592
1,29932466999,10750857663299,1783482493681043267
0,29939634999,10750864836432,1783482493688216400
2,29951678000,10750876892219,1783482493700272187
2,29983706999,10750908931013,1783482493732310949
1,29964500000,10751062018309,1783482493885398245
0,29971656000,10751062027653,1783482493885407589
2,30015735999,10751062031302,1783482493885411238
1,29996532999,10751062041670,1783482493885421606
3,30014410666,10751062054342,1783482493885434310
3,30046453332,10751062063590,1783482493885443526
3,30078496000,10751062068198,1783482493885448166
0,30003676999,10751062119590,1783482493885499558
2,30047765000,10751062129766,1783482493885509702
3,30110538666,10751062169190,1783482493885549126
2,30079793999,10751062228295,1783482493885608295
0,30035697999,10751062312071,1783482493885692039
0,30067719000,10751062323207,1783482493885703175
1,30028565999,10751062375464,1783482493885755432
2,30111822999,10751062450920,1783482493885830856
1,30060599000,10751062492872,1783482493885872840
3,30142581332,10751067782410,1783482493891162410
1,30156698000,10751081905634,1783482493905285570
3,30174624000,10751099838771,1783482493923218739
0,30163782000,10751270993125,1783482494094373061
0,30195802999,10751271016805,1783482494094396773
0,30227823999,10751271102886,1783482494094482822
0,30259845000,10751271183750,1783482494094563686
2,30143852000,10751271210214,1783482494094590182
3,30206666666,10751271265287,1783482494094645223
2,30175880999,10751271275335,1783482494094655271
3,30238709332,10751271278535,1783482494094658503
2,30271967999,10751271286087,1783482494094666055
3,30270752000,10751271287655,1783482494094667591
2,30303996999,10751271293127,1783482494094673063
3,30302794666,10751271294407,1783482494094674375
1,30252797000,10751271626025,1783482494095005961
1,30284829999,10751271645673,1783482494095025641
1,30316862999,10751271882763,1783482494095262699
1,30348896000,10751274102265,1783482494097482233
0,30355908000,10751281120485,1783482494104500453
3,30366880000,10751292060073,1783482494115440009
2,30368054999,10751293270673,1783482494116650641
1,30380928999,10751306151714,1783482494129531682
0,30387928999,10751313126286,1783482494136506222
3,30398922666,10751480099334,1783482494303479302
3,30430965332,10751480210310,1783482494303590246
3,30463008000,10751480279495,1783482494303659463
3,30495050666,10751480368423,1783482494303748391
0,30419949999,10751480428168,1783482494303808136
0,30451971000,10751480440424,1783482494303820360
0,30483991999,10751480445896,1783482494303825864
0,30516012999,10751480450984,1783482494303830952
1,30412961999,10751480470440,1783482494303850376
1,30444995000,10751480477064,1783482494303857000
2,30400083999,10751480516488,1783482494303896424
1,30477027999,10751480520712,1783482494303900680
1,30509060999,10751480526248,1783482494303906184
2,30432113000,10751480538408,1783482494303918376
2,30464141999,10751480543496,1783482494303923464
2,30496170999,10751480547560,1783482494303927528
2,30560228999,10751485467431,1783482494308847399
2,30592257999,10751689061157,1783482494512441125
3,30559136000,10751689061861,1783482494512441829
1,30573126999,10751689062373,1783482494512442341
0,30580054999,10751689099942,1783482494512479910
3,30591178666,10751689107302,1783482494512487270
3,30623221332,10751689685801,1783482494513065897
0,30612075999,10751689745642,1783482494513125578
3,30655264000,10751689772874,1783482494513152810
0,30644097000,10751689784042,1783482494513163978
2,30624287000,10751689796746,1783482494513176682
2,30656315999,10751689808266,1783482494513188234
1,30605159999,10751690235053,1783482494513615149
1,30637193000,10751690254253,1783482494513634221
1,30669225999,10751690357869,1783482494513737805
0,30676117999,10751690376334,1783482494513756270
1,30765324999,10751690504430,1783482494513884366
2,30688344999,10751690888145,1783482494514268113
0,30772180999,10751697400602,1783482494520780570
3,30783434666,10751708649216,1783482494532029120
2,30784431999,10751709645318,1783482494533025254
1,30797357999,10751722801881,1783482494546181849
0,30804201999,10751729447427,1783482494552827395
3,30815477332,10751740875307,1783482494564255275
2,30816461000,10751741666287,1783482494565046223
1,30829391000,10751754631905,1783482494578011841
0,30836223000,10751761464684,1783482494584844652
3,30847520000,10751772719346,1783482494596099314
2,30848489999,10751773702137,1783482494597082105
1,30861423999,10751786633162,1783482494610013098
0,30868243999,10751793455445,1783482494616835413
3,30879562666,10751804774620,1783482494628154556
2,30880518999,10751805722338,1783482494629102306
1,30893456999,10751818673011,1783482494642052947
0,30900264999,10751825484574,1783482494648864542
3,30911605332,10751836803909,1783482494660183845
2,30912548000,10751837752011,1783482494661131947
3,30943648000,10751868841614,1783482494692221582
2,30944576999,10751990816971,1783482494814196875
1,30925490000,10751990818347,1783482494814198283
0,30932286000,10751990828299,1783482494814208235
3,30975690666,10751990828971,1783482494814208907
1,30957522999,10751990946764,1783482494814326700
1,30989555999,10751991017965,1783482494814397933
0,30964306999,10751991237582,1783482494814617550
0,31060369999,10751991252142,1783482494814632110
3,31007733332,10751991360719,1783482494814740655
3,31039776000,10751991373903,1783482494814753871
2,30976605999,10751991551760,1783482494814931696
2,31008635000,10751991565840,1783482494814945776
1,31021589000,10752199747179,1783482495023127115
3,31071818666,10752199751147,1783482495023131115
0,31092390999,10752199754091,1783482495023134059
2,31040663999,10752199770059,1783482495023149995
1,31085654999,10752199772907,1783482495023152843
0,31124412000,10752199811083,1783482495023191051
2,31072692999,10752199861388,1783482495023241356
0,31156432999,10752199872524,1783482495023252492
3,31103861332,10752199877932,1783482495023257868
0,31188453999,10752199952620,1783482495023332588
2,31104722000,10752199953644,1783482495023333612
3,31135904000,10752199960684,1783482495023340652
2,31136750999,10752202933919,1783482495026313823
3,31167946666,10752202949567,1783482495026329535
1,31117688000,10752203000639,1783482495026380607
1,31149720999,10752203011071,1783482495026391007
1,31277852999,10752203060160,1783482495026440096
0,31284516999,10752209757450,1783482495033137418
3,31296117332,10752221350994,1783482495044730930
2,31296896000,10752222168440,1783482495045548376
1,31309886000,10752237345847,1783482495060725783
0,31316538000,10752241850195,1783482495065230163
0,31348558999,10752411766910,1783482495235146846
1,31341918999,10752411884959,1783482495235264895
1,31373951999,10752411901631,1783482495235281599
1,31405985000,10752411907903,1783482495235287839
0,31380579999,10752411927935,1783482495235307903
0,31412601000,10752411984543,1783482495235364479
1,31438017999,10752411994815,1783482495235374783
2,31328924999,10752412085504,1783482495235465472
2,31360953999,10752412107680,1783482495235487648
2,31392983000,10752412112928,1783482495235492864
2,31425011999,10752412116576,1783482495235496512
3,31328160000,10752412616707,1783482495235996643
3,31424288000,10752412646083,1783482495236026051
3,31456330666,10752412651523,1783482495236031459
3,31488373332,10752413566633,1783482495236946601
2,31489070000,10752414267053,1783482495237646989
2,31521098999,10752620714493,1783482495444094429
0,31444621999,10752620719869,1783482495444099805
0,31508664000,10752620749406,1783482495444129342
1,31502084000,10752620776574,1783482495444156510
1,31534116999,10752621098816,1783482495444478784
3,31520416000,10752621099872,1783482495444479808
2,31553127999,10752621101088,1783482495444481056
1,31566149999,10752621120064,1783482495444500000
3,31552458666,10752621123264,1783482495444503200
2,31585157000,10752621124864,1783482495444504832
1,31662248999,10752621127392,1783482495444507328
3,31584501332,10752621133600,1783482495444513536
3,31616544000,10752621140480,1783482495444520416
2,31681244000,10752621149248,1783482495444529184
0,31540684999,10752621167040,1783482495444547008
0,31572705999,10752621597731,1783482495444977699
0,31700790000,10752626112255,1783482495449492191
3,31712672000,10752637973450,1783482495461353354
2,31713272999,10752638488813,1783482495461868749
1,31726314999,10752651549087,1783482495474929023
0,31732810999,10752658108040,1783482495481488008
3,31744714666,10752669983347,1783482495493363315
2,31745301999,10752670522742,1783482495493902678
1,31758347999,10752683601672,1783482495506981608
0,31764831999,10752690170961,1783482495513550929
3,31776757332,10752702089788,1783482495525469724
2,31777331000,10752702557727,1783482495525937695
1,31790381000,10752715709554,1783482495539089522
0,31796853000,10752722103002,1783482495545482970
3,31808800000,10752734038725,1783482495557418661
2,31809359999,10752734589128,1783482495557969096
1,31822413999,10752747651898,1783482495571031866
0,31828873999,10752754075491,1783482495577455555
3,31840842666,10752766171694,1783482495589551662
2,31841388999,10752766617137,1783482495589997105
1,31854446999,10752779673699,1783482495603053667
0,31860894999,10752786100716,1783482495609480652
3,31872885332,10752798105239,1783482495621485207
3,31904928000,10752942976548,1783482495766356516
0,31892916000,10752943017189,1783482495766397157
1,31886480000,10752943037445,1783482495766417413
2,31873418000,10752943053445,1783482495766433413
2,31905446999,10752943182534,1783482495766562502
1,31918512999,10752943197734,1783482495766577702
0,31924936999,10752943208134,1783482495766588102
2,31937475999,10752943344391,1783482495766724359
1,31950545999,10752943369639,1783482495766749575
1,31982579000,10752943394887,1783482495766774855
0,31956957999,10752943403463,1783482495766783399
0,31988979000,10752943408071,1783482495766788039
3,31936970666,10752944093739,1783482495767473707
3,31969013332,10752944126636,1783482495767506604
2,31969505000,10752944167660,1783482495767547596
3,32001056000,10752944221484,1783482495767601420
3,32033098666,10753151888196,1783482495975268132
2,32033562999,10753151888356,1783482495975268324
0,32020999999,10753151932004,1783482495975311972
1,32046644999,10753151954436,1783482495975334404
2,32065592000,10753152277062,1783482495975657030
1,32078678000,10753152448775,1783482495975828711
3,32065141332,10753152454919,1783482495975834855
1,32110710999,10753152461671,1783482495975841639
3,32097184000,10753152468071,1783482495975847975
1,32142743999,10753152470119,1783482495975850087
2,32097620999,10753152473511,1783482495975853447
3,32129226666,10753152473959,1783482495975853927
2,32129649999,10753152482887,1783482495975862823
0,32053020999,10753152509960,1783482495975889896
0,32085042000,10753152518824,1783482495975898760
0,32117062999,10753152533000,1783482495975912968
1,32238842999,10753164052336,1783482495987432272
0,32245146999,10753170341944,1783482495993721880
3,32257397332,10753182588228,1783482496005968196
2,32257766000,10753182963175,1783482496006343143
1,32270876000,10753196100857,1783482496019480825
0,32277168000,10753202418049,1783482496025797985
3,32289440000,10753214649998,1783482496038029934
2,32289794999,10753214995632,1783482496038375600
1,32302908999,10753228111746,1783482496051491714
0,32309188999,10753234383210,1783482496057763178
3,32321482666,10753246672119,1783482496070052087
2,32321823999,10753247028345,1783482496070408313
1,32334941999,10753260130859,1783482496083510795
0,32341209999,10753266390259,1783482496089770227
3,32353525332,10753278751904,1783482496102131872
2,32353853000,10753279063522,1783482496102443490
1,32366975000,10753292187125,1783482496115567093
0,32373231000,10753298413628,1783482496121793564
3,32385568000,10753310763049,1783482496134143017
2,32385881999,10753311091723,1783482496134471691
1,32399007999,10753324202750,1783482496147582686
3,32417610666,10753342840595,1783482496166220563
2,32417910999,10753343118740,1783482496166498708
0,32469294000,10753394521655,1783482496217901623
1,32431040999,10753479365452,1783482496302745420
2,32449940000,10753479365484,1783482496302745420
3,32449653332,10753479416972,1783482496302796908
0,32501314999,10753479435372,1783482496302815308
3,32481696000,10753479554605,1783482496302934573
0,32533335999,10753479569421,1783482496302949389
1,32463074000,10753479579853,1783482496302959821
2,32481968999,10753479596429,1783482496302976365
3,32513738666,10753479645645,1783482496303025549
1,32495106999,10753479661037,1783482496303041005
2,32513997999,10753479675726,1783482496303055694
3,32545781332,10753479726254,1783482496303106222
1,32527139999,10753479736046,1783482496303116014
2,32546027000,10753479743246,1783482496303123182
0,32565357000,10753490576114,1783482496313956082
0,32597377999,10753522597787,1783482496345977723
2,32578055999,10753679901271,1783482496503281207
0,32629398999,10753679906807,1783482496503286743
1,32559173000,10753679912727,1783482496503292695
3,32577824000,10753679934263,1783482496503314199
2,32610084999,10753680050039,1783482496503429975
3,32609866666,10753680056087,1783482496503436055
0,32661420000,10753680073272,1783482496503453208
1,32591205999,10753680088632,1783482496503468568
2,32642114000,10753680126296,1783482496503506264
3,32641909332,10753680127384,1783482496503507320
0,32693440999,10753680133336,1783482496503513304
1,32623238999,10753680142808,1783482496503522744
2,32674142999,10753680215576,1783482496503595544
3,32673952000,10753680216152,1783482496503596120
0,32725461999,10753680221881,1783482496503601849
1,32655272000,10753680232281,1783482496503612217
0,32757483000,10753888944567,1783482496712324503
2,32770229999,10753888947511,1783482496712327447
1,32783403999,10753888961015,1783482496712340983
2,32802258999,10753888970103,1783482496712350071
0,32789503999,10753889052023,1783482496712431959
