cam,seq,pts_ns,mono_ns,real_ns
0,-1,64041999,10122032150722,1783481864855530658
0,-1,96063000,10122034980946,1783481864858360882
0,-1,128083999,10122036573787,1783481864859953755
0,-1,160104999,10122039371563,1783481864862751531
0,-1,192126000,10122040910868,1783481864864290836
0,-1,224146999,10122043265057,1783481864866644993
0,-1,256167999,10122232381023,1783481865055760991
3,-1,567200000,10122374609872,1783481865197989808
0,-1,288189000,10122383428866,1783481865206808866
3,-1,599242666,10122406642375,1783481865230022343
0,-1,320209999,10122415273433,1783481865238653401
3,-1,631285332,10122438680703,1783481865262060671
0,-1,352230999,10122438872449,1783481865262252385
0,-1,448293999,10122438971553,1783481865262351521
3,-1,663328000,10122470722487,1783481865294102487
3,-1,695370666,10122502769359,1783481865326149359
0,-1,576378000,10122511390945,1783481865334770913
3,-1,727413332,10122534814567,1783481865358194535
0,-1,608398999,10122647471118,1783481865470851086
3,-1,759456000,10122647483310,1783481865470863278
0,-1,640419999,10122647499054,1783481865470879022
0,-1,672441000,10122647508526,1783481865470888462
0,-1,704461999,10122647513934,1783481865470893870
0,-1,864567000,10122671963451,1783481865495343419
3,-1,791498666,10122856110204,1783481865679490140
0,-1,896587999,10122856126780,1783481865679506748
0,-1,928608999,10122856247709,1783481865679627645
0,-1,960630000,10122856260477,1783481865679640445
0,-1,992650999,10122856265853,1783481865679645789
0,-1,1056693000,10122864038345,1783481865687418281
1,-1,1134800000,10122942164170,1783481865765544106
3,-1,823541332,10122950678747,1783481865774058715
0,-1,1088713999,10122950680411,1783481865774060347
0,-1,1120734999,10122950697755,1783481865774077691
3,-1,855584000,10122950760059,1783481865774140027
0,-1,1152756000,10122960100497,1783481865783480433
1,-1,1166832999,10122974194082,1783481865797574018
3,-1,887626666,10122982681523,1783481865806061491
0,-1,1184776999,10122992125065,1783481865815505033
1,-1,1198865999,10123006214522,1783481865829594458
3,-1,1079882666,10123014660778,1783481865838040778
0,-1,1216797999,10123024149121,1783481865847529089
1,-1,1230899000,10123038270802,1783481865861650738
3,-1,1143968000,10123046876771,1783481865870256739
0,-1,1248819000,10123056186425,1783481865879566361
3,-1,1176010666,10123064591817,1783481865887971785
1,-1,1262931999,10123070289290,1783481865893669258
0,-1,1280839999,10123088190288,1783481865911570256
1,-1,1294964999,10123102313570,1783481865925693538
0,-1,1312860999,10123273272311,1783481866096652215
3,-1,1208053332,10123273280887,1783481866096660887
0,-1,1344882000,10123273306423,1783481866096686359
1,-1,1326998000,10123273308279,1783481866096688247
0,-1,1376902999,10123273347288,1783481866096727256
3,-1,1240096000,10123273356344,1783481866096736280
3,-1,1272138666,10123273379160,1783481866096759128
3,-1,1304181332,10123273395640,1783481866096775576
0,-1,1472965999,10123280717058,1783481866104097026
3,-1,1496437332,10123303818823,1783481866127198759
0,-1,1504986999,10123312345816,1783481866135725816
3,-1,1528480000,10123335867455,1783481866159247423
0,-1,1537008000,10123344360239,1783481866167740207
3,-1,1560522666,10123367915351,1783481866191295319
0,-1,1569028999,10123376409063,1783481866199789063
3,-1,1592565332,10123399935407,1783481866223315407
0,-1,1601049999,10123408425599,1783481866231805567
3,-1,1624608000,10123431995047,1783481866255375047
0,-1,1633071000,10123440534392,1783481866263914328
1,-1,1359030999,10123449115529,1783481866272495465
3,-1,1656650666,10123464121631,1783481866287501599
0,-1,1665091999,10123472483375,1783481866295863471
1,-1,1391063999,10123481808869,1783481866305188837
1,-1,1423097000,10123481903877,1783481866305283813
3,-1,1688693332,10123496047799,1783481866319427735
0,-1,1697112999,10123504489095,1783481866327869031
2,-1,1702100000,10123509479524,1783481866332859524
3,-1,1720736000,10123528061166,1783481866351441166
0,-1,1729134000,10123536572863,1783481866359952831
2,-1,1734128999,10123541493051,1783481866364873051
1,-1,1487162999,10123549999468,1783481866373379436
0,-1,1761154999,10123568541207,1783481866391921143
2,-1,1766157999,10123573523507,1783481866396903507
0,-1,1793175999,10123600522254,1783481866423902222
2,-1,1798187000,10123605547211,1783481866428927179
1,-1,1647327999,10123605786893,1783481866429166861
1,-1,1679360999,10123614143965,1783481866437523933
3,-1,1816864000,10123624226359,1783481866447606327
0,-1,1825197000,10123632552262,1783481866455932198
2,-1,1830215999,10123637570275,1783481866460950275
1,-1,1711394000,10123646045012,1783481866469424980
3,-1,1848906666,10123656251727,1783481866479631663
0,-1,1857217999,10123664558206,1783481866487938174
2,-1,1862244999,10123669590331,1783481866492970331
3,-1,1880949332,10123688310695,1783481866511690663
1,-1,1743426999,10123688472008,1783481866511851944
1,-1,1807493000,10123688488264,1783481866511868232
0,-1,1889238999,10123696582070,1783481866519962038
3,-1,1912992000,10123720336607,1783481866543716607
0,-1,1921260000,10123728602894,1783481866551982862
1,-1,1839525999,10123728711215,1783481866552091215
2,-1,1894274000,10123728721391,1783481866552101327
3,-1,1945034666,10123752380727,1783481866575760695
0,-1,1953280999,10123760619622,1783481866583999590
1,-1,1871558999,10123760738055,1783481866584118023
2,-1,1926302999,10123760744135,1783481866584124071
3,-1,1977077332,10123784422511,1783481866607802479
0,-1,1985301999,10123792641694,1783481866616021662
1,-1,1903592000,10123792748094,1783481866616128062
2,-1,1958331999,10123792759550,1783481866616139518
3,-1,2009120000,10123816472103,1783481866639852103
0,-1,2017323000,10123824671126,1783481866648051094
1,-1,1935624999,10123824782614,1783481866648162550
2,-1,1990361000,10123824882647,1783481866648262615
3,-1,2041162666,10123848516831,1783481866671896799
0,-1,2049343999,10123856692270,1783481866680072238
1,-1,1967657999,10123856799950,1783481866680179918
3,-1,2073205332,10123880551255,1783481866703931223
0,-1,2081364999,10123888704165,1783481866712084133
1,-1,2063756999,10123888809414,1783481866712189382
2,-1,2086448000,10123893794083,1783481866717174019
3,-1,2105248000,10123912592399,1783481866735972399
0,-1,2113386000,10123920724253,1783481866744104221
1,-1,2095790000,10123920820958,1783481866744200926
2,-1,2118476999,10123925828443,1783481866749208411
3,-1,2137290666,10123944645319,1783481866768025287
0,-1,2145406999,10123952754645,1783481866776134581
1,-1,2127822999,10123952831446,1783481866776211382
2,-1,2150505999,10123957857907,1783481866781237875
3,-1,2169333332,10123976685631,1783481866800065631
0,-1,2177427999,10123984771725,1783481866808151693
1,-1,2159855999,10123984873774,1783481866808253742
2,-1,2182535000,10123989882602,1783481866813262570
3,-1,2201376000,10124008736183,1783481866832116183
0,-1,2209449000,10124016799781,1783481866840179781
1,-1,2191889000,10124016903110,1783481866840283078
2,-1,2214563999,10124021907010,1783481866845286946
3,-1,2233418666,10124040814287,1783481866864194223
0,-1,2241469999,10124048830173,1783481866872210141
1,-1,2223921999,10124048987678,1783481866872367614
2,-1,2246592999,10124053953914,1783481866877333914
3,-1,2265461332,10124072811047,1783481866896191015
0,-1,2273490999,10124080849621,1783481866904229621
1,-1,2255954999,10124080971126,1783481866904351094
2,-1,2278622000,10124085978994,1783481866909358930
3,-1,2297504000,10124104877983,1783481866928257951
0,-1,2305512000,10124112870637,1783481866936250605
1,-1,2287988000,10124112998126,1783481866936378094
2,-1,2310650999,10124118012682,1783481866941392682
3,-1,2329546666,10124136919415,1783481866960299383
0,-1,2337532999,10124144889093,1783481866968269093
1,-1,2320020999,10124145003525,1783481866968383461
2,-1,2342679999,10124150023906,1783481866973403842
3,-1,2361589332,10124168938063,1783481866992318095
0,-1,2369553999,10124176902685,1783481867000282653
1,-1,2352053999,10124177006749,1783481867000386685
2,-1,2374709000,10124182052762,1783481867005432730
3,-1,2393632000,10124200981991,1783481867024361991
0,-1,2401575000,10124208925204,1783481867032305172
2,-1,2406737999,10124214075186,1783481867037455154
3,-1,2425674666,10124233053375,1783481867056433407
0,-1,2433595999,10124240988397,1783481867064368397
1,-1,2384087000,10124241718929,1783481867065098897
2,-1,2438766999,10124246130474,1783481867069510410
3,-1,2457717332,10124265112983,1783481867088492951
0,-1,2465616999,10124272975108,1783481867096355076
1,-1,2416119999,10124273124101,1783481867096504069
2,-1,2470796000,10124278150434,1783481867101530370
3,-1,2489760000,10124297152655,1783481867120532623
0,-1,2497638000,10124305031388,1783481867128411356
1,-1,2448152999,10124305226526,1783481867128606494
2,-1,2502824999,10124310214266,1783481867133594234
3,-1,2521802666,10124329202471,1783481867152582407
0,-1,2529658999,10124337051604,1783481867160431572
1,-1,2480186000,10124337237589,1783481867160617590
2,-1,2534853999,10124342235122,1783481867165615058
3,-1,2553845332,10124361229983,1783481867184609983
0,-1,2561679999,10124369056204,1783481867192436172
1,-1,2512218999,10124369685968,1783481867193065936
2,-1,2566883000,10124374258506,1783481867197638506
3,-1,2585888000,10124393269079,1783481867216649015
0,-1,2593701000,10124401078532,1783481867224458500
1,-1,2544251999,10124401252069,1783481867224632005
2,-1,2598911999,10124406278530,1783481867229658466
3,-1,2617930666,10124425304399,1783481867248684335
0,-1,2625721999,10124433103708,1783481867256483676
1,-1,2576285000,10124433891265,1783481867257271233
2,-1,2630940999,10124438287098,1783481867261667066
3,-1,2649973332,10124457354535,1783481867280734567
0,-1,2657742999,10124465109172,1783481867288489108
1,-1,2608317999,10124465286133,1783481867288666101
2,-1,2662970000,10124470332178,1783481867293712146
3,-1,2682016000,10124489375615,1783481867312755551
0,-1,2689764000,10124497120940,1783481867320500908
1,-1,2640350999,10124497243021,1783481867320622989
2,-1,2694998999,10124502341962,1783481867325721962
3,-1,2714058666,10124521411543,1783481867344791479
0,-1,2721784999,10124529134020,1783481867352514020
1,-1,2672384000,10124529254980,1783481867352634948
2,-1,2727027999,10124534370082,1783481867357750018
3,-1,2746101332,10124553452303,1783481867376832271
0,-1,2753805999,10124561154204,1783481867384534140
1,-1,2704416999,10124561247516,1783481867384627484
2,-1,2759057000,10124566398714,1783481867389778650
3,-1,2778144000,10124585494216,1783481867408874184
0,-1,2785827000,10124593172788,1783481867416552724
1,-1,2736449999,10124593299636,1783481867416679604
2,-1,2791085999,10124598426386,1783481867421806322
3,-1,2810186666,10124617538048,1783481867440918048
1,-1,2768483000,10124626069713,1783481867449449713
2,-1,2823114999,10124630455850,1783481867453835818
3,-1,2842229332,10124649600568,1783481867472980536
1,-1,2800515999,10124658182281,1783481867481562249
2,-1,2855144000,10124662501250,1783481867485881186
3,-1,2874272000,10124681625904,1783481867505005840
0,-1,2881890000,10124689246332,1783481867512626300
1,-1,2832548999,10124689396604,1783481867512776572
2,-1,2887172999,10124694519802,1783481867517899738
3,-1,2906314666,10124713670696,1783481867537050632
0,-1,2913910999,10124721261715,1783481867544641683
1,-1,2864582000,10124721382708,1783481867544762708
2,-1,2919201999,10124726553490,1783481867549933426
3,-1,2938357332,10124745712192,1783481867569092128
0,-1,2945931999,10124753281099,1783481867576661067
1,-1,2896614999,10124753389548,1783481867576769548
2,-1,2951231000,10124758578058,1783481867581957962
3,-1,2970400000,10124777752792,1783481867601132760
0,-1,2977953000,10124785299587,1783481867608679555
1,-1,2928647999,10124785401348,1783481867608781284
2,-1,2983259999,10124790602178,1783481867613982114
3,-1,3002442666,10124809787984,1783481867633167952
0,-1,3009973999,10124817317371,1783481867640697371
1,-1,2960681000,10124817419740,1783481867640799676
2,-1,3015288999,10124822628666,1783481867646008634
3,-1,3034485332,10124841841736,1783481867665221704
0,-1,3041994999,10124849343827,1783481867672723795
1,-1,2992713999,10124849454388,1783481867672834324
2,-1,3047318000,10124854665170,1783481867678045106
3,-1,3066528000,10124873873824,1783481867697253792
0,-1,3074016000,10124881359531,1783481867704739467
1,-1,3024746999,10124881458252,1783481867704838220
2,-1,3079346999,10124886687690,1783481867710067658
3,-1,3098570666,10124905936856,1783481867729316824
0,-1,3106036999,10124913380867,1783481867736760803
1,-1,3056780000,10124913474020,1783481867736853956
2,-1,3111375999,10124918716994,1783481867742096994
3,-1,3130613332,10124937963312,1783481867761343248
0,-1,3138057999,10124945400795,1783481867768780731
1,-1,3088812999,10124945502364,1783481867768882300
2,-1,3143405000,10124950753562,1783481867774133562
0,-1,3170079000,10124977381427,1783481867800761395
1,-1,3120845999,10124985908548,1783481867809288516
2,-1,3175433999,10124985916228,1783481867809296228
0,-1,3202099999,10125009449419,1783481867832829419
1,-1,3152879000,10125017941660,1783481867841321596
2,-1,3207462999,10125017945020,1783481867841324988
3,-1,3226741332,10125034091384,1783481867857471320
0,-1,3234120999,10125041461251,1783481867864841219
3,-1,3258784000,10125066131600,1783481867889511568
0,-1,3266142000,10125073480155,1783481867896860155
2,-1,3239492000,10125073592475,1783481867896972443
1,-1,3184911999,10125073684124,1783481867897064060
3,-1,3290826666,10125098173033,1783481867921553001
0,-1,3298162999,10125105510419,1783481867928890355
1,-1,3216944999,10125105604019,1783481867928984019
2,-1,3271520999,10125105606515,1783481867928986515
3,-1,3322869332,10125130213729,1783481867953593697
0,-1,3330183999,10125137522507,1783481867960902475
1,-1,3248978000,10125137613899,1783481867960993867
2,-1,3303549999,10125137617707,1783481867960997675
3,-1,3354912000,10125162258905,1783481867985638873
0,-1,3362205000,10125169545794,1783481867992925730
1,-1,3281010999,10125169646851,1783481867993026819
2,-1,3335579000,10125169651459,1783481867993031427
3,-1,3386954666,10125194306033,1783481868017686001
0,-1,3394225999,10125201565850,1783481868024945850
1,-1,3313043999,10125201658907,1783481868025038843
2,-1,3367607999,10125201662139,1783481868025042107
3,-1,3418997332,10125226355817,1783481868049735817
0,-1,3426246999,10125233602803,1783481868056982771
2,-1,3399636999,10125233741331,1783481868057121299
1,-1,3345077000,10125233838772,1783481868057218740
3,-1,3451040000,10125258436289,1783481868081816257
0,-1,3458268000,10125265667243,1783481868089047211
1,-1,3377109999,10125265868876,1783481868089248844
3,-1,3483082666,10125290444793,1783481868113824761
0,-1,3490288999,10125297646691,1783481868121026659
1,-1,3473208999,10125297797827,1783481868121177827
2,-1,3495723999,10125303074946,1783481868126454914
3,-1,3515125332,10125322467537,1783481868145847473
0,-1,3522309999,10125329701435,1783481868153081371
1,-1,3505241999,10125329872220,1783481868153252220
2,-1,3527753000,10125335112058,1783481868158491994
3,-1,3547168000,10125354570826,1783481868177950826
0,-1,3554331000,10125361734963,1783481868185114963
1,-1,3537275000,10125361942580,1783481868185322548
2,-1,3559781999,10125367160242,1783481868190540210
3,-1,3579210666,10125386698242,1783481868210078210
0,-1,3586351999,10125393754635,1783481868217134603
1,-1,3569307999,10125393968940,1783481868217348908
2,-1,3591810999,10125399194186,1783481868222574122
3,-1,3611253332,10125418642874,1783481868242022842
0,-1,3618372999,10125425741090,1783481868249121058
1,-1,3601340999,10125425903939,1783481868249283875
2,-1,3623840000,10125431199010,1783481868254579042
3,-1,3643296000,10125450683282,1783481868274063250
0,-1,3650394000,10125457760698,1783481868281140634
1,-1,3633374000,10125457935867,1783481868281315803
2,-1,3655868999,10125463221274,1783481868286601210
3,-1,3675338666,10125482706154,1783481868306086122
0,-1,3682414999,10125489775538,1783481868313155506
1,-1,3665406999,10125489920723,1783481868313300691
2,-1,3687897999,10125495248786,1783481868318628754
3,-1,3707381332,10125514765666,1783481868338145634
0,-1,3714435999,10125521790666,1783481868345170634
1,-1,3697439999,10125521926667,1783481868345306635
2,-1,3719927000,10125527279658,1783481868350659594
3,-1,3739424000,10125546793370,1783481868370173338
0,-1,3746457000,10125553824642,1783481868377204610
1,-1,3729473000,10125553983107,1783481868377363075
2,-1,3751955999,10125559301634,1783481868382681634
3,-1,3771466666,10125578823154,1783481868402203122
0,-1,3778477999,10125585837434,1783481868409217370
1,-1,3761505999,10125585977307,1783481868409357243
2,-1,3783984999,10125591330554,1783481868414710522
3,-1,3803509332,10125610866570,1783481868434246538
0,-1,3810498999,10125617851090,1783481868441231026
1,-1,3793538999,10125617944275,1783481868441324243
2,-1,3816014000,10125623355058,1783481868446735026
3,-1,3835552000,10125642927682,1783481868466307650
0,-1,3842520000,10125649879722,1783481868473259658
1,-1,3825572000,10125650008043,1783481868473388011
2,-1,3848042999,10125655395658,1783481868478775626
3,-1,3867594666,10125674979227,1783481868498359195
0,-1,3874540999,10125681893314,1783481868505273250
1,-1,3857604999,10125682022307,1783481868505402243
2,-1,3880071999,10125687423138,1783481868510803106
3,-1,3899637332,10125706994515,1783481868530374483
0,-1,3906561999,10125713906074,1783481868537286074
1,-1,3889637999,10125714009947,1783481868537389915
2,-1,3912101000,10125719442746,1783481868542822746
3,-1,3931680000,10125739037227,1783481868562417163
0,-1,3938583000,10125745957554,1783481868569337522
1,-1,3921671000,10125746098803,1783481868569478771
2,-1,3944129999,10125751475474,1783481868574855442
3,-1,3963722666,10125771082435,1783481868594462435
0,-1,3970603999,10125777949610,1783481868601329546
1,-1,3953703999,10125778047051,1783481868601427019
2,-1,3976158999,10125783507274,1783481868606887210
3,-1,3995765332,10125803126875,1783481868626506843
0,-1,4002624999,10125809979266,1783481868633359266
1,-1,3985736999,10125810090627,1783481868633470595
2,-1,4008188000,10125815539554,1783481868638919554
3,-1,4027808000,10125835165427,1783481868658545363
0,-1,4034646000,10125842027738,1783481868665407738
2,-1,4040216999,10125847605242,1783481868670985210
3,-1,4059850666,10125867235755,1783481868690615723
0,-1,4066666999,10125874049042,1783481868697428978
1,-1,4017770000,10125874233939,1783481868697613907
2,-1,4072245999,10125879602034,1783481868702982002
3,-1,4091893332,10125899251459,1783481868722631459
0,-1,4098687999,10125906038250,1783481868729418186
1,-1,4049802999,10125906155339,1783481868729535307
2,-1,4104275000,10125911614506,1783481868734994474
3,-1,4123936000,10125931281723,1783481868754661691
0,-1,4130709000,10125938056258,1783481868761436226
1,-1,4081835999,10125938152131,1783481868761532099
2,-1,4136303999,10125943645442,1783481868767025442
3,-1,4155978666,10125963359924,1783481868786739860
0,-1,4162729999,10125970087866,1783481868793467834
1,-1,4113869000,10125970251707,1783481868793631643
2,-1,4168332999,10125975678074,1783481868799058042
3,-1,4188021332,10125995380331,1783481868818760363
0,-1,4194750999,10126002093202,1783481868825473170
1,-1,4145901999,10126002198131,1783481868825578131
2,-1,4200362000,10126007706706,1783481868831086674
3,-1,4220064000,10126027417540,1783481868850797508
1,-1,4177934999,10126035946901,1783481868859326837
2,-1,4232390999,10126039734186,1783481868863114122
3,-1,4252106666,10126059462620,1783481868882842620
1,-1,4209968000,10126068056653,1783481868891436621
2,-1,4264419999,10126071762402,1783481868895142370
3,-1,4284149332,10126091502388,1783481868914882388
0,-1,4290813999,10126098156410,1783481868921536346
1,-1,4242000999,10126098264859,1783481868921644827
2,-1,4296449000,10126103794682,1783481868927174874
3,-1,4316192000,10126123548428,1783481868946928428
0,-1,4322835000,10126130184530,1783481868953564498
1,-1,4274033999,10126130316339,1783481868953696307
2,-1,4328477999,10126135820850,1783481868959200818
3,-1,4348234666,10126155585892,1783481868978965860
0,-1,4354855999,10126162203210,1783481868985583114
1,-1,4306067000,10126162445931,1783481868985825963
2,-1,4360506999,10126167847370,1783481868991227306
3,-1,4380277332,10126187629564,1783481869011009500
0,-1,4386876999,10126194213922,1783481869017593858
1,-1,4338099999,10126194406371,1783481869017786307
2,-1,4392536000,10126199885603,1783481869023265571
3,-1,4412320000,10126219669460,1783481869043049428
0,-1,4418898000,10126226241658,1783481869049621626
1,-1,4370132999,10126226345723,1783481869049725691
2,-1,4424564999,10126231931515,1783481869055311483
3,-1,4444362666,10126251736717,1783481869075116653
0,-1,4450918999,10126258386547,1783481869081766483
1,-1,4402166000,10126258569204,1783481869081949140
2,-1,4456593999,10126263947891,1783481869087327827
3,-1,4476405332,10126283785925,1783481869107165861
0,-1,4482939999,10126290290346,1783481869113670282
1,-1,4434198999,10126290426731,1783481869113806731
2,-1,4488623000,10126295971467,1783481869119351435
3,-1,4508448000,10126315803933,1783481869139183901
0,-1,4514961000,10126322298882,1783481869145678850
1,-1,4466231999,10126322394627,1783481869145774595
2,-1,4520651999,10126327994979,1783481869151374979
3,-1,4540490666,10126347847765,1783481869171227701
0,-1,4546981999,10126354326458,1783481869177706426
1,-1,4498265000,10126354431227,1783481869177811227
2,-1,4552680999,10126360066907,1783481869183446843
0,-1,4579002999,10126386403314,1783481869209783250
2,-1,4584710000,10126395065476,1783481869218445444
1,-1,4530297999,10126395065412,1783481869218445380
0,-1,4611024000,10126418418122,1783481869241798090
1,-1,4562330999,10126427015164,1783481869250395132
2,-1,4616738999,10126427015452,1783481869250395420
3,-1,4636618666,10126444028766,1783481869267408702
0,-1,4643044999,10126450420450,1783481869273800386
1,-1,4594364000,10126450605891,1783481869273985859
2,-1,4648767999,10126456129283,1783481869279509251
3,-1,4668661332,10126476056918,1783481869299436886
0,-1,4675065999,10126482450618,1783481869305830586
1,-1,4626396999,10126482635164,1783481869306015132
2,-1,4680797000,10126488148699,1783481869311528667
3,-1,4700704000,10126508061998,1783481869331441966
0,-1,4707087000,10126514536627,1783481869337916595
1,-1,4658429999,10126514729044,1783481869338109044
2,-1,4712825999,10126520192083,1783481869343572051
3,-1,4732746666,10126540122918,1783481869363502886
0,-1,4739107999,10126546468298,1783481869369848266
1,-1,4690463000,10126546618571,1783481869369998539
2,-1,4744854999,10126552233516,1783481869375613516
3,-1,4764789332,10126572172798,1783481869395552926
0,-1,4771128999,10126578500067,1783481869401880035
1,-1,4722495999,10126578656899,1783481869402036835
2,-1,4776884000,10126584246180,1783481869407626180
3,-1,4796832000,10126604211446,1783481869427591414
0,-1,4803150000,10126610524955,1783481869433904891
1,-1,4754528999,10126610688475,1783481869434068476
2,-1,4808912999,10126616273276,1783481869439653244
3,-1,4828874666,10126636270863,1783481869459650831
0,-1,4835170999,10126642557683,1783481869465937619
3,-1,4860917332,10126668312807,1783481869491692711
0,-1,4867191999,10126674562635,1783481869497942571
1,-1,4786562000,10126674736812,1783481869498116780
3,-1,4892960000,10126700350207,1783481869523730143
0,-1,4899213000,10126706583651,1783481869529963619
1,-1,4882661000,10126706755844,1783481869530135812
2,-1,4904999999,10126712357540,1783481869535737508
1,-1,4914693999,10126722071420,1783481869545451484
3,-1,4925002666,10126732385655,1783481869555765655
0,-1,4931233999,10126738616923,1783481869561996859
2,-1,4937028999,10126744402748,1783481869567782684
1,-1,4946726999,10126754080372,1783481869577460340
3,-1,4957045332,10126764422607,1783481869587802575
0,-1,4963254999,10126770717331,1783481869594097395
2,-1,4969058000,10126776436404,1783481869599816340
1,-1,4978760000,10126786115372,1783481869609495372
3,-1,4989088000,10126796453415,1783481869619833383
0,-1,4995276000,10126802652555,1783481869626032587
2,-1,5001086999,10126808460396,1783481869631840332
1,-1,5010792999,10126818147076,1783481869641527044
3,-1,5021130666,10126828514367,1783481869651894303
0,-1,5027296999,10126834655427,1783481869658035395
2,-1,5033115999,10126840500836,1783481869663880804
1,-1,5042825999,10126850177628,1783481869673557564
3,-1,5053173332,10126860559512,1783481869683939480
0,-1,5059317999,10126866674011,1783481869690054043
2,-1,5065145000,10126872513756,1783481869695893692
1,-1,5074859000,10126882205172,1783481869705585108
3,-1,5085216000,10126892572016,1783481869715951984
0,-1,5091339000,10126898685747,1783481869722065747
2,-1,5097173999,10126904524724,1783481869727904692
1,-1,5106891999,10126914236012,1783481869737616012
3,-1,5117258666,10126924608584,1783481869747988584
0,-1,5123359999,10126930708843,1783481869754088779
2,-1,5129202999,10126936553580,1783481869759933580
1,-1,5138924999,10126946271076,1783481869769651044
3,-1,5149301332,10126956652288,1783481869780032224
0,-1,5155380999,10126962723779,1783481869786103715
2,-1,5161232000,10126968577956,1783481869791957924
1,-1,5170958000,10126978309628,1783481869801689628
3,-1,5181344000,10126988693112,1783481869812073112
0,-1,5187402000,10126994753179,1783481869818133147
2,-1,5193260999,10127000616220,1783481869823996156
3,-1,5213386666,10127020744432,1783481869844124400
0,-1,5219422999,10127026773427,1783481869850153395
1,-1,5202990999,10127026877203,1783481869850257139
2,-1,5225289999,10127032646005,1783481869856026005
3,-1,5245429332,10127052802280,1783481869876182248
0,-1,5251443999,10127058799595,1783481869882179531
1,-1,5235023999,10127058930540,1783481869882310508
2,-1,5257319000,10127064673421,1783481869888053389
3,-1,5277472000,10127084839201,1783481869908219137
0,-1,5283465000,10127090821379,1783481869914201315
1,-1,5267057000,10127090938436,1783481869914318404
2,-1,5289347999,10127096694597,1783481869920074565
3,-1,5309514666,10127116862681,1783481869940242617
0,-1,5315485999,10127122827067,1783481869946207003
1,-1,5299089999,10127122906043,1783481869946286011
2,-1,5321376999,10127128719997,1783481869952099933
3,-1,5341557332,10127148902449,1783481869972282417
0,-1,5347506999,10127154847987,1783481869978227955
1,-1,5331122999,10127154921491,1783481869978301459
2,-1,5353406000,10127160753493,1783481869984133461
3,-1,5373600000,10127180949993,1783481870004329961
0,-1,5379528000,10127186873611,1783481870010253579
1,-1,5363156000,10127186955659,1783481870010335627
2,-1,5385434999,10127192776717,1783481870016156717
3,-1,5405642666,10127212990241,1783481870036370209
0,-1,5411548999,10127218889891,1783481870042269859
1,-1,5395188999,10127218965827,1783481870042345795
2,-1,5417463999,10127224805509,1783481870048185477
3,-1,5437685332,10127245059033,1783481870068439001
0,-1,5443569999,10127250956123,1783481870074336091
1,-1,5427221999,10127251108252,1783481870074488188
2,-1,5449493000,10127256854141,1783481870080234109
3,-1,5469728000,10127277119634,1783481870100499602
0,-1,5475591000,10127282964595,1783481870106344531
1,-1,5459255000,10127283106004,1783481870106485972
2,-1,5481521999,10127288874869,1783481870112254773
3,-1,5501770666,10127309121514,1783481870132501610
0,-1,5507611999,10127314964043,1783481870138344011
1,-1,5491287999,10127315059980,1783481870138439916
2,-1,5513550999,10127320898573,1783481870144278509
3,-1,5533813332,10127341183426,1783481870164563394
0,-1,5539632999,10127346984835,1783481870170364835
1,-1,5523320999,10127347205637,1783481870170585573
2,-1,5545580000,10127352921766,1783481870176301702
3,-1,5565856000,10127373237434,1783481870196617402
0,-1,5571654000,10127379050492,1783481870202430460
1,-1,5555354000,10127379215741,1783481870202595709
2,-1,5577608999,10127384975902,1783481870208355870
3,-1,5597898666,10127405283667,1783481870228663603
0,-1,5603674999,10127411069012,1783481870234448980
1,-1,5587386999,10127411243413,1783481870234623349
2,-1,5609637999,10127417010262,1783481870240390230
3,-1,5629941332,10127437339691,1783481870260719659
1,-1,5619419999,10127446014653,1783481870269394621
2,-1,5641667000,10127449046382,1783481870272426318
3,-1,5661984000,10127469378563,1783481870292758499
1,-1,5651453000,10127477978612,1783481870301358548
2,-1,5673695999,10127481072646,1783481870304452582
3,-1,5694026666,10127501413531,1783481870324793499
0,-1,5699737999,10127507101180,1783481870330481148
2,-1,5705724999,10127513137631,1783481870336517599
3,-1,5726069332,10127533453331,1783481870356833299
0,-1,5731758999,10127539124404,1783481870362504372
1,-1,5683485999,10127539264853,1783481870362644821
2,-1,5737754000,10127545107606,1783481870368487574
3,-1,5758112000,10127565576620,1783481870388956556
0,-1,5763780000,10127571149676,1783481870394529612
1,-1,5715518999,10127571297325,1783481870394677261
2,-1,5769782999,10127577135854,1783481870400515790
3,-1,5790154666,10127597533732,1783481870420913700
0,-1,5795800999,10127603189188,1783481870426569124
1,-1,5747552000,10127603356901,1783481870426736869
2,-1,5801811999,10127609175655,1783481870432555623
3,-1,5822197332,10127629571612,1783481870452951548
0,-1,5827821999,10127635215036,1783481870458595004
1,-1,5779584999,10127635393341,1783481870458773277
2,-1,5833841000,10127641228095,1783481870464608031
3,-1,5854240000,10127661626964,1783481870485006900
0,-1,5859843000,10127667279829,1783481870490659925
1,-1,5811617999,10127667434934,1783481870490814870
2,-1,5865869999,10127673222327,1783481870496602263
3,-1,5886282666,10127693670444,1783481870517050444
0,-1,5891863999,10127699227884,1783481870522607852
1,-1,5843651000,10127699393453,1783481870522773421
2,-1,5897898999,10127705275695,1783481870528655631
3,-1,5918325332,10127725719141,1783481870549099109
0,-1,5923884999,10127731235300,1783481870554615332
1,-1,5875683999,10127731370981,1783481870554750885
2,-1,5929928000,10127737303623,1783481870560683559
3,-1,5950368000,10127757755837,1783481870581135805
0,-1,5955906000,10127763267644,1783481870586647644
1,-1,5907716999,10127763427933,1783481870586807869
2,-1,5961956999,10127769338559,1783481870592718495
0,-1,5987926999,10127795318069,1783481870618698133
1,-1,5939750000,10127803962598,1783481870627342534
2,-1,5993985999,10127803974790,1783481870627354758
0,-1,6019947999,10127827339117,1783481870650719085
1,-1,5971782999,10127835899998,1783481870659280126
2,-1,6026015000,10127835909534,1783481870659289470
3,-1,6046496000,10127853890469,1783481870677270437
0,-1,6051969000,10127859338245,1783481870682718181
1,-1,6003815999,10127859486534,1783481870682866502
2,-1,6058043999,10127865415336,1783481870688795336
3,-1,6078538666,10127885898269,1783481870709278429
0,-1,6083989999,10127891345245,1783481870714725245
1,-1,6035849000,10127891610142,1783481870714990110
2,-1,6090072999,10127897422720,1783481870720802720
3,-1,6110581332,10127917932758,1783481870741312694
0,-1,6116010999,10127923368341,1783481870746748341
1,-1,6067881999,10127923488694,1783481870746868662
2,-1,6122102000,10127929448952,1783481870752828888
3,-1,6142624000,10127950005966,1783481870773385934
0,-1,6148032000,10127955393901,1783481870778773869
1,-1,6099914999,10127955529294,1783481870778909326
2,-1,6154130999,10127961485936,1783481870784865904
3,-1,6174666666,10127982026534,1783481870805406534
0,-1,6180052999,10127987406757,1783481870810786725
1,-1,6131948000,10127987513126,1783481870810893062
2,-1,6186159999,10127993511016,1783481870816891016
3,-1,6206709332,10128014068414,1783481870837448350
0,-1,6212073999,10128019424829,1783481870842804797
1,-1,6163980999,10128019530942,1783481870842910910
2,-1,6218189000,10128025536768,1783481870848916736
3,-1,6238752000,10128046129655,1783481870869509623
0,-1,6244095000,10128051469877,1783481870874849845
1,-1,6196013999,10128051620534,1783481870875000470
3,-1,6270794666,10128078186927,1783481870901566863
0,-1,6276115999,10128083466829,1783481870906846765
1,-1,6292112999,10128099466409,1783481870922846345
3,-1,6302837332,10128110187815,1783481870933567783
0,-1,6308136999,10128115476517,1783481870938856485
2,-1,6314276000,10128121628361,1783481870945008329
1,-1,6324146000,10128131496321,1783481870954876257
3,-1,6334880000,10128142226207,1783481870965606207
0,-1,6340158000,10128147498397,1783481870970878333
2,-1,6346304999,10128153651361,1783481870977031361
1,-1,6356178999,10128163527865,1783481870986907801
3,-1,6366922666,10128174265399,1783481870997645335
0,-1,6372178999,10128179518709,1783481871002898677
2,-1,6378333999,10128185676889,1783481871009056889
1,-1,6388211999,10128195568818,1783481871018948754
3,-1,6398965332,10128206310863,1783481871029690831
0,-1,6404199999,10128211545869,1783481871034925805
2,-1,6410363000,10128217708849,1783481871041088785
1,-1,6420245000,10128227612778,1783481871050992746
3,-1,6431008000,10128238379624,1783481871061759624
0,-1,6436221000,10128243584486,1783481871066964454
2,-1,6442391999,10128249742793,1783481871073122761
1,-1,6452277999,10128259655426,1783481871083035362
3,-1,6463050666,10128270448032,1783481871093828000
0,-1,6468241999,10128275632702,1783481871099012670
2,-1,6474420999,10128281798721,1783481871105178689
1,-1,6484310999,10128291662106,1783481871115042042
3,-1,6495093332,10128302449752,1783481871125829720
0,-1,6500262999,10128307609046,1783481871130988982
2,-1,6506450000,10128313797785,1783481871137177753
1,-1,6516344000,10128323690386,1783481871147070354
3,-1,6527136000,10128334488944,1783481871157868912
0,-1,6532284000,10128339628814,1783481871163008782
2,-1,6538478999,10128345828658,1783481871169208626
1,-1,6548376999,10128355720971,1783481871179100939
3,-1,6559178666,10128366528905,1783481871189908873
0,-1,6564304999,10128371650150,1783481871195030118
2,-1,6570507999,10128377862378,1783481871201242346
1,-1,6580409999,10128387768387,1783481871211148323
3,-1,6591221332,10128398626817,1783481871222006753
0,-1,6596325999,10128403714750,1783481871227094718
2,-1,6602537000,10128409924002,1783481871233304002
1,-1,6612443000,10128419810523,1783481871243190491
3,-1,6623264000,10128430655577,1783481871254035577
0,-1,6628347000,10128435718551,1783481871259098519
2,-1,6634565999,10128441952762,1783481871265332762
1,-1,6644475999,10128451838899,1783481871275218867
3,-1,6655306666,10128462700018,1783481871286079986
0,-1,6660367999,10128467771663,1783481871291151663
2,-1,6666594999,10128473987923,1783481871297367859
1,-1,6676508999,10128483863467,1783481871307243435
3,-1,6687349332,10128494734090,1783481871318114058
0,-1,6692388999,10128499757767,1783481871323137735
2,-1,6698624000,10128506000747,1783481871329380715
1,-1,6708542000,10128515898052,1783481871339278020
3,-1,6719392000,10128526758530,1783481871350138498
0,-1,6724410000,10128531767711,1783481871355147711
2,-1,6730652999,10128538012451,1783481871361392419
1,-1,6740574999,10128547897724,1783481871371277692
3,-1,6751434666,10128558809658,1783481871382189626
0,-1,6756430999,10128563781783,1783481871387161751
2,-1,6762681999,10128570042555,1783481871393422523
1,-1,6772607999,10128579960692,1783481871403340660
3,-1,6783477332,10128590842354,1783481871414222290
0,-1,6788451999,10128595792751,1783481871419172719
2,-1,6794711000,10128602063955,1783481871425443891
1,-1,6804641000,10128611985484,1783481871435365452
3,-1,6815520000,10128622872363,1783481871446252331
0,-1,6820473000,10128627813447,1783481871451193415
2,-1,6826739999,10128634082571,1783481871457462539
3,-1,6847562666,10128654924131,1783481871478304099
0,-1,6852493999,10128659832447,1783481871483212415
1,-1,6836673999,10128659939360,1783481871483319328
2,-1,6858768999,10128666117475,1783481871489497443
3,-1,6879605332,10128686955739,1783481871510335707
0,-1,6884514999,10128691856823,1783481871515236759
1,-1,6868706999,10128691953240,1783481871515333208
2,-1,6890798000,10128698139355,1783481871521519323
3,-1,6911648000,10128719002611,1783481871542382579
0,-1,6916536000,10128723882351,1783481871547262351
1,-1,6900740000,10128723979824,1783481871547359760
2,-1,6922826999,10128730166932,1783481871553546932
3,-1,6943690666,10128751049516,1783481871574429484
0,-1,6948556999,10128755904264,1783481871579284264
1,-1,6932772999,10128756023080,1783481871579403048
2,-1,6954855999,10128762202764,1783481871585582700
3,-1,6975733332,10128783080388,1783481871606460356
0,-1,6980577999,10128787931520,1783481871611311520
1,-1,6964805999,10128788045760,1783481871611425728
2,-1,6986885000,10128794227364,1783481871617607332
3,-1,7007776000,10128815117276,1783481871638497244
0,-1,7012599000,10128819951320,1783481871643331288
1,-1,6996839000,10128820079993,1783481871643459961
2,-1,7018913999,10128826256124,1783481871649636092
3,-1,7039818666,10128847200501,1783481871670580469
1,-1,7028871999,10128855843910,1783481871679223878
2,-1,7050942999,10128858304820,1783481871681684788
3,-1,7071861332,10128879239565,1783481871702619533
1,-1,7060904999,10128887831198,1783481871711211166
2,-1,7082972000,10128890321805,1783481871713701773
3,-1,7103904000,10128911273669,1783481871734653637
0,-1,7108662000,10128916019744,1783481871739399744
1,-1,7092938000,10128916126561,1783481871739506529
2,-1,7115000999,10128922344101,1783481871745724037
3,-1,7135946666,10128943296573,1783481871766676509
0,-1,7140682999,10128948033496,1783481871771413464
1,-1,7124970999,10128948137721,1783481871771517657
2,-1,7147029999,10128954394781,1783481871777774749
3,-1,7167989332,10128975340597,1783481871798720565
0,-1,7172703999,10128980042416,1783481871803422384
1,-1,7157003999,10128980151185,1783481871803531121
2,-1,7179059000,10128986409333,1783481871809789269
3,-1,7200032000,10129007384910,1783481871830764910
0,-1,7204725000,10129012039848,1783481871835419848
1,-1,7189037000,10129012132041,1783481871835512009
2,-1,7211087999,10129018428397,1783481871841808333
3,-1,7232074666,10129039445094,1783481871862825062
0,-1,7236745999,10129044106689,1783481871867486657
1,-1,7221069999,10129044201281,1783481871867581249
2,-1,7243116999,10129050483493,1783481871873863461
3,-1,7264117332,10129071494718,1783481871894874686
0,-1,7268766999,10129076132793,1783481871899512761
1,-1,7253102999,10129076279610,1783481871899659546
2,-1,7275146000,10129082494398,1783481871905874398
3,-1,7296160000,10129103511062,1783481871926891062
0,-1,7300788000,10129108135825,1783481871931515761
2,-1,7307174999,10129114514998,1783481871937894934
3,-1,7328202666,10129135548047,1783481871958927983
0,-1,7332808999,10129140160201,1783481871963540169
1,-1,7285136000,10129140253322,1783481871963633290
2,-1,7339203999,10129146547214,1783481871969927182
3,-1,7360245332,10129167605287,1783481871990985255
0,-1,7364829999,10129172179233,1783481871995559201
1,-1,7317168999,10129172280130,1783481871995660066
2,-1,7371233000,10129178575302,1783481872001955270
0,-1,7396851000,10129204204025,1783481872027583993
2,-1,7403261999,10129212756971,1783481872036136939
1,-1,7349201999,10129212762315,1783481872036142251
1,-1,7381235000,10129212785355,1783481872036165291
1,-1,7413267999,10129220615736,1783481872043995832
0,-1,7428871999,10129236246514,1783481872059626482
2,-1,7435290999,10129242637366,1783481872066017302
3,-1,7456373332,10129263776816,1783481872087156752
0,-1,7460892999,10129268280074,1783481872091659978
1,-1,7445300999,10129268436171,1783481872091816139
2,-1,7467320000,10129274697039,1783481872098077007
3,-1,7488416000,10129295805576,1783481872119185512
0,-1,7492914000,10129300273378,1783481872123653346
1,-1,7477334000,10129300444003,1783481872123823971
2,-1,7499348999,10129306701351,1783481872130081319
3,-1,7520458666,10129327819200,1783481872151199136
0,-1,7524934999,10129332284186,1783481872155664154
1,-1,7509366999,10129332385627,1783481872155765595
2,-1,7531377999,10129338728575,1783481872162108543
3,-1,7552501332,10129359855449,1783481872183235449
0,-1,7556955999,10129364305394,1783481872187685394
1,-1,7541399999,10129364413715,1783481872187793683
2,-1,7563407000,10129370751255,1783481872194131223
3,-1,7584544000,10129391899441,1783481872215279409
0,-1,7588977000,10129396325258,1783481872219705226
1,-1,7573433000,10129396427211,1783481872219807179
2,-1,7595435999,10129402779312,1783481872226159280
3,-1,7616586666,10129423991722,1783481872247371658
0,-1,7620997999,10129428378691,1783481872251758627
1,-1,7605465999,10129428529252,1783481872251909220
2,-1,7627464999,10129434854280,1783481872258234216
3,-1,7648629332,10129456045666,1783481872279425666
0,-1,7653018999,10129460407835,1783481872283787835
3,-1,7680672000,10129488082522,1783481872311462490
0,-1,7685040000,10129492391763,1783481872315771699
1,-1,7701564999,10129508958770,1783481872332338738
3,-1,7712714666,10129520060530,1783481872343440466
0,-1,7717060999,10129524421963,1783481872347801931
2,-1,7723551999,10129530926161,1783481872354306129
1,-1,7733597999,10129540986314,1783481872364366314
3,-1,7744757332,10129552129771,1783481872375509739
0,-1,7749081999,10129556441731,1783481872379821667
2,-1,7755581000,10129562963625,1783481872386343561
1,-1,7765631000,10129573027651,1783481872396407619
3,-1,7776800000,10129584177315,1783481872407557251
0,-1,7781103000,10129588453179,1783481872411833115
2,-1,7787609999,10129594982977,1783481872418362945
1,-1,7797663999,10129605063963,1783481872428443931
3,-1,7808842666,10129616218811,1783481872439598779
0,-1,7813123999,10129620482708,1783481872443862676
2,-1,7819638999,10129627012153,1783481872450392153
1,-1,7829696999,10129637083251,1783481872460463251
3,-1,7840885332,10129648248563,1783481872471628499
0,-1,7845144999,10129652526540,1783481872475906508
2,-1,7851668000,10129659179986,1783481872482559922
1,-1,7861730000,10129669115403,1783481872492495371
3,-1,7872928000,10129680285772,1783481872503665676
0,-1,7877166000,10129684541732,1783481872507921700
2,-1,7883696999,10129691060298,1783481872514440298
1,-1,7893762999,10129701164132,1783481872524544100
3,-1,7904970666,10129712338244,1783481872535718212
0,-1,7909186999,10129716542844,1783481872539922812
2,-1,7915725999,10129723103842,1783481872546483810
1,-1,7925795999,10129733181116,1783481872556561084
3,-1,7937013332,10129744388284,1783481872567768220
0,-1,7941207999,10129748569844,1783481872571949812
2,-1,7947755000,10129755213051,1783481872578593019
1,-1,7957829000,10129765217396,1783481872588597332
3,-1,7969056000,10129776439349,1783481872599819317
0,-1,7973229000,10129780585101,1783481872603965037
2,-1,7979783999,10129787172498,1783481872610552466
1,-1,7989861999,10129797253004,1783481872620632972
3,-1,8001098666,10129808476653,1783481872631856653
0,-1,8005249999,10129812607845,1783481872635987781
2,-1,8011812999,10129819229323,1783481872642609291
1,-1,8021894999,10129829285061,1783481872652665029
3,-1,8033141332,10129840517733,1783481872663897733
0,-1,8037270999,10129844625661,1783481872668005629
2,-1,8043842000,10129851210051,1783481872674590019
1,-1,8053928000,10129861312477,1783481872684692445
3,-1,8065184000,10129872549821,1783481872695929821
0,-1,8069292000,10129876647765,1783481872700027733
2,-1,8075870999,10129883240251,1783481872706620187
1,-1,8085960999,10129893341269,1783481872716721205
3,-1,8097226666,10129904583126,1783481872727963126
0,-1,8101312999,10129908665133,1783481872732045069
2,-1,8107899999,10129915260659,1783481872738640627
1,-1,8117993999,10129925341549,1783481872748721517
3,-1,8129269332,10129936612558,1783481872759992494
0,-1,8133333999,10129940689157,1783481872764069157
2,-1,8139929000,10129947282251,1783481872770662219
1,-1,8150027000,10129957375461,1783481872780755429
3,-1,8161312000,10129968650406,1783481872792030342
0,-1,8165355000,10129972709022,1783481872796088958
2,-1,8171957999,10129979406820,1783481872802786756
1,-1,8182059999,10129989425086,1783481872812805022
3,-1,8193354666,10130000706431,1783481872824086399
0,-1,8197375999,10130004723382,1783481872828103318
2,-1,8203986999,10130011341628,1783481872834721564
1,-1,8214092999,10130021440022,1783481872844819958
3,-1,8225397332,10130032749975,1783481872856129975
0,-1,8229396999,10130036747566,1783481872860127566
2,-1,8236016000,10130043379092,1783481872866759092
1,-1,8246126000,10130053472942,1783481872876852878
3,-1,8257440000,10130064819503,1783481872888199439
0,-1,8261418000,10130068774598,1783481872892154534
2,-1,8268044999,10130075398124,1783481872898778092
1,-1,8278158999,10130085514566,1783481872908894534
3,-1,8289482666,10130096865608,1783481872920245576
0,-1,8293438999,10130100790590,1783481872924170558
2,-1,8300073999,10130107437892,1783481872930817860
1,-1,8310191999,10130117543807,1783481872940923743
3,-1,8321525332,10130128880352,1783481872952260288
0,-1,8325459999,10130132807702,1783481872956187670
2,-1,8332103000,10130139458013,1783481872962837981
1,-1,8342225000,10130149572631,1783481872972952599
3,-1,8353568000,10130160920248,1783481872984300216
0,-1,8357481000,10130164828687,1783481872988208687
2,-1,8364131999,10130171483317,1783481872994863285
1,-1,8374257999,10130181603855,1783481873004983823
3,-1,8385610666,10130192965072,1783481873016345040
0,-1,8389501999,10130196849223,1783481873020229191
2,-1,8396160999,10130203526253,1783481873026906189
1,-1,8406290999,10130213641063,1783481873037021031
3,-1,8417653332,10130225027753,1783481873048407721
0,-1,8421522999,10130228890559,1783481873052270527
2,-1,8428190000,10130235547173,1783481873058927109
1,-1,8438324000,10130245673504,1783481873069053472
3,-1,8449696000,10130257038817,1783481873080418817
2,-1,8460218999,10130267570846,1783481873090950846
1,-1,8470356999,10130277726104,1783481873101106040
3,-1,8481738666,10130289114234,1783481873112494202
2,-1,8492247999,10130299743767,1783481873123123767
1,-1,8502389999,10130309751920,1783481873133131888
3,-1,8513781332,10130321134546,1783481873144514482
0,-1,8517585999,10130324934792,1783481873148314760
2,-1,8524277000,10130331626318,1783481873155006254
1,-1,8534423000,10130341776392,1783481873165156328
3,-1,8545824000,10130353174762,1783481873176554698
0,-1,8549607000,10130356947552,1783481873180327488
2,-1,8556305999,10130363659718,1783481873187039654
1,-1,8566455999,10130373834209,1783481873197214145
3,-1,8577866666,10130385223522,1783481873208603458
0,-1,8581627999,10130388973624,1783481873212353592
2,-1,8588334999,10130395685567,1783481873219065535
1,-1,8598488999,10130405833945,1783481873229213913
3,-1,8609909332,10130417279227,1783481873240659195
0,-1,8613648999,10130421000144,1783481873244380112
2,-1,8620364000,10130427714071,1783481873251094039
1,-1,8630522000,10130437900914,1783481873261280882
3,-1,8641952000,10130449436756,1783481873272816724
0,-1,8645670000,10130453059369,1783481873276439337
2,-1,8652392999,10130459809872,1783481873283189840
1,-1,8662554999,10130469942858,1783481873293322826
3,-1,8673994666,10130481375884,1783481873304755884
0,-1,8677690999,10130485042017,1783481873308421953
2,-1,8684421999,10130491787048,1783481873315167016
1,-1,8694587999,10130501944642,1783481873325324578
3,-1,8706037332,10130513390692,1783481873336770692
0,-1,8709711999,10130517063257,1783481873340443225
2,-1,8716451000,10130523794112,1783481873347174080
1,-1,8726621000,10130533974778,1783481873357354746
3,-1,8738080000,10130545429596,1783481873368809564
0,-1,8741733000,10130549085297,1783481873372465233
2,-1,8748479999,10130555831384,1783481873379211352
1,-1,8758653999,10130566009107,1783481873389389107
3,-1,8770122666,10130577468788,1783481873400848788
0,-1,8773753999,10130581093961,1783481873404473929
2,-1,8780508999,10130587862256,1783481873411242224
1,-1,8790686999,10130598037355,1783481873421417323
0,-1,8805774999,10130613123554,1783481873436503522
2,-1,8812538000,10130619890345,1783481873443270345
1,-1,8822720000,10130630065731,1783481873453445667
0,-1,8837796000,10130645146650,1783481873468526618
2,-1,8844566999,10130651927457,1783481873475307425
3,-1,8866250666,10130673641182,1783481873497021150
0,-1,8869816999,10130677163474,1783481873500543474
1,-1,8854752999,10130677297587,1783481873500677555
2,-1,8876595999,10130683962265,1783481873507342233
3,-1,8898293332,10130705657046,1783481873529037014
0,-1,8901837999,10130709184106,1783481873532564106
1,-1,8886785999,10130709311275,1783481873532691243
2,-1,8908625000,10130715973105,1783481873539353073
3,-1,8930336000,10130737691726,1783481873561071694
0,-1,8933859000,10130741199618,1783481873564579554
1,-1,8918819000,10130741309219,1783481873564689155
2,-1,8940653999,10130748011754,1783481873571391722
3,-1,8962378666,10130769742311,1783481873593122247
0,-1,8965879999,10130773221243,1783481873596601243
1,-1,8950851999,10130773325883,1783481873596705851
2,-1,8972682999,10130780043522,1783481873603423490
3,-1,8994421332,10130801772191,1783481873625152127
0,-1,8997900999,10130805249395,1783481873628629363
1,-1,8982884999,10130805346099,1783481873628726067
2,-1,9004712000,10130812044730,1783481873635424666
3,-1,9026464000,10130833808855,1783481873657188823
0,-1,9029922000,10130837272619,1783481873660652587
1,-1,9014918000,10130837378444,1783481873660758380
2,-1,9036740999,10130844098162,1783481873667478130
3,-1,9058506666,10130865871760,1783481873689251728
0,-1,9061942999,10130869283107,1783481873692663075
3,-1,9090549332,10130897903496,1783481873721283432
0,-1,9093963999,10130901305307,1783481873724685275
1,-1,9111017000,10130918375966,1783481873741755934
3,-1,9122592000,10130929942688,1783481873753322656
0,-1,9125985000,10130933322164,1783481873756702164
2,-1,9132827999,10130940176987,1783481873763556955
1,-1,9143049999,10130950403318,1783481873773783286
3,-1,9154634666,10130961987545,1783481873785367513
0,-1,9158005999,10130965359564,1783481873788739532
2,-1,9164856999,10130972207027,1783481873795586995
1,-1,9175082999,10130982459662,1783481873805839630
3,-1,9186677332,10130994056977,1783481873817437009
0,-1,9190026999,10130997373924,1783481873820753924
2,-1,9196886000,10131004247948,1783481873827627948
1,-1,9207116000,10131014480743,1783481873837860679
3,-1,9218720000,10131026091305,1783481873849471273
0,-1,9222048000,10131029396060,1783481873852776028
2,-1,9228914999,10131036268196,1783481873859648164
1,-1,9239148999,10131046507967,1783481873869887935
3,-1,9250762666,10131058121570,1783481873881501538
0,-1,9254068999,10131061410325,1783481873884790293
2,-1,9260943999,10131068285692,1783481873891665660
1,-1,9271181999,10131078534679,1783481873901914647
3,-1,9282805332,10131090156122,1783481873913536090
0,-1,9286089999,10131093431245,1783481873916811213
2,-1,9292973000,10131100316756,1783481873923696692
1,-1,9303215000,10131110567343,1783481873933947311
3,-1,9314848000,10131122196370,1783481873945576338
0,-1,9318111000,10131125460453,1783481873948840389
2,-1,9325001999,10131132344077,1783481873955724045
1,-1,9335247999,10131142620040,1783481873966000040
3,-1,9346890666,10131154257323,1783481873977637291
0,-1,9350131999,10131157473437,1783481873980853437
2,-1,9357030999,10131164383013,1783481873987762981
1,-1,9367280999,10131174632672,1783481873998012608
3,-1,9378933332,10131186283747,1783481874009663747
0,-1,9382152999,10131189496373,1783481874012876373
2,-1,9389060000,10131196413757,1783481874019793757
1,-1,9399314000,10131206665912,1783481874030045848
3,-1,9410976000,10131218325755,1783481874041705723
0,-1,9414174000,10131221515246,1783481874044895182
2,-1,9421088999,10131228446518,1783481874051826454
1,-1,9431346999,10131238710321,1783481874062090289
3,-1,9443018666,10131250371540,1783481874073751508
0,-1,9446194999,10131253537318,1783481874076917254
2,-1,9453117999,10131260468430,1783481874083848366
1,-1,9463379999,10131270758569,1783481874094138505
3,-1,9475061332,10131282450156,1783481874105830124
0,-1,9478215999,10131285571358,1783481874108951326
2,-1,9485147000,10131292516454,1783481874115896422
1,-1,9495413000,10131302781985,1783481874126161953
3,-1,9507104000,10131314460133,1783481874137840069
0,-1,9510237000,10131317579319,1783481874140959255
2,-1,9517175999,10131324517598,1783481874147897534
1,-1,9527445999,10131334795226,1783481874158175194
3,-1,9539146666,10131346501917,1783481874169881981
0,-1,9542257999,10131349598543,1783481874172978511
2,-1,9549204999,10131356545559,1783481874179925559
1,-1,9559478999,10131366827570,1783481874190207570
3,-1,9571189332,10131378539029,1783481874201919029
0,-1,9574278999,10131381619111,1783481874204999047
2,-1,9581234000,10131388580751,1783481874211960751
1,-1,9591512000,10131398873194,1783481874222253162
3,-1,9603232000,10131410578766,1783481874233958702
0,-1,9606300000,10131413643807,1783481874237023775
2,-1,9613262999,10131420638632,1783481874244018600
1,-1,9623544999,10131430909155,1783481874254289123
3,-1,9635274666,10131442631398,1783481874266011366
0,-1,9638320999,10131445665112,1783481874269045080
2,-1,9645291999,10131452678080,1783481874276058016
1,-1,9655577999,10131462971067,1783481874286351003
3,-1,9667317332,10131474702815,1783481874298082783
0,-1,9670341999,10131477697040,1783481874301077008
2,-1,9677321000,10131484710872,1783481874308090840
1,-1,9687611000,10131494995315,1783481874318375283
3,-1,9699360000,10131506746071,1783481874330126007
0,-1,9702363000,10131509721064,1783481874333101032
2,-1,9709349999,10131516737745,1783481874340117713
1,-1,9719643999,10131527028972,1783481874350408908
3,-1,9731402666,10131538781551,1783481874362161519
0,-1,9734383999,10131541731680,1783481874365111616
2,-1,9741378999,10131548760297,1783481874372140265
1,-1,9751676999,10131559035268,1783481874382415236
3,-1,9763445332,10131570834568,1783481874394214568
0,-1,9766404999,10131573752025,1783481874397131961
2,-1,9773408000,10131580832641,1783481874404212577
1,-1,9783710000,10131591073628,1783481874414453596
3,-1,9795488000,10131602878688,1783481874426258688
0,-1,9798426000,10131605777393,1783481874429157329
2,-1,9805436999,10131612810489,1783481874436190457
1,-1,9815742999,10131623105525,1783481874446485493
3,-1,9827530666,10131634934425,1783481874458314393
0,-1,9830446999,10131637807721,1783481874461187689
2,-1,9837465999,10131644845778,1783481874468225746
1,-1,9847775999,10131655155885,1783481874478535853
3,-1,9859573332,10131666967153,1783481874490347153
2,-1,9869495000,10131676901034,1783481874500281002
1,-1,9879809000,10131687167397,1783481874510547333
3,-1,9891616000,10131699005961,1783481874522385929
2,-1,9901523999,10131708907010,1783481874532286978
1,-1,9911841999,10131719200062,1783481874542579998
3,-1,9923658666,10131731051362,1783481874554431298
0,-1,9926509999,10131733858706,1783481874557238674
2,-1,9933552999,10131740933531,1783481874564313499
1,-1,9943874999,10131751233910,1783481874574613910
3,-1,9955701332,10131763094490,1783481874586474426
0,-1,9958530999,10131765884458,1783481874589264394
2,-1,9965582000,10131772998099,1783481874596378067
1,-1,9975908000,10131783263150,1783481874606643118
3,-1,9987744000,10131795134899,1783481874618514867
0,-1,9990552000,10131797898115,1783481874621278051
2,-1,9997610999,10131804993291,1783481874628373291
1,-1,10007940999,10131815302311,1783481874638682247
3,-1,10019786666,10131827185931,1783481874650565899
0,-1,10022572999,10131829919451,1783481874653299515
2,-1,10029639999,10131837098436,1783481874660478372
1,-1,10039973999,10131847340319,1783481874670720287
3,-1,10051829332,10131859225539,1783481874682605507
0,-1,10054593999,10131861945171,1783481874685325107
2,-1,10061669000,10131869051612,1783481874692431580
1,-1,10072007000,10131879361271,1783481874702741239
3,-1,10083872000,10131891267644,1783481874714647580
0,-1,10086615000,10131893959403,1783481874717339339
2,-1,10093697999,10131901060596,1783481874724440564
1,-1,10104039999,10131911394576,1783481874734774544
3,-1,10115914666,10131923275636,1783481874746655604
0,-1,10118635999,10131925975780,1783481874749355780
2,-1,10125726999,10131933075212,1783481874756455212
1,-1,10136072999,10131943425224,1783481874766805192
3,-1,10147957332,10131955308748,1783481874778688716
0,-1,10150656999,10131958000732,1783481874781380668
2,-1,10157756000,10131965106373,1783481874788486309
1,-1,10168106000,10131975464768,1783481874798844768
3,-1,10180000000,10131987353765,1783481874810733733
0,-1,10182678000,10131990032148,1783481874813412116
2,-1,10189784999,10131997130813,1783481874820510781
1,-1,10200138999,10132007518425,1783481874830898361
0,-1,10214698999,10132022066540,1783481874845446508
2,-1,10221813999,10132029174677,1783481874852554645
1,-1,10232171999,10132039528081,1783481874862908049
0,-1,10246719999,10132054067717,1783481874877447653
2,-1,10253843000,10132061197294,1783481874884577262
3,-1,10276128000,10132083488142,1783481874906868110
0,-1,10278741000,10132086082365,1783481874909462333
1,-1,10264205000,10132086170941,1783481874909550909
2,-1,10285871999,10132093214246,1783481874916594214
3,-1,10308170666,10132115521958,1783481874938901926
0,-1,10310761999,10132118105205,1783481874941485173
1,-1,10296237999,10132118188374,1783481874941568310
2,-1,10317900999,10132125242270,1783481874948622238
3,-1,10340213332,10132147561023,1783481874970940991
0,-1,10342782999,10132150118125,1783481874973498061
1,-1,10328270999,10132150199310,1783481874973579246
2,-1,10349930000,10132157274327,1783481874980654295
3,-1,10372256000,10132179601655,1783481875002981591
0,-1,10374804000,10132182138182,1783481875005518118
1,-1,10360304000,10132182220102,1783481875005600038
2,-1,10381958999,10132189306479,1783481875012686447
3,-1,10404298666,10132211651536,1783481875035031472
0,-1,10406824999,10132214165470,1783481875037545438
1,-1,10392336999,10132214249502,1783481875037629438
2,-1,10413987999,10132221336551,1783481875044716551
3,-1,10436341332,10132243704968,1783481875067084968
0,-1,10438845999,10132246184246,1783481875069564278
1,-1,10424369999,10132246277815,1783481875069657783
2,-1,10446017000,10132253363904,1783481875076743904
3,-1,10468384000,10132275768225,1783481875099148161
0,-1,10470867000,10132278232943,1783481875101612911
3,-1,10500426666,10132307818105,1783481875131198041
0,-1,10502887999,10132310230599,1783481875133610567
1,-1,10520468999,10132327832172,1783481875151212140
3,-1,10532469332,10132339816817,1783481875163196785
0,-1,10534908999,10132342247231,1783481875165627167
2,-1,10542104000,10132349455945,1783481875172835945
1,-1,10552502000,10132359855717,1783481875183235685
3,-1,10564512000,10132371855402,1783481875195235402
0,-1,10566930000,10132374273272,1783481875197653208
2,-1,10574132999,10132381475873,1783481875204855841
1,-1,10584534999,10132391887741,1783481875215267709
3,-1,10596554666,10132403896546,1783481875227276514
0,-1,10598950999,10132406286960,1783481875229666896
2,-1,10606161999,10132413514425,1783481875236894361
1,-1,10616567999,10132423923733,1783481875247303701
3,-1,10628597332,10132435949435,1783481875259329435
0,-1,10630971999,10132438315528,1783481875261695496
2,-1,10638191000,10132445575314,1783481875268955282
1,-1,10648601000,10132455997614,1783481875279377550
3,-1,10660640000,10132468035507,1783481875291415475
0,-1,10662993000,10132470342817,1783481875293722913
2,-1,10670219999,10132477606282,1783481875300986250
1,-1,10680633999,10132488030822,1783481875311410822
3,-1,10692682666,10132500092108,1783481875323472076
0,-1,10695013999,10132502364889,1783481875325744889
2,-1,10702248999,10132509725859,1783481875333105827
1,-1,10712666999,10132520063871,1783481875343443839
3,-1,10724725332,10132532083108,1783481875355463044
0,-1,10727034999,10132534390321,1783481875357770321
2,-1,10734278000,10132541629819,1783481875365009787
1,-1,10744700000,10132552050039,1783481875375430039
3,-1,10756768000,10132564131100,1783481875387511068
0,-1,10759056000,10132566405577,1783481875389785545
2,-1,10766306999,10132573662643,1783481875397042611
1,-1,10776732999,10132584049007,1783481875407429007
3,-1,10788810666,10132596165301,1783481875419545269
0,-1,10791076999,10132598421570,1783481875421801570
2,-1,10798335999,10132605687436,1783481875429067372
1,-1,10808765999,10132616116808,1783481875439496776
3,-1,10820853332,10132628199757,1783481875451579725
0,-1,10823097999,10132630440794,1783481875453820794
2,-1,10830365000,10132637716068,1783481875461096036
1,-1,10840799000,10132648149632,1783481875471529600
3,-1,10852896000,10132660278086,1783481875483658118
0,-1,10855119000,10132662462738,1783481875485842706
2,-1,10862393999,10132669759964,1783481875493139964
1,-1,10872831999,10132680211801,1783481875503591769
3,-1,10884938666,10132692320990,1783481875515700990
0,-1,10887139999,10132694483979,1783481875517863915
2,-1,10894422999,10132701779861,1783481875525159829
1,-1,10904864999,10132712219697,1783481875535599665
3,-1,10916981332,10132724334486,1783481875547714454
0,-1,10919160999,10132726500643,1783481875549880611
2,-1,10926452000,10132733793165,1783481875557173101
1,-1,10936898000,10132744252393,1783481875567632329
3,-1,10949024000,10132756374127,1783481875579754063
0,-1,10951182000,10132758523291,1783481875581903259
2,-1,10958480999,10132765832549,1783481875589212485
1,-1,10968930999,10132776282849,1783481875599662785
3,-1,10981066666,10132788417671,1783481875611797639
0,-1,10983202999,10132790547988,1783481875613927924
2,-1,10990509999,10132797860894,1783481875621240830
1,-1,11000963999,10132808326426,1783481875631706394
3,-1,11013109332,10132820460832,1783481875643840800
0,-1,11015223999,10132822565036,1783481875645945004
2,-1,11022539000,10132829879990,1783481875653259958
1,-1,11032997000,10132840352306,1783481875663732274
3,-1,11045152000,10132852506008,1783481875675886008
0,-1,11047245000,10132854600548,1783481875677980516
2,-1,11054567999,10132861942351,1783481875685322319
1,-1,11065029999,10132872412203,1783481875695792171
3,-1,11077194666,10132884557073,1783481875707937041
0,-1,11079265999,10132886603644,1783481875709983580
2,-1,11086596999,10132893983175,1783481875717363175
1,-1,11097062999,10132904431907,1783481875727811843
3,-1,11109237332,10132916585097,1783481875739965033
0,-1,11111286999,10132918632213,1783481875742012149
2,-1,11118626000,10132925969375,1783481875749349343
1,-1,11129096000,10132936451259,1783481875759831195
3,-1,11141280000,10132948629826,1783481875772009826
0,-1,11143308000,10132950652909,1783481875774032909
2,-1,11150654999,10132957999127,1783481875781379095
1,-1,11161128999,10132968479636,1783481875791859604
3,-1,11173322666,10132980675610,1783481875804055578
0,-1,11175328999,10132982675013,1783481875806055013
2,-1,11182683999,10132990040624,1783481875813420592
1,-1,11193161999,10133000517932,1783481875823897900
3,-1,11205365332,10133012718578,1783481875836098578
0,-1,11207349999,10133014696862,1783481875838076830
2,-1,11214713000,10133022056744,1783481875845436712
1,-1,11225195000,10133032550885,1783481875855930821
3,-1,11237408000,10133044759787,1783481875868139787
0,-1,11239371000,10133046714326,1783481875870094294
2,-1,11246741999,10133054083520,1783481875877463488
1,-1,11257227999,10133064597085,1783481875887977021
3,-1,11269450666,10133076836451,1783481875900216419
2,-1,11278770999,10133086120377,1783481875909500345
1,-1,11289260999,10133096646869,1783481875920026837
3,-1,11301493332,10133108863900,1783481875932243836
2,-1,11310800000,10133118147153,1783481875941527089
1,-1,11321294000,10133128649518,1783481875952029518
3,-1,11333536000,10133140884820,1783481875964264756
0,-1,11335434000,10133142786495,1783481875966166591
2,-1,11342828999,10133150170218,1783481875973550186
1,-1,11353326999,10133160677510,1783481875984057446
3,-1,11365578666,10133172923501,1783481875996303437
0,-1,11367454999,10133174793399,1783481875998173367
2,-1,11374857999,10133182197474,1783481876005577442
1,-1,11385359999,10133192708126,1783481876016088062
3,-1,11397621332,10133204966757,1783481876028346725
0,-1,11399475999,10133206817776,1783481876030197744
2,-1,11406887000,10133214240314,1783481876037620314
1,-1,11417393000,10133224742775,1783481876048122743
3,-1,11429664000,10133237029534,1783481876060409502
0,-1,11431497000,10133238846312,1783481876062226280
2,-1,11438915999,10133246278547,1783481876069658515
1,-1,11449425999,10133256783055,1783481876080163023
3,-1,11461706666,10133269101622,1783481876092481622
0,-1,11463517999,10133270868576,1783481876094248512
2,-1,11470944999,10133278313643,1783481876101693611
1,-1,11481458999,10133288815144,1783481876112195112
3,-1,11493749332,10133301143407,1783481876124523407
0,-1,11495538999,10133302892025,1783481876126272025
2,-1,11502974000,10133310337220,1783481876133717156
1,-1,11513492000,10133320846720,1783481876144226688
3,-1,11525792000,10133333145863,1783481876156525863
0,-1,11527560000,10133334908529,1783481876158288497
2,-1,11535002999,10133342387132,1783481876165767100
1,-1,11545524999,10133352880153,1783481876176260121
3,-1,11557834666,10133365195648,1783481876188575616
0,-1,11559580999,10133366929161,1783481876190309129
2,-1,11567031999,10133374389876,1783481876197769812
1,-1,11577557999,10133384908465,1783481876208288433
3,-1,11589877332,10133397231768,1783481876220611736
0,-1,11591601999,10133398945122,1783481876222325090
2,-1,11599061000,10133406421197,1783481876229801165
1,-1,11609591000,10133416938953,1783481876240318921
0,-1,11623623000,10133430971386,1783481876254351354
2,-1,11631089999,10133438453797,1783481876261833765
1,-1,11641623999,10133448973122,1783481876272353090
0,-1,11655643999,10133462999443,1783481876286379411
2,-1,11663118999,10133470512414,1783481876293892414
3,-1,11686005332,10133493394562,1783481876316774530
0,-1,11687664999,10133495018635,1783481876318398571
1,-1,11673656999,10133495161772,1783481876318541740
2,-1,11695148000,10133502531158,1783481876325911126
3,-1,11718048000,10133525448058,1783481876348827994
0,-1,11719686000,10133527036963,1783481876350416931
1,-1,11705690000,10133527156356,1783481876350536324
2,-1,11727176999,10133534525326,1783481876357905262
3,-1,11750090666,10133557489203,1783481876380869171
0,-1,11751706999,10133559055900,1783481876382435868
1,-1,11737722999,10133559180508,1783481876382560444
2,-1,11759205999,10133566597063,1783481876389977031
3,-1,11782133332,10133589499275,1783481876412879243
0,-1,11783727999,10133591073684,1783481876414453748
1,-1,11769755999,10133591196309,1783481876414576277
2,-1,11791235000,10133598584703,1783481876421964639
3,-1,11814176000,10133621530691,1783481876444910659
0,-1,11815749000,10133623090060,1783481876446469996
1,-1,11801789000,10133623180429,1783481876446560397
2,-1,11823263999,10133630609080,1783481876453989048
3,-1,11846218666,10133653582716,1783481876476962652
0,-1,11847769999,10133655112517,1783481876478492453
1,-1,11833821999,10133655202277,1783481876478582213
2,-1,11855292999,10133662677488,1783481876486057424
3,-1,11878261332,10133685657685,1783481876509037685
0,-1,11879790999,10133687136157,1783481876510516125
3,-1,11910304000,10133717675917,1783481876541055885
0,-1,11911812000,10133719153621,1783481876542533589
1,-1,11929920999,10133737280542,1783481876560660478
3,-1,11942346666,10133749696037,1783481876573075973
0,-1,11943832999,10133751184430,1783481876574564398
2,-1,11951379999,10133758731769,1783481876582111705
1,-1,11961953999,10133769311638,1783481876592691606
3,-1,11974389332,10133781735998,1783481876605115934
0,-1,11975853999,10133783188870,1783481876606568774
2,-1,11983409000,10133790772402,1783481876614152370
1,-1,11993987000,10133801340079,1783481876624720047
3,-1,12006432000,10133813779382,1783481876637159350
0,-1,12007875000,10133815214654,1783481876638594590
2,-1,12015437999,10133822793802,1783481876646173770
1,-1,12026019999,10133833372135,1783481876656752071
3,-1,12038474666,10133845826351,1783481876669206287
0,-1,12039895999,10133847236791,1783481876670616759
2,-1,12047466999,10133854830563,1783481876678210531
1,-1,12058052999,10133865426656,1783481876688806624
3,-1,12070517332,10133877885479,1783481876701265415
0,-1,12071916999,10133879261711,1783481876702641679
2,-1,12079496000,10133886870267,1783481876710250235
1,-1,12090086000,10133897465976,1783481876720845944
3,-1,12102560000,10133909919232,1783481876733299200
0,-1,12103938000,10133911285608,1783481876734665608
2,-1,12111524999,10133918871603,1783481876742251571
1,-1,12122118999,10133929481040,1783481876752861008
3,-1,12134602666,10133941946968,1783481876765326936
0,-1,12135958999,10133943295072,1783481876766675008
2,-1,12143553999,10133950902668,1783481876774282636
1,-1,12154151999,10133961503529,1783481876784883497
3,-1,12166645332,10133973991313,1783481876797371281
0,-1,12167979999,10133975317720,1783481876798697688
2,-1,12175583000,10133982923844,1783481876806303780
1,-1,12186185000,10133993532289,1783481876816912257
3,-1,12198688000,10134006031529,1783481876829411529
0,-1,12200001000,10134007339825,1783481876830719793
2,-1,12207611999,10134014956828,1783481876838336764
1,-1,12218217999,10134025571354,1783481876848951290
3,-1,12230730666,10134038068514,1783481876861448450
0,-1,12232021999,10134039360745,1783481876862740713
2,-1,12239640999,10134046982421,1783481876870362421
1,-1,12250250999,10134057604754,1783481876880984722
3,-1,12262773332,10134070148954,1783481876893528922
0,-1,12264042999,10134071386209,1783481876894766145
2,-1,12271670000,10134079054029,1783481876902433997
1,-1,12282284000,10134089662635,1783481876913042635
3,-1,12294816000,10134102192883,1783481876925572883
0,-1,12296064000,10134103409466,1783481876926789402
2,-1,12303698999,10134111051302,1783481876934431270
1,-1,12314316999,10134121673955,1783481876945053923
3,-1,12326858666,10134134213035,1783481876957593003
0,-1,12328084999,10134135427314,1783481876958807250
2,-1,12335727999,10134143075710,1783481876966455678
1,-1,12346349999,10134153704155,1783481876977084123
3,-1,12358901332,10134166252356,1783481876989632324
0,-1,12360105999,10134167444106,1783481876990824042
2,-1,12367757000,10134175119927,1783481876998499895
1,-1,12378383000,10134185737364,1783481877009117332
3,-1,12390944000,10134198293468,1783481877021673468
0,-1,12392127000,10134199465987,1783481877022845955
2,-1,12399785999,10134207134031,1783481877030513999
1,-1,12410415999,10134217767564,1783481877041147500
3,-1,12422986666,10134230349045,1783481877053729077
0,-1,12424147999,10134231494107,1783481877054874075
2,-1,12431814999,10134239163559,1783481877062543527
1,-1,12442448999,10134249810885,1783481877073190853
3,-1,12455029332,10134262407885,1783481877085787853
0,-1,12456168999,10134263520244,1783481877086900212
2,-1,12463844000,10134271225248,1783481877094605216
1,-1,12474482000,10134281866589,1783481877105246557
3,-1,12487072000,10134294449734,1783481877117829702
0,-1,12488190000,10134295538028,1783481877118917996
2,-1,12495872999,10134303232216,1783481877126612184
1,-1,12506514999,10134313877622,1783481877137257558
3,-1,12519114666,10134326464414,1783481877149844382
0,-1,12520210999,10134327551972,1783481877150931908
2,-1,12527901999,10134335243729,1783481877158623665
1,-1,12538547999,10134345907118,1783481877169287086
3,-1,12551157332,10134358501047,1783481877181880983
0,-1,12552231999,10134359568093,1783481877182948061
2,-1,12559931000,10134367281289,1783481877190661289
1,-1,12570581000,10134377931335,1783481877201311431
3,-1,12583200000,10134390549423,1783481877213929391
0,-1,12584253000,10134391592821,1783481877214972789
2,-1,12591959999,10134399312290,1783481877222692290
1,-1,12602613999,10134409959839,1783481877233339807
3,-1,12615242666,10134422591592,1783481877245971528
0,-1,12616273999,10134423612078,1783481877246992046
2,-1,12623988999,10134431340666,1783481877254720666
1,-1,12634646999,10134441998807,1783481877265378807
3,-1,12647285332,10134454644768,1783481877278024768
0,-1,12648294999,10134455637062,1783481877279017030
2,-1,12656018000,10134463377939,1783481877286757875
1,-1,12666680000,10134474060528,1783481877297440496
3,-1,12679328000,10134486686841,1783481877310066809
2,-1,12688046999,10134495478699,1783481877318858635
1,-1,12698712999,10134506108137,1783481877329488073
3,-1,12711370666,10134518758770,1783481877342138738
2,-1,12720075999,10134527448804,1783481877350828772
1,-1,12730745999,10134538143585,1783481877361523553
3,-1,12743413332,10134550799530,1783481877374179498
0,-1,12744357999,10134551713295,1783481877375093391
2,-1,12752105000,10134559492124,1783481877382872124
1,-1,12762779000,10134570168442,1783481877393548410
3,-1,12775456000,10134582835587,1783481877406215555
0,-1,12776379000,10134583724872,1783481877407104840
2,-1,12784133999,10134591656053,1783481877415035989
1,-1,12794811999,10134602204146,1783481877425584146
3,-1,12807498666,10134614886939,1783481877438266907
0,-1,12808399999,10134615771264,1783481877439151232
2,-1,12816162999,10134623547405,1783481877446927373
1,-1,12826844999,10134634233099,1783481877457613067
3,-1,12839541332,10134646928372,1783481877470308340
0,-1,12840420999,10134647775768,1783481877471155864
2,-1,12848192000,10134655581221,1783481877478961221
1,-1,12858878000,10134666265635,1783481877489645603
3,-1,12871584000,10134678956780,1783481877502336748
0,-1,12872442000,10134679790129,1783481877503170065
2,-1,12880220999,10134687600990,1783481877510980958
1,-1,12890910999,10134698289595,1783481877521669563
3,-1,12903626666,10134711010725,1783481877534390693
0,-1,12904462999,10134711813161,1783481877535193097
2,-1,12912249999,10134719634454,1783481877543014422
1,-1,12922943999,10134730331156,1783481877553711124
3,-1,12935669332,10134743055165,1783481877566435133
0,-1,12936483999,10134743839170,1783481877567219106
2,-1,12944279000,10134751727887,1783481877575107791
1,-1,12954977000,10134762366700,1783481877585746668
3,-1,12967712000,10134775100150,1783481877598480118
0,-1,12968505000,10134775855482,1783481877599235578
2,-1,12976307999,10134783716615,1783481877607096615
1,-1,12987009999,10134794370661,1783481877617750629
3,-1,12999754666,10134807148942,1783481877630528910
0,-1,13000525999,10134807874162,1783481877631254130
2,-1,13008336999,10134815705888,1783481877639085856
1,-1,13019042999,10134826401597,1783481877649781565
0,-1,13032546999,10134839941675,1783481877663321643
2,-1,13040366000,10134847746712,1783481877671126680
1,-1,13051076000,10134858470006,1783481877681849974
0,-1,13064568000,10134871954340,1783481877695334276
2,-1,13072394999,10134879768817,1783481877703148817
3,-1,13095882666,10134903282584,1783481877726662520
0,-1,13096588999,10134903944060,1783481877727323996
1,-1,13083108999,10134904130525,1783481877727510461
2,-1,13104423999,10134911814153,1783481877735194153
3,-1,13127925332,10134935314448,1783481877758694416
0,-1,13128609999,10134935961108,1783481877759341044
1,-1,13115141999,10134936127349,1783481877759507317
2,-1,13136453000,10134943834753,1783481877767214721
3,-1,13159968000,10134967355689,1783481877790735689
0,-1,13160631000,10134967982285,1783481877791362253
1,-1,13147175000,10134968135949,1783481877791515949
2,-1,13168481999,10134975858746,1783481877799238682
3,-1,13192010666,10134999377761,1783481877822757729
0,-1,13192651999,10134999999621,1783481877823379557
1,-1,13179207999,10135000151814,1783481877823531782
2,-1,13200510999,10135007860082,1783481877831240050
3,-1,13224053332,10135031414426,1783481877854794394
0,-1,13224672999,10135032030045,1783481877855410013
1,-1,13211240999,10135032122846,1783481877855502814
2,-1,13232540000,10135039882539,1783481877863262507
3,-1,13256096000,10135063472274,1783481877886852242
0,-1,13256694000,10135064052886,1783481877887432854
1,-1,13243274000,10135064154774,1783481877887534710
2,-1,13264568999,10135071924387,1783481877895304355
3,-1,13288138666,10135095547755,1783481877918927723
0,-1,13288714999,10135096055406,1783481877919435374
3,-1,13320181332,10135127567012,1783481877950946980
0,-1,13320735999,10135128046598,1783481877951426598
1,-1,13339373000,10135146732786,1783481877970112754
3,-1,13352224000,10135159583324,1783481877982963292
0,-1,13352757000,10135160099679,1783481877983479615
2,-1,13360655999,10135168017260,1783481877991397260
1,-1,13371405999,10135178756298,1783481878002136266
3,-1,13384266666,10135191621492,1783481878015001492
0,-1,13384777999,10135192126519,1783481878015506487
2,-1,13392684999,10135200046341,1783481878023426341
1,-1,13403438999,10135210790243,1783481878034170179
3,-1,13416309332,10135223664525,1783481878047044461
0,-1,13416798999,10135224139792,1783481878047519792
2,-1,13424714000,10135232052061,1783481878055432029
1,-1,13435472000,10135242835003,1783481878066214971
3,-1,13448352000,10135255716806,1783481878079096806
0,-1,13448820000,10135256164712,1783481878079544648
2,-1,13456742999,10135264091958,1783481878087471958
1,-1,13467504999,10135274870068,1783481878098250036
3,-1,13480394666,10135287786046,1783481878111166014
0,-1,13480840999,10135288186433,1783481878111566401
2,-1,13488771999,10135296139982,1783481878119519950
1,-1,13499537999,10135306900940,1783481878130280908
3,-1,13512437332,10135319796919,1783481878143176887
0,-1,13512861999,10135320201721,1783481878143581753
2,-1,13520801000,10135328146407,1783481878151526407
1,-1,13531571000,10135338920133,1783481878162300101
3,-1,13544480000,10135351831119,1783481878175211119
0,-1,13544883000,10135352221138,1783481878175601074
2,-1,13552829999,10135360180575,1783481878183560543
1,-1,13563603999,10135370949725,1783481878194329693
3,-1,13576522666,10135383870152,1783481878207250120
0,-1,13576903999,10135384240490,1783481878207620426
2,-1,13584858999,10135392210424,1783481878215590392
1,-1,13595636999,10135402948310,1783481878226328246
3,-1,13608565332,10135415889440,1783481878239269440
0,-1,13608924999,10135416271682,1783481878239651618
2,-1,13616888000,10135424227184,1783481878247607152
1,-1,13627670000,10135435026287,1783481878258406255
3,-1,13640608000,10135447973497,1783481878271353497
0,-1,13640946000,10135448289627,1783481878271669563
2,-1,13648916999,10135456276969,1783481878279656937
1,-1,13659702999,10135467083495,1783481878290463431
3,-1,13672650666,10135480046578,1783481878303426578
0,-1,13672966999,10135480324563,1783481878303704531
2,-1,13680945999,10135488314465,1783481878311694465
1,-1,13691735999,10135499111680,1783481878322491648
3,-1,13704693332,10135512078890,1783481878335458858
0,-1,13704987999,10135512332908,1783481878335712844
2,-1,13712975000,10135520339322,1783481878343719290
1,-1,13723769000,10135531136664,1783481878354516632
3,-1,13736736000,10135544090051,1783481878367470019
0,-1,13737009000,10135544365828,1783481878367745764
2,-1,13745003999,10135552385107,1783481878375765043
1,-1,13755801999,10135563169521,1783481878386549489
3,-1,13768778666,10135576139707,1783481878399519675
0,-1,13769029999,10135576378877,1783481878399758813
2,-1,13777032999,10135584379531,1783481878407759499
1,-1,13787834999,10135595219497,1783481878418599465
3,-1,13800821332,10135608183796,1783481878431563764
0,-1,13801050999,10135608400501,1783481878431780437
2,-1,13809062000,10135616419363,1783481878439799299
1,-1,13819868000,10135627221122,1783481878450601090
3,-1,13832864000,10135640213292,1783481878463593260
0,-1,13833072000,10135640419118,1783481878463799086
2,-1,13841090999,10135648466108,1783481878471846076
1,-1,13851900999,10135659270906,1783481878482650874
3,-1,13864906666,10135672281637,1783481878495661573
0,-1,13865092999,10135672439270,1783481878495819206
2,-1,13873119999,10135680485396,1783481878503865396
1,-1,13883933999,10135691304339,1783481878514684307
3,-1,13896949332,10135704320222,1783481878527700158
0,-1,13897113999,10135704464255,1783481878527844191
2,-1,13905149000,10135712517101,1783481878535897101
1,-1,13915967000,10135723332779,1783481878546712747
3,-1,13928992000,10135736366486,1783481878559746486
0,-1,13929135000,10135736483447,1783481878559863447
2,-1,13937177999,10135744546149,1783481878567926149
1,-1,13947999999,10135755372612,1783481878578752580
3,-1,13961034666,10135768410863,1783481878591790799
0,-1,13961155999,10135768511407,1783481878591891375
2,-1,13969206999,10135776567902,1783481878599947870
1,-1,13980032999,10135787402236,1783481878610782172
3,-1,13993077332,10135800444679,1783481878623824615
0,-1,13993176999,10135800528200,1783481878623908168
2,-1,14001236000,10135808597078,1783481878631977046
1,-1,14012066000,10135819427125,1783481878642807125
3,-1,14025120000,10135832475424,1783481878655855424
0,-1,14025198000,10135832550272,1783481878655930240
2,-1,14033264999,10135840630287,1783481878664010223
1,-1,14044098999,10135851470925,1783481878674850861
3,-1,14057162666,10135864526585,1783481878687906553
0,-1,14057218999,10135864574073,1783481878687954041
2,-1,14065293999,10135872650663,1783481878696030631
1,-1,14076131999,10135883475174,1783481878706855142
3,-1,14089205332,10135896568529,1783481878719948529
2,-1,14097323000,10135904677536,1783481878728057536
1,-1,14108165000,10135915525054,1783481878738905022
3,-1,14121248000,10135928617418,1783481878751997418
2,-1,14129351999,10135936713144,1783481878760093144
1,-1,14140197999,10135947589111,1783481878770969079
0,-1,14153281999,10135960668002,1783481878784047970
3,-1,14153290666,10135960726787,1783481878784106755
2,-1,14161380999,10135968786673,1783481878792166641
1,-1,14172230999,10135979608303,1783481878802988303
0,-1,14185302999,10135992673531,1783481878816053499
3,-1,14185333332,10135992687099,1783481878816067035
2,-1,14193410000,10136000764329,1783481878824144265
1,-1,14204264000,10136011653352,1783481878835033320
0,-1,14217324000,10136024692083,1783481878848072083
3,-1,14217376000,10136024778580,1783481878848158580
2,-1,14225438999,10136032796962,1783481878856176962
1,-1,14236296999,10136043660896,1783481878867040864
0,-1,14249344999,10136056711916,1783481878880091884
3,-1,14249418666,10136056770444,1783481878880150412
2,-1,14257467999,10136064826778,1783481878888206746
1,-1,14268329999,10136075735161,1783481878899115161
0,-1,14281365999,10136088744036,1783481878912124036
3,-1,14281461332,10136088815429,1783481878912195397
2,-1,14289497000,10136096861139,1783481878920241107
1,-1,14300363000,10136107721233,1783481878931101201
0,-1,14313387000,10136120739868,1783481878944119836
3,-1,14313504000,10136120850365,1783481878944230365
2,-1,14321525999,10136128875979,1783481878952255947
1,-1,14332395999,10136139748298,1783481878963128234
0,-1,14345407999,10136152754645,1783481878976134613
3,-1,14345546666,10136152898518,1783481878976278550
2,-1,14353554999,10136160955044,1783481878984335012
1,-1,14364428999,10136171791362,1783481878995171330
0,-1,14377428999,10136184795245,1783481879008175213
3,-1,14377589332,10136184935374,1783481879008315342
2,-1,14385584000,10136192936700,1783481879016316668
1,-1,14396462000,10136203815387,1783481879027195387
0,-1,14409450000,10136216801254,1783481879040181254
3,-1,14409632000,10136216979719,1783481879040359719
2,-1,14417612999,10136224956405,1783481879048336373
1,-1,14428494999,10136235862164,1783481879059242132
0,-1,14441470999,10136248827486,1783481879072207486
2,-1,14449641999,10136256987341,1783481879080367309
1,-1,14460527999,10136267892044,1783481879091271980
0,-1,14473491999,10136280895383,1783481879104275351
2,-1,14481671000,10136289112646,1783481879112492614
0,-1,14505513000,10136312899056,1783481879136279024
3,-1,14505760000,10136313108657,1783481879136488625
1,-1,14492561000,10136313301458,1783481879136681394
0,-1,14537533999,10136344921000,1783481879168300936
3,-1,14537802666,10136345143977,1783481879168523913
1,-1,14524593999,10136345341450,1783481879168721386
0,-1,14569554999,10136376932736,1783481879200312736
3,-1,14569845332,10136377186594,1783481879200566530
1,-1,14556626999,10136377345251,1783481879200725219
0,-1,14601576000,10136408954201,1783481879232334137
3,-1,14601888000,10136409230171,1783481879232610139
1,-1,14588660000,10136409391643,1783481879232771611
2,-1,14513699999,10136417915565,1783481879241295533
1,-1,14620692999,10136428062727,1783481879251442727
0,-1,14633596999,10136440966417,1783481879264346385
3,-1,14633930666,10136441273491,1783481879264653427
0,-1,14665617999,10136473011754,1783481879296391690
3,-1,14665973332,10136473326348,1783481879296706316
1,-1,14652725999,10136473517421,1783481879296897389
2,-1,14545728999,10136473517389,1783481879296897357
0,-1,14697639000,10136505041091,1783481879328421059
3,-1,14698016000,10136505371012,1783481879328750948
2,-1,14577758000,10136505524581,1783481879328904517
0,-1,14729659999,10136537055131,1783481879360435099
3,-1,14730058666,10136537403005,1783481879360782973
2,-1,14609786999,10136537547742,1783481879360927710
1,-1,14748824999,10136556225897,1783481879379605865
0,-1,14761680999,10136569072916,1783481879392452916
3,-1,14762101332,10136569443670,1783481879392823702
2,-1,14641815999,10136569584374,1783481879392964374
1,-1,14780858000,10136588248418,1783481879411628418
0,-1,14793702000,10136601089868,1783481879424469836
3,-1,14794144000,10136601487726,1783481879424867694
2,-1,14673845000,10136601618703,1783481879424998639
1,-1,14812890999,10136620286555,1783481879443666491
0,-1,14825722999,10136633116709,1783481879456496677
3,-1,14826186666,10136633542695,1783481879456922631
2,-1,14769932000,10136633678824,1783481879457058760
1,-1,14844923999,10136652314163,1783481879475694099
0,-1,14857743999,10136665112477,1783481879488492413
3,-1,14858229332,10136665583936,1783481879488963872
2,-1,14801960999,10136665708544,1783481879489088480
1,-1,14876957000,10136684358348,1783481879507738284
0,-1,14889765000,10136697139061,1783481879520519029
3,-1,14890272000,10136697627000,1783481879521006936
2,-1,14833989999,10136697787257,1783481879521167193
1,-1,14908989999,10136716385092,1783481879539765156
0,-1,14921785999,10136729167246,1783481879552547246
3,-1,14922314666,10136729662737,1783481879553042705
2,-1,14866019000,10136729798642,1783481879553178610
1,-1,14941022999,10136748418109,1783481879571798045
0,-1,14953806999,10136761187654,1783481879584567622
3,-1,14954357332,10136761718377,1783481879585098345
2,-1,14898047999,10136761853898,1783481879585233866
1,-1,14973056000,10136780449909,1783481879603829877
0,-1,14985828000,10136793203487,1783481879616583487
3,-1,14986400000,10136793747906,1783481879617127874
2,-1,14930076999,10136793886275,1783481879617266243
1,-1,15005088999,10136812481902,1783481879635861870
0,-1,15017848999,10136825230455,1783481879648610423
3,-1,15018442666,10136825787643,1783481879649167707
2,-1,14962106000,10136825887643,1783481879649267579
1,-1,15037121999,10136844510663,1783481879667890631
0,-1,15049869999,10136857243984,1783481879680623952
3,-1,15050485332,10136857830835,1783481879681210771
2,-1,14994134999,10136857924884,1783481879681304820
1,-1,15069155000,10136876546591,1783481879699926559
0,-1,15081891000,10136889268776,1783481879712648744
3,-1,15082528000,10136889878572,1783481879713258540
2,-1,15026163999,10136889990733,1783481879713370669
1,-1,15101187999,10136908572376,1783481879731952376
0,-1,15113911999,10136921577539,1783481879744957507
3,-1,15114570666,10136922000229,1783481879745380229
2,-1,15058193000,10136922182150,1783481879745562118
1,-1,15133220999,10136940609104,1783481879763989072
0,-1,15145932999,10136953318521,1783481879776698489
3,-1,15146613332,10136953967325,1783481879777347261
2,-1,15090221999,10136954110654,1783481879777490622
1,-1,15165254000,10136972644361,1783481879796024297
0,-1,15177954000,10136985338226,1783481879808718226
3,-1,15178656000,10136986014454,1783481879809394422
2,-1,15122250999,10136986139543,1783481879809519511
1,-1,15197286999,10137004670049,1783481879828049985
0,-1,15209974999,10137017339690,1783481879840719658
3,-1,15210698666,10137018049326,1783481879841429262
2,-1,15154280000,10137018167631,1783481879841547567
1,-1,15229319999,10137036685882,1783481879860065850
0,-1,15241995999,10137049351907,1783481879872731875
3,-1,15242741332,10137050087079,1783481879873467079
2,-1,15186308999,10137050191560,1783481879873571528
1,-1,15261353000,10137068722802,1783481879892102770
0,-1,15274017000,10137081367867,1783481879904747867
3,-1,15274784000,10137082132480,1783481879905512448
2,-1,15218337999,10137082239904,1783481879905619904
1,-1,15293385999,10137100744907,1783481879924124875
0,-1,15306037999,10137113387700,1783481879936767668
3,-1,15306826666,10137114170808,1783481879937550776
2,-1,15250367000,10137114269913,1783481879937649881
1,-1,15325418999,10137132779235,1783481879956159235
0,-1,15338058999,10137145408300,1783481879968788268
3,-1,15338869332,10137146213809,1783481879969593809
2,-1,15282395999,10137146305201,1783481879969685169
1,-1,15357452000,10137164801916,1783481879988181884
0,-1,15370080000,10137177428965,1783481880000808933
3,-1,15370912000,10137178257513,1783481880001637481
2,-1,15314424999,10137178355946,1783481880001735882
1,-1,15389484999,10137196846581,1783481880020226581
0,-1,15402100999,10137209457885,1783481880032837853
3,-1,15402954666,10137210301154,1783481880033681154
2,-1,15346454000,10137210390115,1783481880033770083
1,-1,15421517999,10137228872717,1783481880052252685
0,-1,15434121999,10137241488086,1783481880064868054
3,-1,15434997332,10137242341755,1783481880065721723
2,-1,15378482999,10137242435611,1783481880065815579
1,-1,15453551000,10137260922054,1783481880084302022
0,-1,15466143000,10137273516462,1783481880096896462
3,-1,15467040000,10137274387219,1783481880097767219
2,-1,15410511999,10137274485748,1783481880097865716
1,-1,15485583999,10137292972095,1783481880116352031
3,-1,15499082666,10137306457772,1783481880129837740
2,-1,15442541000,10137314978045,1783481880138357981
1,-1,15517616999,10137324964631,1783481880148344599
3,-1,15531125332,10137338481157,1783481880161861125
1,-1,15549650000,10137357000656,1783481880180380560
0,-1,15562206000,10137369574200,1783481880192954168
3,-1,15563168000,10137370523070,1783481880193903038
2,-1,15474569999,10137370650910,1783481880194030846
1,-1,15581682999,10137389063144,1783481880212443080
0,-1,15594226999,10137401611057,1783481880224991025
3,-1,15595210666,10137402568214,1783481880225948182
2,-1,15506598999,10137402706455,1783481880226086455
1,-1,15613715999,10137421094497,1783481880244474465
0,-1,15626247999,10137433616745,1783481880256996713
3,-1,15627253332,10137434605391,1783481880257985359
2,-1,15538628000,10137434739568,1783481880258119536
1,-1,15645749000,10137453131738,1783481880276511706
0,-1,15658269000,10137465651170,1783481880289031170
3,-1,15659296000,10137466657000,1783481880290036968
2,-1,15570656999,10137466910985,1783481880290290953
1,-1,15677781999,10137485175698,1783481880308555634
0,-1,15690289999,10137497686298,1783481880321066266
3,-1,15691338666,10137498699840,1783481880322079776
2,-1,15602685999,10137498959746,1783481880322339746
1,-1,15709814999,10137517195819,1783481880340575819
0,-1,15722310999,10137529714611,1783481880353094579
3,-1,15723381332,10137531571358,1783481880354951326
2,-1,15634715000,10137531836223,1783481880355216159
1,-1,15741848000,10137549241540,1783481880372621508
0,-1,15754332000,10137561732876,1783481880385112844
3,-1,15755424000,10137562783346,1783481880386163346
2,-1,15666743999,10137562928658,1783481880386308626
1,-1,15773880999,10137581273404,1783481880404653372
0,-1,15786352999,10137593745764,1783481880417125764
3,-1,15787466666,10137594832074,1783481880418212010
2,-1,15698772999,10137594976907,1783481880418356875
1,-1,15805913999,10137613304917,1783481880436684853
0,-1,15818373999,10137625748380,1783481880449128316
3,-1,15819509332,10137626864067,1783481880450244003
2,-1,15730802000,10137626993572,1783481880450373508
1,-1,15837947000,10137645310765,1783481880468690765
0,-1,15850395000,10137657747829,1783481880481127797
2,-1,15762830999,10137666372711,1783481880489752647
1,-1,15869979999,10137677364710,1783481880500744646
0,-1,15882415999,10137689810222,1783481880513190190
0,-1,15914436999,10137721806054,1783481880545186022
3,-1,15915637332,10137722983085,1783481880546363021
1,-1,15902012999,10137723131822,1783481880546511790
0,-1,15946458000,10137753816159,1783481880577196095
3,-1,15947680000,10137755022373,1783481880578402341
1,-1,15934046000,10137755150342,1783481880578530310
0,-1,15978478999,10137785834071,1783481880609214039
3,-1,15979722666,10137787064638,1783481880610444574
1,-1,15966078999,10137787176575,1783481880610556543
2,-1,15794859999,10137787454112,1783481880610834080
0,-1,16010499999,10137817854448,1783481880641234416
3,-1,16011765332,10137819107127,1783481880642487063
1,-1,15998111999,10137819242456,1783481880642622424
2,-1,15826889000,10137819247832,1783481880642627768
0,-1,16042521000,10137849878152,1783481880673258120
3,-1,16043808000,10137851151023,1783481880674530991
2,-1,15858917999,10137851299056,1783481880674679024
1,-1,16030145000,10137851307120,1783481880674687088
2,-1,15890946999,10137874875864,1783481880698255832
1,-1,16062177999,10137874901784,1783481880698281720
0,-1,16074541999,10137881917921,1783481880705297857
3,-1,16075850666,10137883196552,1783481880706576488
0,-1,16106562999,10137913956889,1783481880737336857
3,-1,16107893332,10137915244513,1783481880738624449
2,-1,15987033999,10137915381154,1783481880738761122
0,-1,16138584000,10137945939186,1783481880769319154
3,-1,16139936000,10137947273977,1783481880770653913
2,-1,16019063000,10137947378522,1783481880770758490
1,-1,16158276999,10137965628387,1783481880789008387
0,-1,16170604999,10137977951850,1783481880801331786
3,-1,16171978666,10137979319794,1783481880802699730
2,-1,16051091999,10137979412019,1783481880802791987
1,-1,16190309999,10137997661148,1783481880821041116
0,-1,16202625999,10138009975139,1783481880833355107
3,-1,16204021332,10138011359211,1783481880834739179
2,-1,16083120999,10138011447179,1783481880834827115
1,-1,16222343000,10138029695124,1783481880853075060
0,-1,16234647000,10138041998555,1783481880865378523
3,-1,16236064000,10138043403363,1783481880866783331
2,-1,16179207999,10138043511204,1783481880866891204
1,-1,16254375999,10138061729933,1783481880885109901
0,-1,16266667999,10138074014356,1783481880897394324
3,-1,16268106666,10138075442460,1783481880898822428
2,-1,16211237000,10138075563997,1783481880898943965
1,-1,16286408999,10138093763974,1783481880917143910
0,-1,16298688999,10138106032204,1783481880929412140
3,-1,16300149332,10138107486613,1783481880930866549
2,-1,16243265999,10138107571829,1783481880930951797
1,-1,16318442000,10138125798782,1783481880949178718
0,-1,16330710000,10138138026693,1783481880961406661
3,-1,16332192000,10138139531149,1783481880962911085
2,-1,16275294999,10138139625486,1783481880963005454
1,-1,16350474999,10138157822519,1783481880981202487
0,-1,16362730999,10138170070045,1783481880993450013
3,-1,16364234666,10138171580070,1783481880994960006
2,-1,16307324000,10138171675335,1783481880995055303
1,-1,16382507999,10138189861488,1783481881013241424
0,-1,16394751999,10138202091766,1783481881025471702
3,-1,16396277332,10138203619263,1783481881026999231
2,-1,16339352999,10138203712831,1783481881027092799
1,-1,16414541000,10138221889128,1783481881045269096
0,-1,16426773000,10138234123983,1783481881057503951
3,-1,16428320000,10138235662392,1783481881059042360
2,-1,16371381999,10138235758776,1783481881059138712
1,-1,16446573999,10138253925249,1783481881077305217
0,-1,16458793999,10138266139399,1783481881089519335
3,-1,16460362666,10138267702416,1783481881091082384
2,-1,16403411000,10138267788497,1783481881091168433
1,-1,16478606999,10138285975642,1783481881109355578
0,-1,16490814999,10138298181056,1783481881121561056
3,-1,16492405332,10138299757289,1783481881123137257
2,-1,16435439999,10138299866634,1783481881123246570
1,-1,16510640000,10138318034322,1783481881141414258
0,-1,16522836000,10138330191096,1783481881153571096
3,-1,16524448000,10138331801026,1783481881155180994
2,-1,16467468999,10138331927426,1783481881155307394
1,-1,16542672999,10138350025323,1783481881173405291
0,-1,16554856999,10138362197297,1783481881185577297
3,-1,16556490666,10138363835930,1783481881187215898
2,-1,16499498000,10138363947227,1783481881187327163
1,-1,16574705999,10138382056931,1783481881205436931
0,-1,16586877999,10138394220650,1783481881217600650
3,-1,16588533332,10138395879571,1783481881219259539
2,-1,16531526999,10138395993012,1783481881219372980
1,-1,16606739000,10138414091388,1783481881237471324
0,-1,16618899000,10138426238914,1783481881249618882
3,-1,16620576000,10138427918764,1783481881251298732
2,-1,16563555999,10138427995852,1783481881251375852
1,-1,16638771999,10138446118645,1783481881269498613
0,-1,16650919999,10138458257147,1783481881281637115
3,-1,16652618666,10138459962085,1783481881283341989
2,-1,16595585000,10138460047909,1783481881283427877
1,-1,16670804999,10138478158733,1783481881301538701
0,-1,16682940999,10138490314580,1783481881313694516
3,-1,16684661332,10138492022749,1783481881315402685
2,-1,16627613999,10138492140894,1783481881315520830
1,-1,16702838000,10138510230694,1783481881333610662
0,-1,16714962000,10138522331212,1783481881345711180
3,-1,16716704000,10138524052118,1783481881347432086
2,-1,16659642999,10138524165911,1783481881347545847
1,-1,16734870999,10138542234815,1783481881365614783
0,-1,16746982999,10138554334405,1783481881377714373
3,-1,16748746666,10138556090351,1783481881379470319
2,-1,16691672000,10138556200591,1783481881379580559
1,-1,16766903999,10138574292024,1783481881397671992
0,-1,16779003999,10138586484382,1783481881409864318
3,-1,16780789332,10138588157736,1783481881411537704
2,-1,16723700999,10138588325001,1783481881411704937
1,-1,16798937000,10138606331568,1783481881429711568
0,-1,16811025000,10138618410230,1783481881441790166
3,-1,16812832000,10138620178656,1783481881443558624
2,-1,16755729999,10138620326337,1783481881443706273
1,-1,16830969999,10138638373065,1783481881461753033
0,-1,16843045999,10138650428143,1783481881473808111
3,-1,16844874666,10138652228121,1783481881475608057
2,-1,16787759000,10138652382874,1783481881475762842
1,-1,16863002999,10138670394626,1783481881493774562
0,-1,16875066999,10138682441959,1783481881505821927
3,-1,16876917332,10138684276274,1783481881507656242
2,-1,16819787999,10138684419442,1783481881507799410
1,-1,16895036000,10138702423802,1783481881525803770
3,-1,16908960000,10138716336554,1783481881539716522
2,-1,16851816999,10138724874076,1783481881548254012
1,-1,16927068999,10138734447187,1783481881557827155
3,-1,16941002666,10138748360451,1783481881571740387
1,-1,16959101999,10138766478923,1783481881589858923
0,-1,16971129999,10138778498417,1783481881601878385
3,-1,16973045332,10138780399036,1783481881603779004
2,-1,16883846000,10138780562077,1783481881603942013
2,-1,16915874999,10138780586557,1783481881603966525
1,-1,16991135000,10138798497732,1783481881621877732
0,-1,17003151000,10138810502217,1783481881633882185
3,-1,17005088000,10138812429556,1783481881635809492
2,-1,16947903999,10138812527125,1783481881635907093
1,-1,17023167999,10138830527101,1783481881653907101
0,-1,17035171999,10138842528546,1783481881665908546
3,-1,17037130666,10138844474957,1783481881667854893
2,-1,16979933000,10138844589774,1783481881667969742
1,-1,17055200999,10138862558261,1783481881685938229
0,-1,17067192999,10138874544634,1783481881697924634
3,-1,17069173332,10138876514310,1783481881699894278
2,-1,17011961999,10138876624454,1783481881700004358
1,-1,17087234000,10138894613614,1783481881717993550
0,-1,17099214000,10138906592051,1783481881729972019
3,-1,17101216000,10138908562879,1783481881731942815
2,-1,17043990999,10138908701567,1783481881732081535
1,-1,17119266999,10138926655239,1783481881750035207
0,-1,17131234999,10138938594188,1783481881761974188
3,-1,17133258666,10138940604759,1783481881763984727
2,-1,17076020000,10138940730680,1783481881764110584
1,-1,17151299999,10138958657343,1783481881782037311
0,-1,17163255999,10138970599012,1783481881793978948
3,-1,17165301332,10138972651664,1783481881796031632
2,-1,17108048999,10138972764401,1783481881796144369
1,-1,17183333000,10138990687608,1783481881814067576
0,-1,17195277000,10139002625917,1783481881826005885
3,-1,17197344000,10139004686761,1783481881828066729
2,-1,17140077999,10139004784393,1783481881828164329
1,-1,17215365999,10139022723857,1783481881846103857
0,-1,17227297999,10139034639061,1783481881858019029
3,-1,17229386666,10139036721025,1783481881860100961
2,-1,17172107000,10139036810402,1783481881860190338
1,-1,17247398999,10139054755433,1783481881878135369
0,-1,17259318999,10139066666158,1783481881890046126
1,-1,17279432000,10139086780386,1783481881910160354
0,-1,17291340000,10139098694855,1783481881922074855
0,-1,17323360999,10139130716223,1783481881954096191
3,-1,17325514666,10139132863564,1783481881956243468
1,-1,17311464999,10139132989452,1783481881956369420
2,-1,17204135999,10139132991948,1783481881956371916
0,-1,17355381999,10139162734872,1783481881986114872
3,-1,17357557332,10139164898628,1783481881988278564
2,-1,17236164999,10139165011909,1783481881988391845
1,-1,17343497999,10139165013509,1783481881988393509
0,-1,17387403000,10139194756720,1783481882018136656
3,-1,17389600000,10139196939709,1783481882020319677
2,-1,17268194000,10139197056990,1783481882020436958
1,-1,17375531000,10139197062494,1783481882020442462
0,-1,17419423999,10139226779913,1783481882050159913
3,-1,17421642666,10139229048214,1783481882052428182
1,-1,17407563999,10139229198583,1783481882052578583
2,-1,17300222999,10139229210935,1783481882052590871
2,-1,17332251999,10139237694504,1783481882061074440
1,-1,17439596999,10139246953245,1783481882070333245
0,-1,17451444999,10139258809826,1783481882082189826
3,-1,17453685332,10139261037391,1783481882084417359
0,-1,17483466000,10139290833722,1783481882114213722
3,-1,17485728000,10139293069479,1783481882116449415
2,-1,17364281000,10139293218248,1783481882116598216
1,-1,17471630000,10139293251752,1783481882116631752
0,-1,17515486999,10139322884563,1783481882146264563
3,-1,17517770666,10139325120192,1783481882148500160
2,-1,17396309999,10139325345825,1783481882148725825
0,-1,17547507999,10139354877004,1783481882178257004
3,-1,17549813332,10139357158393,1783481882180538361
2,-1,17428338999,10139357280313,1783481882180660281
1,-1,17567729000,10139375092320,1783481882198472256
2,-1,17460368000,10139383559313,1783481882206939281
0,-1,17579529000,10139386880036,1783481882210260036
3,-1,17581856000,10139389197394,1783481882212577362
1,-1,17599761999,10139407112697,1783481882230492633
2,-1,17492396999,10139415561002,1783481882238940938
0,-1,17611549999,10139418901533,1783481882242281469
3,-1,17613898666,10139421238762,1783481882244618730
1,-1,17631794999,10139439149138,1783481882262529074
2,-1,17588483999,10139439250034,1783481882262630002
0,-1,17643570999,10139450923669,1783481882274303637
3,-1,17645941332,10139453290947,1783481882276670947
1,-1,17663828000,10139471179946,1783481882294559946
2,-1,17620512999,10139479671739,1783481882303051707
0,-1,17675592000,10139482952942,1783481882306332910
3,-1,17677984000,10139485337532,1783481882308717532
1,-1,17695860999,10139503352036,1783481882326732004
2,-1,17652542000,10139512024822,1783481882335404790
0,-1,17707612999,10139514975239,1783481882338355207
3,-1,17710026666,10139517512693,1783481882340892661
1,-1,17727893999,10139535301500,1783481882358681468
2,-1,17684570999,10139543909742,1783481882367289710
0,-1,17739633999,10139546995775,1783481882370375743
3,-1,17742069332,10139549432109,1783481882372812077
1,-1,17759927000,10139567301428,1783481882390681364
0,-1,17771655000,10139579014264,1783481882402394200
3,-1,17774112000,10139581530599,1783481882404910535
2,-1,17716599999,10139581709800,1783481882405089768
1,-1,17791959999,10139599345581,1783481882422725517
0,-1,17803675999,10139611126481,1783481882434506417
3,-1,17806154666,10139613533151,1783481882436913119
2,-1,17748629000,10139613714784,1783481882437094752
1,-1,17823992999,10139631379974,1783481882454759942
2,-1,17780657999,10139639987288,1783481882463367256
0,-1,17835696999,10139643134730,1783481882466514858
3,-1,17838197332,10139645554680,1783481882468934648
1,-1,17856026000,10139663425919,1783481882486805855
0,-1,17867718000,10139675191171,1783481882498571107
3,-1,17870240000,10139677721137,1783481882501101105
2,-1,17812686999,10139678027699,1783481882501407635
1,-1,17888058999,10139695460727,1783481882518840663
0,-1,17899738999,10139707133723,1783481882530513723
3,-1,17902282666,10139709652169,1783481882533032137
2,-1,17844716000,10139709859498,1783481882533239466
1,-1,17920091999,10139727489392,1783481882550869392
0,-1,17931759999,10139739142995,1783481882562522963
3,-1,17934325332,10139741702274,1783481882565082242
1,-1,17952125000,10139759487849,1783481882582867817
0,-1,17963781000,10139771139340,1783481882594519308
3,-1,17966368000,10139773719291,1783481882597099291
2,-1,17876744999,10139773901308,1783481882597281244
2,-1,17908773999,10139773916540,1783481882597296476
1,-1,17984157999,10139791518913,1783481882614898881
0,-1,17995801999,10139803159588,1783481882626539588
3,-1,17998410666,10139805762067,1783481882629142035
2,-1,17940803000,10139805866260,1783481882629246196
1,-1,18016190999,10139823550938,1783481882646930874
0,-1,18027822999,10139835168093,1783481882658548061
3,-1,18030453332,10139837806252,1783481882661186188
2,-1,17972831999,10139837898285,1783481882661278285
1,-1,18048224000,10139855594675,1783481882678974675
0,-1,18059844000,10139867213942,1783481882690593910
3,-1,18062496000,10139869853093,1783481882693233093
2,-1,18004860999,10139869972902,1783481882693352870
1,-1,18080256999,10139887627307,1783481882711007243
0,-1,18091864999,10139899228686,1783481882722608654
3,-1,18094538666,10139901896702,1783481882725276670
2,-1,18036890000,10139902013566,1783481882725393502
1,-1,18112289999,10139919663620,1783481882743043556
0,-1,18123885999,10139931258695,1783481882754638663
3,-1,18126581332,10139933941719,1783481882757321687
2,-1,18068918999,10139934062231,1783481882757442199
1,-1,18144323000,10139951678941,1783481882775058877
0,-1,18155907000,10139963255776,1783481882786635744
3,-1,18158624000,10139965976783,1783481882789356751
2,-1,18100947999,10139966076720,1783481882789456688
1,-1,18176355999,10139983703029,1783481882807082997
0,-1,18187927999,10139995276344,1783481882818656312
3,-1,18190666666,10139998020136,1783481882821400072
2,-1,18132977000,10139998113865,1783481882821493833
1,-1,18208388999,10140015738894,1783481882839118894
0,-1,18219948999,10140027293105,1783481882850673073
3,-1,18222709332,10140030056609,1783481882853436577
2,-1,18165005999,10140030149729,1783481882853529697
1,-1,18240422000,10140047788647,1783481882871168647
0,-1,18251970000,10140059323401,1783481882882703401
3,-1,18254752000,10140062099225,1783481882885479225
2,-1,18197034999,10140062205818,1783481882885585786
1,-1,18272454999,10140079809408,1783481882903189344
0,-1,18283990999,10140091366818,1783481882914746754
3,-1,18286794666,10140094172018,1783481882917551986
2,-1,18229064000,10140094311539,1783481882917691507
1,-1,18304487999,10140111867704,1783481882935247672
3,-1,18318837332,10140126224107,1783481882949604075
2,-1,18261092999,10140134750364,1783481882958130300
1,-1,18336521000,10140143886385,1783481882967266353
3,-1,18350880000,10140158232708,1783481882981612708
1,-1,18368553999,10140175904938,1783481882999284874
0,-1,18380053999,10140187404204,1783481883010784140
3,-1,18382922666,10140190269629,1783481883013649597
2,-1,18293121999,10140190388285,1783481883013768221
2,-1,18325151000,10140190435357,1783481883013815325
1,-1,18400586999,10140207938050,1783481883031317986
0,-1,18412074999,10140219426565,1783481883042806533
3,-1,18414965332,10140222310485,1783481883045690389
2,-1,18357179999,10140222395830,1783481883045775798
1,-1,18432620000,10140239985339,1783481883063365307
0,-1,18444096000,10140251447197,1783481883074827133
3,-1,18447008000,10140254362734,1783481883077742702
2,-1,18389208999,10140254473103,1783481883077853039
1,-1,18464652999,10140272027316,1783481883095407284
0,-1,18476116999,10140283467926,1783481883106847894
3,-1,18479050666,10140286399495,1783481883109779431
2,-1,18421238000,10140286487207,1783481883109867175
1,-1,18496685999,10140304074509,1783481883127454477
0,-1,18508137999,10140315532879,1783481883138912815
3,-1,18511093332,10140318467616,1783481883141847584
2,-1,18453266999,10140318590497,1783481883141970433
1,-1,18528719000,10140336067781,1783481883159447749
0,-1,18540159000,10140347511015,1783481883170890983
3,-1,18543136000,10140350492569,1783481883173872537
2,-1,18485295999,10140350601561,1783481883173981497
1,-1,18560751999,10140368097022,1783481883191476990
0,-1,18572179999,10140379534624,1783481883202914592
3,-1,18575178666,10140382527601,1783481883205907601
2,-1,18517325000,10140382627570,1783481883206007506
1,-1,18592784999,10140400131959,1783481883223511927
0,-1,18604200999,10140411547129,1783481883234927097
3,-1,18607221332,10140414569674,1783481883237949642
2,-1,18549353999,10140414680587,1783481883238060555
1,-1,18624818000,10140432164816,1783481883255544784
0,-1,18636222000,10140443566097,1783481883266946065
3,-1,18639264000,10140446608643,1783481883269988579
2,-1,18581382999,10140446709444,1783481883270089380
1,-1,18656850999,10140464191432,1783481883287571400
0,-1,18668242999,10140475596778,1783481883298976714
1,-1,18688883999,10140496226561,1783481883319606529
0,-1,18700263999,10140507613379,1783481883330993315
2,-1,18613412000,10140516123092,1783481883339503028
1,-1,18720917000,10140528261050,1783481883351641018
0,-1,18732285000,10140539630683,1783481883363010619
3,-1,18735392000,10140542729773,1783481883366109741
2,-1,18645440999,10140542847982,1783481883366227950
1,-1,18752949999,10140560302483,1783481883383682483
0,-1,18764305999,10140571673748,1783481883395053684
3,-1,18767434666,10140574786598,1783481883398166534
0,-1,18796326999,10140603683789,1783481883427063757
3,-1,18799477332,10140606825919,1783481883430205887
2,-1,18677469999,10140607008896,1783481883430388864
1,-1,18784982999,10140607036000,1783481883430415968
2,-1,18709499000,10140615778355,1783481883439158323
1,-1,18817016000,10140624362308,1783481883447742244
0,-1,18828348000,10140635722278,1783481883459102246
3,-1,18831520000,10140638872856,1783481883462252824
2,-1,18741527999,10140655786361,1783481883479166329
2,-1,18773556999,10140655814810,1783481883479194778
1,-1,18849048999,10140656454941,1783481883479834877
0,-1,18860368999,10140667771487,1783481883491151423
3,-1,18863562666,10140670953937,1783481883494333905
1,-1,18881081999,10140688469302,1783481883511849238
0,-1,18892389999,10140699773879,1783481883523153879
3,-1,18895605332,10140702988170,1783481883526368138
0,-1,18924411000,10140731825200,1783481883555205200
3,-1,18927648000,10140735101539,1783481883558481475
2,-1,18805586000,10140735663206,1783481883559043142
0,-1,18956431999,10140763840201,1783481883587220169
3,-1,18959690666,10140767078875,1783481883590458843
2,-1,18837614999,10140767305309,1783481883590685277
1,-1,18977180999,10140784567552,1783481883607947488
2,-1,18869643999,10140793168050,1783481883616548018
0,-1,18988452999,10140795821985,1783481883619201921
3,-1,18991733332,10140799098356,1783481883622478292
1,-1,19009214000,10140816601849,1783481883639981849
2,-1,18901673000,10140825219883,1783481883648599851
0,-1,19020474000,10140827832410,1783481883651212378
3,-1,19023776000,10140831127437,1783481883654507405
1,-1,19041246999,10140848623218,1783481883672003154
2,-1,18997760000,10140857260227,1783481883680640227
2,-1,19029788999,10140857284868,1783481883680664836
0,-1,19052494999,10140859856882,1783481883683236850
3,-1,19055818666,10140863173701,1783481883686553669
1,-1,19073279999,10140880677770,1783481883704057738
0,-1,19084515999,10140891896907,1783481883715276875
3,-1,19087861332,10140895207614,1783481883718587550
1,-1,19105313000,10140912701603,1783481883736081539
2,-1,19061817999,10140921469014,1783481883744848982
0,-1,19116537000,10140923896292,1783481883747276260
3,-1,19119904000,10140927258231,1783481883750638231
1,-1,19137345999,10140944739292,1783481883768119228
2,-1,19093847000,10140953354094,1783481883776734062
0,-1,19148557999,10140955924604,1783481883779304572
3,-1,19151946666,10140959291568,1783481883782671504
1,-1,19169378999,10140976768437,1783481883800148405
2,-1,19125875999,10140985717576,1783481883809097544
0,-1,19180578999,10140987992757,1783481883811372725
3,-1,19183989332,10140991357513,1783481883814737449
1,-1,19201412000,10141008805805,1783481883832185773
2,-1,19157904999,10141017436127,1783481883840816095
0,-1,19212600000,10141019956686,1783481883843336686
3,-1,19216032000,10141023418338,1783481883846798306
1,-1,19233444999,10141040832038,1783481883864212006
2,-1,19189934000,10141049483096,1783481883872863064
0,-1,19244620999,10141051979302,1783481883875359302
3,-1,19248074666,10141055436986,1783481883878816954
2,-1,19221962999,10141064099116,1783481883887479052
1,-1,19265477999,10141072850367,1783481883896230367
0,-1,19276641999,10141084035455,1783481883907415423
3,-1,19280117332,10141087473587,1783481883910853555
1,-1,19297511000,10141104893848,1783481883928273816
2,-1,19253991999,10141113588522,1783481883936968490
0,-1,19308663000,10141116042552,1783481883939422552
3,-1,19312160000,10141119512268,1783481883942892236
1,-1,19329543999,10141136923664,1783481883960303632
2,-1,19286021000,10141145412161,1783481883968792161
0,-1,19340683999,10141148053265,1783481883971433233
3,-1,19344202666,10141151550053,1783481883974929989
1,-1,19361576999,10141168929705,1783481883992309673
2,-1,19318049999,10141177388282,1783481884000768218
0,-1,19372704999,10141180040201,1783481884003420169
3,-1,19376245332,10141183583453,1783481884006963389
1,-1,19393610000,10141200959810,1783481884024339778
0,-1,19404726000,10141212039874,1783481884035419842
3,-1,19408288000,10141215625078,1783481884039005046
2,-1,19350078999,10141215737943,1783481884039117879
1,-1,19425642999,10141233006075,1783481884056386043
0,-1,19436746999,10141244096987,1783481884067476955
3,-1,19440330666,10141247674735,1783481884071054703
2,-1,19382108000,10141247795280,1783481884071175248
1,-1,19457675999,10141265042931,1783481884088422899
2,-1,19414136999,10141265181908,1783481884088561844
0,-1,19468767999,10141276127763,1783481884099507731
3,-1,19472373332,10141279725448,1783481884103105416
1,-1,19489709000,10141297079436,1783481884120459404
0,-1,19500789000,10141308159468,1783481884131539436
3,-1,19504416000,10141311799553,1783481884135179521
2,-1,19446165999,10141312326500,1783481884135706468
1,-1,19521741999,10141329132837,1783481884152512805
0,-1,19532809999,10141340199301,1783481884163579269
3,-1,19536458666,10141343806650,1783481884167186618
2,-1,19478195000,10141343981659,1783481884167361595
1,-1,19553774999,10141361155518,1783481884184535486
0,-1,19564830999,10141372171549,1783481884195551517
3,-1,19568501332,10141375839699,1783481884199219635
1,-1,19585808000,10141393160470,1783481884216540438
2,-1,19510223999,10141401693992,1783481884225073960
0,-1,19596852000,10141404198646,1783481884227578646
3,-1,19600544000,10141407882763,1783481884231262699
2,-1,19542252999,10141416396445,1783481884239776413
1,-1,19617840999,10141425187791,1783481884248567759
0,-1,19628872999,10141436224495,1783481884259604527
3,-1,19632586666,10141439925988,1783481884263305956
2,-1,19574282000,10141440030245,1783481884263410213
1,-1,19649873999,10141457229256,1783481884280609224
0,-1,19660893999,10141468243912,1783481884291623912
3,-1,19664629332,10141471970941,1783481884295350909
2,-1,19606310999,10141472060574,1783481884295440542
1,-1,19681907000,10141489265217,1783481884312645185
0,-1,19692915000,10141500263264,1783481884323643232
3,-1,19696672000,10141504030710,1783481884327410678
2,-1,19638339999,10141504122327,1783481884327502263
1,-1,19713939999,10141521294490,1783481884344674426
3,-1,19728714666,10141536039823,1783481884359419791
2,-1,19670369000,10141544488991,1783481884367868959
1,-1,19745972999,10141553333682,1783481884376713618
3,-1,19760757332,10141568102056,1783481884391482024
2,-1,19702397999,10141576582329,1783481884399962297
1,-1,19778006000,10141585363723,1783481884408743659
0,-1,19788978000,10141596340043,1783481884419719979
3,-1,19792800000,10141600149025,1783481884423528993
2,-1,19734426999,10141600258145,1783481884423638113
1,-1,19810038999,10141617394852,1783481884440774820
0,-1,19820998999,10141628340035,1783481884451720003
3,-1,19824842666,10141632183001,1783481884455562969
2,-1,19766456000,10141632315098,1783481884455695066
1,-1,19842071999,10141649433693,1783481884472813661
0,-1,19853019999,10141660370012,1783481884483749948
3,-1,19856885332,10141664231730,1783481884487611698
2,-1,19798484999,10141664359987,1783481884487739923
1,-1,19874105000,10141681504758,1783481884504884726
0,-1,19885041000,10141692412117,1783481884515792085
3,-1,19888928000,10141696293067,1783481884519673003
2,-1,19830513999,10141696440940,1783481884519820908
1,-1,19906137999,10141713524879,1783481884536904847
0,-1,19917061999,10141724441422,1783481884547821358
3,-1,19920970666,10141728330084,1783481884551710020
2,-1,19862543000,10141728483845,1783481884551863845
1,-1,19938170999,10141745560679,1783481884568940647
0,-1,19949082999,10141756454726,1783481884579834694
3,-1,19953013332,10141760375549,1783481884583755517
2,-1,19894571999,10141760528350,1783481884583908318
1,-1,19970204000,10141777598848,1783481884600978784
0,-1,19981104000,10141788472511,1783481884611852447
3,-1,19985056000,10141792400054,1783481884615780022
2,-1,19926600999,10141792562103,1783481884615942103
1,-1,20002236999,10141809629369,1783481884633009369
0,-1,20013124999,10141820552632,1783481884643932632
3,-1,20017098666,10141824477711,1783481884647857679
2,-1,19958630000,10141824672016,1783481884648051984
1,-1,20034269999,10141841662482,1783481884665042482
0,-1,20045145999,10141852489648,1783481884675869616
3,-1,20049141332,10141856512583,1783481884679892519
2,-1,19990658999,10141856677320,1783481884680057288
1,-1,20066303000,10141873680747,1783481884697060715
0,-1,20077167000,10141884533385,1783481884707913353
1,-1,20098335999,10141905720419,1783481884729100419
0,-1,20109187999,10141916569154,1783481884739949090
2,-1,20022687999,10141925229652,1783481884748609652
1,-1,20130368999,10141937734044,1783481884761113980
0,-1,20141208999,10141948602683,1783481884771982683
3,-1,20145269332,10141952624498,1783481884776004434
2,-1,20054717000,10141952848019,1783481884776227987
1,-1,20162402000,10141969782261,1783481884793162229
0,-1,20173230000,10141980622131,1783481884804002099
3,-1,20177312000,10141984663819,1783481884808043787
2,-1,20086745999,10141984894668,1783481884808274572
1,-1,20194434999,10142001826542,1783481884825206510
0,-1,20205250999,10142012654348,1783481884836034284
3,-1,20209354666,10142016715588,1783481884840095524
2,-1,20118774999,10142016904965,1783481884840284901
1,-1,20226467999,10142033860487,1783481884857240487
0,-1,20237271999,10142044654565,1783481884868034597
3,-1,20241397332,10142048744700,1783481884872124668
2,-1,20150804000,10142048949054,1783481884872329022
2,-1,20182832999,10142065364028,1783481884888743996
1,-1,20258501000,10142066002464,1783481884889382432
0,-1,20269293000,10142076682206,1783481884900062206
3,-1,20273440000,10142080790933,1783481884904170901
1,-1,20290533999,10142097920664,1783481884921300600
0,-1,20301313999,10142108703702,1783481884932083638
3,-1,20305482666,10142112936783,1783481884936316751
2,-1,20214861999,10142113207344,1783481884936587280
0,-1,20333334999,10142140730127,1783481884964110127
3,-1,20337525332,10142144910663,1783481884968290631
2,-1,20246891000,10142145148137,1783481884968528105
0,-1,20365356000,10142172835240,1783481884996215144
3,-1,20369568000,10142176940256,1783481885000320192
2,-1,20278919999,10142177185057,1783481885000565025
1,-1,20386632999,10142194005442,1783481885017385378
0,-1,20397376999,10142204739680,1783481885028119648
3,-1,20401610666,10142208973497,1783481885032353465
1,-1,20418665999,10142226020795,1783481885049400731
2,-1,20310948999,10142234595949,1783481885057975885
0,-1,20429397999,10142236748697,1783481885060128665
3,-1,20433653332,10142241004818,1783481885064384754
2,-1,20407035999,10142249530211,1783481885072910147
1,-1,20450699000,10142258044436,1783481885081424404
2,-1,20439065000,10142266517893,1783481885089897861
0,-1,20461419000,10142268766162,1783481885092146162
3,-1,20465696000,10142273042123,1783481885096422059
1,-1,20482731999,10142290088237,1783481885113468173
0,-1,20493439999,10142300786507,1783481885124166475
3,-1,20497738666,10142305088931,1783481885128468899
1,-1,20514764999,10142322141926,1783481885145521894
2,-1,20471093999,10142330857368,1783481885154237336
0,-1,20525460999,10142332824291,1783481885156204260
3,-1,20529781332,10142337170141,1783481885160550077
2,-1,20503122999,10142345839631,1783481885169219599
1,-1,20546798000,10142354201471,1783481885177581439
0,-1,20557482000,10142364870268,1783481885188250236
3,-1,20561824000,10142369182965,1783481885192562933
1,-1,20578830999,10142386189207,1783481885209569143
2,-1,20535152000,10142394773481,1783481885218153449
0,-1,20589502999,10142396859701,1783481885220239669
3,-1,20593866666,10142401218478,1783481885224598446
2,-1,20567180999,10142409756383,1783481885233136351
1,-1,20610863999,10142418210928,1783481885241590896
0,-1,20621523999,10142428867758,1783481885252247726
3,-1,20625909332,10142433258919,1783481885256638887
1,-1,20642897000,10142450251177,1783481885273631177
2,-1,20599209999,10142458773722,1783481885282153690
0,-1,20653545000,10142460887430,1783481885284267398
3,-1,20657952000,10142465302624,1783481885288682624
2,-1,20631239000,10142473812241,1783481885297192209
1,-1,20674929999,10142482283490,1783481885305663426
0,-1,20685565999,10142492917567,1783481885316297535
3,-1,20689994666,10142497341497,1783481885320721433
1,-1,20706962999,10142514315227,1783481885337695195
2,-1,20663267999,10142522899564,1783481885346279532
0,-1,20717586999,10142524954488,1783481885348334424
3,-1,20722037332,10142529390642,1783481885352770610
1,-1,20738996000,10142546383092,1783481885369763060
2,-1,20695296999,10142555409960,1783481885378789896
0,-1,20749608000,10142556976241,1783481885380356177
3,-1,20754080000,10142561432715,1783481885384812683
1,-1,20771028999,10142578409901,1783481885401789837
2,-1,20727326000,10142586955870,1783481885410335806
0,-1,20781628999,10142588984298,1783481885412364298
3,-1,20786122666,10142593476900,1783481885416856836
1,-1,20803061999,10142610427685,1783481885433807621
2,-1,20759354999,10142618954039,1783481885442333975
0,-1,20813649999,10142620995170,1783481885444375170
3,-1,20818165332,10142625518556,1783481885448898524
1,-1,20835095000,10142642442046,1783481885465821982
2,-1,20791383999,10142650886511,1783481885474266479
0,-1,20845671000,10142653014203,1783481885476394203
3,-1,20850208000,10142657565525,1783481885480945525
1,-1,20867127999,10142674530551,1783481885497910487
2,-1,20823413000,10142674690808,1783481885498070712
0,-1,20877691999,10142685074324,1783481885508454292
3,-1,20882250666,10142689627374,1783481885513007342
1,-1,20899160999,10142706575440,1783481885529955408
2,-1,20855441999,10142715329795,1783481885538709763
0,-1,20909712999,10142717066605,1783481885540446573
3,-1,20914293332,10142721664551,1783481885545044487
1,-1,20931194000,10142738585865,1783481885561965833
2,-1,20887470999,10142747220283,1783481885570600219
0,-1,20941734000,10142749108006,1783481885572487974
3,-1,20946336000,10142753720352,1783481885577100320
1,-1,20963226999,10142770621474,1783481885594001378
2,-1,20919500000,10142779255316,1783481885602635284
0,-1,20973754999,10142781106462,1783481885604486430
3,-1,20978378666,10142785741017,1783481885609120953
1,-1,20995259999,10142802629338,1783481885626009306
2,-1,20951528999,10142811146028,1783481885634525996
0,-1,21005775999,10142813129591,1783481885636509559
3,-1,21010421332,10142817772850,1783481885641152754
1,-1,21027293000,10142834643891,1783481885658023859
2,-1,20983557999,10142843150692,1783481885666530660
0,-1,21037797000,10142845144272,1783481885668524240
3,-1,21042464000,10142849811691,1783481885673191627
1,-1,21059325999,10142866678540,1783481885690058508
2,-1,21015587000,10142875167549,1783481885698547517
0,-1,21069817999,10142877170985,1783481885700550953
3,-1,21074506666,10142881845668,1783481885705225636
1,-1,21091358999,10142898710725,1783481885722090693
0,-1,21101838999,10142909187105,1783481885732567105
3,-1,21106549332,10142913893020,1783481885737272988
2,-1,21047615999,10142913997021,1783481885737376957
1,-1,21123392000,10142930748670,1783481885754128606
3,-1,21138592000,10142945941717,1783481885769321685
2,-1,21079644999,10142954407302,1783481885777787302
1,-1,21155424999,10142962781751,1783481885786161719
3,-1,21170634666,10142977985518,1783481885801365518
2,-1,21111674000,10142986463391,1783481885809843359
1,-1,21187457999,10142994807183,1783481885818187151
0,-1,21197901999,10143005212587,1783481885828592587
3,-1,21202677332,10143010022087,1783481885833402023
2,-1,21143702999,10143010158120,1783481885833538088
1,-1,21219491000,10143026848424,1783481885850228424
0,-1,21229923000,10143037288036,1783481885860668036
3,-1,21234720000,10143042070592,1783481885865450560
1,-1,21251523999,10143058915777,1783481885882295777
2,-1,21175731999,10143067528307,1783481885890908307
0,-1,21261943999,10143069303037,1783481885892683005
3,-1,21266762666,10143074118297,1783481885897498265
2,-1,21207761000,10143082684618,1783481885906064586
2,-1,21239789999,10143082704747,1783481885906084683
1,-1,21283556999,10143090921274,1783481885914301210
0,-1,21293964999,10143101316502,1783481885924696502
3,-1,21298805332,10143106154322,1783481885929534322
1,-1,21315590000,10143122943091,1783481885946323027
0,-1,21325986000,10143133342287,1783481885956722223
3,-1,21330848000,10143138190059,1783481885961569995
1,-1,21347622999,10143154976748,1783481885978356684
0,-1,21358006999,10143165351847,1783481885988731783
3,-1,21362890666,10143170226532,1783481885993606500
2,-1,21271818999,10143170372708,1783481885993752708
2,-1,21303848000,10143170391653,1783481885993771589
1,-1,21379655999,10143187003556,1783481886010383524
0,-1,21390027999,10143197378304,1783481886020758304
3,-1,21394933332,10143202280797,1783481886025660765
2,-1,21335876999,10143202419261,1783481886025799229
1,-1,21411689000,10143219044989,1783481886042424957
0,-1,21422049000,10143229415193,1783481886052795193
3,-1,21426976000,10143234333686,1783481886057713654
2,-1,21367905999,10143234462870,1783481886057842806
1,-1,21443721999,10143251076406,1783481886074456374
0,-1,21454069999,10143261424018,1783481886084803986
3,-1,21459018666,10143266357934,1783481886089737902
2,-1,21399935000,10143266444623,1783481886089824591
1,-1,21475754999,10143283108591,1783481886106488527
0,-1,21486090999,10143293463211,1783481886116843147
1,-1,21507788000,10143315142024,1783481886138521992
0,-1,21518112000,10143325504900,1783481886148884868
2,-1,21431963999,10143334148022,1783481886157527990
1,-1,21539820999,10143347213185,1783481886170593153
0,-1,21550132999,10143357616733,1783481886180996701
3,-1,21555146666,10143362638842,1783481886186018810
2,-1,21463992999,10143363401087,1783481886186781055
1,-1,21571853999,10143379218426,1783481886202598426
0,-1,21582153999,10143389555381,1783481886212935317
3,-1,21587189332,10143394565650,1783481886217945618
2,-1,21496022000,10143394791572,1783481886218171540
1,-1,21603887000,10143411280659,1783481886234660627
0,-1,21614175000,10143421565998,1783481886244945966
3,-1,21619232000,10143426614347,1783481886249994315
2,-1,21528050999,10143426882349,1783481886250262317
1,-1,21635919999,10143443312812,1783481886266692748
0,-1,21646195999,10143453592551,1783481886276972519
3,-1,21651274666,10143458641924,1783481886282021860
2,-1,21560079999,10143458868294,1783481886282248262
2,-1,21592109000,10143475093795,1783481886298473763
1,-1,21667952999,10143475320708,1783481886298700676
0,-1,21678216999,10143485609952,1783481886308989920
3,-1,21683317332,10143490690653,1783481886314070589
1,-1,21699986000,10143507376158,1783481886330756094
0,-1,21710238000,10143517627865,1783481886341007865
3,-1,21715360000,10143522717110,1783481886346097110
2,-1,21624137999,10143523333626,1783481886346713594
0,-1,21742258999,10143549647409,1783481886373027409
3,-1,21747402666,10143554773135,1783481886378153103
2,-1,21656166999,10143555006128,1783481886378386096
0,-1,21774279999,10143581667722,1783481886405047690
3,-1,21779445332,10143586799560,1783481886410179560
2,-1,21688196000,10143586994185,1783481886410374185
1,-1,21796085000,10143603460328,1783481886426840264
2,-1,21720224999,10143611979705,1783481886435359641
0,-1,21806301000,10143613649091,1783481886437029059
3,-1,21811488000,10143618832353,1783481886442212289
1,-1,21828117999,10143635471809,1783481886458851809
2,-1,21816311999,10143643957970,1783481886467337938
0,-1,21838321999,10143645663292,1783481886469043292
3,-1,21843530666,10143650868570,1783481886474248538
1,-1,21860150999,10143667494330,1783481886490874266
2,-1,21848340999,10143675987371,1783481886499367339
0,-1,21870342999,10143677709557,1783481886501089525
3,-1,21875573332,10143682930259,1783481886506310227
1,-1,21892184000,10143699550323,1783481886522930323
0,-1,21902364000,10143709740942,1783481886533120878
3,-1,21907616000,10143714993516,1783481886538373516
2,-1,21880370000,10143715215405,1783481886538595341
1,-1,21924216999,10143731612812,1783481886554992780
0,-1,21934384999,10143741751270,1783481886565131206
3,-1,21939658666,10143747040549,1783481886570420453
2,-1,21912398999,10143747294534,1783481886570674534
1,-1,21956249999,10143763640005,1783481886587019973
0,-1,21966405999,10143773778079,1783481886597158079
3,-1,21971701332,10143779092382,1783481886602472318
2,-1,21944427999,10143779261407,1783481886602641375
1,-1,21988283000,10143795692958,1783481886619072926
0,-1,21998427000,10143805803384,1783481886629183352
3,-1,22003744000,10143811160599,1783481886634540535
2,-1,21976457000,10143811369496,1783481886634749464
1,-1,22020315999,10143827707318,1783481886651087254
0,-1,22030447999,10143837831281,1783481886661211281
3,-1,22035786666,10143843150544,1783481886666530512
2,-1,22008485999,10143843700179,1783481886667080147
1,-1,22052348999,10143859736783,1783481886683116751
0,-1,22062468999,10143869860202,1783481886693240138
3,-1,22067829332,10143875204489,1783481886698584489
2,-1,22040514999,10143884592479,1783481886707972415
2,-1,22072544000,10143884616415,1783481886707996383
1,-1,22084382000,10143891771752,1783481886715151720
0,-1,22094490000,10143901871362,1783481886725251266
3,-1,22099872000,10143907236641,1783481886730616609
1,-1,22116414999,10143923801825,1783481886747181793
0,-1,22126510999,10143933892699,1783481886757272667
3,-1,22131914666,10143939276986,1783481886762656954
1,-1,22148447999,10143955841530,1783481886779221498
2,-1,22104572999,10143964535308,1783481886787915244
0,-1,22158531999,10143965887156,1783481886789267124
3,-1,22163957332,10143971312851,1783481886794692787
2,-1,22136601999,10143979949957,1783481886803329925
1,-1,22180481000,10143987856083,1783481886811236051
0,-1,22190553000,10143997940813,1783481886821320781
3,-1,22196000000,10144003362572,1783481886826742732
1,-1,22212513999,10144019896268,1783481886843276204
2,-1,22168631000,10144028642270,1783481886852022238
0,-1,22222573999,10144029927590,1783481886853307558
3,-1,22228042666,10144035397605,1783481886858777637
2,-1,22200659999,10144044075863,1783481886867455799
1,-1,22244546999,10144051909700,1783481886875289700
0,-1,22254594999,10144061984831,1783481886885364799
3,-1,22260085332,10144067432926,1783481886890812862
1,-1,22276580000,10144083972157,1783481886907352157
2,-1,22232688999,10144092722832,1783481886916102768
2,-1,22264718000,10144092748048,1783481886916128016
0,-1,22286616000,10144093975575,1783481886917355543
3,-1,22292128000,10144099504695,1783481886922884663
1,-1,22308612999,10144116020246,1783481886939400214
0,-1,22318636999,10144126020048,1783481886949400016
3,-1,22324170666,10144131532432,1783481886954912400
1,-1,22340645999,10144148051599,1783481886971431535
2,-1,22296746999,10144156716449,1783481886980096353
0,-1,22350657999,10144158014473,1783481886981394537
3,-1,22356213332,10144163577001,1783481886986956969
1,-1,22372679000,10144180068616,1783481887003448552
2,-1,22328775999,10144188724186,1783481887012104154
0,-1,22382679000,10144190035426,1783481887013415394
3,-1,22388256000,10144195609090,1783481887018989154
1,-1,22404711999,10144212054177,1783481887035434113
2,-1,22360805000,10144220578514,1783481887043958482
0,-1,22414699999,10144222045402,1783481887045425370
3,-1,22420298666,10144227650683,1783481887051030619
1,-1,22436744999,10144244105722,1783481887067485690
2,-1,22392833999,10144252595915,1783481887075975851
0,-1,22446720999,10144254070867,1783481887077450835
3,-1,22452341332,10144259712148,1783481887083092084
1,-1,22468778000,10144276155091,1783481887099535059
2,-1,22424862999,10144284710372,1783481887108090308
0,-1,22478742000,10144286099884,1783481887109479852
3,-1,22484384000,10144291756237,1783481887115136237
2,-1,22456892000,10144300353439,1783481887123733375
1,-1,22500810999,10144308179340,1783481887131559276
0,-1,22510762999,10144318126405,1783481887141506373
3,-1,22516426666,10144323796646,1783481887147176614
1,-1,22532843999,10144340212933,1783481887163592933
2,-1,22488920999,10144349134360,1783481887172514296
3,-1,22548469332,10144355856063,1783481887179236031
1,-1,22564877000,10144372266558,1783481887195646494
2,-1,22520949999,10144381432723,1783481887204812691
3,-1,22580512000,10144387889208,1783481887211269144
1,-1,22596909999,10144404264726,1783481887227644662
2,-1,22552979000,10144412825224,1783481887236205192
0,-1,22606825999,10144414197008,1783481887237576944
3,-1,22612554666,10144419897969,1783481887243277905
1,-1,22628942999,10144436282031,1783481887259661999
2,-1,22585007999,10144444742720,1783481887268122688
0,-1,22638846999,10144446198057,1783481887269578057
3,-1,22644597332,10144451938730,1783481887275318666
1,-1,22660976000,10144468317352,1783481887291697320
2,-1,22617036999,10144476760249,1783481887300140217
0,-1,22670868000,10144478217025,1783481887301597025
3,-1,22676640000,10144483990883,1783481887307370851
1,-1,22693008999,10144500358017,1783481887323737953
2,-1,22649066000,10144508816690,1783481887332196658
0,-1,22702888999,10144510240730,1783481887333620698
3,-1,22708682666,10144516048668,1783481887339428668
1,-1,22725041999,10144532383610,1783481887355763578
0,-1,22734909999,10144542286227,1783481887365666195
3,-1,22740725332,10144548065653,1783481887371445653
2,-1,22681094999,10144548200885,1783481887371580821
1,-1,22757075000,10144564436371,1783481887387816339
0,-1,22766931000,10144574312492,1783481887397692460
3,-1,22772768000,10144580108078,1783481887403488110
2,-1,22713123999,10144580547024,1783481887403927024
1,-1,22789107999,10144596456716,1783481887419836652
0,-1,22798951999,10144606307173,1783481887429687109
3,-1,22804810666,10144612154663,1783481887435534631
2,-1,22745153000,10144612262631,1783481887435642599
1,-1,22821140999,10144628484773,1783481887451864741
0,-1,22830972999,10144638323358,1783481887461703294
3,-1,22836853332,10144644195296,1783481887467575264
2,-1,22777181999,10144644301632,1783481887467681600
1,-1,22853174000,10144660511198,1783481887483891134
0,-1,22862994000,10144670340119,1783481887493720119
3,-1,22868896000,10144676234425,1783481887499614393
2,-1,22809210999,10144676543098,1783481887499923066
1,-1,22885206999,10144692541495,1783481887515921431
0,-1,22895014999,10144702385328,1783481887525765296
2,-1,22841240000,10144710993953,1783481887534373889
2,-1,22873268999,10144711015617,1783481887534395553
1,-1,22917239999,10144724626352,1783481887548006320
0,-1,22927035999,10144734411240,1783481887557791208
1,-1,22949273000,10144756655209,1783481887580035177
0,-1,22959057000,10144766437025,1783481887589816993
3,-1,22965024000,10144772394148,1783481887595774116
1,-1,22981305999,10144788662658,1783481887612042626
0,-1,22991077999,10144798448186,1783481887621828122
3,-1,22997066666,10144804420221,1783481887627800189
2,-1,22905297999,10144804576989,1783481887627956957
2,-1,22937327000,10144813328976,1783481887636708912
1,-1,23013338999,10144820692571,1783481887644072539
0,-1,23023098999,10144830452339,1783481887653832275
3,-1,23029109332,10144836464982,1783481887659844950
1,-1,23045372000,10144852723379,1783481887676103315
0,-1,23055120000,10144862473484,1783481887685853452
3,-1,23061152000,10144868492910,1783481887691872846
2,-1,22969355999,10144868652335,1783481887692032303
2,-1,23001384999,10144877135168,1783481887700515104
1,-1,23077404999,10144884750540,1783481887708130508
0,-1,23087140999,10144894493317,1783481887717873285
3,-1,23093194666,10144900531175,1783481887723911143
1,-1,23109437999,10144916781189,1783481887740161125
2,-1,23033414000,10144919538709,1783481887742918645
2,-1,23065442999,10144919553589,1783481887742933525
0,-1,23119161999,10144926513821,1783481887749893789
3,-1,23125237332,10144932588353,1783481887755968321
0,-1,23151183000,10144958579159,1783481887781959127
3,-1,23157280000,10144964624505,1783481887788004505
0,-1,23183203999,10144990590671,1783481887813970639
3,-1,23189322666,10144996664850,1783481887820044882
2,-1,23097471999,10144996844787,1783481887820224755
1,-1,23205536999,10145012899536,1783481887836279472
2,-1,23129501000,10145021372321,1783481887844752257
0,-1,23215224999,10145022586984,1783481887845966952
3,-1,23221365332,10145028715435,1783481887852095371
1,-1,23237570000,10145044913641,1783481887868293577
2,-1,23225588000,10145053390746,1783481887876770714
0,-1,23247246000,10145054593025,1783481887877973025
3,-1,23253408000,10145060759332,1783481887884139268
1,-1,23269602999,10145076948482,1783481887900328450
2,-1,23257616999,10145085396115,1783481887908776083
0,-1,23279266999,10145086614106,1783481887909994074
3,-1,23285450666,10145092803101,1783481887916183069
1,-1,23301635999,10145108977659,1783481887932357627
2,-1,23289645999,10145117412556,1783481887940792556
0,-1,23311287999,10145118630195,1783481887942010131
3,-1,23317493332,10145124845270,1783481887948225238
2,-1,23321675000,10145129013135,1783481887952393263
1,-1,23333669000,10145141006580,1783481887964386548
0,-1,23343309000,10145150672876,1783481887974052812
3,-1,23349536000,10145156872783,1783481887980252719
1,-1,23365701999,10145173044973,1783481887996424941
2,-1,23353703999,10145181612894,1783481888004992862
0,-1,23375329999,10145182677284,1783481888006057220
3,-1,23381578666,10145188918824,1783481888012298792
1,-1,23397734999,10145205095398,1783481888028475366
2,-1,23385732999,10145213599479,1783481888036979447
0,-1,23407350999,10145214698109,1783481888038078077
3,-1,23413621332,10145220963841,1783481888044343809
1,-1,23429768000,10145237139391,1783481888060519359
2,-1,23417762000,10145245668176,1783481888069048144
0,-1,23439372000,10145246720598,1783481888070100566
3,-1,23445664000,10145253028635,1783481888076408635
1,-1,23461800999,10145269175832,1783481888092555768
2,-1,23449790999,10145277696361,1783481888101076329
0,-1,23471392999,10145278745199,1783481888102125167
3,-1,23477706666,10145285078036,1783481888108458004
1,-1,23493833999,10145301200369,1783481888124580337
2,-1,23481819999,10145309710370,1783481888133090338
0,-1,23503413999,10145310774920,1783481888134154856
3,-1,23509749332,10145317117197,1783481888140497133
2,-1,23513849000,10145325678942,1783481888149058910
1,-1,23525867000,10145333240842,1783481888156620778
0,-1,23535435000,10145342809025,1783481888166189025
3,-1,23541792000,10145349176198,1783481888172556198
1,-1,23557899999,10145365289571,1783481888188669539
0,-1,23567455999,10145374829786,1783481888198209722
3,-1,23573834666,10145381201215,1783481888204581215
2,-1,23545877999,10145381374944,1783481888204754912
1,-1,23589932999,10145397290876,1783481888220670844
0,-1,23599476999,10145406844147,1783481888230224083
3,-1,23605877332,10145413245528,1783481888236625496
2,-1,23577906999,10145413416217,1783481888236796153
1,-1,23621966000,10145429308917,1783481888252688885
0,-1,23631498000,10145438852108,1783481888262232076
3,-1,23637920000,10145445268497,1783481888268648465
2,-1,23609936000,10145445373681,1783481888268753649
1,-1,23653998999,10145461345582,1783481888284725550
0,-1,23663518999,10145470873093,1783481888294253061
3,-1,23669962666,10145477310474,1783481888300690442
2,-1,23641964999,10145477420458,1783481888300800426
1,-1,23686031999,10145493372006,1783481888316751974
0,-1,23695539999,10145502896317,1783481888326276317
3,-1,23702005332,10145509350979,1783481888332730947
2,-1,23673993999,10145509449379,1783481888332829379
1,-1,23718065000,10145525402655,1783481888348782591
2,-1,23706023000,10145533845744,1783481888357225680
0,-1,23727561000,10145534911126,1783481888358291062
3,-1,23734048000,10145541390620,1783481888364770588
1,-1,23750097999,10145557442136,1783481888380822072
0,-1,23759581999,10145566932975,1783481888390312943
3,-1,23766090666,10145573450453,1783481888396830421
1,-1,23782130999,10145589469553,1783481888412849553
2,-1,23738051999,10145597981795,1783481888421361795
0,-1,23791602999,10145598961512,1783481888422341480
3,-1,23798133332,10145605484238,1783481888428864238
2,-1,23770080999,10145613987487,1783481888437367455
1,-1,23814164000,10145621514410,1783481888444894314
0,-1,23823624000,10145630976129,1783481888454356097
3,-1,23830176000,10145637526247,1783481888460906215
1,-1,23846196999,10145653536803,1783481888476916771
2,-1,23802110000,10145662033940,1783481888485413908
0,-1,23855644999,10145662986042,1783481888486365978
3,-1,23862218666,10145669571040,1783481888492951008
2,-1,23834138999,10145678117777,1783481888501497777
1,-1,23878229999,10145685570172,1783481888508950140
0,-1,23887665999,10145695022259,1783481888518402259
3,-1,23894261332,10145701614841,1783481888524994777
1,-1,23910263000,10145717613557,1783481888540993493
2,-1,23866167999,10145726566025,1783481888549945993
0,-1,23919687000,10145727044972,1783481888550424940
3,-1,23926304000,10145733670642,1783481888557050610
2,-1,23898197000,10145742352644,1783481888565732612
1,-1,23942295999,10145749674799,1783481888573054767
3,-1,23958346666,10145765741771,1783481888589121739
1,-1,23974328999,10145781703463,1783481888605083463
2,-1,23930225999,10145790362937,1783481888613742905
3,-1,23990389332,10145797779748,1783481888621159684
1,-1,24006362000,10145813757793,1783481888637137729
2,-1,23962254999,10145822456275,1783481888645836211
0,-1,24015750000,10145823106103,1783481888646486071
3,-1,24022432000,10145829805949,1783481888653185917
1,-1,24038394999,10145845778009,1783481888669157945
2,-1,23994284000,10145854389547,1783481888677769483
0,-1,24047770999,10145855124175,1783481888678504143
3,-1,24054474666,10145861831958,1783481888685211926
1,-1,24070427999,10145877813906,1783481888701193906
2,-1,24026312999,10145886427012,1783481888709807012
0,-1,24079791999,10145887162664,1783481888710542632
3,-1,24086517332,10145893892911,1783481888717272911
1,-1,24102461000,10145909915148,1783481888733295084
2,-1,24058341999,10145918485853,1783481888741865821
0,-1,24111813000,10145919165953,1783481888742545889
3,-1,24118560000,10145925949064,1783481888749329032
1,-1,24134493999,10145941885988,1783481888765265956
2,-1,24090371000,10145950514294,1783481888773894230
2,-1,24122399999,10145950538966,1783481888773918934
0,-1,24143833999,10145951185658,1783481888774565594
3,-1,24150602666,10145957988961,1783481888781368897
1,-1,24166526999,10145973915965,1783481888797295933
0,-1,24175854999,10145983271219,1783481888806651187
3,-1,24182645332,10145990022586,1783481888813402586
1,-1,24198560000,10146005947990,1783481888829327958
2,-1,24154428999,10146014603080,1783481888837983048
0,-1,24207876000,10146015230156,1783481888838610092
3,-1,24214688000,10146022070803,1783481888845450803
1,-1,24230592999,10146037974415,1783481888861354383
2,-1,24186458000,10146046617377,1783481888869997313
0,-1,24239896999,10146047256741,1783481888870636709
3,-1,24246730666,10146054103340,1783481888877483340
1,-1,24262625999,10146069960904,1783481888893340840
2,-1,24218486999,10146078602682,1783481888901982682
0,-1,24271917999,10146079280510,1783481888902660478
3,-1,24278773332,10146086147685,1783481888909527653
1,-1,24294659000,10146102034689,1783481888925414657
2,-1,24250515999,10146110619635,1783481888933999603
0,-1,24303939000,10146111300695,1783481888934680663
1,-1,24326691999,10146134162875,1783481888957542843
2,-1,24282545000,10146142873933,1783481888966253901
0,-1,24335959999,10146143315056,1783481888966694992
2,-1,24314573999,10146159171019,1783481888982550987
1,-1,24358724999,10146166087443,1783481888989467411
0,-1,24367980999,10146175349641,1783481888998729577
3,-1,24374901332,10146182283601,1783481889005663569
1,-1,24390758000,10146198107916,1783481889021487884
0,-1,24400002000,10146207348129,1783481889030728129
3,-1,24406944000,10146214303530,1783481889037683530
2,-1,24346602999,10146214460362,1783481889037840330
1,-1,24422790999,10146230143237,1783481889053523205
0,-1,24432022999,10146239364218,1783481889062744154
3,-1,24438986666,10146246352451,1783481889069732419
2,-1,24378632000,10146246507844,1783481889069887812
1,-1,24454823999,10146262172702,1783481889085552670
0,-1,24464043999,10146271393523,1783481889094773491
3,-1,24471029332,10146278396156,1783481889101776124
2,-1,24410660999,10146278558493,1783481889101938461
1,-1,24486857000,10146294210167,1783481889117590167
0,-1,24496065000,10146303413196,1783481889126793196
3,-1,24503072000,10146310431925,1783481889133811893
2,-1,24442689999,10146310563030,1783481889133942998
1,-1,24518889999,10146326224304,1783481889149604272
0,-1,24528085999,10146335422213,1783481889158802181
3,-1,24535114666,10146342472942,1783481889165852910
0,-1,24560106999,10146367453214,1783481889190833150
2,-1,24474719000,10146367629663,1783481889191009599
2,-1,24506747999,10146367639935,1783481889191019903
3,-1,24567157332,10146374549191,1783481889197929159
0,-1,24592128000,10146399520151,1783481889222900119
3,-1,24599200000,10146406569952,1783481889229949888
1,-1,24614988999,10146422345627,1783481889245725595
2,-1,24538776999,10146430899693,1783481889254279693
0,-1,24624148999,10146431488528,1783481889254868496
3,-1,24631242666,10146438597081,1783481889261977049
2,-1,24634863999,10146447109322,1783481889270489290
1,-1,24647021999,10146454371156,1783481889277751092
0,-1,24656169999,10146463508681,1783481889286888649
3,-1,24663285332,10146470645042,1783481889294025042
1,-1,24679055000,10146486390285,1783481889309770221
2,-1,24666893000,10146494925406,1783481889318305566
0,-1,24688191000,10146495532706,1783481889318912642
3,-1,24695328000,10146502688523,1783481889326068491
2,-1,24698921999,10146511323197,1783481889334703133
1,-1,24711087999,10146518463590,1783481889341843558
0,-1,24720211999,10146527587099,1783481889350967003
3,-1,24727370666,10146534755973,1783481889358135973
1,-1,24743120999,10146550502623,1783481889373882591
2,-1,24730950999,10146559161297,1783481889382541233
0,-1,24752232999,10146559616596,1783481889382996564
3,-1,24759413332,10146566789598,1783481889390169534
2,-1,24762980000,10146575390191,1783481889398770159
1,-1,24775154000,10146582507640,1783481889405887608
0,-1,24784254000,10146591611501,1783481889414991533
3,-1,24791456000,10146598832343,1783481889422212311
1,-1,24807186999,10146614532241,1783481889437912177
2,-1,24795008999,10146623038434,1783481889446418402
0,-1,24816274999,10146623634822,1783481889447014790
3,-1,24823498666,10146630866608,1783481889454246576
1,-1,24839219999,10146646561290,1783481889469941258
2,-1,24827037999,10146654974715,1783481889478354683
0,-1,24848295999,10146655645247,1783481889479025215
3,-1,24855541332,10146662891465,1783481889486271433
1,-1,24871253000,10146678622723,1783481889502002691
2,-1,24859067000,10146687107764,1783481889510487732
0,-1,24880317000,10146687669560,1783481889511049496
3,-1,24887584000,10146694940258,1783481889518320258
1,-1,24903285999,10146710634812,1783481889534014780
2,-1,24891095999,10146719076525,1783481889542456493
0,-1,24912337999,10146719688625,1783481889543068593
3,-1,24919626666,10146726994811,1783481889550374779
1,-1,24935318999,10146742700918,1783481889566080886
2,-1,24923124999,10146751343912,1783481889574723880
0,-1,24944358999,10146751784874,1783481889575164842
3,-1,24951669332,10146759065460,1783481889582445396
1,-1,24967352000,10146774801807,1783481889598181743
2,-1,24955154000,10146783518561,1783481889606898529
0,-1,24976380000,10146783744387,1783481889607124355
3,-1,24983712000,10146791109581,1783481889614489517
2,-1,24987182999,10146794549761,1783481889617929729
1,-1,24999384999,10146806769000,1783481889630148968
0,-1,25008400999,10146815779996,1783481889639159964
3,-1,25015754666,10146823151238,1783481889646531174
1,-1,25031417999,10146838783681,1783481889662163649
2,-1,25019211999,10146847391186,1783481889670771186
0,-1,25040421999,10146847786261,1783481889671166261
3,-1,25047797332,10146855154047,1783481889678534015
1,-1,25063451000,10146870802522,1783481889694182490
2,-1,25051241000,10146879282026,1783481889702661994
0,-1,25072443000,10146879784621,1783481889703164621
3,-1,25079840000,10146887189464,1783481889710569400
1,-1,25095483999,10146902831635,1783481889726211603
2,-1,25083269999,10146911283171,1783481889734663139
0,-1,25104463999,10146911806406,1783481889735186342
3,-1,25111882666,10146919216913,1783481889742596881
1,-1,25127516999,10146934862956,1783481889758242892
2,-1,25115298999,10146943365661,1783481889766745597
0,-1,25136484999,10146943837151,1783481889767217087
3,-1,25143925332,10146951269354,1783481889774649322
1,-1,25159550000,10146966919301,1783481889790299237
0,-1,25168506000,10146975930713,1783481889799310713
3,-1,25175968000,10146983316515,1783481889806696483
2,-1,25147328000,10146983488516,1783481889806868484
2,-1,25179356999,10146992143350,1783481889815523318
1,-1,25191582999,10146998944222,1783481889822324190
0,-1,25200526999,10147007892369,1783481889831272369
3,-1,25208010666,10147015387229,1783481889838767229
1,-1,25223615999,10147030955063,1783481889854335063
0,-1,25232547999,10147039900650,1783481889863280586
3,-1,25240053332,10147047396662,1783481889870776726
2,-1,25211385999,10147047490518,1783481889870870486
1,-1,25255649000,10147062991344,1783481889886371312
0,-1,25264569000,10147071918531,1783481889895298531
3,-1,25272096000,10147079446287,1783481889902826287
2,-1,25243415000,10147079539407,1783481889902919343
1,-1,25287681999,10147095026953,1783481889918406921
0,-1,25296589999,10147103952348,1783481889927332348
3,-1,25304138666,10147111490632,1783481889934870632
2,-1,25275443999,10147111592040,1783481889934972008
1,-1,25319714999,10147127061250,1783481889950441218
0,-1,25328610999,10147135970837,1783481889959350805
3,-1,25336181332,10147143536993,1783481889966916961
2,-1,25307472999,10147143653569,1783481889967033537
1,-1,25351748000,10147159098075,1783481889982478043
3,-1,25368224000,10147175604346,1783481889998984314
2,-1,25339502000,10147184182444,1783481890007562380
1,-1,25383780999,10147191156212,1783481890014536180
2,-1,25371530999,10147200611019,1783481890023990987
3,-1,25400266666,10147207629299,1783481890031009267
1,-1,25415813999,10147223165645,1783481890046545581
0,-1,25424673999,10147232059232,1783481890055439200
3,-1,25432309332,10147239651500,1783481890063031436
1,-1,25447847000,10147255199142,1783481890078579110
2,-1,25403559999,10147263758423,1783481890087138391
0,-1,25456695000,10147264054393,1783481890087434393
3,-1,25464352000,10147271696997,1783481890095076933
2,-1,25435589000,10147280251543,1783481890103631479
1,-1,25479879999,10147287232575,1783481890110612543
0,-1,25488715999,10147296049586,1783481890119429554
3,-1,25496394666,10147303742654,1783481890127122654
1,-1,25511912999,10147319254520,1783481890142634488
2,-1,25467617999,10147327731369,1783481890151111337
0,-1,25520736999,10147328050443,1783481890151430411
3,-1,25528437332,10147335785239,1783481890159165207
2,-1,25499646999,10147344272456,1783481890167652456
1,-1,25543946000,10147351288273,1783481890174668241
0,-1,25552758000,10147360123044,1783481890183503012
3,-1,25560480000,10147367851889,1783481890191231825
1,-1,25575978999,10147383353002,1783481890206732970
2,-1,25531676000,10147392037052,1783481890215416988
0,-1,25584778999,10147392156221,1783481890215536189
3,-1,25592522666,10147399920522,1783481890223300490
2,-1,25563704999,10147409153791,1783481890232533759
1,-1,25608011999,10147415361699,1783481890238741667
0,-1,25616799999,10147424161494,1783481890247541494
3,-1,25624565332,10147431917955,1783481890255297923
1,-1,25640045000,10147447391900,1783481890270771868
2,-1,25595733999,10147455923342,1783481890279303278
0,-1,25648821000,10147456179951,1783481890279559919
3,-1,25656608000,10147463955452,1783481890287335420
1,-1,25672077999,10147479467286,1783481890302847222
2,-1,25627763000,10147488075047,1783481890311454983
0,-1,25680841999,10147488210888,1783481890311590888
3,-1,25688650666,10147495993109,1783481890319373045
1,-1,25704110999,10147511461806,1783481890334841774
2,-1,25659791999,10147519937791,1783481890343317727
0,-1,25712862999,10147520228673,1783481890343608609
1,-1,25736144000,10147543491335,1783481890366871303
2,-1,25691820999,10147552081017,1783481890375460985
0,-1,25744884000,10147552230618,1783481890375610554
1,-1,25768176999,10147575524737,1783481890398904705
2,-1,25723850000,10147584081874,1783481890407461842
0,-1,25776904999,10147584250259,1783481890407630195
3,-1,25784778666,10147592119968,1783481890415499904
1,-1,25800209999,10147607562906,1783481890430942874
2,-1,25755878999,10147616068427,1783481890439448331
2,-1,25787907999,10147616086859,1783481890439466795
0,-1,25808925999,10147616271244,1783481890439651180
3,-1,25816821332,10147624158425,1783481890447538393
1,-1,25832243000,10147639589843,1783481890462969811
0,-1,25840947000,10147648293573,1783481890471673541
3,-1,25848864000,10147656209299,1783481890479589299
1,-1,25864275999,10147671618924,1783481890494998892
2,-1,25819937000,10147680152253,1783481890503532189
0,-1,25872967999,10147680306334,1783481890503686302
3,-1,25880906666,10147688259852,1783481890511639820
1,-1,25896308999,10147703665797,1783481890527045765
2,-1,25851965999,10147712159766,1783481890535539702
0,-1,25904988999,10147712334583,1783481890535714519
3,-1,25912949332,10147720300773,1783481890543680773
1,-1,25928342000,10147735689214,1783481890559069214
2,-1,25883994999,10147744167791,1783481890567547759
0,-1,25937010000,10147744351984,1783481890567731952
3,-1,25944992000,10147752371838,1783481890575751806
0,-1,25969030999,10147776425577,1783481890599805545
3,-1,25977034666,10147784411575,1783481890607791543
2,-1,25916024000,10147784627289,1783481890608007225
0,-1,26001051999,10147808446082,1783481890631826018
3,-1,26009077332,10147816451760,1783481890639831760
2,-1,25948052999,10147816694066,1783481890640074034
1,-1,26024441000,10147831830729,1783481890655210665
0,-1,26033073000,10147840444027,1783481890663823995
3,-1,26041120000,10147848483722,1783481890671863690
2,-1,26044139999,10147851510235,1783481890674890203
1,-1,26056473999,10147863844386,1783481890687224386
0,-1,26065093999,10147872458100,1783481890695838068
3,-1,26073162666,10147880506595,1783481890703886531
2,-1,26076168999,10147883514356,1783481890706894324
1,-1,26088506999,10147895855643,1783481890719235579
0,-1,26097114999,10147904469005,1783481890727848941
3,-1,26105205332,10147912549564,1783481890735929532
2,-1,26108198000,10147915539853,1783481890738919821
1,-1,26120540000,10147927879316,1783481890751259284
0,-1,26129136000,10147936479174,1783481890759859110
3,-1,26137248000,10147944590901,1783481890767970901
2,-1,26140226999,10147947575238,1783481890770955142
1,-1,26152572999,10147959925549,1783481890783305549
0,-1,26161156999,10147968515295,1783481890791895295
3,-1,26169290666,10147976635790,1783481890800015758
2,-1,26172255999,10147979598111,1783481890802978047
1,-1,26184605999,10147991952294,1783481890815332230
0,-1,26193177999,10148000525048,1783481890823905048
3,-1,26201333332,10148008689607,1783481890832069575
1,-1,26216639000,10148023991615,1783481890847371583
2,-1,26204285000,10148024135904,1783481890847515840
0,-1,26225199000,10148032546929,1783481890855926897
3,-1,26233376000,10148040717376,1783481890864097344
2,-1,26236313999,10148043669201,1783481890867049137
1,-1,26248671999,10148056027609,1783481890879407545
0,-1,26257219999,10148064573258,1783481890887953226
3,-1,26265418666,10148072759641,1783481890896139577
1,-1,26280704999,10148088045426,1783481890911425362
2,-1,26268342999,10148096581795,1783481890919961763
0,-1,26289240999,10148096586371,1783481890919966307
3,-1,26297461332,10148104804402,1783481890928184370
2,-1,26300372000,10148113353668,1783481890936733636
1,-1,26312738000,10148120085771,1783481890943465771
0,-1,26321262000,10148128606652,1783481890951986620
3,-1,26329504000,10148136839019,1783481890960218987
1,-1,26344770999,10148152114500,1783481890975494468
2,-1,26332400999,10148160630773,1783481890984010709
0,-1,26353282999,10148160647637,1783481890984027605
3,-1,26361546666,10148168932517,1783481890992312485
2,-1,26364429999,10148177630359,1783481891001010295
1,-1,26376803999,10148184175805,1783481891007555773
0,-1,26385303999,10148192683182,1783481891016063118
3,-1,26393589332,10148200946398,1783481891024326334
1,-1,26408837000,10148216190678,1783481891039570678
0,-1,26417325000,10148224682503,1783481891048062471
2,-1,26396459000,10148224810280,1783481891048190280
3,-1,26425632000,10148233009591,1783481891056389559
2,-1,26428487999,10148235849544,1783481891059229544
1,-1,26440869999,10148248214575,1783481891071594543
0,-1,26449345999,10148256705184,1783481891080085120
3,-1,26457674666,10148265028336,1783481891088408304
1,-1,26472902999,10148280254344,1783481891103634344
0,-1,26481366999,10148288720473,1783481891112100441
2,-1,26460516999,10148288805562,1783481891112185498
3,-1,26489717332,10148297068713,1783481891120448649
1,-1,26504936000,10148312278625,1783481891135658593
0,-1,26513388000,10148320737586,1783481891144117554
2,-1,26492546000,10148320833299,1783481891144213267
3,-1,26521760000,10148329114243,1783481891152494211
1,-1,26536968999,10148344306362,1783481891167686330
0,-1,26545408999,10148352760235,1783481891176140235
2,-1,26524574999,10148352764811,1783481891176144779
3,-1,26553802666,10148361138524,1783481891184518460
1,-1,26569001999,10148376396372,1783481891199776340
0,-1,26577429999,10148384813380,1783481891208193348
2,-1,26556603999,10148385016294,1783481891208396262
3,-1,26585845332,10148393221909,1783481891216601877
1,-1,26601035000,10148408381581,1783481891231761517
0,-1,26609451000,10148416819197,1783481891240199165
2,-1,26588633000,10148416970814,1783481891240350782
3,-1,26617888000,10148425240302,1783481891248620238
2,-1,26620661999,10148428013566,1783481891251393502
1,-1,26633067999,10148440406918,1783481891263786886
0,-1,26641471999,10148448829782,1783481891272209750
3,-1,26649930666,10148457278183,1783481891280658183
1,-1,26665100999,10148472438975,1783481891295818943
0,-1,26673492999,10148480844335,1783481891304224303
2,-1,26652690999,10148480925200,1783481891304305168
3,-1,26681973332,10148489316480,1783481891312696448
1,-1,26697134000,10148504475160,1783481891327855128
0,-1,26705514000,10148512863528,1783481891336243496
2,-1,26684720000,10148512945385,1783481891336325321
3,-1,26714016000,10148521370394,1783481891344750330
1,-1,26729166999,10148536503217,1783481891359883153
0,-1,26737534999,10148544888161,1783481891368268193
2,-1,26716748999,10148544976226,1783481891368356194
3,-1,26746058666,10148553418739,1783481891376798675
1,-1,26761199999,10148568578890,1783481891391958890
2,-1,26748777999,10148577132828,1783481891400512764
3,-1,26778101332,10148585489836,1783481891408869772
1,-1,26793233000,10148600586915,1783481891423966851
3,-1,26810144000,10148617505573,1783481891440885541
2,-1,26780807000,10148626010166,1783481891449390134
2,-1,26812835999,10148626024662,1783481891449404598
1,-1,26825265999,10148632606460,1783481891455986428
0,-1,26833597999,10148640958989,1783481891464338989
3,-1,26842186666,10148649561182,1783481891472941150
1,-1,26857298999,10148664652054,1783481891488032022
0,-1,26865618999,10148672985350,1783481891496365286
3,-1,26874229332,10148681582583,1783481891504962551
2,-1,26844864999,10148690201897,1783481891513581865
1,-1,26889332000,10148696690159,1783481891520070159
0,-1,26897640000,10148705016319,1783481891528396287
3,-1,26906272000,10148713628977,1783481891537008945
2,-1,26876894000,10148713655985,1783481891537035921
1,-1,26921364999,10148728725736,1783481891552105704
0,-1,26929660999,10148737017752,1783481891560397752
3,-1,26938314666,10148745661546,1783481891569041514
2,-1,26908922999,10148754185691,1783481891577565659
1,-1,26953397999,10148760738817,1783481891584118913
0,-1,26961681999,10148769040593,1783481891592420561
2,-1,26940951999,10148777598914,1783481891600978882
3,-1,26970357332,10148777700707,1783481891601080707
1,-1,26985431000,10148792832282,1783481891616212218
0,-1,26993703000,10148801083114,1783481891624463082
3,-1,27002400000,10148809800412,1783481891633180380
2,-1,26972981000,10148818451598,1783481891641831534
1,-1,27017463999,10148824865011,1783481891648244979
0,-1,27025723999,10148833100675,1783481891656480675
2,-1,27005009999,10148833276804,1783481891656656772
3,-1,27034442666,10148841841557,1783481891665221461
1,-1,27049496999,10148856888524,1783481891680268492
0,-1,27057744999,10148865129916,1783481891688509884
3,-1,27066485332,10148873923247,1783481891697303183
2,-1,27037038999,10148882596513,1783481891705976449
1,-1,27081530000,10148888916326,1783481891712296262
0,-1,27089766000,10148897151701,1783481891720531669
3,-1,27098528000,10148905899432,1783481891729279560
2,-1,27069068000,10148914430809,1783481891737810777
1,-1,27113562999,10148920952671,1783481891744332639
0,-1,27121786999,10148929171342,1783481891752551342
1,-1,27145595999,10148952979000,1783481891776358936
0,-1,27153807999,10148961195591,1783481891784575559
2,-1,27101096999,10148961399976,1783481891784779944
1,-1,27177629000,10148985015889,1783481891808395889
0,-1,27185829000,10148993209888,1783481891816589856
2,-1,27133125999,10148993430113,1783481891816810081
3,-1,27194656000,10149002023731,1783481891825403699
2,-1,27165155000,10149010623557,1783481891834003525
1,-1,27209661999,10149017038506,1783481891840418474
0,-1,27217849999,10149025235513,1783481891848615481
2,-1,27197183999,10149033880363,1783481891857260331
3,-1,27226698666,10149034054508,1783481891857434476
1,-1,27241694999,10149049082947,1783481891872462883
0,-1,27249870999,10149057259090,1783481891880639090
3,-1,27258741332,10149066111461,1783481891889491461
1,-1,27273728000,10149081107548,1783481891904487548
0,-1,27281892000,10149089269707,1783481891912649675
2,-1,27229212999,10149089471692,1783481891912851628
3,-1,27290784000,10149098159423,1783481891921539455
1,-1,27305760999,10149113149205,1783481891936529173
0,-1,27313912999,10149121285316,1783481891944665252
2,-1,27261242000,10149121474565,1783481891944854533
3,-1,27322826666,10149130206520,1783481891953586488
1,-1,27337793999,10149145199823,1783481891968579791
0,-1,27345933999,10149153313501,1783481891976693469
2,-1,27293270999,10149153484158,1783481891976864126
3,-1,27354869332,10149162250641,1783481891985630641
0,-1,27377955000,10149185349559,1783481892008729527
2,-1,27325299999,10149194005705,1783481892017385609
3,-1,27386912000,10149194350411,1783481892017730347
0,-1,27409975999,10149217452592,1783481892040832560
2,-1,27357329000,10149226357412,1783481892049737348
3,-1,27418954666,10149226553797,1783481892049933797
1,-1,27433892999,10149241280602,1783481892064660570
0,-1,27441996999,10149249465865,1783481892072845833
3,-1,27450997332,10149258363389,1783481892081743357
2,-1,27453416000,10149260788619,1783481892084168619
1,-1,27465926000,10149273301107,1783481892096681107
0,-1,27474018000,10149281380482,1783481892104760450
3,-1,27483040000,10149290389526,1783481892113769494
2,-1,27485444999,10149292794980,1783481892116174948
1,-1,27497958999,10149305306508,1783481892128686540
0,-1,27506038999,10149313397627,1783481892136777595
3,-1,27515082666,10149322439951,1783481892145819951
2,-1,27517473999,10149324812445,1783481892148192413
1,-1,27529991999,10149337337957,1783481892160717925
0,-1,27538059999,10149345412948,1783481892168792884
3,-1,27547125332,10149354472968,1783481892177852936
2,-1,27549503000,10149356840374,1783481892180220374
1,-1,27562025000,10149369373950,1783481892192753918
0,-1,27570081000,10149377469005,1783481892200848941
3,-1,27579168000,10149386547778,1783481892209927746
2,-1,27581531999,10149388974800,1783481892212354736
1,-1,27594057999,10149401505240,1783481892224885176
0,-1,27602101999,10149409489478,1783481892232869446
3,-1,27611210666,10149418585883,1783481892241965851
2,-1,27613560999,10149420991177,1783481892244371113
1,-1,27626090999,10149433436049,1783481892256816049
0,-1,27634122999,10149441482175,1783481892264862143
3,-1,27643253332,10149450610228,1783481892273990164
2,-1,27645590000,10149452939489,1783481892276319457
1,-1,27658124000,10149465465770,1783481892288845738
0,-1,27666144000,10149473493752,1783481892296873720
3,-1,27675296000,10149482648205,1783481892306028173
2,-1,27677618999,10149491194750,1783481892314574654
1,-1,27690156999,10149497503075,1783481892320883075
0,-1,27698164999,10149505518993,1783481892328898961
3,-1,27707338666,10149514679526,1783481892338059462
2,-1,27709647999,10149516991316,1783481892340371284
1,-1,27722189999,10149529525532,1783481892352905500
0,-1,27730185999,10149537538730,1783481892360918730
3,-1,27739381332,10149546723167,1783481892370103103
2,-1,27741677000,10149555250001,1783481892378629969
1,-1,27754223000,10149561561077,1783481892384941045
0,-1,27762207000,10149569591556,1783481892392971524
3,-1,27771424000,10149578778777,1783481892402158777
2,-1,27773705999,10149581055846,1783481892404435846
1,-1,27786255999,10149593643055,1783481892417023055
0,-1,27794227999,10149601617501,1783481892424997437
3,-1,27803466666,10149610828210,1783481892434208146
2,-1,27805734999,10149619455332,1783481892442835300
1,-1,27818288999,10149625655208,1783481892449035208
0,-1,27826248999,10149633618870,1783481892456998806
3,-1,27835509332,10149642854763,1783481892466234731
2,-1,27837764000,10149645126360,1783481892468506296
1,-1,27850322000,10149657670817,1783481892481050753
0,-1,27858270000,10149665626447,1783481892489006447
3,-1,27867552000,10149674903204,1783481892498283140
2,-1,27869792999,10149683405077,1783481892506785013
1,-1,27882354999,10149689701658,1783481892513081562
0,-1,27890290999,10149697642344,1783481892521022312
3,-1,27899594666,10149706937149,1783481892530317117
2,-1,27901821999,10149715393518,1783481892538773486
1,-1,27914387999,10149721735219,1783481892545115187
0,-1,27922311999,10149729662817,1783481892553042753
3,-1,27931637332,10149738982583,1783481892562362551
2,-1,27933851000,10149747432744,1783481892570812680
1,-1,27946421000,10149753766476,1783481892577146412
0,-1,27954333000,10149761679098,1783481892585059066
3,-1,27963680000,10149771042000,1783481892594421936
2,-1,27965879999,10149779925507,1783481892603305475
1,-1,27978453999,10149785827269,1783481892609207205
0,-1,27986353999,10149793745555,1783481892617125523
3,-1,27995722666,10149803096073,1783481892626476073
2,-1,27997908999,10149811717947,1783481892635097883
1,-1,28010486999,10149817863551,1783481892641243519
0,-1,28018374999,10149825770028,1783481892649149996
3,-1,28027765332,10149835113954,1783481892658493954
2,-1,28029938000,10149843700308,1783481892667080244
1,-1,28042520000,10149849872920,1783481892673253080
0,-1,28050396000,10149857756005,1783481892681135973
3,-1,28059808000,10149867150619,1783481892690530587
2,-1,28061966999,10149869308872,1783481892692688840
1,-1,28074552999,10149881899729,1783481892705279665
0,-1,28082416999,10149889772638,1783481892713152606
3,-1,28091850666,10149899197557,1783481892722577557
1,-1,28106585999,10149913926282,1783481892737306282
0,-1,28114437999,10149921790647,1783481892745170583
2,-1,28093995999,10149921890584,1783481892745270520
3,-1,28123893332,10149931240142,1783481892754620110
1,-1,28138619000,10149945958275,1783481892769338243
0,-1,28146459000,10149953805136,1783481892777185072
2,-1,28126025000,10149953909681,1783481892777289649
3,-1,28155936000,10149963289671,1783481892786669607
1,-1,28170651999,10149978000572,1783481892801380540
2,-1,28158053999,10149986476333,1783481892809856301
3,-1,28187978666,10149995336224,1783481892818716224
1,-1,28202684999,10150010028661,1783481892833408565
2,-1,28190082999,10150018477478,1783481892841857446
3,-1,28220021332,10150027379738,1783481892850759738
1,-1,28234718000,10150042056366,1783481892865436302
0,-1,28242522000,10150049884060,1783481892873263996
2,-1,28222112000,10150050029565,1783481892873409533
3,-1,28252064000,10150059422099,1783481892882802067
2,-1,28254140999,10150061478143,1783481892884858175
1,-1,28266750999,10150074107592,1783481892897487528
0,-1,28274542999,10150081921461,1783481892905301429
3,-1,28284106666,10150091461260,1783481892914841228
1,-1,28298783999,10150106141185,1783481892929521153
0,-1,28306563999,10150113931246,1783481892937311246
2,-1,28286169999,10150114148943,1783481892937528911
3,-1,28316149332,10150123503877,1783481892946883845
1,-1,28330817000,10150138171546,1783481892961551482
0,-1,28338585000,10150145947783,1783481892969327751
2,-1,28318199000,10150146070216,1783481892969450120
3,-1,28348192000,10150155545246,1783481892978925246
1,-1,28362849999,10150170194131,1783481892993574067
0,-1,28370605999,10150177962528,1783481893001342464
2,-1,28350227999,10150178072193,1783481893001452161
3,-1,28380234666,10150187575224,1783481893010955192
1,-1,28394882999,10150202234732,1783481893025614732
0,-1,28402626999,10150209977241,1783481893033357209
2,-1,28382256999,10150210092666,1783481893033472666
3,-1,28412277332,10150219632817,1783481893043012817
1,-1,28426916000,10150234273382,1783481893057653318
0,-1,28434648000,10150241996882,1783481893065376850
3,-1,28444320000,10150251672266,1783481893075052266
2,-1,28414286000,10150251793547,1783481893075173515
2,-1,28446314999,10150253658166,1783481893077038262
1,-1,28458948999,10150266285279,1783481893089665247
0,-1,28466668999,10150274014091,1783481893097394059
3,-1,28476362666,10150283714723,1783481893107094691
1,-1,28490981999,10150298326552,1783481893121706488
0,-1,28498689999,10150306037765,1783481893129417733
3,-1,28508405332,10150315753405,1783481893139133373
2,-1,28478343999,10150324258414,1783481893147638414
1,-1,28523015000,10150330355633,1783481893153735601
0,-1,28530711000,10150338060350,1783481893161440318
2,-1,28510373000,10150346577135,1783481893169957103
1,-1,28555047999,10150362393226,1783481893185773194
0,-1,28562731999,10150370093847,1783481893193473783
1,-1,28587080999,10150394422948,1783481893217802916
0,-1,28594752999,10150402118128,1783481893225498096
2,-1,28542401999,10150402248497,1783481893225628465
2,-1,28574430999,10150410806626,1783481893234186594
3,-1,28604533332,10150411900585,1783481893235280521
1,-1,28619114000,10150426494909,1783481893249874877
0,-1,28626774000,10150434158153,1783481893257538121
3,-1,28636576000,10150443943618,1783481893267323586
2,-1,28606460000,10150452950390,1783481893276330326
2,-1,28638488999,10150452974038,1783481893276353974
1,-1,28651146999,10150458498038,1783481893281878038
0,-1,28658794999,10150466151202,1783481893289531170
3,-1,28668618666,10150475968571,1783481893299348507
1,-1,28683179999,10150490524367,1783481893313904335
0,-1,28690815999,10150498166107,1783481893321546075
3,-1,28700661332,10150508016660,1783481893331396628
2,-1,28670517999,10150516539110,1783481893339919078
1,-1,28715213000,10150522562440,1783481893345942408
0,-1,28722837000,10150530196949,1783481893353576917
3,-1,28732704000,10150540040045,1783481893363420045
2,-1,28702547000,10150548539199,1783481893371919199
1,-1,28747245999,10150554596290,1783481893377976290
0,-1,28754857999,10150562217486,1783481893385597454
3,-1,28764746666,10150572100391,1783481893395480391
2,-1,28734575999,10150580559896,1783481893403939864
0,-1,28786878999,10150594261223,1783481893417641223
3,-1,28796789332,10150604158464,1783481893427538432
2,-1,28766604999,10150612679825,1783481893436059793
0,-1,28818900000,10150626285600,1783481893449665568
3,-1,28828832000,10150636197785,1783481893459577785
1,-1,28843344999,10150650705965,1783481893474085901
0,-1,28850920999,10150658280441,1783481893481660409
3,-1,28860874666,10150668230995,1783481893491610931
2,-1,28862691999,10150670043901,1783481893493423869
1,-1,28875377999,10150682738566,1783481893506118534
0,-1,28882941999,10150690291954,1783481893513671922
3,-1,28892917332,10150700258220,1783481893523638156
2,-1,28894721000,10150702076566,1783481893525456534
1,-1,28907411000,10150714780128,1783481893538160064
0,-1,28914963000,10150722312651,1783481893545692619
3,-1,28924960000,10150732307013,1783481893555686949
2,-1,28926749999,10150734088687,1783481893557468655
1,-1,28939443999,10150746786073,1783481893570166041
0,-1,28946983999,10150754331460,1783481893577711428
3,-1,28957002666,10150764342430,1783481893587722398
2,-1,28958778999,10150766115081,1783481893589495049
1,-1,28971476999,10150778820306,1783481893602200274
0,-1,28979004999,10150786377086,1783481893609757086
3,-1,28989045332,10150796425752,1783481893619805720
2,-1,28990808000,10150798173186,1783481893621553154
1,-1,29003510000,10150810897195,1783481893634277131
0,-1,29011026000,10150818412567,1783481893641792567
3,-1,29021088000,10150828477233,1783481893651857169
2,-1,29022836999,10150830202427,1783481893653582363
1,-1,29035542999,10150842933509,1783481893666313477
0,-1,29043046999,10150850448400,1783481893673828368
3,-1,29053130666,10150860493674,1783481893683873610
2,-1,29054865999,10150862223220,1783481893685603188
1,-1,29067575999,10150874971934,1783481893698351870
0,-1,29075067999,10150882442089,1783481893705822089
3,-1,29085173332,10150892569156,1783481893715949156
2,-1,29086895000,10150894266541,1783481893717646541
1,-1,29099609000,10150906989399,1783481893730369367
0,-1,29107089000,10150914459586,1783481893737839554
3,-1,29117216000,10150924592189,1783481893747972189
2,-1,29118923999,10150926289831,1783481893749669799
1,-1,29131641999,10150939015376,1783481893762395344
0,-1,29139109999,10150946482651,1783481893769862619
3,-1,29149258666,10150956638550,1783481893780018518
2,-1,29150952999,10150958328512,1783481893781708480
1,-1,29163674999,10150971037193,1783481893794417193
0,-1,29171130999,10150978521717,1783481893801901653
3,-1,29181301332,10150988686575,1783481893812066543
2,-1,29182982000,10150990356281,1783481893813736217
1,-1,29195708000,10151003090595,1783481893826470595
0,-1,29203152000,10151010538990,1783481893833918926
3,-1,29213344000,10151020722793,1783481893844102761
2,-1,29215010999,10151022384210,1783481893845764146
1,-1,29227740999,10151035197788,1783481893858577724
0,-1,29235172999,10151042558791,1783481893865938727
3,-1,29245386666,10151052881954,1783481893876261922
2,-1,29247039999,10151061637397,1783481893885017365
1,-1,29259773999,10151067163125,1783481893890543093
0,-1,29267193999,10151074604128,1783481893897984096
3,-1,29277429332,10151084865595,1783481893908245563
2,-1,29279069000,10151086436324,1783481893909816260
1,-1,29291807000,10151099183214,1783481893922563182
0,-1,29299215000,10151106598617,1783481893929978585
3,-1,29309472000,10151116871636,1783481893940251604
2,-1,29311097999,10151125619271,1783481893948999239
1,-1,29323839999,10151131236360,1783481893954616296
0,-1,29331235999,10151138618866,1783481893961998802
3,-1,29341514666,10151148882126,1783481893972262062
2,-1,29343126999,10151150491511,1783481893973871511
1,-1,29355872999,10151163268673,1783481893986648641
0,-1,29363256999,10151170646923,1783481893994026923
3,-1,29373557332,10151180940391,1783481894004320359
2,-1,29375156000,10151189637561,1783481894013017529
1,-1,29387906000,10151195299258,1783481894018679226
0,-1,29395278000,10151202659140,1783481894026039108
3,-1,29405600000,10151213038657,1783481894036418561
2,-1,29407184999,10151214559177,1783481894037939145
1,-1,29419938999,10151227347603,1783481894050727539
0,-1,29427298999,10151234686686,1783481894058066718
3,-1,29437642666,10151245019097,1783481894068399065
2,-1,29439213999,10151253667499,1783481894077047467
1,-1,29451971999,10151259345228,1783481894082725196
0,-1,29459319999,10151266697239,1783481894090077207
3,-1,29469685332,10151277068819,1783481894100448787
2,-1,29471243000,10151278613436,1783481894101993404
1,-1,29484005000,10151291376838,1783481894114756774
0,-1,29491341000,10151298699312,1783481894122079248
3,-1,29501728000,10151309072876,1783481894132452844
2,-1,29503271999,10151317627645,1783481894141007613
1,-1,29516037999,10151323378751,1783481894146758687
0,-1,29523361999,10151330719977,1783481894154099977
3,-1,29533770666,10151341112709,1783481894164492677
2,-1,29535300999,10151349589814,1783481894172969750
1,-1,29548070999,10151355412312,1783481894178792248
0,-1,29555382999,10151362739618,1783481894186119586
3,-1,29565813332,10151373153118,1783481894196533054
2,-1,29567330000,10151381650192,1783481894205030160
1,-1,29580104000,10151387445489,1783481894210825457
3,-1,29597856000,10151405242712,1783481894228622648
2,-1,29599358999,10151413895946,1783481894237275946
1,-1,29612136999,10151419505739,1783481894242885707
3,-1,29629898666,10151437295473,1783481894260675473
2,-1,29631387999,10151445905635,1783481894269285603
1,-1,29644169999,10151451527396,1783481894274907332
0,-1,29651445999,10151458800142,1783481894282180110
3,-1,29661941332,10151469286698,1783481894292666634
2,-1,29663417000,10151470759795,1783481894294139763
1,-1,29676203000,10151483570109,1783481894306950077
0,-1,29683467000,10151490825191,1783481894314205159
3,-1,29693984000,10151501337572,1783481894324717540
2,-1,29695445999,10151509882549,1783481894333262485
1,-1,29708235999,10151515602038,1783481894338982006
0,-1,29715487999,10151522837856,1783481894346217824
3,-1,29726026666,10151533372509,1783481894356752445
1,-1,29740268999,10151547607023,1783481894370986991
0,-1,29747508999,10151554858265,1783481894378238201
2,-1,29727474999,10151554962682,1783481894378342618
3,-1,29758069332,10151565414742,1783481894388794710
1,-1,29772302000,10151579636937,1783481894403016905
0,-1,29779530000,10151586887602,1783481894410267602
2,-1,29759504000,10151586988147,1783481894410368083
3,-1,29790112000,10151597458640,1783481894420838608
1,-1,29804334999,10151611673602,1783481894435053538
0,-1,29811550999,10151618910636,1783481894442290636
2,-1,29791532999,10151619046380,1783481894442426348
3,-1,29822154666,10151629505513,1783481894452885481
1,-1,29836367999,10151643704187,1783481894467084123
0,-1,29843571999,10151650944165,1783481894474324133
2,-1,29823561999,10151651075078,1783481894474455046
3,-1,29854197332,10151661533314,1783481894484913282
2,-1,29855591000,10151670016627,1783481894493396627
1,-1,29868401000,10151675741300,1783481894499121268
0,-1,29875593000,10151682931838,1783481894506311806
3,-1,29886240000,10151693584188,1783481894516964156
1,-1,29900433999,10151707784558,1783481894531164558
0,-1,29907613999,10151714960727,1783481894538340695
2,-1,29887619999,10151715075256,1783481894538455224
3,-1,29918282666,10151725627093,1783481894549007061
1,-1,29932466999,10151739805703,1783481894563185671
0,-1,29939634999,10151746982672,1783481894570362672
2,-1,29919648999,10151747086673,1783481894570466609
1,-1,29964500000,10151771836896,1783481894595216864
0,-1,29971656000,10151779008010,1783481894602387978
2,-1,29951678000,10151779114506,1783481894602494442
1,-1,29996532999,10151803923770,1783481894627303770
0,-1,30003676999,10151811054563,1783481894634434531
2,-1,29983706999,10151811244932,1783481894634624900
3,-1,30014410666,10151821810689,1783481894645190625
1,-1,30028565999,10151835949459,1783481894659329427
0,-1,30035697999,10151843092668,1783481894666472636
2,-1,30015735999,10151843319965,1783481894666699901
3,-1,30046453332,10151853827546,1783481894677207514
1,-1,30060599000,10151867964524,1783481894691344492
0,-1,30067719000,10151875116981,1783481894698496917
2,-1,30047765000,10151875322071,1783481894698702039
3,-1,30078496000,10151885869940,1783481894709249908
1,-1,30092631999,10151900026245,1783481894723406181
0,-1,30099739999,10151907114894,1783481894730494862
3,-1,30110538666,10151917910445,1783481894741290381
2,-1,30079793999,10151926490622,1783481894749870558
1,-1,30124664999,10151932017566,1783481894755397502
0,-1,30131760999,10151939115175,1783481894762495143
2,-1,30111822999,10151947650713,1783481894771030681
3,-1,30142581332,10151949926502,1783481894773306438
1,-1,30156698000,10151964030520,1783481894787410520
0,-1,30163782000,10151971125889,1783481894794505857
3,-1,30174624000,10151981975039,1783481894805355039
2,-1,30143852000,10151990534961,1783481894813914961
0,-1,30195802999,10152003163994,1783481894826543994
2,-1,30175880999,10152011736779,1783481894835116747
3,-1,30206666666,10152014025945,1783481894837405913
0,-1,30227823999,10152035216051,1783481894858595987
3,-1,30238709332,10152046056306,1783481894869436274
1,-1,30252797000,10152060154019,1783481894883533955
0,-1,30259845000,10152067200076,1783481894890580012
3,-1,30270752000,10152078102091,1783481894901482059
2,-1,30271967999,10152079320466,1783481894902700466
1,-1,30284829999,10152092167069,1783481894915547037
0,-1,30291865999,10152099212133,1783481894922592101
3,-1,30302794666,10152110146468,1783481894933526469
2,-1,30303996999,10152111342795,1783481894934722763
1,-1,30316862999,10152124198806,1783481894947578742
0,-1,30323886999,10152131256191,1783481894954636127
3,-1,30334837332,10152142205246,1783481894965585246
2,-1,30336026000,10152143339620,1783481894966719556
1,-1,30348896000,10152156276015,1783481894979656015
0,-1,30355908000,10152163266264,1783481894986646232
3,-1,30366880000,10152174232503,1783481894997612471
2,-1,30368054999,10152175406238,1783481894998786206
1,-1,30380928999,10152188291912,1783481895011671880
0,-1,30387928999,10152195298641,1783481895018678577
3,-1,30398922666,10152206294289,1783481895029674289
2,-1,30400083999,10152207436759,1783481895030816727
1,-1,30412961999,10152220328514,1783481895043708482
0,-1,30419949999,10152227354474,1783481895050734442
3,-1,30430965332,10152238323594,1783481895061703594
2,-1,30432113000,10152239462736,1783481895062842672
1,-1,30444995000,10152252356155,1783481895075736123
0,-1,30451971000,10152259320163,1783481895082700099
3,-1,30463008000,10152270362691,1783481895093742627
2,-1,30464141999,10152271488906,1783481895094868874
1,-1,30477027999,10152284369684,1783481895107749876
0,-1,30483991999,10152291339068,1783481895114719036
3,-1,30495050666,10152302398524,1783481895125778492
2,-1,30496170999,10152303508227,1783481895126888195
1,-1,30509060999,10152316406445,1783481895139786413
0,-1,30516012999,10152323365078,1783481895146745046
3,-1,30527093332,10152334443350,1783481895157823382
2,-1,30528200000,10152335540092,1783481895158920028
1,-1,30541094000,10152348451207,1783481895171831175
0,-1,30548034000,10152355389199,1783481895178769135
3,-1,30559136000,10152366486287,1783481895189866255
2,-1,30560228999,10152367586518,1783481895190966486
1,-1,30573126999,10152380485216,1783481895203865184
0,-1,30580054999,10152387404168,1783481895210784136
3,-1,30591178666,10152398549257,1783481895221929193
2,-1,30592257999,10152399615535,1783481895222995503
1,-1,30605159999,10152412503769,1783481895235883705
0,-1,30612075999,10152419449250,1783481895242829186
3,-1,30623221332,10152430609762,1783481895253989730
2,-1,30624287000,10152431656776,1783481895255036712
1,-1,30637193000,10152444575507,1783481895267955475
0,-1,30644097000,10152451455291,1783481895274835259
3,-1,30655264000,10152462608379,1783481895285988379
2,-1,30656315999,10152463672897,1783481895287052865
1,-1,30669225999,10152476595276,1783481895299975244
0,-1,30676117999,10152483479412,1783481895306859380
3,-1,30687306666,10152494667093,1783481895318047061
2,-1,30688344999,10152495708315,1783481895319088283
1,-1,30701258999,10152508629285,1783481895332009285
0,-1,30708138999,10152515503501,1783481895338883469
3,-1,30719349332,10152526697902,1783481895350077870
2,-1,30720374000,10152527727060,1783481895351107028
1,-1,30733292000,10152540639679,1783481895364019647
0,-1,30740160000,10152547504582,1783481895370884518
3,-1,30751392000,10152558737351,1783481895382117319
2,-1,30752402999,10152559749901,1783481895383129869
1,-1,30765324999,10152572691992,1783481895396071992
0,-1,30772180999,10152579534880,1783481895402914848
3,-1,30783434666,10152590781825,1783481895414161761
2,-1,30784431999,10152591773990,1783481895415153958
1,-1,30797357999,10152604702289,1783481895428082289
0,-1,30804201999,10152611554425,1783481895434934361
3,-1,30815477332,10152622842234,1783481895446222202
2,-1,30816461000,10152623823648,1783481895447203648
1,-1,30829391000,10152636736746,1783481895460116682
0,-1,30836223000,10152643574450,1783481895466954450
3,-1,30847520000,10152654877171,1783481895478257139
2,-1,30848489999,10152655827225,1783481895479207161
1,-1,30861423999,10152668758660,1783481895492138596
0,-1,30868243999,10152675593579,1783481895498973579
3,-1,30879562666,10152686914797,1783481895510294797
2,-1,30880518999,10152687857394,1783481895511237330
1,-1,30893456999,10152700800893,1783481895524180893
0,-1,30900264999,10152707619172,1783481895530999140
3,-1,30911605332,10152718960806,1783481895542340806
2,-1,30912548000,10152719883275,1783481895543263243
1,-1,30925490000,10152732825590,1783481895556205526
0,-1,30932286000,10152739636158,1783481895563016126
3,-1,30943648000,10152750999423,1783481895574379391
2,-1,30944576999,10152759538769,1783481895582918705
1,-1,30957522999,10152764859472,1783481895588239440
0,-1,30964306999,10152771659831,1783481895595039799
3,-1,30975690666,10152783034041,1783481895606413977
2,-1,30976605999,10152783944766,1783481895607324734
1,-1,30989555999,10152796892393,1783481895620272393
3,-1,31007733332,10152815125906,1783481895638505906
2,-1,31008635000,10152823734244,1783481895647114244
1,-1,31021589000,10152828969986,1783481895652349954
3,-1,31039776000,10152847174956,1783481895670554956
2,-1,31040663999,10152855933598,1783481895679313534
1,-1,31053621999,10152861014204,1783481895684394140
0,-1,31060369999,10152867771875,1783481895691151843
3,-1,31071818666,10152879202661,1783481895702582629
2,-1,31072692999,10152880054570,1783481895703434538
1,-1,31085654999,10152893046581,1783481895716426517
0,-1,31092390999,10152899783324,1783481895723163292
3,-1,31103861332,10152911259198,1783481895734639166
2,-1,31104722000,10152912061763,1783481895735441763
1,-1,31117688000,10152925077166,1783481895748457102
0,-1,31124412000,10152931794165,1783481895755174133
3,-1,31135904000,10152943299448,1783481895766679384
2,-1,31136750999,10152952020586,1783481895775400522
1,-1,31149720999,10152957169256,1783481895780549224
0,-1,31156432999,10152963822350,1783481895787202286
3,-1,31167946666,10152975308177,1783481895798688113
2,-1,31168779999,10152983826178,1783481895807206146
1,-1,31181753999,10152989132353,1783481895812512289
0,-1,31188453999,10152995813831,1783481895819193799
3,-1,31199989332,10153007369482,1783481895830749450
2,-1,31200809000,10153015958076,1783481895839338044
1,-1,31213787000,10153021147578,1783481895844527546
0,-1,31220475000,10153027856577,1783481895851236545
3,-1,31232032000,10153039405252,1783481895862785220
2,-1,31232837999,10153048013077,1783481895871393269
1,-1,31245819999,10153053171187,1783481895876551155
0,-1,31252495999,10153059862746,1783481895883242714
3,-1,31264074666,10153071420125,1783481895894800093
2,-1,31264866999,10153079902830,1783481895903282830
1,-1,31277852999,10153085192236,1783481895908572172
0,-1,31284516999,10153091868243,1783481895915248243
3,-1,31296117332,10153103458038,1783481895926838262
2,-1,31296896000,10153104236923,1783481895927616891
1,-1,31309886000,10153117222694,1783481895940602662
0,-1,31316538000,10153123885900,1783481895947265868
3,-1,31328160000,10153135508560,1783481895958888560
2,-1,31328924999,10153144075361,1783481895967455329
1,-1,31341918999,10153149262399,1783481895972642367
0,-1,31348558999,10153155923206,1783481895979303142
1,-1,31373951999,10153181320633,1783481896004700569
0,-1,31380579999,10153187935519,1783481896011315487
2,-1,31360953999,10153188076256,1783481896011456224
1,-1,31405985000,10153213333170,1783481896036713106
0,-1,31412601000,10153219966648,1783481896043346616
2,-1,31392983000,10153220127769,1783481896043507737
3,-1,31424288000,10153231672924,1783481896055052924
1,-1,31438017999,10153245402379,1783481896068782315
0,-1,31444621999,10153251998289,1783481896075378257
2,-1,31425011999,10153252192563,1783481896075572531
3,-1,31456330666,10153263694933,1783481896087074869
1,-1,31470050999,10153277416069,1783481896100796037
0,-1,31476642999,10153283994635,1783481896107374603
2,-1,31457040999,10153284130923,1783481896107510923
3,-1,31488373332,10153295734702,1783481896119114670
2,-1,31489070000,10153304281568,1783481896127661536
1,-1,31502084000,10153309530398,1783481896132910334
0,-1,31508664000,10153316035748,1783481896139415684
3,-1,31520416000,10153327781800,1783481896151161768
1,-1,31534116999,10153341492407,1783481896164872375
0,-1,31540684999,10153348053277,1783481896171433245
2,-1,31521098999,10153348204958,1783481896171584926
3,-1,31552458666,10153359821857,1783481896183201793
1,-1,31566149999,10153373528689,1783481896196908657
0,-1,31572705999,10153380051830,1783481896203431798
2,-1,31553127999,10153380205335,1783481896203585335
3,-1,31584501332,10153391859195,1783481896215239163
0,-1,31604727000,10153412069552,1783481896235449520
2,-1,31585157000,10153420730242,1783481896244110210
3,-1,31616544000,10153423915188,1783481896247295156
0,-1,31636747999,10153444137161,1783481896267517129
3,-1,31648586666,10153455961294,1783481896279341294
1,-1,31662248999,10153469620029,1783481896292999997
0,-1,31668768999,10153476125570,1783481896299505538
3,-1,31680629332,10153488018471,1783481896311398439
2,-1,31681244000,10153488620426,1783481896312000394
1,-1,31694282000,10153501661366,1783481896325041334
0,-1,31700790000,10153508151643,1783481896331531611
3,-1,31712672000,10153520042496,1783481896343422432
2,-1,31713272999,10153520624356,1783481896344004324
1,-1,31726314999,10153533687151,1783481896357067119
0,-1,31732810999,10153540168693,1783481896363548661
3,-1,31744714666,10153552043257,1783481896375423193
2,-1,31745301999,10153552653853,1783481896376033789
1,-1,31758347999,10153565692392,1783481896389072328
0,-1,31764831999,10153572187438,1783481896395567374
3,-1,31776757332,10153584110387,1783481896407490387
2,-1,31777331000,10153584672566,1783481896408052534
1,-1,31790381000,10153597720226,1783481896421100194
0,-1,31796853000,10153604207175,1783481896427587143
3,-1,31808800000,10153616149132,1783481896439529068
2,-1,31809359999,10153616719664,1783481896440099696
1,-1,31822413999,10153629771611,1783481896453151579
0,-1,31828873999,10153636230401,1783481896459610369
3,-1,31840842666,10153648182150,1783481896471562150
2,-1,31841388999,10153648744809,1783481896472124841
1,-1,31854446999,10153661822901,1783481896485202901
0,-1,31860894999,10153668252154,1783481896491632122
3,-1,31872885332,10153680236927,1783481896503616895
2,-1,31873418000,10153680781154,1783481896504161154
1,-1,31886480000,10153693863086,1783481896517243086
0,-1,31892916000,10153700275379,1783481896523655315
3,-1,31904928000,10153712282617,1783481896535662585
2,-1,31905446999,10153712801820,1783481896536181820
1,-1,31918512999,10153725892007,1783481896549271975
0,-1,31924936999,10153732272268,1783481896555652236
3,-1,31936970666,10153744325650,1783481896567705618
2,-1,31937475999,10153744841045,1783481896568221045
1,-1,31950545999,10153757919969,1783481896581299937
0,-1,31956957999,10153764304806,1783481896587684774
3,-1,31969013332,10153776363499,1783481896599743467
2,-1,31969505000,10153776855278,1783481896600235278
1,-1,31982579000,10153789945850,1783481896613325786
0,-1,31988979000,10153796330047,1783481896619710015
3,-1,32001056000,10153808416933,1783481896631796933
2,-1,32001533999,10153808882471,1783481896632262407
1,-1,32014611999,10153821983283,1783481896645363251
0,-1,32020999999,10153828379704,1783481896651759736
3,-1,32033098666,10153840463198,1783481896663843134
2,-1,32033562999,10153840927265,1783481896664307233
1,-1,32046644999,10153854018509,1783481896677398445
0,-1,32053020999,10153860393841,1783481896683773809
3,-1,32065141332,10153872527288,1783481896695907256
2,-1,32065592000,10153872966170,1783481896696346138
1,-1,32078678000,10153886065030,1783481896709445030
0,-1,32085042000,10153892424523,1783481896715804491
3,-1,32097184000,10153904651730,1783481896728031666
2,-1,32097620999,10153904988596,1783481896728368564
1,-1,32110710999,10153918120351,1783481896741500351
0,-1,32117062999,10153924519973,1783481896747899909
3,-1,32129226666,10153936601194,1783481896759981194
2,-1,32129649999,10153937021773,1783481896760401741
1,-1,32142743999,10153950140825,1783481896773520793
0,-1,32149083999,10153956463773,1783481896779843741
3,-1,32161269332,10153968662468,1783481896792042404
2,-1,32161679000,10153969056614,1783481896792436582
1,-1,32174777000,10153982153298,1783481896805533266
0,-1,32181105000,10153988479671,1783481896811859671
3,-1,32193312000,10154000686717,1783481896824066685
2,-1,32193707999,10154001077471,1783481896824457471
1,-1,32206809999,10154014165899,1783481896837545867
0,-1,32213125999,10154020496048,1783481896843875984
3,-1,32225354666,10154032736727,1783481896856116663
2,-1,32225736999,10154033098265,1783481896856478265
1,-1,32238842999,10154046233861,1783481896869613797
0,-1,32245146999,10154052515465,1783481896875895401
3,-1,32257397332,10154064759216,1783481896888139120
2,-1,32257766000,10154065111506,1783481896888491474
1,-1,32270876000,10154078244926,1783481896901624926
0,-1,32277168000,10154084517602,1783481896907897570
3,-1,32289440000,10154096804329,1783481896920184265
2,-1,32289794999,10154097161419,1783481896920541387
1,-1,32302908999,10154110275767,1783481896933655703
0,-1,32309188999,10154116545436,1783481896939925372
3,-1,32321482666,10154128855331,1783481896952235267
2,-1,32321823999,10154129177957,1783481896952557925
1,-1,32334941999,10154142286288,1783481896965666256
0,-1,32341209999,10154148559957,1783481896971939925
3,-1,32353525332,10154160872796,1783481896984252764
2,-1,32353853000,10154161198558,1783481896984578526
1,-1,32366975000,10154174316938,1783481896997696842
0,-1,32373231000,10154180577038,1783481897003957038
3,-1,32385568000,10154192916149,1783481897016296117
2,-1,32385881999,10154193219575,1783481897016599511
1,-1,32399007999,10154206350883,1783481897029730851
3,-1,32417610666,10154224974895,1783481897048354863
2,-1,32417910999,10154225257649,1783481897048637617
1,-1,32431040999,10154238435133,1783481897061815101
3,-1,32449653332,10154257029544,1783481897080409480
2,-1,32449940000,10154257322858,1783481897080702826
1,-1,32463074000,10154270455286,1783481897093835222
0,-1,32469294000,10154276657754,1783481897100037754
3,-1,32481696000,10154289064322,1783481897112444258
2,-1,32481968999,10154289338083,1783481897112718051
1,-1,32495106999,10154302488240,1783481897125868208
0,-1,32501314999,10154308675699,1783481897132055667
3,-1,32513738666,10154321098459,1783481897144478427
2,-1,32513997999,10154321351741,1783481897144731677
1,-1,32527139999,10154334504585,1783481897157884585
0,-1,32533335999,10154340686221,1783481897164066189
3,-1,32545781332,10154353129781,1783481897176509781
2,-1,32546027000,10154353377654,1783481897176757590
1,-1,32559173000,10154366526850,1783481897189906818
0,-1,32565357000,10154372702086,1783481897196082054
3,-1,32577824000,10154385173902,1783481897208553870
2,-1,32578055999,10154393730464,1783481897217110368
1,-1,32591205999,10154398548507,1783481897221928443
0,-1,32597377999,10154404723167,1783481897228103135
3,-1,32609866666,10154417226920,1783481897240606888
2,-1,32610084999,10154417423625,1783481897240803593
1,-1,32623238999,10154430585269,1783481897253965269
0,-1,32629398999,10154436796633,1783481897260176601
3,-1,32641909332,10154449308481,1783481897272688449
2,-1,32642114000,10154457877683,1783481897281257651
1,-1,32655272000,10154462635310,1783481897286015374
0,-1,32661420000,10154468792402,1783481897292172402
3,-1,32673952000,10154481327739,1783481897304707675
2,-1,32674142999,10154481488283,1783481897304868219
1,-1,32687304999,10154494649672,1783481897318029608
0,-1,32693440999,10154500795915,1783481897324175883
3,-1,32705994666,10154513345492,1783481897336725460
2,-1,32706171999,10154521840357,1783481897345220293
1,-1,32719337999,10154526681153,1783481897350061121
0,-1,32725461999,10154532812068,1783481897356192068
3,-1,32738037332,10154545380813,1783481897368760813
2,-1,32738201000,10154545536750,1783481897368916718
1,-1,32751371000,10154558711258,1783481897382091194
0,-1,32757483000,10154564838366,1783481897388218334
1,-1,32783403999,10154590742772,1783481897414122740
0,-1,32789503999,10154596854327,1783481897420234263
2,-1,32770229999,10154596961176,1783481897420341144
1,-1,32815436999,10154622786669,1783481897446166605
0,-1,32821524999,10154628887088,1783481897452267056
2,-1,32802258999,10154628993841,1783481897452373809
3,-1,32834165332,10154641552442,1783481897464932378
2,-1,32834288000,10154650069131,1783481897473449099
1,-1,32847470000,10154654843719,1783481897478223687
0,-1,32853546000,10154660912906,1783481897484292874
3,-1,32866208000,10154673563443,1783481897496943379
2,-1,32866316999,10154682055236,1783481897505435204
1,-1,32879502999,10154686859104,1783481897510239072
0,-1,32885566999,10154692921475,1783481897516301475
3,-1,32898250666,10154705603852,1783481897528983820
2,-1,32898345999,10154714049693,1783481897537429661
1,-1,32911535999,10154718879353,1783481897542259289
0,-1,32917587999,10154724932924,1783481897548312924
3,-1,32930293332,10154737643302,1783481897561023270
2,-1,32930375000,10154737710310,1783481897561090246
1,-1,32943569000,10154750906547,1783481897574286515
0,-1,32949609000,10154756954198,1783481897580334166
3,-1,32962336000,10154769688671,1783481897593068671
1,-1,32975601999,10154782950508,1783481897606330444
0,-1,32981629999,10154788994799,1783481897612374767
3,-1,32994378666,10154801731545,1783481897625111513
0,-1,33013650999,10154821016200,1783481897644396168
3,-1,33026421332,10154833772434,1783481897657152370
0,-1,33045672000,10154853018114,1783481897676398114
3,-1,33058464000,10154865822348,1783481897689202284
0,-1,33077692999,10154885039067,1783481897708419035
3,-1,33090506666,10154897861509,1783481897721241477
0,-1,33109713999,10154917109460,1783481897740489428
