cam,pts_ns,mono_ns,real_ns
0,64041999,10122032156930,1783481864855536898
0,97375332,10122034986290,1783481864858366226
0,130708665,10122036578075,1783481864859958043
0,164041998,10122039375531,1783481864862755499
0,197375331,10122040913236,1783481864864293204
0,230708664,10122043266433,1783481864866646369
0,264041997,10122232384927,1783481865055764895
3,567200000,10122374617616,1783481865197997584
0,297375330,10122383432834,1783481865206812802
3,600533333,10122406649192,1783481865230029128
0,330708663,10122415277721,1783481865238657657
3,633866666,10122438687327,1783481865262067295
0,364041996,10122438875521,1783481865262255457
0,397375329,10122438972705,1783481865262352641
3,667199999,10122470730487,1783481865294110455
3,700533332,10122502775663,1783481865326155631
0,430708662,10122511394849,1783481865334774817
3,733866665,10122534822311,1783481865358202279
0,464041995,10122647474926,1783481865470854894
3,767199998,10122647487374,1783481865470867342
0,497375328,10122647500142,1783481865470880078
0,530708661,10122647509390,1783481865470889358
0,564041994,10122647514606,1783481865470894574
0,597375327,10122671971387,1783481865495351323
3,800533331,10122856115324,1783481865679495292
0,630708660,10122856130492,1783481865679510428
0,664041993,10122856249309,1783481865679629277
0,697375326,10122856261277,1783481865679641213
0,730708659,10122856266717,1783481865679646685
0,764041992,10122864040682,1783481865687420650
1,1134800000,10122942170666,1783481865765550602
3,833866664,10122950682235,1783481865774062171
0,797375325,10122950682939,1783481865774062907
0,830708658,10122950698939,1783481865774078875
3,867199997,10122950761691,1783481865774141627
0,864041991,10122960103633,1783481865783483569
1,1168133333,10122974198754,1783481865797578690
3,900533330,10122982684019,1783481865806063987
0,897375324,10122992129257,1783481865815509225
1,1201466666,10123006218266,1783481865829598234
3,933866663,10123014662538,1783481865838042474
0,930708657,10123024153953,1783481865847533921
1,1234799999,10123038275442,1783481865861655378
3,967199996,10123046880291,1783481865870260259
0,964041990,10123056190905,1783481865879570873
3,1000533329,10123064595721,1783481865887975689
1,1268133332,10123070294634,1783481865893674602
0,997375323,10123088193008,1783481865911572944
1,1301466665,10123102317026,1783481865925696994
0,1030708656,10123273276247,1783481866096656215
3,1033866662,10123273284247,1783481866096664215
0,1064041989,10123273307319,1783481866096687287
1,1334799998,10123273310423,1783481866096690391
0,1097375322,10123273349016,1783481866096728984
3,1067199995,10123273358200,1783481866096738136
3,1100533328,10123273380856,1783481866096760824
3,1133866661,10123273396440,1783481866096776408
0,1130708655,10123280723426,1783481866104103330
3,1167199994,10123303825767,1783481866127205735
0,1164041988,10123312350744,1783481866135730680
3,1200533327,10123335875167,1783481866159255135
0,1197375321,10123344365295,1783481866167745263
3,1233866660,10123367922775,1783481866191302711
0,1230708654,10123376414279,1783481866199794247
3,1267199993,10123399941615,1783481866223321551
0,1264041987,10123408431423,1783481866231811391
3,1300533326,10123432019751,1783481866255399687
0,1297375320,10123440538840,1783481866263918808
1,1368133331,10123449121097,1783481866272501065
3,1333866659,10123464127455,1783481866287507423
0,1330708653,10123472490287,1783481866295870223
1,1401466664,10123481812581,1783481866305192549
1,1434799997,10123481905061,1783481866305285029
3,1367199992,10123496053591,1783481866319433559
0,1364041986,10123504494823,1783481866327874759
2,1702100000,10123509486724,1783481866332866692
3,1400533325,10123528066990,1783481866351447054
0,1397375319,10123536578719,1783481866359958719
2,1735433333,10123541497756,1783481866364877692
1,1468133330,10123550002028,1783481866373381964
0,1430708652,10123568547351,1783481866391927319
2,1768766666,10123573528595,1783481866396908563
0,1464041985,10123600525231,1783481866423905199
2,1802099999,10123605551819,1783481866428931755
1,1501466663,10123605789293,1783481866429169261
1,1534799996,10123614146109,1783481866437526045
3,1433866658,10123624232087,1783481866447612055
0,1497375318,10123632556422,1783481866455936390
2,1835433332,10123637574435,1783481866460954371
1,1568133329,10123646047828,1783481866469427796
3,1467199991,10123656254415,1783481866479634351
0,1530708651,10123664560638,1783481866487940574
2,1868766665,10123669593883,1783481866492973851
3,1500533324,10123688314183,1783481866511694151
1,1601466662,10123688475176,1783481866511855144
1,1634799995,10123688489768,1783481866511869736
0,1564041984,10123696586198,1783481866519966134
3,1533866657,10123720339551,1783481866543719519
0,1597375317,10123728605806,1783481866551985774
1,1668133328,10123728713423,1783481866552093359
2,1902099998,10123728724623,1783481866552104559
3,1567199990,10123752384215,1783481866575764183
0,1630708650,10123760639366,1783481866584019302
1,1701466661,10123760740487,1783481866584120423
2,1935433331,10123760746983,1783481866584126951
3,1600533323,10123784426575,1783481866607806511
0,1664041983,10123792645630,1783481866616025598
1,1734799994,10123792750750,1783481866616130718
2,1968766664,10123792762718,1783481866616142654
3,1633866656,10123816476071,1783481866639856039
0,1697375316,10123824675990,1783481866648055958
1,1768133327,10123824785462,1783481866648165398
2,2002099997,10123824885527,1783481866648265495
3,1667199989,10123848521183,1783481866671901183
0,1730708649,10123856696718,1783481866680076654
1,1801466660,10123856802446,1783481866680182382
3,1700533322,10123880554231,1783481866703934167
0,1764041982,10123888707621,1783481866712087589
1,1834799993,10123888811782,1783481866712191718
2,2035433330,10123893797955,1783481866717177891
3,1733866655,10123912595311,1783481866735975247
0,1797375315,10123920726909,1783481866744106877
1,1868133326,10123920823166,1783481866744203134
2,2068766663,10123925832187,1783481866749212123
3,1767199988,10123944649639,1783481866768029607
0,1830708648,10123952756661,1783481866776136629
1,1901466659,10123952833526,1783481866776213462
2,2102099996,10123957862227,1783481866781242163
3,1800533321,10123976689887,1783481866800069855
0,1864041981,10123984774221,1783481866808154189
1,1934799992,10123984876334,1783481866808256302
2,2135433329,10123989886955,1783481866813266891
3,1833866654,10124008739895,1783481866832119863
0,1897375314,10124016803557,1783481866840183525
1,1968133325,10124016906278,1783481866840286214
2,2168766662,10124021910114,1783481866845290050
3,1867199987,10124040821583,1783481866864201551
0,1930708647,10124048835837,1783481866872215773
1,2001466658,10124048989950,1783481866872369918
2,2202099995,10124053958650,1783481866877338618
3,1900533320,10124072815399,1783481866896195367
0,1964041980,10124080854325,1783481866904234293
1,2034799991,10124080973398,1783481866904353366
2,2235433328,10124085983410,1783481866909363346
3,1933866653,10124104883327,1783481866928263263
0,1997375313,10124112875981,1783481866936255981
1,2068133324,10124113000078,1783481866936380046
2,2268766661,10124118017962,1783481866941397930
3,1967199986,10124136924663,1783481866960304599
0,2030708646,10124144893957,1783481866968273893
1,2101466657,10124145005765,1783481866968385733
2,2302099994,10124150026818,1783481866973406786
3,2000533319,10124168941295,1783481866992321263
0,2064041979,10124176907197,1783481867000287165
1,2134799990,10124177008893,1783481867000388829
2,2335433327,10124182056602,1783481867005436570
3,2033866652,10124200986503,1783481867024366439
0,2097375312,10124208929396,1783481867032309364
2,2368766660,10124214078546,1783481867037458514
3,2067199985,10124233059359,1783481867056439327
0,2130708645,10124240995821,1783481867064375789
1,2168133323,10124241722513,1783481867065102481
2,2402099993,10124246135370,1783481867069515434
3,2100533318,10124265120343,1783481867088500279
0,2164041978,10124272979844,1783481867096359812
1,2201466656,10124273126661,1783481867096506629
2,2435433326,10124278155618,1783481867101535554
3,2133866651,10124297160111,1783481867120540079
0,2197375311,10124305038653,1783481867128418589
1,2234799989,10124305229726,1783481867128609694
2,2468766659,10124310220698,1783481867133600666
3,2167199984,10124329210055,1783481867152590023
0,2230708644,10124337058868,1783481867160438836
1,2268133322,10124337240054,1783481867160620022
2,2502099992,10124342240882,1783481867165620818
3,2200533317,10124361236607,1783481867184616543
0,2264041977,10124369061900,1783481867192441868
1,2301466655,10124369688752,1783481867193068688
2,2535433325,10124374263018,1783481867197642986
3,2233866650,10124393275511,1783481867216655479
0,2297375310,10124401085764,1783481867224465700
1,2334799988,10124401254629,1783481867224634597
2,2568766658,10124406285666,1783481867229665634
3,2267199983,10124425310863,1783481867248690831
0,2330708643,10124433110300,1783481867256490268
1,2368133321,10124433894273,1783481867257274241
2,2602099991,10124438290330,1783481867261670298
3,2300533316,10124457360328,1783481867280740232
0,2364041976,10124465114772,1783481867288494740
1,2401466654,10124465289653,1783481867288669621
2,2635433324,10124470336466,1783481867293716402
3,2333866649,10124489380127,1783481867312760063
0,2397375309,10124497124108,1783481867320504076
1,2434799987,10124497246637,1783481867320626605
2,2668766657,10124502345258,1783481867325725226
3,2367199982,10124521415831,1783481867344795799
0,2430708642,10124529136964,1783481867352516932
1,2468133320,10124529258053,1783481867352637957
2,2702099990,10124534373058,1783481867357753026
3,2400533315,10124553455856,1783481867376835792
0,2464041975,10124561156604,1783481867384536572
1,2501466653,10124561249852,1783481867384629788
2,2735433323,10124566401562,1783481867389781530
3,2433866648,10124585498248,1783481867408878216
0,2497375308,10124593190260,1783481867416570228
1,2534799986,10124593302676,1783481867416682612
2,2768766656,10124598429746,1783481867421809682
3,2467199981,10124617542208,1783481867440922176
1,2568133319,10124626072465,1783481867449452401
2,2802099989,10124630458602,1783481867453838570
3,2500533314,10124649605368,1783481867472985304
1,2601466652,10124658186153,1783481867481566121
2,2835433322,10124662505666,1783481867485885698
3,2533866647,10124681631152,1783481867505011088
0,2530708641,10124689250460,1783481867512630428
1,2634799985,10124689400828,1783481867512780796
2,2868766655,10124694523322,1783481867517903258
3,2567199980,10124713674952,1783481867537054920
0,2564041974,10124721264723,1783481867544644691
1,2668133318,10124721385460,1783481867544765396
2,2902099988,10124726556626,1783481867549936594
3,2600533313,10124745716576,1783481867569096544
0,2597375307,10124753284075,1783481867576664043
1,2701466651,10124753392460,1783481867576772428
2,2935433321,10124758580714,1783481867581960618
3,2633866646,10124777756120,1783481867601136056
0,2630708640,10124785302211,1783481867608682179
1,2734799984,10124785404324,1783481867608784292
2,2968766654,10124790605122,1783481867613985058
3,2667199979,10124809792080,1783481867633172048
0,2664041973,10124817319899,1783481867640699803
1,2768133317,10124817422364,1783481867640802300
2,3002099987,10124822630938,1783481867646010874
3,2700533312,10124841847688,1783481867665227656
0,2697375306,10124849347251,1783481867672727219
1,2801466650,10124849457908,1783481867672837844
2,3035433320,10124854668690,1783481867678048658
3,2733866645,10124873877216,1783481867697257152
0,2730708639,10124881361707,1783481867704741675
1,2834799983,10124881461196,1783481867704841132
2,3068766653,10124886690762,1783481867710070730
3,2767199978,10124905941720,1783481867729321688
0,2764041972,10124913383043,1783481867736763011
1,2868133316,10124913476996,1783481867736856964
2,3102099986,10124918720162,1783481867742100130
3,2800533311,10124937966256,1783481867761346224
0,2797375305,10124945402843,1783481867768782811
1,2901466649,10124945505116,1783481867768885084
2,3135433319,10124950756570,1783481867774136538
0,2830708638,10124977385843,1783481867800765811
1,2934799982,10124985911140,1783481867809291108
2,3168766652,10124985918500,1783481867809298468
0,2864041971,10125009454443,1783481867832834411
1,2968133315,10125017943996,1783481867841323964
2,3202099985,10125017946716,1783481867841326684
3,2833866644,10125034095128,1783481867857475096
0,2897375304,10125041464899,1783481867864844867
3,2867199977,10125066134032,1783481867889514000
0,2930708637,10125073483899,1783481867896863867
2,3235433318,10125073594427,1783481867896974395
1,3001466648,10125073685788,1783481867897065724
3,2900533310,10125098176329,1783481867921556265
0,2964041970,10125105512947,1783481867928892915
1,3034799981,10125105606003,1783481867928985939
2,3268766651,10125105608179,1783481867928988115
3,2933866643,10125130217025,1783481867953596961
0,2997375303,10125137525899,1783481867960905835
1,3068133314,10125137617067,1783481867960997003
2,3302099984,10125137619883,1783481867960999819
3,2967199976,10125162262105,1783481867985642041
0,3030708636,10125169548738,1783481867992928674
1,3101466647,10125169649859,1783481867993029795
2,3335433317,10125169653379,1783481867993033347
3,3000533309,10125194309809,1783481868017689777
0,3064041969,10125201568986,1783481868024948922
1,3134799980,10125201661851,1783481868025041787
2,3368766650,10125201664475,1783481868025044443
3,3033866642,10125226359721,1783481868049739689
0,3097375302,10125233607731,1783481868056987699
2,3402099983,10125233744627,1783481868057124595
1,3168133313,10125233840724,1783481868057220660
3,3067199975,10125258443457,1783481868081823393
0,3130708635,10125265675499,1783481868089055435
1,3201466646,10125265873228,1783481868089253164
3,3100533308,10125290451161,1783481868113831097
0,3164041968,10125297650979,1783481868121030915
1,3234799979,10125297801635,1783481868121181603
2,3435433316,10125303080386,1783481868126460322
3,3133866641,10125322471729,1783481868145851665
0,3197375301,10125329708315,1783481868153088283
1,3268133312,10125329875868,1783481868153255868
2,3468766649,10125335118106,1783481868158498042
3,3167199974,10125354578218,1783481868177958154
0,3230708634,10125361742579,1783481868185122547
1,3301466645,10125361946836,1783481868185326772
2,3502099982,10125367166418,1783481868190546354
3,3200533307,10125386703650,1783481868210083618
0,3264041967,10125393761099,1783481868217141067
1,3334799978,10125393972652,1783481868217352556
2,3535433315,10125399200746,1783481868222580714
3,3233866640,10125418648794,1783481868242028698
0,3297375300,10125425746051,1783481868249126179
1,3368133311,10125425907875,1783481868249287811
2,3568766648,10125431203842,1783481868254583778
3,3267199973,10125450690002,1783481868274069938
0,3330708633,10125457766107,1783481868281146043
1,3401466644,10125457964188,1783481868281344124
2,3602099981,10125463225914,1783481868286605882
3,3300533306,10125482712330,1783481868306092298
0,3364041966,10125489780370,1783481868313160306
1,3434799977,10125489924403,1783481868313304339
2,3635433314,10125495253682,1783481868318633650
3,3333866639,10125514772450,1783481868338152482
0,3397375299,10125521795274,1783481868345175210
1,3468133310,10125521930667,1783481868345310635
2,3668766647,10125527283722,1783481868350663626
3,3367199972,10125546799386,1783481868370179322
0,3430708632,10125553830754,1783481868377210786
1,3501466643,10125553986819,1783481868377366755
2,3702099980,10125559306082,1783481868382686050
3,3400533305,10125578828146,1783481868402208082
0,3464041965,10125585842170,1783481868409222106
1,3534799976,10125585980827,1783481868409360763
2,3735433313,10125591335098,1783481868414715002
3,3433866638,10125610870474,1783481868434250442
0,3497375298,10125617854898,1783481868441234866
1,3568133309,10125617947443,1783481868441327379
2,3768766646,10125623358930,1783481868446738866
3,3467199971,10125642932930,1783481868466312866
0,3530708631,10125649883914,1783481868473263850
1,3601466642,10125650011339,1783481868473391339
2,3802099979,10125655401034,1783481868478781066
3,3500533304,10125674984763,1783481868498364699
0,3564041964,10125681896610,1783481868505276578
1,3634799975,10125682026339,1783481868505406275
2,3835433312,10125687427714,1783481868510807650
3,3533866637,10125706999027,1783481868530378963
0,3597375297,10125713908858,1783481868537288794
1,3668133308,10125714012923,1783481868537392827
2,3868766645,10125719446170,1783481868542826138
3,3567199970,10125739041707,1783481868562421675
0,3630708630,10125745961842,1783481868569341778
1,3701466641,10125746101203,1783481868569481139
2,3902099978,10125751479570,1783481868574859538
3,3600533303,10125771087587,1783481868594467523
0,3664041963,10125777952202,1783481868601332170
1,3734799974,10125778050699,1783481868601430635
2,3935433311,10125783510762,1783481868606890730
3,3633866636,10125803131867,1783481868626511803
0,3697375296,10125809982466,1783481868633362434
1,3768133307,10125810094371,1783481868633474307
2,3968766644,10125815544034,1783481868638924002
3,3667199969,10125835169747,1783481868658549715
0,3730708629,10125842034906,1783481868665414874
2,4002099977,10125847612858,1783481868670992826
3,3700533302,10125867241259,1783481868690621227
0,3764041962,10125874056434,1783481868697436370
1,3801466640,10125874238195,1783481868697618163
2,4035433310,10125879605618,1783481868702985554
3,3733866635,10125899256867,1783481868722636835
0,3797375295,10125906042890,1783481868729422826
1,3834799973,10125906158219,1783481868729538155
2,4068766643,10125911617450,1783481868734997386
3,3767199968,10125931285787,1783481868754665755
0,3830708628,10125938060450,1783481868761440418
1,3868133306,10125938154883,1783481868761534851
2,4102099976,10125943648738,1783481868767028770
3,3800533301,10125963367956,1783481868786747924
0,3864041961,10125970092602,1783481868793472634
1,3901466639,10125970255515,1783481868793635483
2,4135433309,10125975681850,1783481868799061786
3,3833866634,10125995386380,1783481868818766348
0,3897375294,10126002096018,1783481868825476018
1,3934799972,10126002201075,1783481868825581011
2,4168766642,10126007709906,1783481868831089874
3,3867199967,10126027422564,1783481868850802532
1,3968133305,10126035949781,1783481868859329749
2,4202099975,10126039737002,1783481868863116970
3,3900533300,10126059467388,1783481868882847356
1,4001466638,10126068058925,1783481868891438861
2,4235433308,10126071765026,1783481868895144962
3,3933866633,10126091506580,1783481868914886516
0,3930708627,10126098159610,1783481868921539578
1,4034799971,10126098267419,1783481868921647387
2,4268766641,10126103797658,1783481868927177626
3,3967199966,10126123553100,1783481868946933036
0,3964041960,10126130188018,1783481868953567954
1,4068133304,10126130319891,1783481868953699827
2,4302099974,10126135824466,1783481868959204402
3,4000533299,10126155590596,1783481868978970532
0,3997375293,10126162205994,1783481868985585930
1,4101466637,10126162447979,1783481868985827915
2,4335433307,10126167850058,1783481868991230026
3,4033866632,10126187633500,1783481869011013468
0,4030708626,10126194216706,1783481869017596674
1,4134799970,10126194408515,1783481869017788483
2,4368766640,10126199888867,1783481869023268835
3,4067199965,10126219673620,1783481869043053556
0,4064041959,10126226245562,1783481869049625562
1,4168133303,10126226347739,1783481869049727707
2,4402099973,10126231937083,1783481869055317051
3,4100533298,10126251742413,1783481869075122381
0,4097375292,10126258391027,1783481869081770963
1,4201466636,10126258573556,1783481869081953492
2,4435433306,10126263952435,1783481869087332403
3,4133866631,10126283792453,1783481869107172421
0,4130708625,10126290294026,1783481869113673994
1,4234799969,10126290430859,1783481869113810827
2,4468766639,10126295975435,1783481869119355403
3,4167199964,10126315823101,1783481869139203037
0,4164041958,10126322301602,1783481869145681538
1,4268133302,10126322397315,1783481869145777283
2,4502099972,10126327998275,1783481869151378211
3,4200533297,10126347851957,1783481869171231893
0,4197375291,10126354330842,1783481869177710778
1,4301466635,10126354433595,1783481869177813563
2,4535433305,10126360072923,1783481869183452891
0,4230708624,10126386410579,1783481869209790515
2,4568766638,10126395070820,1783481869218450788
1,4334799968,10126395071204,1783481869218451140
0,4264041957,10126418424875,1783481869241804843
1,4368133301,10126427020380,1783481869250400316
2,4602099971,10126427021404,1783481869250401340
3,4233866630,10126444036126,1783481869267416094
0,4297375290,10126450426530,1783481869273806498
1,4401466634,10126450610244,1783481869273990180
2,4635433304,10126456135107,1783481869279515043
3,4267199963,10126476063062,1783481869299443030
0,4330708623,10126482457403,1783481869305837371
1,4434799967,10126482639004,1783481869306018940
2,4668766637,10126488153307,1783481869311533275
3,4300533296,10126508067182,1783481869331447150
0,4364041956,10126514541395,1783481869337921363
1,4468133300,10126514733204,1783481869338113140
2,4702099970,10126520196787,1783481869343576755
3,4333866629,10126540129062,1783481869363509030
0,4397375289,10126546472618,1783481869369852554
1,4501466633,10126546622283,1783481869370002219
2,4735433303,10126552239244,1783481869375619212
3,4367199962,10126572179870,1783481869395559806
0,4430708622,10126578505379,1783481869401885347
1,4534799966,10126578660963,1783481869402040899
2,4768766636,10126584251204,1783481869407631172
3,4400533295,10126604218550,1783481869427598518
0,4464041955,10126610530427,1783481869433910395
1,4568133299,10126610692444,1783481869434072380
2,4802099969,10126616278268,1783481869439658204
3,4433866628,10126636278127,1783481869459658063
0,4497375288,10126642570867,1783481869465950899
3,4467199961,10126668321063,1783481869491700999
0,4530708621,10126674568107,1783481869497948075
1,4601466632,10126674741196,1783481869498121164
3,4500533294,10126700357983,1783481869523737951
0,4564041954,10126706589731,1783481869529969699
1,4634799965,10126706760132,1783481869530140100
2,4835433302,10126712363780,1783481869535743716
1,4668133298,10126722077660,1783481869545457596
3,4533866627,10126732392183,1783481869555772119
0,4597375287,10126738623739,1783481869562003707
2,4868766635,10126744410140,1783481869567790076
1,4701466631,10126754084852,1783481869577464820
3,4567199960,10126764428239,1783481869587808207
0,4630708620,10126770722291,1783481869594102227
2,4902099968,10126776444116,1783481869599824052
1,4734799964,10126786120716,1783481869609500684
3,4600533293,10126796458663,1783481869619838631
0,4664041953,10126802657963,1783481869626037899
2,4935433301,10126808466060,1783481869631846028
1,4768133297,10126818151684,1783481869641531652
3,4633866626,10126828520319,1783481869651900287
0,4697375286,10126834660483,1783481869658040419
2,4968766634,10126840508452,1783481869663888388
1,4801466630,10126850181692,1783481869673561628
3,4667199959,10126860566520,1783481869683946456
0,4730708619,10126866678683,1783481869690058651
2,5002099967,10126872519964,1783481869695899932
1,4834799963,10126882209236,1783481869705589204
3,4700533292,10126892576912,1783481869715956880
0,4764041952,10126898689331,1783481869722069267
2,5035433300,10126904528692,1783481869727908628
1,4868133296,10126914239244,1783481869737619180
3,4733866625,10126924613160,1783481869747993128
0,4797375285,10126930712523,1783481869754092459
2,5068766633,10126936557228,1783481869759937196
1,4901466629,10126946274852,1783481869769654788
3,4767199958,10126956656128,1783481869780036160
0,4830708618,10126962726467,1783481869786106467
2,5102099966,10126968582500,1783481869791962436
1,4934799962,10126978314012,1783481869801693948
3,4800533291,10126988696440,1783481869812076376
0,4864041951,10126994757627,1783481869818137595
2,5135433299,10127000619228,1783481869823999196
3,4833866624,10127020749616,1783481869844129584
0,4897375284,10127026777843,1783481869850157811
1,4968133295,10127026879187,1783481869850259123
2,5168766632,10127032650165,1783481869856030101
3,4867199957,10127052807624,1783481869876187560
0,4930708617,10127058804619,1783481869882184555
1,5001466628,10127058932652,1783481869882312620
2,5202099965,10127064678253,1783481869888058189
3,4900533290,10127084844545,1783481869908224513
0,4964041950,10127090825827,1783481869914205795
1,5034799961,10127090941092,1783481869914321028
2,5235433298,10127096698725,1783481869920078661
3,4933866623,10127116866105,1783481869940246073
0,4997375283,10127122829691,1783481869946209627
1,5068133294,10127122907355,1783481869946287323
2,5268766631,10127128723741,1783481869952103677
3,4967199956,10127148905777,1783481869972285777
0,5030708616,10127154850387,1783481869978230355
1,5101466627,10127154922963,1783481869978302931
2,5302099964,10127160779221,1783481869984159157
3,5000533289,10127180954057,1783481870004334025
0,5064041949,10127186876139,1783481870010256107
1,5134799960,10127186957419,1783481870010337387
2,5335433297,10127192780301,1783481870016160237
3,5033866622,10127212994305,1783481870036374305
0,5097375282,10127218892131,1783481870042272163
1,5168133293,10127218967203,1783481870042347171
2,5368766630,10127224808901,1783481870048188837
3,5067199955,10127245064985,1783481870068444921
0,5130708615,10127250962651,1783481870074342587
1,5201466626,10127251111004,1783481870074490972
2,5402099963,10127256859357,1783481870080239293
3,5100533288,10127277126610,1783481870100506578
0,5164041948,10127282970483,1783481870106350419
1,5234799959,10127283108404,1783481870106488340
2,5435433296,10127288879413,1783481870112259413
3,5133866621,10127309125962,1783481870132505930
0,5197375281,10127314968331,1783481870138348267
1,5268133292,10127315061708,1783481870138441676
2,5468766629,10127320903053,1783481870144283053
3,5167199954,10127341188066,1783481870164568034
0,5230708614,10127346988803,1783481870170368803
1,5301466625,10127347207461,1783481870170587429
2,5502099962,10127352925830,1783481870176305798
3,5200533287,10127373244602,1783481870196624570
0,5264041947,10127379056476,1783481870202436412
1,5334799958,10127379217853,1783481870202597789
2,5535433295,10127384982110,1783481870208362046
3,5233866620,10127405291283,1783481870228671283
0,5297375280,10127411075284,1783481870234455252
1,5368133291,10127411245461,1783481870234625397
2,5568766628,10127417016086,1783481870240396022
3,5267199953,10127437347147,1783481870260727083
1,5401466624,10127446018685,1783481870269398621
2,5602099961,10127449052014,1783481870272431950
3,5300533286,10127469384835,1783481870292764771
1,5434799957,10127477982996,1783481870301362964
2,5635433294,10127481077990,1783481870304457958
3,5333866619,10127501420891,1783481870324800859
0,5330708613,10127507106524,1783481870330486460
2,5668766627,10127513143167,1783481870336523103
3,5367199952,10127533460307,1783481870356840243
0,5364041946,10127539130964,1783481870362510932
1,5468133290,10127539266773,1783481870362646741
2,5702099960,10127545111990,1783481870368491958
3,5400533285,10127565582188,1783481870388962124
0,5397375279,10127571156396,1783481870394536300
1,5501466623,10127571299565,1783481870394679501
2,5735433293,10127577140110,1783481870400520078
3,5433866618,10127597539748,1783481870420919716
0,5430708612,10127603197316,1783481870426577284
1,5534799956,10127603359269,1783481870426739237
2,5768766626,10127609182279,1783481870432562247
3,5467199951,10127629577596,1783481870452957532
0,5464041945,10127635221148,1783481870458601084
1,5568133289,10127635395933,1783481870458775901
2,5802099959,10127641234271,1783481870464614239
3,5500533284,10127661634132,1783481870485014100
0,5497375278,10127667284501,1783481870490664469
1,5601466622,10127667437526,1783481870490817494
2,5835433292,10127673226999,1783481870496606935
3,5533866617,10127693677388,1783481870517057324
0,5530708611,10127699233900,1783481870522613868
1,5634799955,10127699396397,1783481870522776365
2,5868766625,10127705281071,1783481870528661039
3,5567199950,10127725726565,1783481870549106533
0,5564041944,10127731238884,1783481870554618884
1,5668133288,10127731373125,1783481870554753093
2,5902099958,10127737309095,1783481870560689063
3,5600533283,10127757763485,1783481870581143421
0,5597375277,10127763272892,1783481870586652860
1,5701466621,10127763430749,1783481870586810717
2,5935433291,10127769344831,1783481870592724799
0,5630708610,10127795324757,1783481870618704725
1,5734799954,10127803966726,1783481870627346662
2,5968766624,10127803978374,1783481870627358342
0,5664041943,10127827346893,1783481870650726861
1,5768133287,10127835903678,1783481870659283646
2,6002099957,10127835913278,1783481870659293214
3,5633866616,10127853898085,1783481870677278053
0,5697375276,10127859345157,1783481870682725125
1,5801466620,10127859488326,1783481870682868262
2,6035433290,10127865421672,1783481870688801608
3,5667199949,10127885904157,1783481870709284093
0,5730708609,10127891349981,1783481870714729949
1,5834799953,10127891612158,1783481870714992126
2,6068766623,10127897426752,1783481870720806688
3,5700533282,10127917936566,1783481870741316502
0,5764041942,10127923372693,1783481870746752629
1,5868133286,10127923491446,1783481870746871414
2,6102099956,10127929452280,1783481870752832216
3,5733866615,10127950013358,1783481870773393326
0,5797375275,10127955398413,1783481870778778381
1,5901466619,10127955531438,1783481870778911406
2,6135433289,10127961489680,1783481870784869648
3,5767199948,10127982032134,1783481870805412070
0,5830708608,10127987410245,1783481870810790213
1,5934799952,10127987514982,1783481870810894950
2,6168766622,10127993515272,1783481870816895240
3,5800533281,10128014072926,1783481870837452894
0,5864041941,10128019428637,1783481870842808605
1,5968133285,10128019532574,1783481870842912542
2,6202099955,10128025556960,1783481870848937024
3,5833866614,10128046133655,1783481870869513623
0,5897375274,10128051474901,1783481870874854869
1,6001466618,10128051622294,1783481870875002262
3,5867199947,10128078194063,1783481870901573999
0,5930708607,10128083469901,1783481870906849837
1,6034799951,10128099469833,1783481870922849801
3,5900533280,10128110190631,1783481870933570599
0,5964041940,10128115478757,1783481870938858725
2,6235433288,10128121633865,1783481870945013769
1,6068133284,10128131499713,1783481870954879681
3,5933866613,10128142229151,1783481870965609119
0,5997375273,10128147500893,1783481870970880829
2,6268766621,10128153655585,1783481870977035553
1,6101466617,10128163530713,1783481870986910681
3,5967199946,10128174268823,1783481870997648791
0,6030708606,10128179522485,1783481871002902453
2,6302099954,10128185680217,1783481871009060153
1,6134799950,10128195573106,1783481871018953042
3,6000533279,10128206314255,1783481871029694255
0,6064041939,10128211549358,1783481871034929294
2,6335433287,10128217712785,1783481871041092753
1,6168133283,10128227617034,1783481871050996938
3,6033866612,10128238385480,1783481871061765448
0,6097375272,10128243588742,1783481871066968710
2,6368766620,10128249747657,1783481871073127593
1,6201466616,10128259661282,1783481871083041218
3,6067199945,10128270456832,1783481871093836800
0,6130708605,10128275639006,1783481871099018974
2,6402099953,10128281805569,1783481871105185537
1,6234799949,10128291665690,1783481871115045626
3,6100533278,10128302454904,1783481871125834840
0,6164041938,10128307612662,1783481871130992630
2,6435433286,10128313800985,1783481871137180921
1,6268133282,10128323693938,1783481871147073970
3,6133866611,10128334493168,1783481871157873104
0,6197375271,10128339632046,1783481871163012014
2,6468766619,10128345832754,1783481871169212722
1,6301466615,10128355723435,1783481871179103403
3,6167199944,10128366532489,1783481871189912489
0,6230708604,10128371653350,1783481871195033318
2,6502099952,10128377866442,1783481871201246410
1,6334799948,10128387772419,1783481871211152355
3,6200533277,10128398633665,1783481871222013601
0,6264041937,10128403721375,1783481871227101311
2,6535433285,10128409932066,1783481871233312034
1,6368133281,10128419815259,1783481871243195227
3,6233866610,10128430661561,1783481871254041497
0,6297375270,10128435724503,1783481871259104439
2,6568766618,10128441958938,1783481871265338906
1,6401466614,10128451844051,1783481871275224019
3,6267199943,10128462706834,1783481871286086770
0,6330708603,10128467782287,1783481871291162255
2,6602099951,10128473994035,1783481871297373971
1,6434799947,10128483867595,1783481871307247499
3,6300533276,10128494739754,1783481871318119722
0,6364041936,10128499762375,1783481871323142503
2,6635433284,10128506006571,1783481871329386635
1,6468133280,10128515902660,1783481871339282692
3,6333866609,10128526762882,1783481871350142850
0,6397375269,10128531772479,1783481871355152447
2,6668766617,10128538017411,1783481871361397379
1,6501466613,10128547902748,1783481871371282652
3,6367199942,10128558816218,1783481871382196154
0,6430708602,10128563785495,1783481871387165431
2,6702099950,10128570048027,1783481871393427995
1,6534799946,10128579965076,1783481871403345044
3,6400533275,10128590847411,1783481871414227347
0,6464041935,10128595796015,1783481871419175951
2,6735433283,10128602067603,1783481871425447539
1,6568133279,10128611989484,1783481871435369420
3,6433866608,10128622876171,1783481871446256107
0,6497375268,10128627816487,1783481871451196455
2,6768766616,10128634086155,1783481871457466091
3,6467199941,10128654929571,1783481871478309539
0,6530708601,10128659835295,1783481871483215263
1,6601466612,10128659942176,1783481871483322112
2,6802099949,10128666121283,1783481871489501251
3,6500533274,10128686960123,1783481871510340059
0,6564041934,10128691859479,1783481871515239447
1,6634799945,10128691955576,1783481871515335512
2,6835433282,10128698143323,1783481871521523291
3,6533866607,10128719007219,1783481871542387155
0,6597375267,10128723887376,1783481871547267312
1,6668133278,10128723982896,1783481871547362832
2,6868766615,10128730170580,1783481871553550548
3,6567199940,10128751055148,1783481871574435084
0,6630708600,10128755909000,1783481871579288936
1,6701466611,10128756025096,1783481871579405000
2,6902099948,10128762205932,1783481871585585900
3,6600533273,10128783083780,1783481871606463748
0,6664041933,10128787936448,1783481871611316416
1,6734799944,10128788048384,1783481871611428352
2,6935433281,10128794231140,1783481871617611044
3,6633866606,10128815121084,1783481871638501052
0,6697375266,10128819955800,1783481871643335736
1,6768133277,10128820081817,1783481871643461753
2,6968766614,10128826259676,1783481871649639612
3,6667199939,10128847207253,1783481871670587221
1,6801466610,10128855848390,1783481871679228358
2,7002099947,10128858310036,1783481871681689972
3,6700533272,10128879245453,1783481871702625357
1,6834799943,10128887856990,1783481871711236958
2,7035433280,10128890326861,1783481871713706829
3,6733866605,10128911279589,1783481871734659557
0,6730708599,10128916026656,1783481871739406624
1,6868133276,10128916129025,1783481871739508993
2,7068766613,10128922347653,1783481871745727589
3,6767199938,10128943300061,1783481871766680029
0,6764041932,10128948037720,1783481871771417624
1,6901466609,10128948139993,1783481871771519961
2,7102099946,10128954400573,1783481871777780541
3,6800533271,10128975345397,1783481871798725365
0,6797375265,10128980048528,1783481871803428496
1,6934799942,10128980153265,1783481871803533233
2,7135433279,10128986412693,1783481871809792661
3,6833866604,10129007389838,1783481871830769806
0,6830708598,10129012043176,1783481871835423112
1,6968133275,10129012133833,1783481871835513801
2,7168766612,10129018430829,1783481871841810733
3,6867199937,10129039449702,1783481871862829670
0,6864041931,10129044109473,1783481871867489409
1,7001466608,10129044203745,1783481871867583649
2,7202099945,10129050488966,1783481871873869030
3,6900533270,10129071500574,1783481871894880510
0,6897375264,10129076139257,1783481871899519225
1,7034799941,10129076282618,1783481871899662586
2,7235433278,10129082498814,1783481871905878750
3,6933866603,10129103514678,1783481871926894646
0,6930708597,10129108139345,1783481871931519345
2,7268766611,10129114518198,1783481871937898166
3,6967199936,10129135550767,1783481871958930735
0,6964041930,10129140164201,1783481871963544169
1,7068133274,10129140255818,1783481871963635786
2,7302099944,10129146551054,1783481871969931022
3,7000533269,10129167609767,1783481871990989735
0,6997375263,10129172182849,1783481871995562817
1,7101466607,10129172282754,1783481871995662722
2,7335433277,10129178578182,1783481872001958150
0,7030708596,10129204208121,1783481872027588057
2,7368766610,10129212759595,1783481872036139563
1,7134799940,10129212765291,1783481872036145227
1,7168133273,10129212786443,1783481872036166411
1,7201466606,10129220619320,1783481872043999288
0,7064041929,10129236251730,1783481872059631666
2,7402099943,10129242639734,1783481872066019670
3,7033866602,10129263783504,1783481872087163440
0,7097375262,10129268285962,1783481872091665930
1,7234799939,10129268438155,1783481872091818123
2,7435433276,10129274704271,1783481872098084207
3,7067199935,10129295812488,1783481872119192456
0,7130708595,10129300278178,1783481872123658114
1,7268133272,10129300446019,1783481872123825955
2,7468766609,10129306706503,1783481872130086439
3,7100533268,10129327822720,1783481872151202688
0,7164041928,10129332288218,1783481872155668186
1,7301466605,10129332387163,1783481872155767131
2,7502099942,10129338732575,1783481872162112511
3,7133866601,10129359860185,1783481872183240121
0,7197375261,10129364308914,1783481872187688882
1,7334799938,10129364415571,1783481872187795507
2,7535433275,10129370755319,1783481872194135287
3,7167199934,10129391904049,1783481872215284017
0,7230708594,10129396328010,1783481872219707978
1,7368133271,10129396429131,1783481872219809067
2,7568766608,10129402782640,1783481872226162608
3,7200533267,10129423999274,1783481872247379210
0,7264041927,10129428384163,1783481872251764099
1,7401466604,10129428531972,1783481872251911908
2,7602099941,10129434860392,1783481872258240360
3,7233866600,10129456053314,1783481872279433250
0,7297375260,10129460415067,1783481872283795003
3,7267199933,10129488090362,1783481872311470330
0,7330708593,10129492394995,1783481872315774931
1,7434799937,10129508966738,1783481872332346706
3,7300533266,10129520066226,1783481872343446162
0,7364041926,10129524427563,1783481872347807499
2,7635433274,10129530931281,1783481872354311249
1,7468133270,10129540992138,1783481872364372106
3,7333866599,10129552134923,1783481872375514859
0,7397375259,10129556446787,1783481872379826723
2,7668766607,10129562970185,1783481872386350121
1,7501466603,10129573034179,1783481872396414115
3,7367199932,10129584183107,1783481872407563043
0,7430708592,10129588457179,1783481872411837147
2,7702099940,10129594988353,1783481872418368321
1,7534799936,10129605070491,1783481872428450427
3,7400533265,10129616224315,1783481872439604379
0,7464041925,10129620486964,1783481872443866900
2,7735433273,10129627017945,1783481872450397913
1,7568133269,10129637090675,1783481872460470643
3,7433866598,10129648251955,1783481872471632083
0,7497375258,10129652532556,1783481872475912492
2,7768766606,10129659186258,1783481872482566194
1,7601466602,10129669121227,1783481872492501163
3,7467199931,10129680290092,1783481872503670060
0,7530708591,10129684547588,1783481872507927524
2,7802099939,10129691065034,1783481872514445034
1,7634799935,10129701171396,1783481872524551364
3,7500533264,10129712343876,1783481872535723812
0,7564041924,10129716546428,1783481872539926364
2,7835433272,10129723110082,1783481872546490050
1,7668133268,10129733187580,1783481872556567516
3,7533866597,10129744393084,1783481872567773020
0,7597375257,10129748599669,1783481872571979605
2,7868766605,10129755219227,1783481872578599195
1,7701466601,10129765222900,1783481872588602836
3,7567199930,10129776445589,1783481872599825525
0,7630708590,10129780589421,1783481872603969357
2,7902099938,10129787178706,1783481872610558642
1,7734799934,10129797259500,1783481872620639468
3,7600533263,10129808482509,1783481872631862445
0,7664041923,10129812611525,1783481872635991461
2,7935433271,10129819234859,1783481872642614795
1,7768133267,10129829291269,1783481872652671205
3,7633866596,10129840522949,1783481872663902917
0,7697375256,10129844630685,1783481872668010653
2,7968766604,10129851216259,1783481872674596195
1,7801466600,10129861319485,1783481872684699453
3,7667199929,10129872554909,1783481872695934877
0,7730708589,10129876651957,1783481872700031893
2,8002099937,10129883246043,1783481872706625979
1,7834799933,10129893347029,1783481872716726965
3,7700533262,10129904587254,1783481872727967190
0,7764041922,10129908668717,1783481872732048685
2,8035433270,10129915266899,1783481872738646835
1,7868133266,10129925345773,1783481872748725741
3,7733866595,10129936615054,1783481872759995022
0,7797375255,10129940694117,1783481872764074117
2,8068766603,10129947287435,1783481872770667339
1,7901466599,10129957379781,1783481872780759749
3,7767199928,10129968652934,1783481872792032870
0,7830708588,10129972713438,1783481872796093406
2,8102099936,10129979409732,1783481872802789700
1,7934799932,10129989430814,1783481872812810750
3,7800533261,10130000709311,1783481872824089279
0,7864041921,10130004726294,1783481872828106230
2,8135433269,10130011345244,1783481872834725180
1,7968133265,10130021443702,1783481872844823670
3,7833866594,10130032754359,1783481872856134327
0,7897375254,10130036751054,1783481872860130990
2,8168766602,10130043384596,1783481872866764564
1,8001466598,10130053476078,1783481872876856046
3,7867199927,10130064825231,1783481872888205199
0,7930708587,10130068779462,1783481872892159430
2,8202099935,10130075403084,1783481872898783020
1,8034799931,10130085519590,1783481872908899558
3,7900533260,10130096871688,1783481872920251656
0,7964041920,10130100794302,1783481872924174238
2,8235433268,10130107443364,1783481872930823332
1,8068133264,10130117548479,1783481872940928447
3,7933866593,10130128884032,1783481872952264000
0,7997375253,10130132811574,1783481872956191510
2,8268766601,10130139462429,1783481872962842397
1,8101466597,10130149576503,1783481872972956471
3,7967199926,10130160923224,1783481872984303192
0,8030708586,10130164831791,1783481872988211727
2,8302099934,10130171487541,1783481872994867477
1,8134799930,10130181607471,1783481873004987407
3,8000533259,10130192968976,1783481873016348912
0,8064041919,10130196852231,1783481873020232167
2,8335433267,10130203531309,1783481873026911245
1,8168133263,10130213646119,1783481873037026087
3,8033866592,10130225033481,1783481873048413449
0,8097375252,10130228896671,1783481873052276575
2,8368766600,10130235552485,1783481873058932453
1,8201466596,10130245678464,1783481873069058400
3,8067199925,10130257043361,1783481873080423329
2,8402099933,10130267574814,1783481873090954750
1,8234799929,10130277731928,1783481873101111896
3,8100533258,10130289119194,1783481873112499162
2,8435433266,10130299750199,1783481873123130167
1,8268133262,10130309756560,1783481873133136528
3,8133866591,10130321137554,1783481873144517522
0,8130708585,10130324938856,1783481873148318792
2,8468766599,10130331629870,1783481873155009806
1,8301466595,10130341780009,1783481873165159977
3,8167199924,10130353177482,1783481873176557450
0,8164041918,10130356951232,1783481873180331200
2,8502099932,10130363664134,1783481873187044102
1,8334799928,10130373839553,1783481873197219457
3,8200533257,10130385227138,1783481873208607074
0,8197375251,10130388977080,1783481873212357016
2,8535433265,10130395690175,1783481873219070111
1,8368133261,10130405836569,1783481873229216505
3,8233866590,10130417283899,1783481873240663835
0,8230708584,10130421005104,1783481873244385072
2,8568766598,10130427718551,1783481873251098487
1,8401466594,10130437906194,1783481873261286130
3,8267199923,10130449441652,1783481873272821588
0,8264041917,10130453064553,1783481873276444489
2,8602099931,10130459818128,1783481873283198096
1,8434799927,10130469950090,1783481873293330058
3,8300533256,10130481383820,1783481873304763724
0,8297375250,10130485046209,1783481873308426145
2,8635433264,10130491792104,1783481873315172040
1,8468133260,10130501948322,1783481873325328258
3,8333866589,10130513394276,1783481873336774212
0,8330708583,10130517066809,1783481873340446777
2,8668766597,10130523798336,1783481873347178272
1,8501466593,10130533978714,1783481873357358682
3,8367199922,10130545433020,1783481873368812956
0,8364041916,10130549088945,1783481873372468913
2,8702099930,10130555835160,1783481873379215096
1,8534799926,10130566013043,1783481873389393011
3,8400533255,10130577472884,1783481873400852820
0,8397375249,10130581096329,1783481873404476297
2,8735433263,10130587878896,1783481873411258832
1,8568133259,10130598040747,1783481873421420683
0,8430708582,10130613127618,1783481873436507586
2,8768766596,10130619893801,1783481873443273737
1,8601466592,10130630068835,1783481873453448771
0,8464041915,10130645151578,1783481873468531514
2,8802099929,10130651932577,1783481873475312641
3,8433866588,10130673647422,1783481873497027390
0,8497375248,10130677167250,1783481873500547218
1,8634799925,10130677299539,1783481873500679475
2,8835433262,10130683967833,1783481873507347801
3,8467199921,10130705662966,1783481873529042902
0,8530708581,10130709188170,1783481873532568106
1,8668133258,10130709313355,1783481873532693323
2,8868766595,10130715977169,1783481873539357137
3,8500533254,10130737696078,1783481873561076046
0,8564041914,10130741203138,1783481873564583106
1,8701466591,10130741310947,1783481873564690915
2,8902099928,10130748015402,1783481873571395338
3,8533866587,10130769747239,1783481873593127207
0,8597375247,10130773224155,1783481873596604091
1,8734799924,10130773327419,1783481873596707387
2,8935433261,10130780047714,1783481873603427682
3,8567199920,10130801775519,1783481873625155455
0,8630708580,10130805254131,1783481873628634099
1,8768133257,10130805348467,1783481873628728435
2,8968766594,10130812048890,1783481873635428826
3,8600533253,10130833812311,1783481873657192279
0,8664041913,10130837275947,1783481873660655947
1,8801466590,10130837380492,1783481873660760428
2,9002099927,10130844103410,1783481873667483346
3,8633866586,10130865876592,1783481873689256560
0,8697375246,10130869285923,1783481873692665891
3,8667199919,10130897907784,1783481873721287752
0,8730708579,10130901307516,1783481873724687484
1,8834799923,10130918380478,1783481873741760446
3,8700533252,10130929945600,1783481873753325536
0,8764041912,10130933324468,1783481873756704404
2,9035433260,10130940180859,1783481873763560827
1,8868133256,10130950407414,1783481873773787382
3,8733866585,10130961991545,1783481873785371481
0,8797375245,10130965362796,1783481873788742764
2,9068766593,10130972211603,1783481873795591731
1,8901466589,10130982464462,1783481873805844430
3,8767199918,10130994063409,1783481873817443377
0,8830708578,10130997378404,1783481873820758340
2,9102099926,10131004252908,1783481873827632876
1,8934799922,10131014485799,1783481873837865767
3,8800533251,10131026096617,1783481873849476553
0,8864041911,10131029400732,1783481873852780700
2,9135433259,10131036272420,1783481873859652388
1,8968133255,10131046512255,1783481873869892223
3,8833866584,10131058125986,1783481873881505922
0,8897375244,10131061413685,1783481873884793621
2,9168766592,10131068288700,1783481873891668604
1,9001466588,10131078538487,1783481873901918455
3,8867199917,10131090159738,1783481873913539674
0,8930708577,10131093433805,1783481873916813741
2,9202099925,10131100320148,1783481873923700084
1,9034799921,10131110571215,1783481873933951151
3,8900533250,10131122198706,1783481873945578674
0,8964041910,10131125463685,1783481873948843589
2,9235433258,10131132347181,1783481873955727117
1,9068133254,10131142624360,1783481873966004296
3,8933866583,10131154262411,1783481873977642379
0,8997375243,10131157476765,1783481873980856701
2,9268766591,10131164387141,1783481873987767077
1,9101466587,10131174636928,1783481873998016896
3,8967199916,10131186286915,1783481874009666883
0,9030708576,10131189499093,1783481874012879029
2,9302099924,10131196418429,1783481874019798365
1,9134799920,10131206669016,1783481874030048952
3,9000533249,10131218328571,1783481874041708539
0,9064041909,10131221517934,1783481874044897870
2,9335433257,10131228451862,1783481874051831830
1,9168133253,10131238714737,1783481874062094769
3,9033866582,10131250374804,1783481874073754772
0,9097375242,10131253539878,1783481874076919814
2,9368766590,10131260472654,1783481874083852590
1,9201466586,10131270764969,1783481874094144937
3,9067199915,10131282456492,1783481874105836428
0,9130708575,10131285576126,1783481874108956158
2,9402099923,10131292521382,1783481874115901446
1,9234799919,10131302787393,1783481874126167361
3,9100533248,10131314464645,1783481874137844613
0,9164041908,10131317582871,1783481874140962775
2,9435433256,10131324521342,1783481874147901278
1,9268133252,10131334799994,1783481874158179962
3,9133866581,10131346505661,1783481874169885629
0,9197375241,10131349600879,1783481874172980847
2,9468766589,10131356549303,1783481874179929239
1,9301466585,10131366832306,1783481874190212274
3,9167199914,10131378542325,1783481874201922293
0,9230708574,10131381621543,1783481874205001511
2,9502099922,10131388585967,1783481874211965935
1,9334799918,10131398877322,1783481874222257290
3,9200533247,10131410582318,1783481874233962286
0,9264041907,10131413647039,1783481874237026975
2,9535433255,10131420644040,1783481874244023944
1,9368133251,10131430914915,1783481874254294883
3,9233866580,10131442636230,1783481874266016294
0,9297375240,10131445668856,1783481874269048824
2,9568766588,10131452706304,1783481874276086272
1,9401466584,10131462977915,1783481874286357883
3,9267199913,10131474708767,1783481874298088735
0,9330708573,10131477701744,1783481874301081712
2,9602099921,10131484718104,1783481874308098072
1,9434799917,10131495001235,1783481874318381171
3,9300533246,10131506753975,1783481874330133943
0,9364041906,10131509725512,1783481874333105448
2,9635433254,10131516744177,1783481874340124081
1,9468133250,10131527034764,1783481874350414732
3,9333866579,10131538787279,1783481874362167215
0,9397375239,10131541734848,1783481874365114784
2,9668766587,10131548765609,1783481874372145577
1,9501466583,10131559040612,1783481874382420580
3,9367199912,10131570841256,1783481874394221192
0,9430708572,10131573755193,1783481874397135129
2,9702099920,10131580837985,1783481874404217953
1,9534799916,10131591078684,1783481874414458620
3,9400533245,10131602886144,1783481874426266080
0,9464041905,10131605782321,1783481874429162289
2,9735433253,10131612815673,1783481874436195641
1,9568133249,10131623110613,1783481874446490549
3,9433866578,10131634941305,1783481874458321273
0,9497375238,10131637812649,1783481874461192617
2,9768766586,10131644852114,1783481874468232082
1,9601466582,10131655163533,1783481874478543501
3,9467199911,10131666974161,1783481874490354129
2,9802099919,10131676907018,1783481874500286954
1,9634799915,10131687172773,1783481874510552741
3,9500533244,10131699012137,1783481874522392105
2,9835433252,10131708913634,1783481874532293602
1,9668133248,10131719204670,1783481874542584606
3,9533866577,10131731057730,1783481874554437698
0,9530708571,10131733863890,1783481874557243858
2,9868766585,10131740939259,1783481874564319195
1,9701466581,10131751238582,1783481874574618550
3,9567199910,10131763100986,1783481874586480922
0,9564041904,10131765887434,1783481874589267370
2,9902099918,10131773004595,1783481874596384563
1,9734799914,10131783267918,1783481874606647886
3,9600533243,10131795141907,1783481874618521875
0,9597375237,10131797901571,1783481874621281539
2,9935433251,10131804998763,1783481874628378731
1,9768133247,10131815307271,1783481874638687239
3,9633866576,10131827194539,1783481874650574475
0,9630708570,10131829922907,1783481874653302843
2,9968766584,10131837103108,1783481874660483076
1,9801466580,10131847346623,1783481874670726559
3,9667199909,10131859231459,1783481874682611395
0,9664041903,10131861949075,1783481874685329011
2,10002099917,10131869058972,1783481874692438940
1,9834799913,10131879365943,1783481874702745911
3,9700533242,10131891273788,1783481874714653756
0,9697375236,10131893962571,1783481874717342539
2,10035433250,10131901066612,1783481874724446548
1,9868133246,10131911399344,1783481874734779280
3,9733866575,10131923280180,1783481874746660116
0,9730708569,10131925978660,1783481874749358596
2,10068766583,10131933079852,1783481874756459820
1,9901466579,10131943429000,1783481874766808968
3,9767199908,10131955312588,1783481874778692556
0,9764041902,10131958003228,1783481874781383196
2,10102099916,10131965110341,1783481874788490309
1,9934799912,10131975469408,1783481874798849376
3,9800533241,10131987358341,1783481874810738309
0,9797375235,10131990035796,1783481874813415732
2,10135433249,10131997135165,1783481874820515133
1,9968133245,10132007524025,1783481874830903929
0,9830708568,10132022070189,1783481874845450157
2,10168766582,10132029179701,1783481874852559669
1,10001466578,10132039532465,1783481874862912401
0,9864041901,10132054070149,1783481874877450117
2,10202099915,10132061201806,1783481874884581774
3,9833866574,10132083492142,1783481874906872110
0,9897375234,10132086084957,1783481874909464893
1,10034799911,10132086172829,1783481874909552765
2,10235433248,10132093217958,1783481874916597926
3,9867199907,10132115525414,1783481874938905382
0,9930708567,10132118107157,1783481874941487125
1,10068133244,10132118190390,1783481874941570326
2,10268766581,10132125245950,1783481874948625918
3,9900533240,10132147564159,1783481874970944127
0,9964041900,10132150119725,1783481874973499661
1,10101466577,10132150200942,1783481874973580910
2,10302099914,10132157277175,1783481874980657143
3,9933866573,10132179604855,1783481875002984823
0,9997375233,10132182139942,1783481875005519910
1,10134799910,10132182221798,1783481875005601734
2,10335433247,10132189311087,1783481875012691055
3,9967199906,10132211654704,1783481875035034672
0,10030708566,10132214167102,1783481875037547038
1,10168133243,10132214251454,1783481875037631422
2,10368766580,10132221339559,1783481875044719495
3,10000533239,10132243709544,1783481875067089544
0,10064041899,10132246186646,1783481875069566614
1,10201466576,10132246279735,1783481875069659671
2,10402099913,10132253367712,1783481875076747680
3,10033866572,10132275775137,1783481875099155105
0,10097375232,10132278239439,1783481875101619375
3,10067199905,10132307825625,1783481875131205561
0,10130708565,10132310233639,1783481875133613575
1,10234799909,10132327837132,1783481875151217068
3,10100533238,10132339820305,1783481875163200273
0,10164041898,10132342266847,1783481875165646783
2,10435433246,10132349460937,1783481875172840905
1,10268133242,10132359858981,1783481875183238949
3,10133866571,10132371858026,1783481875195237994
0,10197375231,10132374276248,1783481875197656184
2,10468766579,10132381480321,1783481875204860385
1,10301466575,10132391891197,1783481875215271165
3,10167199904,10132403899682,1783481875227279714
0,10230708564,10132406289872,1783481875229669808
2,10502099912,10132413519641,1783481875236899609
1,10334799908,10132423928213,1783481875247308149
3,10200533237,10132435952987,1783481875259333051
0,10264041897,10132438319496,1783481875261699464
2,10535433245,10132445581490,1783481875268961426
1,10368133241,10132456031726,1783481875279411694
3,10233866570,10132468043379,1783481875291423347
0,10297375230,10132470347809,1783481875293727745
2,10568766578,10132477613194,1783481875300993130
1,10401466574,10132488039558,1783481875311419494
3,10267199903,10132500099148,1783481875323479084
0,10330708563,10132502369977,1783481875325749945
2,10602099911,10132509731587,1783481875333111555
1,10434799907,10132520070751,1783481875343450687
3,10300533236,10132532088164,1783481875355468132
0,10364041896,10132534395729,1783481875357775665
2,10635433244,10132541634843,1783481875365014811
1,10468133240,10132552054743,1783481875375434711
3,10333866569,10132564135900,1783481875387515868
0,10397375229,10132566410281,1783481875389790249
2,10668766577,10132573667731,1783481875397047667
1,10501466573,10132584053519,1783481875407433487
3,10367199902,10132596169333,1783481875419549301
0,10430708562,10132598426050,1783481875421806050
2,10702099910,10132605692236,1783481875429072172
1,10534799906,10132616120680,1783481875439500648
3,10400533235,10132628203661,1783481875451583597
0,10464041895,10132630444922,1783481875453824890
2,10735433243,10132637719428,1783481875461099396
1,10568133239,10132648154176,1783481875471534144
3,10433866568,10132660284934,1783481875483664838
0,10497375228,10132662467730,1783481875485847666
2,10768766576,10132669765756,1783481875493145724
1,10601466572,10132680217945,1783481875503597881
3,10467199901,10132692327966,1783481875515707902
0,10530708561,10132694487531,1783481875517867467
2,10802099909,10132701784341,1783481875525164277
1,10634799905,10132712224593,1783481875535604561
3,10500533234,10132724338679,1783481875547718583
0,10564041894,10132726503619,1783481875549883587
2,10835433242,10132733796365,1783481875557176301
1,10668133238,10132744256937,1783481875567636905
3,10533866567,10132756377455,1783481875579757423
0,10597375227,10132758526075,1783481875581906011
2,10868766575,10132765835461,1783481875589215397
1,10701466571,10132776286626,1783481875599666562
3,10567199900,10132788421671,1783481875611801639
0,10630708560,10132790550324,1783481875613930260
2,10902099908,10132797866462,1783481875621246398
1,10734799904,10132808331194,1783481875631711130
3,10600533233,10132820464448,1783481875643844416
0,10664041893,10132822567500,1783481875645947436
2,10935433241,10132829883382,1783481875653263318
1,10768133237,10132840356530,1783481875663736498
3,10633866566,10132852509368,1783481875675889304
0,10697375226,10132854604868,1783481875677984836
2,10968766574,10132861948495,1783481875685328431
1,10801466570,10132872418795,1783481875695798763
3,10667199899,10132884560977,1783481875707940945
0,10730708559,10132886607677,1783481875709987613
2,11002099907,10132893987879,1783481875717367815
1,10834799903,10132904436803,1783481875727816771
3,10700533232,10132916589417,1783481875739969385
0,10764041892,10132918636053,1783481875742015989
2,11035433240,10132925974207,1783481875749354175
1,10868133236,10132936456187,1783481875759836091
3,10733866565,10132948632866,1783481875772012834
0,10797375225,10132950657421,1783481875774037357
2,11068766573,10132958004023,1783481875781383991
1,10901466569,10132968483860,1783481875791863796
3,10767199898,10132980679226,1783481875804059194
0,10830708558,10132982679045,1783481875806059013
2,11102099906,10132990045424,1783481875813425392
1,10934799902,10133000522604,1783481875823902572
3,10800533231,10133012721746,1783481875836101682
0,10864041891,10133014700702,1783481875838080670
2,11135433239,10133022060648,1783481875845440648
1,10968133235,10133032555493,1783481875855935429
3,10833866564,10133044763723,1783481875868143691
0,10897375224,10133046717558,1783481875870097494
2,11168766572,10133054087169,1783481875877467169
1,11001466568,10133064601693,1783481875887981661
3,10867199897,10133076843588,1783481875900223524
2,11202099905,10133086126009,1783481875909506009
1,11034799901,10133096653270,1783481875920033206
3,10900533230,10133108869660,1783481875932249756
2,11235433238,10133118150673,1783481875941530609
1,11068133234,10133128653902,1783481875952033870
3,10933866563,10133140888148,1783481875964268084
0,10930708557,10133142789823,1783481875966169791
2,11268766571,10133150173290,1783481875973553226
1,11101466567,10133160681766,1783481875984061734
3,10967199896,10133172926861,1783481875996306797
0,10964041890,10133174813239,1783481875998193367
2,11302099904,10133182199970,1783481876005579938
1,11134799900,10133192712478,1783481876016092446
3,11000533229,10133204970341,1783481876028350309
0,10997375223,10133206819344,1783481876030199344
2,11335433237,10133214244250,1783481876037624250
1,11168133233,10133224746743,1783481876048126711
3,11033866562,10133237034942,1783481876060414910
0,11030708556,10133238849224,1783481876062229192
2,11368766570,10133246283315,1783481876069663283
1,11201466566,10133256787055,1783481876080166991
3,11067199895,10133269109366,1783481876092489430
0,11064041889,10133270872384,1783481876094252352
2,11402099903,10133278318891,1783481876101698859
1,11234799899,10133288820328,1783481876112200264
3,11100533228,10133301150447,1783481876124530383
0,11097375222,10133302896601,1783481876126276537
2,11435433236,10133310341764,1783481876133721732
1,11268133232,10133320851616,1783481876144231520
3,11133866561,10133333151143,1783481876156531079
0,11130708555,10133334911409,1783481876158291345
2,11468766569,10133342393404,1783481876165773340
1,11301466565,10133352884665,1783481876176264601
3,11167199894,10133365200928,1783481876188580896
0,11164041888,10133366932394,1783481876190312362
2,11502099902,10133374395028,1783481876197774996
1,11334799898,10133384912753,1783481876208292689
3,11200533227,10133397235384,1783481876220615320
0,11197375221,10133398948770,1783481876222328738
2,11535433235,10133406426349,1783481876229806381
1,11368133231,10133416943689,1783481876240323657
0,11230708554,10133430974330,1783481876254354266
2,11568766568,10133438459045,1783481876261838981
1,11401466564,10133448976418,1783481876272356386
0,11264041887,10133463003571,1783481876286383507
2,11602099901,10133470520062,1783481876293900030
3,11233866560,10133493401410,1783481876316781314
0,11297375220,10133495023723,1783481876318403691
1,11434799897,10133495164748,1783481876318544684
2,11635433234,10133502537974,1783481876325917942
3,11267199893,10133525455578,1783481876348835546
0,11330708553,10133527040963,1783481876350420867
1,11468133230,10133527158372,1783481876350538340
2,11668766567,10133534531470,1783481876357911406
3,11300533226,10133557496339,1783481876380876307
0,11364041886,10133559060508,1783481876382440444
1,11501466563,10133559182396,1783481876382562396
2,11702099900,10133566603815,1783481876389983783
3,11333866559,10133589506315,1783481876412886283
0,11397375219,10133591077364,1783481876414457300
1,11534799896,10133591198901,1783481876414578837
2,11735433233,10133598588735,1783481876421968671
3,11367199892,10133621535203,1783481876444915203
0,11430708552,10133623092300,1783481876446472236
1,11568133229,10133623182573,1783481876446562541
2,11768766566,10133630612632,1783481876453992568
3,11400533225,10133653587228,1783481876476967260
0,11464041885,10133655115045,1783481876478494949
1,11601466562,10133655204293,1783481876478584229
2,11802099899,10133662683664,1783481876486063632
3,11433866558,10133685665845,1783481876509045813
0,11497375218,10133687139325,1783481876510519293
3,11467199891,10133717681261,1783481876541061293
0,11530708551,10133719155925,1783481876542535861
1,11634799895,10133737284606,1783481876560664638
3,11500533224,10133749699813,1783481876573079781
0,11564041884,10133751187758,1783481876574567694
2,11835433232,10133758735033,1783481876582114969
1,11668133228,10133769315478,1783481876592695414
3,11533866557,10133781738558,1783481876605118526
0,11597375217,10133783191046,1783481876606571014
2,11868766565,10133790777202,1783481876614157170
1,11701466561,10133801343247,1783481876624723183
3,11567199890,10133813782934,1783481876637162902
0,11630708550,10133815217054,1783481876638596990
2,11902099898,10133822797930,1783481876646177866
1,11734799894,10133833375751,1783481876656755719
3,11600533223,10133845830735,1783481876669210735
0,11664041883,10133847239703,1783481876670619671
2,11935433231,10133854835267,1783481876678215203
1,11768133227,10133865431648,1783481876688811616
3,11633866556,10133877891207,1783481876701271143
0,11697375216,10133879264623,1783481876702644591
2,11968766564,10133886875675,1783481876710255643
1,11801466560,10133897470072,1783481876720850040
3,11667199889,10133909923232,1783481876733303200
0,11730708549,10133911288680,1783481876734668648
2,12002099897,10133918876147,1783481876742256083
1,11834799893,10133929484496,1783481876752864432
3,11700533222,10133941949752,1783481876765329720
0,11764041882,10133943297024,1783481876766676992
2,12035433230,10133950906860,1783481876774286796
1,11868133226,10133961507177,1783481876784887145
3,11733866555,10133973994801,1783481876797374801
0,11797375215,10133975320376,1783481876798700344
2,12068766563,10133982927812,1783481876806307780
1,11901466559,10133993535009,1783481876816914945
3,11767199888,10134006035241,1783481876829415177
0,11830708548,10134007342161,1783481876830722161
2,12102099896,10134014961500,1783481876838341468
1,11934799892,10134025574746,1783481876848954714
3,11800533221,10134038071010,1783481876861450946
0,11864041881,10134039382313,1783481876862762377
2,12135433229,10134046985621,1783481876870365621
1,11968133225,10134057608082,1783481876880988050
3,11833866554,10134070154810,1783481876893534778
0,11897375214,10134071388993,1783481876894768929
2,12168766562,10134079060110,1783481876902440046
1,12001466558,10134089668427,1783481876913048363
3,11867199887,10134102199347,1783481876925579315
0,11930708547,10134103412250,1783481876926792250
2,12202099895,10134111057254,1783481876934437190
1,12034799891,10134121678083,1783481876945058019
3,11900533220,10134134217707,1783481876957597771
0,11964041880,10134135429362,1783481876958809330
2,12235433228,10134143079198,1783481876966459166
1,12068133224,10134153708507,1783481876977088475
3,11933866553,10134166256548,1783481876989636484
0,11997375213,10134167446378,1783481876990826314
2,12268766561,10134175124279,1783481876998504247
1,12101466557,10134185741428,1783481877009121396
3,11967199886,10134198296860,1783481877021676796
0,12030708546,10134199468003,1783481877022847939
2,12302099894,10134207138223,1783481877030518191
1,12134799890,10134217771148,1783481877041151116
3,12000533219,10134230354965,1783481877053734933
0,12064041879,10134231498715,1783481877054878683
2,12335433227,10134239167207,1783481877062547175
1,12168133223,10134249815109,1783481877073195013
3,12033866552,10134262413357,1783481877085793325
0,12097375212,10134263531028,1783481877086910964
2,12368766560,10134271231488,1783481877094611456
1,12201466556,10134281872765,1783481877105252733
3,12067199885,10134294455270,1783481877117835238
0,12130708545,10134295541260,1783481877118921196
2,12402099893,10134303237400,1783481877126617368
1,12234799889,10134313882134,1783481877137262070
3,12100533218,10134326467966,1783481877149847902
0,12164041878,10134327554628,1783481877150934596
2,12435433226,10134335247281,1783481877158627249
1,12268133222,10134345910862,1783481877169290798
3,12133866551,10134358503703,1783481877181883639
0,12197375211,10134359570365,1783481877182950333
2,12468766559,10134367285289,1783481877190665257
1,12301466555,10134377934599,1783481877201314567
3,12167199884,10134390552335,1783481877213932271
0,12230708544,10134391594933,1783481877214974901
2,12502099892,10134399316034,1783481877222695970
1,12334799888,10134409962975,1783481877233342911
3,12200533217,10134422593992,1783481877245973960
0,12264041877,10134423613998,1783481877246993934
2,12535433225,10134431345018,1783481877254725018
1,12368133221,10134442002775,1783481877265382711
3,12233866550,10134454649184,1783481877278029152
0,12297375210,10134455640294,1783481877279020230
2,12568766558,10134463382739,1783481877286762707
1,12401466554,10134474066704,1783481877297446736
3,12267199883,10134486691321,1783481877310071417
2,12602099891,10134495483179,1783481877318863115
1,12434799887,10134506114985,1783481877329494921
3,12300533216,10134518764786,1783481877342144690
2,12635433224,10134527454372,1783481877350834340
1,12468133220,10134538150145,1783481877361530113
3,12333866549,10134550806218,1783481877374186186
0,12330708543,10134551716911,1783481877375096879
2,12668766557,10134559499068,1783481877382879036
1,12501466553,10134570174874,1783481877393554842
3,12367199882,10134582841507,1783481877406221475
0,12364041876,10134583728872,1783481877407108808
2,12702099890,10134591662357,1783481877415042325
1,12534799886,10134602211346,1783481877425591314
3,12400533215,10134614892635,1783481877438272603
0,12397375209,10134615776896,1783481877439156864
2,12735433223,10134623553485,1783481877446933421
1,12568133219,10134634239275,1783481877457619243
3,12433866548,10134646936180,1783481877470316116
0,12430708542,10134647780025,1783481877471159993
2,12768766556,10134655588037,1783481877478968005
1,12601466552,10134666272099,1783481877489652035
3,12467199881,10134678962988,1783481877502342924
0,12464041875,10134679793265,1783481877503173233
2,12802099889,10134687609598,1783481877510989566
1,12634799885,10134698296475,1783481877521676443
3,12500533214,10134711016901,1783481877534396869
0,12497375208,10134711817257,1783481877535197161
2,12835433222,10134719641750,1783481877543021686
1,12668133218,10134730337012,1783481877553716980
3,12533866547,10134743061917,1783481877566441853
0,12530708541,10134743842786,1783481877567222722
2,12868766555,10134751733551,1783481877575113519
1,12701466551,10134762373164,1783481877585753132
3,12567199880,10134775105974,1783481877598485910
0,12564041874,10134775859482,1783481877599239450
2,12902099888,10134783722471,1783481877607102439
1,12734799884,10134794375653,1783481877617755621
3,12600533213,10134807156814,1783481877630536782
0,12597375207,10134807878610,1783481877631258546
2,12935433221,10134815711712,1783481877639091648
1,12768133217,10134826406909,1783481877649786941
0,12630708540,10134839949259,1783481877663329291
2,12968766554,10134847753144,1783481877671133208
1,12801466550,10134858476694,1783481877681856758
0,12664041873,10134871961508,1783481877695341540
2,13002099887,10134879776369,1783481877703156401
3,12633866546,10134903289752,1783481877726669688
0,12697375206,10134903970844,1783481877727350812
1,12834799883,10134904133757,1783481877727513693
2,13035433220,10134911821897,1783481877735201833
3,12667199879,10134935321296,1783481877758701264
0,12730708539,10134935964852,1783481877759344788
1,12868133216,10134936131349,1783481877759511285
2,13068766553,10134943840865,1783481877767220801
3,12700533212,10134967364169,1783481877790744105
0,12764041872,10134967985837,1783481877791365805
1,12901466549,10134968139917,1783481877791519885
2,13102099886,10134975864634,1783481877799244570
3,12733866545,10134999382657,1783481877822762625
0,12797375205,10135000011493,1783481877823391461
1,12934799882,10135000154438,1783481877823534374
2,13135433219,10135007864306,1783481877831244274
3,12767199878,10135031418874,1783481877854798810
0,12830708538,10135032033437,1783481877855413373
1,12968133215,10135032125054,1783481877855504990
2,13168766552,10135039885291,1783481877863265227
3,12800533211,10135063477714,1783481877886857650
0,12864041871,10135064055318,1783481877887435254
1,13001466548,10135064157494,1783481877887537462
2,13202099885,10135071928803,1783481877895308739
3,12833866544,10135095557963,1783481877918937899
0,12897375204,10135096060782,1783481877919440750
3,12867199877,10135127572804,1783481877950952772
0,12930708537,10135128052294,1783481877951432230
1,13034799881,10135146737234,1783481877970117170
3,12900533210,10135159588092,1783481877982968060
0,12964041870,10135160103423,1783481877983483391
2,13235433218,10135168022285,1783481877991402221
1,13068133214,10135178758858,1783481878002138794
3,12933866543,10135191625108,1783481878015005076
0,12997375203,10135192130391,1783481878015510359
2,13268766551,10135200050085,1783481878023430053
1,13101466547,10135210793987,1783481878034173955
3,12967199876,10135223668461,1783481878047048429
0,13030708536,10135224143024,1783481878047522992
2,13302099884,10135232057565,1783481878055437501
1,13134799880,10135242838939,1783481878066218875
3,13000533209,10135255721350,1783481878079101286
0,13064041869,10135256168616,1783481878079548584
2,13335433217,10135264096726,1783481878087476662
1,13168133213,10135274875604,1783481878098255572
3,13033866542,10135287792734,1783481878111172702
0,13097375202,10135288189697,1783481878111569633
2,13368766550,10135296146095,1783481878119526031
1,13201466546,10135306905005,1783481878130285037
3,13067199875,10135319802871,1783481878143182839
0,13130708535,10135320204761,1783481878143584697
2,13402099883,10135328151783,1783481878151531751
1,13234799879,10135338922757,1783481878162302725
3,13100533208,10135351835439,1783481878175215407
0,13164041868,10135352223602,1783481878175603538
2,13435433216,10135360185023,1783481878183564991
1,13268133212,10135370952093,1783481878194332029
3,13133866541,10135383873640,1783481878207253608
0,13197375201,10135384243018,1783481878207622954
2,13468766549,10135392215032,1783481878215595000
1,13301466545,10135402951094,1783481878226331062
3,13167199874,10135415893472,1783481878239273408
0,13230708534,10135416274019,1783481878239653955
2,13502099882,10135424230192,1783481878247610160
1,13334799878,10135435029167,1783481878258409135
3,13200533207,10135447978041,1783481878271358009
0,13264041867,10135448291995,1783481878271671963
2,13535433215,10135456282505,1783481878279662473
1,13368133211,10135467088039,1783481878290468007
3,13233866540,10135480053682,1783481878303433650
0,13297375200,10135480329459,1783481878303709395
2,13568766548,10135488321410,1783481878311701346
1,13401466544,10135499116096,1783481878322496064
3,13267199873,10135512085162,1783481878335465130
0,13330708533,10135512337228,1783481878335717164
2,13602099881,10135520344890,1783481878343724858
1,13434799877,10135531141560,1783481878354521496
3,13300533206,10135544096227,1783481878367476163
0,13364041866,10135544368772,1783481878367748740
2,13635433214,10135552391187,1783481878375771123
1,13468133210,10135563173009,1783481878386552945
3,13333866539,10135576145435,1783481878399525339
0,13397375199,10135576381885,1783481878399761821
2,13668766547,10135584385259,1783481878407765227
1,13501466543,10135595224521,1783481878418604489
3,13367199872,10135608188692,1783481878431568660
0,13430708532,10135608402773,1783481878431782741
2,13702099880,10135616425987,1783481878439805923
1,13534799876,10135627224194,1783481878450604162
3,13400533205,10135640216652,1783481878463596588
0,13464041865,10135640421454,1783481878463801422
2,13735433213,10135648471804,1783481878471851740
1,13568133209,10135659275450,1783481878482655418
3,13433866538,10135672287269,1783481878495667205
0,13497375198,10135672441926,1783481878495821862
2,13768766546,10135680490228,1783481878503870164
1,13601466542,10135691308659,1783481878514688563
3,13467199871,10135704325630,1783481878527705566
0,13530708531,10135704466623,1783481878527846559
2,13802099879,10135712522125,1783481878535902093
1,13634799875,10135723338123,1783481878546718059
3,13500533204,10135736371542,1783481878559751510
0,13564041864,10135736486071,1783481878559866039
2,13835433212,10135744571750,1783481878567951718
1,13668133208,10135755377060,1783481878578756996
3,13533866537,10135768416047,1783481878591795983
0,13597375197,10135768514064,1783481878591894000
2,13868766545,10135776572446,1783481878599952414
1,13701466541,10135787406172,1783481878610786108
3,13567199870,10135800450151,1783481878623830119
0,13630708530,10135800531336,1783481878623911304
2,13902099878,10135808602230,1783481878631982166
1,13734799874,10135819430261,1783481878642810197
3,13600533203,10135832480320,1783481878655860256
0,13664041863,10135832553056,1783481878655932992
2,13935433211,10135840635727,1783481878664015695
1,13768133207,10135851477517,1783481878674857453
3,13633866536,10135864531737,1783481878687911705
0,13697375196,10135864577529,1783481878687957497
2,13968766544,10135872655079,1783481878696035047
1,13801466540,10135883477766,1783481878706857734
3,13667199869,10135896573169,1783481878719953137
2,14002099877,10135904681984,1783481878728061952
1,13834799873,10135915530718,1783481878738910686
3,13700533202,10135928622922,1783481878752002890
2,14035433210,10135936717784,1783481878760097752
1,13868133206,10135947595895,1783481878770975863
0,13730708529,10135960675682,1783481878784055650
3,13733866535,10135960729667,1783481878784109603
2,14068766543,10135968793809,1783481878792173745
1,13901466539,10135979613616,1783481878802993584
0,13764041862,10135992679579,1783481878816059547
3,13767199868,10135992690363,1783481878816070331
2,14102099876,10136000769353,1783481878824149321
1,13934799872,10136011660392,1783481878835040328
0,13797375195,10136024697459,1783481878848077747
3,13800533201,10136024781748,1783481878848161684
2,14135433209,10136032802274,1783481878856182242
1,13968133205,10136043665088,1783481878867045024
0,13830708528,10136056717356,1783481878880097324
3,13833866534,10136056773420,1783481878880153356
2,14168766542,10136064832922,1783481878888212858
1,14001466538,10136075741977,1783481878899121945
0,13864041861,10136088749956,1783481878912129924
3,13867199867,10136088819237,1783481878912199205
2,14202099875,10136096866867,1783481878920246803
1,14034799871,10136107724657,1783481878931104625
0,13897375194,10136120745244,1783481878944125180
3,13900533200,10136120854237,1783481878944234237
2,14235433208,10136128879147,1783481878952259211
1,14068133204,10136139750858,1783481878963130794
0,13930708527,10136152760405,1783481878976140373
3,13933866533,10136152902134,1783481878976282070
2,14268766541,10136160960196,1783481878984340132
1,14101466537,10136171794979,1783481878995174915
0,13964041860,10136184800397,1783481879008180333
3,13967199866,10136184939342,1783481879008319310
2,14302099874,10136192940924,1783481879016320892
1,14134799870,10136203819035,1783481879027199003
0,13997375193,10136216805286,1783481879040185286
3,14000533199,10136216983079,1783481879040363079
2,14335433207,10136224959605,1783481879048339573
1,14168133203,10136235866676,1783481879059246612
0,14030708526,10136248832670,1783481879072212638
2,14368766540,10136256991405,1783481879080371341
1,14201466536,10136267895052,1783481879091275020
0,14064041859,10136280903063,1783481879104282999
2,14402099873,10136289119494,1783481879112499430
0,14097375192,10136312906000,1783481879136285968
3,14033866532,10136313111281,1783481879136491249
1,14234799869,10136313305330,1783481879136685298
0,14130708525,10136344928456,1783481879168308392
3,14067199865,10136345147145,1783481879168527081
1,14268133202,10136345346058,1783481879168725994
0,14164041858,10136376938752,1783481879200318688
3,14100533198,10136377189474,1783481879200569442
1,14301466535,10136377349251,1783481879200729219
0,14197375191,10136408961241,1783481879232341177
3,14133866531,10136409232827,1783481879232612763
1,14334799868,10136409395483,1783481879232775419
2,14435433206,10136417919565,1783481879241299533
1,14368133201,10136428067623,1783481879251447559
0,14230708524,10136440972081,1783481879264352017
3,14167199864,10136441276499,1783481879264656467
0,14264041857,10136473018634,1783481879296398602
3,14200533197,10136473330860,1783481879296710828
1,14401466534,10136473522445,1783481879296902413
2,14468766539,10136473523149,1783481879296903117
0,14297375190,10136505049667,1783481879328429635
3,14233866530,10136505374789,1783481879328754725
2,14502099872,10136505528229,1783481879328908197
0,14330708523,10136537062203,1783481879360442171
3,14267199863,10136537406013,1783481879360785981
2,14535433205,10136537551678,1783481879360931614
1,14434799867,10136556233258,1783481879379613226
0,14364041856,10136569079892,1783481879392459828
3,14300533196,10136569446870,1783481879392826838
2,14568766538,10136569588022,1783481879392967990
1,14468133200,10136588256162,1783481879411636130
0,14397375189,10136601097452,1783481879424477388
3,14333866529,10136601490190,1783481879424870158
2,14602099871,10136601622095,1783481879425002063
1,14501466533,10136620292987,1783481879443672955
0,14430708522,10136633124485,1783481879456504453
3,14367199862,10136633545575,1783481879456925543
2,14635433204,10136633683304,1783481879457063240
1,14534799866,10136652345299,1783481879475725235
0,14464041855,10136665118909,1783481879488498877
3,14400533195,10136665586176,1783481879488966112
2,14668766537,10136665712288,1783481879489092256
1,14568133199,10136684366476,1783481879507746444
0,14497375188,10136697144693,1783481879520524661
3,14433866528,10136697629752,1783481879521009720
2,14702099870,10136697790937,1783481879521170905
1,14601466532,10136716391716,1783481879539771652
0,14530708521,10136729174030,1783481879552553966
3,14467199861,10136729665265,1783481879553045233
2,14735433203,10136729802610,1783481879553182578
1,14634799865,10136748424541,1783481879571804477
0,14564041854,10136761194054,1783481879584574022
3,14500533194,10136761722730,1783481879585102730
2,14768766536,10136761857866,1783481879585237802
1,14668133198,10136780456245,1783481879603836181
0,14597375187,10136793210303,1783481879616590271
3,14533866527,10136793750882,1783481879617130818
2,14802099869,10136793890083,1783481879617270019
1,14701466531,10136812489038,1783481879635869006
0,14630708520,10136825236983,1783481879648616919
3,14567199860,10136825790843,1783481879649170779
2,14835433202,10136825889723,1783481879649269659
1,14734799864,10136844517927,1783481879667897895
0,14664041853,10136857249552,1783481879680629456
3,14600533193,10136857833491,1783481879681213427
2,14868766535,10136857926644,1783481879681306612
1,14768133197,10136876553983,1783481879699933951
0,14697375186,10136889275816,1783481879712655784
3,14633866526,10136889882316,1783481879713262284
2,14902099868,10136889993037,1783481879713372973
1,14801466530,10136908578968,1783481879731958936
0,14730708519,10136921583107,1783481879744963043
3,14667199859,10136922004997,1783481879745384965
2,14935433201,10136922185414,1783481879745565350
1,14834799863,10136940616528,1783481879763996496
0,14764041852,10136953325497,1783481879776705433
3,14700533192,10136953972381,1783481879777352349
2,14968766534,10136954113790,1783481879777493758
1,14868133196,10136972650729,1783481879796030665
0,14797375185,10136985344882,1783481879808724818
3,14733866525,10136986018614,1783481879809398582
2,15002099867,10136986143223,1783481879809523159
1,14901466529,10137004676801,1783481879828056769
0,14830708518,10137017345002,1783481879840724938
3,14767199858,10137018053966,1783481879841433902
2,15035433200,10137018170639,1783481879841550607
1,14934799862,10137036692730,1783481879860072698
0,14864041851,10137049356611,1783481879872736579
3,14800533191,10137050091623,1783481879873471591
2,15068766533,10137050194408,1783481879873574376
1,14968133195,10137068727922,1783481879892107826
0,14897375184,10137081373467,1783481879904753435
3,14833866524,10137082136416,1783481879905516384
2,15102099866,10137082242720,1783481879905622688
1,15001466528,10137100748779,1783481879924128747
0,14930708517,10137113391188,1783481879936771188
3,14867199857,10137114174264,1783481879937554200
2,15135433199,10137114272441,1783481879937652409
1,15034799861,10137132785027,1783481879956164963
0,14964041850,10137145412780,1783481879968792748
3,14900533190,10137146217265,1783481879969597201
2,15168766532,10137146307793,1783481879969687761
1,15068133194,10137164806556,1783481879988186524
0,14997375183,10137177432453,1783481880000812421
3,14933866523,10137178261641,1783481880001641609
2,15202099865,10137178358154,1783481880001738122
1,15101466527,10137196851733,1783481880020231701
0,15030708516,10137209462237,1783481880032842205
3,14967199856,10137210304194,1783481880033684162
2,15235433198,10137210392515,1783481880033772483
1,15134799860,10137228877325,1783481880052257261
0,15064041849,10137241493078,1783481880064873046
3,15000533189,10137242345275,1783481880065725243
2,15268766531,10137242437659,1783481880065817595
1,15168133193,10137260927526,1783481880084307494
0,15097375182,10137273522318,1783481880096902318
3,15033866522,10137274392244,1783481880097772276
2,15302099864,10137274487636,1783481880097867604
1,15201466526,10137292979679,1783481880116359711
3,15067199855,10137306462124,1783481880129842156
2,15335433197,10137314980957,1783481880138360925
1,15234799859,10137324967863,1783481880148347831
3,15100533188,10137338485925,1783481880161865893
1,15268133192,10137357003664,1783481880180383632
0,15130708515,10137369579448,1783481880192959416
3,15133866521,10137370527198,1783481880193907166
2,15368766530,10137370653182,1783481880194033118
1,15301466525,10137389070152,1783481880212450088
0,15164041848,10137401617009,1783481880224996977
3,15167199854,10137402573974,1783481880225953910
2,15402099863,10137402708439,1783481880226088407
1,15334799858,10137421100097,1783481880244480065
0,15197375181,10137433622633,1783481880257002601
3,15200533187,10137434610479,1783481880257990415
2,15435433196,10137434741360,1783481880258121296
1,15368133191,10137453138170,1783481880276518138
0,15230708514,10137465657186,1783481880289037154
3,15233866520,10137466662280,1783481880290042312
2,15468766529,10137466913417,1783481880290293385
1,15401466524,10137485182770,1783481880308562738
0,15264041847,10137497714203,1783481880321094171
3,15267199853,10137498705216,1783481880322085184
2,15502099862,10137498962242,1783481880322342178
1,15434799857,10137517203243,1783481880340583179
0,15297375180,10137529721843,1783481880353101811
3,15300533186,10137531577822,1783481880354957790
2,15535433195,10137531838719,1783481880355218655
1,15468133190,10137549249348,1783481880372629284
0,15330708513,10137561740492,1783481880385120460
3,15333866519,10137562788850,1783481880386168786
2,15568766528,10137562930674,1783481880386310610
1,15501466523,10137581281276,1783481880404661212
0,15364041846,10137593751876,1783481880417131812
3,15367199852,10137594837066,1783481880418217002
2,15602099861,10137594979083,1783481880418359051
1,15534799856,10137613311637,1783481880436691573
0,15397375179,10137625754684,1783481880449134588
3,15400533185,10137626869187,1783481880450249123
2,15635433194,10137626995748,1783481880450375716
1,15568133189,10137645315725,1783481880468695693
0,15430708512,10137657752469,1783481880481132437
2,15668766527,10137666375943,1783481880489755911
1,15601466522,10137677371142,1783481880500751078
0,15464041845,10137689817582,1783481880513197550
0,15497375178,10137721812070,1783481880545192038
3,15433866518,10137722986669,1783481880546366637
1,15634799855,10137723134542,1783481880546514510
0,15530708511,10137753819967,1783481880577199935
3,15467199851,10137755025381,1783481880578405317
1,15668133188,10137755153158,1783481880578533094
0,15564041844,10137785837527,1783481880609217463
3,15500533184,10137787067070,1783481880610447006
1,15701466521,10137787178175,1783481880610558143
2,15702099860,10137787456576,1783481880610836544
0,15597375177,10137817858512,1783481880641238448
3,15533866517,10137819109911,1783481880642489847
1,15734799854,10137819245240,1783481880642625208
2,15735433193,10137819250136,1783481880642630104
0,15630708510,10137849883080,1783481880673263016
3,15567199850,10137851153711,1783481880674533679
2,15768766526,10137851300816,1783481880674680752
1,15768133187,10137851309040,1783481880674688976
2,15802099859,10137874878328,1783481880698258264
1,15801466520,10137874903096,1783481880698283032
0,15664041843,10137881922241,1783481880705302241
3,15600533183,10137883201448,1783481880706581384
0,15697375176,10137913964441,1783481880737344409
3,15633866516,10137915248641,1783481880738628737
2,15835433192,10137915383106,1783481880738763074
0,15730708509,10137945942962,1783481880769322930
3,15667199849,10137947276249,1783481880770656185
2,15868766525,10137947380410,1783481880770760314
1,15834799853,10137965632995,1783481880789012963
0,15764041842,10137977954826,1783481880801334794
3,15700533182,10137979322802,1783481880802702770
2,15902099858,10137979414259,1783481880802794227
1,15868133186,10137997664220,1783481880821044188
0,15797375175,10138009977923,1783481880833357891
3,15733866515,10138011361739,1783481880834741707
2,15935433191,10138011448555,1783481880834828491
1,15901466519,10138029698644,1783481880853078612
0,15830708508,10138042001947,1783481880865381915
3,15767199848,10138043405923,1783481880866785891
2,15968766524,10138043514660,1783481880866894596
1,15934799852,10138061734925,1783481880885114861
0,15864041841,10138074016724,1783481880897396788
3,15800533181,10138075444476,1783481880898824444
2,16002099857,10138075566845,1783481880898946813
1,15968133185,10138093768358,1783481880917148358
0,15897375174,10138106034892,1783481880929414860
3,15833866514,10138107488629,1783481880930868565
2,16035433190,10138107574901,1783481880930954933
1,16001466518,10138125803966,1783481880949183902
0,15930708507,10138138029509,1783481880961409477
3,15867199847,10138139533101,1783481880962913037
2,16068766523,10138139628526,1783481880963008494
1,16034799851,10138157826935,1783481880981206903
0,15964041840,10138170072285,1783481880993452253
3,15900533180,10138171581478,1783481880994961414
2,16102099856,10138171677895,1783481880995057863
1,16068133184,10138189866000,1783481881013245968
0,15997375173,10138202093878,1783481881025473814
3,15933866513,10138203621087,1783481881027001023
2,16135433189,10138203715647,1783481881027095615
1,16101466517,10138221892968,1783481881045272936
0,16030708506,10138234128687,1783481881057508655
3,15967199846,10138235664920,1783481881059044824
2,16168766522,10138235761912,1783481881059141880
1,16134799850,10138253929153,1783481881077309121
0,16064041839,10138266142023,1783481881089521959
3,16000533179,10138267704368,1783481881091084336
2,16202099855,10138267791313,1783481881091171281
1,16168133183,10138285980122,1783481881109360058
0,16097375172,10138298185504,1783481881121565440
3,16033866512,10138299760169,1783481881123140105
2,16235433188,10138299869866,1783481881123249834
1,16201466516,10138318042194,1783481881141422162
0,16130708505,10138330196920,1783481881153576856
3,16067199845,10138331804194,1783481881155184130
2,16268766521,10138331931074,1783481881155311042
1,16234799849,10138350030219,1783481881173410187
0,16164041838,10138362201489,1783481881185581425
3,16100533178,10138363855451,1783481881187235387
2,16302099854,10138363950235,1783481881187330203
1,16268133182,10138382060963,1783481881205440899
0,16197375171,10138394224362,1783481881217604330
3,16133866511,10138395881939,1783481881219261907
2,16335433187,10138395995604,1783481881219375540
1,16301466515,10138414096060,1783481881237476028
0,16230708504,10138426242818,1783481881249622818
3,16167199844,10138427920716,1783481881251300652
2,16368766520,10138427998732,1783481881251378668
1,16334799848,10138446122485,1783481881269502453
0,16264041837,10138458259963,1783481881281639931
3,16200533177,10138459963781,1783481881283343749
2,16402099853,10138460051141,1783481881283431077
1,16368133181,10138478162861,1783481881301542829
0,16297375170,10138490320372,1783481881313700340
3,16233866510,10138492025949,1783481881315405917
2,16435433186,10138492144446,1783481881315524414
1,16401466514,10138510237094,1783481881333617062
0,16330708503,10138522337580,1783481881345717516
3,16267199843,10138524055606,1783481881347435574
2,16468766519,10138524169655,1783481881347549591
1,16434799847,10138542241151,1783481881365621183
0,16364041836,10138554338885,1783481881377718821
3,16300533176,10138556093583,1783481881379473551
2,16502099852,10138556203407,1783481881379583407
1,16468133180,10138574299640,1783481881397679608
0,16397375169,10138586490014,1783481881409869982
3,16333866509,10138588162376,1783481881411542344
2,16535433185,10138588328617,1783481881411708585
1,16501466513,10138606339696,1783481881429719664
0,16430708502,10138618416598,1783481881441796566
3,16367199842,10138620182432,1783481881443562368
2,16568766518,10138620330273,1783481881443710209
1,16534799846,10138638380457,1783481881461760393
0,16464041835,10138650441903,1783481881473821839
3,16400533175,10138652232793,1783481881475612729
2,16602099851,10138652386298,1783481881475766266
1,16568133179,10138670402530,1783481881493782434
0,16497375168,10138682449255,1783481881505829223
3,16433866508,10138684280594,1783481881507660562
2,16635433184,10138684422610,1783481881507802578
1,16601466512,10138702432410,1783481881525812378
3,16467199841,10138716342122,1783481881539722058
2,16668766517,10138724877948,1783481881548257916
1,16634799845,10138734453235,1783481881557833203
3,16500533174,10138748365251,1783481881571745315
1,16668133178,10138766485292,1783481881589865228
0,16530708501,10138778503985,1783481881601883921
3,16533866507,10138780403708,1783481881603783644
2,16702099850,10138780565981,1783481881603945949
2,16735433183,10138780587613,1783481881603967581
1,16701466511,10138798503652,1783481881621883620
0,16564041834,10138810505993,1783481881633885929
3,16567199840,10138812432532,1783481881635812500
2,16768766516,10138812530325,1783481881635910293
1,16734799844,10138830531485,1783481881653911453
0,16597375167,10138842533090,1783481881665913058
3,16600533173,10138844477837,1783481881667857805
2,16802099849,10138844593454,1783481881667973390
1,16768133177,10138862563317,1783481881685943253
0,16630708500,10138874549050,1783481881697928986
3,16633866506,10138876516774,1783481881699896710
2,16835433182,10138876628390,1783481881700008358
1,16801466510,10138894620718,1783481881718000654
0,16664041833,10138906598355,1783481881729978291
3,16667199839,10138908567263,1783481881731947231
2,16868766515,10138908705407,1783481881732085375
1,16834799843,10138926662887,1783481881750042855
0,16697375166,10138938598924,1783481881761978892
3,16700533172,10138940608535,1783481881763988471
2,16902099848,10138940734168,1783481881764114136
1,16868133176,10138958662143,1783481881782042079
0,16730708499,10138970601476,1783481881793981412
3,16733866505,10138972655088,1783481881796035056
2,16935433181,10138972767697,1783481881796147665
1,16901466509,10138990691992,1783481881814071928
0,16764041832,10139002629501,1783481881826009501
3,16767199838,10139004689193,1783481881828069161
2,16968766514,10139004787369,1783481881828167337
1,16934799842,10139022729169,1783481881846109105
0,16797375165,10139034642325,1783481881858022293
3,16800533171,10139036723457,1783481881860103425
2,17002099847,10139036812802,1783481881860192770
1,16968133175,10139054760713,1783481881878140649
0,16830708498,10139066668942,1783481881890048974
1,17001466508,10139086782658,1783481881910162594
0,16864041831,10139098698983,1783481881922078951
0,16897375164,10139130720959,1783481881954100927
3,16833866504,10139132866444,1783481881956246412
1,17034799841,10139132991692,1783481881956371660
2,17035433180,10139132995276,1783481881956375212
0,16930708497,10139162740312,1783481881986120280
3,16867199837,10139164901188,1783481881988281156
2,17068766513,10139165014437,1783481881988394373
1,17068133174,10139165016005,1783481881988395941
0,16964041830,10139194761200,1783481882018141136
3,16900533170,10139196942013,1783481882020321981
2,17102099846,10139197059806,1783481882020439774
1,17101466507,10139197064414,1783481882020444350
0,16997375163,10139226784937,1783481882050164937
3,16933866503,10139229051766,1783481882052431734
1,17134799840,10139229200919,1783481882052580855
2,17135433179,10139229233303,1783481882052613271
2,17168766512,10139237696904,1783481882061076872
1,17168133173,10139246957789,1783481882070337725
0,17030708496,10139258814626,1783481882082194594
3,16967199836,10139261040719,1783481882084420687
0,17064041829,10139290838970,1783481882114218906
3,17000533169,10139293072455,1783481882116452423
2,17202099845,10139293220904,1783481882116600872
1,17201466506,10139293254408,1783481882116634376
0,17097375162,10139322891827,1783481882146271763
3,17033866502,10139325124224,1783481882148504288
2,17235433178,10139325349761,1783481882148729729
0,17130708495,10139354881868,1783481882178261868
3,17067199835,10139357161785,1783481882180541753
2,17268766511,10139357283545,1783481882180663481
1,17234799839,10139375098208,1783481882198478144
2,17302099844,10139383562673,1783481882206942641
0,17164041828,10139386884036,1783481882210263940
3,17100533168,10139389199794,1783481882212579762
1,17268133172,10139407115961,1783481882230495929
2,17335433177,10139415563850,1783481882238943818
0,17197375161,10139418905149,1783481882242285085
3,17133866501,10139421241578,1783481882244621546
1,17301466505,10139439152786,1783481882262532722
2,17368766510,10139439252946,1783481882262632914
0,17230708494,10139450926933,1783481882274306901
3,17167199834,10139453293731,1783481882276673667
1,17334799838,10139471183402,1783481882294563370
2,17402099843,10139479674203,1783481882303054139
0,17264041827,10139482956366,1783481882306336302
3,17200533167,10139485340572,1783481882308720540
1,17368133171,10139503357316,1783481882326737252
2,17435433176,10139512030230,1783481882335410166
0,17297375160,10139514979815,1783481882338359751
3,17233866500,10139517517845,1783481882340897781
1,17401466504,10139535308220,1783481882358688188
2,17468766509,10139543915022,1783481882367294990
0,17330708493,10139547001695,1783481882370381631
3,17267199833,10139549436685,1783481882372816749
1,17434799837,10139567308244,1783481882390688308
0,17364041826,10139579020440,1783481882402400408
3,17300533166,10139581536007,1783481882404915975
2,17502099842,10139581712360,1783481882405092328
1,17468133170,10139599352301,1783481882422732269
0,17397375159,10139611131921,1783481882434511889
3,17333866499,10139613538207,1783481882436918175
2,17535433175,10139613717120,1783481882437097088
1,17501466503,10139631385830,1783481882454765798
2,17568766508,10139639990776,1783481882463370712
0,17430708492,10139643139498,1783481882466519434
3,17367199832,10139645558552,1783481882468938520
1,17534799836,10139663433183,1783481882486813119
0,17464041825,10139675198083,1783481882498578051
3,17400533165,10139677725553,1783481882501105521
2,17602099841,10139678032467,1783481882501412435
1,17568133169,10139695468311,1783481882518848279
0,17497375158,10139707141499,1783481882530521467
3,17433866498,10139709658185,1783481882533038153
2,17635433174,10139709863402,1783481882533243370
1,17601466502,10139727496752,1783481882550876720
0,17530708491,10139739149139,1783481882562529075
3,17467199831,10139741709314,1783481882565089282
1,17634799835,10139759493737,1783481882582873673
0,17564041824,10139771144620,1783481882594524588
3,17500533164,10139773724059,1783481882597103995
2,17668766507,10139773904060,1783481882597283996
2,17702099840,10139773917948,1783481882597297884
1,17668133168,10139791524033,1783481882614904001
0,17597375157,10139803164644,1783481882626544612
3,17533866497,10139805766835,1783481882629146803
2,17735433173,10139805869012,1783481882629248980
1,17701466501,10139823554778,1783481882646934714
0,17630708490,10139835171965,1783481882658551965
3,17567199830,10139837809612,1783481882661189548
2,17768766506,10139837900877,1783481882661280845
1,17734799834,10139855599987,1783481882678979955
0,17664041823,10139867217974,1783481882690597942
3,17600533163,10139869857957,1783481882693237893
2,17802099839,10139869975718,1783481882693355622
1,17768133167,10139887632492,1783481882711012460
0,17697375156,10139899235534,1783481882722615502
3,17633866496,10139901901086,1783481882725281022
2,17835433172,10139902016382,1783481882725396350
1,17801466500,10139919670084,1783481882743050052
0,17730708489,10139931264487,1783481882754644455
3,17667199829,10139933946039,1783481882757326007
2,17868766505,10139934065143,1783481882757445047
1,17834799833,10139951684573,1783481882775064541
0,17764041822,10139963260160,1783481882786640096
3,17700533162,10139965979791,1783481882789359759
2,17902099838,10139966079248,1783481882789459216
1,17868133166,10139983707093,1783481882807087061
0,17797375155,10139995280120,1783481882818660088
3,17733866495,10139998024072,1783481882821404040
2,17935433171,10139998116521,1783481882821496457
1,17901466499,10140015742702,1783481882839122670
0,17830708488,10140027297905,1783481882850677873
3,17767199828,10140030061089,1783481882853441057
2,17968766504,10140030152545,1783481882853532481
1,17934799832,10140047794343,1783481882871174279
0,17864041821,10140059328170,1783481882882708138
3,17800533161,10140062102842,1783481882885482778
2,18002099837,10140062223322,1783481882885603290
1,17968133165,10140079814048,1783481882903194016
0,17897375154,10140091372066,1783481882914752034
3,17833866494,10140094177394,1783481882917557426
2,18035433170,10140094314579,1783481882917694515
1,18001466498,10140111873720,1783481882935253656
3,17867199827,10140126231051,1783481882949611019
2,18068766503,10140134753852,1783481882958133788
1,18034799831,10140143892625,1783481882967272593
3,17900533160,10140158236132,1783481882981616068
1,18068133164,10140175908106,1783481882999288074
0,17930708487,10140187409004,1783481883010788972
3,17933866493,10140190272509,1783481883013652477
2,18102099836,10140190391069,1783481883013771037
2,18135433169,10140190436349,1783481883013816285
1,18101466497,10140207941346,1783481883031321314
0,17964041820,10140219430725,1783481883042810693
3,17967199826,10140222312629,1783481883045692597
2,18168766502,10140222397878,1783481883045777782
1,18134799830,10140239991195,1783481883063371163
0,17997375153,10140251452893,1783481883074832861
3,18000533159,10140254366958,1783481883077746926
2,18202099835,10140254474639,1783481883077854607
1,18168133163,10140272033044,1783481883095412980
0,18030708486,10140283472054,1783481883106851990
3,18033866492,10140286402599,1783481883109782599
2,18235433168,10140286488743,1783481883109868711
1,18201466496,10140304079981,1783481883127459949
0,18064041819,10140315538607,1783481883138918575
3,18067199825,10140318473088,1783481883141853024
2,18268766501,10140318592513,1783481883141972481
1,18234799829,10140336076645,1783481883159456581
0,18097375152,10140347515463,1783481883170895367
3,18100533158,10140350497305,1783481883173877369
2,18302099834,10140350603897,1783481883173983865
1,18268133162,10140368101278,1783481883191481246
0,18130708485,10140379538624,1783481883202918528
3,18133866491,10140382531761,1783481883205911697
2,18335433167,10140382629682,1783481883206009618
1,18301466495,10140400134423,1783481883223514359
0,18164041818,10140411551449,1783481883234931417
3,18167199824,10140414573290,1783481883237953226
2,18368766500,10140414682315,1783481883238062283
1,18334799828,10140432167504,1783481883255547440
0,18197375151,10140443568881,1783481883266948849
3,18200533157,10140446611427,1783481883269991395
2,18402099833,10140446711684,1783481883270091620
1,18368133161,10140464195368,1783481883287575336
0,18230708484,10140475600586,1783481883298980554
1,18401466494,10140496229409,1783481883319609313
0,18264041817,10140507616291,1783481883330996259
2,18435433166,10140516124948,1783481883339504916
1,18434799827,10140528264442,1783481883351644378
0,18297375150,10140539633883,1783481883363013851
3,18233866490,10140542732781,1783481883366112749
2,18468766499,10140542849742,1783481883366229678
1,18468133160,10140560306835,1783481883383686771
0,18330708483,10140571678036,1783481883395058004
3,18267199823,10140574789446,1783481883398169382
0,18364041816,10140603688333,1783481883427068301
3,18300533156,10140606828703,1783481883430208639
2,18502099832,10140607012064,1783481883430392000
1,18501466493,10140607038592,1783481883430418528
2,18535433165,10140615781235,1783481883439161203
1,18534799826,10140624365892,1783481883447745860
0,18397375149,10140635728006,1783481883459108006
3,18333866489,10140638876216,1783481883462256152
2,18568766498,10140655791001,1783481883479170937
2,18602099831,10140655815706,1783481883479195674
1,18568133159,10140656458845,1783481883479838781
0,18430708482,10140667779295,1783481883491159263
3,18367199822,10140670960657,1783481883494340625
1,18601466492,10140688476150,1783481883511856118
0,18464041815,10140699780727,1783481883523160631
3,18400533155,10140702993610,1783481883526373578
0,18497375148,10140731832464,1783481883555212432
3,18433866488,10140735105955,1783481883558485923
2,18635433164,10140735666982,1783481883559046918
0,18530708481,10140763847689,1783481883587227625
3,18467199821,10140767086523,1783481883590466587
2,18668766497,10140767309053,1783481883590688957
1,18634799825,10140784574112,1783481883607954080
2,18702099830,10140793171570,1783481883616551506
0,18564041814,10140795825889,1783481883619205825
3,18500533154,10140799103828,1783481883622483764
1,18668133158,10140816608601,1783481883639988569
2,18735433163,10140825223755,1783481883648603723
0,18597375147,10140827835802,1783481883651215738
3,18533866487,10140831132045,1783481883654512013
1,18701466491,10140848629362,1783481883672009298
2,18768766496,10140857264547,1783481883680644515
2,18802099829,10140857285796,1783481883680665764
0,18630708480,10140859863186,1783481883683243154
3,18567199820,10140863179366,1783481883686559430
1,18734799824,10140880685866,1783481883704065834
0,18664041813,10140891903915,1783481883715283851
3,18600533153,10140895210686,1783481883718590846
1,18768133157,10140912710563,1783481883736090531
2,18835433162,10140921472214,1783481883744852150
0,18697375146,10140923902212,1783481883747282148
3,18633866486,10140927261239,1783481883750641175
1,18801466490,10140944747484,1783481883768127452
2,18868766495,10140953358254,1783481883776738286
0,18730708479,10140955951101,1783481883779331037
3,18667199819,10140959294960,1783481883782674928
1,18834799823,10140976775253,1783481883800155221
2,18902099828,10140985721704,1783481883809101672
0,18764041812,10140987997525,1783481883811377461
3,18700533152,10140991363145,1783481883814743177
1,18868133156,10141008812781,1783481883832192749
2,18935433161,10141017440415,1783481883840820351
0,18797375145,10141019961358,1783481883843341294
3,18733866485,10141023424706,1783481883846804674
1,18901466489,10141040838246,1783481883864218214
2,18968766494,10141049487800,1783481883872867768
0,18830708478,10141051984006,1783481883875363942
3,18767199818,10141055441786,1783481883878821722
2,19002099827,10141064103532,1783481883887483500
1,18934799822,10141072856703,1783481883896236671
0,18864041811,10141084042751,1783481883907422719
3,18800533151,10141087479187,1783481883910859155
1,18968133155,10141104900504,1783481883928280440
2,19035433160,10141113592458,1783481883936972394
0,18897375144,10141116047000,1783481883939426968
3,18833866484,10141119517548,1783481883942897516
1,19001466488,10141136929104,1783481883960309072
2,19068766493,10141145414497,1783481883968794433
0,18930708477,10141148058001,1783481883971437969
3,18867199817,10141151553573,1783481883974933541
1,19034799821,10141168933193,1783481883992313161
2,19102099826,10141177390810,1783481884000770746
0,18964041810,10141180044009,1783481884003423977
3,18900533150,10141183586045,1783481884006966013
1,19068133154,10141200963266,1783481884024343234
0,18997375143,10141212042242,1783481884035422178
3,18933866483,10141215627702,1783481884039007638
2,19135433159,10141215741431,1783481884039121399
1,19101466487,10141233011387,1783481884056391355
0,19030708476,10141244100411,1783481884067480347
3,18967199816,10141247678255,1783481884071058223
2,19168766492,10141247798992,1783481884071178928
1,19134799820,10141265048179,1783481884088428147
2,19202099825,10141265184852,1783481884088564788
0,19064041809,10141276132211,1783481884099512147
3,19000533149,10141279729192,1783481884103109128
1,19168133153,10141297083724,1783481884120463660
0,19097375142,10141308164940,1783481884131544908
3,19033866482,10141311807073,1783481884135187041
2,19235433158,10141312330308,1783481884135710276
1,19201466486,10141329140549,1783481884152520517
0,19130708475,10141340206437,1783481884163586373
3,19067199815,10141343810170,1783481884167190138
2,19268766491,10141343986203,1783481884167366171
1,19234799819,10141361162686,1783481884184542654
0,19164041808,10141372174365,1783481884195554333
3,19100533148,10141375841683,1783481884199221683
1,19268133152,10141393164822,1783481884216544758
2,19302099824,10141401697192,1783481884225077128
0,19197375141,10141404201878,1783481884227581846
3,19133866481,10141407884715,1783481884231264683
2,19335433157,10141416399837,1783481884239779805
1,19301466485,10141425191503,1783481884248571471
0,19230708474,10141436228527,1783481884259608463
3,19167199814,10141439928100,1783481884263308036
2,19368766490,10141440033381,1783481884263413349
1,19334799818,10141457234824,1783481884280614792
0,19264041807,10141468247560,1783481884291627528
3,19200533147,10141471973245,1783481884295353181
2,19402099823,10141472063614,1783481884295443550
1,19368133151,10141489269633,1783481884312649601
0,19297375140,10141500267616,1783481884323647680
3,19233866480,10141504033654,1783481884327413686
2,19435433156,10141504125079,1783481884327505079
1,19401466484,10141521298938,1783481884344678938
3,19267199813,10141536042799,1783481884359422735
2,19468766489,10141544491327,1783481884367871295
1,19434799817,10141553338131,1783481884376718099
3,19300533146,10141568104648,1783481884391484616
2,19502099822,10141576584601,1783481884399964569
1,19468133150,10141585367499,1783481884408747467
0,19330708473,10141596342603,1783481884419722571
3,19333866479,10141600151969,1783481884423531937
2,19535433155,10141600260865,1783481884423640833
1,19501466483,10141617399492,1783481884440779428
0,19364041806,10141628342179,1783481884451722147
3,19367199812,10141632185625,1783481884455565561
2,19568766488,10141632317722,1783481884455697690
1,19534799816,10141649438269,1783481884472818269
0,19397375139,10141660372924,1783481884483752860
3,19400533145,10141664236082,1783481884487616018
2,19602099821,10141664363219,1783481884487743155
1,19568133149,10141681513334,1783481884504893302
0,19430708472,10141692419157,1783481884515799125
3,19433866478,10141696297579,1783481884519677547
2,19635433154,10141696445100,1783481884519825036
1,19601466482,10141713533551,1783481884536913519
0,19464041805,10141724447854,1783481884547827790
3,19467199811,10141728333988,1783481884551713956
2,19668766487,10141728487365,1783481884551867333
1,19634799815,10141745567655,1783481884568947623
0,19497375138,10141756460486,1783481884579840454
3,19500533144,10141760379645,1783481884583759645
2,19702099820,10141760532190,1783481884583912158
1,19668133148,10141777606080,1783481884600986048
0,19530708471,10141788478495,1783481884611858431
3,19533866477,10141792427958,1783481884615807862
2,19735433153,10141792566135,1783481884615946071
1,19701466481,10141809636313,1783481884633016249
0,19564041804,10141820561176,1783481884643941112
3,19567199810,10141824484559,1783481884647864687
2,19768766486,10141824676336,1783481884648056304
1,19734799814,10141841670034,1783481884665049970
0,19597375137,10141852493872,1783481884675873808
3,19600533143,10141856517896,1783481884679897832
2,19802099819,10141856681032,1783481884680061000
1,19768133147,10141873688267,1783481884697068203
0,19630708470,10141884539433,1783481884707919401
1,19801466480,10141905727427,1783481884729107395
0,19664041803,10141916575298,1783481884739955234
2,19835433152,10141925234484,1783481884748614420
1,19834799813,10141937739708,1783481884761119676
0,19697375136,10141948609915,1783481884771989851
3,19633866476,10141952630386,1783481884776010322
2,19868766485,10141952851923,1783481884776231859
1,19868133146,10141969789269,1783481884793169237
0,19730708469,10141980628660,1783481884804008628
3,19667199809,10141984668075,1783481884808048011
2,19902099818,10141984899020,1783481884808278924
1,19901466479,10142001834062,1783481884825214030
0,19764041802,10142012662860,1783481884836042828
3,19700533142,10142016720356,1783481884840100292
2,19935433151,10142016909541,1783481884840289509
1,19934799812,10142033867335,1783481884857247271
0,19797375135,10142044662437,1783481884868042373
3,19733866475,10142048748412,1783481884872128348
2,19968766484,10142048953118,1783481884872333086
2,20002099817,10142065368380,1783481884888748316
1,19968133145,10142066006720,1783481884889386656
0,19830708468,10142076688798,1783481884900068734
3,19767199808,10142080795733,1783481884904175701
1,20001466478,10142097927352,1783481884921307288
0,19864041801,10142108710902,1783481884932090870
3,19800533141,10142112941423,1783481884936321391
2,20035433150,10142113211792,1783481884936591760
0,19897375134,10142140736495,1783481884964116431
3,19833866474,10142144918087,1783481884968298023
2,20068766483,10142145151529,1783481884968531497
0,19930708467,10142172840328,1783481884996220296
3,19867199807,10142176946528,1783481885000326496
2,20102099816,10142177189249,1783481885000569281
1,20034799811,10142194011331,1783481885017391299
0,19964041800,10142204744576,1783481885028124608
3,19900533140,10142208977593,1783481885032357625
1,20068133144,10142226025243,1783481885049405179
2,20135433149,10142234599853,1783481885057979789
0,19997375133,10142236753977,1783481885060133913
3,19933866473,10142241007282,1783481885064387250
2,20168766482,10142249532067,1783481885072912035
1,20101466477,10142258047732,1783481885081427700
2,20202099815,10142266520837,1783481885089900773
0,20030708466,10142268769874,1783481885092149842
3,19967199806,10142273044523,1783481885096424491
1,20134799810,10142290093005,1783481885113472973
0,20064041799,10142300789867,1783481885124169867
3,20000533139,10142305091171,1783481885128471139
1,20168133143,10142322148518,1783481885145528486
2,20235433148,10142330861912,1783481885154241880
0,20097375132,10142332830244,1783481885156210212
3,20033866472,10142337176061,1783481885160556029
2,20268766481,10142345843919,1783481885169223887
1,20201466476,10142354208223,1783481885177588191
0,20130708465,10142364876348,1783481885188256316
3,20067199805,10142369187317,1783481885192567349
1,20234799809,10142386193175,1783481885209573207
2,20302099814,10142394777161,1783481885218157129
0,20164041798,10142396865973,1783481885220245909
3,20100533138,10142401222158,1783481885224602126
2,20335433147,10142409759455,1783481885233139423
1,20268133142,10142418214576,1783481885241594544
0,20197375131,10142428870702,1783481885252250670
3,20133866471,10142433262599,1783481885256642599
1,20301466475,10142450254793,1783481885273634761
2,20368766480,10142458776762,1783481885282156730
0,20230708464,10142460891430,1783481885284271398
3,20167199804,10142465306016,1783481885288685984
2,20402099813,10142473815217,1783481885297195185
1,20334799808,10142482288034,1783481885305668002
0,20264041797,10142492921119,1783481885316301087
3,20200533137,10142497343449,1783481885320723385
1,20368133141,10142514318587,1783481885337698555
2,20435433146,10142522902796,1783481885346282764
0,20297375130,10142524960824,1783481885348340792
3,20233866470,10142529393682,1783481885352773650
1,20401466474,10142546389140,1783481885369769076
2,20468766479,10142555413896,1783481885378793832
0,20330708463,10142556981873,1783481885380361841
3,20267199803,10142561435659,1783481885384815627
1,20434799807,10142578415469,1783481885401795437
2,20502099812,10142586959198,1783481885410339166
0,20364041796,10142588989066,1783481885412369002
3,20300533136,10142593480292,1783481885416860260
1,20468133140,10142610432325,1783481885433812293
2,20535433145,10142618956983,1783481885442336951
0,20397375129,10142620998626,1783481885444378594
3,20333866469,10142625522140,1783481885448902108
1,20501466473,10142642445822,1783481885465825758
2,20568766478,10142650889135,1783481885474269103
0,20430708462,10142653036603,1783481885476416571
3,20367199802,10142657568981,1783481885480948917
1,20534799806,10142674536407,1783481885497916343
2,20602099811,10142674693624,1783481885498073592
0,20464041795,10142685081524,1783481885508461460
3,20400533135,10142689632430,1783481885513012366
1,20568133139,10142706582096,1783481885529962032
2,20635433144,10142715334691,1783481885538714659
0,20497375128,10142717070637,1783481885540450573
3,20433866468,10142721669511,1783481885545049511
1,20601466472,10142738592201,1783481885561972169
2,20668766477,10142747224923,1783481885570604891
0,20530708461,10142749112902,1783481885572492838
3,20467199801,10142753725312,1783481885577105248
1,20634799805,10142770628034,1783481885594007970
2,20702099810,10142779260276,1783481885602640212
0,20564041794,10142781109982,1783481885604489918
3,20500533134,10142785745145,1783481885609125113
1,20668133138,10142802634586,1783481885626014554
2,20735433143,10142811148876,1783481885634528844
0,20597375127,10142813133239,1783481885636513175
3,20533866467,10142817776498,1783481885641156466
1,20701466471,10142834646867,1783481885658026835
2,20768766476,10142843152964,1783481885666532932
0,20630708460,10142845147088,1783481885668527056
3,20567199800,10142849814315,1783481885673194251
1,20734799804,10142866681932,1783481885690061900
2,20802099809,10142875170173,1783481885698550109
0,20664041793,10142877173833,1783481885700553769
3,20600533133,10142881847908,1783481885705227876
1,20768133137,10142898713477,1783481885722093445
0,20697375126,10142909190337,1783481885732570337
3,20633866466,10142913895356,1783481885737275292
2,20835433142,10142913999165,1783481885737379101
1,20801466470,10142930752062,1783481885754132030
3,20667199799,10142945944981,1783481885769324917
2,20868766475,10142954409766,1783481885777789702
1,20834799803,10142962785015,1783481885786164983
3,20700533132,10142977989038,1783481885801369006
2,20902099808,10142986465823,1783481885809845759
1,20868133136,10142994809679,1783481885818189647
0,20730708459,10143005216331,1783481885828596331
3,20733866465,10143010025255,1783481885833405223
2,20935433141,10143010159848,1783481885833539784
1,20901466469,10143026852712,1783481885850232616
0,20764041792,10143037293061,1783481885860672997
3,20767199798,10143042075200,1783481885865455136
1,20934799802,10143058921345,1783481885882301281
2,20968766474,10143067531667,1783481885890911635
0,20797375125,10143069308797,1783481885892688733
3,20800533131,10143074123321,1783481885897503257
2,21002099807,10143082688010,1783481885906068010
2,21035433140,10143082706187,1783481885906086155
1,20968133135,10143090927258,1783481885914307226
0,20830708458,10143101319990,1783481885924699958
3,20833866464,10143106157362,1783481885929537330
1,21001466468,10143122945651,1783481885946325587
0,20864041791,10143133345263,1783481885956725231
3,20867199797,10143138193515,1783481885961573451
1,21034799801,10143154980140,1783481885978360108
0,20897375124,10143165353703,1783481885988733671
3,20900533130,10143170228740,1783481885993608708
2,21068766473,10143170376036,1783481885993756004
2,21102099806,10143170392709,1783481885993772645
1,21068133134,10143187007492,1783481886010387460
0,20930708457,10143197381952,1783481886020761920
3,20933866463,10143202285501,1783481886025665565
2,21135433139,10143202422525,1783481886025802461
1,21101466467,10143219050077,1783481886042430045
0,20964041790,10143229420601,1783481886052800569
3,20967199796,10143234337270,1783481886057717238
2,21168766472,10143234466294,1783481886057846230
1,21134799800,10143251081974,1783481886074461942
0,20997375123,10143261428114,1783481886084808050
3,21000533129,10143266360270,1783481886089740238
2,21202099805,10143266447279,1783481886089827247
1,21168133133,10143283113071,1783481886106493039
0,21030708456,10143293468395,1783481886116848331
1,21201466466,10143315148520,1783481886138528456
0,21064041789,10143325510948,1783481886148890916
2,21235433138,10143334152246,1783481886157532214
1,21234799799,10143347219841,1783481886170599777
0,21097375122,10143357622333,1783481886181002301
3,21033866462,10143362644410,1783481886186024346
2,21268766471,10143363405055,1783481886186785023
1,21268133132,10143379223450,1783481886202603386
0,21130708455,10143389562870,1783481886212942838
3,21067199795,10143394570866,1783481886217950834
2,21302099804,10143394794676,1783481886218174644
1,21301466465,10143411288755,1783481886234668723
0,21164041788,10143421574222,1783481886244954158
3,21100533128,10143426621035,1783481886250001003
2,21335433137,10143426885997,1783481886250265933
1,21334799798,10143443321228,1783481886266701164
0,21197375121,10143453602535,1783481886276982503
3,21133866461,10143458647076,1783481886282027012
2,21368766470,10143458872198,1783481886282252166
2,21402099803,10143475097699,1783481886298477635
1,21368133131,10143475325221,1783481886298705157
0,21230708454,10143485618464,1783481886308998400
3,21167199794,10143490696957,1783481886314076893
1,21401466464,10143507381726,1783481886330761694
0,21264041787,10143517636057,1783481886341015961
3,21200533127,10143522742070,1783481886346122006
2,21435433136,10143523337434,1783481886346717402
0,21297375120,10143549655154,1783481886373035090
3,21233866460,10143554778511,1783481886378158479
2,21468766469,10143555009072,1783481886378389008
0,21330708453,10143581675146,1783481886405055082
3,21267199793,10143586803944,1783481886410183880
2,21502099802,10143586997705,1783481886410377673
1,21434799797,10143603465608,1783481886426845544
2,21535433135,10143611982777,1783481886435362713
0,21364041786,10143613652867,1783481886437032771
3,21300533126,10143618836257,1783481886442216193
1,21468133130,10143635475809,1783481886458855745
2,21568766468,10143643961394,1783481886467341362
0,21397375119,10143645666780,1783481886469046716
3,21333866459,10143650871066,1783481886474251034
1,21501466463,10143667496538,1783481886490876506
2,21602099801,10143675990443,1783481886499370379
0,21430708452,10143677713461,1783481886501093397
3,21367199792,10143682934323,1783481886506314387
1,21534799796,10143699555795,1783481886522935763
0,21464041785,10143709747086,1783481886533127022
3,21400533125,10143715000044,1783481886538379980
2,21635433134,10143715218893,1783481886538598829
1,21568133129,10143731619404,1783481886554999372
0,21497375118,10143741757574,1783481886565137510
3,21433866458,10143747048069,1783481886570428005
2,21668766467,10143747298310,1783481886570678246
1,21601466462,10143763646661,1783481886587026597
0,21530708451,10143773784511,1783481886597164447
3,21467199791,10143779096318,1783481886602476286
2,21702099800,10143779265087,1783481886602645023
1,21634799795,10143795700222,1783481886619080158
0,21564041784,10143805810040,1783481886629189976
3,21500533124,10143811164791,1783481886634544727
2,21735433133,10143811372504,1783481886634752440
1,21668133128,10143827714934,1783481886651094902
0,21597375117,10143837837521,1783481886661217489
3,21533866457,10143843156240,1783481886666536208
2,21768766466,10143843703955,1783481886667083923
1,21701466461,10143859743887,1783481886683123823
0,21630708450,10143869869066,1783481886693249034
3,21567199790,10143875211145,1783481886698591081
2,21802099799,10143884596191,1783481886707976127
2,21835433132,10143884617311,1783481886707997279
1,21734799794,10143891778696,1783481886715158632
0,21664041783,10143901877922,1783481886725257890
3,21600533123,10143907242753,1783481886730622689
1,21768133127,10143923808833,1783481886747188769
0,21697375116,10143933899387,1783481886757279323
3,21633866456,10143939282426,1783481886762662394
1,21801466460,10143955848826,1783481886779228794
2,21868766465,10143964538860,1783481886787918796
0,21730708449,10143965891860,1783481886789271796
3,21667199789,10143971316883,1783481886794696851
2,21902099798,10143979953669,1783481886803333637
1,21834799793,10143987861587,1783481886811241555
0,21764041782,10143997948493,1783481886821328461
3,21700533122,10144003370444,1783481886826750412
1,21868133126,10144019902444,1783481886843282412
2,21935433131,10144028645854,1783481886852025822
0,21797375115,10144029932806,1783481886853312870
3,21733866455,10144035402533,1783481886858782469
2,21968766464,10144044079671,1783481886867459607
1,21901466459,10144051914756,1783481886875294724
0,21830708448,10144061992639,1783481886885372575
3,21767199788,10144067437566,1783481886890817502
1,21934799792,10144083978334,1783481886907358270
2,22002099797,10144092726896,1783481886916106864
2,22035433130,10144092749072,1783481886916129040
0,21864041781,10144093980439,1783481886917360375
3,21800533121,10144099509911,1783481886922889975
1,21968133125,10144116027766,1783481886939407702
0,21897375114,10144126026224,1783481886949406160
3,21833866454,10144131536848,1783481886954916816
1,22001466458,10144148057359,1783481886971437327
2,22068766463,10144156718817,1783481886980098785
0,21930708447,10144158019465,1783481886981399433
3,21867199787,10144163582441,1783481886986962409
1,22034799791,10144180074568,1783481887003454536
2,22102099796,10144188726874,1783481887012106810
0,21964041780,10144190040610,1783481887013420546
3,21900533120,10144195614370,1783481887018994338
1,22068133124,10144212059105,1783481887035439041
2,22135433129,10144220580594,1783481887043960562
0,21997375113,10144222048826,1783481887045428794
3,21933866453,10144227654971,1783481887051034907
1,22101466457,10144244110938,1783481887067490906
2,22168766462,10144252597931,1783481887075977899
0,22030708446,10144254075475,1783481887077455379
3,21967199786,10144259718708,1783481887083098644
1,22134799790,10144276160563,1783481887099540499
2,22202099795,10144284713444,1783481887108093572
0,22064041779,10144286104268,1783481887109484236
3,22000533119,10144291761645,1783481887115141581
2,22235433128,10144300356895,1783481887123736863
1,22168133123,10144308184268,1783481887131564236
0,22097375112,10144318132325,1783481887141512261
3,22033866452,10144323801446,1783481887147181382
1,22201466456,10144340218821,1783481887163598789
2,22268766461,10144349137080,1783481887172517048
3,22067199785,10144355862335,1783481887179242303
1,22234799789,10144372298686,1783481887195678654
2,22302099794,10144381436307,1783481887204816275
3,22100533118,10144387895096,1783481887211275064
1,22268133122,10144404271574,1783481887227651510
2,22335433127,10144412827624,1783481887236207592
0,22130708445,10144414202832,1783481887237582800
3,22133866451,10144419900913,1783481887243280881
1,22301466455,10144436285199,1783481887259665135
2,22368766460,10144444744864,1783481887268124800
0,22164041778,10144446202889,1783481887269582857
3,22167199784,10144451941578,1783481887275321514
1,22334799788,10144468320232,1783481887291700200
2,22402099793,10144476762649,1783481887300142585
0,22197375111,10144478220929,1783481887301600897
3,22200533117,10144483994403,1783481887307374371
1,22368133121,10144500361057,1783481887323741025
2,22435433126,10144508818578,1783481887332198546
0,22230708444,10144510244858,1783481887333624826
3,22233866450,10144516051868,1783481887339431836
1,22401466454,10144532387514,1783481887355767482
0,22264041777,10144542292083,1783481887365672051
3,22267199783,10144548069749,1783481887371449717
2,22468766459,10144548204501,1783481887371584533
1,22434799787,10144564442259,1783481887387822291
0,22297375110,10144574318604,1783481887397698572
3,22300533116,10144580110382,1783481887403490350
2,22502099792,10144580551024,1783481887403930960
1,22468133120,10144596461228,1783481887419841164
0,22330708443,10144606310373,1783481887429690341
3,22333866449,10144612156999,1783481887435536935
2,22535433125,10144612265447,1783481887435645415
1,22501466453,10144628488741,1783481887451868677
0,22364041776,10144638327262,1783481887461707198
3,22367199782,10144644197664,1783481887467577632
2,22568766458,10144644303744,1783481887467683712
1,22534799786,10144660514302,1783481887483894238
0,22397375109,10144670344311,1783481887493724279
3,22400533115,10144676236633,1783481887499616569
2,22602099791,10144676545754,1783481887499925690
1,22568133119,10144692544759,1783481887515924791
0,22430708442,10144702390416,1783481887525770352
2,22635433124,10144710997057,1783481887534377025
2,22668766457,10144711016929,1783481887534396897
1,22601466452,10144724633360,1783481887548013264
0,22464041775,10144734417448,1783481887557797416
1,22634799785,10144756662825,1783481887580042793
0,22497375108,10144766444801,1783481887589824769
3,22433866448,10144772400292,1783481887595780292
1,22668133118,10144788667714,1783481887612047682
0,22530708441,10144798453306,1783481887621833274
3,22467199781,10144804424157,1783481887627804157
2,22702099790,10144804580734,1783481887627960702
2,22735433123,10144813331504,1783481887636711568
1,22701466451,10144820698555,1783481887644078491
0,22564041774,10144830456467,1783481887653836435
3,22500533114,10144836469462,1783481887659849430
1,22734799784,10144852726739,1783481887676106707
0,22597375107,10144862476332,1783481887685856268
3,22533866447,10144868495278,1783481887691875214
2,22768766456,10144868655599,1783481887692035567
2,22802099789,10144877137696,1783481887700517632
1,22768133117,10144884753996,1783481887708133932
0,22630708440,10144894497701,1783481887717877669
3,22567199780,10144900533703,1783481887723913639
1,22801466450,10144916783621,1783481887740163557
2,22835433122,10144919540885,1783481887742920853
2,22868766455,10144919554357,1783481887742934293
0,22664041773,10144926517917,1783481887749897853
3,22600533113,10144932591969,1783481887755971905
0,22697375106,10144958587511,1783481887781967447
3,22633866446,10144964627513,1783481887788007481
0,22730708439,10144990597423,1783481887813977327
3,22667199779,10144996667602,1783481887820047570
2,22902099788,10144996847764,1783481887820227732
1,22834799783,10145012904560,1783481887836284496
2,22935433121,10145021374177,1783481887844754145
0,22764041772,10145022592296,1783481887845972264
3,22700533112,10145028717835,1783481887852097771
1,22868133116,10145044917033,1783481887868297001
2,22968766454,10145053393274,1783481887876773210
0,22797375105,10145054596353,1783481887877976289
3,22733866445,10145060762692,1783481887884142628
1,22901466449,10145076951458,1783481887900331394
2,23002099787,10145085399251,1783481887908779219
0,22830708438,10145086618298,1783481887909998234
3,22767199778,10145092806589,1783481887916186525
1,22934799782,10145108980475,1783481887932360411
2,23035433120,10145117415276,1783481887940795212
0,22864041771,10145118633715,1783481887942013651
3,22800533111,10145124848438,1783481887948228406
2,23068766453,10145129015791,1783481887952395727
1,22968133115,10145141009428,1783481887964389364
0,22897375104,10145150676748,1783481887974056684
3,22833866444,10145156874927,1783481887980254895
1,23001466448,10145173048493,1783481887996428461
2,23102099786,10145181615838,1783481888004995806
0,22930708437,10145182681540,1783481888006061508
3,22867199777,10145188921512,1783481888012301448
1,23034799781,10145205100102,1783481888028480070
2,23135433119,10145213602679,1783481888036982615
0,22964041770,10145214702941,1783481888038082909
3,22900533110,10145220966785,1783481888044346721
1,23068133114,10145237143839,1783481888060523775
2,23168766452,10145245688304,1783481888069068272
0,22997375103,10145246725366,1783481888070105334
3,22933866443,10145253033275,1783481888076413243
1,23101466447,10145269180280,1783481888092560312
2,23202099785,10145277699689,1783481888101079657
0,23030708436,10145278750063,1783481888102130031
3,22967199776,10145285083412,1783481888108463380
1,23134799780,10145301204593,1783481888124584529
2,23235433118,10145309713410,1783481888133093378
0,23064041769,10145310779944,1783481888134159880
3,23000533109,10145317122797,1783481888140502701
2,23268766451,10145325681726,1783481888149061694
1,23168133113,10145333247978,1783481888156627946
0,23097375102,10145342814401,1783481888166194337
3,23033866442,10145349183622,1783481888172563590
1,23201466446,10145365297251,1783481888188677219
0,23130708435,10145374835802,1783481888198215802
3,23067199775,10145381206623,1783481888204586559
2,23302099784,10145381378560,1783481888204758528
1,23234799779,10145397296284,1783481888220676252
0,23164041768,10145406848883,1783481888230228819
3,23100533108,10145413250776,1783481888236630808
2,23335433117,10145413419481,1783481888236799449
1,23268133112,10145429312565,1783481888252692629
0,23197375101,10145438857228,1783481888262237164
3,23133866441,10145445270801,1783481888268650769
2,23368766450,10145445376049,1783481888268756017
1,23301466445,10145461349166,1783481888284729134
0,23230708434,10145470876805,1783481888294256773
3,23167199774,10145477312554,1783481888300692522
2,23402099783,10145477423242,1783481888300803178
1,23334799778,10145493374566,1783481888316754534
0,23264041767,10145502899645,1783481888326279581
3,23200533107,10145509352739,1783481888332732707
2,23435433116,10145509451459,1783481888332831395
1,23368133111,10145525406271,1783481888348786239
2,23468766449,10145533847408,1783481888357227376
0,23297375100,10145534914454,1783481888358294390
3,23233866440,10145541392700,1783481888364772668
1,23401466444,10145557444920,1783481888380824888
0,23330708433,10145566937071,1783481888390317039
3,23267199773,10145573453365,1783481888396833333
1,23434799777,10145589471985,1783481888412851953
2,23502099782,10145597983619,1783481888421363587
0,23364041766,10145598965608,1783481888422345576
3,23300533106,10145605486318,1783481888428866286
2,23535433115,10145613990303,1783481888437370271
1,23468133110,10145621517290,1783481888444897386
0,23397375099,10145630979969,1783481888454359937
3,23333866439,10145637529063,1783481888460909031
1,23501466443,10145653539107,1783481888476919043
2,23568766448,10145662036052,1783481888485416020
0,23430708432,10145662988602,1783481888486368570
3,23367199772,10145669574432,1783481888492954368
2,23602099781,10145678120241,1783481888501500177
1,23534799776,10145685572636,1783481888508952572
0,23464041765,10145695026323,1783481888518406291
3,23400533105,10145701618297,1783481888524998265
1,23568133109,10145717618645,1783481888540998709
2,23635433114,10145726569705,1783481888549949641
0,23497375098,10145727049740,1783481888550429676
3,23433866438,10145733675666,1783481888557055634
2,23668766447,10145742356612,1783481888565736580
1,23601466442,10145749681679,1783481888573061647
3,23467199771,10145765749707,1783481888589129643
1,23634799775,10145781709927,1783481888605089895
2,23702099780,10145790367385,1783481888613747321
3,23500533104,10145797786724,1783481888621166660
1,23668133108,10145813764353,1783481888637144417
2,23735433113,10145822460403,1783481888645840339
0,23530708431,10145823110935,1783481888646490903
3,23533866437,10145829813181,1783481888653193149
1,23701466441,10145845784569,1783481888669164505
2,23768766446,10145854393451,1783481888677773387
0,23564041764,10145855129423,1783481888678509359
3,23567199770,10145861837814,1783481888685217750
1,23734799774,10145877820626,1783481888701200594
2,23802099779,10145886430660,1783481888709810628
0,23597375097,10145887195145,1783481888710575113
3,23600533103,10145893898735,1783481888717278703
1,23768133107,10145909920300,1783481888733300268
2,23835433112,10145918489981,1783481888741869917
0,23630708430,10145919170433,1783481888742550369
3,23633866436,10145925956712,1783481888749336680
1,23801466440,10145941891876,1783481888765271812
2,23868766445,10145950518390,1783481888773898422
2,23902099778,10145950539830,1783481888773919798
0,23664041763,10145951189018,1783481888774568954
3,23667199769,10145957994849,1783481888781374817
1,23834799773,10145973922909,1783481888797302877
0,23697375096,10145983276211,1783481888806656179
3,23700533102,10145990028474,1783481888813408442
1,23868133106,10146005954902,1783481888829334870
2,23935433111,10146014608168,1783481888837988104
0,23730708429,10146015233676,1783481888838613644
3,23733866435,10146022076660,1783481888845456596
1,23901466439,10146038001519,1783481888861381455
2,23968766444,10146046621569,1783481888870001505
0,23764041762,10146047260933,1783481888870640901
3,23767199768,10146054108652,1783481888877488620
1,23934799772,10146069966664,1783481888893346600
2,24002099777,10146078607418,1783481888901987354
0,23797375095,10146079318430,1783481888902698398
3,23800533101,10146086153990,1783481888909533958
1,23968133105,10146102041473,1783481888925421441
2,24035433110,10146110623891,1783481888934003795
0,23830708428,10146111305303,1783481888934685271
1,24001466438,10146134167931,1783481888957547899
2,24068766443,10146142877709,1783481888966257677
0,23864041761,10146143320080,1783481888966699984
2,24102099776,10146159175243,1783481888982555211
1,24034799771,10146166092339,1783481888989472307
0,23897375094,10146175355145,1783481888998735081
3,23833866434,10146182290161,1783481889005670065
1,24068133104,10146198112780,1783481889021492812
0,23930708427,10146207351329,1783481889030731265
3,23867199767,10146214307882,1783481889037687786
2,24135433109,10146214463018,1783481889037842986
1,24101466437,10146230147685,1783481889053527621
0,23964041760,10146239366906,1783481889062746842
3,23900533100,10146246356771,1783481889069736707
2,24168766442,10146246510276,1783481889069890244
1,24134799770,10146262176030,1783481889085556190
0,23997375093,10146271396979,1783481889094776947
3,23933866433,10146278400764,1783481889101780700
2,24202099775,10146278561629,1783481889101941597
1,24168133103,10146294213495,1783481889117593431
0,24030708426,10146303416812,1783481889126796780
3,23967199766,10146310435861,1783481889133815765
2,24235433108,10146310565174,1783481889133945142
1,24201466436,10146326227632,1783481889149607600
0,24064041759,10146335424293,1783481889158804229
3,24000533099,10146342477198,1783481889165857166
0,24097375092,10146367457246,1783481889190837182
2,24268766441,10146367631231,1783481889191011167
2,24302099774,10146367640639,1783481889191020607
3,24033866432,10146374556551,1783481889197936519
0,24130708425,10146399528631,1783481889222908599
3,24067199765,10146406574880,1783481889229954784
1,24234799769,10146422350555,1783481889245730491
2,24335433107,10146430901869,1783481889254281837
0,24164041758,10146431491408,1783481889254871344
3,24100533098,10146438600985,1783481889261980921
2,24368766440,10146447111914,1783481889270491882
1,24268133102,10146454374356,1783481889277754292
0,24197375091,10146463511561,1783481889286891529
3,24133866431,10146470648850,1783481889294028818
1,24301466435,10146486392813,1783481889309772749
2,24402099773,10146494927102,1783481889318307038
0,24230708424,10146495536034,1783481889318916002
3,24167199764,10146502692683,1783481889326072651
2,24435433106,10146511327229,1783481889334707165
1,24334799768,10146518469606,1783481889341849574
0,24264041757,10146527591771,1783481889350971707
3,24200533097,10146534762597,1783481889358142693
1,24368133101,10146550509535,1783481889373889503
2,24468766439,10146559165041,1783481889382545009
0,24297375090,10146559620500,1783481889383000436
3,24233866430,10146566794270,1783481889390174270
2,24502099772,10146575392847,1783481889398772815
1,24401466434,10146582511672,1783481889405891608
0,24330708423,10146591614029,1783481889414993965
3,24267199763,10146598837399,1783481889422217335
1,24434799767,10146614534737,1783481889437914705
2,24535433105,10146623041026,1783481889446420994
0,24364041756,10146623637958,1783481889447017926
3,24300533096,10146630871568,1783481889454251504
1,24468133100,10146646563466,1783481889469943434
2,24568766438,10146654976667,1783481889478356603
0,24397375089,10146655647231,1783481889479027199
3,24333866429,10146662896201,1783481889486276137
1,24501466433,10146678628100,1783481889502008036
2,24602099771,10146687110389,1783481889510490325
0,24430708422,10146687671928,1783481889511051832
3,24367199762,10146694945058,1783481889518325026
1,24534799766,10146710638428,1783481889534018396
2,24635433104,10146719078445,1783481889542458413
0,24464041755,10146719691473,1783481889543071441
3,24400533095,10146726999099,1783481889550379067
1,24568133099,10146742707062,1783481889566087030
2,24668766437,10146751347496,1783481889574727432
0,24497375088,10146751789194,1783481889575169130
3,24433866428,10146759071796,1783481889582451764
1,24601466432,10146774871471,1783481889598251407
2,24702099770,10146783522497,1783481889606902465
0,24530708421,10146783747875,1783481889607127811
3,24467199761,10146791117069,1783481889614497037
2,24735433103,10146794554689,1783481889617934625
1,24634799765,10146806774696,1783481889630154664
0,24564041754,10146815784348,1783481889639164284
3,24500533094,10146823158694,1783481889646538662
1,24668133098,10146838790177,1783481889662170145
2,24768766436,10146847394930,1783481889670774898
0,24597375087,10146847790869,1783481889671170837
3,24533866427,10146855157471,1783481889678537407
1,24701466431,10146870806618,1783481889694186586
2,24802099769,10146879284715,1783481889702664683
0,24630708420,10146879787757,1783481889703167693
3,24567199760,10146887191320,1783481889710571256
1,24734799764,10146902835987,1783481889726215955
2,24835433102,10146911285283,1783481889734665219
0,24664041753,10146911810566,1783481889735190534
3,24600533093,10146919218353,1783481889742598289
1,24768133097,10146934865772,1783481889758245740
2,24868766435,10146943384093,1783481889766764061
0,24697375086,10146943840863,1783481889767220831
3,24633866426,10146951271786,1783481889774651754
1,24801466430,10146966924709,1783481889790304677
0,24730708419,10146975936345,1783481889799316281
3,24667199759,10146983320227,1783481889806700163
2,24902099768,10146983491908,1783481889806871876
2,24935433101,10146992147766,1783481889815527734
1,24834799763,10146998949342,1783481889822329374
0,24764041752,10147007898161,1783481889831278129
3,24700533092,10147015393309,1783481889838773373
1,24868133096,10147030958391,1783481889854338295
0,24797375085,10147039904554,1783481889863284522
3,24733866425,10147047399062,1783481889870778998
2,24968766434,10147047492694,1783481889870872630
1,24901466429,10147062993296,1783481889886373264
0,24830708418,10147071922499,1783481889895302467
3,24767199758,10147079449807,1783481889902829775
2,25002099767,10147079540911,1783481889902920879
1,24934799762,10147095029705,1783481889918409673
0,24864041751,10147103956668,1783481889927336604
3,24800533091,10147111494216,1783481889934874184
2,25035433100,10147111594952,1783481889934974920
1,24968133095,10147127064130,1783481889950444098
0,24897375084,10147135975253,1783481889959355221
3,24833866424,10147143540801,1783481889966920769
2,25068766433,10147143656194,1783481889967036162
1,25001466428,10147159101051,1783481889982480987
3,24867199757,10147175610554,1783481889998990522
2,25102099766,10147184186380,1783481890007566316
1,25034799761,10147191162292,1783481890014542260
2,25135433099,10147200614315,1783481890023994283
3,24900533090,10147207634259,1783481890031014227
1,25068133094,10147223169581,1783481890046549517
0,24930708417,10147232065248,1783481890055445216
3,24933866423,10147239654092,1783481890063034060
1,25101466427,10147255202278,1783481890078582214
2,25168766432,10147263761943,1783481890087141911
0,24964041750,10147264059065,1783481890087439033
3,24967199756,10147271700485,1783481890095080485
2,25202099765,10147280254455,1783481890103634391
1,25134799760,10147287236031,1783481890110615999
0,24997375083,10147296054322,1783481890119434258
3,25000533089,10147303744830,1783481890127124766
1,25168133093,10147319257080,1783481890142637048
2,25235433098,10147327733161,1783481890151113129
0,25030708416,10147328054699,1783481890151434635
3,25033866422,10147335788055,1783481890159168023
2,25268766431,10147344275081,1783481890167655017
1,25201466426,10147351291249,1783481890174671217
0,25064041749,10147360128132,1783481890183508100
3,25067199755,10147367855953,1783481890191235889
1,25234799759,10147383359338,1783481890206739306
2,25302099764,10147392042300,1783481890215422236
0,25097375082,10147392161597,1783481890215541501
3,25100533088,10147399926954,1783481890223306890
2,25335433097,10147409157055,1783481890232537023
1,25268133092,10147415364867,1783481890238744835
0,25130708415,10147424166614,1783481890247546550
3,25133866421,10147431921987,1783481890255301955
1,25301466425,10147447394044,1783481890270774012
2,25368766430,10147455925966,1783481890279305902
0,25164041748,10147456183279,1783481890279563247
3,25167199754,10147463958236,1783481890287338140
1,25334799758,10147479473910,1783481890302853878
2,25402099763,10147488079111,1783481890311459079
0,25197375081,10147488216520,1783481890311596488
3,25200533087,10147495996853,1783481890319376821
1,25368133091,10147511465550,1783481890334845486
2,25435433096,10147519940447,1783481890343320383
0,25230708414,10147520233153,1783481890343613121
1,25401466424,10147543493959,1783481890366873927
2,25468766429,10147552083929,1783481890375463897
0,25264041747,10147552232282,1783481890375612218
1,25434799757,10147575527681,1783481890398907617
2,25502099762,10147584084786,1783481890407464754
0,25297375080,10147584252563,1783481890407632531
3,25233866420,10147592122880,1783481890415502848
1,25468133090,10147607566458,1783481890430946426
2,25535433095,10147616071723,1783481890439451691
2,25568766428,10147616087787,1783481890439467723
0,25330708413,10147616273900,1783481890439653868
3,25267199753,10147624161274,1783481890447541242
1,25501466423,10147639593171,1783481890462973139
0,25364041746,10147648296421,1783481890471676389
3,25300533086,10147656212659,1783481890479592627
1,25534799756,10147671621164,1783481890495001132
2,25602099761,10147680155613,1783481890503535549
0,25397375079,10147680308734,1783481890503688670
3,25333866419,10147688264204,1783481890511644172
1,25568133089,10147703669765,1783481890527049733
2,25635433094,10147712162582,1783481890535542518
0,25430708412,10147712337559,1783481890535717527
3,25367199752,10147720304645,1783481890543684613
1,25601466422,10147735692318,1783481890559072318
2,25668766427,10147744171055,1783481890567550991
0,25464041745,10147744354704,1783481890567734640
3,25400533085,10147752377054,1783481890575756990
0,25497375078,10147776434249,1783481890599814153
3,25433866418,10147784418583,1783481890607798519
2,25702099760,10147784630041,1783481890608009977
0,25530708411,10147808455074,1783481890631835010
3,25467199751,10147816456976,1783481890639836912
2,25735433093,10147816716786,1783481890640096754
1,25634799755,10147831838569,1783481890655218505
0,25564041744,10147840451131,1783481890663831067
3,25500533084,10147848489290,1783481890671869226
2,25768766426,10147851515003,1783481890674895067
1,25668133088,10147863851074,1783481890687231010
0,25597375077,10147872463924,1783481890695843892
3,25533866417,10147880509507,1783481890703889475
2,25802099759,10147883517652,1783481890706897588
1,25701466421,10147895859419,1783481890719239355
0,25630708410,10147904473197,1783481890727853133
3,25567199750,10147912552092,1783481890735932060
2,25835433092,10147915542317,1783481890738922285
1,25734799754,10147927881748,1783481890751261684
0,25664041743,10147936482822,1783481890759862790
3,25600533083,10147944594293,1783481890767974261
2,25868766425,10147947578406,1783481890770958342
1,25768133087,10147959928525,1783481890783308493
0,25697375076,10147968519647,1783481890791899615
3,25633866416,10147976639150,1783481890800019118
2,25902099758,10147979601183,1783481890802981151
1,25801466420,10147991954854,1783481890815334790
0,25730708409,10148000528504,1783481890823908472
3,25667199749,10148008693735,1783481890832073671
1,25834799753,10148023996320,1783481890847376256
2,25935433091,10148024137344,1783481890847517248
0,25764041742,10148032551473,1783481890855931441
3,25700533082,10148040721088,1783481890864101088
2,25968766424,10148043673393,1783481890867053329
1,25868133086,10148056030969,1783481890879410937
0,25797375075,10148064578186,1783481890887958122
3,25733866415,10148072761753,1783481890896141689
1,25901466419,10148088047954,1783481890911427922
2,26002099757,10148096584003,1783481890919963939
0,25830708408,10148096590147,1783481890919970083
3,25767199748,10148104808434,1783481890928188434
2,26035433090,10148113356228,1783481890936736196
1,25934799752,10148120089739,1783481890943469707
0,25864041741,10148128611420,1783481890951991388
3,25800533081,10148136841227,1783481890960221163
1,25968133085,10148152117796,1783481890975497764
2,26068766423,10148160632821,1783481890984012789
0,25897375074,10148160651893,1783481890984031829
3,25833866414,10148168938693,1783481890992318661
2,26102099756,10148177634519,1783481891001014455
1,26001466418,10148184181821,1783481891007561789
0,25930708407,10148192691086,1783481891016071054
3,25867199747,10148200950238,1783481891024330206
1,26034799751,10148216195990,1783481891039575958
0,25964041740,10148224687463,1783481891048067399
2,26135433089,10148224813192,1783481891048193128
3,25900533080,10148233015319,1783481891056395287
2,26168766422,10148235854760,1783481891059234728
1,26068133084,10148248218575,1783481891071598511
0,25997375073,10148256710400,1783481891080090368
3,25933866413,10148265033008,1783481891088412976
1,26101466417,10148280259496,1783481891103639432
0,26030708406,10148288726041,1783481891112106009
2,26202099755,10148288807930,1783481891112187866
3,25967199746,10148297073609,1783481891120453545
1,26134799750,10148312282177,1783481891135662145
0,26064041739,10148320741202,1783481891144121170
2,26235433088,10148320835891,1783481891144215859
3,26000533079,10148329118051,1783481891152498019
1,26168133083,10148344309306,1783481891167689242
0,26097375072,10148352764363,1783481891176144331
2,26268766421,10148352767307,1783481891176147211
3,26033866412,10148361140828,1783481891184520796
1,26201466416,10148376403764,1783481891199783732
0,26130708405,10148384820836,1783481891208200772
2,26302099754,10148385019078,1783481891208399046
3,26067199745,10148393227765,1783481891216607733
1,26234799749,10148408386605,1783481891231766573
0,26164041738,10148416825757,1783481891240205725
2,26335433087,10148416973374,1783481891240353374
3,26100533078,10148425245038,1783481891248625038
2,26368766420,10148428016638,1783481891251396574
1,26268133082,10148440409478,1783481891263789414
0,26197375071,10148448834518,1783481891272214486
3,26133866411,10148457280615,1783481891280660583
1,26301466415,10148472441343,1783481891295821279
0,26230708404,10148480848015,1783481891304227951
2,26402099753,10148480927088,1783481891304307024
3,26167199744,10148489319520,1783481891312699488
1,26334799748,10148504478328,1783481891327858264
0,26264041737,10148512867336,1783481891336247272
2,26435433086,10148512947497,1783481891336327433
3,26200533077,10148521373434,1783481891344753402
1,26368133081,10148536506705,1783481891359886641
0,26297375070,10148544891937,1783481891368271905
2,26468766419,10148544977698,1783481891368357666
3,26233866410,10148553423059,1783481891376802995
1,26401466414,10148568584266,1783481891391964202
2,26502099752,10148577136860,1783481891400516828
3,26267199743,10148585496396,1783481891408876364
1,26434799747,10148600590691,1783481891423970659
3,26300533076,10148617509445,1783481891440889413
2,26535433085,10148626012598,1783481891449392566
2,26568766418,10148626025494,1783481891449405462
1,26468133080,10148632609276,1783481891455989212
0,26330708403,10148640964813,1783481891464344781
3,26333866409,10148649567582,1783481891472947550
1,26501466413,10148664669622,1783481891488049526
0,26364041736,10148672991622,1783481891496371686
3,26367199742,10148681587351,1783481891504967287
2,26602099751,10148690205577,1783481891513585513
1,26534799746,10148696693871,1783481891520073807
0,26397375069,10148705022623,1783481891528402623
3,26400533075,10148713633745,1783481891537013681
2,26635433084,10148713658865,1783481891537038833
1,26568133079,10148728732744,1783481891552112712
0,26430708402,10148737023064,1783481891560403032
3,26433866408,10148745665322,1783481891569045290
2,26668766417,10148754188379,1783481891577568347
1,26601466412,10148760741377,1783481891584121313
0,26464041735,10148769045297,1783481891592425265
2,26702099750,10148777601442,1783481891600981378
3,26467199741,10148777704163,1783481891601084131
1,26634799745,10148792839802,1783481891616219770
0,26497375068,10148801090890,1783481891624470826
3,26500533074,10148809808860,1783481891633188764
2,26735433083,10148818455278,1783481891641835214
1,26668133078,10148824871731,1783481891648251699
0,26530708401,10148833107875,1783481891656487843
2,26768766416,10148833280100,1783481891656660036
3,26533866407,10148841850102,1783481891665230070
1,26701466411,10148856895436,1783481891680275404
0,26564041734,10148865136060,1783481891688516028
3,26567199740,10148873928687,1783481891697308655
2,26802099749,10148882600257,1783481891705980225
1,26734799744,10148888923462,1783481891712303430
0,26597375067,10148897157653,1783481891720537621
3,26600533073,10148905904840,1783481891729284744
2,26835433082,10148914434617,1783481891737814585
1,26768133077,10148920958367,1783481891744338335
0,26630708400,10148929178158,1783481891752558094
1,26801466410,10148952985400,1783481891776365368
0,26664041733,10148961202599,1783481891784582567
2,26868766415,10148961401896,1783481891784781864
1,26834799743,10148985023281,1783481891808403217
0,26697375066,10148993217792,1783481891816597760
2,26902099748,10148993433249,1783481891816813217
3,26633866406,10149002028467,1783481891825408499
2,26935433081,10149010626949,1783481891834006949
1,26868133076,10149017044490,1783481891840424522
0,26730708399,10149025242681,1783481891848622649
2,26968766414,10149033883275,1783481891857263243
3,26667199739,10149034059180,1783481891857439180
1,26901466409,10149049118595,1783481891872498531
0,26764041732,10149057266578,1783481891880646514
3,26700533072,10149066118022,1783481891889497958
1,26934799742,10149081113436,1783481891904493404
0,26797375065,10149089277547,1783481891912657483
2,27002099747,10149089474380,1783481891912854348
3,26733866405,10149098165119,1783481891921545055
1,26968133075,10149113156277,1783481891936536213
0,26830708398,10149121291908,1783481891944671876
2,27035433080,10149121476933,1783481891944856901
3,26767199738,10149130213080,1783481891953593016
1,27001466408,10149145206351,1783481891968586319
0,26864041731,10149153319773,1783481891976699709
2,27068766413,10149153486366,1783481891976866302
3,26800533071,10149162256561,1783481891985636529
0,26897375064,10149185356663,1783481892008736599
2,27102099746,10149194009801,1783481892017389769
3,26833866404,10149194354219,1783481892017734155
0,26930708397,10149217458352,1783481892040838320
2,27135433079,10149226361796,1783481892049741764
3,26867199737,10149226559109,1783481892049939077
1,27034799741,10149241288186,1783481892064668154
0,26964041730,10149249471433,1783481892072851401
3,26900533070,10149258369437,1783481892081749405
2,27168766412,10149260794731,1783481892084174699
1,27068133074,10149273306867,1783481892096686803
0,26997375063,10149281386754,1783481892104766722
3,26933866403,10149290394646,1783481892113774582
2,27202099745,10149292799108,1783481892116179076
1,27101466407,10149305309324,1783481892128689260
0,27030708396,10149313402363,1783481892136782299
3,26967199736,10149322444591,1783481892145824527
2,27235433078,10149324815037,1783481892148194973
1,27134799740,10149337341445,1783481892160721381
0,27064041729,10149345416948,1783481892168796948
3,27000533069,10149354477064,1783481892177857000
2,27268766411,10149356843414,1783481892180223318
1,27168133073,10149369376542,1783481892192756510
0,27097375062,10149377475437,1783481892200855437
3,27033866402,10149386553890,1783481892209933858
2,27302099744,10149388979408,1783481892212359344
1,27201466406,10149401512280,1783481892224892248
0,27130708395,10149409496326,1783481892232876262
3,27067199735,10149418591195,1783481892241971163
2,27335433077,10149420996073,1783481892244376009
1,27234799739,10149433439057,1783481892256818993
0,27164041728,10149441487871,1783481892264867839
3,27100533068,10149450615444,1783481892273995412
2,27368766410,10149452943137,1783481892276323105
1,27268133072,10149465468842,1783481892288848746
0,27197375061,10149473498968,1783481892296878904
3,27133866401,10149482651885,1783481892306031821
2,27402099743,10149491196862,1783481892314576830
1,27301466405,10149497506723,1783481892320886691
0,27230708394,10149505523953,1783481892328903889
3,27167199734,10149514683014,1783481892338062982
2,27435433076,10149516994772,1783481892340374708
1,27334799738,10149529542172,1783481892352922140
0,27264041727,10149537543850,1783481892360923818
3,27200533067,10149546725375,1783481892370105311
2,27468766409,10149555252433,1783481892378632369
1,27368133071,10149561563509,1783481892384943445
0,27297375060,10149569598308,1783481892392978276
3,27233866400,10149578784313,1783481892402164249
2,27502099742,10149581060742,1783481892404440710
1,27401466404,10149593649775,1783481892417029711
0,27330708393,10149601623485,1783481892425003453
3,27267199733,10149610832498,1783481892434212466
2,27535433075,10149619458340,1783481892442838276
1,27434799737,10149625659976,1783481892449039944
0,27364041726,10149633623638,1783481892457003606
3,27300533066,10149642858379,1783481892466238443
2,27568766408,10149645130136,1783481892468510168
1,27468133070,10149657674337,1783481892481054273
0,27397375059,10149665630991,1783481892489010991
3,27333866399,10149674906084,1783481892498286052
2,27602099741,10149683406901,1783481892506786837
1,27501466403,10149689703962,1783481892513083930
0,27430708392,10149697646216,1783481892521026184
3,27367199732,10149706940541,1783481892530320509
2,27635433074,10149715396014,1783481892538775982
1,27534799736,10149721738707,1783481892545118611
0,27464041725,10149729667137,1783481892553047073
3,27400533065,10149738986071,1783481892562366007
2,27668766407,10149747435592,1783481892570815560
1,27568133069,10149753769324,1783481892577149292
0,27497375058,10149761683194,1783481892585063130
3,27433866398,10149771045584,1783481892594425520
2,27702099740,10149779929091,1783481892603309027
1,27601466402,10149785832869,1783481892609212869
0,27530708391,10149793753907,1783481892617133875
3,27467199731,10149803102153,1783481892626482121
2,27735433073,10149811722043,1783481892635101979
1,27634799735,10149817869471,1783481892641249471
0,27564041724,10149825777548,1783481892649157548
3,27500533064,10149835117698,1783481892658497762
2,27768766406,10149843704724,1783481892667084756
1,27668133068,10149849879128,1783481892673259096
0,27597375057,10149857762181,1783481892681142117
3,27533866397,10149867153468,1783481892690533436
2,27802099739,10149869311336,1783481892692691304
1,27701466401,10149881903633,1783481892705283569
0,27630708390,10149889776958,1783481892713156894
3,27567199730,10149899200149,1783481892722580117
1,27734799734,10149913928938,1783481892737308874
0,27664041723,10149921794391,1783481892745174359
2,27835433072,10149921892504,1783481892745272440
3,27600533063,10149931242958,1783481892754622926
1,27768133067,10149945961027,1783481892769340963
0,27697375056,10149953809008,1783481892777188976
2,27868766405,10149953911697,1783481892777291633
3,27633866396,10149963293479,1783481892786673415
1,27801466400,10149978005180,1783481892801385148
2,27902099738,10149986479213,1783481892809859149
3,27667199729,10149995340288,1783481892818720256
1,27834799733,10150010031893,1783481892833411829
2,27935433071,10150018480294,1783481892841860230
3,27700533062,10150027384378,1783481892850764346
1,27868133066,10150042059631,1783481892865439599
0,27730708389,10150049889724,1783481892873269692
2,27968766404,10150050031645,1783481892873411613
3,27733866395,10150059426163,1783481892882806131
2,28002099737,10150061480959,1783481892884860927
1,27901466399,10150074111944,1783481892897491912
0,27764041722,10150081928213,1783481892905308149
3,27767199728,10150091465196,1783481892914845196
1,27934799732,10150106144897,1783481892929524833
0,27797375055,10150113936046,1783481892937315982
2,28035433070,10150114152431,1783481892937532399
3,27800533061,10150123508357,1783481892946888293
1,27968133065,10150138176122,1783481892961556090
0,27830708388,10150145953287,1783481892969333223
2,28068766403,10150146072584,1783481892969452552
3,27833866394,10150155549279,1783481892978929215
1,28001466398,10150170197683,1783481892993577651
0,27864041721,10150177966848,1783481893001346816
2,28102099736,10150178074337,1783481893001454273
3,27867199727,10150187579192,1783481893010959160
1,28034799731,10150202239116,1783481893025619084
0,27897375054,10150209981593,1783481893033361593
2,28135433069,10150210095354,1783481893033475322
3,27900533060,10150219637137,1783481893043017105
1,28068133064,10150234277926,1783481893057657894
0,27930708387,10150242001938,1783481893065381874
3,27933866393,10150251675978,1783481893075055946
2,28168766402,10150251795883,1783481893075175883
2,28202099735,10150253660950,1783481893077040886
1,28101466397,10150266287327,1783481893089667263
0,27964041720,10150274017867,1783481893097397803
3,27967199726,10150283718371,1783481893107098307
1,28134799730,10150298329400,1783481893121709336
0,27997375053,10150306041189,1783481893129421157
3,28000533059,10150315756349,1783481893139136317
2,28235433068,10150324261198,1783481893147641166
1,28168133063,10150330358513,1783481893153738481
0,28030708386,10150338064254,1783481893161444222
2,28268766401,10150346579599,1783481893169959567
1,28201466396,10150362397610,1783481893185777578
0,28064041719,10150370098327,1783481893193478263
1,28234799729,10150394446468,1783481893217826468
0,28097375052,10150402123760,1783481893225503728
2,28302099734,10150402250897,1783481893225630833
2,28335433067,10150410811426,1783481893234191394
3,28033866392,10150411905225,1783481893235285161
1,28268133062,10150426501373,1783481893249881341
0,28130708385,10150434164809,1783481893257544777
3,28067199725,10150443947906,1783481893267328066
2,28368766400,10150452953942,1783481893276333910
2,28402099733,10150452975158,1783481893276355158
1,28301466395,10150458502934,1783481893281882902
0,28164041718,10150466155586,1783481893289535522
3,28100533058,10150475971195,1783481893299351163
1,28334799728,10150490528783,1783481893313908751
0,28197375051,10150498169883,1783481893321549851
3,28133866391,10150508019092,1783481893331399060
2,28435433066,10150516542342,1783481893339922278
1,28368133061,10150522566728,1783481893345946728
0,28230708384,10150530201781,1783481893353581749
3,28167199724,10150540044589,1783481893363424525
2,28468766399,10150548541983,1783481893371921919
1,28401466394,10150554600482,1783481893377980450
0,28264041717,10150562222894,1783481893385602830
3,28200533057,10150572104199,1783481893395484199
2,28502099732,10150580562776,1783481893403942712
0,28297375050,10150594268103,1783481893417648071
3,28233866390,10150604164736,1783481893427544672
2,28535433065,10150612683313,1783481893436063249
0,28330708383,10150626293152,1783481893449673088
3,28267199723,10150636203257,1783481893459583193
1,28434799727,10150650711309,1783481893474091277
0,28364041716,10150658286329,1783481893481666297
3,28300533056,10150668235923,1783481893491615891
2,28568766398,10150670049053,1783481893493429021
1,28468133060,10150682743302,1783481893506123270
0,28397375049,10150690296754,1783481893513676690
3,28333866389,10150700260300,1783481893523640236
2,28602099731,10150702080630,1783481893525460598
1,28501466393,10150714784320,1783481893538164256
0,28430708382,10150722317003,1783481893545696971
3,28367199722,10150732309957,1783481893555689861
2,28635433064,10150734091919,1783481893557471855
1,28534799726,10150746788345,1783481893570168281
0,28464041715,10150754335684,1783481893577715620
3,28400533055,10150764345374,1783481893587725342
2,28668766397,10150766117833,1783481893589497801
1,28568133059,10150778823186,1783481893602203122
0,28497375048,10150786382078,1783481893609761982
3,28433866388,10150796433048,1783481893619812984
2,28702099730,10150798177826,1783481893621557762
1,28601466392,10150810903435,1783481893634283403
0,28530708381,10150818419383,1783481893641799319
3,28467199721,10150828483921,1783481893651863857
2,28735433063,10150830207035,1783481893653586971
1,28634799725,10150842939557,1783481893666319493
0,28564041714,10150850455184,1783481893673835152
3,28500533054,10150860498954,1783481893683878890
2,28768766396,10150862227348,1783481893685607316
1,28668133058,10150874979102,1783481893698359070
0,28597375047,10150882449321,1783481893705829321
3,28533866387,10150892576292,1783481893715956228
2,28802099729,10150894273037,1783481893717653005
1,28701466391,10150906996695,1783481893730376631
0,28630708380,10150914465762,1783481893737845730
3,28567199720,10150924598525,1783481893747978493
2,28835433062,10150926295335,1783481893749675303
1,28734799724,10150939022096,1783481893762402064
0,28664041713,10150946489275,1783481893769869339
3,28600533053,10150956645462,1783481893780025494
2,28868766395,10150958334240,1783481893781714176
1,28768133057,10150971042921,1783481893794422889
0,28697375046,10150978530357,1783481893801910261
3,28633866386,10150988692975,1783481893812073071
2,28902099728,10150990362649,1783481893813742617
1,28801466390,10151003096483,1783481893826476451
0,28730708379,10151010546126,1783481893833926062
3,28667199719,10151020728297,1783481893844108265
2,28935433061,10151022389778,1783481893845769746
1,28834799723,10151035206620,1783481893858586588
0,28764041712,10151042566119,1783481893865946087
3,28700533052,10151052888611,1783481893876268579
2,28968766394,10151061641781,1783481893885021749
1,28868133056,10151067170005,1783481893890549941
0,28797375045,10151074611872,1783481893897991808
3,28733866385,10151084870875,1783481893908250811
2,29002099727,10151086441637,1783481893909821573
1,28901466389,10151099189934,1783481893922569902
0,28830708378,10151106605657,1783481893929985625
3,28767199718,10151116880501,1783481893940260469
2,29035433060,10151125623623,1783481893949003655
1,28934799722,10151131243080,1783481893954623016
0,28864041711,10151138626226,1783481893962006162
3,28800533051,10151148887822,1783481893972267758
2,29068766393,10151150495607,1783481893973875575
1,28968133055,10151163276065,1783481893986656001
0,28897375044,10151170653931,1783481893994033867
3,28833866384,10151180946631,1783481894004326599
2,29102099726,10151189641145,1783481894013021113
1,29001466388,10151195306490,1783481894018686426
0,28930708377,10151202665541,1783481894026045477
3,28867199717,10151213043585,1783481894036423553
2,29135433059,10151214565097,1783481894037945033
1,29034799721,10151227374707,1783481894050754611
0,28964041710,10151234693982,1783481894058073950
3,28900533050,10151245024985,1783481894068404953
2,29168766392,10151253671755,1783481894077051723
1,29068133054,10151259352972,1783481894082732908
0,28997375043,10151266703287,1783481894090083255
3,28933866383,10151277073843,1783481894100453811
2,29202099725,10151278617628,1783481894101997532
1,29101466387,10151291381638,1783481894114761606
0,29030708376,10151298704432,1783481894122084400
3,28967199716,10151309076108,1783481894132456076
2,29235433058,10151317630301,1783481894141010269
1,29134799720,10151323382175,1783481894146762111
0,29064041709,10151330724841,1783481894154104809
3,29000533049,10151341116389,1783481894164496357
2,29268766391,10151349593078,1783481894172973014
1,29168133053,10151355415832,1783481894178795800
0,29097375042,10151362743778,1783481894186123746
3,29033866382,10151373156254,1783481894196536190
2,29302099724,10151381653360,1783481894205033328
1,29201466386,10151387448753,1783481894210828689
3,29067199715,10151405249816,1783481894228629784
2,29335433057,10151413898506,1783481894237278442
1,29234799719,10151419510859,1783481894242890827
3,29100533048,10151437302833,1783481894260682801
2,29368766390,10151445907395,1783481894269287363
1,29268133052,10151451531204,1783481894274911172
0,29130708375,10151458804558,1783481894282184494
3,29133866381,10151469290186,1783481894292670122
2,29402099723,10151470761971,1783481894294141875
1,29301466385,10151483574781,1783481894306954717
0,29164041708,10151490830343,1783481894314210279
3,29167199714,10151501342628,1783481894324722564
2,29435433056,10151509885397,1783481894333265365
1,29334799718,10151515607606,1783481894338987542
0,29197375041,10151522842016,1783481894346221984
3,29200533047,10151533376797,1783481894356756765
1,29368133051,10151547609999,1783481894370989967
0,29230708374,10151554862745,1783481894378242681
2,29468766389,10151554964602,1783481894378344538
3,29233866380,10151565418966,1783481894388798934
1,29401466384,10151579639945,1783481894403019881
0,29264041707,10151586892595,1783481894410272531
2,29502099722,10151586989779,1783481894410369747
3,29267199713,10151597462832,1783481894420842800
1,29434799717,10151611677570,1783481894435057506
0,29297375040,10151618915532,1783481894442295468
2,29535433055,10151619048460,1783481894442428428
3,29300533046,10151629509609,1783481894452889577
1,29468133050,10151643706747,1783481894467086683
0,29330708373,10151650950405,1783481894474330341
2,29568766388,10151651076582,1783481894474456518
3,29333866379,10151661535682,1783481894484915618
2,29602099721,10151670019507,1783481894493399475
1,29501466383,10151675745236,1783481894499125204
0,29364041706,10151682934942,1783481894506314910
3,29367199712,10151693586972,1783481894516966908
1,29534799716,10151707788366,1783481894531168334
0,29397375039,10151714964311,1783481894538344247
2,29635433054,10151715076536,1783481894538456504
3,29400533045,10151725631541,1783481894549011509
1,29568133049,10151739808807,1783481894563188775
0,29430708372,10151746987024,1783481894570366992
2,29668766387,10151747088369,1783481894570468305
1,29601466382,10151771840000,1783481894595219968
0,29464041705,10151779011722,1783481894602391658
2,29702099720,10151779116298,1783481894602496234
1,29634799715,10151803929754,1783481894627309690
0,29497375038,10151811061123,1783481894634441091
2,29735433053,10151811246948,1783481894634626916
3,29433866378,10151821817409,1783481894645197345
1,29668133048,10151835956019,1783481894659335955
0,29530708371,10151843100284,1783481894666480252
2,29768766386,10151843322493,1783481894666702429
3,29467199711,10151853832922,1783481894677212890
1,29701466381,10151867970092,1783481894691350028
0,29564041704,10151875125813,1783481894698505749
2,29802099719,10151875325271,1783481894698705239
3,29500533044,10151885875028,1783481894709255124
1,29734799714,10151900032421,1783481894723412389
0,29597375037,10151907120590,1783481894730500622
3,29533866377,10151917915597,1783481894741295533
2,29835433052,10151926493598,1783481894749873566
1,29768133047,10151932021790,1783481894755401758
0,29630708370,10151939119047,1783481894762499015
2,29868766385,10151947653177,1783481894771033113
3,29567199710,10151949929766,1783481894773309702
1,29801466380,10151964034712,1783481894787414680
0,29664041703,10151971129761,1783481894794509729
3,29600533043,10151981979071,1783481894805359071
2,29902099718,10151990537905,1783481894813918001
0,29697375036,10152003168858,1783481894826548858
2,29935433051,10152011740427,1783481894835120395
3,29633866376,10152014030425,1783481894837410361
0,29730708369,10152035222547,1783481894858602483
3,29667199709,10152046061650,1783481894869441618
1,29834799713,10152060158275,1783481894883538211
0,29764041702,10152067204268,1783481894890584204
3,29700533042,10152078106283,1783481894901486219
2,29968766384,10152079324530,1783481894902704498
1,29868133046,10152092169501,1783481894915549469
0,29797375035,10152099215141,1783481894922595109
3,29733866375,10152110149925,1783481894933529861
2,30002099717,10152111360492,1783481894934740428
1,29901466379,10152124202294,1783481894947582230
0,29830708368,10152131259583,1783481894954639519
3,29767199708,10152142209566,1783481894965589502
2,30035433050,10152143342244,1783481894966722212
1,29934799712,10152156283855,1783481894979663823
0,29864041701,10152163271000,1783481894986651096
3,29800533041,10152174237207,1783481894997617143
2,30068766383,10152175408222,1783481894998788158
1,29968133045,10152188295944,1783481895011675912
0,29897375034,10152195303153,1783481895018683089
3,29833866374,10152206300209,1783481895029680177
2,30102099716,10152207440215,1783481895030820183
1,30001466378,10152220333602,1783481895043713570
0,29930708367,10152227361642,1783481895050741610
3,29867199707,10152238329578,1783481895061709514
2,30135433049,10152239465808,1783481895062845744
1,30034799711,10152252360411,1783481895075740379
0,29964041700,10152259324387,1783481895082704355
3,29900533040,10152270367843,1783481895093747779
2,30168766382,10152271491914,1783481895094871850
1,30068133044,10152284372788,1783481895107752756
0,29997375033,10152291343453,1783481895114723421
3,29933866373,10152302401532,1783481895125781468
2,30202099715,10152303509955,1783481895126889923
1,30101466377,10152316409293,1783481895139789261
0,30030708366,10152323368662,1783481895146748598
3,29967199706,10152334446966,1783481895157826934
2,30235433048,10152335542076,1783481895158922044
1,30134799710,10152348455751,1783481895171835719
0,30064041699,10152355394223,1783481895178774159
3,30000533039,10152366489423,1783481895189869359
2,30268766381,10152367589046,1783481895190968982
1,30168133043,10152380489504,1783481895203869440
0,30097375032,10152387408360,1783481895210788328
3,30033866372,10152398553961,1783481895221933929
2,30302099714,10152399619759,1783481895222999695
1,30201466376,10152412506361,1783481895235886329
0,30130708365,10152419454402,1783481895242834338
3,30067199705,10152430616706,1783481895253996674
2,30335433047,10152431662664,1783481895255042632
1,30234799709,10152444584147,1783481895267964115
0,30164041698,10152451460123,1783481895274840059
3,30100533038,10152462613659,1783481895285993691
2,30368766380,10152463677281,1783481895287057185
1,30268133042,10152476601708,1783481895299981644
0,30197375031,10152483485236,1783481895306865172
3,30133866371,10152494672949,1783481895318052917
2,30402099713,10152495712763,1783481895319092699
1,30301466375,10152508634789,1783481895332014725
0,30230708364,10152515509101,1783481895338889037
3,30167199704,10152526701486,1783481895350081454
2,30435433046,10152527731188,1783481895351111124
1,30334799708,10152540642047,1783481895364021983
0,30264041697,10152547507686,1783481895370887622
3,30200533037,10152558741063,1783481895382120999
2,30468766379,10152559752781,1783481895383132717
1,30368133041,10152572696536,1783481895396076472
0,30297375030,10152579539840,1783481895402919776
3,30233866370,10152590785505,1783481895414165441
2,30502099712,10152591777734,1783481895415157702
1,30401466374,10152604704465,1783481895428084401
0,30330708363,10152611559225,1783481895434939161
3,30267199703,10152622846554,1783481895446226490
2,30535433045,10152623828416,1783481895447208384
1,30434799707,10152636739530,1783481895460119466
0,30364041696,10152643578930,1783481895466958898
3,30300533036,10152654881459,1783481895478261395
2,30568766378,10152655829817,1783481895479209785
1,30468133040,10152668760644,1783481895492140612
0,30397375029,10152675598091,1783481895498978059
3,30333866369,10152686918701,1783481895510298669
2,30602099711,10152687859826,1783481895511239794
1,30501466373,10152700803837,1783481895524183805
0,30430708362,10152707623620,1783481895531003588
3,30367199702,10152718964646,1783481895542344582
2,30635433044,10152719885995,1783481895543265931
1,30534799706,10152732827958,1783481895556207926
0,30464041695,10152739640702,1783481895563020638
3,30400533035,10152751003103,1783481895574383071
2,30668766377,10152759540401,1783481895582920337
1,30568133039,10152764862032,1783481895588241968
0,30497375028,10152771664439,1783481895595044375
3,30433866368,10152783037497,1783481895606417465
2,30702099710,10152783947646,1783481895607327614
1,30601466372,10152796894825,1783481895620274761
3,30467199701,10152815133618,1783481895638513586
2,30735433043,10152823738404,1783481895647118500
1,30634799705,10152828975906,1783481895652355842
3,30500533034,10152847181772,1783481895670561708
2,30768766376,10152855938494,1783481895679318430
1,30668133038,10152861021308,1783481895684401244
0,30530708361,10152867778851,1783481895691158787
3,30533866367,10152879211653,1783481895702591749
2,30802099709,10152880060106,1783481895703440074
1,30701466371,10152893053845,1783481895716433813
0,30564041694,10152899792028,1783481895723171996
3,30567199700,10152911266206,1783481895734646110
2,30835433042,10152912068803,1783481895735448771
1,30734799704,10152925085006,1783481895748464942
0,30597375027,10152931801813,1783481895755181781
3,30600533033,10152943306680,1783481895766686616
2,30868766375,10152952056106,1783481895775436042
1,30768133037,10152957174792,1783481895780554824
0,30630708360,10152963829390,1783481895787209422
3,30633866366,10152975313393,1783481895798693361
2,30902099708,10152983829954,1783481895807209922
1,30801466370,10152989137921,1783481895812517857
0,30664041693,10152995819303,1783481895819199271
3,30667199699,10153007374826,1783481895830754794
2,30935433041,10153015962204,1783481895839342172
1,30834799703,10153021152570,1783481895844532506
0,30697375026,10153027862241,1783481895851242177
3,30700533032,10153039412324,1783481895862792260
2,30968766374,10153048017589,1783481895871397557
1,30868133036,10153053175795,1783481895876555699
0,30730708359,10153059868698,1783481895883248634
3,30733866365,10153071424509,1783481895894804477
2,31002099707,10153079906190,1783481895903286158
1,30901466369,10153085195180,1783481895908575116
0,30764041692,10153091872083,1783481895915252051
3,30767199698,10153103461782,1783481895926841750
2,31035433040,10153104239867,1783481895927619835
1,30934799702,10153117224774,1783481895940604806
0,30797375025,10153123890188,1783481895947270156
3,30800533031,10153135511184,1783481895958891120
2,31068766373,10153144077697,1783481895967457633
1,30968133035,10153149264607,1783481895972644575
0,30830708358,10153155928070,1783481895979308038
1,31001466368,10153181325721,1783481896004705689
0,30864041691,10153187940895,1783481896011320863
2,31102099706,10153188078816,1783481896011458784
1,31034799701,10153213335986,1783481896036715954
0,30897375024,10153219972888,1783481896043352856
2,31135433039,10153220131001,1783481896043510937
3,30833866364,10153231680348,1783481896055060316
1,31068133034,10153245409611,1783481896068789547
0,30930708357,10153252024626,1783481896075404562
2,31168766372,10153252196659,1783481896075576595
3,30867199697,10153263699637,1783481896087079605
1,31101466367,10153277420677,1783481896100800645
0,30964041690,10153283998891,1783481896107378891
2,31202099705,10153284134123,1783481896107514059
3,30900533030,10153295739823,1783481896119119791
2,31235433038,10153304285856,1783481896127665792
1,31134799700,10153309535294,1783481896132915230
0,30997375023,10153316041348,1783481896139421284
3,30933866363,10153327787432,1783481896151167368
1,31168133033,10153341497975,1783481896164877943
0,31030708356,10153348059741,1783481896171439677
2,31268766371,10153348208222,1783481896171588190
3,30967199696,10153359827265,1783481896183207233
1,31201466366,10153373534257,1783481896196914225
0,31064041689,10153380057494,1783481896203437494
2,31302099704,10153380208599,1783481896203588567
3,31000533029,10153391864539,1783481896215244475
0,31097375022,10153412077104,1783481896235457072
2,31335433037,10153420734146,1783481896244114082
3,31033866362,10153423920948,1783481896247300916
0,31130708355,10153444145385,1783481896267525353
3,31067199695,10153455968270,1783481896279348238
1,31234799699,10153469625565,1783481896293005469
0,31164041688,10153476131458,1783481896299511394
3,31100533028,10153488024839,1783481896311404775
2,31368766370,10153488625963,1783481896312005899
1,31268133032,10153501667478,1783481896325047414
0,31197375021,10153508157596,1783481896331537564
3,31133866361,10153520047072,1783481896343427040
2,31402099703,10153520629316,1783481896344009252
1,31301466365,10153533693007,1783481896357072943
0,31230708354,10153540173237,1783481896363553141
3,31167199694,10153552047321,1783481896375427289
2,31435433036,10153552658653,1783481896376038621
1,31334799698,10153565696424,1783481896389076392
0,31264041687,10153572191822,1783481896395571758
3,31200533027,10153584115123,1783481896407495059
2,31468766369,10153584676118,1783481896408056054
1,31368133031,10153597723170,1783481896421103138
0,31297375020,10153604212103,1783481896427592167
3,31233866360,10153616152524,1783481896439532524
2,31502099702,10153616725264,1783481896440105200
1,31401466364,10153629776699,1783481896453156635
0,31330708353,10153636234497,1783481896459614433
3,31267199693,10153648184806,1783481896471564774
2,31535433035,10153648750505,1783481896472130441
1,31434799697,10153661828821,1783481896485208789
0,31364041686,10153668255482,1783481896491635418
3,31300533026,10153680240991,1783481896503620991
2,31568766368,10153680787138,1783481896504167106
1,31468133030,10153693869902,1783481896517249838
0,31397375019,10153700281363,1783481896523661299
3,31333866359,10153712287929,1783481896535667897
2,31602099701,10153712806812,1783481896536186780
1,31501466363,10153725898151,1783481896549278119
0,31430708352,10153732277516,1783481896555657484
3,31367199692,10153744330770,1783481896567710802
2,31635433034,10153744847669,1783481896568227637
1,31534799696,10153757926241,1783481896581306209
0,31464041685,10153764309286,1783481896587689286
3,31400533025,10153776368043,1783481896599748011
2,31668766367,10153776859950,1783481896600239918
1,31568133029,10153789950970,1783481896613330938
0,31497375018,10153796336127,1783481896619716095
3,31433866358,10153808421861,1783481896631801893
2,31702099700,10153808887463,1783481896632267431
1,31601466362,10153822002483,1783481896645382451
0,31530708351,10153828385976,1783481896651765912
3,31467199691,10153840468286,1783481896663848222
2,31735433033,10153840932673,1783481896664312609
1,31634799695,10153854024589,1783481896677404557
0,31564041684,10153860401010,1783481896683780946
3,31500533024,10153872533592,1783481896695913496
2,31768766366,10153872972794,1783481896696352762
1,31668133028,10153886071878,1783481896709451814
0,31597375017,10153892431851,1783481896715811819
3,31533866357,10153904656754,1783481896728036722
2,31802099699,10153904994164,1783481896728374132
1,31701466361,10153918127392,1783481896741507520
0,31630708350,10153924526309,1783481896747906277
3,31567199690,10153936607498,1783481896759987466
2,31835433032,10153937027693,1783481896760407661
1,31734799694,10153950148153,1783481896773528089
0,31664041683,10153956471069,1783481896779851037
3,31600533023,10153968669476,1783481896792049444
2,31868766365,10153969062790,1783481896792442726
1,31768133027,10153982158866,1783481896805538834
0,31697375016,10153988485303,1783481896811865271
3,31633866356,10154000693021,1783481896824073053
2,31902099698,10154001083071,1783481896824463071
1,31801466360,10154014169643,1783481896837549611
0,31730708349,10154020502288,1783481896843882256
3,31667199689,10154032742807,1783481896856123095
2,31935433031,10154033102265,1783481896856482233
1,31834799693,10154046239781,1783481896869619685
0,31764041682,10154052521065,1783481896875901033
3,31700533022,10154064764688,1783481896888144720
2,31968766364,10154065114674,1783481896888494642
1,31868133026,10154078250654,1783481896901630622
0,31797375015,10154084523906,1783481896907903842
3,31733866355,10154096808969,1783481896920188905
2,32002099697,10154097166795,1783481896920546763
1,31901466359,10154110281431,1783481896933661399
0,31830708348,10154116550300,1783481896939930268
3,31767199688,10154128860419,1783481896952240387
2,32035433030,10154129182213,1783481896952562117
1,31934799692,10154142288560,1783481896965668496
0,31864041681,10154148564725,1783481896971944693
3,31800533021,10154160875868,1783481896984255804
2,32068766363,10154161201406,1783481896984581342
1,31968133025,10154174319306,1783481896997699274
0,31897375014,10154180580910,1783481897003960878
3,31833866354,10154192918965,1783481897016298933
2,32102099696,10154193222231,1783481897016602167
1,32001466358,10154206353411,1783481897029733315
3,31867199687,10154224979471,1783481897048359439
2,32135433029,10154225260145,1783481897048640113
1,32034799691,10154238441885,1783481897061821789
3,31900533020,10154257035944,1783481897080415912
2,32168766362,10154257327882,1783481897080707818
1,32068133024,10154270461974,1783481897093841910
0,31930708347,10154276663482,1783481897100043450
3,31933866353,10154289070786,1783481897112450722
2,32202099695,10154289343427,1783481897112723395
1,32101466357,10154302494832,1783481897125874800
0,31964041680,10154308681587,1783481897132061523
3,31967199686,10154321104731,1783481897144484763
2,32235433028,10154321354941,1783481897144734909
1,32134799690,10154334510409,1783481897157890377
0,31997375013,10154340691053,1783481897164070989
3,32000533019,10154353133237,1783481897176513205
2,32268766361,10154353380694,1783481897176760662
1,32168133023,10154366530818,1783481897189910786
0,32030708346,10154372705606,1783481897196085574
3,32033866352,10154385177678,1783481897208557614
2,32302099694,10154393733280,1783481897217113248
1,32201466356,10154398551899,1783481897221931867
0,32064041679,10154404727007,1783481897228106943
3,32067199685,10154417230632,1783481897240610568
2,32335433027,10154417425545,1783481897240805513
1,32234799689,10154430587509,1783481897253967509
0,32097375012,10154436803865,1783481897260183833
3,32100533018,10154449316289,1783481897272696225
2,32368766360,10154457882387,1783481897281262323
1,32268133022,10154462638158,1783481897286018126
0,32130708345,10154468798450,1783481897292178386
3,32133866351,10154481333659,1783481897304713627
2,32402099693,10154481490779,1783481897304870715
1,32301466355,10154494652648,1783481897318032616
0,32164041678,10154500800523,1783481897324180491
3,32167199684,10154513348564,1783481897336728564
2,32435433026,10154521842725,1783481897345222661
1,32334799688,10154526682913,1783481897350062881
0,32197375011,10154532815492,1783481897356195428
3,32200533017,10154545384301,1783481897368764237
2,32468766359,10154545538542,1783481897368918478
1,32368133021,10154558712666,1783481897382092634
0,32230708344,10154564841854,1783481897388221822
1,32401466354,10154590744084,1783481897414124020
0,32264041677,10154596856855,1783481897420236823
2,32502099692,10154596963032,1783481897420343000
1,32434799687,10154622788813,1783481897446168781
0,32297375010,10154628893457,1783481897452273393
2,32535433025,10154628996721,1783481897452376689
3,32233866350,10154641558842,1783481897464938778
2,32568766358,10154650073419,1783481897473453355
1,32468133020,10154654849351,1783481897478229319
0,32330708343,10154660920010,1783481897484299978
3,32267199683,10154673593267,1783481897496973235
2,32602099691,10154682058244,1783481897505438212
1,32501466353,10154686861600,1783481897510241536
0,32364041676,10154692926531,1783481897516306467
3,32300533016,10154705607404,1783481897528987372
2,32635433024,10154714051741,1783481897537431677
1,32534799686,10154718882137,1783481897542262105
0,32397375009,10154724936540,1783481897548316508
3,32333866349,10154737646470,1783481897561026438
2,32668766357,10154737712358,1783481897561092326
1,32568133019,10154750908403,1783481897574288371
0,32430708342,10154756957398,1783481897580337366
3,32367199682,10154769691423,1783481897593071391
1,32601466352,10154782952460,1783481897606332396
0,32464041675,10154788999983,1783481897612379951
3,32400533015,10154801735737,1783481897625115705
0,32497375008,10154821021992,1783481897644402024
3,32433866348,10154833775730,1783481897657155698
0,32530708341,10154853022562,1783481897676402530
3,32467199681,10154865826060,1783481897689206028
0,32564041674,10154885041851,1783481897708421787
3,32500533014,10154897864709,1783481897721244677
0,32597375007,10154917116885,1783481897740496853
