batch_idx,source_id,frame_num,buf_pts_ns,ntp_ns
0,0,0,619585593,1783476193029156000
1,0,1,795543273,1783476193231936000
2,0,2,1027554297,1783476193448276000
2,1,0,1186823113,1783476193481983000
3,0,3,1227552681,1783476193648580000
3,1,1,1186834329,1783476193485486000
4,0,4,1431538713,1783476193857380000
4,1,2,1426805393,1783476194048920000
5,0,5,1627551553,1783476194065432000
5,1,3,1626830521,1783476194051157000
5,2,0,1754278145,1783476194041171000
6,0,6,1827548297,1783476194165883000
6,1,4,1826805361,1783476194087941000
6,2,1,1798187521,1783476194054896000
7,0,7,2063540521,1783476194620519000
7,1,5,1994839585,1783476194619441000
7,2,2,2062178913,1783476194618373000
8,0,8,2263542849,1783476194666819000
8,1,6,2262824209,1783476194665782000
8,2,3,2262214393,1783476194621528000
8,3,0,2321458369,1783476194616714000
9,0,9,2395565233,1783476194693162000
9,1,7,2394848817,1783476194692127000
9,2,4,2294197425,1783476194625774000
9,3,1,2333437041,1783476194622609000
10,0,10,2427563457,1783476194900857000
10,1,8,2430890817,1783476194901972000
10,2,5,2330171009,1783476194638095000
10,3,2,2365444233,1783476194626861000
11,0,11,2463558817,1783476194905034000
11,1,9,2462812785,1783476194906082000
11,2,6,2394212265,1783476194694245000
11,3,3,2401437913,1783476194655592000
12,0,12,2495559201,1783476194909268000
12,1,10,2494847105,1783476194910322000
12,2,7,2430262201,1783476194902935000
12,3,4,2433510625,1783476194904003000
13,0,13,2527560169,1783476194913188000
13,1,11,2526815169,1783476194913856000
13,2,8,2462206201,1783476194907148000
13,3,5,2465434169,1783476194908229000
14,0,14,2695542009,1783476194957051000
14,1,12,2694842265,1783476194956003000
14,2,9,2530185785,1783476194914562000
14,3,6,2533431009,1783476194915197000
15,0,15,2727564105,1783476194992733000
15,1,13,2730799041,1783476194991519000
15,2,10,2694198817,1783476194958706000
15,3,7,2697448625,1783476194959767000
16,0,16,2763556201,1783476195025003000
16,1,14,2762816337,1783476195023956000
16,2,11,2730177233,1783476194994335000
16,3,8,2733446401,1783476194995422000
17,0,17,2795545849,1783476195057047000
17,1,15,2794836009,1783476195060131000
17,2,12,2762195977,1783476195204335000
17,3,9,2765442785,1783476195205493000
18,0,18,2827566945,1783476195203307000
18,1,16,2830800785,1783476195206506000
18,2,13,2798191137,1783476195208551000
18,3,10,2797466721,1783476195209624000
19,0,19,2863550233,1783476195207536000
19,1,17,2862833233,1783476195210656000
19,2,14,2830175169,1783476195212794000
19,3,11,2833448105,1783476195213863000
20,0,20,2895549465,1783476195211716000
20,1,18,2894851137,1783476195214847000
20,2,15,2862191137,1783476195215897000
20,3,12,2865458137,1783476195216849000
21,0,21,2927562913,1783476195414591000
21,1,19,2930801137,1783476195412511000
21,2,16,2998176169,1783476195413537000
21,3,13,3001447233,1783476195415630000
22,0,22,2995554912,1783476195418800000
22,1,20,2994838785,1783476195416690000
22,2,17,3030191169,1783476195417746000
22,3,14,3033449201,1783476195419848000
23,0,23,3027563977,1783476195423031000
23,1,21,3030801913,1783476195420908000
23,2,18,3062192233,1783476195421961000
23,3,15,3065505913,1783476195424047000
24,0,24,3063550849,1783476195426562000
24,1,22,3062818105,1783476195425020000
24,2,19,3098182137,1783476195425875000
24,3,16,3101472233,1783476195427239000
25,0,25,3195567169,1783476195461509000
25,1,23,3194832169,1783476195460462000
25,2,20,3198170401,1783476195459469000
25,3,17,3201555425,1783476195455145000
26,0,26,3227577201,1783476195646279000
26,1,24,3226825977,1783476195647339000
26,2,21,3230182265,1783476195648529000
26,3,18,3233492233,1783476195649461000
27,0,27,3263556617,1783476195650463000
27,1,25,3262856265,1783476195651554000
27,2,22,3262214009,1783476195652621000
27,3,19,3269505233,1783476195653651000
28,0,28,3295553489,1783476195654857000
28,1,26,3294837105,1783476195655768000
28,2,23,3298179201,1783476195656810000
28,3,20,3301451201,1783476195657817000
29,0,29,3327599689,1783476195658714000
29,1,27,3326853361,1783476195659436000
29,2,24,3330173105,1783476195660092000
29,3,21,3333449169,1783476195660949000
30,0,30,3427566721,1783476195857419000
30,1,28,3426824297,1783476195856386000
30,2,25,3430191105,1783476195858490000
30,3,22,3433494657,1783476195859572000
31,0,31,3463598817,1783476195861621000
31,1,29,3462873105,1783476195860575000
31,2,26,3462382009,1783476195862674000
31,3,23,3469464817,1783476195863744000
32,0,32,3495556169,1783476195865845000
32,1,30,3494840169,1783476195864790000
32,2,27,3498299265,1783476195866898000
32,3,24,3501461137,1783476195867941000
33,0,33,3527578361,1783476195869852000
33,1,31,3530809753,1783476195868907000
33,2,28,3530185137,1783476195870541000
33,3,25,3533526137,1783476195871204000
34,0,34,3627598201,1783476195893994000
34,1,32,3630813561,1783476195892942000
34,2,29,3630223689,1783476195891887000
34,3,26,3633461009,1783476195890873000
35,0,35,3663551137,1783476196072095000
35,1,33,3662805233,1783476196073115000
35,2,30,3662192945,1783476196071026000
35,3,27,3665458201,1783476196074170000
36,0,36,3695556041,1783476196076291000
36,1,34,3694841329,1783476196077339000
36,2,31,3698181233,1783476196075223000
36,3,28,3701448393,1783476196078420000
37,0,37,3727570945,1783476196080491000
37,1,35,3730807201,1783476196081549000
37,2,32,3730180041,1783476196079489000
37,3,29,3733477233,1783476196082562000
38,0,38,3763559105,1783476196084521000
38,1,36,3762827169,1783476196085208000
38,2,33,3762208689,1783476196083578000
38,3,30,3765450233,1783476196085861000
39,0,39,3863551073,1783476196271900000
39,1,37,3862819881,1783476196272925000
39,2,34,3862229137,1783476196274027000
39,3,31,3865465265,1783476196275028000
40,0,40,3895559137,1783476196276084000
40,1,38,3894851233,1783476196277136000
40,2,35,3894193233,1783476196278195000
40,3,32,3901457457,1783476196279235000
41,0,41,3927572137,1783476196280300000
41,1,39,3926826233,1783476196281352000
41,2,36,3930181817,1783476196282386000
41,3,33,3933467137,1783476196283364000
42,0,42,3963558945,1783476196284362000
42,1,40,3962826073,1783476196285139000
42,2,37,3962215233,1783476196285827000
42,3,34,3965457913,1783476196286473000
43,0,43,4063555233,1783476196472570000
43,1,41,4062821137,1783476196474655000
43,2,38,4062199849,1783476196473609000
43,3,35,4065459401,1783476196475703000
44,0,44,4095560817,1783476196476831000
44,1,42,4094845073,1783476196478866000
44,2,39,4098200329,1783476196477816000
44,3,36,4101475073,1783476196479924000
45,0,45,4127572657,1783476196480988000
45,1,43,4126827489,1783476196483083000
45,2,40,4130183137,1783476196482054000
45,3,37,4133446977,1783476196484153000
46,0,46,4163559657,1783476196485145000
46,1,44,4162842329,1783476196486824000
46,2,41,4162200137,1783476196486075000
46,3,38,4165457393,1783476196487502000
47,0,47,4263554401,1783476196675616000
47,1,45,4262824169,1783476196676632000
47,2,42,4262207041,1783476196673504000
47,3,39,4265449921,1783476196674534000
48,0,48,4295594977,1783476196679795000
48,1,46,4294869361,1783476196680839000
48,2,43,4294224721,1783476196677701000
48,3,40,4297469105,1783476196678782000
49,0,49,4327584201,1783476196684090000
49,1,47,4326828041,1783476196685037000
49,2,44,4330183945,1783476196681932000
49,3,41,4333435553,1783476196682973000
50,0,50,4363564489,1783476196687555000
50,1,48,4362828489,1783476196688235000
50,2,45,4362219137,1783476196686020000
50,3,42,4365459977,1783476196686881000
51,0,51,4463570041,1783476196876196000
51,1,49,4462823465,1783476196874111000
51,2,46,4462199881,1783476196875147000
51,3,43,4465464009,1783476196877337000
52,0,52,4495576041,1783476196880463000
52,1,50,4494866169,1783476196878310000
52,2,47,4494225817,1783476196879341000
52,3,44,4497463945,1783476196881460000
53,0,53,4527589041,1783476196885659000
53,1,51,4526835169,1783476196882535000
53,2,48,4530220201,1783476196883563000
53,3,45,4533463233,1783476196884631000
54,0,54,4563576457,1783476196888866000
54,1,52,4562832265,1783476196886523000
54,2,49,4562205137,1783476196887263000
54,3,46,4565450753,1783476196888087000
55,0,55,4663571433,1783476197075745000
55,1,53,4662852265,1783476197076784000
55,2,50,4662297361,1783476197074706000
55,3,47,4665472657,1783476197077852000
56,0,56,4695625233,1783476197079957000
56,1,54,4694896233,1783476197080995000
56,2,51,4694278041,1783476197078888000
56,3,48,4697475977,1783476197082109000
57,0,57,4727582977,1783476197084178000
57,1,55,4726838169,1783476197085218000
57,2,52,4730191977,1783476197083123000
57,3,49,4733450785,1783476197086246000
58,0,58,4763578105,1783476197088093000
58,1,56,4762863105,1783476197089454000
58,2,53,4762221297,1783476197087219000
58,3,50,4765449169,1783476197088770000
59,0,59,4863565977,1783476197276621000
59,1,57,4862844945,1783476197275586000
59,2,54,4862223785,1783476197277668000
59,3,51,4865451945,1783476197278722000
60,0,60,4895581073,1783476197280821000
60,1,58,4894853817,1783476197279891000
60,2,55,4894210977,1783476197281882000
60,3,52,4897464849,1783476197282935000
61,0,61,4931595073,1783476197285115000
61,1,59,4930834105,1783476197284073000
61,2,56,4930191849,1783476197286170000
61,3,53,4933452041,1783476197287234000
62,0,62,4963579201,1783476197288785000
62,1,60,4962851105,1783476197288039000
62,2,57,4962223233,1783476197289523000
62,3,54,4965455041,1783476197290256000
63,0,63,5063596817,1783476197478283000
63,1,61,5062851849,1783476197477225000
63,2,58,5062223169,1783476197476184000
63,3,55,5065481753,1783476197479335000
64,0,64,5095582073,1783476197482494000
64,1,62,5094855265,1783476197481436000
64,2,59,5094208073,1783476197480392000
64,3,56,5097474137,1783476197483547000
65,0,65,5131580009,1783476197486706000
65,1,63,5130835041,1783476197485648000
65,2,60,5130210945,1783476197484604000
65,3,57,5129490009,1783476197487714000
66,0,66,5163596137,1783476197490345000
66,1,64,5162868489,1783476197489356000
66,2,61,5162229169,1783476197488671000
66,3,58,5165450785,1783476197490982000
67,0,67,5263592137,1783476197679266000
67,1,65,5262884201,1783476197678163000
67,2,62,5262225657,1783476197677128000
67,3,59,5265440785,1783476197680435000
68,0,68,5295611753,1783476197683710000
68,1,66,5294878137,1783476197682647000
68,2,63,5294230881,1783476197681610000
68,3,60,5297514009,1783476197684916000
69,0,69,5331562849,1783476197687920000
69,1,67,5330847041,1783476197686855000
69,2,64,5330224105,1783476197685820000
69,3,61,5329468753,1783476197688988000
70,0,70,5363594169,1783476197691595000
70,1,68,5362863073,1783476197690703000
70,2,65,5362225105,1783476197689975000
70,3,62,5365457105,1783476197692437000
71,0,71,5463596073,1783476197879827000
71,1,69,5462939105,1783476197878780000
71,2,66,5462257041,1783476197877744000
71,3,63,5465529233,1783476197880888000
72,0,72,5499583137,1783476197884055000
72,1,70,5498838105,1783476197883074000
72,2,67,5494211817,1783476197881939000
72,3,64,5497456977,1783476197885103000
73,0,73,5531577265,1783476197888277000
73,1,71,5530853625,1783476197887213000
73,2,68,5530225009,1783476197886204000
73,3,65,5529470201,1783476197889305000
74,0,74,5563606977,1783476197892186000
74,1,72,5562897977,1783476197891373000
74,2,69,5562262137,1783476197890426000
74,3,66,5565450881,1783476197892887000
75,0,75,5663595265,1783476198078612000
75,1,73,5662870721,1783476198081796000
75,2,70,5594214849,1783476198079644000
75,3,67,5665449049,1783476198080710000
76,0,76,5699584433,1783476198083031000
76,1,74,5698840105,1783476198086182000
76,2,71,5662215753,1783476198084096000
76,3,68,5697477073,1783476198085127000
77,0,77,5731584657,1783476198087664000
77,1,75,5730872201,1783476198090784000
77,2,72,5698230009,1783476198088708000
77,3,69,5729472137,1783476198089768000
78,0,78,5763601945,1783476198091681000
78,1,76,5762872361,1783476198093925000
78,2,73,5730225945,1783476198093158000
78,3,70,5765456361,1783476198092417000
79,0,79,5863604881,1783476198134622000
79,1,77,5862876849,1783476198133598000
79,2,74,5862212657,1783476198132527000
79,3,71,5865445497,1783476198131460000
80,0,80,5899590105,1783476198166799000
80,1,78,5898875689,1783476198164762000
80,2,75,5898253913,1783476198165764000
80,3,72,5897464657,1783476198163659000
81,0,81,5931593041,1783476198202402000
81,1,79,5930891137,1783476198201342000
81,2,76,5930249105,1783476198200309000
81,3,73,5929481784,1783476198195276000
82,0,82,5967605009,1783476198234440000
82,1,80,5962877753,1783476198233381000
82,2,77,5962220753,1783476198232333000
82,3,74,5965483913,1783476198231337000
83,0,83,5999575105,1783476198402507000
83,1,81,5998858721,1783476198404590000
83,2,78,5998237041,1783476198403547000
83,3,75,5997486233,1783476198405659000
84,0,84,6031586657,1783476198406907000
84,1,82,6030874105,1783476198408996000
84,2,79,6030248009,1783476198407946000
84,3,76,6029477393,1783476198410096000
85,0,85,6067603201,1783476198411119000
85,1,83,6066856201,1783476198413189000
85,2,80,6062215849,1783476198412170000
85,3,77,6065458137,1783476198414189000
86,0,86,6099586137,1783476198415149000
86,1,84,6098826041,1783476198416557000
86,2,81,6098213785,1783476198415873000
86,3,78,6097458329,1783476198417312000
87,0,87,6199615945,1783476198605774000
87,1,85,6198860881,1783476198606826000
87,2,82,6198213401,1783476198604732000
87,3,79,6197460817,1783476198607905000
88,0,88,6231595233,1783476198610154000
88,1,86,6230876849,1783476198611198000
88,2,83,6230238040,1783476198609003000
88,3,80,6229508169,1783476198612255000
89,0,89,6267598009,1783476198614362000
89,1,87,6266868009,1783476198615439000
89,2,84,6266244753,1783476198613319000
89,3,81,6265507073,1783476198616486000
90,0,90,6299604849,1783476198619098000
90,1,88,6298859009,1783476198619883000
90,2,85,6298221465,1783476198617399000
90,3,82,6297462105,1783476198620677000
91,0,91,6399626881,1783476198805382000
91,1,89,6398868657,1783476198806421000
91,2,86,6398238721,1783476198807482000
91,3,83,6397498785,1783476198808515000
92,0,92,6431621137,1783476198809665000
92,1,90,6430908233,1783476198810688000
92,2,87,6430238849,1783476198811729000
92,3,84,6429497617,1783476198812802000
93,0,93,6467582977,1783476198813846000
93,1,91,6466878329,1783476198814898000
93,2,88,6466240041,1783476198815940000
93,3,85,6465484201,1783476198816978000
94,0,94,6499605721,1783476198817959000
94,1,92,6498862201,1783476198818896000
94,2,89,6498231169,1783476198819579000
94,3,86,6497478393,1783476198820251000
95,0,95,6599605137,1783476199007310000
95,1,93,6598879913,1783476199008310000
95,2,90,6598250497,1783476199006196000
95,3,87,6597478273,1783476199009401000
96,0,96,6635591817,1783476199011823000
96,1,94,6634863041,1783476199012958000
96,2,91,6630237009,1783476199010390000
96,3,88,6629478881,1783476199013929000
97,0,97,6667591073,1783476199016035000
97,1,95,6666863201,1783476199017088000
97,2,92,6666217977,1783476199014983000
97,3,89,6665467201,1783476199018132000
98,0,98,6699603881,1783476199019858000
98,1,96,6698867233,1783476199020627000
98,2,93,6698239913,1783476199019098000
98,3,90,6697485201,1783476199021601000
99,0,99,6799625169,1783476199207987000
99,1,97,6798893753,1783476199210091000
99,2,94,6798270977,1783476199206963000
99,3,91,6797502465,1783476199209064000
100,0,100,6835620105,1783476199212210000
100,1,98,6834890009,1783476199214314000
100,2,95,6834268497,1783476199211157000
100,3,92,6833531073,1783476199213260000
101,0,101,6867638849,1783476199216420000
101,1,99,6866894785,1783476199218519000
101,2,96,6866250297,1783476199215375000
101,3,93,6865496945,1783476199217474000
102,0,102,6899626497,1783476199220483000
102,1,100,6898905297,1783476199221948000
102,2,97,6898273233,1783476199219782000
102,3,94,6897518137,1783476199221264000
103,0,103,6999644913,1783476199409662000
103,1,101,6998925201,1783476199408612000
103,2,98,6998281425,1783476199407730000
103,3,95,6997520433,1783476199410715000
104,0,104,7035646977,1783476199414130000
104,1,102,7034935265,1783476199413074000
104,2,99,7034311593,1783476199412034000
104,3,96,7033525105,1783476199415174000
105,0,105,7067668913,1783476199419210000
105,1,103,7066924233,1783476199417313000
105,2,100,7066292657,1783476199416244000
105,3,97,7065539265,1783476199420258000
106,0,106,7103658913,1783476199423240000
106,1,104,7098933105,1783476199422282000
106,2,101,7098301625,1783476199421306000
106,3,98,7097543881,1783476199424182000
107,0,107,7203674881,1783476199610449000
107,1,105,7202960913,1783476199609390000
107,2,102,7198324561,1783476199608356000
107,3,99,7197568041,1783476199611649000
108,0,108,7235805817,1783476199614655000
108,1,106,7234974849,1783476199613598000
108,2,103,7234335201,1783476199612564000
108,3,100,7233572785,1783476199615851000
109,0,109,7267687913,1783476199619000000
109,1,107,7266963105,1783476199617938000
109,2,104,7266346041,1783476199616889000
109,3,101,7265595073,1783476199620026000
110,0,110,7303688105,1783476199622704000
110,1,108,7302973817,1783476199621691000
110,2,105,7298334689,1783476199621121000
110,3,102,7297580425,1783476199623495000
111,0,111,7403708329,1783476199811052000
111,1,109,7402979137,1783476199812121000
111,2,106,7402355073,1783476199810014000
111,3,103,7333571041,1783476199808980000
112,0,112,7435742009,1783476199815347000
112,1,110,7434984137,1783476199816335000
112,2,107,7434375265,1783476199814223000
112,3,104,7401620529,1783476199813175000
113,0,113,7467716465,1783476199820067000
113,1,111,7467004201,1783476199821059000
113,2,108,7466391945,1783476199818447000
113,3,105,7433596913,1783476199817386000
114,0,114,7503704721,1783476199823939000
114,1,112,7502988489,1783476199824897000
114,2,109,7502360785,1783476199823004000
114,3,106,7465999785,1783476199822047000
115,0,115,7603759137,1783476200019445000
115,1,113,7603021329,1783476200020356000
115,2,110,7602376977,1783476200018180000
115,3,107,7601609657,1783476200021319000
116,0,116,7635754785,1783476200023568000
116,1,114,7635013073,1783476200024622000
116,2,111,7634408849,1783476200022451000
116,3,108,7633661425,1783476200025839000
117,0,117,7671742721,1783476200027798000
117,1,115,7667032393,1783476200028835000
117,2,112,7666386849,1783476200026739000
117,3,109,7665629465,1783476200032768000
118,0,118,7703750073,1783476200031972000
118,1,116,7703043913,1783476200033393000
118,2,113,7702403297,1783476200030974000
118,3,110,7701655105,1783476200036574000
119,0,119,7803759105,1783476200229373000
119,1,117,7803031169,1783476200227288000
119,2,114,7802396009,1783476200228321000
119,3,111,7801680689,1783476200230433000
120,0,120,7835768041,1783476200233605000
120,1,118,7835039753,1783476200231487000
120,2,115,7834418785,1783476200232533000
120,3,112,7833677849,1783476200234648000
121,0,121,7871773240,1783476200237797000
121,1,119,7871058945,1783476200235729000
121,2,116,7866411009,1783476200236754000
121,3,113,7865665913,1783476200238840000
122,0,122,7903852913,1783476200241508000
122,1,120,7903132041,1783476200239803000
122,2,117,7902502073,1783476200240743000
122,3,114,7901651265,1783476200242306000
123,0,123,8003808881,1783476200270221000
123,1,121,8003050169,1783476200273675000
123,2,118,8002428105,1783476200272621000
123,3,115,8001704977,1783476200271575000
124,0,124,8035810169,1783476200306686000
124,1,122,8035094297,1783476200305623000
124,2,119,8034443265,1783476200304568000
124,3,116,8033687105,1783476200303534000
125,0,125,8071791849,1783476200338831000
125,1,123,8071075329,1783476200337764000
125,2,120,8070446105,1783476200336714000
125,3,117,8069692105,1783476200335681000
126,0,126,8103829073,1783476200370034000
126,1,124,8103092233,1783476200372896000
126,2,121,8102443881,1783476200368509000
126,3,118,8101710817,1783476200371443000
127,0,127,8135809337,1783476200539953000
127,1,125,8135086169,1783476200542036000
127,2,122,8134484073,1783476200540980000
127,3,119,8133712137,1783476200543082000
128,0,128,8171821913,1783476200544288000
128,1,126,8171106785,1783476200546395000
128,2,123,8170466137,1783476200545337000
128,3,120,8169727105,1783476200547460000
129,0,129,8203839041,1783476200548523000
129,1,127,8203096977,1783476200550603000
129,2,124,8202450105,1783476200549559000
129,3,121,8201699945,1783476200551584000
130,0,130,8239840009,1783476200552467000
130,1,128,8235120009,1783476200554065000
130,2,125,8234476785,1783476200553371000
130,3,122,8233749849,1783476200554898000
131,0,131,8339843849,1783476200741780000
131,1,129,8339129201,1783476200742836000
131,2,126,8334491137,1783476200740732000
131,3,123,8333744977,1783476200743885000
132,0,132,8371848881,1783476200745983000
132,1,130,8371138721,1783476200747044000
132,2,127,8370526817,1783476200744936000
132,3,124,8369753009,1783476200748156000
133,0,133,8403864041,1783476200750204000
133,1,131,8403131913,1783476200751258000
133,2,128,8402503913,1783476200749160000
133,3,125,8401751561,1783476200752290000
134,0,134,8439861169,1783476200754182000
134,1,132,8439148201,1783476200754874000
134,2,129,8434502105,1783476200753323000
134,3,126,8433776105,1783476200755551000
135,0,135,8539871913,1783476200941505000
135,1,133,8539142201,1783476200943594000
135,2,130,8534496201,1783476200942553000
135,3,127,8537760624,1783476200944652000
136,0,136,8571900945,1783476200945724000
136,1,134,8571146041,1783476200947859000
136,2,131,8570518169,1783476200946884000
136,3,128,8569781169,1783476200948904000
137,0,137,8603883945,1783476200949941000
137,1,135,8603156945,1783476200952464000
137,2,132,8602525689,1783476200951453000
137,3,129,8601770393,1783476200953498000
138,0,138,8639877137,1783476200954506000
138,1,136,8639157817,1783476200956071000
138,2,133,8638530465,1783476200955255000
138,3,130,8637773977,1783476200957067000
139,0,139,8739890849,1783476201144473000
139,1,137,8739176593,1783476201142283000
139,2,134,8738535977,1783476201143317000
139,3,131,8737767624,1783476201145455000
140,0,140,8771909369,1783476201149236000
140,1,138,8771168041,1783476201146485000
140,2,135,8770528041,1783476201147748000
140,3,132,8769793073,1783476201150251000
141,0,141,8807892753,1783476201153529000
141,1,139,8803181561,1783476201151337000
141,2,136,8802538945,1783476201152918000
141,3,133,8801786009,1783476201154568000
142,0,142,8839893041,1783476201157397000
142,1,140,8839178721,1783476201155326000
142,2,137,8838539265,1783476201156089000
142,3,134,8837788201,1783476201158187000
143,0,143,8939898105,1783476201345161000
143,1,141,8939182137,1783476201344110000
143,2,138,8938533329,1783476201346245000
143,3,135,8937765945,1783476201343084000
144,0,144,8971909913,1783476201349376000
144,1,142,8971164881,1783476201348332000
144,2,139,8970556849,1783476201350455000
144,3,136,8969792041,1783476201347282000
145,0,145,9007894009,1783476201353584000
145,1,143,9007182361,1783476201352539000
145,2,140,9002540849,1783476201354623000
145,3,137,9001787073,1783476201351492000
146,0,146,9039897105,1783476201357268000
146,1,144,9039199137,1783476201356574000
146,2,141,9038578297,1783476201357930000
146,3,138,9037779105,1783476201355624000
147,0,147,9139905105,1783476201544824000
147,1,145,9139147009,1783476201545870000
147,2,142,9138526753,1783476201543780000
147,3,139,9137794881,1783476201546956000
148,0,148,9171895881,1783476201549030000
148,1,146,9171180913,1783476201550101000
148,2,143,9170549913,1783476201547981000
148,3,140,9169789945,1783476201551146000
149,0,149,9207886753,1783476201553245000
149,1,147,9207165497,1783476201554271000
149,2,144,9206556201,1783476201552195000
149,3,141,9205788105,1783476201555301000
150,0,150,9239928041,1783476201557695000
150,1,148,9239182041,1783476201557019000
150,2,145,9238522137,1783476201556256000
150,3,142,9237768945,1783476201558688000
151,0,151,9339918177,1783476201744604000
151,1,149,9339177657,1783476201746679000
151,2,146,9338541977,1783476201745627000
151,3,143,9337796625,1783476201747738000
152,0,152,9371901945,1783476201748848000
152,1,150,9371200817,1783476201750969000
152,2,147,9370562945,1783476201749900000
152,3,144,9369784849,1783476201752015000
153,0,153,9407918945,1783476201753066000
153,1,151,9407201137,1783476201755144000
153,2,148,9406545137,1783476201754119000
153,3,145,9405801721,1783476201756234000
154,0,154,9439912913,1783476201757202000
154,1,152,9439184649,1783476201758638000
154,2,149,9438556881,1783476201757943000
154,3,146,9437784233,1783476201759573000
155,0,155,9539909169,1783476201947167000
155,1,153,9539163881,1783476201946088000
155,2,150,9538545041,1783476201948199000
155,3,147,9537820593,1783476201945055000
156,0,156,9575928881,1783476201951364000
156,1,154,9575204265,1783476201950312000
156,2,151,9570543977,1783476201952469000
156,3,148,9569788977,1783476201949249000
157,0,157,9607897489,1783476201955607000
157,1,155,9607169489,1783476201954509000
157,2,152,9606524561,1783476201956531000
157,3,149,9605771073,1783476201953473000
158,0,158,9639899137,1783476201958934000
158,1,156,9639169073,1783476201958230000
158,2,153,9638542361,1783476201959632000
158,3,150,9637787817,1783476201957474000
159,0,159,9739940369,1783476202145844000
159,1,157,9675165617,1783476202146891000
159,2,154,9738548105,1783476202148082000
159,3,151,9737798465,1783476202148995000
160,0,160,9775897073,1783476202150147000
160,1,158,9739539881,1783476202151213000
160,2,155,9774544977,1783476202152259000
160,3,152,9773810169,1783476202153308000
161,0,161,9807912169,1783476202154359000
161,1,159,9775166073,1783476202155453000
161,2,156,9806530073,1783476202156479000
161,3,153,9805785817,1783476202157509000
162,0,162,9839898593,1783476202158450000
162,1,160,9807166689,1783476202160050000
162,2,157,9838544689,1783476202159290000
162,3,154,9837792425,1783476202160809000
163,0,163,9939899073,1783476202356162000
163,1,161,9939189073,1783476202357215000
163,2,158,9938571913,1783476202358292000
163,3,155,9937790105,1783476202355130000
164,0,164,9975901201,1783476202360378000
164,1,162,9975187009,1783476202361424000
164,2,159,9974545529,1783476202362480000
164,3,156,9973774849,1783476202359319000
165,0,165,10007920265,1783476202364583000
165,1,163,10007177233,1783476202365641000
165,2,160,10006549041,1783476202366667000
165,3,157,10005781041,1783476202363537000
166,0,166,10043908073,1783476202368865000
166,1,164,10039199105,1783476202369297000
166,2,161,10038549457,1783476202369986000
166,3,158,10037792977,1783476202367677000
167,0,167,10139910233,1783476202556815000
167,1,165,10143207009,1783476202555785000
167,2,162,10138559849,1783476202557868000
167,3,159,10137804657,1783476202558919000
168,0,168,10175902233,1783476202561034000
168,1,166,10175173785,1783476202559969000
168,2,163,10174549137,1783476202562079000
168,3,160,10173804817,1783476202563133000
169,0,169,10207903721,1783476202565239000
169,1,167,10207173881,1783476202564187000
169,2,164,10206545913,1783476202566289000
169,3,161,10205791041,1783476202567309000
170,0,170,10243904913,1783476202569066000
170,1,168,10243173913,1783476202568262000
170,2,165,10238552073,1783476202569739000
170,3,162,10237798073,1783476202570662000
171,0,171,10343904073,1783476202756497000
171,1,169,10343174009,1783476202757530000
171,2,166,10342541137,1783476202758683000
171,3,163,10341780137,1783476202759650000
172,0,172,10375921297,1783476202760875000
172,1,170,10375176265,1783476202761906000
172,2,167,10374529913,1783476202763193000
172,3,164,10373786201,1783476202764239000
173,0,173,10407934849,1783476202765288000
173,1,171,10407201169,1783476202766362000
173,2,168,10406558657,1783476202767407000
173,3,165,10405806009,1783476202768460000
174,0,174,10443926009,1783476202769525000
174,1,172,10443201201,1783476202770273000
174,2,169,10442564169,1783476202771019000
174,3,166,10441813681,1783476202771749000
175,0,175,10543903945,1783476202958155000
175,1,173,10543214105,1783476202957142000
175,2,170,10542559657,1783476202959209000
175,3,167,10541794561,1783476202960396000
176,0,176,10575949297,1783476202962384000
176,1,174,10575186137,1783476202961367000
176,2,171,10574552649,1783476202963469000
176,3,168,10573856265,1783476202964504000
177,0,177,10611927329,1783476202966630000
177,1,175,10607204657,1783476202965581000
177,2,172,10606559361,1783476202969356000
177,3,169,10605815073,1783476202968345000
178,0,178,10643909073,1783476202971423000
178,1,176,10643222657,1783476202970450000
178,2,173,10642562649,1783476202973251000
178,3,170,10641791169,1783476202972346000
179,0,179,10743910497,1783476203158956000
179,1,177,10743200657,1783476203160058000
179,2,174,10742556977,1783476203157923000
179,3,171,10741805041,1783476203161075000
180,0,180,10775907849,1783476203163363000
180,1,178,10775180041,1783476203167063000
180,2,175,10774555753,1783476203162109000
180,3,172,10773862201,1783476203164951000
181,0,181,10811906689,1783476203168125000
181,1,179,10811193393,1783476203171180000
181,2,176,10806554073,1783476203166009000
181,3,173,10805796945,1783476203169168000
182,0,182,10843923009,1783476203172154000
182,1,180,10843187361,1783476203173919000
182,2,177,10842532913,1783476203170230000
182,3,174,10841781041,1783476203173049000
183,0,183,10943918657,1783476203361623000
183,1,181,10943173529,1783476203358420000
183,2,178,10942533273,1783476203359489000
183,3,175,10941790273,1783476203360530000
184,0,184,10975927593,1783476203365901000
184,1,182,10975210945,1783476203362639000
184,2,179,10974564169,1783476203363687000
184,3,176,10973830073,1783476203364810000
185,0,185,11011907497,1783476203370244000
185,1,183,11011193169,1783476203366962000
185,2,180,11010551457,1783476203368013000
185,3,177,11009782201,1783476203369108000
186,0,186,11043944945,1783476203374087000
186,1,184,11043180137,1783476203371122000
186,2,181,11042535297,1783476203371874000
186,3,178,11041783265,1783476203372598000
187,0,187,11143915465,1783476203561268000
187,1,185,11143181945,1783476203560165000
187,2,182,11142565201,1783476203559135000
187,3,179,11141800689,1783476203562329000
188,0,188,11179920393,1783476203565545000
188,1,186,11175207009,1783476203564384000
188,2,183,11174585785,1783476203563319000
188,3,180,11173798913,1783476203566582000
189,0,189,11211910401,1783476203569779000
189,1,187,11211201009,1783476203568755000
189,2,184,11210547425,1783476203567636000
189,3,181,11209772233,1783476203570791000
190,0,190,11243926041,1783476203573603000
190,1,188,11243197105,1783476203572725000
190,2,185,11242568881,1783476203571788000
190,3,182,11241798041,1783476203574246000
191,0,191,11279910849,1783476203760858000
191,1,189,11343184233,1783476203761933000
191,2,186,11342556689,1783476203759819000
191,3,183,11341802433,1783476203762993000
192,0,192,11343911945,1783476203765247000
192,1,190,11379276785,1783476203766283000
192,2,187,11374580913,1783476203764028000
192,3,184,11373806201,1783476203767345000
193,0,193,11380012201,1783476203769449000
193,1,191,11411181977,1783476203770647000
193,2,188,11410545041,1783476203768393000
193,3,185,11409785073,1783476203771558000
194,0,194,11411909849,1783476203773251000
194,1,192,11443182753,1783476203774008000
194,2,189,11442555041,1783476203772514000
194,3,186,11441799689,1783476203775051000
195,0,195,11543924529,1783476203815491000
195,1,193,11543201881,1783476203814436000
195,2,190,11542557169,1783476203813361000
195,3,187,11541818145,1783476203812343000
196,0,196,11579903529,1783476203847255000
196,1,194,11579203233,1783476203846166000
196,2,191,11578584073,1783476203845154000
196,3,188,11577832241,1783476203844136000
197,0,197,11611925881,1783476203877993000
197,1,195,11611190425,1783476203881319000
197,2,192,11610551201,1783476203880199000
197,3,189,11609816329,1783476203879149000
198,0,198,11643955105,1783476203914534000
198,1,196,11643217881,1783476203913437000
198,2,193,11642557265,1783476203912380000
198,3,190,11641791593,1783476203911346000
199,0,199,11679910009,1783476204082251000
199,1,197,11679195305,1783476204081333000
199,2,194,11678553265,1783476204083294000
199,3,191,11677808337,1783476204084363000
200,0,200,11711943233,1783476204086489000
200,1,198,11711182201,1783476204085419000
200,2,195,11710569009,1783476204087508000
200,3,192,11709804465,1783476204088611000
201,0,201,11747910105,1783476204090760000
201,1,199,11743204425,1783476204089629000
201,2,196,11742565049,1783476204091976000
201,3,193,11741806817,1783476204093533000
202,0,202,11779929201,1783476204094755000
202,1,200,11779220945,1783476204092764000
202,2,197,11778572945,1783476204095816000
202,3,194,11777809105,1783476204097910000
203,0,203,11879924977,1783476204282022000
203,1,201,11879195105,1783476204284216000
203,2,198,11878551849,1783476204283045000
203,3,195,11877818721,1783476204285231000
204,0,204,11911918041,1783476204286455000
204,1,202,11911191977,1783476204288625000
204,2,199,11910566169,1783476204287488000
204,3,196,11909823913,1783476204289671000
205,0,205,11947968881,1783476204290685000
205,1,203,11947244201,1783476204292749000
205,2,200,11942574073,1783476204291699000
205,3,197,11941826721,1783476204293954000
206,0,206,11979915137,1783476204294826000
206,1,204,11979188649,1783476204296103000
206,2,201,11978543681,1783476204295454000
206,3,198,11977790753,1783476204297592000
207,0,207,12079937777,1783476204482679000
207,1,205,12079173169,1783476204484775000
207,2,202,12078547625,1783476204483829000
207,3,199,12077863593,1783476204485956000
208,0,208,12111916881,1783476204486944000
208,1,206,12111200849,1783476204489371000
208,2,203,12110574849,1783476204488212000
208,3,200,12109845073,1783476204490315000
209,0,209,12147904721,1783476204491362000
209,1,207,12147202881,1783476204493834000
209,2,204,12146575785,1783476204492420000
209,3,201,12145804977,1783476204494815000
210,0,210,12179935105,1783476204495583000
210,1,208,12179301201,1783476204497085000
210,2,205,12178543817,1783476204496351000
210,3,202,12177791617,1783476204497877000
211,0,211,12279933401,1783476204684485000
211,1,209,12279190073,1783476204683481000
211,2,206,12278544201,1783476204685622000
211,3,203,12277793657,1783476204686600000
212,0,212,12315928913,1783476204688699000
212,1,210,12311224105,1783476204687699000
212,2,207,12310582105,1783476204690154000
212,3,204,12309808041,1783476204691192000
213,0,213,12347918977,1783476204693256000
213,1,211,12347208105,1783476204692369000
213,2,208,12346569657,1783476204694417000
213,3,205,12345797913,1783476204695354000
214,0,214,12379936617,1783476204697136000
214,1,212,12379208361,1783476204696274000
214,2,209,12378585977,1783476204698741000
214,3,206,12377820169,1783476204698029000
215,0,215,12479914009,1783476204886353000
215,1,213,12479187849,1783476204887432000
215,2,210,12478565425,1783476204884335000
215,3,207,12477816337,1783476204885305000
216,0,216,12515922169,1783476204890934000
216,1,214,12515212073,1783476204891989000
216,2,211,12510566913,1783476204888829000
216,3,208,12509817233,1783476204889996000
217,0,217,12547929489,1783476204895348000
217,1,215,12547207617,1783476204896408000
217,2,212,12546572201,1783476204893038000
217,3,209,12545837945,1783476204894322000
218,0,218,12579921361,1783476204898771000
218,1,216,12579191105,1783476204900046000
218,2,213,12578562913,1783476204897266000
218,3,210,12577808657,1783476204898035000
219,0,219,12679920689,1783476205085999000
219,1,217,12679192849,1783476205087111000
219,2,214,12678565233,1783476205084957000
219,3,211,12677809657,1783476205088111000
220,0,220,12715909945,1783476205090205000
220,1,218,12715196689,1783476205091512000
220,2,215,12714578753,1783476205089158000
220,3,212,12713842233,1783476205092531000
221,0,221,12747937849,1783476205094663000
221,1,219,12747192817,1783476205095724000
221,2,216,12746551977,1783476205093610000
221,3,213,12745793425,1783476205096710000
222,0,222,12779923201,1783476205098480000
222,1,220,12779210785,1783476205099174000
222,2,217,12778566425,1783476205097663000
222,3,214,12777812649,1783476205099855000
223,0,223,12883921657,1783476205286767000
223,1,221,12879210041,1783476205287805000
223,2,218,12878569785,1783476205288860000
223,3,215,12877799369,1783476205285826000
224,0,224,12915924041,1783476205291315000
224,1,222,12915213265,1783476205292378000
224,2,219,12914601977,1783476205293383000
224,3,216,12913830497,1783476205290060000
225,0,225,12947935297,1783476205295534000
225,1,223,12947213553,1783476205296616000
225,2,220,12946608361,1783476205297598000
225,3,217,12945859785,1783476205294467000
226,0,226,12983923881,1783476205299457000
226,1,224,12983208913,1783476205300148000
226,2,221,12978568041,1783476205300891000
226,3,218,12977810881,1783476205298487000
227,0,227,13083924137,1783476205488655000
227,1,225,13083210041,1783476205487648000
227,2,222,13078570137,1783476205489736000
227,3,219,13077817721,1783476205486526000
228,0,228,13115925753,1783476205493174000
228,1,226,13115187817,1783476205492122000
228,2,223,13114563529,1783476205494241000
228,3,220,13113831041,1783476205490748000
229,0,229,13147929593,1783476205497411000
229,1,227,13147202977,1783476205496345000
229,2,224,13146580137,1783476205498456000
229,3,221,13145850265,1783476205495304000
230,0,230,13183930073,1783476205501284000
230,1,228,13183220105,1783476205499957000
230,2,225,13178557753,1783476205502065000
230,3,222,13181801625,1783476205499194000
231,0,231,13283915785,1783476205688245000
231,1,229,13283242881,1783476205689373000
231,2,226,13282590849,1783476205687217000
231,3,223,13281870817,1783476205690363000
232,0,232,13315947945,1783476205692497000
232,1,230,13315215721,1783476205693712000
232,2,227,13314571041,1783476205691475000
232,3,224,13313835169,1783476205694764000
233,0,233,13347930945,1783476205696857000
233,1,231,13347219593,1783476205697905000
233,2,228,13346578849,1783476205695811000
233,3,225,13345824201,1783476205698944000
234,0,234,13383929105,1783476205700784000
234,1,232,13383212977,1783476205701474000
234,2,229,13382571008,1783476205699911000
234,3,226,13381802169,1783476205702402000
235,0,235,13483924881,1783476205890045000
235,1,233,13483191689,1783476205887946000
235,2,230,13482568137,1783476205888975000
235,3,227,13481809529,1783476205891087000
236,0,236,13515971233,1783476205894366000
236,1,234,13515222753,1783476205892335000
236,2,231,13514598105,1783476205893323000
236,3,228,13513875945,1783476205895442000
237,0,237,13551931137,1783476205898820000
237,1,235,13547221497,1783476205896723000
237,2,232,13546578073,1783476205897782000
237,3,229,13545827137,1783476205899868000
238,0,238,13583931105,1783476205902550000
238,1,236,13583214433,1783476205900741000
238,2,233,13582573137,1783476205901514000
238,3,230,13581823137,1783476205903334000
239,0,239,13683927945,1783476206089698000
239,1,237,13683213689,1783476206090826000
239,2,234,13682558169,1783476206088660000
239,3,231,13681788785,1783476206091835000
240,0,240,13715931881,1783476206093908000
240,1,238,13715314721,1783476206095047000
240,2,235,13714593073,1783476206092859000
240,3,232,13713838105,1783476206096125000
241,0,241,13751941105,1783476206098228000
241,1,239,13751209041,1783476206099251000
241,2,236,13746563913,1783476206097176000
241,3,233,13749846137,1783476206100309000
242,0,242,13783933137,1783476206102056000
242,1,240,13783185105,1783476206102758000
242,2,237,13782559425,1783476206101298000
242,3,234,13781804521,1783476206103419000
243,0,243,13883946817,1783476206290398000
243,1,241,13883203169,1783476206291472000
243,2,238,13882559137,1783476206289366000
243,3,235,13881810913,1783476206292500000
244,0,244,13915957201,1783476206294616000
244,1,242,13915227497,1783476206295802000
244,2,239,13914587041,1783476206293619000
244,3,236,13913829201,1783476206296853000
245,0,245,13951934233,1783476206299172000
245,1,243,13951219073,1783476206300018000
245,2,240,13950575945,1783476206297909000
245,3,237,13949809137,1783476206301025000
246,0,246,13983949297,1783476206302812000
246,1,244,13983204073,1783476206303574000
246,2,241,13982559785,1783476206302115000
246,3,238,13981809425,1783476206304387000
247,0,247,14083943201,1783476206491217000
247,1,245,14083217041,1783476206490161000
247,2,242,14082591785,1783476206493305000
247,3,239,14081819041,1783476206492265000
248,0,248,14119935817,1783476206495480000
248,1,246,14115243041,1783476206494405000
248,2,243,14114580169,1783476206497560000
248,3,240,14113827233,1783476206496509000
249,0,249,14151949849,1783476206499664000
249,1,247,14151238201,1783476206498647000
249,2,244,14150579137,1783476206501764000
249,3,241,14149810817,1783476206500720000
250,0,250,14183955009,1783476206503579000
250,1,248,14183210753,1783476206502752000
250,2,245,14182583137,1783476206505100000
250,3,242,14181846137,1783476206504273000
251,0,251,14283930201,1783476206690921000
251,1,249,14283206041,1783476206694079000
251,2,246,14282581105,1783476206693368000
251,3,243,14281832753,1783476206692347000
252,0,252,14319943977,1783476206695304000
252,1,250,14319230753,1783476206698475000
252,2,247,14314570233,1783476206697412000
252,3,244,14317864945,1783476206696353000
253,0,253,14351953881,1783476206699518000
253,1,251,14351190593,1783476206702626000
253,2,248,14350578009,1783476206701632000
253,3,245,14349812105,1783476206700574000
254,0,254,14383951201,1783476206703610000
254,1,252,14383217169,1783476206705915000
254,2,249,14382588073,1783476206705202000
254,3,246,14381849201,1783476206704518000
255,0,255,14483953977,1783476206894815000
255,1,253,14483241977,1783476206893788000
255,2,250,14482597009,1783476206891668000
255,3,247,14481811753,1783476206892702000
256,0,256,14519947041,1783476206899030000
256,1,254,14519232721,1783476206898000000
256,2,251,14518587009,1783476206895855000
256,3,248,14517825137,1783476206896978000
257,0,257,14551955073,1783476206903235000
257,1,255,14551213041,1783476206902190000
257,2,252,14550578169,1783476206900079000
257,3,249,14549843785,1783476206901135000
258,0,258,14583964265,1783476206907080000
258,1,256,14583254137,1783476206905618000
258,2,253,14582609105,1783476206904134000
258,3,250,14581866817,1783476206904852000
259,0,259,14687941977,1783476207093393000
259,1,257,14683226977,1783476207092367000
259,2,254,14682585561,1783476207094446000
259,3,251,14681815913,1783476207095518000
260,0,260,14719946073,1783476207098625000
260,1,258,14719234785,1783476207097405000
260,2,255,14718596105,1783476207099671000
260,3,252,14717836040,1783476207100723000
261,0,261,14751969945,1783476207102844000
261,1,259,14751238465,1783476207101823000
261,2,256,14750613945,1783476207103889000
261,3,253,14749845881,1783476207104913000
262,0,262,14787975233,1783476207106829000
262,1,260,14787244721,1783476207105887000
262,2,257,14782607169,1783476207107779000
262,3,254,14781869201,1783476207108711000
263,0,263,14887968817,1783476207294137000
263,1,261,14887272689,1783476207293114000
263,2,258,14882617009,1783476207295209000
263,3,255,14881861913,1783476207296251000
264,0,264,14919996201,1783476207298352000
264,1,262,14919254105,1783476207297294000
264,2,259,14918653105,1783476207299437000
264,3,256,14917903040,1783476207300472000
265,0,265,14951978913,1783476207302576000
265,1,263,14951255073,1783476207301525000
265,2,260,14950633849,1783476207303624000
265,3,257,14949886881,1783476207304614000
266,0,266,14987995785,1783476207306259000
266,1,264,14987266009,1783476207305583000
266,2,261,14986625105,1783476207307033000
266,3,258,14985865977,1783476207307773000
267,0,267,15087995913,1783476207493920000
267,1,265,15087281105,1783476207496005000
267,2,262,15086637721,1783476207497074000
267,3,259,15085875041,1783476207494955000
268,0,268,15120028849,1783476207498249000
268,1,266,15119285785,1783476207500346000
268,2,263,15118640913,1783476207501417000
268,3,260,15117911041,1783476207499292000
269,0,269,15152032201,1783476207502460000
269,1,267,15151287817,1783476207504573000
269,2,264,15150658913,1783476207505597000
269,3,261,15149906137,1783476207503518000
270,0,270,15188027041,1783476207506596000
270,1,268,15187310785,1783476207508285000
270,2,265,15186679521,1783476207508945000
270,3,262,15185905945,1783476207507557000
271,0,271,15288028657,1783476207694753000
271,1,269,15287301657,1783476207697956000
271,2,266,15286680945,1783476207696839000
271,3,263,15285907273,1783476207695817000
272,0,272,15320046009,1783476207698948000
272,1,270,15319318945,1783476207702218000
272,2,267,15318696265,1783476207701055000
272,3,264,15317934913,1783476207700021000
273,0,273,15356045073,1783476207703271000
273,1,271,15355330073,1783476207706337000
273,2,268,15350690073,1783476207705377000
273,3,265,15349941913,1783476207704334000
274,0,274,15388049105,1783476207707313000
274,1,272,15387318457,1783476207709671000
274,2,269,15386675073,1783476207708861000
274,3,266,15385925657,1783476207708104000
275,0,275,15488069105,1783476207896641000
275,1,273,15487332465,1783476207895592000
275,2,270,15486688761,1783476207897694000
275,3,267,15485937753,1783476207898783000
276,0,276,15520068753,1783476207900835000
276,1,274,15519340753,1783476207899786000
276,2,271,15518724041,1783476207901898000
276,3,268,15517976721,1783476207902947000
277,0,277,15556073977,1783476207905061000
277,1,275,15555341913,1783476207904018000
277,2,272,15554717137,1783476207906112000
277,3,269,15553967881,1783476207907160000
278,0,278,15588093041,1783476207909040000
278,1,276,15587348073,1783476207908145000
278,2,273,15586703945,1783476207909729000
278,3,270,15585955233,1783476207910495000
279,0,279,15688102913,1783476208097241000
279,1,277,15687359041,1783476208098303000
279,2,274,15686712945,1783476208099345000
279,3,271,15685953817,1783476208096206000
280,0,280,15720165073,1783476208101477000
280,1,278,15719413169,1783476208102505000
280,2,275,15718842617,1783476208103552000
280,3,272,15717997689,1783476208100407000
281,0,281,15756098881,1783476208105670000
281,1,279,15755390881,1783476208106712000
281,2,276,15754752977,1783476208107756000
281,3,273,15754012169,1783476208104619000
282,0,282,15788120913,1783476208109573000
282,1,280,15787377977,1783476208110293000
282,2,277,15786749169,1783476208111217000
282,3,274,15785993137,1783476208108722000
283,0,283,15888140689,1783476208297258000
283,1,281,15887406913,1783476208299341000
283,2,278,15886775265,1783476208298287000
283,3,275,15885996273,1783476208300380000
284,0,284,15924129913,1783476208301437000
284,1,282,15923416881,1783476208303790000
284,2,279,15918776105,1783476208302745000
284,3,276,15918025233,1783476208304862000
285,0,285,15956134105,1783476208305935000
285,1,283,15955402721,1783476208307984000
285,2,280,15954759817,1783476208306962000
285,3,277,15954009201,1783476208309033000
286,0,286,15988139201,1783476208310392000
286,1,284,15987408977,1783476208311934000
286,2,281,15986781465,1783476208311252000
286,3,278,15986010553,1783476208312578000
287,0,287,16088177169,1783476208501009000
287,1,285,16087460913,1783476208498896000
287,2,282,16086847009,1783476208500005000
287,3,279,16086080073,1783476208497866000
288,0,288,16124160457,1783476208505248000
288,1,286,16123437137,1783476208503112000
288,2,283,16122836497,1783476208504233000
288,3,280,16122077945,1783476208502100000
289,0,289,16156180553,1783476208510204000
289,1,287,16155424945,1783476208507068000
289,2,284,16154788817,1783476208508139000
289,3,281,16154041041,1783476208509137000
290,0,290,16188184233,1783476208513858000
290,1,288,16187464465,1783476208511177000
290,2,285,16186814145,1783476208512131000
290,3,282,16186061329,1783476208512985000
291,0,291,16288183201,1783476208701554000
291,1,289,16287469041,1783476208698310000
291,2,286,16286819137,1783476208699438000
291,3,283,16286058945,1783476208700431000
292,0,292,16324196785,1783476208705786000
292,1,290,16323485881,1783476208702524000
292,2,287,16322846009,1783476208703670000
292,3,284,16322078073,1783476208704716000
293,0,293,16356208977,1783476208709940000
293,1,291,16355461945,1783476208706837000
293,2,288,16354834913,1783476208707903000
293,3,285,16354082913,1783476208708905000
294,0,294,16392201849,1783476208713626000
294,1,292,16387487785,1783476208710885000
294,2,289,16386842233,1783476208711733000
294,3,286,16386086521,1783476208712401000
295,0,295,16492205817,1783476208901092000
295,1,293,16491496041,1783476208902128000
295,2,290,16486867041,1783476208900023000
295,3,287,16486131209,1783476208899008000
296,0,296,16524217169,1783476208905329000
296,1,294,16523498073,1783476208906372000
296,2,291,16522853977,1783476208904307000
296,3,288,16522124529,1783476208903212000
297,0,297,16556236913,1783476208909671000
297,1,295,16555505137,1783476208910708000
297,2,292,16554883881,1783476208908610000
297,3,289,16554145625,1783476208907448000
298,0,298,16592231073,1783476208913388000
298,1,296,16591516201,1783476208914321000
298,2,293,16586874913,1783476208912379000
298,3,290,16586119817,1783476208911614000
299,0,299,16692243233,1783476209102000000
299,1,297,16691510977,1783476209100961000
299,2,294,16686889977,1783476209099915000
299,3,291,16690124945,1783476209103367000
300,0,300,16724295073,1783476209106745000
300,1,298,16723516009,1783476209105720000
300,2,295,16722912721,1783476209104099000
300,3,292,16722164913,1783476209107809000
301,0,301,16756255849,1783476209110980000
301,1,299,16755605913,1783476209109943000
301,2,296,16754900657,1783476209108859000
301,3,293,16754151817,1783476209112027000
302,0,302,16792245945,1783476209114967000
302,1,300,16791545073,1783476209114021000
302,2,297,16790920945,1783476209113053000
302,3,294,16790151041,1783476209115831000
303,0,303,16892271233,1783476209300705000
303,1,301,16891557201,1783476209301734000
303,2,298,16890914105,1783476209302784000
303,3,295,16890147817,1783476209303851000
304,0,304,16924292849,1783476209305018000
304,1,302,16923554137,1783476209305971000
304,2,299,16922908105,1783476209307118000
304,3,296,16922209169,1783476209308149000
305,0,305,16960283849,1783476209309571000
305,1,303,16955575977,1783476209310618000
305,2,300,16954929913,1783476209311651000
305,3,297,16954177169,1783476209312725000
306,0,306,16992447881,1783476209313523000
306,1,304,16991581073,1783476209314302000
306,2,301,16990939297,1783476209315020000
306,3,298,16990177105,1783476209316239000
307,0,307,17092296817,1783476209504702000
307,1,305,17091567977,1783476209501483000
307,2,302,17090925913,1783476209503600000
307,3,299,17090172817,1783476209502519000
308,0,308,17124307753,1783476209509181000
308,1,306,17123580041,1783476209505688000
308,2,303,17122951497,1783476209507786000
308,3,300,17122213881,1783476209506750000
309,0,309,17160313529,1783476209513341000
309,1,307,17159601945,1783476209510225000
309,2,304,17154959753,1783476209512320000
309,3,301,17154206881,1783476209511280000
310,0,310,17192318425,1783476209516390000
310,1,308,17191587881,1783476209514325000
310,2,305,17190945977,1783476209515730000
310,3,302,17190196425,1783476209515033000
311,0,311,17224324585,1783476209703253000
311,1,309,17291581137,1783476209704307000
311,2,306,17290958169,1783476209702217000
311,3,303,17290206913,1783476209705365000
312,0,312,17292342105,1783476209707497000
312,1,310,17323612721,1783476209708540000
312,2,307,17322982073,1783476209706410000
312,3,304,17322253073,1783476209709882000
313,0,313,17324336913,1783476209712007000
313,1,311,17359614105,1783476209713063000
313,2,308,17358994465,1783476209710932000
313,3,305,17358251881,1783476209714090000
314,0,314,17360332201,1783476209715789000
314,1,312,17391621137,1783476209716594000
314,2,309,17390977393,1783476209715041000
314,3,306,17390235233,1783476209717366000
315,0,315,17492375817,1783476209758672000
315,1,313,17491633041,1783476209762439000
315,2,310,17490990073,1783476209761368000
315,3,307,17490227433,1783476209760317000
316,0,316,17528414073,1783476209795950000
316,1,314,17523677265,1783476209794891000
316,2,311,17523034721,1783476209793846000
316,3,308,17522259625,1783476209792853000
317,0,317,17560390849,1783476209827778000
317,1,315,17559667105,1783476209826722000
317,2,312,17559062721,1783476209825672000
317,3,309,17558282009,1783476209824625000
318,0,318,17592404369,1783476209863641000
318,1,316,17591667201,1783476209862578000
318,2,313,17591045753,1783476209861532000
318,3,310,17590294721,1783476209860487000
319,0,319,17628383721,1783476210028910000
319,1,317,17627672105,1783476210029971000
319,2,314,17623028593,1783476210027875000
319,3,311,17622275561,1783476210031109000
320,0,320,17660401009,1783476210033127000
320,1,318,17659694105,1783476210034185000
320,2,315,17659029977,1783476210032072000
320,3,312,17658271233,1783476210035258000
321,0,321,17692401361,1783476210037491000
321,1,319,17691669105,1783476210038406000
321,2,316,17691059977,1783476210036288000
321,3,313,17690250865,1783476210039402000
322,0,322,17728457297,1783476210041909000
322,1,320,17727718105,1783476210042189000
322,2,317,17723046945,1783476210040397000
322,3,314,17722293009,1783476210042901000
323,0,323,17828415913,1783476210228703000
323,1,321,17827685041,1783476210229721000
323,2,318,17823037041,1783476210231844000
323,3,315,17826302497,1783476210230769000
324,0,324,17860452945,1783476210233358000
324,1,322,17859702169,1783476210234371000
324,2,319,17859081105,1783476210236475000
324,3,316,17858326105,1783476210235442000
325,0,325,17892420849,1783476210237546000
325,1,323,17891694232,1783476210238580000
325,2,320,17891067233,1783476210240609000
325,3,317,17890308721,1783476210239616000
326,0,326,17928421817,1783476210241522000
326,1,324,17927705361,1783476210242208000
326,2,321,17927078041,1783476210244046000
326,3,318,17926327393,1783476210242915000
327,0,327,18028450233,1783476210429514000
327,1,325,18027736073,1783476210431603000
327,2,322,18027095041,1783476210430597000
327,3,319,18026328433,1783476210432696000
328,0,328,18060496009,1783476210433858000
328,1,326,18059730137,1783476210435955000
328,2,323,18059090073,1783476210434916000
328,3,320,18058351073,1783476210437002000
329,0,329,18092552041,1783476210438057000
329,1,327,18091753361,1783476210440146000
329,2,324,18091107529,1783476210439130000
329,3,321,18090357201,1783476210441128000
330,0,330,18128486977,1783476210442017000
330,1,328,18127770553,1783476210443456000
330,2,325,18127118529,1783476210442741000
330,3,322,18126373553,1783476210445833000
331,0,331,18196478201,1783476210632419000
331,1,329,18227770657,1783476210631320000
331,2,326,18227126881,1783476210630292000
331,3,323,18226358785,1783476210633403000
332,0,332,18228485137,1783476210636619000
332,1,330,18259761009,1783476210635559000
332,2,327,18259134433,1783476210634512000
332,3,324,18258385457,1783476210637667000
333,0,333,18260529401,1783476210640923000
333,1,331,18295784105,1783476210639872000
333,2,328,18291142753,1783476210638805000
333,3,325,18290388041,1783476210641965000
334,0,334,18296499137,1783476210645500000
334,1,332,18327772913,1783476210643826000
334,2,329,18327135977,1783476210642961000
334,3,326,18326381265,1783476210644815000
335,0,335,18428537009,1783476210839653000
335,1,333,18427775145,1783476210842787000
335,2,330,18427159657,1783476210841755000
335,3,327,18426389529,1783476210840673000
336,0,336,18460530785,1783476210843986000
336,1,334,18459798169,1783476210847322000
336,2,331,18459200689,1783476210846110000
336,3,328,18458446361,1783476210845041000
337,0,337,18496519137,1783476210848341000
337,1,335,18495803233,1783476210851375000
337,2,332,18495175625,1783476210850308000
337,3,329,18494422105,1783476210849307000
338,0,338,18528553977,1783476210852320000
338,1,336,18527807105,1783476210854984000
338,2,333,18527164201,1783476210853988000
338,3,330,18526413849,1783476210853306000
339,0,339,18628567752,1783476211042217000
339,1,337,18627819945,1783476211041156000
339,2,334,18627170913,1783476211040118000
339,3,331,18626414201,1783476211043263000
340,0,340,18660577073,1783476211046417000
340,1,338,18659889945,1783476211045367000
340,2,335,18659206945,1783476211044321000
340,3,332,18658455137,1783476211047481000
341,0,341,18696576913,1783476211050641000
341,1,339,18695864009,1783476211049591000
341,2,336,18695210913,1783476211048684000
341,3,333,18694448721,1783476211051637000
342,0,342,18728586009,1783476211054269000
342,1,340,18727857009,1783476211053351000
342,2,337,18727228945,1783476211052600000
342,3,334,18726460009,1783476211054963000
343,0,343,18828603201,1783476211240960000
343,1,341,18827849753,1783476211242372000
343,2,338,18827222041,1783476211244113000
343,3,335,18826458497,1783476211243072000
344,0,344,18864594913,1783476211246190000
344,1,342,18863882529,1783476211247242000
344,2,339,18859239361,1783476211249377000
344,3,336,18858483265,1783476211248288000
345,0,345,18896598041,1783476211250429000
345,1,343,18895870201,1783476211251486000
345,2,340,18895226561,1783476211253490000
345,3,337,18894476105,1783476211254508000
346,0,346,18928606233,1783476211256501000
346,1,344,18927875169,1783476211255531000
346,2,341,18927246945,1783476211257436000
346,3,338,18926494721,1783476211258386000
347,0,347,19028616041,1783476211443918000
347,1,345,19027894561,1783476211441721000
347,2,342,19027265073,1783476211442757000
347,3,339,19026510785,1783476211444881000
348,0,348,19064643465,1783476211448701000
348,1,346,19063900977,1783476211445918000
348,2,343,19063279073,1783476211446962000
348,3,340,19062573073,1783476211449693000
349,0,349,19096648977,1783476211453146000
349,1,347,19095902593,1783476211450761000
349,2,344,19095258817,1783476211451806000
349,3,341,19094507105,1783476211454146000
350,0,350,19128639913,1783476211457072000
350,1,348,19127929105,1783476211455179000
350,2,345,19127284073,1783476211456119000
350,3,342,19126531297,1783476211457894000
351,0,351,19228651497,1783476211645678000
351,1,349,19227965169,1783476211642482000
351,2,346,19227303073,1783476211644596000
351,3,343,19226548689,1783476211643543000
352,0,352,19264663241,1783476211649870000
352,1,350,19263951881,1783476211646698000
352,2,347,19263315945,1783476211648830000
352,3,344,19262572009,1783476211647757000
353,0,353,19296681337,1783476211654002000
353,1,351,19295940169,1783476211650912000
353,2,348,19295319009,1783476211653008000
353,3,345,19294560137,1783476211651970000
354,0,354,19332675593,1783476211657476000
354,1,352,19327963105,1783476211654984000
354,2,349,19327319041,1783476211656530000
354,3,346,19326556169,1783476211655782000
355,0,355,19432707433,1783476211843151000
355,1,353,19431974073,1783476211844179000
355,2,350,19427326041,1783476211845234000
355,3,347,19426576945,1783476211846290000
356,0,356,19464696913,1783476211847490000
356,1,354,19463979009,1783476211848549000
356,2,351,19463344137,1783476211849607000
356,3,348,19462597977,1783476211850658000
357,0,357,19496698009,1783476211851706000
357,1,355,19495968561,1783476211852756000
357,2,352,19495341073,1783476211853814000
357,3,349,19494585041,1783476211854846000
358,0,358,19532705849,1783476211855856000
358,1,356,19532019977,1783476211856705000
358,2,353,19527349977,1783476211857399000
358,3,350,19526597617,1783476211858074000
359,0,359,19632734137,1783476212043925000
359,1,357,19631992105,1783476212046015000
359,2,354,19631366849,1783476212044997000
359,3,351,19630596721,1783476212047059000
360,0,360,19664742785,1783476212048110000
360,1,358,19664002105,1783476212050373000
360,2,355,19663377105,1783476212049330000
360,3,352,19662621329,1783476212051457000
361,0,361,19696726041,1783476212052475000
361,1,359,19696013137,1783476212054561000
361,2,356,19695370689,1783476212053546000
361,3,353,19694614105,1783476212055569000
362,0,362,19732727105,1783476212056553000
362,1,360,19732013553,1783476212057954000
362,2,357,19731370657,1783476212057290000
362,3,354,19730603585,1783476212058717000
363,0,363,19764756913,1783476212245753000
363,1,361,19832016041,1783476212244722000
363,2,358,19831374849,1783476212246819000
363,3,355,19830592497,1783476212247869000
364,0,364,19832730168,1783476212250084000
364,1,362,19864004817,1783476212248987000
364,2,359,19863373433,1783476212251091000
364,3,356,19862620785,1783476212252146000
365,0,365,19864747881,1783476212254239000
365,1,363,19896025753,1783476212253201000
365,2,360,19895382201,1783476212255307000
365,3,357,19894635785,1783476212256233000
366,0,366,19900741201,1783476212257712000
366,1,364,19932019753,1783476212256974000
366,2,361,19931393041,1783476212258960000
366,3,358,19930627977,1783476212259686000
367,0,367,20032811721,1783476212300331000
367,1,365,20032001041,1783476212299270000
367,2,362,20031357073,1783476212298214000
367,3,359,20030597017,1783476212297224000
368,0,368,20064742329,1783476212336187000
368,1,366,20064015201,1783476212335130000
368,2,363,20063401721,1783476212334087000
368,3,360,20062661785,1783476212333046000
369,0,369,20100740329,1783476212367967000
369,1,367,20100049105,1783476212366875000
369,2,364,20095405105,1783476212365836000
369,3,361,20094630369,1783476212364784000
370,0,370,20132757073,1783476212399671000
370,1,368,20132016105,1783476212398601000
370,2,365,20131436913,1783476212397568000
370,3,362,20130782073,1783476212400697000
371,0,371,20164755785,1783476212571185000
371,1,369,20164023169,1783476212570169000
371,2,366,20163400041,1783476212572278000
371,3,363,20162634009,1783476212573297000
372,0,372,20200742105,1783476212575598000
372,1,370,20200012849,1783476212574334000
372,2,367,20199393721,1783476212576701000
372,3,364,20198655041,1783476212577716000
373,0,373,20232771849,1783476212579972000
373,1,371,20232015977,1783476212578737000
373,2,368,20231388073,1783476212581037000
373,3,365,20230622201,1783476212581947000
374,0,374,20264744041,1783476212584028000
374,1,372,20264016041,1783476212582679000
374,2,369,20263389137,1783476212584844000
374,3,366,20262631945,1783476212585596000
375,0,375,20364757073,1783476212770965000
375,1,373,20364049977,1783476212771994000
375,2,370,20363403785,1783476212773063000
375,3,367,20362672785,1783476212774112000
376,0,376,20400763753,1783476212775166000
376,1,374,20400020041,1783476212776241000
376,2,371,20399374105,1783476212777292000
376,3,368,20398626489,1783476212778339000
377,0,377,20432765105,1783476212779534000
377,1,375,20432019009,1783476212780573000
377,2,372,20431394913,1783476212781605000
377,3,369,20430636201,1783476212782655000
378,0,378,20464757881,1783476212783633000
378,1,376,20464073169,1783476212784446000
378,2,373,20463395233,1783476212785095000
378,3,370,20462687233,1783476212786083000
379,0,379,20564750169,1783476212973736000
379,1,377,20568066817,1783476212971643000
379,2,374,20563396977,1783476212972687000
379,3,371,20562641561,1783476212974813000
380,0,380,20600745977,1783476212977953000
380,1,378,20600018817,1783476212975844000
380,2,375,20599381169,1783476212976890000
380,3,372,20598640465,1783476212979004000
381,0,381,20632751105,1783476212982155000
381,1,379,20632041817,1783476212980071000
381,2,376,20631411849,1783476212981108000
381,3,373,20630637753,1783476212983216000
382,0,382,20668752881,1783476212985794000
382,1,380,20668040105,1783476212984121000
382,2,377,20663399073,1783476212984911000
382,3,374,20662642849,1783476212987304000
383,0,383,20768750169,1783476213175484000
383,1,381,20768024105,1783476213173358000
383,2,378,20767401169,1783476213172322000
383,3,375,20766653105,1783476213174428000
384,0,384,20800765137,1783476213179866000
384,1,382,20800073425,1783476213177566000
384,2,379,20799394361,1783476213176519000
384,3,376,20798624817,1783476213178608000
385,0,385,20832777713,1783476213183891000
385,1,383,20832032489,1783476213181795000
385,2,380,20831404585,1783476213180733000
385,3,377,20830649945,1783476213182832000
386,0,386,20868773297,1783476213187195000
386,1,384,20868036817,1783476213185814000
386,2,381,20867416009,1783476213184866000
386,3,378,20866672849,1783476213186504000
387,0,387,20968783009,1783476213374166000
387,1,385,20968035977,1783476213375219000
387,2,382,20967388945,1783476213373129000
387,3,379,20966633689,1783476213376312000
388,0,388,21000779945,1783476213378370000
388,1,386,21000036753,1783476213379449000
388,2,383,20999412137,1783476213377324000
388,3,380,20998661329,1783476213380500000
389,0,389,21032770073,1783476213382605000
389,1,387,21032055945,1783476213383641000
389,2,384,21031412913,1783476213381558000
389,3,381,21030611776,1783476213386629000
390,0,390,21068777009,1783476213387548000
390,1,388,21068034169,1783476213388440000
390,2,385,21067392137,1783476213385631000
390,3,382,21066637913,1783476213390293000
391,0,391,21168763105,1783476213576029000
391,1,389,21168044881,1783476213574960000
391,2,386,21167390041,1783476213573933000
391,3,383,21166658529,1783476213577056000
392,0,392,21200778817,1783476213580257000
392,1,390,21200072009,1783476213579164000
392,2,387,21199451040,1783476213578115000
392,3,384,21198658041,1783476213581316000
393,0,393,21236793721,1783476213584504000
393,1,391,21236071169,1783476213583453000
393,2,388,21231407721,1783476213582370000
393,3,385,21230659041,1783476213585535000
394,0,394,21268765137,1783476213588279000
394,1,392,21268037041,1783476213587496000
394,2,389,21267391753,1783476213586533000
394,3,386,21266670329,1783476213588941000
395,0,395,21368778561,1783476213774577000
395,1,393,21368074465,1783476213775605000
395,2,390,21367464785,1783476213776663000
395,3,387,21366704593,1783476213777747000
396,0,396,21400779009,1783476213778998000
396,1,394,21400060689,1783476213780047000
396,2,391,21399438041,1783476213781111000
396,3,388,21398664009,1783476213782158000
397,0,397,21436799753,1783476213783220000
397,1,395,21436057041,1783476213784275000
397,2,392,21435421201,1783476213785350000
397,3,389,21434667977,1783476213786318000
398,0,398,21468779785,1783476213787356000
398,1,396,21468044881,1783476213788004000
398,2,393,21467397073,1783476213788872000
398,3,390,21466650977,1783476213789684000
399,0,399,21568890073,1783476213976154000
399,1,397,21568226073,1783476213975089000
399,2,394,21567428169,1783476213977177000
399,3,391,21566654073,1783476213979340000
400,0,400,21600842265,1783476213980374000
400,1,398,21600102201,1783476213978236000
400,2,395,21599455169,1783476213981447000
400,3,392,21598709009,1783476213983627000
401,0,401,21636788553,1783476213984568000
401,1,399,21636053329,1783476213982680000
401,2,396,21635413553,1783476213985610000
401,3,393,21634664329,1783476213989497000
402,0,402,21668832233,1783476213988675000
402,1,400,21668081617,1783476213986615000
402,2,397,21667469489,1783476213990088000
402,3,394,21666713137,1783476213992885000
403,0,403,21768791457,1783476214175607000
403,1,401,21768077329,1783476214176656000
403,2,398,21767460137,1783476214177707000
403,3,395,21766730817,1783476214178769000
404,0,404,21800839297,1783476214179813000
404,1,402,21804084585,1783476214180864000
404,2,399,21799441073,1783476214181906000
404,3,396,21798692681,1783476214183029000
405,0,405,21836784489,1783476214184030000
405,1,403,21836055137,1783476214185074000
405,2,400,21835414425,1783476214186179000
405,3,397,21834667977,1783476214187247000
406,0,406,21868796105,1783476214187960000
406,1,404,21868080649,1783476214188718000
406,2,401,21867443329,1783476214190161000
406,3,398,21866676913,1783476214190960000
407,0,407,21968785073,1783476214377258000
407,1,405,21968056041,1783476214376216000
407,2,402,21967428625,1783476214378302000
407,3,399,21966668817,1783476214379406000
408,0,408,22004793553,1783476214381470000
408,1,406,22004067585,1783476214380430000
408,2,403,22003450649,1783476214382522000
408,3,400,22002747817,1783476214383593000
409,0,409,22036788457,1783476214385681000
409,1,407,22036063201,1783476214384635000
409,2,404,22035443361,1783476214386737000
409,3,401,22034693721,1783476214387771000
410,0,410,22068799553,1783476214389422000
410,1,408,22068085137,1783476214388733000
410,2,405,22067443489,1783476214390108000
410,3,402,22066694617,1783476214390816000
411,0,411,22168790201,1783476214580294000
411,1,409,22168077489,1783476214579239000
411,2,406,22167434977,1783476214577150000
411,3,403,22166672817,1783476214578181000
412,0,412,22204792329,1783476214584513000
412,1,410,22204063105,1783476214583464000
412,2,407,22203420817,1783476214581367000
412,3,404,22202695009,1783476214582398000
413,0,413,22236808265,1783476214588681000
413,1,411,22236082073,1783476214587664000
413,2,408,22235454617,1783476214585530000
413,3,405,22234686529,1783476214586613000
414,0,414,22268795009,1783476214592421000
414,1,412,22272099977,1783476214591098000
414,2,409,22267445393,1783476214589386000
414,3,406,22266690201,1783476214590146000
415,0,415,22368798529,1783476214779963000
415,1,413,22372086721,1783476214778910000
415,2,410,22367453657,1783476214781055000
415,3,407,22366697209,1783476214777880000
416,0,416,22404802105,1783476214784172000
416,1,414,22404076233,1783476214783117000
416,2,411,22403430753,1783476214785231000
416,3,408,22402705977,1783476214782072000
417,0,417,22436803265,1783476214788385000
417,1,415,22436089849,1783476214787330000
417,2,412,22435461785,1783476214789410000
417,3,409,22434692169,1783476214786275000
418,0,418,22472803009,1783476214792017000
418,1,416,22472073137,1783476214791273000
418,2,413,22467435689,1783476214792703000
418,3,410,22470688233,1783476214790360000
419,0,419,22572808233,1783476214979758000
419,1,417,22572075977,1783476214981902000
419,2,414,22571450433,1783476214978728000
419,3,411,22570692977,1783476214980824000
420,0,420,22604841297,1783476214984294000
420,1,418,22604104137,1783476214989568000
420,2,415,22603499401,1783476214983366000
420,3,412,22602722457,1783476214985364000
421,0,421,22636820521,1783476214988617000
421,1,419,22636097329,1783476214994025000
421,2,416,22635456881,1783476214992127000
421,3,413,22634697977,1783476214990583000
422,0,422,22672825561,1783476214993058000
422,1,420,22672078401,1783476214997376000
422,2,417,22671438105,1783476214996013000
422,3,414,22670669977,1783476214995069000
423,0,423,22772825913,1783476215180561000
423,1,421,22772081137,1783476215182924000
423,2,418,22771432593,1783476215179506000
423,3,415,22770680689,1783476215181594000
424,0,424,22804828721,1783476215186840000
424,1,422,22804107849,1783476215187706000
424,2,419,22803493041,1783476215183789000
424,3,416,22802749009,1783476215185682000
425,0,425,22836817073,1783476215191082000
425,1,423,22836102361,1783476215192126000
425,2,420,22835461521,1783476215188794000
425,3,417,22834704105,1783476215189825000
426,0,426,22872806752,1783476215195062000
426,1,424,22872094169,1783476215196020000
426,2,421,22871456721,1783476215193096000
426,3,418,22870686105,1783476215194081000
427,0,427,22972829041,1783476215381523000
427,1,425,22972092785,1783476215382376000
427,2,422,22971427913,1783476215380198000
427,3,419,22970860785,1783476215383368000
428,0,428,23004819881,1783476215385627000
428,1,426,23004101137,1783476215386688000
428,2,423,23003474817,1783476215384397000
428,3,420,23002710977,1783476215387746000
429,0,429,23040815425,1783476215389857000
429,1,427,23040086297,1783476215390896000
429,2,424,23035531169,1783476215388792000
429,3,421,23038755073,1783476215391955000
430,0,430,23072818977,1783476215393527000
430,1,428,23072077201,1783476215394424000
430,2,425,23071439041,1783476215392701000
430,3,422,23070680977,1783476215395356000
431,0,431,23172821849,1783476215580944000
431,1,429,23172094041,1783476215583043000
431,2,426,23171450945,1783476215581980000
431,3,423,23170698689,1783476215584095000
432,0,432,23204823913,1783476215585162000
432,1,430,23204120169,1783476215587321000
432,2,427,23203488201,1783476215586220000
432,3,424,23202743041,1783476215588323000
433,0,433,23240838785,1783476215589364000
433,1,431,23240106593,1783476215591505000
433,2,428,23239470009,1783476215590422000
433,3,425,23238736881,1783476215592572000
434,0,434,23272844425,1783476215593558000
434,1,432,23272091945,1783476215595342000
434,2,429,23271449073,1783476215594539000
434,3,426,23270727297,1783476215596426000
435,0,435,23372838137,1783476215783018000
435,1,433,23372092849,1783476215781976000
435,2,430,23371468265,1783476215784069000
435,3,427,23370711753,1783476215785119000
436,0,436,23408829233,1783476215787223000
436,1,434,23404118041,1783476215786176000
436,2,431,23403480041,1783476215788293000
436,3,428,23402719169,1783476215789351000
437,0,437,23440841849,1783476215791494000
437,1,435,23440127977,1783476215790413000
437,2,432,23439484689,1783476215792504000
437,3,429,23438733977,1783476215793537000
438,0,438,23472851913,1783476215795327000
438,1,436,23472105593,1783476215794489000
438,2,433,23471481297,1783476215795980000
438,3,430,23470725913,1783476215796816000
439,0,439,23572835817,1783476215982822000
439,1,437,23572102817,1783476215984908000
439,2,434,23571476657,1783476215983852000
439,3,431,23570709881,1783476215985958000
440,0,440,23608838105,1783476215987080000
440,1,438,23608110849,1783476215989203000
440,2,435,23603510913,1783476215988143000
440,3,432,23602794425,1783476215990261000
441,0,441,23640867073,1783476215991315000
441,1,439,23640150593,1783476215993444000
441,2,436,23639621009,1783476215992383000
441,3,433,23638730105,1783476215994453000
442,0,442,23672852529,1783476215995441000
442,1,440,23672134201,1783476215997099000
442,2,437,23671491137,1783476215996359000
442,3,434,23670725265,1783476215997745000
443,0,443,23772838977,1783476216185628000
443,1,441,23772126817,1783476216184558000
443,2,438,23771484689,1783476216183533000
443,3,435,23770728625,1783476216186661000
444,0,444,23808844945,1783476216189823000
444,1,442,23808133265,1783476216188784000
444,2,439,23807515105,1783476216187710000
444,3,436,23806728425,1783476216190927000
445,0,445,23840872849,1783476216194029000
445,1,443,23840126009,1783476216192983000
445,2,440,23839487977,1783476216191942000
445,3,437,23838719401,1783476216195016000
446,0,446,23872846201,1783476216197607000
446,1,444,23872133169,1783476216196732000
446,2,441,23871494201,1783476216195993000
446,3,438,23870739073,1783476216198231000
447,0,447,23976846137,1783476216384292000
447,1,445,23972133073,1783476216385324000
447,2,442,23971490137,1783476216386375000
447,3,439,23970721817,1783476216387529000
448,0,448,24008846785,1783476216388706000
448,1,446,24008137233,1783476216390009000
448,2,443,24007514617,1783476216391682000
448,3,440,24006732233,1783476216406189000
449,0,449,24040859592,1783476216405118000
449,1,447,24040129425,1783476216395372000
449,2,444,24039509329,1783476216397039000
449,3,441,24038737073,1783476216410300000
450,0,450,24076845233,1783476216415603000
450,1,448,24076131489,1783476216400674000
450,2,445,24071489977,1783476216401198000
450,3,442,24070731561,1783476216414567000
451,0,451,24176869497,1783476216445376000
451,1,449,24176152401,1783476216443278000
451,2,446,24171502849,1783476216444300000
451,3,443,24170748465,1783476216441314000
452,0,452,24208895593,1783476216475528000
452,1,450,24208144977,1783476216478826000
452,2,447,24207503913,1783476216477772000
452,3,444,24206747625,1783476216476721000
453,0,453,24240867201,1783476216511515000
453,1,451,24240143497,1783476216510474000
453,2,448,24239520233,1783476216509405000
453,3,445,24238755625,1783476216508366000
454,0,454,24276868169,1783476216544233000
454,1,452,24276151105,1783476216543177000
454,2,449,24275506137,1783476216542089000
454,3,446,24274766201,1783476216541047000
455,0,455,24308874689,1783476216722258000
455,1,453,24308137881,1783476216724345000
455,2,450,24307527233,1783476216723273000
455,3,447,24306785521,1783476216725430000
456,0,456,24340883009,1783476216726582000
456,1,454,24340167105,1783476216728946000
456,2,451,24339518137,1783476216727638000
456,3,448,24338743753,1783476216729996000
457,0,457,24376860105,1783476216731061000
457,1,455,24376145041,1783476216733342000
457,2,452,24375502457,1783476216732135000
457,3,449,24374736945,1783476216734409000
458,0,458,24408877041,1783476216735442000
458,1,456,24408132553,1783476216736872000
458,2,453,24407486689,1783476216736199000
458,3,450,24406736553,1783476216738409000
459,0,459,24440861945,1783476216922996000
459,1,457,24508126465,1783476216926128000
459,2,454,24507498105,1783476216925105000
459,3,451,24506745241,1783476216924025000
460,0,460,24508875073,1783476216927423000
460,1,458,24540156657,1783476216930548000
460,2,455,24539531009,1783476216929501000
460,3,452,24538785945,1783476216928441000
461,0,461,24544865041,1783476216931607000
461,1,459,24576167721,1783476216934746000
461,2,456,24575532073,1783476216933717000
461,3,453,24574766137,1783476216932660000
462,0,462,24576873625,1783476216935682000
462,1,460,24608154201,1783476216937922000
462,2,457,24607526041,1783476216937165000
462,3,454,24606764105,1783476216936423000
463,0,463,24708877689,1783476216980265000
463,1,461,24708149073,1783476216979203000
463,2,458,24707530265,1783476216978244000
463,3,455,24706780401,1783476216977116000
464,0,464,24744880721,1783476217012252000
464,1,462,24744164457,1783476217011189000
464,2,459,24739525521,1783476217010110000
464,3,456,24738799337,1783476217009067000
465,0,465,24776863977,1783476217044190000
465,1,463,24776137497,1783476217042092000
465,2,460,24775496081,1783476217043138000
465,3,457,24774762337,1783476217045208000
466,0,466,24808897593,1783476217079751000
466,1,464,24808161977,1783476217078694000
466,2,461,24807533785,1783476217077646000
466,3,458,24806792169,1783476217076478000
467,0,467,24844873849,1783476217245428000
467,1,465,24844145073,1783476217247521000
467,2,462,24843516721,1783476217246397000
467,3,459,24842775529,1783476217248543000
468,0,468,24876895073,1783476217250683000
468,1,466,24876133105,1783476217252815000
468,2,463,24875511105,1783476217252286000
468,3,460,24874798105,1783476217254088000
469,0,469,24908875817,1783476217255168000
469,1,467,24908147489,1783476217257801000
469,2,464,24907528105,1783476217256216000
469,3,461,24906775009,1783476217258925000
470,0,470,24944866169,1783476217259896000
470,1,468,24944164945,1783476217261871000
470,2,465,24943538881,1783476217260923000
470,3,462,24942754425,1783476217262864000
471,0,471,25044962233,1783476217447233000
471,1,469,25044147168,1783476217448257000
471,2,466,25043553849,1783476217446162000
471,3,463,25042754049,1783476217449354000
472,0,472,25076893137,1783476217452070000
472,1,470,25076150105,1783476217453099000
472,2,467,25075524073,1783476217450356000
472,3,464,25074784041,1783476217454243000
473,0,473,25112877849,1783476217456272000
473,1,471,25108167169,1783476217457301000
473,2,468,25107527105,1783476217455208000
473,3,465,25106770297,1783476217458299000
474,0,474,25144881561,1783476217460180000
474,1,472,25144168361,1783476217460855000
474,2,469,25143536041,1783476217459271000
474,3,466,25142785649,1783476217461500000
475,0,475,25244877945,1783476217647459000
475,1,473,25244133201,1783476217647906000
475,2,470,25243505041,1783476217650048000
475,3,467,25242750009,1783476217648969000
476,0,476,25277021329,1783476217651137000
476,1,474,25276270617,1783476217652186000
476,2,471,25275592657,1783476217654296000
476,3,468,25274896521,1783476217653243000
477,0,477,25312886201,1783476217655343000
477,1,475,25312170817,1783476217656402000
477,2,472,25307525105,1783476217658488000
477,3,469,25306765169,1783476217657427000
478,0,478,25344898137,1783476217659461000
478,1,476,25344172721,1783476217660166000
478,2,473,25343531201,1783476217662085000
478,3,470,25342785457,1783476217660840000
479,0,479,25444912913,1783476217848615000
479,1,477,25444149105,1783476217849671000
479,2,474,25443522817,1783476217847582000
479,3,471,25442783785,1783476217850717000
480,0,480,25476894913,1783476217852871000
480,1,478,25476179105,1783476217853953000
480,2,475,25475559881,1783476217851833000
480,3,472,25474781009,1783476217854983000
481,0,481,25512877849,1783476217857378000
481,1,479,25512175201,1783476217858239000
481,2,476,25511550105,1783476217856116000
481,3,473,25510778977,1783476217859296000
482,0,482,25544908817,1783476217862139000
482,1,480,25544166169,1783476217861391000
482,2,477,25543522169,1783476217860259000
482,3,474,25542795009,1783476217863042000
483,0,483,25644902497,1783476218048460000
483,1,481,25644158073,1783476218049611000
483,2,478,25575536489,1783476218051685000
483,3,475,25642777945,1783476218050585000
484,0,484,25680894265,1783476218052654000
484,1,482,25676189657,1783476218054192000
484,2,479,25643528657,1783476218056320000
484,3,476,25674783817,1783476218055227000
485,0,485,25712896137,1783476218057363000
485,1,483,25712181721,1783476218058463000
485,2,480,25675546817,1783476218060499000
485,3,477,25710793625,1783476218059560000
486,0,486,25744915945,1783476218061594000
486,1,484,25744187073,1783476218062557000
486,2,481,25711556297,1783476218064322000
486,3,478,25742792201,1783476218063471000
487,0,487,25780895849,1783476218257556000
487,1,485,25844293009,1783476218259693000
487,2,482,25843573881,1783476218258589000
487,3,479,25842854497,1783476218260693000
488,0,488,25844915817,1783476218262030000
488,1,486,25880199169,1783476218264121000
488,2,483,25875667945,1783476218263078000
488,3,480,25874810913,1783476218265196000
489,0,489,25880906433,1783476218266265000
489,1,487,25912170201,1783476218268422000
489,2,484,25911543073,1783476218267458000
489,3,481,25910771945,1783476218269396000
490,0,490,25912899881,1783476218270374000
490,1,488,25944186009,1783476218271993000
490,2,485,25943559689,1783476218271295000
490,3,482,25942835713,1783476218272634000
491,0,491,26044897881,1783476218316222000
491,1,489,26044168849,1783476218315171000
491,2,486,26043528169,1783476218314109000
491,3,483,26042794657,1783476218313082000
492,0,492,26080906105,1783476218347984000
492,1,490,26080176689,1783476218346936000
492,2,487,26079555201,1783476218345876000
492,3,484,26078838273,1783476218344878000
493,0,493,26112923625,1783476218379343000
493,1,491,26112163913,1783476218382880000
493,2,488,26111536041,1783476218381822000
493,3,485,26110832913,1783476218380776000
494,0,494,26144909721,1783476218416215000
494,1,492,26144206785,1783476218415170000
494,2,489,26143563977,1783476218414110000
494,3,486,26142835881,1783476218413071000
495,0,495,26180926329,1783476218582737000
495,1,493,26180195657,1783476218583774000
495,2,490,26179567945,1783476218585214000
495,3,487,26178793369,1783476218585874000
496,0,496,26212926489,1783476218586944000
496,1,494,26212185233,1783476218588008000
496,2,491,26211544585,1783476218589066000
496,3,488,26210799265,1783476218590125000
497,0,497,26248911361,1783476218591184000
497,1,495,26244210041,1783476218592246000
497,2,492,26243572649,1783476218593263000
497,3,489,26242842617,1783476218594307000
498,0,498,26280917009,1783476218595253000
498,1,496,26280176041,1783476218596695000
498,2,493,26279551425,1783476218596753000
498,3,490,26278782169,1783476218597430000
499,0,499,26380944297,1783476218786587000
499,1,497,26380248009,1783476218784500000
499,2,494,26379575977,1783476218783483000
499,3,491,26378792137,1783476218785585000
500,0,500,26412928169,1783476218790808000
500,1,498,26412180233,1783476218788709000
500,2,495,26411537553,1783476218787655000
500,3,492,26410801009,1783476218789770000
501,0,501,26448917105,1783476218794961000
501,1,499,26448203393,1783476218792924000
501,2,496,26443578393,1783476218791872000
501,3,493,26442847105,1783476218793952000
502,0,502,26480914777,1783476218798054000
502,1,500,26480188041,1783476218796700000
502,2,497,26479556977,1783476218795921000
502,3,494,26478796265,1783476218797410000
503,0,503,26580935177,1783476218984189000
503,1,501,26580177041,1783476218987329000
503,2,498,26579548137,1783476218986298000
503,3,495,26578801105,1783476218985215000
504,0,504,26612977489,1783476218988406000
504,1,502,26612275945,1783476218991557000
504,2,499,26611638849,1783476218990505000
504,3,496,26610821585,1783476218989453000
505,0,505,26648922169,1783476218992687000
505,1,503,26648191817,1783476218995761000
505,2,500,26647562137,1783476218994746000
505,3,497,26647018041,1783476218993676000
506,0,506,26680937041,1783476218996764000
506,1,504,26680193073,1783476218999012000
506,2,501,26679547233,1783476218998263000
506,3,498,26678798265,1783476218997495000
507,0,507,26780938273,1783476219188855000
507,1,505,26780195817,1783476219187817000
507,2,502,26779674360,1783476219187055000
507,3,499,26778797137,1783476219189972000
508,0,508,26816924849,1783476219193091000
508,1,506,26812214945,1783476219192057000
508,2,503,26811577913,1783476219190995000
508,3,500,26810810233,1783476219194432000
509,0,509,26848953977,1783476219199373000
509,1,507,26848223425,1783476219197978000
509,2,504,26847578721,1783476219195554000
509,3,501,26846794753,1783476219198439000
510,0,510,26880941425,1783476219203216000
510,1,508,26880210657,1783476219204184000
510,2,505,26879567657,1783476219200395000
510,3,502,26878813689,1783476219202427000
511,0,511,26980944137,1783476219389445000
511,1,509,26980200169,1783476219387364000
511,2,506,26979558265,1783476219388402000
511,3,503,26978841529,1783476219390540000
512,0,512,27016930169,1783476219393661000
512,1,510,27016218721,1783476219391547000
512,2,507,27011591169,1783476219392624000
512,3,504,27010821169,1783476219395836000
513,0,513,27048929913,1783476219397984000
513,1,511,27048201073,1783476219394724000
513,2,508,27047576009,1783476219396818000
513,3,505,27046804945,1783476219399852000
514,0,514,27081155297,1783476219401392000
514,1,512,27080664105,1783476219398937000
514,2,509,27079692425,1783476219401135000
514,3,506,27114817913,1783476219403990000
515,0,515,27180934817,1783476219590313000
515,1,513,27180198913,1783476219589252000
515,2,510,27179557201,1783476219588225000
515,3,507,27178815113,1783476219591471000
516,0,516,27216937201,1783476219594517000
516,1,514,27216209073,1783476219593466000
516,2,511,27215590201,1783476219592419000
516,3,508,27214852913,1783476219595728000
517,0,517,27248945105,1783476219598876000
517,1,515,27248201137,1783476219597837000
517,2,512,27247555817,1783476219596775000
517,3,509,27246798689,1783476219599976000
518,0,518,27280935977,1783476219602578000
518,1,516,27280222817,1783476219601842000
518,2,513,27279581041,1783476219600920000
518,3,510,27278824233,1783476219603443000
519,0,519,27380932817,1783476219790349000
519,1,517,27380223849,1783476219792457000
519,2,514,27379576465,1783476219789319000
519,3,511,27378829721,1783476219791449000
520,0,520,27416960945,1783476219794558000
520,1,518,27416235393,1783476219796673000
520,2,515,27415651041,1783476219793499000
520,3,512,27414874817,1783476219795622000
521,0,521,27448956945,1783476219798770000
521,1,519,27448229073,1783476219800883000
521,2,516,27447583977,1783476219797723000
521,3,513,27446827625,1783476219799828000
522,0,522,27484941137,1783476219803597000
522,1,520,27480230201,1783476219804393000
522,2,517,27479588073,1783476219801871000
522,3,514,27478828689,1783476219802829000
523,0,523,27584944849,1783476219989733000
523,1,521,27584215105,1783476219991927000
523,2,518,27579593177,1783476219990773000
523,3,515,27514808785,1783476219992907000
524,0,524,27616944913,1783476219993931000
524,1,522,27616216073,1783476219996574000
524,2,519,27615589977,1783476219995020000
524,3,516,27578843201,1783476219997613000
525,0,525,27648965041,1783476219998661000
525,1,523,27648235201,1783476220000770000
525,2,520,27647599169,1783476219999715000
525,3,517,27614820529,1783476220001828000
526,0,526,27684949137,1783476220002750000
526,1,524,27684219137,1783476220004229000
526,2,521,27679594945,1783476220003522000
526,3,518,27646867849,1783476220005282000
527,0,527,27784949137,1783476220199865000
527,1,525,27784219201,1783476220198831000
527,2,522,27783594041,1783476220200923000
527,3,519,27782836201,1783476220201970000
528,0,528,27816967009,1783476220204084000
528,1,526,27816224241,1783476220203045000
528,2,523,27815582913,1783476220205162000
528,3,520,27814861169,1783476220206192000
529,0,529,27848952721,1783476220208307000
529,1,527,27848282457,1783476220207256000
529,2,524,27847901073,1783476220209346000
529,3,521,27846844137,1783476220210427000
530,0,530,27884969913,1783476220212199000
530,1,528,27884238105,1783476220211370000
530,2,525,27883611297,1783476220212880000
530,3,522,27882825721,1783476220213824000
531,0,531,27984968169,1783476220400720000
531,1,529,27984235977,1783476220401804000
531,2,526,27983608009,1783476220399688000
531,3,523,27982837561,1783476220402893000
532,0,532,28016983168,1783476220405062000
532,1,530,28016239593,1783476220406129000
532,2,527,28015600009,1783476220403895000
532,3,524,28014855137,1783476220407223000
533,0,533,28052958881,1783476220409277000
533,1,531,28048244625,1783476220410349000
533,2,528,28047606137,1783476220408226000
533,3,525,28046848105,1783476220411361000
534,0,534,28084951849,1783476220413003000
534,1,532,28084238137,1783476220413905000
534,2,529,28083617041,1783476220412244000
534,3,526,28082857425,1783476220414652000
535,0,535,28184982977,1783476220601735000
535,1,533,28184304529,1783476220600367000
535,2,530,28183615009,1783476220603515000
535,3,527,28114846625,1783476220602515000
536,0,536,28216961625,1783476220606172000
536,1,534,28216233785,1783476220604686000
536,2,531,28215594265,1783476220608259000
536,3,528,28182831721,1783476220607252000
537,0,537,28252962497,1783476220610353000
537,1,535,28252248785,1783476220609305000
537,2,532,28247610625,1783476220612520000
537,3,529,28214822993,1783476220611506000
538,0,538,28284980913,1783476220614360000
538,1,536,28284246073,1783476220613569000
538,2,533,28283606241,1783476220616085000
538,3,530,28246873265,1783476220615109000
539,0,539,28384977105,1783476220652129000
539,1,537,28384236889,1783476220651093000
539,2,534,28383592721,1783476220655036000
539,3,531,28382843753,1783476220653977000
540,0,540,28417125265,1783476220688282000
540,1,538,28416330137,1783476220687230000
540,2,535,28415766913,1783476220686190000
540,3,532,28415049393,1783476220685135000
541,0,541,28452968945,1783476220720521000
541,1,539,28452257233,1783476220719492000
541,2,536,28451654529,1783476220718420000
541,3,533,28450868785,1783476220717396000
542,0,542,28485012529,1783476220751237000
542,1,540,28484270233,1783476220755004000
542,2,537,28483616073,1783476220753959000
542,3,534,28482886849,1783476220752920000
543,0,543,28516989881,1783476220924771000
543,1,541,28516268361,1783476220923683000
543,2,538,28515623817,1783476220922643000
543,3,535,28514920561,1783476220925787000
544,0,544,28552970913,1783476220929409000
544,1,542,28552260201,1783476220927941000
544,2,539,28551632169,1783476220926902000
544,3,536,28550867041,1783476220930480000
545,0,545,28584990561,1783476220933616000
545,1,543,28584246233,1783476220932553000
545,2,540,28583600105,1783476220931506000
545,3,537,28582862233,1783476220934583000
546,0,546,28620990945,1783476220937340000
546,1,544,28616260105,1783476220936070000
546,2,541,28615616561,1783476220935337000
546,3,538,28614850297,1783476220938099000
547,0,547,28720974657,1783476221123461000
547,1,545,28720261785,1783476221125561000
547,2,542,28715620913,1783476221124475000
547,3,539,28714853009,1783476221126582000
548,0,548,28752976721,1783476221127825000
548,1,546,28752252265,1783476221129875000
548,2,543,28751630169,1783476221128907000
548,3,540,28750880041,1783476221130921000
549,0,549,28784981137,1783476221131972000
549,1,547,28784252009,1783476221134084000
549,2,544,28783608169,1783476221133028000
549,3,541,28782869297,1783476221135056000
550,0,550,28820977913,1783476221136068000
550,1,548,28820265361,1783476221137427000
550,2,545,28815625009,1783476221136734000
550,3,542,28814868713,1783476221138504000
551,0,551,28920983201,1783476221325338000
551,1,549,28920252297,1783476221326389000
551,2,546,28919626137,1783476221324366000
551,3,543,28918871105,1783476221327494000
552,0,552,28952999785,1783476221329785000
552,1,550,28952256169,1783476221330802000
552,2,547,28951612849,1783476221328699000
552,3,544,28950874465,1783476221331880000
553,0,553,28984984977,1783476221334149000
553,1,551,28984258073,1783476221335194000
553,2,548,28983613913,1783476221333003000
553,3,545,28982898753,1783476221336251000
554,0,554,29020984105,1783476221337848000
554,1,552,29020269233,1783476221338574000
554,2,549,29019643009,1783476221337083000
554,3,546,29018858849,1783476221339649000
555,0,555,29120985977,1783476221527194000
555,1,553,29120272009,1783476221525101000
555,2,550,29119646945,1783476221526138000
555,3,547,29118859953,1783476221528287000
556,0,556,29153005849,1783476221531467000
556,1,554,29152263041,1783476221529334000
556,2,551,29151641169,1783476221530359000
556,3,548,29150946105,1783476221534661000
557,0,557,29188984689,1783476221536503000
557,1,555,29184313489,1783476221533327000
557,2,552,29183725881,1783476221535483000
557,3,549,29182909041,1783476221538819000
558,0,558,29220989105,1783476221540703000
558,1,556,29220274265,1783476221537539000
558,2,553,29219649425,1783476221539767000
558,3,550,29218861137,1783476221542546000
559,0,559,29321019137,1783476221726839000
559,1,557,29320283945,1783476221727895000
559,2,554,29319641849,1783476221725805000
559,3,551,29318889985,1783476221728951000
560,0,560,29352997817,1783476221731048000
560,1,558,29352273105,1783476221732152000
560,2,555,29351654977,1783476221729990000
560,3,552,29350896073,1783476221733163000
561,0,561,29388994721,1783476221735269000
561,1,559,29388281657,1783476221736322000
561,2,556,29383651041,1783476221734212000
561,3,553,29382917945,1783476221737327000
562,0,562,29421007849,1783476221739069000
562,1,560,29420289553,1783476221739731000
562,2,557,29419642169,1783476221738275000
562,3,554,29418883041,1783476221740750000
563,0,563,29521007113,1783476221926494000
563,1,561,29520250201,1783476221927525000
563,2,558,29519622169,1783476221928614000
563,3,555,29518872497,1783476221929635000
564,0,564,29553041817,1783476221930956000
564,1,562,29552268169,1783476221931992000
564,2,559,29551626169,1783476221933082000
564,3,556,29550893457,1783476221934102000
565,0,565,29588986689,1783476221935155000
565,1,563,29588285137,1783476221936201000
565,2,560,29587658849,1783476221937261000
565,3,557,29586889849,1783476221938292000
566,0,566,29621016073,1783476221939288000
566,1,564,29620272041,1783476221940222000
566,2,561,29619626849,1783476221940930000
566,3,558,29618873617,1783476221941569000
567,0,567,29721024049,1783476222127235000
567,1,565,29720276521,1783476222128261000
567,2,562,29719623657,1783476222129385000
567,3,559,29718878265,1783476222130653000
568,0,568,29757006977,1783476222131454000
568,1,566,29752291073,1783476222132472000
568,2,563,29751660561,1783476222133537000
568,3,560,29750920201,1783476222134587000
569,0,569,29789003721,1783476222135642000
569,1,567,29788290137,1783476222136686000
569,2,564,29787664009,1783476222137748000
569,3,561,29786878137,1783476222138771000
570,0,570,29821021817,1783476222139732000
570,1,568,29820293105,1783476222140572000
570,2,565,29819647201,1783476222141279000
570,3,562,29818891169,1783476222142108000
571,0,571,29921008977,1783476222330170000
571,1,569,29920280881,1783476222331251000
571,2,566,29919628593,1783476222328066000
571,3,563,29918882017,1783476222329104000
572,0,572,29957010529,1783476222334404000
572,1,570,29956298137,1783476222335463000
572,2,567,29951661169,1783476222332267000
572,3,564,29950916105,1783476222333316000
573,0,573,29989010849,1783476222338603000
573,1,571,29988281977,1783476222339662000
573,2,568,29987646721,1783476222336500000
573,3,565,29986878105,1783476222337551000
574,0,574,30021012041,1783476222342174000
574,1,572,30020282297,1783476222342848000
574,2,569,30019638073,1783476222340619000
574,3,566,30018903201,1783476222341488000
575,0,575,30121008169,1783476222529909000
575,1,573,30120283657,1783476222531028000
575,2,570,30119640009,1783476222528873000
575,3,567,30118903233,1783476222532028000
576,0,576,30157004009,1783476222534118000
576,1,574,30156300497,1783476222535269000
576,2,571,30155675849,1783476222533067000
576,3,568,30154916913,1783476222536343000
577,0,577,30189030977,1783476222538401000
577,1,575,30188287817,1783476222539488000
577,2,572,30187643105,1783476222537355000
577,3,569,30186893361,1783476222540464000
578,0,578,30221026073,1783476222542113000
578,1,576,30220304913,1783476222542798000
578,2,573,30219663201,1783476222541426000
578,3,570,30218908457,1783476222543503000
579,0,579,30325027073,1783476222729550000
579,1,577,30320303361,1783476222730574000
579,2,574,30319660977,1783476222732686000
579,3,571,30318904465,1783476222731686000
580,0,580,30357017753,1783476222733781000
580,1,578,30356306105,1783476222734832000
580,2,575,30355692041,1783476222736976000
580,3,572,30354928785,1783476222735903000
581,0,581,30389037945,1783476222738021000
581,1,579,30388308105,1783476222739084000
581,2,576,30387665073,1783476222741193000
581,3,573,30386907465,1783476222740130000
582,0,582,30425022817,1783476222742113000
582,1,580,30424292073,1783476222742884000
582,2,577,30419671169,1783476222744836000
582,3,574,30418917721,1783476222743612000
583,0,583,30525025201,1783476222931329000
583,1,581,30524311137,1783476222930292000
583,2,578,30519680913,1783476222932383000
583,3,575,30518917105,1783476222933429000
584,0,584,30557026233,1783476222935541000
584,1,582,30556297785,1783476222934581000
584,2,579,30555673689,1783476222936592000
584,3,576,30554922753,1783476222937642000
585,0,585,30589028201,1783476222939861000
585,1,583,30588297529,1783476222938821000
585,2,580,30587653945,1783476222940907000
585,3,577,30586917169,1783476222941977000
586,0,586,30625028009,1783476222943775000
586,1,584,30624297561,1783476222942922000
586,2,581,30619678041,1783476222944462000
586,3,578,30622916169,1783476222945414000
587,0,587,30725018497,1783476223132011000
587,1,585,30724294817,1783476223133058000
587,2,582,30723675817,1783476223130970000
587,3,579,30722920689,1783476223134113000
588,0,588,30757062561,1783476223136232000
588,1,586,30756306913,1783476223137279000
588,2,583,30755685657,1783476223135168000
588,3,580,30754926041,1783476223138356000
589,0,589,30789031625,1783476223140434000
589,1,587,30788321169,1783476223141489000
589,2,584,30787677977,1783476223139377000
589,3,581,30786920201,1783476223142485000
590,0,590,30825032041,1783476223144211000
590,1,588,30824320105,1783476223144923000
590,2,585,30823694233,1783476223143469000
590,3,582,30822908945,1783476223145703000
591,0,591,30925033977,1783476223331660000
591,1,589,30924322041,1783476223334812000
591,2,586,30923696041,1783476223332725000
591,3,583,30922898369,1783476223333765000
592,0,592,30957059041,1783476223335848000
592,1,590,30956332297,1783476223339031000
592,2,587,30955699489,1783476223336920000
592,3,584,30954930201,1783476223337978000
593,0,593,30993038297,1783476223340090000
593,1,591,30992325105,1783476223343241000
593,2,588,30987699105,1783476223341145000
593,3,585,30986958137,1783476223342194000
594,0,594,31025037689,1783476223344185000
594,1,592,31024324105,1783476223346698000
594,2,589,31023700105,1783476223345155000
594,3,586,31022911105,1783476223345837000
595,0,595,31125041753,1783476223532521000
595,1,593,31124457169,1783476223533556000
595,2,590,31123678169,1783476223534619000
595,3,587,31122902425,1783476223535710000
596,0,596,31157042881,1783476223536739000
596,1,594,31156316721,1783476223537788000
596,2,591,31155670009,1783476223538853000
596,3,588,31154933977,1783476223539917000
597,0,597,31193056105,1783476223540981000
597,1,595,31192313265,1783476223542009000
597,2,592,31187691105,1783476223543064000
597,3,589,31190928137,1783476223544070000
598,0,598,31225074369,1783476223545059000
598,1,596,31224311073,1783476223545912000
598,2,593,31223689913,1783476223546622000
598,3,590,31222963553,1783476223547313000
599,0,599,31325058233,1783476223734323000
599,1,597,31324321049,1783476223735376000
599,2,594,31323678593,1783476223733354000
599,3,591,31322937849,1783476223736437000
600,0,600,31357064201,1783476223738995000
600,1,598,31356345137,1783476223740026000
600,2,595,31355702881,1783476223737936000
600,3,592,31354960393,1783476223741126000
601,0,601,31393064753,1783476223743305000
601,1,599,31392350785,1783476223744255000
601,2,596,31391707105,1783476223742149000
601,3,593,31390921105,1783476223745270000
602,0,602,31425065913,1783476223748092000
602,1,600,31424322169,1783476223747286000
602,2,597,31423677265,1783476223746261000
602,3,594,31422925361,1783476223748656000
603,0,603,31525063849,1783476223936087000
603,1,601,31524340753,1783476223935052000
603,2,598,31523712593,1783476223933996000
603,3,595,31522951369,1783476223937143000
604,0,604,31561055945,1783476223940304000
604,1,602,31556345105,1783476223939254000
604,2,599,31555703817,1783476223938273000
604,3,596,31554957073,1783476223941378000
605,0,605,31593053009,1783476223944837000
605,1,603,31592340265,1783476223943796000
605,2,600,31591713817,1783476223942785000
605,3,597,31590927137,1783476223945869000
606,0,606,31625072137,1783476223948529000
606,1,604,31624326233,1783476223947713000
606,2,601,31623681913,1783476223946961000
606,3,598,31622941329,1783476223949301000
607,0,607,31725060361,1783476224135804000
607,1,605,31724330785,1783476224136859000
607,2,602,31723693265,1783476224134764000
607,3,599,31722935689,1783476224137922000
608,0,608,31761076817,1783476224140428000
608,1,606,31760444137,1783476224141494000
608,2,603,31755708169,1783476224139413000
608,3,600,31758949105,1783476224142524000
609,0,609,31793077945,1783476224144689000
609,1,607,31792315009,1783476224145691000
609,2,604,31791685465,1783476224143583000
609,3,601,31790934073,1783476224146852000
610,0,610,31825060753,1783476224149015000
610,1,608,31824332265,1783476224149756000
610,2,605,31823690625,1783476224147795000
610,3,602,31822948849,1783476224150507000
611,0,611,31925053625,1783476224338795000
611,1,609,31924345009,1783476224335643000
611,2,606,31923702137,1783476224337855000
611,3,603,31922942169,1783476224336677000
612,0,612,31961077849,1783476224343695000
612,1,610,31960364753,1783476224339838000
612,2,607,31959763401,1783476224342637000
612,3,604,31958993753,1783476224340884000
613,0,613,31993152137,1783476224350950000
613,1,611,31992336657,1783476224344739000
613,2,608,31991691105,1783476224346968000
613,3,605,31990937233,1783476224345855000
614,0,614,32025066137,1783476224354416000
614,1,612,32024354880,1783476224349033000
614,2,609,32023714233,1783476224353450000
614,3,606,32022954169,1783476224349975000
615,0,615,32129080657,1783476224536291000
615,1,613,32124358105,1783476224538370000
615,2,610,32123718137,1783476224537325000
615,3,607,32122951105,1783476224539454000
616,0,616,32161070105,1783476224540481000
616,1,614,32160357785,1783476224542669000
616,2,611,32159751201,1783476224541632000
616,3,608,32158956913,1783476224543755000
617,0,617,32193087785,1783476224544773000
617,1,615,32192341625,1783476224546880000
617,2,612,32191698009,1783476224545844000
617,3,609,32190957657,1783476224547940000
618,0,618,32229071881,1783476224549003000
618,1,616,32228357849,1783476224550463000
618,2,613,32223718137,1783476224549727000
618,3,610,32222963753,1783476224551476000
619,0,619,32329086529,1783476224737212000
619,1,617,32328342497,1783476224738278000
619,2,614,32323713497,1783476224739290000
619,3,611,32322955337,1783476224740384000
620,0,620,32361099849,1783476224741425000
620,1,618,32360348945,1783476224742897000
620,2,615,32359722977,1783476224743743000
620,3,612,32358967073,1783476224744864000
621,0,621,32393084944,1783476224745841000
621,1,619,32392373265,1783476224746897000
621,2,616,32391705913,1783476224747953000
621,3,613,32390965849,1783476224749018000
622,0,622,32429075169,1783476224749961000
622,1,620,32428347817,1783476224750877000
622,2,617,32427721297,1783476224751591000
622,3,614,32426964977,1783476224752568000
623,0,623,32529076073,1783476224938844000
623,1,621,32528365105,1783476224937812000
623,2,618,32527739401,1783476224939895000
623,3,615,32526956593,1783476224941043000
624,0,624,32561106977,1783476224943182000
624,1,622,32560362785,1783476224942009000
624,2,619,32559717785,1783476224944115000
624,3,616,32558988721,1783476224945183000
625,0,625,32593101977,1783476224949484000
625,1,623,32592370073,1783476224946283000
625,2,620,32591726913,1783476224948424000
625,3,617,32590971561,1783476224950523000
626,0,626,32629081753,1783476224954578000
626,1,624,32628367913,1783476224951589000
626,2,621,32627742137,1783476224952583000
626,3,618,32626955169,1783476224954460000
627,0,627,32729096073,1783476225138477000
627,1,625,32728389169,1783476225139499000
627,2,622,32727760849,1783476225140557000
627,3,619,32726961785,1783476225141617000
628,0,628,32761108657,1783476225142660000
628,1,626,32760411945,1783476225143718000
628,2,623,32759750753,1783476225144768000
628,3,620,32758966721,1783476225145827000
629,0,629,32797092073,1783476225146873000
629,1,627,32796390945,1783476225147929000
629,2,624,32791738009,1783476225149020000
629,3,621,32790997945,1783476225150145000
630,0,630,32829089009,1783476225150789000
630,1,628,32828358753,1783476225151514000
630,2,625,32827732881,1783476225152541000
630,3,622,32826959497,1783476225154041000
631,0,631,32929100657,1783476225341310000
631,1,629,32928356041,1783476225340251000
631,2,626,32927727009,1783476225339220000
631,3,623,32926951785,1783476225342359000
632,0,632,32961093105,1783476225345516000
632,1,630,32960374401,1783476225344462000
632,2,627,32959722265,1783476225343443000
632,3,624,32958988265,1783476225346551000
633,0,633,32997077137,1783476225349738000
633,1,631,32996373105,1783476225348684000
633,2,628,32995778105,1783476225347636000
633,3,625,32995016585,1783476225350765000
634,0,634,33029110977,1783476225353344000
634,1,632,33028367041,1783476225352597000
634,2,629,33027721848,1783476225351751000
634,3,626,33026969361,1783476225353988000
635,0,635,33129107233,1783476225541191000
635,1,633,33128363137,1783476225542248000
635,2,630,33127721201,1783476225540158000
635,3,627,33126972201,1783476225543376000
636,0,636,33161115977,1783476225545406000
636,1,634,33160390137,1783476225546456000
636,2,631,33159754913,1783476225544366000
636,3,628,33158999913,1783476225547619000
637,0,637,33197097137,1783476225549677000
637,1,635,33196385137,1783476225550723000
637,2,632,33195758073,1783476225548630000
637,3,629,33194974497,1783476225551760000
638,0,638,33229115073,1783476225553398000
638,1,636,33228370105,1783476225554518000
638,2,633,33227725137,1783476225552636000
638,3,630,33226988137,1783476225555302000
639,0,639,33329145233,1783476225743092000
639,1,637,33328415297,1783476225742038000
639,2,634,33327773073,1783476225741001000
639,3,631,33326991977,1783476225744165000
640,0,640,33365104009,1783476225747300000
640,1,638,33364391137,1783476225746257000
640,2,635,33359748785,1783476225745200000
640,3,632,33358994817,1783476225748357000
641,0,641,33397104009,1783476225751511000
641,1,639,33396361105,1783476225750462000
641,2,636,33395747009,1783476225749413000
641,3,633,33394981233,1783476225752531000
642,0,642,33429120233,1783476225755096000
642,1,640,33428383137,1783476225754233000
642,2,637,33427743817,1783476225753510000
642,3,634,33427029553,1783476225755775000
643,0,643,33529109201,1783476225941739000
643,1,641,33528374105,1783476225943826000
643,2,638,33527733849,1783476225942802000
643,3,635,33526987593,1783476225944874000
644,0,644,33565111881,1783476225946282000
644,1,642,33564385009,1783476225948372000
644,2,639,33563776137,1783476225947332000
644,3,636,33563039233,1783476225949425000
645,0,645,33597137945,1783476225950473000
645,1,643,33596385913,1783476225952591000
645,2,640,33595764753,1783476225951539000
645,3,637,33595003137,1783476225953624000
646,0,646,33629115233,1783476225954335000
646,1,644,33628386425,1783476225955853000
646,2,641,33627759593,1783476225955112000
646,3,638,33627025201,1783476225956622000
647,0,647,33729111849,1783476226142396000
647,1,645,33728394785,1783476226145527000
647,2,642,33727750625,1783476226143467000
647,3,639,33727001593,1783476226144460000
648,0,648,33765133329,1783476226146591000
648,1,646,33764403817,1783476226149745000
648,2,643,33763780977,1783476226147626000
648,3,640,33762994521,1783476226148675000
649,0,649,33797146817,1783476226150794000
649,1,647,33796404041,1783476226153939000
649,2,644,33795765169,1783476226151841000
649,3,641,33795033617,1783476226152897000
650,0,650,33833117913,1783476226154883000
650,1,648,33828418073,1783476226157198000
650,2,645,33827790849,1783476226155846000
650,3,642,33827061169,1783476226156541000
651,0,651,33933126369,1783476226344180000
651,1,649,33932426137,1783476226343150000
651,2,646,33927771465,1783476226346283000
651,3,643,33927016689,1783476226345232000
652,0,652,33965117009,1783476226348387000
652,1,650,33964390753,1783476226347333000
652,2,647,33963760881,1783476226350514000
652,3,644,33962995105,1783476226349439000
653,0,653,33997122073,1783476226352602000
653,1,651,33996396105,1783476226351543000
653,2,648,33995755977,1783476226354631000
653,3,645,33995030817,1783476226353647000
654,0,654,34033119881,1783476226356308000
654,1,652,34032407073,1783476226355595000
654,2,649,34027774073,1783476226358077000
654,3,646,34027014297,1783476226357079000
655,0,655,34133160105,1783476226545236000
655,1,653,34132422233,1783476226544198000
655,2,650,34131865817,1783476226546283000
655,3,647,34131042944,1783476226547332000
656,0,656,34165154977,1783476226549424000
656,1,654,34164414009,1783476226548367000
656,2,651,34163761009,1783476226550484000
656,3,648,34163040977,1783476226551549000
657,0,657,34197133137,1783476226553647000
657,1,655,34196402881,1783476226552597000
657,2,652,34195764944,1783476226554701000
657,3,649,34195045009,1783476226555761000
658,0,658,34233130009,1783476226557681000
658,1,656,34232414977,1783476226556719000
658,2,653,34231789009,1783476226558409000
658,3,650,34231029329,1783476226559174000
659,0,659,34333146913,1783476226745028000
659,1,657,34332399689,1783476226747123000
659,2,654,34331766657,1783476226746055000
659,3,651,34330994337,1783476226748241000
660,0,660,34365150785,1783476226749209000
660,1,658,34364410073,1783476226751320000
660,2,655,34363773201,1783476226750271000
660,3,652,34363057721,1783476226752371000
661,0,661,34397140201,1783476226753426000
661,1,659,34396422817,1783476226755505000
661,2,656,34395781073,1783476226754496000
661,3,653,34395033073,1783476226756510000
662,0,662,34433140169,1783476226757501000
662,1,660,34432409073,1783476226758964000
662,2,657,34431781009,1783476226758292000
662,3,654,34431017913,1783476226759686000
663,0,663,34533163201,1783476226946689000
663,1,661,34532422009,1783476226947745000
663,2,658,34531792073,1783476226945657000
663,3,655,34531001593,1783476226948790000
664,0,664,34565138297,1783476226950908000
664,1,662,34564426009,1783476226951989000
664,2,659,34563782977,1783476226949839000
664,3,656,34563038489,1783476226953019000
665,0,665,34601138105,1783476226955127000
665,1,663,34600424465,1783476226956170000
665,2,660,34595789137,1783476226954075000
665,3,657,34595042137,1783476226957185000
666,0,666,34633138009,1783476226958940000
666,1,664,34632408529,1783476226959705000
666,2,661,34631781137,1783476226958131000
666,3,658,34631009913,1783476226960601000
667,0,667,34733168849,1783476227146416000
667,1,665,34732414273,1783476227149549000
667,2,662,34731770689,1783476227148509000
667,3,659,34731036305,1783476227147486000
668,0,668,34765144881,1783476227150662000
668,1,666,34764421913,1783476227153830000
668,2,663,34763775913,1783476227152772000
668,3,660,34763058233,1783476227151731000
669,0,669,34801131977,1783476227154880000
669,1,667,34800415105,1783476227157993000
669,2,664,34799796817,1783476227156979000
669,3,661,34799051561,1783476227155936000
670,0,670,34833159201,1783476227158909000
670,1,668,34832414393,1783476227161387000
670,2,665,34831769913,1783476227160518000
670,3,662,34831016401,1783476227159623000
671,0,671,34933156593,1783476227348343000
671,1,669,34932411977,1783476227349485000
671,2,666,34931765881,1783476227347184000
671,3,663,34931007497,1783476227350338000
672,0,672,34969149753,1783476227352729000
672,1,670,34964437265,1783476227353892000
672,2,667,34963798913,1783476227351445000
672,3,664,34963038137,1783476227354892000
673,0,673,35001147585,1783476227356928000
673,1,671,35000433585,1783476227358163000
673,2,668,34999808201,1783476227355918000
673,3,665,34999021041,1783476227359181000
674,0,674,35033165329,1783476227360817000
674,1,672,35032436105,1783476227361698000
674,2,669,35031790945,1783476227359922000
674,3,666,35031035945,1783476227362823000
675,0,675,35133150105,1783476227550361000
675,1,673,35132421913,1783476227548264000
675,2,670,35131785169,1783476227549303000
675,3,667,35131052561,1783476227551371000
676,0,676,35169153169,1783476227554606000
676,1,674,35168441273,1783476227552438000
676,2,671,35163799785,1783476227553536000
676,3,668,35163045233,1783476227555660000
677,0,677,35201170105,1783476227559008000
677,1,675,35200449785,1783476227556728000
677,2,672,35199822657,1783476227557863000
677,3,669,35199066041,1783476227560076000
678,0,678,35233156041,1783476227562638000
678,1,676,35232428233,1783476227561126000
678,2,673,35231799073,1783476227561914000
678,3,670,35231081361,1783476227563375000
679,0,679,35333166393,1783476227749074000
679,1,677,35332440105,1783476227750101000
679,2,674,35331781817,1783476227751157000
679,3,671,35331055817,1783476227752229000
680,0,680,35369147041,1783476227753261000
680,1,678,35368432073,1783476227754312000
680,2,675,35367810913,1783476227755367000
680,3,672,35367087201,1783476227756419000
681,0,681,35401194977,1783476227757471000
681,1,679,35400434977,1783476227758525000
681,2,676,35399799105,1783476227759588000
681,3,673,35399051009,1783476227760606000
682,0,682,35433185849,1783476227761631000
682,1,680,35432462977,1783476227762588000
682,2,677,35431831945,1783476227763362000
682,3,674,35431075649,1783476227764025000
683,0,683,35537169817,1783476227950821000
683,1,681,35532449529,1783476227951875000
683,2,678,35531801137,1783476227949785000
683,3,675,35531039241,1783476227952926000
684,0,684,35569165233,1783476227955027000
684,1,682,35568451913,1783476227956085000
684,2,679,35567825105,1783476227953978000
684,3,676,35567067913,1783476227957156000
685,0,685,35601181945,1783476227959269000
685,1,683,35600452945,1783476227960291000
685,2,680,35599809721,1783476227958196000
685,3,677,35599055625,1783476227961322000
686,0,686,35637192169,1783476227963224000
686,1,684,35636476105,1783476227963895000
686,2,681,35631816073,1783476227962303000
686,3,678,35631062201,1783476227964563000
687,0,687,35737171201,1783476228150444000
687,1,685,35736449041,1783476228152529000
687,2,682,35731809977,1783476228151480000
687,3,679,35731048721,1783476228153586000
688,0,688,35769169721,1783476228154648000
688,1,686,35768443201,1783476228156766000
688,2,683,35767815105,1783476228155712000
688,3,680,35767046849,1783476228157818000
689,0,689,35801171913,1783476228158871000
689,1,687,35800435881,1783476228160981000
689,2,684,35799791785,1783476228159947000
689,3,681,35799047945,1783476228162027000
690,0,690,35837170881,1783476228162956000
690,1,688,35836439849,1783476228164475000
690,2,685,35831817137,1783476228163703000
690,3,682,35835057977,1783476228165508000
691,0,691,35937210073,1783476228359834000
691,1,689,35936442105,1783476228362001000
691,2,686,35935817977,1783476228362972000
691,3,683,35935064041,1783476228360858000
692,0,692,35969191689,1783476228364139000
692,1,690,35968445529,1783476228366246000
692,2,687,35967803169,1783476228367245000
692,3,684,35967054137,1783476228365135000
693,0,693,36001175913,1783476228368434000
693,1,691,36000462945,1783476228370533000
693,2,688,35999819913,1783476228371614000
693,3,685,35999066360,1783476228369482000
694,0,694,36037176169,1783476228372588000
694,1,692,36036463361,1783476228374348000
694,2,689,36035837041,1783476228375259000
694,3,686,36035051913,1783476228373542000
695,0,695,36137194977,1783476228404482000
695,1,693,36136528945,1783476228403463000
695,2,690,36135874849,1783476228402381000
695,3,687,36135085273,1783476228401384000
696,0,696,36169198137,1783476228439124000
696,1,694,36168454785,1783476228434475000
696,2,691,36167845849,1783476228438069000
696,3,688,36167081105,1783476228437017000
697,0,697,36205182073,1783476228472301000
697,1,695,36200483009,1783476228471262000
697,2,692,36199850945,1783476228470194000
697,3,689,36199084721,1783476228469190000
698,0,698,36237181913,1783476228504180000
698,1,696,36236469849,1783476228503143000
698,2,693,36235843201,1783476228502071000
698,3,690,36235075201,1783476228501038000
699,0,699,36269201169,1783476228675755000
699,1,697,36268454753,1783476228676739000
699,2,694,36267831265,1783476228674588000
699,3,691,36267098137,1783476228673563000
700,0,700,36305184073,1783476228679991000
700,1,698,36304456465,1783476228681036000
700,2,695,36299830009,1783476228678927000
700,3,692,36299074265,1783476228677895000
701,0,701,36337185169,1783476228684201000
701,1,699,36336459913,1783476228685250000
701,2,696,36335835137,1783476228683151000
701,3,693,36335102105,1783476228682090000
702,0,702,36369181041,1783476228687844000
702,1,700,36368457977,1783476228688669000
702,2,697,36367808913,1783476228687060000
702,3,694,36367077041,1783476228686209000
703,0,703,36405185945,1783476228876332000
703,1,701,36468462073,1783476228875276000
703,2,698,36467819913,1783476228874250000
703,3,695,36467095785,1783476228877370000
704,0,704,36469190913,1783476228880534000
704,1,702,36504459881,1783476228879485000
704,2,699,36503844977,1783476228878427000
704,3,696,36503109041,1783476228881586000
705,0,705,36505201041,1783476228884779000
705,1,703,36536463073,1783476228883699000
705,2,700,36535814913,1783476228882640000
705,3,697,36535063105,1783476228885796000
706,0,706,36537205297,1783476228888152000
706,1,704,36568504753,1783476228887465000
706,2,701,36567864945,1783476228886800000
706,3,698,36567103265,1783476228889204000
707,0,707,36669195561,1783476229085430000
707,1,705,36604478329,1783476229083332000
707,2,702,36667839529,1783476229084371000
707,3,699,36667086105,1783476229086473000
708,0,708,36705198945,1783476229089646000
708,1,706,36668496689,1783476229087525000
708,2,703,36703855041,1783476229088582000
708,3,700,36703080817,1783476229090685000
709,0,709,36737223105,1783476229093853000
709,1,707,36704468009,1783476229091746000
709,2,704,36735832913,1783476229092806000
709,3,701,36735113137,1783476229094873000
710,0,710,36773196913,1783476229097493000
710,1,708,36736477041,1783476229095840000
710,2,705,36767842009,1783476229096599000
710,3,702,36767087105,1783476229098328000
711,0,711,36873213201,1783476229140494000
711,1,709,36872527201,1783476229139486000
711,2,706,36867871105,1783476229138380000
711,3,703,36867115721,1783476229137339000
712,0,712,36905201073,1783476229172106000
712,1,710,36904477265,1783476229171059000
712,2,707,36903858361,1783476229170068000
712,3,704,36903123945,1783476229168961000
713,0,713,36937207233,1783476229208109000
713,1,711,36936488753,1783476229207037000
713,2,708,36935834785,1783476229205990000
713,3,705,36935116009,1783476229204949000
714,0,714,36973203817,1783476229240312000
714,1,712,36972474201,1783476229239200000
714,2,709,36967855105,1783476229238140000
714,3,706,36967098009,1783476229237113000
715,0,715,37005222401,1783476229412398000
715,1,713,37004477393,1783476229411322000
715,2,710,37003885137,1783476229413438000
715,3,707,37003132009,1783476229410290000
716,0,716,37037208529,1783476229416586000
716,1,714,37036482009,1783476229415538000
716,2,711,37035882329,1783476229417649000
716,3,708,37035114169,1783476229414474000
717,0,717,37073206657,1783476229420803000
717,1,715,37072494041,1783476229419754000
717,2,712,37071855105,1783476229421756000
717,3,709,37071323009,1783476229418666000
718,0,718,37105220753,1783476229424147000
718,1,716,37104477233,1783476229423468000
718,2,713,37103831169,1783476229425168000
718,3,710,37103079361,1783476229422676000
719,0,719,37205225849,1783476229612084000
719,1,717,37204474105,1783476229611043000
719,2,714,37203829977,1783476229614178000
719,3,711,37203070881,1783476229613139000
720,0,720,37237215881,1783476229616290000
720,1,718,37236502721,1783476229615235000
720,2,715,37235885041,1783476229618441000
720,3,712,37235118041,1783476229617347000
721,0,721,37273221105,1783476229620513000
721,1,719,37272494169,1783476229619488000
721,2,716,37271868233,1783476229622601000
721,3,713,37271083105,1783476229621565000
722,0,722,37305227489,1783476229624436000
722,1,720,37304483329,1783476229623567000
722,2,717,37303837169,1783476229625942000
722,3,714,37303098625,1783476229625178000
723,0,723,37405227265,1783476229812612000
723,1,721,37404498553,1783476229811568000
723,2,718,37403854233,1783476229813671000
723,3,715,37403093721,1783476229814739000
724,0,724,37441280137,1783476229816831000
724,1,722,37440612201,1783476229815774000
724,2,719,37435880913,1783476229817891000
724,3,716,37435143521,1783476229818932000
725,0,725,37473221913,1783476229821042000
725,1,723,37472492585,1783476229819982000
725,2,720,37471870553,1783476229822112000
725,3,717,37471105553,1783476229823204000
726,0,726,37505234361,1783476229824973000
726,1,724,37504504585,1783476229824094000
726,2,721,37503864593,1783476229826502000
726,3,718,37503122201,1783476229827221000
727,0,727,37605230233,1783476230012360000
727,1,725,37604502201,1783476230013398000
727,2,722,37603855137,1783476230014454000
727,3,719,37603114657,1783476230015506000
728,0,728,37641221849,1783476230016705000
728,1,726,37640516137,1783476230017758000
728,2,723,37639864881,1783476230018820000
728,3,720,37639141041,1783476230019871000
729,0,729,37673237689,1783476230020921000
729,1,727,37672496753,1783476230021975000
729,2,724,37671857009,1783476230023011000
729,3,721,37671095849,1783476230024089000
730,0,730,37705219073,1783476230024852000
730,1,728,37704520585,1783476230025599000
730,2,725,37703864041,1783476230026520000
730,3,722,37703108912,1783476230027548000
731,0,731,37805219201,1783476230214259000
731,1,729,37804506657,1783476230213303000
731,2,726,37803866041,1783476230216486000
731,3,723,37803103145,1783476230215928000
732,0,732,37841282977,1783476230219089000
732,1,730,37840514785,1783476230217982000
732,2,727,37839888657,1783476230221144000
732,3,724,37839090105,1783476230220087000
733,0,733,37873228137,1783476230223586000
733,1,731,37872492977,1783476230222196000
733,2,728,37871847945,1783476230225654000
733,3,725,37871102753,1783476230224625000
734,0,734,37909236817,1783476230227688000
734,1,732,37904513529,1783476230226697000
734,2,729,37903874329,1783476230229535000
734,3,726,37903120465,1783476230228913000
735,0,735,38009230041,1783476230414971000
735,1,733,38008535169,1783476230417103000
735,2,730,38003876041,1783476230413951000
735,3,727,38003133145,1783476230416083000
736,0,736,38041247977,1783476230419163000
736,1,734,38040525849,1783476230421306000
736,2,731,38039918073,1783476230418129000
736,3,728,38039147009,1783476230420239000
737,0,737,38073234585,1783476230423428000
737,1,735,38072510233,1783476230425476000
737,2,732,38071888137,1783476230422343000
737,3,729,38071120169,1783476230424431000
738,0,738,38109232945,1783476230427094000
738,1,736,38108535169,1783476230428957000
738,2,733,38103879073,1783476230426407000
738,3,730,38103109393,1783476230427784000
739,0,739,38209235529,1783476230615621000
739,1,737,38208522593,1783476230616674000
739,2,734,38207886137,1783476230614582000
739,3,731,38207124113,1783476230617720000
740,0,740,38241256977,1783476230619917000
740,1,738,38240498785,1783476230620919000
740,2,735,38239882041,1783476230618795000
740,3,732,38239160265,1783476230621960000
741,0,741,38273240977,1783476230625435000
741,1,739,38272521361,1783476230624340000
741,2,736,38271872137,1783476230623011000
741,3,733,38271139201,1783476230626270000
742,0,742,38309225753,1783476230628679000
742,1,740,38308510169,1783476230627945000
742,2,737,38307898169,1783476230627175000
742,3,734,38307126393,1783476230629447000
743,0,743,38409241169,1783476230815451000
743,1,741,38408527169,1783476230816435000
743,2,738,38407902369,1783476230817492000
743,3,735,38407116049,1783476230818679000
744,0,744,38441269753,1783476230819804000
744,1,742,38440529073,1783476230820846000
744,2,739,38439881297,1783476230821943000
744,3,736,38439165657,1783476230822964000
745,0,745,38477243881,1783476230824044000
745,1,743,38472531169,1783476230825085000
745,2,740,38471889169,1783476230826121000
745,3,737,38471132849,1783476230827174000
746,0,746,38509246009,1783476230828191000
746,1,744,38508534817,1783476230829183000
746,2,741,38507908361,1783476230830097000
746,3,738,38507125105,1783476230830806000
747,0,747,38609248137,1783476231017145000
747,1,745,38608502073,1783476231018202000
747,2,742,38607889977,1783476231016109000
747,3,739,38607123009,1783476231019249000
748,0,748,38641248297,1783476231021370000
748,1,746,38640518297,1783476231022420000
748,2,743,38639892817,1783476231020389000
748,3,740,38639139105,1783476231023479000
749,0,749,38677249073,1783476231025942000
749,1,747,38676535233,1783476231026976000
749,2,744,38671895913,1783476231024974000
749,3,741,38671139137,1783476231028030000
750,0,750,38709273465,1783476231029741000
750,1,748,38708520297,1783476231030612000
750,2,745,38708012465,1783476231028977000
750,3,742,38707173393,1783476231031497000
751,0,751,38809270689,1783476231216929000
751,1,749,38808501105,1783476231217985000
751,2,746,38807871881,1783476231220072000
751,3,743,38807115073,1783476231219073000
752,0,752,38841256977,1783476231221187000
752,1,750,38840531145,1783476231222227000
752,2,747,38839890977,1783476231224336000
752,3,744,38839160657,1783476231223285000
753,0,753,38877242169,1783476231225391000
753,1,751,38876539105,1783476231226435000
753,2,748,38875914073,1783476231228534000
753,3,745,38875142041,1783476231227491000
754,0,754,38909272977,1783476231229490000
754,1,752,38908526297,1783476231230285000
754,2,749,38907882105,1783476231231883000
754,3,746,38907127105,1783476231230983000
755,0,755,39009279489,1783476231417635000
755,1,753,39008522753,1783476231419732000
755,2,750,39007878137,1783476231418675000
755,3,747,39007119169,1783476231420771000
756,0,756,39045268881,1783476231421886000
756,1,754,39040563169,1783476231424013000
756,2,751,39039912041,1783476231422954000
756,3,748,39039151393,1783476231425074000
757,0,757,39077262137,1783476231426115000
757,1,755,39076545945,1783476231428227000
757,2,752,39075919105,1783476231427169000
757,3,749,39075134593,1783476231429162000
758,0,758,39109277105,1783476231430128000
758,1,756,39108547105,1783476231431697000
758,2,753,39107902137,1783476231430822000
758,3,750,39107147169,1783476231432324000
759,0,759,39209271233,1783476231618398000
759,1,757,39208552105,1783476231620487000
759,2,754,39207883657,1783476231619454000
759,3,751,39207137985,1783476231621540000
760,0,760,39245265945,1783476231622582000
760,1,758,39244580945,1783476231624731000
760,2,755,39239911073,1783476231623763000
760,3,752,39239154489,1783476231626116000
761,0,761,39277265913,1783476231627989000
761,1,759,39276523785,1783476231629019000
761,2,756,39275910137,1783476231630107000
761,3,753,39275241753,1783476231631146000
762,0,762,39309266785,1783476231632141000
762,1,760,39308537265,1783476231633067000
762,2,757,39307894297,1783476231634186000
762,3,754,39307160137,1783476231634893000
763,0,763,39409270881,1783476231819148000
763,1,761,39408540753,1783476231820184000
763,2,758,39407898401,1783476231821252000
763,3,755,39407159921,1783476231822317000
764,0,764,39445271945,1783476231823355000
764,1,762,39444558105,1783476231824431000
764,2,759,39443941393,1783476231825469000
764,3,756,39443186977,1783476231826519000
765,0,765,39477286105,1783476231827576000
765,1,763,39476541625,1783476231828632000
765,2,760,39475896817,1783476231829684000
765,3,757,39475146009,1783476231830733000
766,0,766,39509338233,1783476231831697000
766,1,764,39508592625,1783476231832603000
766,2,761,39507958137,1783476231833332000
766,3,758,39507223105,1783476231834280000
767,0,767,39613271073,1783476232023021000
767,1,765,39544544625,1783476232021051000
767,2,762,39607931073,1783476232022000000
767,3,759,39607166785,1783476232019886000
768,0,768,39645276489,1783476232027640000
768,1,766,39608555785,1783476232025542000
768,2,763,39643939297,1783476232026678000
768,3,760,39643150945,1783476232024081000
769,0,769,39677299489,1783476232031838000
769,1,767,39644561625,1783476232029752000
769,2,764,39675931265,1783476232030833000
769,3,761,39675194913,1783476232028693000
770,0,770,39713378785,1783476232035548000
770,1,768,39676572785,1783476232033351000
770,2,765,39707928881,1783476232034466000
770,3,762,39707195881,1783476232032563000
771,0,771,39813279721,1783476232230105000
771,1,769,39812582041,1783476232231157000
771,2,766,39807918913,1783476232229256000
771,3,763,39807162465,1783476232232205000
772,0,772,39845302169,1783476232234674000
772,1,770,39844552137,1783476232235785000
772,2,767,39843929009,1783476232233629000
772,3,764,39843212425,1783476232236821000
773,0,773,39877282233,1783476232238889000
773,1,771,39876569041,1783476232239940000
773,2,768,39875909041,1783476232237959000
773,3,765,39875175105,1783476232240975000
774,0,774,39913284105,1783476232242905000
774,1,772,39912568137,1783476232243595000
774,2,769,39907932073,1783476232241972000
774,3,766,39911173457,1783476232244250000
775,0,775,40013287657,1783476232279455000
775,1,773,39944537945,1783476232254192000
775,2,770,40011935105,1783476232278252000
775,3,767,40011173849,1783476232277262000
776,0,776,40045302913,1783476232311541000
776,1,774,40012573073,1783476232281100000
776,2,771,40043929201,1783476232315276000
776,3,768,40043213849,1783476232313180000
777,0,777,40077309201,1783476232347248000
777,1,775,40044564233,1783476232314234000
777,2,772,40075949169,1783476232346054000
777,3,769,40075214361,1783476232345011000
778,0,778,40113305137,1783476232379616000
778,1,776,40076593073,1783476232348874000
778,2,773,40111949009,1783476232378589000
778,3,770,40111172753,1783476232377468000
779,0,779,40145315137,1783476232558948000
779,1,777,40112558945,1783476232560002000
779,2,774,40143925913,1783476232561060000
779,3,771,40143200945,1783476232557918000
780,0,780,40181298977,1783476232563328000
780,1,778,40144582721,1783476232564764000
780,2,775,40175951689,1783476232565290000
780,3,772,40175183785,1783476232562114000
781,0,781,40213291233,1783476232567583000
781,1,779,40176594169,1783476232568975000
781,2,776,40211949497,1783476232570014000
781,3,773,40211162785,1783476232566344000
782,0,782,40245308945,1783476232571935000
782,1,780,40212559497,1783476232572685000
782,2,777,40243935233,1783476232573433000
782,3,774,40243178657,1783476232571086000
783,0,783,40345304113,1783476232611905000
783,1,781,40244577593,1783476232583506000
783,2,778,40343918849,1783476232614117000
783,3,775,40343185593,1783476232613049000
784,0,784,40381305169,1783476232647504000
784,1,782,40344590073,1783476232624337000
784,2,779,40375942849,1783476232646454000
784,3,776,40375185785,1783476232645399000
785,0,785,40413298105,1783476232679657000
785,1,783,40380608137,1783476232657524000
785,2,780,40411950721,1783476232678475000
785,3,777,40411179881,1783476232677435000
786,0,786,40445297689,1783476232711696000
786,1,784,40412558105,1783476232689970000
786,2,781,40443928945,1783476232714229000
786,3,778,40443197465,1783476232712926000
787,0,787,40481297753,1783476232898699000
787,1,785,40444587721,1783476232900793000
787,2,782,40475945881,1783476232899735000
787,3,779,40479211817,1783476232901877000
788,0,788,40513310849,1783476232902960000
788,1,786,40480587041,1783476232905050000
788,2,783,40511931233,1783476232903999000
788,3,780,40511184073,1783476232906100000
789,0,789,40545383625,1783476232907164000
789,1,787,40512618233,1783476232909260000
789,2,784,40544015785,1783476232908213000
789,3,781,40543192329,1783476232910314000
790,0,790,40581302369,1783476232911261000
790,1,788,40544634137,1783476232912885000
790,2,785,40579953657,1783476232912209000
790,3,782,40579209169,1783476232913767000
791,0,791,40681304881,1783476232948595000
791,1,789,40680569169,1783476232947537000
791,2,786,40679959265,1783476232946490000
791,3,783,40679174201,1783476232945452000
792,0,792,40713324137,1783476232979745000
792,1,790,40712581169,1783476232978671000
792,2,787,40711961073,1783476232982078000
792,3,784,40711238169,1783476232981022000
793,0,793,40745283985,1783476233016358000
793,1,791,40744634169,1783476233015319000
793,2,788,40743966201,1783476233014249000
793,3,785,40743243201,1783476233013207000
794,0,794,40781311105,1783476233048524000
794,1,792,40780590009,1783476233047492000
794,2,789,40779981105,1783476233046414000
794,3,786,40779236169,1783476233045384000
795,0,795,40813325497,1783476233219515000
795,1,793,40812598041,1783476233218477000
795,2,790,40811959041,1783476233220572000
795,3,787,40811243233,1783476233221712000
796,0,796,40849309201,1783476233223851000
796,1,794,40844604041,1783476233222798000
796,2,791,40843941137,1783476233224901000
796,3,788,40843222265,1783476233225975000
797,0,797,40881309073,1783476233228074000
797,1,795,40880572073,1783476233227019000
797,2,792,40879970265,1783476233229118000
797,3,789,40879185689,1783476233230081000
798,0,798,40913326073,1783476233231727000
798,1,796,40912597169,1783476233231050000
798,2,793,40911937201,1783476233232598000
798,3,790,40911196457,1783476233233266000
799,0,799,41013313433,1783476233420238000
799,1,797,41012601297,1783476233421324000
799,2,794,41011949785,1783476233419196000
799,3,791,41011200561,1783476233422346000
800,0,800,41049324169,1783476233424453000
800,1,798,41048607881,1783476233425503000
800,2,795,41043960169,1783476233423396000
800,3,792,41047233009,1783476233426563000
801,0,801,41081332233,1783476233428674000
801,1,799,41080570425,1783476233429714000
801,2,796,41079940105,1783476233427614000
801,3,793,41079189201,1783476233430764000
802,0,802,41113316201,1783476233432422000
802,1,800,41112602073,1783476233433162000
802,2,797,41111942721,1783476233431656000
802,3,794,41111205201,1783476233434283000
803,0,803,41213319169,1783476233623227000
803,1,801,41212613785,1783476233621115000
803,2,798,41211955849,1783476233622188000
803,3,795,41211193849,1783476233620083000
804,0,804,41249336201,1783476233627498000
804,1,802,41248608105,1783476233625350000
804,2,799,41247987529,1783476233626386000
804,3,796,41247243105,1783476233624303000
805,0,805,41281335561,1783476233631628000
805,1,803,41280591785,1783476233629557000
805,2,800,41279946265,1783476233630610000
805,3,797,41279192169,1783476233628509000
806,0,806,41313323137,1783476233634851000
806,1,804,41312632137,1783476233633343000
806,2,801,41312015881,1783476233634185000
806,3,798,41311213265,1783476233632932000
807,0,807,41417326625,1783476233821837000
807,1,805,41412621233,1783476233820782000
807,2,802,41411970041,1783476233823914000
807,3,799,41411206305,1783476233822862000
808,0,808,41449325977,1783476233826122000
808,1,806,41448599817,1783476233825067000
808,2,803,41447996585,1783476233828232000
808,3,800,41447260169,1783476233827170000
809,0,809,41481342073,1783476233830326000
809,1,807,41480611593,1783476233829290000
809,2,804,41479968137,1783476233832405000
809,3,801,41479212041,1783476233831424000
810,0,810,41517326329,1783476233834051000
810,1,808,41516628977,1783476233833263000
810,2,805,41511973489,1783476233835701000
810,3,802,41511216169,1783476233834903000
811,0,811,41617330329,1783476234021593000
811,1,809,41616632265,1783476234022586000
811,2,806,41611971817,1783476234024682000
811,3,803,41611221529,1783476234023687000
812,0,812,41649347105,1783476234026252000
812,1,810,41648618657,1783476234027298000
812,2,807,41647975689,1783476234029423000
812,3,804,41647253785,1783476234028416000
813,0,813,41681331169,1783476234030462000
813,1,811,41680620137,1783476234031532000
813,2,808,41679959945,1783476234033641000
813,3,805,41679221881,1783476234032604000
814,0,814,41717344073,1783476234034711000
814,1,812,41716622881,1783476234035677000
814,2,809,41715977297,1783476234037476000
814,3,806,41715221945,1783476234036630000
815,0,815,41817341945,1783476234223432000
815,1,813,41816608105,1783476234225524000
815,2,810,41816000361,1783476234222373000
815,3,807,41815201273,1783476234224504000
816,0,816,41849352297,1783476234227627000
816,1,814,41848608073,1783476234229757000
816,2,811,41847965521,1783476234226584000
816,3,808,41847213305,1783476234228707000
817,0,817,41881336393,1783476234231852000
817,1,815,41880623105,1783476234233963000
817,2,812,41879984753,1783476234230851000
817,3,809,41879227593,1783476234232922000
818,0,818,41917337137,1783476234235715000
818,1,816,41916607593,1783476234237450000
818,2,813,41915998137,1783476234234949000
818,3,810,41915214977,1783476234236470000
819,0,819,42017342201,1783476234425152000
819,1,817,42016611137,1783476234426147000
819,2,814,42015993009,1783476234424092000
819,3,811,42015202913,1783476234427269000
820,0,820,42049359681,1783476234429319000
820,1,818,42048633681,1783476234430368000
820,2,815,42047993137,1783476234428292000
820,3,812,42047232753,1783476234431475000
821,0,821,42085343649,1783476234433562000
821,1,819,42084645521,1783476234434613000
821,2,816,42079988721,1783476234432507000
821,3,813,42079230137,1783476234435672000
822,0,822,42117343073,1783476234437347000
822,1,820,42116598169,1783476234438083000
822,2,817,42115984401,1783476234436648000
822,3,814,42115215169,1783476234439164000
823,0,823,42217356105,1783476234626056000
823,1,821,42216627233,1783476234627086000
823,2,818,42215984273,1783476234629177000
823,3,815,42215220753,1783476234628119000
824,0,824,42249358753,1783476234630312000
824,1,822,42248644105,1783476234631369000
824,2,819,42247989849,1783476234633477000
824,3,816,42247270137,1783476234632421000
825,0,825,42285347849,1783476234634525000
825,1,823,42284632913,1783476234635579000
825,2,820,42283990753,1783476234637656000
825,3,817,42283232849,1783476234636628000
826,0,826,42317364041,1783476234638710000
826,1,824,42316620329,1783476234639632000
826,2,821,42315974105,1783476234641076000
826,3,818,42315223201,1783476234640410000
827,0,827,42349350881,1783476234826843000
827,1,825,42416633273,1783476234827902000
827,2,822,42416004169,1783476234825799000
827,3,819,42415389497,1783476234828960000
828,0,828,42417363169,1783476234831080000
828,1,826,42448654137,1783476234832335000
828,2,823,42448003105,1783476234830000000
828,3,820,42447249233,1783476234833201000
829,0,829,42449351849,1783476234835574000
829,1,827,42484643945,1783476234836626000
829,2,824,42484013073,1783476234834535000
829,3,821,42483229201,1783476234837663000
830,0,830,42485370401,1783476234839353000
830,1,828,42516673105,1783476234840259000
830,2,825,42515979465,1783476234838600000
830,3,822,42515246977,1783476234841220000
831,0,831,42617374073,1783476235036058000
831,1,829,42616645945,1783476235037117000
831,2,826,42616018657,1783476235035026000
831,3,823,42615248561,1783476235038171000
832,0,832,42653375041,1783476235040285000
832,1,830,42652661041,1783476235041348000
832,2,827,42648008753,1783476235039224000
832,3,824,42647260233,1783476235042403000
833,0,833,42685383881,1783476235044617000
833,1,831,42684645041,1783476235045568000
833,2,828,42683999753,1783476235043526000
833,3,825,42683230945,1783476235046611000
834,0,834,42717359913,1783476235048528000
834,1,832,42716646849,1783476235049327000
834,2,829,42715987497,1783476235047460000
834,3,826,42715250881,1783476235050212000
835,0,835,42817362561,1783476235088476000
835,1,833,42816647169,1783476235087436000
835,2,830,42815996817,1783476235086371000
835,3,827,42815272689,1783476235085380000
836,0,836,42853354137,1783476235120502000
836,1,834,42852682233,1783476235119453000
836,2,831,42852024041,1783476235118401000
836,3,828,42851319041,1783476235117353000
837,0,837,42885382009,1783476235151764000
837,1,835,42884621657,1783476235150718000
837,2,832,42883999529,1783476235154117000
837,3,829,42883252201,1783476235153053000
838,0,838,42917367041,1783476235188756000
838,1,836,42916675073,1783476235187660000
838,2,833,42916028817,1783476235186598000
838,3,830,42915271137,1783476235185564000
839,0,839,42953355913,1783476235355138000
839,1,837,42952660913,1783476235356176000
839,2,834,42952038881,1783476235357227000
839,3,831,42951291561,1783476235358280000
840,0,840,42985394881,1783476235359328000
840,1,838,42984645881,1783476235360385000
840,2,835,42984022169,1783476235361528000
840,3,832,42983286233,1783476235362512000
841,0,841,43017366657,1783476235363560000
841,1,839,43016670009,1783476235364618000
841,2,836,43016013657,1783476235365779000
841,3,833,43015261169,1783476235366828000
842,0,842,43053369753,1783476235367812000
842,1,840,43052638625,1783476235368710000
842,2,837,43052029073,1783476235369392000
842,3,834,43051245649,1783476235370063000
843,0,843,43153372817,1783476235558049000
843,1,841,43152636137,1783476235557054000
843,2,838,43152024009,1783476235555986000
843,3,835,43151234433,1783476235559101000
844,0,844,43185436585,1783476235562290000
844,1,842,43184729137,1783476235561325000
844,2,839,43184051977,1783476235560172000
844,3,836,43183354329,1783476235563464000
845,0,845,43221390009,1783476235566523000
845,1,843,43220697041,1783476235565495000
845,2,840,43216020657,1783476235564409000
845,3,837,43215262977,1783476235567550000
846,0,846,43253419041,1783476235570068000
846,1,844,43252670233,1783476235569313000
846,2,841,43252014689,1783476235568540000
846,3,838,43251247553,1783476235570804000
847,0,847,43353377297,1783476235756809000
847,1,845,43352631297,1783476235757768000
847,2,842,43352018689,1783476235759875000
847,3,839,43351250849,1783476235758824000
848,0,848,43385380945,1783476235761397000
848,1,846,43384673265,1783476235762431000
848,2,843,43384027105,1783476235764554000
848,3,840,43383305233,1783476235763502000
849,0,849,43421358497,1783476235765598000
849,1,847,43420642105,1783476235766656000
849,2,844,43416020169,1783476235768726000
849,3,841,43419250201,1783476235767710000
850,0,850,43453394881,1783476235769706000
850,1,848,43452635233,1783476235770640000
850,2,845,43452005361,1783476235772518000
850,3,842,43451251753,1783476235771505000
851,0,851,43553418041,1783476235957413000
851,1,849,43552654593,1783476235959557000
851,2,846,43552012945,1783476235958446000
851,3,843,43551257625,1783476235960572000
852,0,852,43585414104,1783476235961767000
852,1,850,43584703529,1783476235963882000
852,2,847,43584047881,1783476235962812000
852,3,844,43583282817,1783476235964985000
853,0,853,43621384137,1783476235966122000
853,1,851,43620652337,1783476235968411000
853,2,848,43620043297,1783476235967241000
853,3,845,43619259881,1783476235970130000
854,0,854,43653400977,1783476235970856000
854,1,852,43652655881,1783476235972652000
854,2,849,43652010233,1783476235971661000
854,3,846,43651258072,1783476235973913000
855,0,855,43753428561,1783476236159319000
855,1,853,43752687265,1783476236161449000
855,2,850,43752044689,1783476236160376000
855,3,847,43751312625,1783476236158290000
856,0,856,43789393105,1783476236163547000
856,1,854,43788693305,1783476236165698000
856,2,851,43784046137,1783476236164618000
856,3,848,43783290105,1783476236162495000
857,0,857,43821388689,1783476236167839000
857,1,855,43820660753,1783476236169894000
857,2,852,43820031913,1783476236168881000
857,3,849,43819262169,1783476236166740000
858,0,858,43853390817,1783476236171821000
858,1,856,43852678361,1783476236173572000
858,2,853,43852018265,1783476236172926000
858,3,850,43851278009,1783476236170884000
859,0,859,43953394945,1783476236361027000
859,1,857,43952680689,1783476236359972000
859,2,854,43952021945,1783476236359000000
859,3,851,43951269753,1783476236362073000
860,0,860,43989413009,1783476236365511000
860,1,858,43988683105,1783476236364517000
860,2,855,43984059233,1783476236363406000
860,3,852,43987326913,1783476236366556000
861,0,861,44021418073,1783476236371347000
861,1,859,44020649137,1783476236368644000
861,2,856,44020020529,1783476236367584000
861,3,853,44019270169,1783476236370356000
862,0,862,44053403073,1783476236375153000
862,1,860,44052683105,1783476236373249000
862,2,857,44052026105,1783476236372284000
862,3,854,44051284585,1783476236374168000
863,0,863,44153406009,1783476236559649000
863,1,861,44152701785,1783476236561774000
863,2,858,44152043881,1783476236560686000
863,3,855,44151290073,1783476236562859000
864,0,864,44189434105,1783476236563857000
864,1,862,44188681849,1783476236565984000
864,2,859,44188078881,1783476236564907000
864,3,856,44187317785,1783476236567016000
865,0,865,44221424945,1783476236568071000
865,1,863,44220691169,1783476236570178000
865,2,860,44220031553,1783476236569128000
865,3,857,44219280105,1783476236571224000
866,0,866,44257412105,1783476236572178000
866,1,864,44252690073,1783476236573684000
866,2,861,44252049073,1783476236572917000
866,3,858,44251302137,1783476236574676000
867,0,867,44357410040,1783476236763783000
867,1,865,44356706009,1783476236761683000
867,2,862,44352042785,1783476236762751000
867,3,859,44351280145,1783476236760667000
868,0,868,44389419105,1783476236768005000
868,1,866,44388682657,1783476236765888000
868,2,863,44388086297,1783476236766961000
868,3,860,44387320753,1783476236764826000
869,0,869,44421411977,1783476236772214000
869,1,867,44420692041,1783476236770115000
869,2,864,44420033585,1783476236771160000
869,3,861,44419294721,1783476236769047000
870,0,870,44457406793,1783476236775814000
870,1,868,44456696201,1783476236774127000
870,2,865,44452051105,1783476236774995000
870,3,862,44451296945,1783476236773162000
871,0,871,44557420201,1783476236961231000
871,1,869,44556691169,1783476236962274000
871,2,866,44552049169,1783476236964393000
871,3,863,44555284497,1783476236963422000
872,0,872,44589456881,1783476236965473000
872,1,870,44588667137,1783476236966520000
872,2,867,44588040977,1783476236968650000
872,3,864,44587299753,1783476236967603000
873,0,873,44621424009,1783476236969703000
873,1,871,44620707137,1783476236970759000
873,2,868,44620049041,1783476236972867000
873,3,865,44619318881,1783476236971807000
874,0,874,44657439977,1783476236973881000
874,1,872,44656743137,1783476236974620000
874,2,869,44656081009,1783476236976472000
874,3,866,44655334849,1783476236975360000
875,0,875,44757422073,1783476237163012000
875,1,873,44756685137,1783476237164068000
875,2,870,44756075137,1783476237161975000
875,3,867,44755276817,1783476237165119000
876,0,876,44789441913,1783476237167232000
876,1,874,44788688009,1783476237168291000
876,2,871,44788045977,1783476237166169000
876,3,868,44787315489,1783476237169410000
877,0,877,44821420977,1783476237171511000
877,1,875,44820719593,1783476237172547000
877,2,872,44820064041,1783476237170392000
877,3,869,44819304817,1783476237173607000
878,0,878,44857440009,1783476237175490000
878,1,876,44856694073,1783476237176193000
878,2,873,44856085945,1783476237174525000
878,3,870,44855324073,1783476237177051000
879,0,879,44957417265,1783476237362753000
879,1,877,44956686297,1783476237363782000
879,2,874,44956081041,1783476237364871000
879,3,871,44955295881,1783476237365897000
880,0,880,44989432817,1783476237367121000
880,1,878,44988713073,1783476237368111000
880,2,875,44988090073,1783476237369159000
880,3,872,44987342041,1783476237370216000
881,0,881,45025422241,1783476237371424000
881,1,879,45024694073,1783476237372440000
881,2,876,45020074233,1783476237373493000
881,3,873,45019317105,1783476237374514000
882,0,882,45057436657,1783476237375526000
882,1,880,45056691785,1783476237376261000
882,2,877,45056065009,1783476237377001000
882,3,874,45055296361,1783476237377753000
883,0,883,45157444880,1783476237563498000
883,1,881,45156689817,1783476237565575000
883,2,878,45156046169,1783476237564516000
883,3,875,45155287689,1783476237566744000
884,0,884,45189458753,1783476237567824000
884,1,882,45188742945,1783476237569943000
884,2,879,45188056945,1783476237568935000
884,3,876,45187318945,1783476237571040000
885,0,885,45225418009,1783476237572042000
885,1,883,45224698169,1783476237574493000
885,2,880,45224075553,1783476237573368000
885,3,877,45223314169,1783476237575540000
886,0,886,45257446009,1783476237576510000
886,1,884,45256717617,1783476237578120000
886,2,881,45256110625,1783476237577441000
886,3,878,45255301649,1783476237578769000
887,0,887,45357452233,1783476237766531000
887,1,885,45356689401,1783476237767552000
887,2,882,45356052073,1783476237765456000
887,3,879,45355299105,1783476237764387000
888,0,888,45389486785,1783476237770950000
888,1,886,45388752105,1783476237771996000
888,2,883,45388116689,1783476237769645000
888,3,880,45387365785,1783476237768578000
889,0,889,45425433105,1783476237775170000
889,1,887,45424702105,1783476237776208000
889,2,884,45424091721,1783476237774128000
889,3,881,45423305753,1783476237773056000
890,0,890,45457450817,1783476237778728000
890,1,888,45456705393,1783476237779504000
890,2,885,45456077753,1783476237777839000
890,3,882,45455322945,1783476237777106000
891,0,891,45557449817,1783476237966124000
891,1,889,45556702529,1783476237967184000
891,2,886,45556058881,1783476237965128000
891,3,883,45555323881,1783476237968235000
892,0,892,45593434169,1783476237970952000
892,1,890,45592722785,1783476237971970000
892,2,887,45588091881,1783476237969872000
892,3,884,45587326041,1783476237973081000
893,0,893,45625442753,1783476237975176000
893,1,891,45624709265,1783476237976172000
893,2,888,45624082137,1783476237974079000
893,3,885,45623309489,1783476237977190000
894,0,894,45657440689,1783476237979150000
894,1,892,45656712297,1783476237979984000
894,2,889,45656066913,1783476237978173000
894,3,886,45655327489,1783476237980830000
895,0,895,45757458201,1783476238166066000
895,1,893,45756721137,1783476238168152000
895,2,890,45756070137,1783476238167156000
895,3,887,45755331009,1783476238169225000
896,0,896,45793602201,1783476238170323000
896,1,894,45792732105,1783476238172482000
896,2,891,45792123337,1783476238171609000
896,3,888,45791346169,1783476238173535000
897,0,897,45825446593,1783476238174629000
897,1,895,45824732041,1783476238176671000
897,2,892,45824076009,1783476238175641000
897,3,889,45823316169,1783476238177679000
898,0,898,45857444913,1783476238178597000
898,1,896,45856747137,1783476238179977000
898,2,893,45856089817,1783476238179295000
898,3,890,45855333881,1783476238180977000
899,0,899,45957443073,1783476238367827000
899,1,897,45956743561,1783476238368878000
899,2,894,45956089817,1783476238366800000
899,3,891,45955332145,1783476238369918000
900,0,900,45993487105,1783476238372032000
900,1,898,45992763977,1783476238373089000
900,2,895,45992150009,1783476238370976000
900,3,892,45991348201,1783476238374162000
901,0,901,46025465977,1783476238376249000
901,1,899,46024723009,1783476238377305000
901,2,896,46024075073,1783476238375196000
901,3,893,46023336201,1783476238378347000
902,0,902,46061472945,1783476238380063000
902,1,900,46056736881,1783476238380795000
902,2,897,46056096945,1783476238379312000
902,3,894,46055341073,1783476238381761000
903,0,903,46161459169,1783476238568707000
903,1,901,46160757137,1783476238567679000
903,2,898,46156120137,1783476238570813000
903,3,895,46155331201,1783476238569858000
904,0,904,46193471945,1783476238573103000
904,1,902,46192748817,1783476238572049000
904,2,899,46192110361,1783476238575203000
904,3,896,46191368657,1783476238574185000
905,0,905,46225461137,1783476238577313000
905,1,903,46224734817,1783476238576261000
905,2,900,46224079265,1783476238579369000
905,3,897,46223328689,1783476238578338000
906,0,906,46261463073,1783476238581818000
906,1,904,46260761721,1783476238580317000
906,2,901,46256134721,1783476238582961000
906,3,898,46255383617,1783476238581075000
907,0,907,46361464105,1783476238770594000
907,1,905,46360767593,1783476238769484000
907,2,902,46360109689,1783476238768454000
907,3,899,46359375561,1783476238771604000
908,0,908,46393480625,1783476238774817000
908,1,906,46392762073,1783476238773740000
908,2,903,46392106945,1783476238772683000
908,3,900,46391341169,1783476238775868000
909,0,909,46425658849,1783476238779028000
909,1,907,46424856105,1783476238778035000
909,2,904,46424136689,1783476238776905000
909,3,901,46423356137,1783476238780093000
910,0,910,46461465817,1783476238782808000
910,1,908,46460745073,1783476238781739000
910,2,905,46460143073,1783476238780996000
910,3,902,46459338585,1783476238783565000
911,0,911,46561473913,1783476238970250000
911,1,909,46560752913,1783476238969221000
911,2,906,46560152657,1783476238971341000
911,3,903,46559333529,1783476238972359000
912,0,912,46593487977,1783476238974539000
912,1,910,46592745785,1783476238973425000
912,2,907,46592139041,1783476238975590000
912,3,904,46591389881,1783476238976636000
913,0,913,46629468625,1783476238978747000
913,1,911,46624741817,1783476238977685000
913,2,908,46624117945,1783476238979798000
913,3,905,46623361913,1783476238980769000
914,0,914,46661466625,1783476238982801000
914,1,912,46660745009,1783476238981753000
914,2,909,46660126913,1783476238983593000
914,3,906,46659340553,1783476238984255000
915,0,915,46761482625,1783476239171137000
915,1,913,46692739625,1783476239170035000
915,2,910,46760112265,1783476239173269000
915,3,907,46759330689,1783476239172127000
916,0,916,46793475657,1783476239175603000
916,1,914,46760743009,1783476239174458000
916,2,911,46792104881,1783476239177692000
916,3,908,46791364169,1783476239176679000
917,0,917,46829514881,1783476239179802000
917,1,915,46792748233,1783476239178769000
917,2,912,46824113169,1783476239182000000
917,3,909,46823353881,1783476239180952000
918,0,918,46861493721,1783476239183549000
918,1,916,46828782753,1783476239182781000
918,2,913,46860115041,1783476239185043000
918,3,910,46859341361,1783476239184306000
919,0,919,46961491201,1783476239379129000
919,1,917,46960757401,1783476239380236000
919,2,914,46960104977,1783476239382260000
919,3,911,46959349913,1783476239381187000
920,0,920,46993488009,1783476239383307000
920,1,918,46992768265,1783476239384358000
920,2,915,46992137105,1783476239386477000
920,3,912,46991386713,1783476239385399000
921,0,921,47029476233,1783476239387643000
921,1,919,47028755553,1783476239388614000
921,2,916,47028153009,1783476239390677000
921,3,913,47027377553,1783476239389655000
922,0,922,47061622329,1783476239391698000
922,1,920,47060881433,1783476239392444000
922,2,917,47060105553,1783476239393954000
922,3,914,47059384657,1783476239393180000
923,0,923,47161513361,1783476239589395000
923,1,921,47160750593,1783476239588246000
923,2,918,47160103977,1783476239590344000
923,3,915,47159397657,1783476239591548000
924,0,924,47197479945,1783476239593630000
924,1,922,47192786073,1783476239592441000
924,2,919,47192139977,1783476239594690000
924,3,916,47191419848,1783476239596069000
925,0,925,47229486073,1783476239598134000
925,1,923,47228759977,1783476239597114000
925,2,920,47228152233,1783476239599172000
925,3,917,47227361201,1783476239600274000
926,0,926,47261497201,1783476239601776000
926,1,924,47260811881,1783476239601033000
926,2,921,47260128681,1783476239602507000
926,3,918,47259379329,1783476239603489000
927,0,927,47361491265,1783476239627829000
927,1,925,47360769465,1783476239631553000
927,2,922,47360133009,1783476239630478000
927,3,919,47359410041,1783476239629470000
928,0,928,47397510305,1783476239664955000
928,1,926,47396777849,1783476239664382000
928,2,923,47392151041,1783476239662867000
928,3,920,47391411593,1783476239661779000
929,0,929,47429509169,1783476239695531000
929,1,927,47428804041,1783476239696575000
929,2,924,47428157761,1783476239694459000
929,3,921,47427402729,1783476239697909000
930,0,930,47461505201,1783476239732834000
930,1,928,47460772849,1783476239731774000
930,2,925,47460141849,1783476239730722000
930,3,922,47459381689,1783476239729657000
931,0,931,47497496849,1783476239902025000
931,1,929,47496778977,1783476239899963000
931,2,926,47496136753,1783476239898986000
931,3,923,47495380369,1783476239901528000
932,0,932,47529511297,1783476239906586000
932,1,930,47528767657,1783476239904481000
932,2,927,47528131233,1783476239903492000
932,3,924,47527381297,1783476239905531000
933,0,933,47561515073,1783476239910935000
933,1,931,47560801209,1783476239908690000
933,2,928,47560169401,1783476239907645000
933,3,925,47559382881,1783476239909936000
934,0,934,47597487553,1783476239914480000
934,1,932,47596778657,1783476239912428000
934,2,929,47596151497,1783476239911699000
934,3,926,47595379177,1783476239913567000
935,0,935,47697506977,1783476240101479000
935,1,933,47696775009,1783476240102479000
935,2,930,47696170977,1783476240100322000
935,3,927,47695363017,1783476240099295000
936,0,936,47729510585,1783476240105589000
936,1,934,47728780233,1783476240106699000
936,2,931,47728118329,1783476240104582000
936,3,928,47727380104,1783476240103637000
937,0,937,47765495009,1783476240109819000
937,1,935,47760781073,1783476240111076000
937,2,932,47760141585,1783476240111216000
937,3,929,47759380649,1783476240108012000
938,0,938,47797526785,1783476240112588000
938,1,936,47796770009,1783476240113614000
938,2,933,47796157233,1783476240114370000
938,3,930,47795371177,1783476240111785000
939,0,939,47897497553,1783476240300870000
939,1,937,47896768329,1783476240299835000
939,2,934,47896144105,1783476240301993000
939,3,931,47895395721,1783476240302994000
940,0,940,47929497553,1783476240305094000
940,1,938,47928770009,1783476240304039000
940,2,935,47928125881,1783476240306176000
940,3,932,47927383977,1783476240307214000
941,0,941,47965502233,1783476240309372000
941,1,939,47964788105,1783476240308263000
941,2,936,47960146201,1783476240310356000
941,3,933,47959393945,1783476240311421000
942,0,942,47997509009,1783476240313339000
942,1,940,47996770945,1783476240312391000
942,2,937,47996156649,1783476240314173000
942,3,934,47995373681,1783476240314845000
943,0,943,48029507521,1783476240501685000
943,1,941,48096777625,1783476240500638000
943,2,938,48096133945,1783476240503808000
943,3,935,48095368944,1783476240502740000
944,0,944,48097525009,1783476240505889000
944,1,942,48128780009,1783476240504844000
944,2,939,48128145105,1783476240507995000
944,3,936,48127403625,1783476240506945000
945,0,945,48129510041,1783476240510304000
945,1,943,48164778945,1783476240509264000
945,2,940,48164152849,1783476240512378000
945,3,937,48163394401,1783476240511354000
946,0,946,48165496137,1783476240513974000
946,1,944,48196794913,1783476240513241000
946,2,941,48196134169,1783476240515469000
946,3,938,48195382169,1783476240514686000
947,0,947,48297541529,1783476240711976000
947,1,945,48296796177,1783476240710898000
947,2,942,48296138137,1783476240709861000
947,3,939,48295378201,1783476240713002000
948,0,948,48333517881,1783476240716301000
948,1,946,48328806913,1783476240715252000
948,2,943,48328177009,1783476240714193000
948,3,940,48327419977,1783476240717358000
949,0,949,48365525105,1783476240720523000
949,1,947,48364792009,1783476240719500000
949,2,944,48364181657,1783476240718412000
949,3,941,48363415041,1783476240721576000
950,0,950,48397531913,1783476240724448000
950,1,948,48396778657,1783476240723154000
950,2,945,48396157105,1783476240722366000
950,3,942,48395397849,1783476240728226000
951,0,951,48497516753,1783476240911591000
951,1,949,48496784009,1783476240912620000
951,2,946,48496139073,1783476240910530000
951,3,943,48495422817,1783476240913678000
952,0,952,48533527849,1783476240915780000
952,1,950,48532821881,1783476240916828000
952,2,947,48528164817,1783476240914733000
952,3,944,48527407881,1783476240917863000
953,0,953,48565525233,1783476240919994000
953,1,951,48564795201,1783476240921046000
953,2,948,48564168041,1783476240918940000
953,3,945,48563412561,1783476240922014000
954,0,954,48597552137,1783476240923615000
954,1,952,48596804169,1783476240924556000
954,2,949,48596165169,1783476240922924000
954,3,946,48595448329,1783476240925521000
955,0,955,48697518265,1783476241111295000
955,1,953,48696789233,1783476241112333000
955,2,950,48696148361,1783476241113542000
955,3,947,48695415881,1783476241114436000
956,0,956,48733511881,1783476241115528000
956,1,954,48732793881,1783476241116661000
956,2,951,48732171009,1783476241117641000
956,3,948,48731420977,1783476241118691000
957,0,957,48765544657,1783476241119746000
957,1,955,48764825465,1783476241120944000
957,2,952,48764167201,1783476241121996000
957,3,949,48763439137,1783476241123040000
958,0,958,48797527169,1783476241124052000
958,1,956,48796808689,1783476241124797000
958,2,953,48796166137,1783476241125541000
958,3,950,48795438425,1783476241126789000
959,0,959,48901532201,1783476241312089000
959,1,957,48896862913,1783476241313125000
959,2,954,48896167201,1783476241314229000
959,3,951,48895408009,1783476241315273000
960,0,960,48933529881,1783476241316862000
960,1,958,48932800105,1783476241317832000
960,2,955,48932190521,1783476241318888000
960,3,952,48931408169,1783476241320002000
961,0,961,48965551137,1783476241321481000
961,1,959,48964814169,1783476241322467000
961,2,956,48964195233,1783476241323533000
961,3,953,48963455817,1783476241324568000
962,0,962,49001537393,1783476241325606000
962,1,960,49000830137,1783476241326587000
962,2,957,48996420105,1783476241327533000
962,3,954,48995667169,1783476241328444000
963,0,963,49101538329,1783476241512781000
963,1,961,49100826201,1783476241513820000
963,2,958,49096176009,1783476241514886000
963,3,955,49095429689,1783476241515926000
964,0,964,49133530817,1783476241516979000
964,1,962,49132817817,1783476241518027000
964,2,959,49132220785,1783476241519085000
964,3,956,49131445073,1783476241520157000
965,0,965,49165548977,1783476241521202000
965,1,963,49164804105,1783476241522246000
965,2,960,49164160073,1783476241523299000
965,3,957,49163421497,1783476241524304000
966,0,966,49201550105,1783476241525285000
966,1,964,49200832169,1783476241526115000
966,2,961,49196184137,1783476241526797000
966,3,958,49199427585,1783476241527448000
967,0,967,49301528105,1783476241714564000
967,1,965,49300809169,1783476241715634000
967,2,962,49300182753,1783476241716665000
967,3,959,49299413177,1783476241713502000
968,0,968,49333558041,1783476241718781000
968,1,966,49332829201,1783476241719825000
968,2,963,49332173137,1783476241720884000
968,3,960,49331438233,1783476241717690000
969,0,969,49365535105,1783476241722991000
969,1,967,49364825137,1783476241724078000
969,2,964,49364184817,1783476241725314000
969,3,961,49363477881,1783476241721932000
970,0,970,49401541105,1783476241727268000
970,1,968,49400812233,1783476241727958000
970,2,965,49400200137,1783476241728882000
970,3,962,49399413689,1783476241726294000
971,0,971,49501546105,1783476241914517000
971,1,969,49500809009,1783476241916594000
971,2,966,49500182913,1783476241915546000
971,3,963,49499413785,1783476241917650000
972,0,972,49533564273,1783476241918854000
972,1,970,49532820169,1783476241920956000
972,2,967,49532191073,1783476241919907000
972,3,964,49531482073,1783476241922010000
973,0,973,49569546561,1783476241923067000
973,1,971,49564813201,1783476241925169000
973,2,968,49564186073,1783476241924121000
973,3,965,49563445137,1783476241926194000
974,0,974,49601543849,1783476241927167000
974,1,972,49600813233,1783476241928856000
974,2,969,49600202945,1783476241927988000
974,3,966,49599420201,1783476241929650000
975,0,975,49701553817,1783476242117468000
975,1,973,49700830201,1783476242116348000
975,2,970,49700187233,1783476242115313000
975,3,967,49699416593,1783476242118465000
976,0,976,49733558689,1783476242121699000
976,1,974,49732833945,1783476242120562000
976,2,971,49732176425,1783476242119509000
976,3,968,49731440105,1783476242123425000
977,0,977,49769553817,1783476242126635000
977,1,975,49768823977,1783476242125570000
977,2,972,49764214073,1783476242124423000
977,3,969,49767427169,1783476242127678000
978,0,978,49801570849,1783476242131460000
978,1,976,49800826233,1783476242129562000
978,2,973,49800260553,1783476242130495000
978,3,970,49799594521,1783476242132392000
979,0,979,49901583233,1783476242317002000
979,1,977,49900859105,1783476242318241000
979,2,974,49900183201,1783476242315968000
979,3,971,49899425849,1783476242319122000
980,0,980,49933559849,1783476242321215000
980,1,978,49932847945,1783476242322621000
980,2,975,49932209913,1783476242320167000
980,3,972,49931450073,1783476242323662000
981,0,981,49969557105,1783476242325772000
981,1,979,49968826785,1783476242326831000
981,2,976,49968217489,1783476242324762000
981,3,973,49967431721,1783476242327869000
982,0,982,50001575753,1783476242329699000
982,1,980,50000844977,1783476242330449000
982,2,977,50000185329,1783476242328915000
982,3,974,49999421169,1783476242331352000
983,0,983,50101579657,1783476242517856000
983,1,981,50100830881,1783476242516829000
983,2,978,50100181433,1783476242518904000
983,3,975,50099446241,1783476242520001000
984,0,984,50137567201,1783476242522072000
984,1,982,50132871105,1783476242521018000
984,2,979,50132227361,1783476242523130000
984,3,976,50131495817,1783476242524189000
985,0,985,50169563137,1783476242526279000
985,1,983,50168830913,1783476242525236000
985,2,980,50168223137,1783476242527345000
985,3,977,50167421593,1783476242528390000
986,0,986,50201580137,1783476242530024000
986,1,984,50200835137,1783476242529190000
986,2,981,50200191169,1783476242530897000
986,3,978,50199449073,1783476242531702000
987,0,987,50301576529,1783476242719526000
987,1,985,50300847689,1783476242720581000
987,2,982,50300205977,1783476242718496000
987,3,979,50299459617,1783476242721640000
988,0,988,50337571073,1783476242723743000
988,1,986,50336841073,1783476242724793000
988,2,983,50332217945,1783476242722686000
988,3,980,50331475977,1783476242725849000
989,0,989,50369590881,1783476242728023000
989,1,987,50368853657,1783476242729020000
989,2,984,50368213009,1783476242726896000
989,3,981,50367427945,1783476242730073000
990,0,990,50401569465,1783476242732101000
990,1,988,50400840073,1783476242733208000
990,2,985,50400197977,1783476242730931000
990,3,982,50399459265,1783476242733999000
991,0,991,50501575881,1783476242929902000
991,1,989,50500854297,1783476242927798000
991,2,986,50500213073,1783476242930938000
991,3,983,50499458913,1783476242928832000
992,0,992,50537593721,1783476242934403000
992,1,990,50536849945,1783476242932087000
992,2,987,50536241073,1783476242935443000
992,3,984,50535472753,1783476242933140000
993,0,993,50569591465,1783476242938576000
993,1,991,50568862817,1783476242936464000
993,2,988,50568209529,1783476242939637000
993,3,985,50567449169,1783476242937544000
994,0,994,50601606913,1783476242942255000
994,1,992,50600893137,1783476242940599000
994,2,989,50600310105,1783476242943243000
994,3,986,50599553073,1783476242941546000
995,0,995,50705602849,1783476242972970000
995,1,993,50700905945,1783476242971928000
995,2,990,50700233105,1783476242970852000
995,3,987,50699550041,1783476242969819000
996,0,996,50737581009,1783476243004868000
996,1,994,50736892849,1783476243003829000
996,2,991,50736244169,1783476243002806000
996,3,988,50735480497,1783476243001728000
997,0,997,50769604657,1783476243036158000
997,1,995,50768874369,1783476243035100000
997,2,992,50768233817,1783476243038582000
997,3,989,50767482009,1783476243037333000
998,0,998,50805584753,1783476243072571000
998,1,996,50804874105,1783476243071513000
998,2,993,50800243297,1783476243070467000
998,3,990,50799467849,1783476243069423000
999,0,999,50837585041,1783476243240607000
999,1,997,50836855913,1783476243241657000
999,2,994,50836239009,1783476243239573000
999,3,991,50835459201,1783476243242750000
1000,0,1000,50869585913,1783476243244822000
1000,1,998,50868859105,1783476243245869000
1000,2,995,50868220105,1783476243243768000
1000,3,992,50867478657,1783476243246913000
1001,0,1001,50905582137,1783476243249034000
1001,1,999,50904870137,1783476243250100000
1001,2,996,50900229105,1783476243247978000
1001,3,993,50899470721,1783476243251143000
1002,0,1002,50937602169,1783476243252925000
1002,1,1000,50936869329,1783476243253721000
1002,2,997,50936226073,1783476243252150000
1002,3,994,50935458201,1783476243254496000
1003,0,1003,51037603201,1783476243441982000
1003,1,1001,51036878689,1783476243443025000
1003,2,998,51036214881,1783476243445128000
1003,3,995,51035467849,1783476243444076000
1004,0,1004,51069613073,1783476243446357000
1004,1,1002,51068875945,1783476243447434000
1004,2,999,51068240521,1783476243449552000
1004,3,996,51067504137,1783476243448473000
1005,0,1005,51105593009,1783476243450571000
1005,1,1003,51104866689,1783476243451649000
1005,2,1000,51104258041,1783476243453708000
1005,3,997,51103493785,1783476243452680000
1006,0,1006,51137608137,1783476243454653000
1006,1,1004,51136876849,1783476243455512000
1006,2,1001,51136220137,1783476243457206000
1006,3,998,51135489137,1783476243456200000
1007,0,1007,51237617264,1783476243642688000
1007,1,1005,51236864265,1783476243644776000
1007,2,1002,51236218169,1783476243643719000
1007,3,999,51235485265,1783476243645831000
1008,0,1008,51273594137,1783476243647087000
1008,1,1006,51268885137,1783476243649197000
1008,2,1003,51268279009,1783476243648144000
1008,3,1000,51267536585,1783476243650254000
1009,0,1009,51305594945,1783476243651297000
1009,1,1007,51304862041,1783476243653414000
1009,2,1004,51304251561,1783476243652355000
1009,3,1001,51303466265,1783476243654463000
1010,0,1010,51337610041,1783476243655273000
1010,1,1008,51336866201,1783476243656939000
1010,2,1005,51336242881,1783476243656015000
1010,3,1002,51335480137,1783476243658021000
1011,0,1011,51437605945,1783476243844418000
1011,1,1009,51436872529,1783476243843362000
1011,2,1006,51436233137,1783476243845500000
1011,3,1003,51435497593,1783476243846517000
1012,0,1012,51473599105,1783476243848610000
1012,1,1010,51472886233,1783476243847551000
1012,2,1007,51468266369,1783476243849664000
1012,3,1004,51467525009,1783476243850725000
1013,0,1013,51505603849,1783476243852829000
1013,1,1011,51504864585,1783476243851777000
1013,2,1008,51504235977,1783476243853872000
1013,3,1005,51503464137,1783476243854929000
1014,0,1014,51537686785,1783476243856827000
1014,1,1012,51536889137,1783476243855884000
1014,2,1009,51536408169,1783476243857535000
1014,3,1006,51535484169,1783476243858254000
1015,0,1015,51637603977,1783476244045269000
1015,1,1013,51636861849,1783476244047425000
1015,2,1010,51636222753,1783476244044241000
1015,3,1007,51635477785,1783476244046364000
1016,0,1016,51673592817,1783476244049798000
1016,1,1014,51672892425,1783476244051718000
1016,2,1011,51672275625,1783476244048568000
1016,3,1008,51671560265,1783476244050617000
1017,0,1017,51705620137,1783476244056940000
1017,1,1015,51704891329,1783476244058248000
1017,2,1012,51704230361,1783476244057026000
1017,3,1009,51703478201,1783476244054827000
1018,0,1018,51737604561,1783476244060829000
1018,1,1016,51736905201,1783476244062118000
1018,2,1013,51736221745,1783476244063058000
1018,3,1010,51735503305,1783476244059067000
1019,0,1019,51841615073,1783476244245927000
1019,1,1017,51836888009,1783476244246982000
1019,2,1014,51836246169,1783476244244894000
1019,3,1011,51835487625,1783476244248065000
1020,0,1020,51873611465,1783476244250136000
1020,1,1018,51872882849,1783476244251188000
1020,2,1015,51872263913,1783476244249080000
1020,3,1012,51871510849,1783476244252247000
1021,0,1021,51905630105,1783476244254347000
1021,1,1019,51904884169,1783476244255424000
1021,2,1016,51904255169,1783476244253293000
1021,3,1013,51903508753,1783476244256454000
1022,0,1022,51941621073,1783476244258355000
1022,1,1020,51940894137,1783476244259154000
1022,2,1017,51936247945,1783476244257405000
1022,3,1014,51935488977,1783476244259925000
1023,0,1023,52041623265,1783476244446653000
1023,1,1021,52040902009,1783476244445613000
1023,2,1018,52036257329,1783476244447706000
1023,3,1015,52035492329,1783476244448756000
1024,0,1024,52073617169,1783476244450863000
1024,1,1022,52072888009,1783476244449806000
1024,2,1019,52072261201,1783476244451919000
1024,3,1016,52071518137,1783476244453004000
1025,0,1025,52105606913,1783476244455081000
1025,1,1023,52104900880,1783476244454057000
1025,2,1020,52104258201,1783476244456132000
1025,3,1017,52103531881,1783476244457100000
1026,0,1026,52141619913,1783476244458892000
1026,1,1024,52140896041,1783476244458075000
1026,2,1021,52140254817,1783476244459593000
1026,3,1018,52139486041,1783476244460255000
1027,0,1027,52241600233,1783476244647468000
1027,1,1025,52240883073,1783476244646413000
1027,2,1022,52240279265,1783476244648495000
1027,3,1019,52239514425,1783476244649567000
1028,0,1028,52273640073,1783476244651700000
1028,1,1026,52272917689,1783476244650602000
1028,2,1023,52272263977,1783476244652733000
1028,3,1020,52271498233,1783476244653796000
1029,0,1029,52305623977,1783476244655960000
1029,1,1027,52304922009,1783476244654836000
1029,2,1024,52304265073,1783476244657071000
1029,3,1021,52303510721,1783476244658223000
1030,0,1030,52341620849,1783476244659721000
1030,1,1028,52340891457,1783476244658924000
1030,2,1025,52340279977,1783476244660578000
1030,3,1022,52339495689,1783476244661698000
1031,0,1031,52441627169,1783476244847304000
1031,1,1029,52440899105,1783476244848343000
1031,2,1026,52440294041,1783476244849396000
1031,3,1023,52439516433,1783476244850447000
1032,0,1032,52473648105,1783476244851508000
1032,1,1030,52472920041,1783476244852557000
1032,2,1027,52472271073,1783476244853621000
1032,3,1024,52471518105,1783476244854658000
1033,0,1033,52509623105,1783476244855717000
1033,1,1031,52508911977,1783476244856767000
1033,2,1028,52504306977,1783476244857824000
1033,3,1025,52503576009,1783476244858832000
1034,0,1034,52541625913,1783476244859791000
1034,1,1032,52540896977,1783476244860511000
1034,2,1029,52540268169,1783476244861369000
1034,3,1026,52539498817,1783476244862356000
1035,0,1035,52641623137,1783476245049055000
1035,1,1033,52640894169,1783476245050109000
1035,2,1030,52640269073,1783476245048020000
1035,3,1027,52639503721,1783476245051171000
1036,0,1036,52673640817,1783476245053279000
1036,1,1034,52672926073,1783476245054334000
1036,2,1031,52672258849,1783476245052219000
1036,3,1028,52671522977,1783476245055412000
1037,0,1037,52709637073,1783476245057500000
1037,1,1035,52709014041,1783476245058541000
1037,2,1032,52704281041,1783476245056457000
1037,3,1029,52707598073,1783476245059599000
1038,0,1038,52741713753,1783476245061266000
1038,1,1036,52740904073,1783476245062133000
1038,2,1033,52740291721,1783476245060526000
1038,3,1030,52739536137,1783476245063056000
1039,0,1039,52841654105,1783476245248960000
1039,1,1037,52840922945,1783476245249994000
1039,2,1034,52840262721,1783476245251124000
1039,3,1031,52839496657,1783476245252113000
1040,0,1040,52873639073,1783476245253166000
1040,1,1038,52872943881,1783476245254215000
1040,2,1035,52872281945,1783476245255289000
1040,3,1032,52871530073,1783476245256333000
1041,0,1041,52909638073,1783476245257382000
1041,1,1039,52908893009,1783476245258435000
1041,2,1036,52908295529,1783476245259462000
1041,3,1033,52907510009,1783476245260529000
1042,0,1042,52941652009,1783476245261476000
1042,1,1040,52940926105,1783476245262230000
1042,2,1037,52940264137,1783476245262913000
1042,3,1034,52939515329,1783476245263864000
1043,0,1043,53041658201,1783476245449649000
1043,1,1041,53040911945,1783476245451740000
1043,2,1038,53040281105,1783476245450688000
1043,3,1035,53039518497,1783476245452836000
1044,0,1044,53077643849,1783476245453836000
1044,1,1042,53076929041,1783476245455961000
1044,2,1039,53072290169,1783476245454911000
1044,3,1036,53071553041,1783476245457006000
1045,0,1045,53109643009,1783476245458057000
1045,1,1043,53108911849,1783476245460176000
1045,2,1040,53108301753,1783476245459117000
1045,3,1037,53107515265,1783476245461215000
1046,0,1046,53141645817,1783476245462179000
1046,1,1044,53141050945,1783476245463723000
1046,2,1041,53140255977,1783476245462933000
1046,3,1038,53139532169,1783476245464701000
1047,0,1047,53241641977,1783476245651857000
1047,1,1045,53240910913,1783476245650527000
1047,2,1042,53240266817,1783476245652613000
1047,3,1039,53239534233,1783476245653663000
1048,0,1048,53277647137,1783476245655975000
1048,1,1046,53276941232,1783476245654905000
1048,2,1043,53272392137,1783476245657036000
1048,3,1040,53275568201,1783476245658254000
1049,0,1049,53309665585,1783476245660190000
1049,1,1047,53308919105,1783476245659137000
1049,2,1044,53308273201,1783476245661235000
1049,3,1041,53307519977,1783476245662221000
1050,0,1050,53341649201,1783476245663888000
1050,1,1048,53340919201,1783476245663192000
1050,2,1045,53340275169,1783476245664675000
1050,3,1042,53339539297,1783476245665289000
1051,0,1051,53441645912,1783476245851221000
1051,1,1049,53440933913,1783476245853315000
1051,2,1046,53440275529,1783476245852272000
1051,3,1043,53439540369,1783476245854366000
1052,0,1052,53477661913,1783476245855474000
1052,1,1050,53476943105,1783476245857547000
1052,2,1047,53476340201,1783476245856498000
1052,3,1044,53475538168,1783476245858594000
1053,0,1053,53509680073,1783476245859653000
1053,1,1051,53508958881,1783476245861755000
1053,2,1048,53508328945,1783476245860710000
1053,3,1045,53507613041,1783476245862732000
1054,0,1054,53545657849,1783476245863591000
1054,1,1052,53540942041,1783476245865257000
1054,2,1049,53540299945,1783476245864282000
1054,3,1046,53539545817,1783476245866066000
1055,0,1055,53645650977,1783476246052980000
1055,1,1053,53640938105,1783476246054033000
1055,2,1050,53640293041,1783476246052019000
1055,3,1047,53639539297,1783476246055094000
1056,0,1056,53677658009,1783476246057196000
1056,1,1054,53676927945,1783476246058261000
1056,2,1051,53676319009,1783476246056134000
1056,3,1048,53675538105,1783476246059310000
1057,0,1057,53709676073,1783476246061406000
1057,1,1055,53708929401,1783476246062455000
1057,2,1052,53708285945,1783476246060359000
1057,3,1049,53707544009,1783476246063520000
1058,0,1058,53745662137,1783476246065469000
1058,1,1056,53744945393,1783476246066287000
1058,2,1053,53740306137,1783476246064515000
1058,3,1050,53739549881,1783476246066965000
1059,0,1059,53845659105,1783476246252846000
1059,1,1057,53844948041,1783476246253941000
1059,2,1054,53840410073,1783476246255994000
1059,3,1051,53843562657,1783476246255059000
1060,0,1060,53877681881,1783476246257258000
1060,1,1058,53876937241,1783476246258303000
1060,2,1055,53876303945,1783476246260402000
1060,3,1052,53875587137,1783476246259420000
1061,0,1061,53909665137,1783476246261468000
1061,1,1059,53908951625,1783476246262511000
1061,2,1056,53908293913,1783476246264876000
1061,3,1053,53907552721,1783476246263611000
1062,0,1062,53945652977,1783476246265700000
1062,1,1060,53944934849,1783476246266498000
1062,2,1057,53944307977,1783476246268565000
1062,3,1054,53943550265,1783476246267224000
1063,0,1063,54045669041,1783476246453539000
1063,1,1061,54044938233,1783476246454593000
1063,2,1058,54044327817,1783476246455654000
1063,3,1055,54043542721,1783476246456683000
1064,0,1064,54077695137,1783476246457730000
1064,1,1062,54076966137,1783476246458787000
1064,2,1059,54076325105,1783476246459850000
1064,3,1056,54075599105,1783476246460901000
1065,0,1065,54109671881,1783476246461946000
1065,1,1063,54108972105,1783476246463002000
1065,2,1060,54108312881,1783476246464048000
1065,3,1057,54107559041,1783476246465113000
1066,0,1066,54145669265,1783476246466097000
1066,1,1064,54144940137,1783476246467041000
1066,2,1061,54144328721,1783476246467723000
1066,3,1058,54143544137,1783476246468520000
1067,0,1067,54245677105,1783476246655362000
1067,1,1065,54244937041,1783476246656444000
1067,2,1062,54244325817,1783476246654324000
1067,3,1059,54243534689,1783476246657490000
1068,0,1068,54277806593,1783476246659648000
1068,1,1066,54277028945,1783476246660702000
1068,2,1063,54276306945,1783476246658662000
1068,3,1060,54275600521,1783476246661747000
1069,0,1069,54313689265,1783476246664314000
1069,1,1067,54312981169,1783476246665343000
1069,2,1064,54308358689,1783476246663280000
1069,3,1061,54307565073,1783476246666395000
1070,0,1070,54345676169,1783476246668113000
1070,1,1068,54344945201,1783476246669021000
1070,2,1065,54344317561,1783476246667345000
1070,3,1062,54343548233,1783476246670038000
1071,0,1071,54445699233,1783476246855038000
1071,1,1069,54444952041,1783476246856075000
1071,2,1066,54444299945,1783476246857130000
1071,3,1063,54443546233,1783476246858177000
1072,0,1072,54477683881,1783476246859413000
1072,1,1070,54476954201,1783476246860289000
1072,2,1067,54476312041,1783476246861358000
1072,3,1064,54475607009,1783476246862670000
1073,0,1073,54513688977,1783476246863740000
1073,1,1071,54512960977,1783476246864779000
1073,2,1068,54512319201,1783476246865828000
1073,3,1065,54511574137,1783476246866877000
1074,0,1074,54545697785,1783476246867664000
1074,1,1072,54544970073,1783476246868409000
1074,2,1069,54544313041,1783476246869251000
1074,3,1066,54543572009,1783476246870367000
1075,0,1075,54645695297,1783476247056824000
1075,1,1073,54644966201,1783476247055801000
1075,2,1070,54644317265,1783476247057877000
1075,3,1067,54643556329,1783476247058930000
1076,0,1076,54677688137,1783476247061026000
1076,1,1074,54677121785,1783476247059976000
1076,2,1071,54676330041,1783476247062085000
1076,3,1068,54675580009,1783476247063148000
1077,0,1077,54713683689,1783476247065243000
1077,1,1075,54712954945,1783476247064191000
1077,2,1072,54712345105,1783476247066303000
1077,3,1069,54711558465,1783476247067321000
1078,0,1078,54745705201,1783476247069252000
1078,1,1076,54744958945,1783476247068294000
1078,2,1073,54744313233,1783476247069952000
1078,3,1070,54743574201,1783476247070611000
1079,0,1079,54845701169,1783476247258666000
1079,1,1077,54776974169,1783476247257594000
1079,2,1074,54844319009,1783476247256554000
1079,3,1071,54843588073,1783476247259710000
1080,0,1080,54881692201,1783476247262876000
1080,1,1078,54844963009,1783476247261825000
1080,2,1075,54876400817,1783476247260778000
1080,3,1072,54875580233,1783476247263937000
1081,0,1081,54913690913,1783476247267088000
1081,1,1079,54880978265,1783476247266045000
1081,2,1076,54912333817,1783476247264992000
1081,3,1073,54911562201,1783476247268144000
1082,0,1082,54945695168,1783476247270779000
1082,1,1080,54912961073,1783476247269908000
1082,2,1077,54944319881,1783476247269171000
1082,3,1074,54943579361,1783476247271555000
1083,0,1083,55045701265,1783476247311793000
1083,1,1081,55044980233,1783476247315514000
1083,2,1078,55044324201,1783476247314460000
1083,3,1075,55043584137,1783476247313425000
1084,0,1084,55081699137,1783476247490654000
1084,1,1082,55080979137,1783476247492748000
1084,2,1079,55080341009,1783476247491684000
1084,3,1076,55079587329,1783476247493791000
1085,0,1085,55113714753,1783476247494868000
1085,1,1083,55112989073,1783476247497024000
1085,2,1080,55112340009,1783476247495914000
1085,3,1077,55111573521,1783476247498024000
1086,0,1086,55145711105,1783476247499081000
1086,1,1084,55144996689,1783476247501218000
1086,2,1081,55144372041,1783476247500146000
1086,3,1078,55143594945,1783476247502251000
1087,0,1087,55181810945,1783476247503210000
1087,1,1085,55180988849,1783476247504752000
1087,2,1082,55180420041,1783476247504289000
1087,3,1079,55179598073,1783476247505860000
1088,0,1088,55281696721,1783476247693475000
1088,1,1086,55280967425,1783476247692417000
1088,2,1083,55280356105,1783476247691418000
1088,3,1080,55279576689,1783476247694528000
1089,0,1089,55313724041,1783476247697705000
1089,1,1087,55312980009,1783476247696650000
1089,2,1084,55312350977,1783476247695578000
1089,3,1081,55311605009,1783476247698756000
1090,0,1090,55349705201,1783476247702207000
1090,1,1088,55344993105,1783476247701150000
1090,2,1085,55344351945,1783476247700108000
1090,3,1082,55343603849,1783476247703232000
1091,0,1091,55381702593,1783476247706074000
1091,1,1089,55380973265,1783476247704813000
1091,2,1086,55380362881,1783476247704057000
1091,3,1083,55379577617,1783476247706814000
1092,0,1092,55481706689,1783476247895195000
1092,1,1090,55480972201,1783476247893071000
1092,2,1087,55480344329,1783476247894133000
1092,3,1084,55479568233,1783476247892007000
1093,0,1093,55513762105,1783476247899412000
1093,1,1091,55513057913,1783476247897269000
1093,2,1088,55512347169,1783476247898328000
1093,3,1085,55511617425,1783476247896218000
1094,0,1094,55549709169,1783476247903619000
1094,1,1092,55548996169,1783476247901490000
1094,2,1089,55544354137,1783476247902587000
1094,3,1086,55543597465,1783476247900444000
1095,0,1095,55581727913,1783476247906740000
1095,1,1093,55580996169,1783476247905380000
1095,2,1090,55580350945,1783476247906095000
1095,3,1087,55579581265,1783476247904565000
1096,0,1096,55681726233,1783476248092635000
1096,1,1094,55681001265,1783476248095779000
1096,2,1091,55680346425,1783476248093686000
1096,3,1088,55679594689,1783476248094729000
1097,0,1097,55713727945,1783476248096810000
1097,1,1095,55712990201,1783476248100014000
1097,2,1092,55712348105,1783476248097885000
1097,3,1089,55711623233,1783476248098931000
1098,0,1098,55749711913,1783476248101052000
1098,1,1096,55748980201,1783476248104094000
1098,2,1093,55748369041,1783476248102113000
1098,3,1090,55747580201,1783476248103147000
1099,0,1099,55781729073,1783476248104928000
1099,1,1097,55780984169,1783476248107722000
1099,2,1094,55780338977,1783476248105709000
1099,3,1091,55779583297,1783476248106986000
1100,0,1100,55881749849,1783476248295577000
1100,1,1098,55880990041,1783476248294503000
1100,2,1095,55880371105,1783476248293475000
1100,3,1092,55879601169,1783476248296658000
1101,0,1101,55917719913,1783476248300493000
1101,1,1099,55913017169,1783476248299488000
1101,2,1096,55912381721,1783476248297900000
1101,3,1093,55911644073,1783476248301561000
1102,0,1102,55949718689,1783476248305082000
1102,1,1100,55948990393,1783476248304041000
1102,2,1097,55948377977,1783476248302608000
1102,3,1094,55947591977,1783476248306105000
1103,0,1103,55981746073,1783476248309036000
1103,1,1101,55980991041,1783476248308091000
1103,2,1098,55980363073,1783476248307144000
1103,3,1095,55979607553,1783476248309881000
1104,0,1104,56081718465,1783476248493928000
1104,1,1102,56080989785,1783476248496011000
1104,2,1099,56080352529,1783476248497061000
1104,3,1096,56079630913,1783476248495024000
1105,0,1105,56117727553,1783476248498282000
1105,1,1103,56117005945,1783476248500239000
1105,2,1100,56112384265,1783476248501795000
1105,3,1097,56111614073,1783476248499173000
1106,0,1106,56149741233,1783476248502332000
1106,1,1104,56149007393,1783476248504443000
1106,2,1101,56148382201,1783476248505442000
1106,3,1098,56147634721,1783476248503376000
1107,0,1107,56181738361,1783476248506437000
1107,1,1105,56181023297,1783476248507838000
1107,2,1102,56180370393,1783476248508515000
1107,3,1099,56179614457,1783476248507158000
1108,0,1108,56281726817,1783476248694673000
1108,1,1106,56280998137,1783476248696791000
1108,2,1103,56280354073,1783476248695705000
1108,3,1100,56279605497,1783476248697802000
1109,0,1109,56317719137,1783476248698872000
1109,1,1107,56317001073,1783476248700985000
1109,2,1104,56316394009,1783476248699924000
1109,3,1101,56315645881,1783476248702027000
1110,0,1110,56349746041,1783476248703081000
1110,1,1108,56349017041,1783476248705267000
1110,2,1105,56348356201,1783476248704127000
1110,3,1102,56347601817,1783476248706496000
1111,0,1111,56381741105,1783476248707078000
1111,1,1109,56381042233,1783476248710290000
1111,2,1106,56380384649,1783476248707819000
1111,3,1103,56379646945,1783476248711088000
1112,0,1112,56485738561,1783476248896516000
1112,1,1110,56481015561,1783476248895492000
1112,2,1107,56480377009,1783476248897619000
1112,3,1104,56479612297,1783476248898623000
1113,0,1113,56517737233,1783476248900734000
1113,1,1111,56517007009,1783476248899792000
1113,2,1108,56516404169,1783476248901851000
1113,3,1105,56515643521,1783476248902889000
1114,0,1114,56549753105,1783476248904990000
1114,1,1112,56549005529,1783476248903946000
1114,2,1109,56548378913,1783476248906044000
1114,3,1106,56547632009,1783476248907089000
1115,0,1115,56585738785,1783476248909006000
1115,1,1113,56585024265,1783476248908063000
1115,2,1110,56580379137,1783476248909702000
1115,3,1107,56579630105,1783476248910553000
1116,0,1116,56685742401,1783476249096155000
1116,1,1114,56617002817,1783476249097177000
1116,2,1111,56680387137,1783476249098243000
1116,3,1108,56679633465,1783476249099299000
1117,0,1117,56717880049,1783476249100341000
1117,1,1115,56685027945,1783476249101400000
1117,2,1112,56716403137,1783476249102448000
1117,3,1109,56715656297,1783476249103498000
1118,0,1118,56749746945,1783476249104555000
1118,1,1116,56717023137,1783476249105610000
1118,2,1113,56748369105,1783476249106637000
1118,3,1110,56747633817,1783476249107595000
1119,0,1119,56785759593,1783476249108473000
1119,1,1117,56749010817,1783476249109307000
1119,2,1114,56780388233,1783476249110232000
1119,3,1111,56783618233,1783476249110965000
1120,0,1120,56885725753,1783476249306560000
1120,1,1118,56885009104,1783476249305533000
1120,2,1115,56884398169,1783476249308677000
1120,3,1112,56883634657,1783476249307708000
1121,0,1121,56917764393,1783476249312885000
1121,1,1119,56917035721,1783476249310621000
1121,2,1116,56916377561,1783476249313804000
1121,3,1113,56915633881,1783476249311871000
1122,0,1122,56949747881,1783476249320781000
1122,1,1120,56949049105,1783476249314915000
1122,2,1117,56948394457,1783476249318018000
1122,3,1114,56947639009,1783476249317465000
1123,0,1123,56985741305,1783476249324117000
1123,1,1121,56985011945,1783476249319107000
1123,2,1118,56984403617,1783476249322662000
1123,3,1115,56983623561,1783476249321710000
1124,0,1124,57085769169,1783476249352548000
1124,1,1122,57085028689,1783476249351510000
1124,2,1119,57084415041,1783476249350446000
1124,3,1116,57083763401,1783476249349415000
1125,0,1125,57117764625,1783476249383784000
1125,1,1123,57117021721,1783476249388073000
1125,2,1120,57116390977,1783476249387001000
1125,3,1117,57115640657,1783476249385961000
1126,0,1126,57153767137,1783476249421112000
1126,1,1124,57153048009,1783476249420041000
1126,2,1121,57148433105,1783476249418988000
1126,3,1118,57147694497,1783476249417961000
1127,0,1127,57185756041,1783476249453861000
1127,1,1125,57185033849,1783476249450741000
1127,2,1122,57184400849,1783476249451763000
1127,3,1119,57183632657,1783476249452835000
1128,0,1128,57217766041,1783476249624818000
1128,1,1126,57217041073,1783476249622225000
1128,2,1123,57216406785,1783476249623256000
1128,3,1120,57215679433,1783476249625369000
1129,0,1129,57253756233,1783476249629340000
1129,1,1127,57253043785,1783476249626739000
1129,2,1124,57248405913,1783476249628061000
1129,3,1121,57247654169,1783476249630380000
1130,0,1130,57285767201,1783476249633533000
1130,1,1128,57285035201,1783476249631475000
1130,2,1125,57284412657,1783476249632510000
1130,3,1122,57283627913,1783476249634584000
1131,0,1131,57317759105,1783476249637379000
1131,1,1129,57317024169,1783476249635337000
1131,2,1126,57316376401,1783476249636083000
1131,3,1123,57315637137,1783476249638166000
1132,0,1132,57417910433,1783476249824077000
1132,1,1130,57417095041,1783476249825138000
1132,2,1127,57416387009,1783476249823037000
1132,3,1124,57415648689,1783476249826181000
1133,0,1133,57453751753,1783476249828578000
1133,1,1131,57453032137,1783476249829620000
1133,2,1128,57452405073,1783476249827532000
1133,3,1125,57451659137,1783476249830684000
1134,0,1134,57485779073,1783476249832791000
1134,1,1132,57485048201,1783476249833836000
1134,2,1129,57484386721,1783476249831751000
1134,3,1126,57483634105,1783476249834871000
1135,0,1135,57517849785,1783476249836568000
1135,1,1133,57517346105,1783476249837356000
1135,2,1130,57516682233,1783476249835850000
1135,3,1127,57515936977,1783476249838302000
1136,0,1136,57621766593,1783476250023928000
1136,1,1134,57617078657,1783476250024946000
1136,2,1131,57616480305,1783476250027059000
1136,3,1128,57615754145,1783476250026023000
1137,0,1137,57654112105,1783476250028123000
1137,1,1135,57653079265,1783476250029166000
1137,2,1132,57652445977,1783476250031278000
1137,3,1129,57651690785,1783476250030227000
1138,0,1138,57685782561,1783476250032333000
1138,1,1136,57685037297,1783476250033387000
1138,2,1133,57684409041,1783476250035526000
1138,3,1130,57683652529,1783476250034441000
1139,0,1139,57721768849,1783476250036426000
1139,1,1137,57721067105,1783476250037211000
1139,2,1134,57716414457,1783476250038747000
1139,3,1131,57715656817,1783476250037978000
1140,0,1140,57821767689,1783476250225540000
1140,1,1138,57821052041,1783476250224490000
1140,2,1135,57816412785,1783476250226594000
1140,3,1132,57815655497,1783476250227644000
1141,0,1141,57853769945,1783476250229779000
1141,1,1139,57853043009,1783476250228675000
1141,2,1136,57852417137,1783476250230828000
1141,3,1133,57851642104,1783476250231921000
1142,0,1142,57885771977,1783476250234024000
1142,1,1140,57885044041,1783476250232957000
1142,2,1137,57884402137,1783476250235081000
1142,3,1134,57883660073,1783476250236106000
1143,0,1143,57921773657,1783476250238061000
1143,1,1141,57921059169,1783476250237107000
1143,2,1138,57916422073,1783476250238743000
1143,3,1135,57919658489,1783476250239425000
1144,0,1144,58021763169,1783476250427336000
1144,1,1142,58021046233,1783476250425244000
1144,2,1139,58020419497,1783476250426315000
1144,3,1136,58019663944,1783476250428433000
1145,0,1145,58053797881,1783476250431934000
1145,1,1143,58053077009,1783476250429435000
1145,2,1140,58052423169,1783476250430762000
1145,3,1137,58051669041,1783476250432879000
1146,0,1146,58085780689,1783476250436462000
1146,1,1144,58085065073,1783476250434187000
1146,2,1141,58084424137,1783476250435209000
1146,3,1138,58083679817,1783476250437625000
1147,0,1147,58121778105,1783476250439917000
1147,1,1145,58121063753,1783476250438250000
1147,2,1142,58120438297,1783476250439175000
1147,3,1139,58119656233,1783476250441190000
1148,0,1148,58221864169,1783476250627039000
1148,1,1146,58221089721,1783476250625998000
1148,2,1143,58220491913,1783476250628088000
1148,3,1140,58219674817,1783476250629163000
1149,0,1149,58253803169,1783476250631329000
1149,1,1147,58253056201,1783476250630268000
1149,2,1144,58252433105,1783476250632388000
1149,3,1141,58251703233,1783476250635297000
1150,0,1150,58289785041,1783476250636349000
1150,1,1148,58285083913,1783476250634237000
1150,2,1145,58284457105,1783476250637408000
1150,3,1142,58283675297,1783476250639508000
1151,0,1151,58321785009,1783476250640476000
1151,1,1149,58321054945,1783476250638466000
1151,2,1146,58320455041,1783476250641430000
1151,3,1143,58319660041,1783476250643033000
1152,0,1152,58421836169,1783476250826555000
1152,1,1150,58421110041,1783476250827591000
1152,2,1147,58420485137,1783476250828641000
1152,3,1144,58419708329,1783476250829694000
1153,0,1153,58453787721,1783476250830742000
1153,1,1151,58453076073,1783476250831810000
1153,2,1148,58452418105,1783476250832863000
1153,3,1145,58451678913,1783476250833902000
1154,0,1154,58489787945,1783476250834955000
1154,1,1152,58489059721,1783476250836024000
1154,2,1149,58484435105,1783476250837079000
1154,3,1146,58487673913,1783476250838101000
1155,0,1155,58521805137,1783476250839052000
1155,1,1153,58521059657,1783476250839858000
1155,2,1150,58520414009,1783476250840593000
1155,3,1147,58519660265,1783476250841465000
1156,0,1156,58621804041,1783476251027322000
1156,1,1154,58621060169,1783476251029429000
1156,2,1151,58620420073,1783476251028361000
1156,3,1148,58619685625,1783476251030613000
1157,0,1157,58653800753,1783476251031526000
1157,1,1155,58653076329,1783476251033633000
1157,2,1152,58652431753,1783476251032578000
1157,3,1149,58651686041,1783476251034883000
1158,0,1158,58689792945,1783476251035922000
1158,1,1156,58689062073,1783476251038032000
1158,2,1153,58688452233,1783476251036974000
1158,3,1150,58687665689,1783476251039108000
1159,0,1159,58721810073,1783476251039905000
1159,1,1157,58721081201,1783476251041790000
1159,2,1154,58720419945,1783476251040681000
1159,3,1151,58719667977,1783476251042554000
1160,0,1160,58821824041,1783476251229241000
1160,1,1158,58821067945,1783476251231357000
1160,2,1155,58820442073,1783476251230316000
1160,3,1152,58819681433,1783476251228202000
1161,0,1161,58857801817,1783476251233451000
1161,1,1159,58853099977,1783476251235560000
1161,2,1156,58852459721,1783476251234524000
1161,3,1153,58851711105,1783476251232403000
1162,0,1162,58889800073,1783476251237665000
1162,1,1160,58889069041,1783476251239769000
1162,2,1157,58888457753,1783476251238707000
1162,3,1154,58887672201,1783476251236608000
1163,0,1163,58921816817,1783476251241655000
1163,1,1161,58921070265,1783476251243234000
1163,2,1158,58920428201,1783476251242340000
1163,3,1155,58919687105,1783476251240714000
1164,0,1164,59021805201,1783476251429767000
1164,1,1162,59021067689,1783476251428738000
1164,2,1159,59020422593,1783476251430823000
1164,3,1156,59019677329,1783476251432184000
1165,0,1165,59057806233,1783476251433976000
1165,1,1163,59057064817,1783476251432941000
1165,2,1160,59052449913,1783476251435043000
1165,3,1157,59055713881,1783476251436198000
1166,0,1166,59089828945,1783476251438277000
1166,1,1164,59089144977,1783476251437227000
1166,2,1161,59088457105,1783476251439333000
1166,3,1158,59087698753,1783476251440351000
1167,0,1167,59121806169,1783476251442107000
1167,1,1165,59121077137,1783476251441298000
1167,2,1162,59120434009,1783476251442791000
1167,3,1159,59119695169,1783476251443742000
1168,0,1168,59221802881,1783476251629769000
1168,1,1166,59221112105,1783476251631874000
1168,2,1163,59220437009,1783476251630798000
1168,3,1160,59219698753,1783476251632936000
1169,0,1169,59257808169,1783476251634035000
1169,1,1167,59257079073,1783476251636143000
1169,2,1164,59256468169,1783476251635080000
1169,3,1161,59255685137,1783476251637205000
1170,0,1170,59289833497,1783476251638249000
1170,1,1168,59289106169,1783476251640352000
1170,2,1165,59288454105,1783476251639301000
1170,3,1162,59287683913,1783476251641469000
1171,0,1171,59321832009,1783476251642395000
1171,1,1169,59321129817,1783476251644002000
1171,2,1166,59320572137,1783476251643335000
1171,3,1163,59319706713,1783476251644968000
1172,0,1172,59425814137,1783476251832272000
1172,1,1170,59421108689,1783476251831216000
1172,2,1167,59420488233,1783476251830180000
1172,3,1164,59419704433,1783476251833314000
1173,0,1173,59457815817,1783476251836485000
1173,1,1171,59457088881,1783476251835492000
1173,2,1168,59456480233,1783476251834386000
1173,3,1165,59455695073,1783476251837542000
1174,0,1174,59489860233,1783476251840699000
1174,1,1172,59489085009,1783476251839645000
1174,2,1169,59488456945,1783476251838595000
1174,3,1166,59487700137,1783476251841750000
1175,0,1175,59525816073,1783476251844359000
1175,1,1173,59525087009,1783476251843495000
1175,2,1170,59520464945,1783476251842711000
1175,3,1167,59519707041,1783476251845129000
1176,0,1176,59625825233,1783476252030930000
1176,1,1174,59625105201,1783476252033027000
1176,2,1171,59620464137,1783476252031975000
1176,3,1168,59619708913,1783476252034077000
1177,0,1177,59657830497,1783476252035133000
1177,1,1175,59657104977,1783476252037238000
1177,2,1172,59656474041,1783476252036184000
1177,3,1169,59655727009,1783476252038282000
1178,0,1178,59689820977,1783476252039342000
1178,1,1176,59689091945,1783476252041445000
1178,2,1173,59688448009,1783476252040397000
1178,3,1170,59687709105,1783476252042504000
1179,0,1179,59725827073,1783476252043241000
1179,1,1177,59725116073,1783476252045220000
1179,2,1174,59724477169,1783476252043995000
1179,3,1171,59723747977,1783476252046039000
1180,0,1180,59825826593,1783476252233777000
1180,1,1178,59825093401,1783476252231704000
1180,2,1175,59824482913,1783476252232737000
1180,3,1172,59823696241,1783476252234873000
1181,0,1181,59857842849,1783476252237994000
1181,1,1179,59857113913,1783476252235930000
1181,2,1176,59856452169,1783476252236947000
1181,3,1173,59855703105,1783476252239069000
1182,0,1182,59889832105,1783476252242211000
1182,1,1180,59889123753,1783476252240115000
1182,2,1177,59888464265,1783476252241168000
1182,3,1174,59887705721,1783476252243226000
1183,0,1183,59925830137,1783476252245849000
1183,1,1181,59925097105,1783476252244193000
1183,2,1178,59924486041,1783476252244978000
1183,3,1175,59923699105,1783476252246524000
1184,0,1184,60025827297,1783476252432456000
1184,1,1182,60025106361,1783476252434588000
1184,2,1179,60024501977,1783476252433489000
1184,3,1176,60023707657,1783476252435621000
1185,0,1185,60057856817,1783476252437112000
1185,1,1183,60057124041,1783476252439216000
1185,2,1180,60056492265,1783476252438150000
1185,3,1177,60055745041,1783476252440290000
1186,0,1186,60093836721,1783476252441322000
1186,1,1184,60093141073,1783476252443462000
1186,2,1181,60088502425,1783476252442371000
1186,3,1178,60087729561,1783476252444460000
1187,0,1187,60125855945,1783476252445296000
1187,1,1185,60125105169,1783476252446934000
1187,2,1182,60124470169,1783476252446031000
1187,3,1179,60123697169,1783476252447721000
1188,0,1188,60225859009,1783476252635332000
1188,1,1186,60225139201,1783476252633241000
1188,2,1183,60224479593,1783476252634271000
1188,3,1180,60223711593,1783476252636382000
1189,0,1189,60257837753,1783476252639537000
1189,1,1187,60257109041,1783476252637435000
1189,2,1184,60256466009,1783476252638481000
1189,3,1181,60255739977,1783476252640593000
1190,0,1190,60293839913,1783476252643757000
1190,1,1188,60293122009,1783476252641652000
1190,2,1185,60292479977,1783476252642701000
1190,3,1182,60291722913,1783476252644788000
1191,0,1191,60325839009,1783476252647449000
1191,1,1189,60325108009,1783476252645772000
1191,2,1186,60324464009,1783476252646550000
1191,3,1183,60323708945,1783476252648315000
1192,0,1192,60425858073,1783476252833975000
1192,1,1190,60425130657,1783476252835004000
1192,2,1187,60424454073,1783476252837124000
1192,3,1184,60423716009,1783476252836063000
1193,0,1193,60457864881,1783476252838167000
1193,1,1191,60457153201,1783476252839222000
1193,2,1188,60456561009,1783476252841341000
1193,3,1185,60455760201,1783476252840271000
1194,0,1194,60493843137,1783476252842376000
1194,1,1192,60493112977,1783476252843468000
1194,2,1189,60492502041,1783476252845502000
1194,3,1186,60491720521,1783476252844492000
1195,0,1195,60525861073,1783476252846397000
1195,1,1193,60525115169,1783476252847108000
1195,2,1190,60524470041,1783476252848911000
1195,3,1187,60523730465,1783476252847904000
1196,0,1196,60625865465,1783476253035764000
1196,1,1194,60625118233,1783476253036817000
1196,2,1191,60624491977,1783476253034729000
1196,3,1188,60655995721,1783476253037872000
1197,0,1197,60661843561,1783476253039992000
1197,1,1195,60661132073,1783476253041022000
1197,2,1192,60656517945,1783476253038923000
1197,3,1189,60691722689,1783476253042096000
1198,0,1198,60693847977,1783476253044185000
1198,1,1196,60693117977,1783476253045231000
1198,2,1193,60692489169,1783476253043137000
1198,3,1190,60723732657,1783476253046301000
1199,0,1199,60725850105,1783476253048144000
1199,1,1197,60725127041,1783476253048832000
1199,2,1194,60724475137,1783476253047267000
1199,3,1191,60755740073,1783476253049499000
1200,0,1200,60825862137,1783476253236345000
1200,1,1198,60825123073,1783476253238677000
1200,2,1195,60824479105,1783476253235270000
1200,3,1192,60823730041,1783476253237409000
1201,0,1201,60861855041,1783476253240511000
1201,1,1199,60861137785,1783476253243861000
1201,2,1196,60860497265,1783476253239481000
1201,3,1193,60859741073,1783476253241597000
1202,0,1202,60893887137,1783476253244896000
1202,1,1200,60893190009,1783476253248059000
1202,2,1197,60892526649,1783476253247156000
1202,3,1194,60891822169,1783476253245951000
1203,0,1203,60925857457,1783476253249152000
1203,1,1201,60925128201,1783476253252023000
1203,2,1198,60924482425,1783476253251036000
1203,3,1195,60923747329,1783476253250091000
1204,0,1204,61025854233,1783476253436074000
1204,1,1202,61025157425,1783476253438150000
1204,2,1199,61024496105,1783476253437103000
1204,3,1196,61023735785,1783476253439221000
1205,0,1205,61061873105,1783476253440460000
1205,1,1203,61061130881,1783476253442612000
1205,2,1200,61060520393,1783476253441577000
1205,3,1197,61059752721,1783476253443682000
1206,0,1206,61093872009,1783476253444676000
1206,1,1204,61093141297,1783476253446786000
1206,2,1201,61092481945,1783476253445726000
1206,3,1198,61091735137,1783476253448037000
1207,0,1207,61129866105,1783476253449090000
1207,1,1205,61125146041,1783476253450772000
1207,2,1202,61124504009,1783476253450021000
1207,3,1199,61123751881,1783476253451501000
1208,0,1208,61229898689,1783476253638019000
1208,1,1206,61229194721,1783476253639074000
1208,2,1203,61224507137,1783476253640132000
1208,3,1200,61223743433,1783476253637036000
1209,0,1209,61261879977,1783476253642276000
1209,1,1207,61261181881,1783476253643316000
1209,2,1204,61260548009,1783476253644368000
1209,3,1201,61259886305,1783476253642445000
1210,0,1210,61293864593,1783476253646690000
1210,1,1208,61293134977,1783476253647724000
1210,2,1205,61292491201,1783476253649357000
1210,3,1202,61291750233,1783476253650130000
1211,0,1211,61329877849,1783476253651143000
1211,1,1209,61329173881,1783476253652656000
1211,2,1206,61324510425,1783476253653548000
1211,3,1203,61323753041,1783476253654466000
1212,0,1212,61429870233,1783476253838713000
1212,1,1210,61429154817,1783476253837679000
1212,2,1207,61424515849,1783476253839914000
1212,3,1204,61427754497,1783476253840851000
1213,0,1213,61461894041,1783476253842928000
1213,1,1211,61461158721,1783476253841877000
1213,2,1208,61460507465,1783476253844031000
1213,3,1205,61459795233,1783476253845077000
1214,0,1214,61493871073,1783476253847173000
1214,1,1212,61493157073,1783476253846107000
1214,2,1209,61492497305,1783476253848212000
1214,3,1206,61491764169,1783476253849162000
1215,0,1215,61529862073,1783476253851477000
1215,1,1213,61529147137,1783476253850085000
1215,2,1210,61528521753,1783476253850791000
1215,3,1207,61527773073,1783476253852606000
1216,0,1216,61629872105,1783476254039510000
1216,1,1214,61629143073,1783476254038472000
1216,2,1211,61628533785,1783476254040555000
1216,3,1208,61627748337,1783476254041690000
1217,0,1217,61661895945,1783476254043776000
1217,1,1215,61661164913,1783476254042663000
1217,2,1212,61660505073,1783476254044770000
1217,3,1209,61659760009,1783476254046082000
1218,0,1218,61697875881,1783476254048220000
1218,1,1216,61693171913,1783476254047134000
1218,2,1213,61692524753,1783476254049321000
1218,3,1210,61691798881,1783476254050297000
1219,0,1219,61729875233,1783476254052251000
1219,1,1217,61729145657,1783476254051297000
1219,2,1214,61728536361,1783476254052945000
1219,3,1211,61727748201,1783476254053592000
1220,0,1220,61829872785,1783476254241296000
1220,1,1218,61761146881,1783476254239238000
1220,2,1215,61828533137,1783476254240214000
1220,3,1212,61827754049,1783476254242359000
1221,0,1221,61861882201,1783476254245501000
1221,1,1219,61829143849,1783476254243499000
1221,2,1216,61860541881,1783476254244430000
1221,3,1213,61859796913,1783476254246551000
1222,0,1222,61897883137,1783476254249720000
1222,1,1220,61861152785,1783476254247611000
1222,2,1217,61892527361,1783476254248661000
1222,3,1214,61891772169,1783476254250764000
1223,0,1223,61929879401,1783476254253404000
1223,1,1221,61897167657,1783476254251699000
1223,2,1218,61928522561,1783476254252401000
1223,3,1215,61927753201,1783476254254188000
1224,0,1224,62029904849,1783476254449468000
1224,1,1222,62029151137,1783476254448428000
1224,2,1219,62028508753,1783476254450521000
1224,3,1216,62027766009,1783476254451574000
1225,0,1225,62061891137,1783476254453689000
1225,1,1223,62061164593,1783476254452618000
1225,2,1220,62060515105,1783476254454736000
1225,3,1217,62059793137,1783476254455788000
1226,0,1226,62097872689,1783476254457922000
1226,1,1224,62097155041,1783476254456835000
1226,2,1221,62096529201,1783476254458955000
1226,3,1218,62095772201,1783476254459976000
1227,0,1227,62129914593,1783476254461905000
1227,1,1225,62129192137,1783476254460938000
1227,2,1222,62128512041,1783476254462707000
1227,3,1219,62127765169,1783476254463494000
1228,0,1228,62229903849,1783476254659698000
1228,1,1226,62229191201,1783476254658643000
1228,2,1223,62228543817,1783476254657615000
1228,3,1220,62227828689,1783476254660756000
1229,0,1229,62265911721,1783476254663911000
1229,1,1227,62261182009,1783476254662857000
1229,2,1224,62260560009,1783476254661855000
1229,3,1221,62259802945,1783476254664966000
1230,0,1230,62297904009,1783476254668218000
1230,1,1228,62297171009,1783476254667073000
1230,2,1225,62296561849,1783476254666024000
1230,3,1222,62295798073,1783476254669211000
1231,0,1231,62329909817,1783476254671863000
1231,1,1229,62329165881,1783476254670969000
1231,2,1226,62328538977,1783476254670168000
1231,3,1223,62327778977,1783476254672524000
1232,0,1232,62429904881,1783476254696361000
1232,1,1230,62365166977,1783476254674477000
1232,2,1227,62428529297,1783476254698789000
1232,3,1224,62427824137,1783476254697749000
1233,0,1233,62465903977,1783476254874580000
1233,1,1231,62429169265,1783476254876627000
1233,2,1228,62460561689,1783476254875612000
1233,3,1225,62459870497,1783476254877686000
1234,0,1234,62497927105,1783476254878954000
1234,1,1232,62465217169,1783476254881034000
1234,2,1229,62496591913,1783476254880003000
1234,3,1226,62495821913,1783476254882086000
1235,0,1235,62529900233,1783476254883157000
1235,1,1233,62497191041,1783476254885254000
1235,2,1230,62528528169,1783476254884204000
1235,3,1227,62527792297,1783476254886420000
1236,0,1236,62565899881,1783476254887042000
1236,1,1234,62529171169,1783476254889017000
1236,2,1231,62560550105,1783476254887983000
1236,3,1228,62563784945,1783476254890049000
1237,0,1237,62665883105,1783476255085753000
1237,1,1235,62665165977,1783476255084697000
1237,2,1232,62664541009,1783476255083665000
1237,3,1229,62663779689,1783476255086805000
1238,0,1238,62697923201,1783476255089974000
1238,1,1236,62697205105,1783476255088916000
1238,2,1233,62696532913,1783476255087851000
1238,3,1230,62695786233,1783476255091025000
1239,0,1239,62729904009,1783476255094184000
1239,1,1237,62729188073,1783476255093133000
1239,2,1234,62728544041,1783476255092079000
1239,3,1231,62727789785,1783476255095227000
1240,0,1240,62765903977,1783476255098012000
1240,1,1238,62765179137,1783476255097206000
1240,2,1235,62764568881,1783476255096244000
1240,3,1232,62763797105,1783476255098686000
1241,0,1241,62865903233,1783476255133056000
1241,1,1239,62865176041,1783476255132005000
1241,2,1236,62864582201,1783476255130952000
1241,3,1233,62863825201,1783476255129897000
1242,0,1242,62897939201,1783476255164866000
1242,1,1240,62897196657,1783476255163820000
1242,2,1237,62896552785,1783476255162773000
1242,3,1234,62895806041,1783476255165915000
1243,0,1243,62933909913,1783476255201217000
1243,1,1241,62929197073,1783476255200176000
1243,2,1238,62928559265,1783476255199111000
1243,3,1235,62927818913,1783476255198072000
1244,0,1244,62965911945,1783476255233242000
1244,1,1242,62965186817,1783476255232206000
1244,2,1239,62964578105,1783476255231153000
1244,3,1236,62963834625,1783476255230095000
1245,0,1245,62997933753,1783476255402309000
1245,1,1243,62997185817,1783476255403343000
1245,2,1240,62996543721,1783476255404400000
1245,3,1237,62995809105,1783476255405454000
1246,0,1246,63033936817,1783476255406508000
1246,1,1244,63033200849,1783476255407570000
1246,2,1241,63028560041,1783476255408626000
1246,3,1238,63027825945,1783476255409696000
1247,0,1247,63065915753,1783476255410733000
1247,1,1245,63065182849,1783476255411788000
1247,2,1242,63064553849,1783476255412835000
1247,3,1239,63063784265,1783476255413877000
1248,0,1248,63097912041,1783476255414833000
1248,1,1246,63097187977,1783476255415674000
1248,2,1243,63096542169,1783476255416385000
1248,3,1240,63095805105,1783476255417250000
1249,0,1249,63197916849,1783476255603366000
1249,1,1247,63197189201,1783476255605473000
1249,2,1244,63196542073,1783476255604392000
1249,3,1241,63195803497,1783476255606502000
1250,0,1250,63233922137,1783476255607594000
1250,1,1248,63233214137,1783476255609766000
1250,2,1245,63232569945,1783476255608659000
1250,3,1242,63231830945,1783476255610876000
1251,0,1251,63265936817,1783476255611834000
1251,1,1249,63265206265,1783476255613929000
1251,2,1246,63264551785,1783476255612864000
1251,3,1243,63263947977,1783476255614961000
1252,0,1252,63297919105,1783476255615921000
1252,1,1250,63297206169,1783476255617592000
1252,2,1247,63296562073,1783476255616852000
1252,3,1244,63295810785,1783476255618286000
1253,0,1253,63397916233,1783476255806265000
1253,1,1251,63397217105,1783476255808455000
1253,2,1248,63396562913,1783476255805198000
1253,3,1245,63395811489,1783476255807476000
1254,0,1254,63433923072,1783476255810496000
1254,1,1252,63433194753,1783476255812608000
1254,2,1249,63432593265,1783476255809389000
1254,3,1246,63431837945,1783476255811520000
1255,0,1255,63465934849,1783476255814696000
1255,1,1253,63465189201,1783476255816778000
1255,2,1250,63464544681,1783476255813609000
1255,3,1247,63463817913,1783476255815753000
1256,0,1256,63501923657,1783476255818795000
1256,1,1254,63497209465,1783476255820050000
1256,2,1251,63496569233,1783476255817681000
1256,3,1248,63495812945,1783476255819367000
1257,0,1257,63601976041,1783476256007086000
1257,1,1255,63601210137,1783476256006052000
1257,2,1252,63596572041,1783476256008140000
1257,3,1249,63595820081,1783476256009193000
1258,0,1258,63633930849,1783476256011301000
1258,1,1256,63633199009,1783476256010269000
1258,2,1253,63632576105,1783476256012347000
1258,3,1250,63631809041,1783476256013484000
1259,0,1259,63665929009,1783476256015572000
1259,1,1257,63665198657,1783476256014459000
1259,2,1254,63664556137,1783476256016603000
1259,3,1251,63663813913,1783476256017611000
1260,0,1260,63701930137,1783476256019464000
1260,1,1258,63701199849,1783476256018586000
1260,2,1255,63696575137,1783476256020124000
1260,3,1252,63695818881,1783476256020827000
1261,0,1261,63801926977,1783476256209856000
1261,1,1259,63801212913,1783476256208940000
1261,2,1256,63800576561,1783476256207742000
1261,3,1253,63799824657,1783476256206665000
1262,0,1262,63833955073,1783476256213154000
1262,1,1260,63833223681,1783476256214226000
1262,2,1257,63832564105,1783476256212063000
1262,3,1254,63831818297,1783476256210860000
1263,0,1263,63865936105,1783476256217596000
1263,1,1261,63865219593,1783476256218670000
1263,2,1258,63864576561,1783476256216579000
1263,3,1255,63863822393,1783476256215368000
1264,0,1264,63901934105,1783476256221238000
1264,1,1262,63901203689,1783476256222475000
1264,2,1259,63900592721,1783476256220589000
1264,3,1256,63899807009,1783476256219666000
1265,0,1265,64001932201,1783476256408678000
1265,1,1263,64001202137,1783476256410805000
1265,2,1260,64000590849,1783476256409768000
1265,3,1257,63999817785,1783476256407645000
1266,0,1266,64033971881,1783476256413288000
1266,1,1264,64033225169,1783476256415416000
1266,2,1261,64032597753,1783476256414353000
1266,3,1258,64031843041,1783476256411875000
1267,0,1267,64070016137,1783476256417489000
1267,1,1265,64065226169,1783476256419624000
1267,2,1262,64064582945,1783476256418565000
1267,3,1259,64063830009,1783476256416453000
1268,0,1268,64101943041,1783476256421321000
1268,1,1266,64101212265,1783476256423118000
1268,2,1263,64100605201,1783476256422150000
1268,3,1260,64099853817,1783476256420548000
1269,0,1269,64201944977,1783476256609379000
1269,1,1267,64201208041,1783476256610430000
1269,2,1264,64200578881,1783476256608351000
1269,3,1261,64199810625,1783476256611528000
1270,0,1270,64233947105,1783476256613642000
1270,1,1268,64233217105,1783476256614704000
1270,2,1265,64232579945,1783476256612541000
1270,3,1262,64231839721,1783476256615772000
1271,0,1271,64269943945,1783476256617871000
1271,1,1269,64269230041,1783476256618926000
1271,2,1266,64264590881,1783476256616817000
1271,3,1263,64263832625,1783476256619975000
1272,0,1272,64301945137,1783476256621622000
1272,1,1270,64301231169,1783476256622464000
1272,2,1267,64300587041,1783476256620912000
1272,3,1264,64299818329,1783476256623267000
1273,0,1273,64401966105,1783476256810143000
1273,1,1271,64401229041,1783476256811203000
1273,2,1268,64400568881,1783476256809110000
1273,3,1265,64399832657,1783476256812272000
1274,0,1274,64433974169,1783476256816354000
1274,1,1272,64433254073,1783476256815875000
1274,2,1269,64432619169,1783476256813353000
1274,3,1266,64431867585,1783476256817476000
1275,0,1275,64469962721,1783476256820989000
1275,1,1273,64469230201,1783476256819933000
1275,2,1270,64468645073,1783476256818445000
1275,3,1267,64467873433,1783476256822006000
1276,0,1276,64501965689,1783476256825006000
1276,1,1274,64501237137,1783476256824056000
1276,2,1271,64500576913,1783476256823091000
1276,3,1268,64499824361,1783476256825903000
1277,0,1277,64601994073,1783476257010904000
1277,1,1275,64601224977,1783476257009872000
1277,2,1272,64600581113,1783476257012064000
1277,3,1269,64531840009,1783476257013022000
1278,0,1278,64637955817,1783476257015248000
1278,1,1276,64633247105,1783476257014059000
1278,2,1273,64632606849,1783476257016305000
1278,3,1270,64599845233,1783476257017355000
1279,0,1279,64669955105,1783476257019490000
1279,1,1277,64669224169,1783476257018400000
1279,2,1274,64668613753,1783476257020524000
1279,3,1271,64631897945,1783476257021563000
1280,0,1280,64701973849,1783476257023118000
1280,1,1278,64701226881,1783476257022380000
1280,2,1275,64700598561,1783476257023867000
1280,3,1272,64667827913,1783476257025088000
1281,0,1281,64801954265,1783476257221162000
1281,1,1279,64801231137,1783476257219067000
1281,2,1276,64800599817,1783476257220104000
1281,3,1273,64799834105,1783476257222211000
1282,0,1282,64837965041,1783476257225553000
1282,1,1280,64837257169,1783476257223272000
1282,2,1277,64832616721,1783476257224510000
1282,3,1274,64831875393,1783476257226599000
1283,0,1283,64869960073,1783476257229774000
1283,1,1281,64869230657,1783476257227661000
1283,2,1278,64868601881,1783476257228724000
1283,3,1275,64867830913,1783476257230829000
1284,0,1284,64901982977,1783476257233597000
1284,1,1282,64901233361,1783476257231732000
1284,2,1279,64900589721,1783476257232476000
1284,3,1276,64899850393,1783476257234361000
1285,0,1285,65001966201,1783476257428254000
1285,1,1283,65001232137,1783476257430345000
1285,2,1280,65000589297,1783476257431443000
1285,3,1277,64999869657,1783476257429292000
1286,0,1286,65037990945,1783476257432482000
1286,1,1284,65037259073,1783476257434589000
1286,2,1281,65036625977,1783476257435690000
1286,3,1278,65035902137,1783476257433547000
1287,0,1287,65069981849,1783476257436692000
1287,1,1285,65069252945,1783476257438803000
1287,2,1282,65068531241,1783476257439856000
1287,3,1279,65067838169,1783476257437778000
1288,0,1288,65101974656,1783476257440824000
1288,1,1286,65101271169,1783476257442494000
1288,2,1283,65100613009,1783476257443148000
1288,3,1280,65099859041,1783476257441754000
1289,0,1289,65206012977,1783476257473311000
1289,1,1287,65201262849,1783476257472258000
1289,2,1284,65200634201,1783476257471274000
1289,3,1281,65199861177,1783476257470160000
1290,0,1290,65237983137,1783476257505218000
1290,1,1288,65237248721,1783476257504191000
1290,2,1285,65236640977,1783476257503120000
1290,3,1282,65235880849,1783476257502185000
1291,0,1291,65270012201,1783476257536798000
1291,1,1289,65269268913,1783476257535762000
1291,2,1286,65268631169,1783476257539374000
1291,3,1283,65267867041,1783476257538330000
1292,0,1292,65306002137,1783476257573194000
1292,1,1290,65305280073,1783476257572150000
1292,2,1287,65300645073,1783476257571079000
1292,3,1284,65299889913,1783476257570046000
1293,0,1293,65337994233,1783476257741616000
1293,1,1291,65337244977,1783476257740580000
1293,2,1288,65336617104,1783476257743778000
1293,3,1285,65335856977,1783476257742722000
1294,0,1294,65369977521,1783476257746065000
1294,1,1292,65369255265,1783476257744985000
1294,2,1289,65368612657,1783476257750223000
1294,3,1286,65367888561,1783476257747093000
1295,0,1295,65405996817,1783476257751270000
1295,1,1293,65405272489,1783476257749127000
1295,2,1290,65400622297,1783476257754332000
1295,3,1287,65399866233,1783476257752296000
1296,0,1296,65437981369,1783476257756231000
1296,1,1294,65437248977,1783476257753337000
1296,2,1291,65436622881,1783476257758027000
1296,3,1288,65435873041,1783476257755300000
1297,0,1297,65537993977,1783476257943784000
1297,1,1295,65537248529,1783476257942751000
1297,2,1292,65468605105,1783476257945893000
1297,3,1289,65535855041,1783476257944854000
1298,0,1298,65569999721,1783476257948008000
1298,1,1296,65569257073,1783476257946965000
1298,2,1293,65536607265,1783476257950127000
1298,3,1290,65567945529,1783476257949077000
1299,0,1299,65605982137,1783476257952230000
1299,1,1297,65605250849,1783476257951175000
1299,2,1294,65568648137,1783476257954349000
1299,3,1291,65603881105,1783476257953277000
1300,0,1300,65637999169,1783476257956152000
1300,1,1298,65637252881,1783476257955272000
1300,2,1295,65604641913,1783476257958957000
1300,3,1292,65635866881,1783476257956867000
1301,0,1301,65669982105,1783476258153099000
1301,1,1299,65737265689,1783476258155164000
1301,2,1296,65736605785,1783476258154091000
1301,3,1293,65735883137,1783476258151997000
1302,0,1302,65737994497,1783476258163162000
1302,1,1300,65769279521,1783476258159191000
1302,2,1297,65768631393,1783476258158152000
1302,3,1294,65767887209,1783476258156716000
1303,0,1303,65773986657,1783476258167294000
1303,1,1301,65805254945,1783476258164201000
1303,2,1298,65804644105,1783476258162083000
1303,3,1295,65803857913,1783476258160533000
1304,0,1304,65805985497,1783476258170992000
1304,1,1302,65837257169,1783476258168237000
1304,2,1299,65836629977,1783476258166223000
1304,3,1296,65835871753,1783476258165223000
1305,0,1305,65937995561,1783476258362322000
1305,1,1303,65937263105,1783476258361275000
1305,2,1300,65936613881,1783476258364500000
1305,3,1297,65935870105,1783476258363411000
1306,0,1306,65973993105,1783476258366563000
1306,1,1304,65973285721,1783476258365465000
1306,2,1301,65968639201,1783476258368857000
1306,3,1298,65967878945,1783476258367611000
1307,0,1307,66005991785,1783476258370988000
1307,1,1305,66005261201,1783476258369978000
1307,2,1302,66004635849,1783476258373187000
1307,3,1299,66003862041,1783476258372032000
1308,0,1308,66037993401,1783476258374860000
1308,1,1306,66037281041,1783476258377027000
1308,2,1303,66036621617,1783476258376365000
1308,3,1300,66035890753,1783476258375593000
1309,0,1309,66138057977,1783476258404210000
1309,1,1307,66137350137,1783476258408139000
1309,2,1304,66136641137,1783476258407080000
1309,3,1301,66135966073,1783476258406109000
1310,0,1310,66173986041,1783476258441367000
1310,1,1308,66173272201,1783476258440304000
1310,2,1305,66172659073,1783476258439251000
1310,3,1302,66171918849,1783476258438305000
1311,0,1311,66206020817,1783476258473061000
1311,1,1309,66205299105,1783476258472056000
1311,2,1306,66204680721,1783476258470963000
1311,3,1303,66203886433,1783476258474100000
1312,0,1312,66238012169,1783476258509764000
1312,1,1310,66237308945,1783476258508664000
1312,2,1307,66236654072,1783476258507639000
1312,3,1304,66235914105,1783476258506601000
1313,0,1313,66274078233,1783476258678633000
1313,1,1311,66273387041,1783476258675489000
1313,2,1308,66272684233,1783476258676516000
1313,3,1305,66271888529,1783476258677578000
1314,0,1314,66306020265,1783476258683120000
1314,1,1312,66305296529,1783476258680067000
1314,2,1309,66304659073,1783476258681014000
1314,3,1306,66303905137,1783476258682304000
1315,0,1315,66342002361,1783476258687614000
1315,1,1313,66337295816,1783476258684191000
1315,2,1310,66336657913,1783476258685243000
1315,3,1307,66335918785,1783476258686555000
1316,0,1316,66374002073,1783476258691358000
1316,1,1314,66373271265,1783476258688650000
1316,2,1311,66372661561,1783476258689517000
1316,3,1308,66371874977,1783476258690254000
1317,0,1317,66474003041,1783476258878335000
1317,1,1315,66473273945,1783476258879374000
1317,2,1312,66472664425,1783476258876238000
1317,3,1309,66471877593,1783476258877294000
1318,0,1318,66506008105,1783476258882562000
1318,1,1316,66505277105,1783476258883609000
1318,2,1313,66504636593,1783476258880422000
1318,3,1310,66503904817,1783476258881475000
1319,0,1319,66542006913,1783476258886765000
1319,1,1317,66541292945,1783476258887702000
1319,2,1314,66536653721,1783476258884666000
1319,3,1311,66535899105,1783476258885711000
1320,0,1320,66574019753,1783476258890485000
1320,1,1318,66573296169,1783476258891123000
1320,2,1315,66572650945,1783476258888636000
1320,3,1312,66571883201,1783476258889361000
1321,0,1321,66674020265,1783476259078008000
1321,1,1319,66673275137,1783476259079062000
1321,2,1316,66672634337,1783476259076978000
1321,3,1313,66671883169,1783476259080140000
1322,0,1322,66706023881,1783476259082269000
1322,1,1320,66705290265,1783476259083316000
1322,2,1317,66704655945,1783476259081177000
1322,3,1314,66703920881,1783476259084376000
1323,0,1323,66742005073,1783476259086489000
1323,1,1321,66741298137,1783476259087527000
1323,2,1318,66740655041,1783476259085430000
1323,3,1315,66739898977,1783476259088583000
1324,0,1324,66774028201,1783476259090514000
1324,1,1322,66773300201,1783476259091317000
1324,2,1319,66772638009,1783476259089541000
1324,3,1316,66771884945,1783476259091962000
1325,0,1325,66874034073,1783476259278756000
1325,1,1323,66873303073,1783476259277674000
1325,2,1320,66872634401,1783476259280819000
1325,3,1317,66871877657,1783476259279778000
1326,0,1326,66910018105,1783476259282973000
1326,1,1324,66905311945,1783476259281917000
1326,2,1321,66904676169,1783476259285093000
1326,3,1318,66903946753,1783476259284034000
1327,0,1327,66942015233,1783476259287419000
1327,1,1325,66941286265,1783476259286332000
1327,2,1322,66940675265,1783476259289393000
1327,3,1319,66939888465,1783476259288425000
1328,0,1328,66974035201,1783476259291239000
1328,1,1326,66973288881,1783476259290375000
1328,2,1323,66972662489,1783476259292584000
1328,3,1320,66971904361,1783476259291905000
1329,0,1329,67074066233,1783476259480561000
1329,1,1327,67073291976,1783476259478525000
1329,2,1324,67072684169,1783476259479492000
1329,3,1321,67072019529,1783476259481601000
1330,0,1330,67110023105,1783476259485186000
1330,1,1328,67109309721,1783476259483083000
1330,2,1325,67104687073,1783476259484120000
1330,3,1322,67103911009,1783476259486229000
1331,0,1331,67142021817,1783476259489392000
1331,1,1329,67141292401,1783476259487300000
1331,2,1326,67140664041,1783476259488332000
1331,3,1323,67139894073,1783476259490416000
1332,0,1332,67174023849,1783476259493100000
1332,1,1330,67173296817,1783476259491314000
1332,2,1327,67172685169,1783476259492039000
1332,3,1324,67171910649,1783476259493876000
1333,0,1333,67274021721,1783476259680311000
1333,1,1331,67273304785,1783476259679293000
1333,2,1328,67272658041,1783476259682398000
1333,3,1325,67271942689,1783476259681410000
1334,0,1334,67310029201,1783476259684815000
1334,1,1332,67309309593,1783476259683765000
1334,2,1329,67308692393,1783476259686955000
1334,3,1326,67307923977,1783476259685911000
1335,0,1335,67342048881,1783476259689584000
1335,1,1333,67341319105,1783476259687979000
1335,2,1330,67340647817,1783476259691652000
1335,3,1327,67339890944,1783476259690718000
1336,0,1336,67374022657,1783476259693602000
1336,1,1334,67373309785,1783476259692638000
1336,2,1331,67372676201,1783476259695532000
1336,3,1328,67371922041,1783476259694703000
1337,0,1337,67474031689,1783476259879941000
1337,1,1335,67473327201,1783476259882048000
1337,2,1332,67472669561,1783476259880971000
1337,3,1329,67407900657,1783476259883081000
1338,0,1338,67510032913,1783476259884099000
1338,1,1336,67509305201,1783476259886255000
1338,2,1333,67508699073,1783476259885180000
1338,3,1330,67471909521,1783476259887294000
1339,0,1339,67542050521,1783476259888345000
1339,1,1337,67541317169,1783476259890469000
1339,2,1334,67540658041,1783476259889574000
1339,3,1331,67507968817,1783476259891614000
1340,0,1340,67578035273,1783476259892382000
1340,1,1338,67573320137,1783476259894206000
1340,2,1335,67572677009,1783476259893221000
1340,3,1332,67539918233,1783476259895026000
1341,0,1341,67678039201,1783476260089233000
1341,1,1339,67677316945,1783476260091326000
1341,2,1336,67672675881,1783476260090265000
1341,3,1333,67671920073,1783476260092412000
1342,0,1342,67710038137,1783476260093425000
1342,1,1340,67709311233,1783476260095527000
1342,2,1337,67708691073,1783476260094478000
1342,3,1334,67707921561,1783476260096593000
1343,0,1343,67742039073,1783476260097643000
1343,1,1341,67741310041,1783476260099745000
1343,2,1338,67740667073,1783476260098696000
1343,3,1335,67739925689,1783476260100776000
1344,0,1344,67778040105,1783476260101760000
1344,1,1342,67777309201,1783476260103234000
1344,2,1339,67772686233,1783476260102495000
1344,3,1336,67775923201,1783476260104005000
1345,0,1345,67878044073,1783476260289918000
1345,1,1343,67877321105,1783476260292017000
1345,2,1340,67876679041,1783476260290956000
1345,3,1337,67875917009,1783476260293063000
1346,0,1346,67910061849,1783476260294601000
1346,1,1344,67909334105,1783476260296668000
1346,2,1341,67908701265,1783476260295611000
1346,3,1338,67907928201,1783476260297721000
1347,0,1347,67942044753,1783476260302055000
1347,1,1345,67941330105,1783476260300987000
1347,2,1342,67940687233,1783476260299946000
1347,3,1339,67939932913,1783476260303097000
1348,0,1348,67978043401,1783476260305977000
1348,1,1346,67977313977,1783476260305066000
1348,2,1343,67976704041,1783476260304115000
1348,3,1340,67975918201,1783476260306835000
1349,0,1349,68078060009,1783476260492845000
1349,1,1347,68077312201,1783476260491782000
1349,2,1344,68076705105,1783476260490759000
1349,3,1341,68075924201,1783476260493893000
1350,0,1350,68110069105,1783476260497118000
1350,1,1348,68109322849,1783476260496071000
1350,2,1345,68108676945,1783476260495007000
1350,3,1342,68107947105,1783476260498197000
1351,0,1351,68146048945,1783476260501331000
1351,1,1349,68141334913,1783476260500285000
1351,2,1346,68140692913,1783476260499224000
1351,3,1343,68139936753,1783476260502386000
1352,0,1352,68178074977,1783476260504851000
1352,1,1350,68177315041,1783476260504055000
1352,2,1347,68176703977,1783476260503312000
1352,3,1344,68175911073,1783476260505850000
1353,0,1353,68278063169,1783476260691491000
1353,1,1351,68277316137,1783476260692514000
1353,2,1348,68276694169,1783476260693561000
1353,3,1345,68275927137,1783476260694617000
1354,0,1354,68310055817,1783476260695817000
1354,1,1352,68309327105,1783476260696876000
1354,2,1349,68308686233,1783476260698036000
1354,3,1346,68307954881,1783476260699007000
1355,0,1355,68346054817,1783476260700047000
1355,1,1353,68345339785,1783476260701097000
1355,2,1350,68340699721,1783476260702136000
1355,3,1347,68339945169,1783476260703217000
1356,0,1356,68378073137,1783476260704156000
1356,1,1354,68377341009,1783476260704958000
1356,2,1351,68376696625,1783476260705649000
1356,3,1348,68375927649,1783476260706507000
1357,0,1357,68478057977,1783476260894290000
1357,1,1355,68477339849,1783476260892197000
1357,2,1352,68476683201,1783476260893239000
1357,3,1349,68475933465,1783476260895366000
1358,0,1358,68510060657,1783476260898919000
1358,1,1356,68509347817,1783476260896391000
1358,2,1353,68508708105,1783476260897873000
1358,3,1350,68507999393,1783476260899978000
1359,0,1359,68546158297,1783476260903134000
1359,1,1357,68545361041,1783476260901018000
1359,2,1354,68544735849,1783476260902085000
1359,3,1351,68543936073,1783476260904289000
1360,0,1360,68578078073,1783476260908280000
1360,1,1358,68577348169,1783476260905030000
1360,2,1355,68576686529,1783476260905761000
1360,3,1352,68575934009,1783476260907485000
1361,0,1361,68678068361,1783476261093784000
1361,1,1359,68677339009,1783476261092791000
1361,2,1356,68676693201,1783476261095931000
1361,3,1353,68675957689,1783476261094879000
1362,0,1362,68714065137,1783476261098023000
1362,1,1360,68709353329,1783476261096984000
1362,2,1357,68708710073,1783476261100122000
1362,3,1354,68707962041,1783476261099043000
1363,0,1363,68746093553,1783476261102205000
1363,1,1361,68745342913,1783476261101158000
1363,2,1358,68744742169,1783476261105586000
1363,3,1355,68743940329,1783476261103262000
1364,0,1364,68778066617,1783476261105761000
1364,1,1362,68777336585,1783476261105028000
1364,2,1359,68776710169,1783476261108391000
1364,3,1356,68775953169,1783476261106583000
1365,0,1365,68878100105,1783476261295681000
1365,1,1363,68877445489,1783476261294634000
1365,2,1360,68876734361,1783476261293601000
1365,3,1357,68875970457,1783476261296742000
1366,0,1366,68910081913,1783476261299876000
1366,1,1364,68913360009,1783476261298839000
1366,2,1361,68908725529,1783476261297768000
1366,3,1358,68907963233,1783476261300933000
1367,0,1367,68946085169,1783476261304107000
1367,1,1365,68945353297,1783476261303043000
1367,2,1362,68944708393,1783476261302198000
1367,3,1359,68943936881,1783476261305093000
1368,0,1368,68978074233,1783476261307711000
1368,1,1366,68977344137,1783476261306998000
1368,2,1363,68976700817,1783476261306045000
1368,3,1360,68975964169,1783476261308485000
1369,0,1369,69078232041,1783476261496380000
1369,1,1367,69077346817,1783476261494299000
1369,2,1364,69076971009,1783476261495330000
1369,3,1361,69076080041,1783476261497431000
1370,0,1370,69114067169,1783476261500595000
1370,1,1368,69113349137,1783476261498486000
1370,2,1365,69112737977,1783476261499539000
1370,3,1362,69111982233,1783476261501739000
1371,0,1371,69146091945,1783476261504812000
1371,1,1369,69145363009,1783476261502715000
1371,2,1366,69144701977,1783476261503790000
1371,3,1363,69143949593,1783476261505761000
1372,0,1372,69178078265,1783476261508456000
1372,1,1370,69177378137,1783476261506752000
1372,2,1367,69176720297,1783476261507507000
1372,3,1364,69175965785,1783476261509090000
1373,0,1373,69282091913,1783476261696147000
1373,1,1371,69277368073,1783476261698243000
1373,2,1368,69276725113,1783476261697179000
1373,3,1365,69211950233,1783476261695096000
1374,0,1374,69314099009,1783476261700436000
1374,1,1372,69313353721,1783476261702532000
1374,2,1369,69312745233,1783476261701495000
1374,3,1366,69275956753,1783476261699408000
1375,0,1375,69346081881,1783476261704652000
1375,1,1373,69345351881,1783476261706754000
1375,2,1370,69344724945,1783476261705694000
1375,3,1367,69311964881,1783476261703603000
1376,0,1376,69378081881,1783476261708694000
1376,1,1374,69381389137,1783476261710292000
1376,2,1371,69376724881,1783476261709454000
1376,3,1368,69343966721,1783476261707732000
1377,0,1377,69482089105,1783476261748544000
1377,1,1375,69481367105,1783476261747514000
1377,2,1372,69476731137,1783476261750049000
1377,3,1369,69475977241,1783476261746151000
1378,0,1378,69514115105,1783476261780894000
1378,1,1376,69513384169,1783476261779844000
1378,2,1373,69512779945,1783476261778805000
1378,3,1370,69512063817,1783476261781944000
1379,0,1379,69546102369,1783476261817249000
1379,1,1377,69545368977,1783476261816211000
1379,2,1374,69544760073,1783476261815146000
1379,3,1371,69543998561,1783476261814113000
1380,0,1380,69578136137,1783476261849331000
1380,1,1378,69581421265,1783476261848300000
1380,2,1375,69580777137,1783476261847224000
1380,3,1372,69580012817,1783476261846192000
1381,0,1381,69614109945,1783476262020412000
1381,1,1379,69613364721,1783476262019377000
1381,2,1376,69612722105,1783476262022546000
1381,3,1373,69611987945,1783476262021501000
1382,0,1382,69646094201,1783476262025003000
1382,1,1380,69645367817,1783476262023942000
1382,2,1377,69644723265,1783476262027112000
1382,3,1374,69643996561,1783476262026101000
1383,0,1383,69682096361,1783476262029208000
1383,1,1381,69681362169,1783476262028176000
1383,2,1378,69680752137,1783476262031282000
1383,3,1375,69679982721,1783476262030236000
1384,0,1384,69714116105,1783476262033025000
1384,1,1382,69713385137,1783476262032238000
1384,2,1379,69712728233,1783476262034816000
1384,3,1376,69711981201,1783476262033691000
1385,0,1385,69814092169,1783476262221228000
1385,1,1383,69813383233,1783476262220196000
1385,2,1380,69812729849,1783476262222288000
1385,3,1377,69743999457,1783476262223476000
1386,0,1386,69846118977,1783476262225450000
1386,1,1384,69845457849,1783476262224397000
1386,2,1381,69844751009,1783476262226505000
1386,3,1378,69812016465,1783476262227778000
1387,0,1387,69882140073,1783476262229874000
1387,1,1385,69881369105,1783476262228819000
1387,2,1382,69880760073,1783476262230928000
1387,3,1379,69844036305,1783476262231957000
1388,0,1388,69914105105,1783476262233632000
1388,1,1386,69913373817,1783476262232893000
1388,2,1383,69912747073,1783476262234425000
1388,3,1380,69879973041,1783476262235203000
1389,0,1389,70014103009,1783476262431475000
1389,1,1387,70013365625,1783476262429364000
1389,2,1384,70012729593,1783476262430398000
1389,3,1381,70012011785,1783476262432507000
1390,0,1390,70050103169,1783476262435669000
1390,1,1388,70049390945,1783476262433550000
1390,2,1385,70044771073,1783476262434605000
1390,3,1382,70043998265,1783476262436730000
1391,0,1391,70082126977,1783476262439881000
1391,1,1389,70081365977,1783476262437775000
1391,2,1386,70080737977,1783476262438824000
1391,3,1383,70079960497,1783476262440887000
1392,0,1392,70114106137,1783476262443452000
1392,1,1390,70113376265,1783476262441651000
1392,2,1387,70112733073,1783476262442444000
1392,3,1384,70111998913,1783476262444280000
1393,0,1393,70214101657,1783476262629941000
1393,1,1391,70213374201,1783476262632036000
1393,2,1388,70212733265,1783476262630986000
1393,3,1385,70212017169,1783476262633104000
1394,0,1394,70250125169,1783476262634196000
1394,1,1392,70249372265,1783476262636247000
1394,2,1389,70248763329,1783476262635182000
1394,3,1386,70248001105,1783476262637298000
1395,0,1395,70282106393,1783476262638346000
1395,1,1393,70281394361,1783476262640467000
1395,2,1390,70280734361,1783476262639434000
1395,3,1387,70279979233,1783476262641515000
1396,0,1396,70314125265,1783476262642462000
1396,1,1394,70313447297,1783476262643882000
1396,2,1391,70312778425,1783476262643187000
1396,3,1388,70312041297,1783476262644624000
1397,0,1397,70414109233,1783476262830818000
1397,1,1395,70413395041,1783476262832899000
1397,2,1392,70412753425,1783476262831846000
1397,3,1389,70348003233,1783476262833951000
1398,0,1398,70450138265,1783476262835049000
1398,1,1396,70449379041,1783476262837167000
1398,2,1393,70448799945,1783476262836104000
1398,3,1390,70411996073,1783476262838225000
1399,0,1399,70482110881,1783476262839271000
1399,1,1397,70481383073,1783476262841373000
1399,2,1394,70480851913,1783476262840322000
1399,3,1391,70448152785,1783476262842355000
1400,0,1400,70514348689,1783476262843331000
1400,1,1398,70517404105,1783476262844877000
1400,2,1395,70513095009,1783476262844049000
1400,3,1392,70480000817,1783476262845633000
1401,0,1401,70614121137,1783476262884965000
1401,1,1399,70617407105,1783476262883916000
1401,2,1396,70612769073,1783476262882830000
1401,3,1393,70612002457,1783476262881471000
1402,0,1402,70650115073,1783476262916823000
1402,1,1400,70649385913,1783476262915760000
1402,2,1397,70648767041,1783476262914727000
1402,3,1394,70648011137,1783476262913695000
1403,0,1403,70682124233,1783476262948497000
1403,1,1401,70681393041,1783476262952091000
1403,2,1398,70680774753,1783476262951042000
1403,3,1395,70680016201,1783476262949996000
1404,0,1404,70714167913,1783476262985368000
1404,1,1402,70717418233,1783476262984319000
1404,2,1399,70712784625,1783476262983266000
1404,3,1396,70716036009,1783476262982271000
1405,0,1405,70750124201,1783476263156371000
1405,1,1403,70749394977,1783476263154269000
1405,2,1400,70748756785,1783476263155504000
1405,3,1397,70748003913,1783476263157497000
1406,0,1406,70782113817,1783476263161034000
1406,1,1404,70781395977,1783476263158583000
1406,2,1401,70780760657,1783476263160026000
1406,3,1398,70780016721,1783476263162174000
1407,0,1407,70814145785,1783476263165327000
1407,1,1405,70817403913,1783476263163233000
1407,2,1402,70816769041,1783476263164342000
1407,3,1399,70816013913,1783476263166385000
1408,0,1408,70850146849,1783476263169348000
1408,1,1406,70849442945,1783476263167479000
1408,2,1403,70848767297,1783476263168401000
1408,3,1400,70848024817,1783476263170221000
1409,0,1409,70950125977,1783476263357123000
1409,1,1407,70949420689,1783476263356031000
1409,2,1404,70948753073,1783476263354990000
1409,3,1401,70947998369,1783476263358140000
1410,0,1410,70982129944,1783476263361635000
1410,1,1408,70981424201,1783476263360255000
1410,2,1405,70980771105,1783476263359187000
1410,3,1402,70980020329,1783476263362681000
1411,0,1411,71018147009,1783476263365847000
1411,1,1409,71017408233,1783476263364782000
1411,2,1406,71016788945,1783476263363737000
1411,3,1403,71016015233,1783476263366869000
1412,0,1412,71050131529,1783476263369456000
1412,1,1410,71049408073,1783476263368713000
1412,2,1407,71048756945,1783476263367948000
1412,3,1404,71048020457,1783476263370223000
1413,0,1413,71150154785,1783476263556906000
1413,1,1411,71149448073,1783476263557890000
1413,2,1408,71148779009,1783476263555911000
1413,3,1405,71148060657,1783476263558914000
1414,0,1414,71182144273,1783476263561544000
1414,1,1412,71185436233,1783476263562582000
1414,2,1409,71180802201,1783476263559999000
1414,3,1406,71180065913,1783476263563655000
1415,0,1415,71218152945,1783476263565745000
1415,1,1413,71217413849,1783476263566831000
1415,2,1410,71216777265,1783476263564685000
1415,3,1407,71216010169,1783476263567804000
1416,0,1416,71250122305,1783476263569713000
1416,1,1414,71249412105,1783476263570584000
1416,2,1411,71248763105,1783476263568759000
1416,3,1408,71248026073,1783476263571458000
1417,0,1417,71350136689,1783476263757549000
1417,1,1415,71349413041,1783476263758616000
1417,2,1412,71348764137,1783476263756510000
1417,3,1409,71348022817,1783476263759660000
1418,0,1418,71382161977,1783476263761923000
1418,1,1416,71385419753,1783476263762968000
1418,2,1413,71384784009,1783476263760707000
1418,3,1410,71384038945,1783476263764021000
1419,0,1419,71418183657,1783476263766128000
1419,1,1417,71417597105,1783476263767184000
1419,2,1414,71416810009,1783476263765068000
1419,3,1411,71416022105,1783476263768147000
1420,0,1420,71450152785,1783476263769807000
1420,1,1418,71449479137,1783476263770752000
1420,2,1415,71448799329,1783476263769097000
1420,3,1412,71448069201,1783476263771476000
1421,0,1421,71550144945,1783476263957363000
1421,1,1419,71549499073,1783476263959474000
1421,2,1416,71548810753,1783476263960487000
1421,3,1413,71548062401,1783476263958406000
1422,0,1422,71586161169,1783476263961784000
1422,1,1420,71585436945,1783476263963900000
1422,2,1417,71584852593,1783476263964945000
1422,3,1414,71584064689,1783476263962848000
1423,0,1423,71618168913,1783476263965994000
1423,1,1421,71617435977,1783476263968117000
1423,2,1418,71616807529,1783476263969137000
1423,3,1415,71616041105,1783476263967048000
1424,0,1424,71650150041,1783476263970145000
1424,1,1422,71649536881,1783476263971681000
1424,2,1419,71648829817,1783476263972318000
1424,3,1416,71648046169,1783476263970928000
1425,0,1425,71750187073,1783476264160045000
1425,1,1423,71753418977,1783476264157962000
1425,2,1420,71748802137,1783476264159007000
1425,3,1417,71748041721,1783476264161108000
1426,0,1426,71786160977,1783476264164259000
1426,1,1424,71785432881,1783476264162168000
1426,2,1421,71784801137,1783476264163206000
1426,3,1418,71784061073,1783476264165326000
1427,0,1427,71818159041,1783476264168479000
1427,1,1425,71817433753,1783476264166378000
1427,2,1422,71816782233,1783476264167466000
1427,3,1419,71816046977,1783476264169560000
1428,0,1428,71850168489,1783476264172298000
1428,1,1426,71853426561,1783476264170489000
1428,2,1423,71848799041,1783476264171476000
1428,3,1420,71852038105,1783476264173095000
1429,0,1429,71950162945,1783476264358819000
1429,1,1427,71953436265,1783476264359855000
1429,2,1424,71952798073,1783476264360909000
1429,3,1421,71952043977,1783476264361958000
1430,0,1430,71986152105,1783476264363295000
1430,1,1428,71985451977,1783476264364339000
1430,2,1425,71984813977,1783476264365387000
1430,3,1422,71984041849,1783476264366447000
1431,0,1431,72018158593,1783476264367511000
1431,1,1429,72017445881,1783476264368559000
1431,2,1426,72016800457,1783476264369604000
1431,3,1423,72016049201,1783476264370660000
1432,0,1432,72054170561,1783476264371480000
1432,1,1430,72053436009,1783476264372241000
1432,2,1427,72052813105,1783476264373216000
1432,3,1424,72052026105,1783476264374130000
1433,0,1433,72154172881,1783476264561726000
1433,1,1431,72153434009,1783476264560627000
1433,2,1428,72152817073,1783476264559587000
1433,3,1425,72152018305,1783476264562760000
1434,0,1434,72186174849,1783476264566970000
1434,1,1432,72185444849,1783476264565845000
1434,2,1429,72184798041,1783476264564804000
1434,3,1426,72184070073,1783476264567943000
1435,0,1435,72218160105,1783476264571083000
1435,1,1433,72217445913,1783476264570049000
1435,2,1430,72216803201,1783476264569010000
1435,3,1427,72216048137,1783476264572107000
1436,0,1436,72254178329,1783476264574960000
1436,1,1434,72253445137,1783476264574031000
1436,2,1431,72252817689,1783476264573088000
1436,3,1428,72252032753,1783476264575873000
1437,0,1437,72354180945,1783476264762419000
1437,1,1435,72353465361,1783476264761360000
1437,2,1432,72352807849,1783476264760336000
1437,3,1429,72352023305,1783476264763483000
1438,0,1438,72386172105,1783476264766632000
1438,1,1436,72385478785,1783476264765562000
1438,2,1433,72384810105,1783476264764536000
1438,3,1430,72384079041,1783476264767683000
1439,0,1439,72418168849,1783476264770839000
1439,1,1437,72421435945,1783476264769783000
1439,2,1434,72416814169,1783476264768726000
1439,3,1431,72416056881,1783476264771849000
1440,0,1440,72454160073,1783476264774358000
1440,1,1438,72453452977,1783476264773458000
1440,2,1435,72452808849,1783476264772786000
1440,3,1432,72452039201,1783476264775063000
1441,0,1441,72554165329,1783476264962255000
1441,1,1439,72553440137,1783476264961220000
1441,2,1436,72552794201,1783476264964390000
1441,3,1433,72552041073,1783476264963299000
1442,0,1442,72586181169,1783476264966464000
1442,1,1440,72585467753,1783476264965416000
1442,2,1437,72584857105,1783476264969076000
1442,3,1434,72584065913,1783476264967522000
1443,0,1443,72622179721,1783476264971174000
1443,1,1441,72621447657,1783476264970141000
1443,2,1438,72620830977,1783476264973280000
1443,3,1435,72620063657,1783476264972236000
1444,0,1444,72654166137,1783476264975297000
1444,1,1442,72653460457,1783476264974334000
1444,2,1439,72652798913,1783476264977141000
1444,3,1436,72652043945,1783476264976254000
1445,0,1445,72754167169,1783476265164047000
1445,1,1443,72753441169,1783476265161958000
1445,2,1440,72752801529,1783476265163014000
1445,3,1437,72752060009,1783476265165109000
1446,0,1446,72786176945,1783476265168263000
1446,1,1444,72785466977,1783476265166148000
1446,2,1441,72784840169,1783476265167204000
1446,3,1438,72784075945,1783476265169391000
1447,0,1447,72822221009,1783476265172470000
1447,1,1445,72821464041,1783476265170375000
1447,2,1442,72820855721,1783476265171449000
1447,3,1439,72820103721,1783476265173475000
1448,0,1448,72854176977,1783476265176098000
1448,1,1446,72853482041,1783476265174449000
1448,2,1443,72852825137,1783476265175256000
1448,3,1440,72852142977,1783476265176756000
1449,0,1449,72954180201,1783476265362667000
1449,1,1447,72953445201,1783476265364764000
1449,2,1444,72952801657,1783476265363705000
1449,3,1441,72952052401,1783476265365879000
1450,0,1450,72986221849,1783476265366900000
1450,1,1448,72989551977,1783476265368999000
1450,2,1445,72984847041,1783476265367956000
1450,3,1442,72984079945,1783476265370180000
1451,0,1451,73022176041,1783476265371225000
1451,1,1449,73021460785,1783476265373333000
1451,2,1446,73020844041,1783476265372279000
1451,3,1443,73020056041,1783476265374362000
1452,0,1452,73054182233,1783476265375359000
1452,1,1450,73053461105,1783476265377002000
1452,2,1447,73052810041,1783476265376309000
1452,3,1444,73052069977,1783476265377684000
1453,0,1453,73154172017,1783476265564454000
1453,1,1451,73153472105,1783476265565477000
1453,2,1448,73152829369,1783476265563374000
1453,3,1445,73152071849,1783476265566514000
1454,0,1454,73190199913,1783476265568630000
1454,1,1452,73189456169,1783476265569685000
1454,2,1449,73188846201,1783476265567860000
1454,3,1446,73188064553,1783476265570740000
1455,0,1455,73222188073,1783476265573723000
1455,1,1453,73221474073,1783476265574771000
1455,2,1450,73220811953,1783476265572668000
1455,3,1447,73220046169,1783476265575818000
1456,0,1456,73254188393,1783476265577783000
1456,1,1454,73253489169,1783476265578687000
1456,2,1451,73252830657,1783476265576800000
1456,3,1448,73252072169,1783476265579548000
1457,0,1457,73354192073,1783476265765199000
1457,1,1455,73353478945,1783476265766288000
1457,2,1452,73352826817,1783476265764167000
1457,3,1449,73352065073,1783476265767305000
1458,0,1458,73390218881,1783476265770149000
1458,1,1456,73389461137,1783476265771186000
1458,2,1453,73388852137,1783476265768936000
1458,3,1450,73388110137,1783476265772289000
1459,0,1459,73422192201,1783476265774818000
1459,1,1457,73421464105,1783476265775870000
1459,2,1454,73420886073,1783476265773394000
1459,3,1451,73420120265,1783476265776922000
1460,0,1460,73454223561,1783476265778985000
1460,1,1458,73457482041,1783476265781387000
1460,2,1455,73452892233,1783476265777959000
1460,3,1452,73452226009,1783476265780504000
1461,0,1461,73554198817,1783476265965028000
1461,1,1459,73557483881,1783476265966068000
1461,2,1456,73552842369,1783476265967122000
1461,3,1453,73552075433,1783476265968276000
1462,0,1462,73590191913,1783476265969288000
1462,1,1460,73589481201,1783476265970332000
1462,2,1457,73588842849,1783476265971413000
1462,3,1454,73588152329,1783476265972461000
1463,0,1463,73622192265,1783476265973530000
1463,1,1461,73621472169,1783476265974569000
1463,2,1458,73620824721,1783476265975601000
1463,3,1455,73620085977,1783476265976640000
1464,0,1464,73654274721,1783476265977650000
1464,1,1462,73657484489,1783476265978541000
1464,2,1459,73656842073,1783476265979252000
1464,3,1456,73656101201,1783476265979886000
1465,0,1465,73758202329,1783476266166724000
1465,1,1463,73757464945,1783476266167766000
1465,2,1460,73756853721,1783476266165675000
1465,3,1457,73756076145,1783476266168812000
1466,0,1466,73790197945,1783476266170924000
1466,1,1464,73789493073,1783476266171980000
1466,2,1461,73788840753,1783476266169940000
1466,3,1458,73788289393,1783476266173035000
1467,0,1467,73822197073,1783476266175558000
1467,1,1465,73821499169,1783476266176606000
1467,2,1462,73820846721,1783476266174546000
1467,3,1459,73820089137,1783476266177676000
1468,0,1468,73858217201,1783476266179238000
1468,1,1466,73857472137,1783476266179958000
1468,2,1463,73856860657,1783476266178455000
1468,3,1460,73856074521,1783476266181283000
1469,0,1469,73958221977,1783476266366500000
1469,1,1467,73957476201,1783476266367535000
1469,2,1464,73956865945,1783476266368581000
1469,3,1461,73956080561,1783476266369627000
1470,0,1470,73990223105,1783476266371140000
1470,1,1468,73989531137,1783476266372190000
1470,2,1465,73988876265,1783476266373290000
1470,3,1462,73988233105,1783476266374288000
1471,0,1471,74022221753,1783476266375442000
1471,1,1469,74025490009,1783476266376403000
1471,2,1466,74020946041,1783476266377470000
1471,3,1463,74020102881,1783476266378471000
1472,0,1472,74058224105,1783476266379495000
1472,1,1470,74057477849,1783476266380457000
1472,2,1467,74056844489,1783476266381278000
1472,3,1464,74056069489,1783476266382120000
1473,0,1473,74158204561,1783476266569044000
1473,1,1471,74157484009,1783476266570227000
1473,2,1468,74156852489,1783476266566951000
1473,3,1465,74156083721,1783476266567989000
1474,0,1474,74190222977,1783476266573411000
1474,1,1472,74189499168,1783476266574480000
1474,2,1469,74188886009,1783476266571319000
1474,3,1466,74188112977,1783476266572403000
1475,0,1475,74222230977,1783476266577869000
1475,1,1473,74225498625,1783476266578882000
1475,2,1470,74224858105,1783476266575608000
1475,3,1467,74224086041,1783476266576774000
1476,0,1476,74258205913,1783476266581389000
1476,1,1474,74257477945,1783476266582450000
1476,2,1471,74256833265,1783476266579886000
1476,3,1468,74256075393,1783476266580646000
1477,0,1477,74358210105,1783476266767801000
1477,1,1475,74357500337,1783476266768823000
1477,2,1472,74356847105,1783476266769893000
1477,3,1469,74356092689,1783476266770934000
1478,0,1478,74390238073,1783476266772065000
1478,1,1476,74389539137,1783476266773106000
1478,2,1473,74388884977,1783476266774166000
1478,3,1470,74388115977,1783476266775233000
1479,0,1479,74426232241,1783476266776276000
1479,1,1477,74425488105,1783476266777318000
1479,2,1474,74424877073,1783476266778377000
1479,3,1471,74424090105,1783476266779452000
1480,0,1480,74458211721,1783476266780170000
1480,1,1478,74457484201,1783476266780923000
1480,2,1475,74456841105,1783476266782019000
1480,3,1472,74456103041,1783476266782896000
1481,0,1481,74558220009,1783476266968601000
1481,1,1479,74557492657,1783476266970689000
1481,2,1476,74556867049,1783476266969643000
1481,3,1473,74556121793,1783476266971735000
1482,0,1482,74590247977,1783476266973073000
1482,1,1480,74593513169,1783476266975169000
1482,2,1477,74588869881,1783476266974110000
1482,3,1474,74588164977,1783476266976229000
1483,0,1483,74626241945,1783476266977301000
1483,1,1481,74625497265,1783476266979408000
1483,2,1478,74624877817,1783476266978345000
1483,3,1475,74624086105,1783476266980430000
1484,0,1484,74658227689,1783476266981400000
1484,1,1482,74657504105,1783476266983048000
1484,2,1479,74656863009,1783476266982357000
1484,3,1476,74656133041,1783476266983799000
1485,0,1485,74758227073,1783476267170340000
1485,1,1483,74757513201,1783476267169290000
1485,2,1480,74756856009,1783476267171379000
1485,3,1477,74756116105,1783476267172430000
1486,0,1486,74790240169,1783476267174538000
1486,1,1484,74793516913,1783476267173480000
1486,2,1481,74788888105,1783476267175590000
1486,3,1478,74792116201,1783476267176640000
1487,0,1487,74826229009,1783476267178998000
1487,1,1485,74825500945,1783476267177697000
1487,2,1482,74824853913,1783476267179820000
1487,3,1479,74824100753,1783476267180854000
1488,0,1488,74858231657,1783476267182609000
1488,1,1486,74857503041,1783476267181858000
1488,2,1483,74856859105,1783476267183472000
1488,3,1480,74856124233,1783476267184399000
1489,0,1489,74958242977,1783476267371132000
1489,1,1487,74893496233,1783476267370359000
1489,2,1484,74956874945,1783476267372188000
1489,3,1481,74956112497,1783476267373262000
1490,0,1490,74994348073,1783476267375781000
1490,1,1488,74957545009,1783476267374717000
1490,2,1485,74992991433,1783476267376829000
1490,3,1482,74992202817,1783476267377893000
1491,0,1491,75026236137,1783476267380002000
1491,1,1489,74993541105,1783476267378941000
1491,2,1486,75024855425,1783476267381045000
1491,3,1483,75024094913,1783476267382333000
1492,0,1492,75058231105,1783476267383942000
1492,1,1490,75025514945,1783476267383065000
1492,2,1487,75056878521,1783476267384603000
1492,3,1484,75056127369,1783476267385936000
1493,0,1493,75158255169,1783476267429567000
1493,1,1491,75161524041,1783476267428523000
1493,2,1488,75156875913,1783476267427505000
1493,3,1485,75156115073,1783476267426432000
1494,0,1494,75194257169,1783476267461937000
1494,1,1492,75193511105,1783476267460881000
1494,2,1489,75192907201,1783476267459826000
1494,3,1486,75192116593,1783476267458774000
1495,0,1495,75226242041,1783476267492462000
1495,1,1493,75225515105,1783476267496037000
1495,2,1490,75224887169,1783476267494986000
1495,3,1487,75224129041,1783476267493970000
1496,0,1496,75258242753,1783476267529391000
1496,1,1494,75261539105,1783476267528319000
1496,2,1491,75256908169,1783476267527263000
1496,3,1488,75256130521,1783476267526217000
1497,0,1497,75294252753,1783476267696327000
1497,1,1495,75293532265,1783476267698435000
1497,2,1492,75292886329,1783476267697385000
1497,3,1489,75292120169,1783476267699492000
1498,0,1498,75326244105,1783476267700526000
1498,1,1496,75325519137,1783476267702654000
1498,2,1493,75324880265,1783476267701680000
1498,3,1490,75324160169,1783476267704774000
1499,0,1499,75358253105,1783476267703776000
1499,1,1497,75361530201,1783476267707227000
1499,2,1494,75356889849,1783476267706214000
1499,3,1491,75360115137,1783476267709159000
1500,0,1500,75394242881,1783476267708246000
1500,1,1498,75393514041,1783476267710760000
1500,2,1495,75392868945,1783476267709930000
1500,3,1492,75392115041,1783476267712669000
1501,0,1501,75494241817,1783476267898434000
1501,1,1499,75493536169,1783476267899479000
1501,2,1496,75492874977,1783476267900526000
1501,3,1493,75492158561,1783476267901576000
1502,0,1502,75526263881,1783476267902621000
1502,1,1500,75525552913,1783476267903677000
1502,2,1497,75524892105,1783476267904734000
1502,3,1494,75524141137,1783476267905792000
1503,0,1503,75562268073,1783476267906873000
1503,1,1501,75561524753,1783476267908303000
1503,2,1498,75560904009,1783476267908982000
1503,3,1495,75560113945,1783476267910034000
1504,0,1504,75594288977,1783476267911085000
1504,1,1502,75593585137,1783476267912172000
1504,2,1499,75592874521,1783476267912870000
1504,3,1496,75592160817,1783476267913524000
1505,0,1505,75694252113,1783476268100192000
1505,1,1503,75693521105,1783476268101248000
1505,2,1500,75692890729,1783476268099154000
1505,3,1497,75692136369,1783476268102297000
1506,0,1506,75726268137,1783476268104408000
1506,1,1504,75729555105,1783476268105463000
1506,2,1501,75724920169,1783476268103346000
1506,3,1498,75724182073,1783476268106582000
1507,0,1507,75762452817,1783476268108615000
1507,1,1505,75761526137,1783476268109676000
1507,2,1502,75760921913,1783476268107603000
1507,3,1499,75760134265,1783476268110645000
1508,0,1508,75794320041,1783476268112262000
1508,1,1506,75793550201,1783476268113075000
1508,2,1503,75792896137,1783476268111575000
1508,3,1500,75792167201,1783476268113987000
1509,0,1509,75894322105,1783476268300995000
1509,1,1507,75893575104,1783476268302048000
1509,2,1504,75892902136,1783476268299964000
1509,3,1501,75892161105,1783476268303112000
1510,0,1510,75926274073,1783476268305456000
1510,1,1508,75929550009,1783476268306514000
1510,2,1505,75924901913,1783476268304411000
1510,3,1502,75928173753,1783476268307571000
1511,0,1511,75962258041,1783476268309807000
1511,1,1509,75961530913,1783476268310924000
1511,2,1506,75960884593,1783476268308786000
1511,3,1503,75960131041,1783476268312163000
1512,0,1512,75994270369,1783476268313194000
1512,1,1510,75993542265,1783476268314850000
1512,2,1507,75992905073,1783476268314070000
1512,3,1504,75992155977,1783476268315719000
1513,0,1513,76094265041,1783476268502810000
1513,1,1511,76093561009,1783476268501753000
1513,2,1508,76092916977,1783476268500722000
1513,3,1505,76092173593,1783476268503916000
1514,0,1514,76130322009,1783476268507018000
1514,1,1512,76129562977,1783476268505969000
1514,2,1509,76129035785,1783476268504912000
1514,3,1506,76128184689,1783476268508104000
1515,0,1515,76162264009,1783476268511241000
1515,1,1513,76161552169,1783476268510244000
1515,2,1510,76160894105,1783476268509167000
1515,3,1507,76160124849,1783476268512258000
1516,0,1516,76194268297,1783476268514831000
1516,1,1514,76193574073,1783476268513946000
1516,2,1511,76192914041,1783476268513231000
1516,3,1508,76192184265,1783476268515478000
1517,0,1517,76294266849,1783476268701500000
1517,1,1515,76293555169,1783476268703609000
1517,2,1512,76292912041,1783476268702540000
1517,3,1509,76292143009,1783476268704648000
1518,0,1518,76330307881,1783476268705701000
1518,1,1516,76329540881,1783476268707821000
1518,2,1513,76328934009,1783476268706826000
1518,3,1510,76328167753,1783476268708861000
1519,0,1519,76362296041,1783476268709925000
1519,1,1517,76361552913,1783476268712213000
1519,2,1514,76360902593,1783476268711194000
1519,3,1511,76360158297,1783476268713263000
1520,0,1520,76394272009,1783476268714101000
1520,1,1518,76397557169,1783476268715741000
1520,2,1515,76392916593,1783476268714843000
1520,3,1512,76392160977,1783476268716727000
1521,0,1521,76494290561,1783476268902276000
1521,1,1519,76497561817,1783476268903311000
1521,2,1516,76492913297,1783476268904395000
1521,3,1513,76496162657,1783476268905442000
1522,0,1522,76530292817,1783476268906473000
1522,1,1520,76529547753,1783476268907529000
1522,2,1517,76528925305,1783476268908581000
1522,3,1514,76528156945,1783476268909637000
1523,0,1523,76562276201,1783476268910694000
1523,1,1521,76561546169,1783476268911750000
1523,2,1518,76560902137,1783476268912789000
1523,3,1515,76560163977,1783476268913806000
1524,0,1524,76594294105,1783476268914785000
1524,1,1522,76597577881,1783476268915735000
1524,2,1519,76596920105,1783476268916419000
1524,3,1516,76596163233,1783476268917083000
1525,0,1525,76698295073,1783476269103943000
1525,1,1523,76697542913,1783476269105002000
1525,2,1520,76696931881,1783476269102911000
1525,3,1517,76696139593,1783476269106051000
1526,0,1526,76730278849,1783476269108158000
1526,1,1524,76729569849,1783476269109293000
1526,2,1521,76728916041,1783476269107102000
1526,3,1518,76728169009,1783476269110326000
1527,0,1527,76762281849,1783476269112377000
1527,1,1525,76761581561,1783476269113599000
1527,2,1522,76760925137,1783476269111327000
1527,3,1519,76760166881,1783476269114598000
1528,0,1528,76798302105,1783476269116298000
1528,1,1526,76797557201,1783476269116971000
1528,2,1523,76796941881,1783476269115545000
1528,3,1520,76796143945,1783476269117966000
1529,0,1529,76898367073,1783476269304809000
1529,1,1527,76897549329,1783476269306946000
1529,2,1524,76896937073,1783476269303812000
1529,3,1521,76896156593,1783476269305861000
1530,0,1530,76930302201,1783476269309246000
1530,1,1528,76929560721,1783476269311360000
1530,2,1525,76928924816,1783476269308216000
1530,3,1522,76928206393,1783476269310295000
1531,0,1531,76962286137,1783476269313455000
1531,1,1529,76965572529,1783476269315539000
1531,2,1526,76960930041,1783476269312410000
1531,3,1523,76960174105,1783476269314514000
1532,0,1532,76998297913,1783476269317458000
1532,1,1530,76997558137,1783476269318809000
1532,2,1527,76996928977,1783476269316526000
1532,3,1524,76996160073,1783476269318147000
1533,0,1533,77098284137,1783476269506615000
1533,1,1531,77097590529,1783476269504522000
1533,2,1528,77096933041,1783476269505552000
1533,3,1525,77096163817,1783476269507664000
1534,0,1534,77130293105,1783476269511006000
1534,1,1532,77129572073,1783476269508900000
1534,2,1529,77128945945,1783476269509936000
1534,3,1526,77128197073,1783476269512047000
1535,0,1535,77162310945,1783476269515213000
1535,1,1533,77165582041,1783476269513108000
1535,2,1530,77164937881,1783476269514178000
1535,3,1527,77164194849,1783476269516229000
1536,0,1536,77198293201,1783476269518850000
1536,1,1534,77197580977,1783476269517184000
1536,2,1531,77196918689,1783476269518015000
1536,3,1528,77196167137,1783476269519573000
1537,0,1537,77298307169,1783476269707632000
1537,1,1535,77297588593,1783476269706575000
1537,2,1532,77296921945,1783476269705523000
1537,3,1529,77296154137,1783476269708684000
1538,0,1538,77330300137,1783476269711920000
1538,1,1536,77329605201,1783476269710856000
1538,2,1533,77328946041,1783476269709809000
1538,3,1530,77328198977,1783476269712982000
1539,0,1539,77366314721,1783476269716134000
1539,1,1537,77365571073,1783476269715072000
1539,2,1534,77364951945,1783476269714024000
1539,3,1531,77364165977,1783476269717178000
1540,0,1540,77398298721,1783476269720025000
1540,1,1538,77397570009,1783476269719145000
1540,2,1535,77396926009,1783476269718176000
1540,3,1532,77396183977,1783476269720683000
1541,0,1541,77498311105,1783476269905989000
1541,1,1539,77497565073,1783476269907023000
1541,2,1536,77496942913,1783476269908074000
1541,3,1533,77496176689,1783476269909135000
1542,0,1542,77530301881,1783476269910177000
1542,1,1540,77533599945,1783476269911242000
1542,2,1537,77528944817,1783476269912312000
1542,3,1534,77528191817,1783476269913399000
1543,0,1543,77566321945,1783476269914406000
1543,1,1541,77565574881,1783476269915472000
1543,2,1538,77564947785,1783476269916525000
1543,3,1535,77564181785,1783476269917876000
1544,0,1544,77598304137,1783476269918759000
1544,1,1542,77597577297,1783476269919671000
1544,2,1539,77596937201,1783476269920380000
1544,3,1536,77596181593,1783476269921338000
1545,0,1545,77698317977,1783476270106945000
1545,1,1543,77697592201,1783476270109057000
1545,2,1540,77696949009,1783476270107984000
1545,3,1537,77696198265,1783476270110089000
1546,0,1546,77730323881,1783476270111156000
1546,1,1544,77733592105,1783476270113258000
1546,2,1541,77732948913,1783476270112211000
1546,3,1538,77732192881,1783476270114325000
1547,0,1547,77766306817,1783476270115458000
1547,1,1545,77765594977,1783476270117651000
1547,2,1542,77764934073,1783476270116431000
1547,3,1539,77764179041,1783476270118535000
1548,0,1548,77798307785,1783476270119432000
1548,1,1546,77797596233,1783476270121338000
1548,2,1543,77796952009,1783476270120152000
1548,3,1540,77796196137,1783476270122124000
1549,0,1549,77898312073,1783476270308731000
1549,1,1547,77897621009,1783476270310864000
1549,2,1544,77896963169,1783476270307694000
1549,3,1541,77896211177,1783476270309794000
1550,0,1550,77934329041,1783476270312955000
1550,1,1548,77933582433,1783476270315054000
1550,2,1545,77932971785,1783476270311954000
1550,3,1542,77932188169,1783476270314037000
1551,0,1551,77966329137,1783476270317225000
1551,1,1549,77965584073,1783476270319276000
1551,2,1546,77964925201,1783476270316161000
1551,3,1543,77964198945,1783476270318300000
1552,0,1552,77998315169,1783476270321007000
1552,1,1550,77997599977,1783476270322351000
1552,2,1547,77996957041,1783476270320256000
1552,3,1544,77996204233,1783476270321783000
1553,0,1553,78098311105,1783476270509411000
1553,1,1551,78101601721,1783476270508348000
1553,2,1548,78096962233,1783476270510446000
1553,3,1545,78096205657,1783476270511483000
1554,0,1554,78134350105,1783476270513603000
1554,1,1552,78133591913,1783476270512550000
1554,2,1549,78132975041,1783476270514658000
1554,3,1546,78132195265,1783476270515715000
1555,0,1555,78166319393,1783476270517821000
1555,1,1553,78165591073,1783476270516761000
1555,2,1550,78164946041,1783476270518866000
1555,3,1547,78164207137,1783476270519844000
1556,0,1556,78198321073,1783476270521502000
1556,1,1554,78201605977,1783476270520568000
1556,2,1551,78196952073,1783476270522329000
1556,3,1548,78196212521,1783476270523323000
1557,0,1557,78298347105,1783476270711265000
1557,1,1555,78301602233,1783476270710197000
1557,2,1552,78300959137,1783476270709160000
1557,3,1549,78300206817,1783476270712385000
1558,0,1558,78334333593,1783476270715476000
1558,1,1556,78333604169,1783476270714411000
1558,2,1553,78332960817,1783476270713368000
1558,3,1550,78332227817,1783476270716535000
1559,0,1559,78366323849,1783476270719741000
1559,1,1557,78365595977,1783476270718626000
1559,2,1554,78364952945,1783476270717582000
1559,3,1551,78364199233,1783476270720699000
1560,0,1560,78402326753,1783476270723203000
1560,1,1558,78401598881,1783476270722510000
1560,2,1555,78400988233,1783476270721642000
1560,3,1552,78400203137,1783476270724197000
1561,0,1561,78502338169,1783476270909684000
1561,1,1559,78501593201,1783476270912848000
1561,2,1556,78432954200,1783476270911769000
1561,3,1553,78500201849,1783476270910731000
1562,0,1562,78534328233,1783476270913874000
1562,1,1560,78533617457,1783476270917094000
1562,2,1557,78500981745,1783476270916074000
1562,3,1554,78532217553,1783476270914943000
1563,0,1563,78566329649,1783476270918693000
1563,1,1561,78565614057,1783476270922477000
1563,2,1558,78532954689,1783476270921796000
1563,3,1555,78564217105,1783476270919195000
1564,0,1564,78602347041,1783476270923513000
1564,1,1562,78601600465,1783476270925792000
1564,2,1559,78564972785,1783476270926671000
1564,3,1556,78600203105,1783476270924454000
1565,0,1565,78702352201,1783476271121594000
1565,1,1563,78701612105,1783476271120500000
1565,2,1560,78700987913,1783476271119536000
1565,3,1557,78700210305,1783476271122602000
1566,0,1566,78734335009,1783476271126337000
1566,1,1564,78733607817,1783476271124919000
1566,2,1561,78732961881,1783476271123844000
1566,3,1558,78732246689,1783476271127422000
1567,0,1567,78766333073,1783476271131660000
1567,1,1565,78769620105,1783476271130599000
1567,2,1562,78764981009,1783476271128537000
1567,3,1559,78764221657,1783476271132702000
1568,0,1568,78802332913,1783476271136206000
1568,1,1566,78801605137,1783476271133764000
1568,2,1563,78800978073,1783476271135259000
1568,3,1560,78800210105,1783476271137110000
1569,0,1569,78902339977,1783476271169254000
1569,1,1567,78901620009,1783476271168181000
1569,2,1564,78900972817,1783476271167360000
1569,3,1561,78900246041,1783476271170320000
1570,0,1570,78934350689,1783476271200618000
1570,1,1568,78933623169,1783476271204235000
1570,2,1565,78933307425,1783476271203152000
1570,3,1562,78932253977,1783476271202003000
1571,0,1571,78970343945,1783476271237310000
1571,1,1569,78969615297,1783476271236250000
1571,2,1566,78969014009,1783476271235203000
1571,3,1563,78968268913,1783476271234172000
1572,0,1572,79002341073,1783476271269829000
1572,1,1570,79001633329,1783476271267759000
1572,2,1567,79000977721,1783476271268809000
1572,3,1564,79000245041,1783476271270897000
1573,0,1573,79034362529,1783476271440607000
1573,1,1571,79033649201,1783476271439537000
1573,2,1568,79033008753,1783476271438517000
1573,3,1565,79032291073,1783476271441658000
1574,0,1574,79070359945,1783476271444892000
1574,1,1572,79069614977,1783476271443758000
1574,2,1569,79069005529,1783476271442705000
1574,3,1566,79068253169,1783476271445867000
1575,0,1575,79102342721,1783476271449372000
1575,1,1573,79101636105,1783476271448013000
1575,2,1570,79100979593,1783476271446929000
1575,3,1567,79100254393,1783476271450294000
1576,0,1576,79134399945,1783476271452684000
1576,1,1574,79133660297,1783476271451951000
1576,2,1571,79133042977,1783476271451263000
1576,3,1568,79132257945,1783476271453832000
1577,0,1577,79234340657,1783476271640531000
1577,1,1575,79237635713,1783476271641240000
1577,2,1572,79232986137,1783476271639135000
1577,3,1569,79232245625,1783476271642303000
1578,0,1578,79270367073,1783476271644749000
1578,1,1576,79269622753,1783476271645787000
1578,2,1573,79269002233,1783476271643536000
1578,3,1570,79268249137,1783476271646849000
1579,0,1579,79302353201,1783476271648954000
1579,1,1577,79301622009,1783476271650012000
1579,2,1574,79300978593,1783476271647912000
1579,3,1571,79300239817,1783476271651065000
1580,0,1580,79334354201,1783476271652867000
1580,1,1578,79337641169,1783476271653684000
1580,2,1575,79333000657,1783476271651869000
1580,3,1572,79332251073,1783476271654650000
1581,0,1581,79434368625,1783476271840899000
1581,1,1579,79437643977,1783476271839830000
1581,2,1576,79432999913,1783476271841933000
1581,3,1573,79436239041,1783476271842981000
1582,0,1582,79470355137,1783476271845086000
1582,1,1580,79469628785,1783476271844045000
1582,2,1577,79468986169,1783476271846143000
1582,3,1574,79468275913,1783476271847188000
1583,0,1583,79502359945,1783476271849377000
1583,1,1581,79501634977,1783476271848248000
1583,2,1578,79500987945,1783476271850364000
1583,3,1575,79500238913,1783476271851444000
1584,0,1584,79534376497,1783476271853553000
1584,1,1582,79537628913,1783476271852363000
1584,2,1579,79537001945,1783476271854154000
1584,3,1576,79536248041,1783476271854898000
1585,0,1585,79638375689,1783476272041699000
1585,1,1583,79637615073,1783476272042751000
1585,2,1580,79637025265,1783476272040665000
1585,3,1577,79636234105,1783476272043806000
1586,0,1586,79670368849,1783476272045910000
1586,1,1584,79669658169,1783476272046978000
1586,2,1581,79669001105,1783476272044860000
1586,3,1578,79668254521,1783476272048030000
1587,0,1587,79702391753,1783476272050140000
1587,1,1585,79701722433,1783476272051203000
1587,2,1582,79701023009,1783476272049082000
1587,3,1579,79700264105,1783476272052246000
1588,0,1588,79738379169,1783476272053997000
1588,1,1586,79737632689,1783476272054745000
1588,2,1583,79737021945,1783476272053259000
1588,3,1580,79736236977,1783476272055733000
1589,0,1589,79838380945,1783476272243438000
1589,1,1587,79837632977,1783476272242361000
1589,2,1584,79837023073,1783476272241327000
1589,3,1581,79836236881,1783476272244546000
1590,0,1590,79870369041,1783476272247629000
1590,1,1588,79869642265,1783476272246577000
1590,2,1585,79869008785,1783476272245534000
1590,3,1582,79868375297,1783476272248863000
1591,0,1591,79902368105,1783476272251970000
1591,1,1589,79905655753,1783476272250919000
1591,2,1586,79901013881,1783476272249875000
1591,3,1583,79900261233,1783476272253213000
1592,0,1592,79938373105,1783476272255745000
1592,1,1590,79937635913,1783476272255054000
1592,2,1587,79937007817,1783476272254152000
1592,3,1584,79936248585,1783476272256799000
1593,0,1593,80038382689,1783476272444256000
1593,1,1591,80037655945,1783476272442140000
1593,2,1588,80036997401,1783476272443180000
1593,3,1585,80036229721,1783476272445298000
1594,0,1594,80070371913,1783476272448637000
1594,1,1592,80069630401,1783476272446350000
1594,2,1589,80069009201,1783476272447571000
1594,3,1586,80068291201,1783476272449682000
1595,0,1595,80102390753,1783476272452847000
1595,1,1593,80105643977,1783476272450733000
1595,2,1590,80105055137,1783476272451817000
1595,3,1587,80104261137,1783476272453864000
1596,0,1596,80138413401,1783476272456547000
1596,1,1594,80137761785,1783476272454908000
1596,2,1591,80137056169,1783476272455645000
1596,3,1588,80136351393,1783476272457315000
1597,0,1597,80238375073,1783476272642814000
1597,1,1595,80237663753,1783476272643926000
1597,2,1592,80237001041,1783476272645997000
1597,3,1589,80236248689,1783476272644906000
1598,0,1598,80270414881,1783476272647162000
1598,1,1596,80269696073,1783476272648232000
1598,2,1593,80269086041,1783476272650341000
1598,3,1590,80268443169,1783476272649280000
1599,0,1599,80306416201,1783476272651371000
1599,1,1597,80305647593,1783476272652439000
1599,2,1594,80305032945,1783476272654518000
1599,3,1591,80304248425,1783476272653485000
1600,0,1600,80338379265,1783476272655515000
1600,1,1598,80337649433,1783476272656432000
1600,2,1595,80337023585,1783476272657751000
1600,3,1592,80336268233,1783476272657148000
1601,0,1601,80438405273,1783476272844636000
1601,1,1599,80437644201,1783476272845613000
1601,2,1596,80437008817,1783476272843490000
1601,3,1593,80436255881,1783476272846636000
1602,0,1602,80470387593,1783476272849188000
1602,1,1600,80473676041,1783476272850228000
1602,2,1597,80469041977,1783476272847735000
1602,3,1594,80468304105,1783476272851284000
1603,0,1603,80506399817,1783476272853385000
1603,1,1601,80505655073,1783476272854441000
1603,2,1598,80505035785,1783476272852334000
1603,3,1595,80504292913,1783476272855518000
1604,0,1604,80538402169,1783476272857240000
1604,1,1602,80537678137,1783476272858007000
1604,2,1599,80537011529,1783476272856494000
1604,3,1596,80536275201,1783476272859001000
1605,0,1605,80638384721,1783476273045333000
1605,1,1603,80637672817,1783476273044302000
1605,2,1600,80637012881,1783476273046400000
1605,3,1597,80636273465,1783476273047502000
1606,0,1606,80670429721,1783476273049676000
1606,1,1604,80673663817,1783476273048498000
1606,2,1601,80673028041,1783476273050724000
1606,3,1598,80672283201,1783476273051835000
1607,0,1607,80706404817,1783476273053884000
1607,1,1605,80705689977,1783476273052859000
1607,2,1602,80705024785,1783476273056687000
1607,3,1599,80704297689,1783476273055605000
1608,0,1608,80738388977,1783476273058605000
1608,1,1606,80737675361,1783476273057702000
1608,2,1603,80737032913,1783476273060530000
1608,3,1600,80736280233,1783476273059506000
1609,0,1609,80838392201,1783476273246151000
1609,1,1607,80837694881,1783476273245119000
1609,2,1604,80837035265,1783476273247200000
1609,3,1601,80836280881,1783476273248281000
1610,0,1610,80874409073,1783476273250366000
1610,1,1608,80873664977,1783476273249315000
1610,2,1605,80873059041,1783476273251454000
1610,3,1602,80872286041,1783476273252512000
1611,0,1611,80906394945,1783476273254587000
1611,1,1609,80905664041,1783476273253534000
1611,2,1606,80905036817,1783476273255615000
1611,3,1603,80904282753,1783476273256666000
1612,0,1612,80938389881,1783476273258545000
1612,1,1610,80937675009,1783476273257640000
1612,2,1607,80937034201,1783476273259235000
1612,3,1604,80936285265,1783476273259891000
1613,0,1613,81038397369,1783476273445825000
1613,1,1611,80973667977,1783476273447930000
1613,2,1608,81037034009,1783476273446848000
1613,3,1605,81036280233,1783476273449010000
1614,0,1614,81074416169,1783476273450016000
1614,1,1612,81041703593,1783476273452139000
1614,2,1609,81073053201,1783476273451101000
1614,3,1606,81072303912,1783476273453182000
1615,0,1615,81106400945,1783476273454381000
1615,1,1613,81073673465,1783476273456349000
1615,2,1610,81105028137,1783476273455283000
1615,3,1607,81104289753,1783476273457284000
1616,0,1616,81138687137,1783476273458503000
1616,1,1614,81105671041,1783476273459870000
1616,2,1611,81137315329,1783476273459187000
1616,3,1608,81140557753,1783476273460495000
1617,0,1617,81238420201,1783476273657049000
1617,1,1615,81241682073,1783476273654952000
1617,2,1612,81241039041,1783476273655992000
1617,3,1609,81240286273,1783476273658142000
1618,0,1618,81274405073,1783476273661242000
1618,1,1616,81273691913,1783476273659142000
1618,2,1613,81273032913,1783476273660256000
1618,3,1610,81272313425,1783476273662433000
1619,0,1619,81306404849,1783476273665941000
1619,1,1617,81305691945,1783476273663490000
1619,2,1614,81305050105,1783476273664955000
1619,3,1611,81304296137,1783476273666744000
1620,0,1620,81342423329,1783476273669183000
1620,1,1618,81341676009,1783476273667589000
1620,2,1615,81341064041,1783476273668342000
1620,3,1612,81340283457,1783476273669859000
1621,0,1621,81442418105,1783476273855654000
1621,1,1619,81441672041,1783476273856699000
1621,2,1616,81441067137,1783476273857741000
1621,3,1613,81440297041,1783476273858802000
1622,0,1622,81474411105,1783476273859872000
1622,1,1620,81473685945,1783476273860924000
1622,2,1617,81473039201,1783476273861989000
1622,3,1614,81472312881,1783476273863063000
1623,0,1623,81506493689,1783476273864238000
1623,1,1621,81505734945,1783476273865309000
1623,2,1618,81505086689,1783476273866379000
1623,3,1615,81504318233,1783476273867368000
1624,0,1624,81542428393,1783476273868307000
1624,1,1622,81541681913,1783476273869429000
1624,2,1619,81541069913,1783476273870089000
1624,3,1616,81540289817,1783476273870815000
1625,0,1625,81642435137,1783476274057563000
1625,1,1623,81641694137,1783476274058610000
1625,2,1620,81641094073,1783476274056629000
1625,3,1617,81640273881,1783476274059664000
1626,0,1626,81674414849,1783476274062339000
1626,1,1624,81673702561,1783476274063437000
1626,2,1621,81673066105,1783476274061266000
1626,3,1618,81672317849,1783476274064475000
1627,0,1627,81706416977,1783476274066542000
1627,1,1625,81709714689,1783476274067621000
1627,2,1622,81705062881,1783476274065486000
1627,3,1619,81704308105,1783476274069121000
1628,0,1628,81742419041,1783476274070515000
1628,1,1626,81741703497,1783476274071412000
1628,2,1623,81741057329,1783476274069764000
1628,3,1620,81740292105,1783476274073845000
1629,0,1629,81842418817,1783476274257297000
1629,1,1627,81841708657,1783476274258368000
1629,2,1624,81841100785,1783476274259594000
1629,3,1621,81840333073,1783476274260573000
1630,0,1630,81874435849,1783476274261823000
1630,1,1628,81873718073,1783476274263086000
1630,2,1625,81873075233,1783476274264165000
1630,3,1622,81872338457,1783476274265338000
1631,0,1631,81910437137,1783476274266403000
1631,1,1629,81909691689,1783476274267490000
1631,2,1626,81909078753,1783476274268520000
1631,3,1623,81908293105,1783476274269564000
1632,0,1632,81942421945,1783476274270578000
1632,1,1630,81941708561,1783476274271430000
1632,2,1627,81941048753,1783476274272167000
1632,3,1624,81940298529,1783476274272924000
1633,0,1633,82042417041,1783476274461167000
1633,1,1631,82041689497,1783476274459063000
1633,2,1628,82041061561,1783476274460130000
1633,3,1625,82040313465,1783476274458039000
1634,0,1634,82074425913,1783476274465378000
1634,1,1632,82073716169,1783476274463272000
1634,2,1629,82073079105,1783476274464337000
1634,3,1626,82072345913,1783476274462229000
1635,0,1635,82110445201,1783476274469584000
1635,1,1633,82109696009,1783476274467500000
1635,2,1630,82109085689,1783476274468526000
1635,3,1627,82108304881,1783476274466510000
1636,0,1636,82142428009,1783476274473200000
1636,1,1634,82141697273,1783476274471229000
1636,2,1631,82141070233,1783476274471897000
1636,3,1628,82140317105,1783476274470521000
1637,0,1637,82242423721,1783476274658699000
1637,1,1635,82241706041,1783476274660833000
1637,2,1632,82241063529,1783476274659730000
1637,3,1629,82240319881,1783476274661891000
1638,0,1638,82274435009,1783476274662903000
1638,1,1636,82277713105,1783476274665008000
1638,2,1633,82273097817,1783476274664204000
1638,3,1630,82272470977,1783476274666064000
1639,0,1639,82310433137,1783476274667211000
1639,1,1637,82309718521,1783476274669266000
1639,2,1634,82309075585,1783476274668265000
1639,3,1631,82308310553,1783476274670285000
1640,0,1640,82342434041,1783476274671249000
1640,1,1638,82341704233,1783476274672713000
1640,2,1635,82341060945,1783476274672025000
1640,3,1632,82340333553,1783476274673503000
1641,0,1641,82442434945,1783476274861565000
1641,1,1639,82441709201,1783476274860486000
1641,2,1636,82441059009,1783476274859465000
1641,3,1633,82440311625,1783476274862606000
1642,0,1642,82478453201,1783476274866016000
1642,1,1640,82477706977,1783476274864703000
1642,2,1637,82477099105,1783476274863773000
1642,3,1634,82476317689,1783476274867108000
1643,0,1643,82510435041,1783476274870232000
1643,1,1641,82509724041,1783476274869199000
1643,2,1638,82509056105,1783476274868182000
1643,3,1635,82508298009,1783476274871258000
1644,0,1644,82542432329,1783476274873781000
1644,1,1642,82541734009,1783476274873123000
1644,2,1639,82541077817,1783476274872220000
1644,3,1636,82540326073,1783476274874891000
1645,0,1645,82642460945,1783476275069784000
1645,1,1643,82641743977,1783476275070860000
1645,2,1640,82641080881,1783476275068755000
1645,3,1637,82640390209,1783476275071940000
1646,0,1646,82678459105,1783476275074166000
1646,1,1644,82677715041,1783476275075226000
1646,2,1641,82677106977,1783476275072943000
1646,3,1638,82676343041,1783476275076294000
1647,0,1647,82710443009,1783476275078398000
1647,1,1645,82709713233,1783476275079464000
1647,2,1642,82709087009,1783476275077334000
1647,3,1639,82708331849,1783476275080435000
1648,0,1648,82742445233,1783476275081989000
1648,1,1646,82745729041,1783476275082956000
1648,2,1643,82741089105,1783476275081266000
1648,3,1640,82740340297,1783476275083837000
1649,0,1649,82842508721,1783476275113612000
1649,1,1647,82845735265,1783476275112557000
1649,2,1644,82841094041,1783476275111513000
1649,3,1641,82840327009,1783476275110481000
1650,0,1650,82878446233,1783476275145542000
1650,1,1648,82877719297,1783476275144507000
1650,2,1645,82877099201,1783476275143481000
1650,3,1642,82876355977,1783476275142426000
1651,0,1651,82910469497,1783476275177136000
1651,1,1649,82909722889,1783476275180530000
1651,2,1646,82909086881,1783476275179477000
1651,3,1643,82908376817,1783476275178546000
1652,0,1652,82942487105,1783476275213668000
1652,1,1650,82945800105,1783476275212621000
1652,2,1647,82945186817,1783476275211561000
1652,3,1644,82944370913,1783476275210525000
1653,0,1653,82978459137,1783476275391209000
1653,1,1651,82977729945,1783476275392244000
1653,2,1648,82977092465,1783476275393299000
1653,3,1645,82976357465,1783476275394428000
1654,0,1654,83010453009,1783476275395530000
1654,1,1652,83009725105,1783476275396593000
1654,2,1649,83009107361,1783476275397691000
1654,3,1646,83008358105,1783476275398797000
1655,0,1655,83046473041,1783476275400412000
1655,1,1653,83045721561,1783476275401467000
1655,2,1650,83045109977,1783476275402660000
1655,3,1647,83044341040,1783476275403666000
1656,0,1656,83078450297,1783476275404591000
1656,1,1654,83077739073,1783476275406222000
1656,2,1651,83077079689,1783476275407364000
1656,3,1648,83076330137,1783476275407512000
1657,0,1657,83178448881,1783476275594161000
1657,1,1655,83177745689,1783476275592060000
1657,2,1652,83177084337,1783476275593125000
1657,3,1649,83108337721,1783476275595302000
1658,0,1658,83210489105,1783476275598712000
1658,1,1656,83209748785,1783476275596444000
1658,2,1653,83209108105,1783476275597665000
1658,3,1650,83176409465,1783476275599801000
1659,0,1659,83246471849,1783476275602919000
1659,1,1657,83245726945,1783476275600839000
1659,2,1654,83245117169,1783476275601891000
1659,3,1651,83208375497,1783476275604002000
1660,0,1660,83278495297,1783476275606327000
1660,1,1658,83277790881,1783476275604855000
1660,2,1655,83277116689,1783476275605600000
1660,3,1652,83244328561,1783476275607766000
1661,0,1661,83378496881,1783476275644818000
1661,1,1659,83377736073,1783476275648095000
1661,2,1656,83377110593,1783476275643939000
1661,3,1653,83376377817,1783476275646507000
1662,0,1662,83410487041,1783476275681362000
1662,1,1660,83413744201,1783476275680305000
1662,2,1657,83409251977,1783476275679243000
1662,3,1654,83408426689,1783476275678202000
1663,0,1663,83446462913,1783476275713670000
1663,1,1661,83445731689,1783476275712610000
1663,2,1658,83445103913,1783476275711565000
1663,3,1655,83444348785,1783476275714712000
1664,0,1664,83478461561,1783476275747472000
1664,1,1662,83477737105,1783476275748491000
1664,2,1659,83477119233,1783476275749531000
1664,3,1656,83476386945,1783476275746385000
1665,0,1665,83510476009,1783476275918098000
1665,1,1663,83513765913,1783476275916973000
1665,2,1660,83509232465,1783476275915916000
1665,3,1657,83512409265,1783476275914889000
1666,0,1666,83546473721,1783476275922850000
1666,1,1664,83545749073,1783476275921190000
1666,2,1661,83545114945,1783476275920133000
1666,3,1658,83544370105,1783476275919087000
1667,0,1667,83578462849,1783476275927276000
1667,1,1665,83577735137,1783476275925962000
1667,2,1662,83577091137,1783476275924911000
1667,3,1659,83576335105,1783476275923867000
1668,0,1668,83614481169,1783476275931135000
1668,1,1666,83613734105,1783476275930254000
1668,2,1663,83613123105,1783476275929295000
1668,3,1660,83612349073,1783476275928337000
1669,0,1669,83646457849,1783476276118759000
1669,1,1667,83713743329,1783476276117691000
1669,2,1664,83713133817,1783476276116644000
1669,3,1661,83712354369,1783476276115604000
1670,0,1670,83714493401,1783476276123051000
1670,1,1668,83745766073,1783476276121910000
1670,2,1665,83745097137,1783476276120870000
1670,3,1662,83744375977,1783476276119898000
1671,0,1671,83746463817,1783476276127246000
1671,1,1669,83777757169,1783476276126165000
1671,2,1666,83777116137,1783476276125122000
1671,3,1663,83776392201,1783476276124066000
1672,0,1672,83778471329,1783476276130565000
1672,1,1670,83813738849,1783476276129746000
1672,2,1667,83813129105,1783476276129153000
1672,3,1664,83812342105,1783476276128230000
1673,0,1673,83914489009,1783476276324811000
1673,1,1671,83913743265,1783476276325846000
1673,2,1668,83913132785,1783476276327961000
1673,3,1665,83912332369,1783476276326903000
1674,0,1674,83946476977,1783476276329083000
1674,1,1672,83945751073,1783476276330158000
1674,2,1669,83945110073,1783476276332246000
1674,3,1666,83944375041,1783476276331207000
1675,0,1675,83978473913,1783476276333336000
1675,1,1673,83981760593,1783476276334393000
1675,2,1670,83977117329,1783476276336439000
1675,3,1667,83976362753,1783476276335470000
1676,0,1676,84014473881,1783476276337262000
1676,1,1674,84013747137,1783476276337971000
1676,2,1671,84013116041,1783476276339884000
1676,3,1668,84012344433,1783476276338683000
1677,0,1677,84114470913,1783476276526611000
1677,1,1675,84113747753,1783476276527660000
1677,2,1672,84113096561,1783476276525574000
1677,3,1669,84112361017,1783476276528984000
1678,0,1678,84146483105,1783476276531496000
1678,1,1676,84145759785,1783476276532512000
1678,2,1673,84145124913,1783476276530243000
1678,3,1670,84144418977,1783476276533590000
1679,0,1679,84178502169,1783476276535670000
1679,1,1677,84181753201,1783476276536721000
1679,2,1674,84181125233,1783476276534619000
1679,3,1671,84180374009,1783476276537677000
1680,0,1680,84214479913,1783476276539924000
1680,1,1678,84213768041,1783476276540847000
1680,2,1675,84213108009,1783476276538989000
1680,3,1672,84212357041,1783476276541711000
1681,0,1681,84314488201,1783476276726290000
1681,1,1679,84313782201,1783476276728380000
1681,2,1676,84313121945,1783476276727324000
1681,3,1673,84312354041,1783476276729436000
1682,0,1682,84346485785,1783476276730735000
1682,1,1680,84345774073,1783476276732847000
1682,2,1677,84345146785,1783476276731807000
1682,3,1674,84344411105,1783476276733903000
1683,0,1683,84382502105,1783476276734956000
1683,1,1681,84381756297,1783476276737056000
1683,2,1678,84381144073,1783476276736010000
1683,3,1675,84380358041,1783476276738099000
1684,0,1684,84414486073,1783476276739048000
1684,1,1682,84413759041,1783476276740542000
1684,2,1679,84413129361,1783476276739850000
1684,3,1676,84412373233,1783476276741471000
1685,0,1685,84514508233,1783476276928906000
1685,1,1683,84513772233,1783476276929940000
1685,2,1680,84513114657,1783476276927828000
1685,3,1677,84512375753,1783476276926786000
1686,0,1686,84546511689,1783476276933110000
1686,1,1684,84549782649,1783476276934164000
1686,2,1681,84545158649,1783476276932041000
1686,3,1678,84544382297,1783476276931003000
1687,0,1687,84582511753,1783476276937298000
1687,1,1685,84581757457,1783476276938237000
1687,2,1682,84581141457,1783476276936259000
1687,3,1679,84580379585,1783476276935201000
1688,0,1688,84614490657,1783476276940855000
1688,1,1686,84613769009,1783476276941748000
1688,2,1683,84613113105,1783476276939630000
1688,3,1680,84612370457,1783476276938952000
1689,0,1689,84714488465,1783476277129727000
1689,1,1687,84713763849,1783476277127622000
1689,2,1684,84713115361,1783476277128649000
1689,3,1681,84712374369,1783476277130831000
1690,0,1690,84746579817,1783476277133924000
1690,1,1688,84749768945,1783476277131859000
1690,2,1685,84749140073,1783476277132922000
1690,3,1682,84748395753,1783476277135042000
1691,0,1691,84782491721,1783476277138230000
1691,1,1689,84781781361,1783476277136120000
1691,2,1686,84781119201,1783476277137208000
1691,3,1683,84780370265,1783476277139221000
1692,0,1692,84814496785,1783476277141876000
1692,1,1690,84813793945,1783476277140174000
1692,2,1687,84813140041,1783476277141198000
1692,3,1684,84812384649,1783476277142537000
1693,0,1693,84914496593,1783476277328446000
1693,1,1691,84913795137,1783476277329417000
1693,2,1688,84913137041,1783476277330499000
1693,3,1685,84912387593,1783476277331559000
1694,0,1694,84950529137,1783476277334730000
1694,1,1692,84949778169,1783476277333653000
1694,2,1689,84949201617,1783476277335768000
1694,3,1686,84948395817,1783476277336810000
1695,0,1695,84982500817,1783476277338924000
1695,1,1693,84981774233,1783476277337865000
1695,2,1690,84981146201,1783476277339971000
1695,3,1687,84980373241,1783476277341020000
1696,0,1696,85014501849,1783476277342946000
1696,1,1694,85013787849,1783476277341994000
1696,2,1691,85013144977,1783476277343825000
1696,3,1688,85012389233,1783476277344678000
1697,0,1697,85114504137,1783476277529138000
1697,1,1695,85117792201,1783476277531250000
1697,2,1692,85049162721,1783476277530241000
1697,3,1689,85112401561,1783476277532320000
1698,0,1698,85150520785,1783476277533419000
1698,1,1696,85149779297,1783476277535648000
1698,2,1693,85113152169,1783476277534594000
1698,3,1690,85148385753,1783476277537049000
1699,0,1699,85182505849,1783476277538061000
1699,1,1697,85181777977,1783476277540276000
1699,2,1694,85149150041,1783476277539100000
1699,3,1691,85180391337,1783476277541180000
1700,0,1700,85214522753,1783476277542220000
1700,1,1698,85217777849,1783476277544102000
1700,2,1695,85181133305,1783476277543128000
1700,3,1692,85216392297,1783476277544753000
1701,0,1701,85314524297,1783476277585328000
1701,1,1699,85317801913,1783476277584285000
1701,2,1696,85317158201,1783476277583225000
1701,3,1693,85248378297,1783476277554720000
1702,0,1702,85350525105,1783476277617128000
1702,1,1700,85349800137,1783476277616096000
1702,2,1697,85349143753,1783476277615040000
1702,3,1694,85316398009,1783476277595429000
1703,0,1703,85382512625,1783476277648967000
1703,1,1701,85381798849,1783476277652401000
1703,2,1698,85381157297,1783476277651550000
1703,3,1695,85348385881,1783476277627497000
1704,0,1704,85418559881,1783476277685230000
1704,1,1702,85417796201,1783476277684202000
1704,2,1699,85417186361,1783476277683111000
1704,3,1696,85380401009,1783476277662569000
1705,0,1705,85450524689,1783476277874871000
1705,1,1703,85449813041,1783476277873838000
1705,2,1700,85449161137,1783476277872730000
1705,3,1697,85416488849,1783476277871833000
1706,0,1706,85482515433,1783476277879243000
1706,1,1704,85481822137,1783476277878162000
1706,2,1701,85481168913,1783476277877307000
1706,3,1698,85448424169,1783476277876075000
1707,0,1707,85518529337,1783476277883773000
1707,1,1705,85517785137,1783476277882682000
1707,2,1702,85517174105,1783476277881783000
1707,3,1699,85480430881,1783476277880606000
1708,0,1708,85550515721,1783476277887882000
1708,1,1706,85549789265,1783476277886323000
1708,2,1703,85549158457,1783476277887083000
1708,3,1700,85516390985,1783476277884624000
1709,0,1709,85650583169,1783476277917428000
1709,1,1707,85649810657,1783476277916429000
1709,2,1704,85649167297,1783476277915337000
1709,3,1701,85648440073,1783476277918484000
1710,0,1710,85682524073,1783476277953779000
1710,1,1708,85685810201,1783476277952728000
1710,2,1705,85681178361,1783476277951683000
1710,3,1702,85680410945,1783476277950635000
1711,0,1711,85718543201,1783476277985716000
1711,1,1709,85717780977,1783476277984655000
1711,2,1706,85717174169,1783476277982645000
1711,3,1703,85716398433,1783476277983610000
1712,0,1712,85750519009,1783476278016578000
1712,1,1710,85749789945,1783476278020508000
1712,2,1707,85749152785,1783476278019474000
1712,3,1704,85748458009,1783476278018186000
1713,0,1713,85782575009,1783476278189082000
1713,1,1711,85785803689,1783476278191238000
1713,2,1708,85781169817,1783476278190062000
1713,3,1705,85784436657,1783476278187984000
1714,0,1714,85818543913,1783476278193493000
1714,1,1712,85817809041,1783476278195589000
1714,2,1709,85817167849,1783476278194599000
1714,3,1706,85816404041,1783476278192186000
1715,0,1715,85850524137,1783476278197719000
1715,1,1713,85849810041,1783476278200385000
1715,2,1710,85849151585,1783476278199704000
1715,3,1707,85848412657,1783476278196649000
1716,0,1716,85882541273,1783476278201960000
1716,1,1714,85885810521,1783476278204319000
1716,2,1711,85885168137,1783476278202709000
1716,3,1708,85884412041,1783476278201273000
1717,0,1717,85986545849,1783476278388722000
1717,1,1715,85917813297,1783476278389750000
1717,2,1712,85985194913,1783476278390845000
1717,3,1709,85984418977,1783476278391855000
1718,0,1718,86018528849,1783476278393067000
1718,1,1716,85985806233,1783476278394163000
1718,2,1713,86017156105,1783476278395160000
1718,3,1710,86016409041,1783476278396260000
1719,0,1719,86050530361,1783476278397280000
1719,1,1717,86017816689,1783476278398400000
1719,2,1714,86049190041,1783476278401258000
1719,3,1711,86048463881,1783476278403285000
1720,0,1720,86086546169,1783476278402248000
1720,1,1718,86049819337,1783476278404333000
1720,2,1715,86085189233,1783476278405352000
1720,3,1712,86084403817,1783476278406296000
1721,0,1721,86186548105,1783476278599980000
1721,1,1719,86185802657,1783476278597897000
1721,2,1716,86117152433,1783476278598919000
1721,3,1713,86184406689,1783476278601131000
1722,0,1722,86218547105,1783476278604186000
1722,1,1720,86217824657,1783476278602087000
1722,2,1717,86185192137,1783476278603137000
1722,3,1714,86216452785,1783476278605287000
1723,0,1723,86250538785,1783476278608436000
1723,1,1721,86253823105,1783476278606336000
1723,2,1718,86217190169,1783476278607427000
1723,3,1715,86248433913,1783476278609409000
1724,0,1724,86286556393,1783476278612022000
1724,1,1722,86285808849,1783476278610387000
1724,2,1719,86249179265,1783476278611179000
1724,3,1716,86284409881,1783476278613000000
1725,0,1725,86386552137,1783476278652889000
1725,1,1723,86317810497,1783476278622847000
1725,2,1720,86385169201,1783476278651913000
1725,3,1717,86384413689,1783476278650786000
1726,0,1726,86418554137,1783476278684651000
1726,1,1724,86385827201,1783476278663035000
1726,2,1721,86417179009,1783476278687539000
1726,3,1718,86416498169,1783476278686507000
1727,0,1727,86450569201,1783476278720747000
1727,1,1725,86417821689,1783476278697803000
1727,2,1722,86453186849,1783476278719708000
1727,3,1719,86452475881,1783476278718657000
1728,0,1728,86486546817,1783476278752609000
1728,1,1726,86453827073,1783476278730904000
1728,2,1723,86485172137,1783476278751503000
1728,3,1720,86484446657,1783476278750517000
1729,0,1729,86518542561,1783476278939880000
1729,1,1727,86485837265,1783476278941962000
1729,2,1724,86517190169,1783476278940910000
1729,3,1721,86516499201,1783476278943029000
1730,0,1730,86554559241,1783476278944064000
1730,1,1728,86517839233,1783476278946172000
1730,2,1725,86553209521,1783476278945122000
1730,3,1722,86552442169,1783476278947231000
1731,0,1731,86586541913,1783476278948274000
1731,1,1729,86553815201,1783476278950363000
1731,2,1726,86585168785,1783476278949339000
1731,3,1723,86584414329,1783476278951406000
1732,0,1732,86618543561,1783476278952342000
1732,1,1730,86585831585,1783476278953696000
1732,2,1727,86617187529,1783476278953031000
1732,3,1724,86616433785,1783476278954985000
1733,0,1733,86718560913,1783476278989893000
1733,1,1731,86717851265,1783476278988852000
1733,2,1728,86717208849,1783476278987800000
1733,3,1725,86716432201,1783476278986759000
1734,0,1734,86754564657,1783476279021623000
1734,1,1732,86753823977,1783476279020635000
1734,2,1729,86753218169,1783476279019489000
1734,3,1726,86752444137,1783476279018455000
1735,0,1735,86786551849,1783476279053450000
1735,1,1733,86785836785,1783476279052421000
1735,2,1730,86785210105,1783476279051366000
1735,3,1727,86784484817,1783476279054514000
1736,0,1736,86818551881,1783476279089845000
1736,1,1734,86821836529,1783476279088807000
1736,2,1731,86817195849,1783476279087743000
1736,3,1728,86816472977,1783476279086707000
1737,0,1737,86854581297,1783476279254650000
1737,1,1735,86853839169,1783476279256751000
1737,2,1732,86853198201,1783476279255680000
1737,3,1729,86852465913,1783476279257796000
1738,0,1738,86886554945,1783476279258889000
1738,1,1736,86885838073,1783476279260993000
1738,2,1733,86885175977,1783476279259938000
1738,3,1730,86884467945,1783476279262044000
1739,0,1739,86918552945,1783476279263093000
1739,1,1737,86921845913,1783476279265202000
1739,2,1734,86917198945,1783476279264149000
1739,3,1731,86916440657,1783476279266199000
1740,0,1740,86954552361,1783476279267158000
1740,1,1738,86953838977,1783476279268635000
1740,2,1735,86953194945,1783476279267939000
1740,3,1732,86952423073,1783476279269688000
1741,0,1741,87054554977,1783476279458839000
1741,1,1739,87053827137,1783476279459898000
1741,2,1736,87053181977,1783476279461987000
1741,3,1733,87052429137,1783476279460955000
1742,0,1742,87086557849,1783476279463035000
1742,1,1740,87085829817,1783476279464092000
1742,2,1737,87085185233,1783476279466204000
1742,3,1734,87084445433,1783476279465153000
1743,0,1743,87122558945,1783476279467269000
1743,1,1741,87121827977,1783476279468302000
1743,2,1738,87121218041,1783476279470416000
1743,3,1735,87120444657,1783476279469356000
1744,0,1744,87154556977,1783476279471431000
1744,1,1742,87153845073,1783476279472353000
1744,2,1739,87153185169,1783476279473963000
1744,3,1736,87152430881,1783476279473093000
1745,0,1745,87254558593,1783476279659590000
1745,1,1743,87253849105,1783476279661747000
1745,2,1740,87253188921,1783476279660651000
1745,3,1737,87284481753,1783476279662735000
1746,0,1746,87286564169,1783476279663789000
1746,1,1744,87285853465,1783476279665896000
1746,2,1741,87285240073,1783476279664840000
1746,3,1738,87320461553,1783476279666965000
1747,0,1747,87322657817,1783476279668062000
1747,1,1745,87321837817,1783476279670086000
1747,2,1742,87321241169,1783476279669091000
1747,3,1739,87352449849,1783476279671132000
1748,0,1748,87354570201,1783476279672187000
1748,1,1746,87353835361,1783476279673223000
1748,2,1743,87353206785,1783476279674039000
1748,3,1740,87384454105,1783476279674737000
1749,0,1749,87454560369,1783476279862428000
1749,1,1747,87453837073,1783476279861377000
1749,2,1744,87453189817,1783476279860336000
1749,3,1741,87452459073,1783476279863530000
1750,0,1750,87486578200,1783476279866643000
1750,1,1748,87489859881,1783476279865593000
1750,2,1745,87485213849,1783476279864539000
1750,3,1742,87484456657,1783476279867730000
1751,0,1751,87522573233,1783476279870866000
1751,1,1749,87521846105,1783476279869896000
1751,2,1746,87521226721,1783476279868754000
1751,3,1743,87520439945,1783476279871904000
1752,0,1752,87554566233,1783476279874583000
1752,1,1750,87553843169,1783476279873866000
1752,2,1747,87553197977,1783476279872921000
1752,3,1744,87552462361,1783476279875235000
1753,0,1753,87654573009,1783476280063317000
1753,1,1751,87653843977,1783476280061286000
1753,2,1748,87653194329,1783476280064361000
1753,3,1745,87652496561,1783476280062269000
1754,0,1754,87690573945,1783476280067836000
1754,1,1752,87689844529,1783476280065616000
1754,2,1749,87689244137,1783476280068879000
1754,3,1746,87688511297,1783476280066651000
1755,0,1755,87722573073,1783476280072073000
1755,1,1753,87721861689,1783476280069921000
1755,2,1750,87721201105,1783476280073118000
1755,3,1747,87720444945,1783476280070980000
1756,0,1756,87754582105,1783476280075816000
1756,1,1754,87753891689,1783476280074103000
1756,2,1751,87753236169,1783476280076735000
1756,3,1748,87752500201,1783476280074857000
1757,0,1757,87854606977,1783476280262847000
1757,1,1755,87853860169,1783476280261808000
1757,2,1752,87853214881,1783476280263913000
1757,3,1749,87852454817,1783476280264955000
1758,0,1758,87890596137,1783476280267066000
1758,1,1756,87889851785,1783476280266077000
1758,2,1753,87889270817,1783476280268115000
1758,3,1750,87888481073,1783476280269166000
1759,0,1759,87922579009,1783476280271272000
1759,1,1757,87921856529,1783476280270221000
1759,2,1754,87921223041,1783476280272323000
1759,3,1751,87920463881,1783476280273319000
1760,0,1760,87954581009,1783476280275111000
1760,1,1758,87957882369,1783476280274066000
1760,2,1755,87953224137,1783476280275965000
1760,3,1752,87952470233,1783476280276757000
1761,0,1761,88054577009,1783476280464698000
1761,1,1759,88057883721,1783476280463631000
1761,2,1756,88053221073,1783476280462598000
1761,3,1753,88052458817,1783476280465741000
1762,0,1762,88090586945,1783476280468899000
1762,1,1760,88089861073,1783476280467843000
1762,2,1757,88089264977,1783476280466790000
1762,3,1754,88088485849,1783476280470002000
1763,0,1763,88122584977,1783476280473106000
1763,1,1761,88121856105,1783476280472053000
1763,2,1758,88121211945,1783476280471002000
1763,3,1755,88120469849,1783476280474147000
1764,0,1764,88154603137,1783476280476627000
1764,1,1762,88157870009,1783476280475836000
1764,2,1759,88153230753,1783476280475118000
1764,3,1756,88156470785,1783476280477318000
1765,0,1765,88254605105,1783476280664334000
1765,1,1763,88257859105,1783476280665399000
1765,2,1760,88257224913,1783476280663304000
1765,3,1757,88256463073,1783476280666451000
1766,0,1766,88290592169,1783476280668611000
1766,1,1764,88289879073,1783476280670096000
1766,2,1761,88289222913,1783476280667621000
1766,3,1758,88288481041,1783476280671143000
1767,0,1767,88322625137,1783476280673256000
1767,1,1765,88321893817,1783476280674307000
1767,2,1762,88321237201,1783476280672202000
1767,3,1759,88320531201,1783476280675366000
1768,0,1768,88358605977,1783476280677488000
1768,1,1766,88357860945,1783476280678250000
1768,2,1763,88357249073,1783476280676200000
1768,3,1760,88356441609,1783476280679069000
1769,0,1769,88458623009,1783476280864066000
1769,1,1767,88457886720,1783476280865103000
1769,2,1764,88457254105,1783476280866136000
1769,3,1761,88456469753,1783476280867199000
1770,0,1770,88490595721,1783476280868282000
1770,1,1768,88489869137,1783476280869339000
1770,2,1765,88489243169,1783476280870395000
1770,3,1762,88488531945,1783476280871509000
1771,0,1771,88522594657,1783476280872508000
1771,1,1769,88525882105,1783476280873555000
1771,2,1766,88521238073,1783476280874611000
1771,3,1763,88520480849,1783476280875659000
1772,0,1772,88558623753,1783476280876684000
1772,1,1770,88557887137,1783476280877589000
1772,2,1767,88557261073,1783476280879255000
1772,3,1764,88556458137,1783476280878596000
1773,0,1773,88658598041,1783476281065936000
1773,1,1771,88657864105,1783476281066981000
1773,2,1768,88657234465,1783476281064902000
1773,3,1765,88656476137,1783476281068102000
1774,0,1774,88690615169,1783476281070146000
1774,1,1772,88689891105,1783476281071202000
1774,2,1769,88689229913,1783476281069099000
1774,3,1766,88688500625,1783476281072328000
1775,0,1775,88722618137,1783476281074437000
1775,1,1773,88725886137,1783476281075485000
1775,2,1770,88721246105,1783476281073373000
1775,3,1767,88724486529,1783476281076466000
1776,0,1776,88758606913,1783476281078349000
1776,1,1774,88757872201,1783476281079093000
1776,2,1771,88757222073,1783476281077451000
1776,3,1768,88756475009,1783476281079775000
1777,0,1777,88858597881,1783476281268919000
1777,1,1775,88857890721,1783476281265774000
1777,2,1772,88857231817,1783476281267934000
1777,3,1769,88856480201,1783476281266802000
1778,0,1778,88890619073,1783476281273126000
1778,1,1776,88889908241,1783476281269967000
1778,2,1773,88889258881,1783476281272075000
1778,3,1770,88888554169,1783476281271000000
1779,0,1779,88926623169,1783476281277345000
1779,1,1777,88925875625,1783476281274180000
1779,2,1774,88925265945,1783476281276260000
1779,3,1771,88924479425,1783476281275303000
1780,0,1780,88958606201,1783476281280950000
1780,1,1778,88957897721,1783476281278284000
1780,2,1775,88957236849,1783476281279760000
1780,3,1772,88956487201,1783476281279074000
1781,0,1781,89058616977,1783476281466400000
1781,1,1779,89057881265,1783476281468479000
1781,2,1776,89057255881,1783476281467463000
1781,3,1773,89056494041,1783476281469525000
1782,0,1782,89090611561,1783476281470573000
1782,1,1780,89093897009,1783476281472857000
1782,2,1777,89089272265,1783476281471794000
1782,3,1774,89088514137,1783476281473949000
1783,0,1783,89126623105,1783476281474956000
1783,1,1781,89125879041,1783476281477044000
1783,2,1778,89125279817,1783476281476014000
1783,3,1775,89124518497,1783476281478010000
1784,0,1784,89158629041,1783476281478941000
1784,1,1782,89157885137,1783476281480818000
1784,2,1779,89157240201,1783476281479747000
1784,3,1776,89156498753,1783476281481155000
1785,0,1785,89190614009,1783476281669267000
1785,1,1783,89257887201,1783476281667186000
1785,2,1780,89257243105,1783476281668239000
1785,3,1777,89256503785,1783476281670326000
1786,0,1786,89258613073,1783476281673510000
1786,1,1784,89293910073,1783476281671462000
1786,2,1781,89289262137,1783476281672447000
1786,3,1778,89292529913,1783476281674571000
1787,0,1787,89290634657,1783476281677713000
1787,1,1785,89325889945,1783476281675597000
1787,2,1782,89325322201,1783476281676687000
1787,3,1779,89324567105,1783476281678759000
1788,0,1788,89326616009,1783476281681469000
1788,1,1786,89357889657,1783476281679728000
1788,2,1783,89357244081,1783476281680713000
1788,3,1780,89356508041,1783476281682317000
1789,0,1789,89458622137,1783476281878465000
1789,1,1787,89457908137,1783476281876383000
1789,2,1784,89457268657,1783476281877413000
1789,3,1781,89456540041,1783476281879519000
1790,0,1790,89494639137,1783476281882683000
1790,1,1788,89493993913,1783476281880574000
1790,2,1785,89493282817,1783476281881627000
1790,3,1782,89492530041,1783476281883736000
1791,0,1791,89526620849,1783476281886964000
1791,1,1789,89525908849,1783476281884786000
1791,2,1786,89525248009,1783476281885840000
1791,3,1783,89524494041,1783476281888142000
1792,0,1792,89558619265,1783476281890966000
1792,1,1790,89557926625,1783476281888931000
1792,2,1787,89557277137,1783476281889872000
1792,3,1784,89556635945,1783476281892011000
1793,0,1793,89658629105,1783476281930364000
1793,1,1791,89657941009,1783476281929313000
1793,2,1788,89657275849,1783476281928270000
1793,3,1785,89656545017,1783476281927226000
1794,0,1794,89694645233,1783476281961558000
1794,1,1792,89693901137,1783476281960504000
1794,2,1789,89693289561,1783476281959519000
1794,3,1786,89692504073,1783476281958416000
1795,0,1795,89726646329,1783476281992698000
1795,1,1793,89725902137,1783476281995703000
1795,2,1790,89725257657,1783476281991452000
1795,3,1787,89724518465,1783476281994429000
1796,0,1796,89758671105,1783476282030170000
1796,1,1794,89761919169,1783476282029122000
1796,2,1791,89757277625,1783476282028075000
1796,3,1788,89756528721,1783476282027037000
1797,0,1797,89794651009,1783476282196750000
1797,1,1795,89793906233,1783476282198846000
1797,2,1792,89793293753,1783476282199969000
1797,3,1789,89792531849,1783476282197759000
1798,0,1798,89826632137,1783476282201083000
1798,1,1796,89825898753,1783476282203207000
1798,2,1793,89825256561,1783476282204239000
1798,3,1790,89824541657,1783476282202137000
1799,0,1799,89858648009,1783476282205327000
1799,1,1797,89861902361,1783476282207431000
1799,2,1794,89857276849,1783476282208360000
1799,3,1791,89860516009,1783476282206348000
1800,0,1800,89894632977,1783476282209335000
1800,1,1798,89893907393,1783476282211075000
1800,2,1795,89893261233,1783476282211733000
1800,3,1792,89892507361,1783476282210284000
1801,0,1801,89994633137,1783476282400796000
1801,1,1799,89993909041,1783476282399722000
1801,2,1796,89993263913,1783476282401833000
1801,3,1793,89992509881,1783476282398686000
1802,0,1802,90026642977,1783476282405572000
1802,1,1800,90025927137,1783476282403948000
1802,2,1797,90025290881,1783476282406598000
1802,3,1794,90024566073,1783476282402909000
1803,0,1803,90062651041,1783476282409765000
1803,1,1801,90061906721,1783476282408727000
1803,2,1798,90061295361,1783476282410778000
1803,3,1795,90060507401,1783476282407688000
1804,0,1804,90094636361,1783476282413612000
1804,1,1802,90093925009,1783476282412722000
1804,2,1799,90093264329,1783476282414440000
1804,3,1796,90092524561,1783476282411757000
1805,0,1805,90194647913,1783476282599492000
1805,1,1803,90193897817,1783476282602513000
1805,2,1800,90193265497,1783476282601505000
1805,3,1797,90192526529,1783476282600591000
1806,0,1806,90226652977,1783476282603797000
1806,1,1804,90225940425,1783476282605929000
1806,2,1801,90225296881,1783476282606999000
1806,3,1798,90224561201,1783476282604996000
1807,0,1807,90262657457,1783476282608022000
1807,1,1805,90261912041,1783476282609413000
1807,2,1802,90261301169,1783476282612563000
1807,3,1799,90260513849,1783476282610444000
1808,0,1808,90294658977,1783476282611482000
1808,1,1806,90293913657,1783476282613309000
1808,2,1803,90293270393,1783476282616236000
1808,3,1800,90292528137,1783476282614046000
1809,0,1809,90394645209,1783476282802202000
1809,1,1807,90393917881,1783476282800115000
1809,2,1804,90393273945,1783476282801153000
1809,3,1801,90392534849,1783476282803256000
1810,0,1810,90426664169,1783476282806439000
1810,1,1808,90429919945,1783476282804311000
1810,2,1805,90425315201,1783476282805365000
1810,3,1802,90424535009,1783476282807495000
1811,0,1811,90462651913,1783476282810641000
1811,1,1809,90461931041,1783476282808529000
1811,2,1806,90461285945,1783476282809591000
1811,3,1803,90460518785,1783476282811853000
1812,0,1812,90494648009,1783476282814412000
1812,1,1810,90493923425,1783476282812614000
1812,2,1807,90493276977,1783476282813479000
1812,3,1804,90492540913,1783476282815247000
1813,0,1813,90594646073,1783476283001990000
1813,1,1811,90593933073,1783476283000950000
1813,2,1808,90593294241,1783476283003035000
1813,3,1805,90592542657,1783476283004095000
1814,0,1814,90630669201,1783476283006233000
1814,1,1812,90629921657,1783476283005142000
1814,2,1809,90629310945,1783476283007296000
1814,3,1806,90628528041,1783476283008359000
1815,0,1815,90662713945,1783476283010453000
1815,1,1813,90661941073,1783476283009405000
1815,2,1810,90661278721,1783476283011510000
1815,3,1807,90660572785,1783476283012567000
1816,0,1816,90694654169,1783476283014515000
1816,1,1814,90693957041,1783476283013558000
1816,2,1811,90693296657,1783476283015371000
1816,3,1808,90692544977,1783476283016031000
1817,0,1817,90794651265,1783476283201696000
1817,1,1815,90793945945,1783476283203822000
1817,2,1812,90793302881,1783476283202805000
1817,3,1809,90792551465,1783476283204895000
1818,0,1818,90830672009,1783476283206065000
1818,1,1816,90829927849,1783476283208205000
1818,2,1813,90829321233,1783476283207154000
1818,3,1810,90828542881,1783476283209255000
1819,0,1819,90862658073,1783476283210325000
1819,1,1817,90861927817,1783476283213202000
1819,2,1814,90861300945,1783476283212172000
1819,3,1811,90860544361,1783476283214252000
1820,0,1820,90894660009,1783476283215304000
1820,1,1818,90897949041,1783476283217252000
1820,2,1815,90893303849,1783476283216297000
1820,3,1812,90892562977,1783476283218188000
1821,0,1821,90994655201,1783476283403541000
1821,1,1819,90997949137,1783476283405689000
1821,2,1816,90993290753,1783476283402517000
1821,3,1813,90992557561,1783476283404603000
1822,0,1822,91030672105,1783476283407759000
1822,1,1820,91030122265,1783476283409867000
1822,2,1817,91029315785,1783476283406702000
1822,3,1814,91028591233,1783476283408803000
1823,0,1823,91062663041,1783476283412008000
1823,1,1821,91061935105,1783476283414078000
1823,2,1818,91061289817,1783476283410913000
1823,3,1815,91060552073,1783476283413164000
1824,0,1824,91094683105,1783476283415926000
1824,1,1822,91097950137,1783476283417520000
1824,2,1819,91097307137,1783476283415044000
1824,3,1816,91096548265,1783476283416616000
1825,0,1825,91198678169,1783476283605289000
1825,1,1823,91197937849,1783476283603200000
1825,2,1820,91197326689,1783476283604241000
1825,3,1817,91196541369,1783476283606349000
1826,0,1826,91230682817,1783476283609504000
1826,1,1824,91229973073,1783476283607413000
1826,2,1821,91229325073,1783476283608444000
1826,3,1818,91228552201,1783476283610572000
1827,0,1827,91262668105,1783476283613715000
1827,1,1825,91261970233,1783476283611623000
1827,2,1822,91261312009,1783476283612671000
1827,3,1819,91260555689,1783476283614737000
1828,0,1828,91298674265,1783476283617427000
1828,1,1826,91297943073,1783476283615727000
1828,2,1823,91297330977,1783476283616503000
1828,3,1820,91296543233,1783476283618091000
1829,0,1829,91398691329,1783476283803967000
1829,1,1827,91397936785,1783476283806057000
1829,2,1824,91397326105,1783476283805002000
1829,3,1821,91396540721,1783476283807114000
1830,0,1830,91430674009,1783476283808173000
1830,1,1828,91429946361,1783476283810284000
1830,2,1825,91429334265,1783476283809461000
1830,3,1822,91428565009,1783476283811520000
1831,0,1831,91462679105,1783476283812472000
1831,1,1829,91465961137,1783476283814598000
1831,2,1826,91461329657,1783476283813529000
1831,3,1823,91460600977,1783476283815558000
1832,0,1832,91498690073,1783476283816299000
1832,1,1830,91497946009,1783476283818368000
1832,2,1827,91497315497,1783476283817046000
1832,3,1824,91496548425,1783476283819155000
1833,0,1833,91598677041,1783476284004748000
1833,1,1831,91597947657,1783476284006871000
1833,2,1828,91597318657,1783476284005776000
1833,3,1825,91596551433,1783476284007912000
1834,0,1834,91630678657,1783476284008968000
1834,1,1832,91629951881,1783476284011086000
1834,2,1829,91629308009,1783476284010032000
1834,3,1826,91664592233,1783476284012190000
1835,0,1835,91662700689,1783476284013203000
1835,1,1833,91665978977,1783476284015295000
1835,2,1830,91665326945,1783476284014245000
1835,3,1827,91696553913,1783476284016315000
1836,0,1836,91698699945,1783476284017292000
1836,1,1834,91697965945,1783476284018725000
1836,2,1831,91697324137,1783476284018044000
1836,3,1828,91728592105,1783476284019368000
1837,0,1837,91798682201,1783476284205526000
1837,1,1835,91797977137,1783476284207684000
1837,2,1832,91797311169,1783476284206583000
1837,3,1829,91796545073,1783476284208665000
1838,0,1838,91830694073,1783476284209788000
1838,1,1836,91829995785,1783476284211942000
1838,2,1833,91829346977,1783476284210839000
1838,3,1830,91828606521,1783476284212989000
1839,0,1839,91866699753,1783476284214005000
1839,1,1837,91865953817,1783476284217479000
1839,2,1834,91865344233,1783476284215059000
1839,3,1831,91864558337,1783476284216540000
1840,0,1840,91898706657,1783476284218216000
1840,1,1838,91897973465,1783476284220426000
1840,2,1835,91897313169,1783476284219124000
1840,3,1832,91896574233,1783476284219691000
1841,0,1841,91998689457,1783476284406177000
1841,1,1839,91997954985,1783476284407151000
1841,2,1836,91997326561,1783476284408193000
1841,3,1833,91996567393,1783476284409259000
1842,0,1842,92030694849,1783476284411433000
1842,1,1840,92033980721,1783476284410336000
1842,2,1837,92029355073,1783476284412448000
1842,3,1834,92028594105,1783476284413496000
1843,0,1843,92066714361,1783476284415595000
1843,1,1841,92065958945,1783476284414545000
1843,2,1838,92065331073,1783476284416637000
1843,3,1835,92064560105,1783476284418664000
1844,0,1844,92098687265,1783476284419563000
1844,1,1842,92097962105,1783476284417684000
1844,2,1839,92097320521,1783476284420258000
1844,3,1836,92096582009,1783476284422386000
1845,0,1845,92198694273,1783476284606774000
1845,1,1843,92197958169,1783476284609908000
1845,2,1840,92197316009,1783476284607775000
1845,3,1837,92196576977,1783476284608843000
1846,0,1846,92230720297,1783476284610976000
1846,1,1844,92233985297,1783476284614116000
1846,2,1841,92233342521,1783476284611969000
1846,3,1838,92232595553,1783476284613033000
1847,0,1847,92266695137,1783476284615165000
1847,1,1845,92265967201,1783476284618269000
1847,2,1842,92265321329,1783476284616184000
1847,3,1839,92264568913,1783476284617244000
1848,0,1848,92298723137,1783476284619795000
1848,1,1846,92297967881,1783476284622452000
1848,2,1843,92297324489,1783476284619079000
1848,3,1840,92296588073,1783476284620463000
1849,0,1849,92398694041,1783476284809515000
1849,1,1847,92397998201,1783476284808495000
1849,2,1844,92397338329,1783476284811641000
1849,3,1841,92396615881,1783476284810742000
1850,0,1850,92434717329,1783476284813717000
1850,1,1848,92433971201,1783476284812680000
1850,2,1845,92433356945,1783476284816069000
1850,3,1842,92432582009,1783476284815021000
1851,0,1851,92466928201,1783476284818165000
1851,1,1849,92465990753,1783476284817181000
1851,2,1846,92465490233,1783476284820442000
1851,3,1843,92464976689,1783476284819219000
1852,0,1852,92498700817,1783476284822187000
1852,1,1850,92497987945,1783476284822039000
1852,2,1847,92497343977,1783476284824211000
1852,3,1844,92496591721,1783476284822957000
1853,0,1853,92598781977,1783476285010313000
1853,1,1851,92601984625,1783476285009279000
1853,2,1848,92597416169,1783476285012442000
1853,3,1845,92596717849,1783476285011425000
1854,0,1854,92634720881,1783476285015165000
1854,1,1852,92633977881,1783476285013529000
1854,2,1849,92633352337,1783476285016951000
1854,3,1846,92632611201,1783476285015901000
1855,0,1855,92666707073,1783476285019460000
1855,1,1853,92665977337,1783476285017956000
1855,2,1850,92665335073,1783476285021417000
1855,3,1847,92664590881,1783476285020450000
1856,0,1856,92698705689,1783476285023310000
1856,1,1854,92701993137,1783476285022356000
1856,2,1851,92697353713,1783476285024983000
1856,3,1848,92696596329,1783476285024194000
1857,0,1857,92798760073,1783476285210027000
1857,1,1855,92802001009,1783476285212076000
1857,2,1852,92797362785,1783476285210982000
1857,3,1849,92800591081,1783476285213170000
1858,0,1858,92834795529,1783476285215498000
1858,1,1856,92833980233,1783476285216551000
1858,2,1853,92833335169,1783476285214454000
1858,3,1850,92832604265,1783476285217594000
1859,0,1859,92866713721,1783476285219711000
1859,1,1857,92865996945,1783476285220786000
1859,2,1854,92865347689,1783476285218756000
1859,3,1851,92864622881,1783476285221747000
1860,0,1860,92898731849,1783476285223767000
1860,1,1858,92901982137,1783476285224421000
1860,2,1855,92901354849,1783476285222953000
1860,3,1852,92900598329,1783476285225059000
1861,0,1861,93002731849,1783476285411649000
1861,1,1859,93001978721,1783476285410614000
1861,2,1856,93001367041,1783476285413819000
1861,3,1853,93000577049,1783476285412708000
1862,0,1862,93034744817,1783476285415870000
1862,1,1860,93034051105,1783476285414822000
1862,2,1857,93033346657,1783476285418603000
1862,3,1854,93032641945,1783476285416925000
1863,0,1863,93066715945,1783476285420682000
1863,1,1861,93066003073,1783476285419634000
1863,2,1858,93065358529,1783476285422759000
1863,3,1855,93064601881,1783476285421739000
1864,0,1864,93102736881,1783476285424734000
1864,1,1862,93101989009,1783476285423779000
1864,2,1859,93101378105,1783476285426476000
1864,3,1856,93100592169,1783476285425652000
1865,0,1865,93202738137,1783476285612379000
1865,1,1863,93201998817,1783476285613439000
1865,2,1860,93201381265,1783476285611341000
1865,3,1857,93200579625,1783476285614775000
1866,0,1866,93234723009,1783476285617327000
1866,1,1864,93233994009,1783476285618379000
1866,2,1861,93233352817,1783476285616266000
1866,3,1858,93232626233,1783476285619460000
1867,0,1867,93266726073,1783476285621537000
1867,1,1865,93270001657,1783476285622595000
1867,2,1862,93265360817,1783476285620490000
1867,3,1859,93264599169,1783476285623657000
1868,0,1868,93302740041,1783476285625668000
1868,1,1866,93301991657,1783476285626628000
1868,2,1863,93301364137,1783476285624730000
1868,3,1860,93300593393,1783476285627505000
1869,0,1869,93402723977,1783476285813161000
1869,1,1867,93401996881,1783476285812137000
1869,2,1864,93401358200,1783476285815297000
1869,3,1861,93400606753,1783476285814385000
1870,0,1870,93434727521,1783476285818511000
1870,1,1868,93434004753,1783476285817482000
1870,2,1865,93433362561,1783476285820654000
1870,3,1862,93432642337,1783476285819597000
1871,0,1871,93466747977,1783476285822855000
1871,1,1869,93469995721,1783476285821814000
1871,2,1866,93469370233,1783476285824947000
1871,3,1863,93468612105,1783476285823861000
1872,0,1872,93502722433,1783476285826975000
1872,1,1870,93502014073,1783476285826011000
1872,2,1867,93501357913,1783476285828832000
1872,3,1864,93500604361,1783476285827917000
1873,0,1873,93602729817,1783476286012973000
1873,1,1871,93602019041,1783476286015059000
1873,2,1868,93601361881,1783476286014005000
1873,3,1865,93532618009,1783476286016198000
1874,0,1874,93634732881,1783476286017242000
1874,1,1872,93634022073,1783476286019344000
1874,2,1869,93633393785,1783476286018289000
1874,3,1866,93600605849,1783476286020560000
1875,0,1875,93670798041,1783476286021575000
1875,1,1873,93670125201,1783476286023674000
1875,2,1870,93669427105,1783476286022647000
1875,3,1867,93632628625,1783476286024714000
1876,0,1876,93702817137,1783476286025736000
1876,1,1874,93702047913,1783476286027452000
1876,2,1871,93701406201,1783476286026693000
1876,3,1868,93668608233,1783476286028097000
1877,0,1877,93802746561,1783476286223224000
1877,1,1875,93802011073,1783476286224163000
1877,2,1872,93801369977,1783476286222059000
1877,3,1869,93800646009,1783476286225229000
1878,0,1878,93834733041,1783476286227931000
1878,1,1876,93838025977,1783476286228965000
1878,2,1873,93833410009,1783476286226261000
1878,3,1870,93832693137,1783476286230048000
1879,0,1879,93870755137,1783476286232137000
1879,1,1877,93870006977,1783476286233188000
1879,2,1874,93869380073,1783476286231087000
1879,3,1871,93868607721,1783476286234227000
1880,0,1880,93902738977,1783476286236146000
1880,1,1878,93902011073,1783476286237019000
1880,2,1875,93901365977,1783476286235204000
1880,3,1872,93900626233,1783476286237863000
1881,0,1881,94002745297,1783476286273965000
1881,1,1879,94002018201,1783476286272901000
1881,2,1876,94001377753,1783476286271839000
1881,3,1873,94000626785,1783476286270869000
1882,0,1882,94034761945,1783476286306151000
1882,1,1880,94038132169,1783476286305081000
1882,2,1877,94037418041,1783476286304029000
1882,3,1874,94036648945,1783476286303036000
1883,0,1883,94070746529,1783476286336914000
1883,1,1881,94070039105,1783476286339950000
1883,2,1878,94069389657,1783476286335420000
1883,3,1875,94068651657,1783476286338896000
1884,0,1884,94102743433,1783476286369241000
1884,1,1882,94102052073,1783476286372650000
1884,2,1879,94101426977,1783476286371602000
1884,3,1876,94100656169,1783476286370549000
1885,0,1885,94138765265,1783476286543369000
1885,1,1883,94138019881,1783476286544476000
1885,2,1880,94137419073,1783476286541279000
1885,3,1877,94136655689,1783476286542328000
1886,0,1886,94170747041,1783476286547599000
1886,1,1884,94170038009,1783476286548735000
1886,2,1881,94169376817,1783476286545505000
1886,3,1878,94168638785,1783476286546548000
1887,0,1887,94202749785,1783476286551886000
1887,1,1885,94202051593,1783476286552913000
1887,2,1882,94201394233,1783476286549779000
1887,3,1879,94200646009,1783476286550829000
1888,0,1888,94238764105,1783476286555672000
1888,1,1886,94238020105,1783476286556290000
1888,2,1883,94237409265,1783476286553930000
1888,3,1880,94236642041,1783476286555108000
1889,0,1889,94338767009,1783476286744018000
1889,1,1887,94338020241,1783476286742967000
1889,2,1884,94337416137,1783476286741927000
1889,3,1881,94336624817,1783476286745099000
1890,0,1890,94370770105,1783476286748235000
1890,1,1888,94370031169,1783476286747181000
1890,2,1885,94369411137,1783476286746125000
1890,3,1882,94368696977,1783476286749306000
1891,0,1891,94402756945,1783476286752452000
1891,1,1889,94406054041,1783476286751420000
1891,2,1886,94401404009,1783476286750344000
1891,3,1883,94400647945,1783476286753494000
1892,0,1892,94438772073,1783476286756115000
1892,1,1890,94438026233,1783476286755355000
1892,2,1887,94437403105,1783476286754480000
1892,3,1884,94436645201,1783476286756779000
1893,0,1893,94538755657,1783476286943879000
1893,1,1891,94538028009,1783476286942940000
1893,2,1888,94537382985,1783476286945985000
1893,3,1885,94536623497,1783476286944948000
1894,0,1894,94570863817,1783476286948288000
1894,1,1892,94570087913,1783476286947226000
1894,2,1889,94569483913,1783476286950405000
1894,3,1886,94568752657,1783476286949350000
1895,0,1895,94602783913,1783476286952503000
1895,1,1893,94606058233,1783476286951461000
1895,2,1890,94605432137,1783476286954584000
1895,3,1887,94604710105,1783476286953585000
1896,0,1896,94638781073,1783476286956118000
1896,1,1894,94638062233,1783476286955313000
1896,2,1891,94637427817,1783476286958196000
1896,3,1888,94636630657,1783476286956889000
1897,0,1897,94738763009,1783476287144531000
1897,1,1895,94738054105,1783476287143524000
1897,2,1892,94737455625,1783476287146629000
1897,3,1889,94736670273,1783476287145607000
1898,0,1898,94770764169,1783476287148799000
1898,1,1896,94770068753,1783476287147745000
1898,2,1893,94769415657,1783476287150908000
1898,3,1890,94768659625,1783476287149855000
1899,0,1899,94806806105,1783476287153010000
1899,1,1897,94806038977,1783476287151954000
1899,2,1894,94805454657,1783476287155117000
1899,3,1891,94804636169,1783476287154058000
1900,0,1900,94838778297,1783476287156861000
1900,1,1898,94838048881,1783476287156090000
1900,2,1895,94837415945,1783476287158610000
1900,3,1892,94836690425,1783476287157548000
1901,0,1901,94938805201,1783476287345201000
1901,1,1899,94938047073,1783476287346267000
1901,2,1896,94937442657,1783476287344162000
1901,3,1893,94936654689,1783476287347314000
1902,0,1902,94970769689,1783476287350049000
1902,1,1900,94974055137,1783476287351077000
1902,2,1897,94969439913,1783476287348653000
1902,3,1894,94968665233,1783476287352123000
1903,0,1903,95006775817,1783476287354431000
1903,1,1901,95006038169,1783476287355489000
1903,2,1898,95005419721,1783476287353173000
1903,3,1895,95004640169,1783476287356538000
1904,0,1904,95038773881,1783476287358439000
1904,1,1902,95038046073,1783476287359377000
1904,2,1899,95037421849,1783476287357465000
1904,3,1896,95036697585,1783476287360292000
1905,0,1905,95138772041,1783476287546024000
1905,1,1903,95138045561,1783476287547076000
1905,2,1900,95137408169,1783476287544985000
1905,3,1897,95136646465,1783476287548149000
1906,0,1906,95170815105,1783476287550304000
1906,1,1904,95174066881,1783476287551357000
1906,2,1901,95173456913,1783476287549186000
1906,3,1898,95172668073,1783476287552412000
1907,0,1907,95206787073,1783476287554515000
1907,1,1905,95206081945,1783476287555574000
1907,2,1902,95205404945,1783476287553460000
1907,3,1899,95204645073,1783476287556625000
1908,0,1908,95238773529,1783476287558254000
1908,1,1906,95238061009,1783476287559078000
1908,2,1903,95237424753,1783476287557496000
1908,3,1900,95236664425,1783476287560094000
1909,0,1909,95338779297,1783476287745743000
1909,1,1907,95338072945,1783476287746781000
1909,2,1904,95337415529,1783476287747838000
1909,3,1901,95336657625,1783476287748896000
1910,0,1910,95374793977,1783476287749941000
1910,1,1908,95374049201,1783476287751001000
1910,2,1905,95373470945,1783476287752153000
1910,3,1902,95372659073,1783476287753114000
1911,0,1911,95406794753,1783476287754186000
1911,1,1909,95406070945,1783476287755210000
1911,2,1906,95405411497,1783476287756402000
1911,3,1903,95404664785,1783476287757462000
1912,0,1912,95438779881,1783476287758411000
1912,1,1910,95438067201,1783476287759262000
1912,2,1907,95437442297,1783476287759953000
1912,3,1904,95436672201,1783476287760915000
1913,0,1913,95538777657,1783476287946486000
1913,1,1911,95542068593,1783476287948574000
1913,2,1908,95537428945,1783476287947522000
1913,3,1905,95536685113,1783476287949631000
1914,0,1914,95574795561,1783476287950745000
1914,1,1912,95574052977,1783476287952829000
1914,2,1909,95573474169,1783476287951776000
1914,3,1906,95572674169,1783476287953892000
1915,0,1915,95606788009,1783476287954939000
1915,1,1913,95606068977,1783476287957046000
1915,2,1910,95605409073,1783476287955990000
1915,3,1907,95604659913,1783476287958098000
1916,0,1916,95638784977,1783476287958967000
1916,1,1914,95642078009,1783476287960492000
1916,2,1911,95637443881,1783476287959756000
1916,3,1908,95636669817,1783476287961622000
1917,0,1917,95738807169,1783476288149371000
1917,1,1915,95742072169,1783476288147282000
1917,2,1912,95741432169,1783476288148313000
1917,3,1909,95740668497,1783476288150422000
1918,0,1918,95774791169,1783476288153577000
1918,1,1916,95774081881,1783476288151486000
1918,2,1913,95773460041,1783476288152524000
1918,3,1910,95772661041,1783476288154632000
1919,0,1919,95806807817,1783476288157791000
1919,1,1917,95806086977,1783476288155688000
1919,2,1914,95805434977,1783476288156736000
1919,3,1911,95804678009,1783476288158841000
1920,0,1920,95842787073,1783476288161522000
1920,1,1918,95842060137,1783476288159826000
1920,2,1915,95841454849,1783476288160779000
1920,3,1912,95840682105,1783476288162207000
1921,0,1921,95942802137,1783476288350081000
1921,1,1919,95942058329,1783476288349018000
1921,2,1916,95941453233,1783476288347980000
1921,3,1913,95940675297,1783476288351127000
1922,0,1922,95974814009,1783476288354283000
1922,1,1920,95974083169,1783476288353228000
1922,2,1917,95973462721,1783476288352181000
1922,3,1914,95972729201,1783476288355336000
1923,0,1923,96006821945,1783476288358505000
1923,1,1921,96006085169,1783476288357446000
1923,2,1918,96005450977,1783476288356395000
1923,3,1915,96004699785,1783476288359491000
1924,0,1924,96042814041,1783476288362098000
1924,1,1922,96042073977,1783476288360986000
1924,2,1919,96041457977,1783476288360414000
1924,3,1916,96040675977,1783476288362810000
1925,0,1925,96142808977,1783476288549516000
1925,1,1923,96142063137,1783476288548465000
1925,2,1920,96141445169,1783476288550557000
1925,3,1917,96140670145,1783476288551625000
1926,0,1926,96174803265,1783476288553743000
1926,1,1924,96174076073,1783476288552649000
1926,2,1921,96173443849,1783476288554776000
1926,3,1918,96172712817,1783476288555829000
1927,0,1927,96206827497,1783476288557948000
1927,1,1925,96210092913,1783476288556890000
1927,2,1922,96205450105,1783476288558992000
1927,3,1919,96204695617,1783476288560016000
1928,0,1928,96242805529,1783476288561775000
1928,1,1926,96242075361,1783476288561030000
1928,2,1923,96241449073,1783476288562502000
1928,3,1920,96240681457,1783476288563272000
1929,0,1929,96342803529,1783476288748970000
1929,1,1927,96342075169,1783476288751086000
1929,2,1924,96341444169,1783476288750044000
1929,3,1921,96340664817,1783476288752108000
1930,0,1930,96374813753,1783476288753226000
1930,1,1928,96374081041,1783476288755678000
1930,2,1925,96373503137,1783476288754741000
1930,3,1922,96372720137,1783476288756720000
1931,0,1931,96410809753,1783476288757794000
1931,1,1929,96410083105,1783476288760149000
1931,2,1926,96409469105,1783476288759009000
1931,3,1923,96408723785,1783476288761100000
1932,0,1932,96442804305,1783476288762139000
1932,1,1930,96442093169,1783476288763881000
1932,2,1927,96441481265,1783476288762836000
1932,3,1924,96440677393,1783476288764633000
1933,0,1933,96474807497,1783476288950521000
1933,1,1931,96542089913,1783476288951573000
1933,2,1928,96541427593,1783476288949477000
1933,3,1925,96540687977,1783476288952670000
1934,0,1934,96542802105,1783476288954858000
1934,1,1932,96574098137,1783476288955914000
1934,2,1929,96573480105,1783476288953823000
1934,3,1926,96572716137,1783476288957012000
1935,0,1935,96574809849,1783476288959070000
1935,1,1933,96610088945,1783476288960286000
1935,2,1930,96609481137,1783476288958032000
1935,3,1927,96608705073,1783476288961148000
1936,0,1936,96610917785,1783476288962952000
1936,1,1934,96642083201,1783476288963950000
1936,2,1931,96641462881,1783476288962130000
1936,3,1928,96640696073,1783476288964317000
1937,0,1937,96742862913,1783476289160781000
1937,1,1935,96742081753,1783476289159728000
1937,2,1932,96741437977,1783476289161833000
1937,3,1929,96740695233,1783476289158700000
1938,0,1938,96774818881,1783476289164993000
1938,1,1936,96778103849,1783476289163936000
1938,2,1933,96773493073,1783476289166045000
1938,3,1930,96772736817,1783476289162884000
1939,0,1939,96810820849,1783476289169205000
1939,1,1937,96810094881,1783476289168156000
1939,2,1934,96809470881,1783476289170271000
1939,3,1931,96808719881,1783476289167100000
1940,0,1940,96842815913,1783476289172759000
1940,1,1938,96842103977,1783476289172060000
1940,2,1935,96841446073,1783476289173774000
1940,3,1932,96840687945,1783476289171201000
1941,0,1941,96942822105,1783476289360068000
1941,1,1939,96942088233,1783476289371567000
1941,2,1936,96941448977,1783476289360980000
1941,3,1933,96876703105,1783476289365078000
1942,0,1942,96978831169,1783476289366983000
1942,1,1940,96978097561,1783476289376676000
1942,2,1937,96977487849,1783476289367317000
1942,3,1934,96940695113,1783476289370504000
1943,0,1943,97010833369,1783476289372761000
1943,1,1941,97010125105,1783476289380998000
1943,2,1938,97009486785,1783476289375904000
1943,3,1935,96976729529,1783476289374533000
1944,0,1944,97042823169,1783476289378854000
1944,1,1942,97042123233,1783476289385061000
1944,2,1939,97041473329,1783476289382385000
1944,3,1936,97008734553,1783476289380124000
1945,0,1945,97142946593,1783476289413586000
1945,1,1943,97142141457,1783476289412522000
1945,2,1940,97141486137,1783476289411453000
1945,3,1937,97140732529,1783476289410401000
1946,0,1946,97178844137,1783476289445834000
1946,1,1944,97178104297,1783476289444720000
1946,2,1941,97177492105,1783476289443662000
1946,3,1938,97176707913,1783476289442623000
1947,0,1947,97210850169,1783476289480900000
1947,1,1945,97210115393,1783476289476148000
1947,2,1942,97209476713,1783476289475181000
1947,3,1939,97208728329,1783476289477770000
1948,0,1948,97242839233,1783476289513728000
1948,1,1946,97246130073,1783476289511617000
1948,2,1943,97241489041,1783476289512684000
1948,3,1940,97240724073,1783476289510551000
1949,0,1949,97278830297,1783476289684242000
1949,1,1947,97278102849,1783476289685238000
1949,2,1944,97277490233,1783476289683135000
1949,3,1941,97276734849,1783476289686329000
1950,0,1950,97310830073,1783476289688494000
1950,1,1948,97310084849,1783476289689601000
1950,2,1945,97309461169,1783476289687324000
1950,3,1942,97308742945,1783476289690814000
1951,0,1951,97342829977,1783476289692765000
1951,1,1949,97346102137,1783476289693824000
1951,2,1946,97341476105,1783476289691710000
1951,3,1943,97340717497,1783476289694963000
1952,0,1952,97379094753,1783476289696707000
1952,1,1950,97378431105,1783476289697524000
1952,2,1947,97377749977,1783476289695945000
1952,3,1944,97376977329,1783476289698221000
1953,0,1953,97478834009,1783476289883997000
1953,1,1951,97478108009,1783476289885028000
1953,2,1948,97477463721,1783476289887135000
1953,3,1945,97476695009,1783476289886103000
1954,0,1954,97510875137,1783476289888492000
1954,1,1952,97510285137,1783476289889761000
1954,2,1949,97509529009,1783476289891864000
1954,3,1946,97508889881,1783476289890830000
1955,0,1955,97542834945,1783476289892920000
1955,1,1953,97546091329,1783476289893999000
1955,2,1950,97545478657,1783476289896088000
1955,3,1947,97544721201,1783476289895052000
1956,0,1956,97578834657,1783476289897558000
1956,1,1954,97578123329,1783476289899053000
1956,2,1951,97577465329,1783476289899739000
1956,3,1948,97576707297,1783476289898364000
1957,0,1957,97678838201,1783476290085760000
1957,1,1955,97678126945,1783476290086819000
1957,2,1952,97677466137,1783476290084715000
1957,3,1949,97676700689,1783476290087909000
1958,0,1958,97710849009,1783476290090523000
1958,1,1956,97710128105,1783476290092618000
1958,2,1953,97709491041,1783476290091563000
1958,3,1950,97708791785,1783476290093670000
1959,0,1959,97746840361,1783476290094731000
1959,1,1957,97746111233,1783476290096838000
1959,2,1954,97745501137,1783476290095782000
1959,3,1951,97744715009,1783476290097889000
1960,0,1960,97778841817,1783476290098858000
1960,1,1958,97778115137,1783476290100749000
1960,2,1955,97777484849,1783476290099804000
1960,3,1952,97844722849,1783476290110677000
1961,0,1961,97878846785,1783476290294150000
1961,1,1959,97878115817,1783476290297228000
1961,2,1956,97877473233,1783476290296142000
1961,3,1953,97876736105,1783476290295090000
1962,0,1962,97910858625,1783476290300301000
1962,1,1960,97914100977,1783476290302366000
1962,2,1957,97909505425,1783476290301339000
1962,3,1954,97908732945,1783476290299290000
1963,0,1963,97946837817,1783476290304504000
1963,1,1961,97946118393,1783476290306619000
1963,2,1958,97945492233,1783476290305554000
1963,3,1955,97944716041,1783476290303480000
1964,0,1964,97978848201,1783476290308509000
1964,1,1962,97978120201,1783476290310999000
1964,2,1959,97977477169,1783476290309383000
1964,3,1956,97976722137,1783476290307545000
1965,0,1965,98078851561,1783476290503176000
1965,1,1963,98078122657,1783476290504271000
1965,2,1960,98077480137,1783476290505262000
1965,3,1957,98076729561,1783476290506367000
1966,0,1966,98110891945,1783476290507750000
1966,1,1964,98114134137,1783476290508806000
1966,2,1961,98113516169,1783476290509873000
1966,3,1958,98112749361,1783476290511169000
1967,0,1967,98146850553,1783476290512216000
1967,1,1965,98146137753,1783476290513263000
1967,2,1962,98145478625,1783476290514340000
1967,3,1959,98144723945,1783476290515348000
1968,0,1968,98178859105,1783476290516090000
1968,1,1966,98178144105,1783476290516858000
1968,2,1963,98177507361,1783476290517596000
1968,3,1960,98176757009,1783476290518332000
1969,0,1969,98278865265,1783476290549437000
1969,1,1967,98278191105,1783476290548394000
1969,2,1964,98277517233,1783476290547366000
1969,3,1961,98276761881,1783476290546334000
1970,0,1970,98314871265,1783476290582193000
1970,1,1968,98314124105,1783476290581169000
1970,2,1965,98313535329,1783476290579355000
1970,3,1962,98312768177,1783476290580034000
1971,0,1971,98346879041,1783476290613944000
1971,1,1969,98346153137,1783476290612863000
1971,2,1966,98345524081,1783476290611822000
1971,3,1963,98344811729,1783476290614967000
1972,0,1972,98378887073,1783476290650019000
1972,1,1970,98378258201,1783476290648918000
1972,2,1967,98377562265,1783476290647894000
1972,3,1964,98376920265,1783476290646856000
1973,0,1973,98414871265,1783476290818438000
1973,1,1971,98414125913,1783476290816255000
1973,2,1968,98413526265,1783476290819556000
1973,3,1965,98412783177,1783476290817307000
1974,0,1974,98446878264,1783476290823950000
1974,1,1972,98446138009,1783476290821793000
1974,2,1969,98445498137,1783476290825615000
1974,3,1966,98444777561,1783476290822892000
1975,0,1975,98478860073,1783476290828572000
1975,1,1973,98482141817,1783476290826483000
1975,2,1970,98477507881,1783476290830429000
1975,3,1967,98476750785,1783476290827532000
1976,0,1976,98514878521,1783476290833478000
1976,1,1974,98514143337,1783476290831477000
1976,2,1971,98513517137,1783476290834426000
1976,3,1968,98512758105,1783476290832669000
1977,0,1977,98614885785,1783476291019006000
1977,1,1975,98614124073,1783476291020067000
1977,2,1972,98613496817,1783476291017962000
1977,3,1969,98612738137,1783476291016898000
1978,0,1978,98646868393,1783476291023221000
1978,1,1976,98646139849,1783476291024280000
1978,2,1973,98645492233,1783476291022170000
1978,3,1970,98644765073,1783476291021117000
1979,0,1979,98678879201,1783476291027460000
1979,1,1977,98682139105,1783476291028485000
1979,2,1974,98681511137,1783476291026386000
1979,3,1971,98680757753,1783476291025330000
1980,0,1980,98714861945,1783476291030968000
1980,1,1978,98714126137,1783476291032000000
1980,2,1975,98713496041,1783476291030234000
1980,3,1972,98712754913,1783476291029466000
1981,0,1981,98814868105,1783476291217592000
1981,1,1979,98814156137,1783476291218638000
1981,2,1976,98813498689,1783476291219690000
1981,3,1973,98812757401,1783476291220745000
1982,0,1982,98846870721,1783476291221869000
1982,1,1980,98846175105,1783476291222923000
1982,2,1977,98845500105,1783476291223970000
1982,3,1974,98844768041,1783476291225034000
1983,0,1983,98878898041,1783476291226155000
1983,1,1981,98882135009,1783476291227144000
1983,2,1978,98881502329,1783476291228197000
1983,3,1975,98880753073,1783476291229242000
1984,0,1984,98914916177,1783476291230224000
1984,1,1982,98914148105,1783476291231023000
1984,2,1979,98913519169,1783476291231708000
1984,3,1976,98912776977,1783476291232589000
1985,0,1985,99014884785,1783476291420507000
1985,1,1983,99014141169,1783476291419490000
1985,2,1980,99013494849,1783476291418411000
1985,3,1977,98944771297,1783476291421557000
1986,0,1986,99046875881,1783476291424722000
1986,1,1984,99050146041,1783476291423729000
1986,2,1981,99045525105,1783476291422608000
1986,3,1978,99012756977,1783476291425775000
1987,0,1987,99082891201,1783476291428684000
1987,1,1985,99082145465,1783476291432078000
1987,2,1982,99081518945,1783476291426860000
1987,3,1979,99044800201,1783476291429778000
1988,0,1988,99114896241,1783476291432944000
1988,1,1986,99114151617,1783476291436634000
1988,2,1983,99113509105,1783476291430936000
1988,3,1980,99080746657,1783476291433907000
1989,0,1989,99214878041,1783476291627712000
1989,1,1987,99214154233,1783476291628614000
1989,2,1984,99213512041,1783476291630721000
1989,3,1981,99212791561,1783476291629697000
1990,0,1990,99246917593,1783476291632571000
1990,1,1988,99250167137,1783476291633577000
1990,2,1985,99249526105,1783476291635755000
1990,3,1982,99248774721,1783476291634645000
1991,0,1991,99282880137,1783476291636843000
1991,1,1989,99282168041,1783476291637929000
1991,2,1986,99281508945,1783476291640125000
1991,3,1983,99280752816,1783476291638972000
1992,0,1992,99314881849,1783476291641100000
1992,1,1990,99314171233,1783476291642055000
1992,2,1987,99313527361,1783476291643789000
1992,3,1984,99312772105,1783476291642941000
1993,0,1993,99414885105,1783476291829293000
1993,1,1991,99414176009,1783476291828253000
1993,2,1988,99413532657,1783476291830341000
1993,3,1985,99412795593,1783476291831424000
1994,0,1994,99450897721,1783476291833497000
1994,1,1992,99450153009,1783476291832446000
1994,2,1989,99449547169,1783476291834559000
1994,3,1986,99448783105,1783476291835629000
1995,0,1995,99482885785,1783476291837719000
1995,1,1993,99482156817,1783476291836671000
1995,2,1990,99481514945,1783476291838771000
1995,3,1987,99480771497,1783476291839815000
1996,0,1996,99514889201,1783476291841653000
1996,1,1994,99514160041,1783476291840817000
1996,2,1991,99513533073,1783476291842349000
1996,3,1988,99512776817,1783476291843032000
1997,0,1997,99614891945,1783476292032147000
1997,1,1995,99618171977,1783476292030039000
1997,2,1992,99613534721,1783476292029017000
1997,3,1989,99612781921,1783476292031113000
1998,0,1998,99650911073,1783476292036359000
1998,1,1996,99650179169,1783476292034246000
1998,2,1993,99649534977,1783476292033204000
1998,3,1990,99648842657,1783476292035309000
1999,0,1999,99682888233,1783476292040567000
1999,1,1997,99682165169,1783476292038462000
1999,2,1994,99681532977,1783476292037413000
1999,3,1991,99680850881,1783476292039485000
2000,0,2000,99714892233,1783476292044158000
2000,1,1998,99718180169,1783476292042404000
2000,2,1995,99713543233,1783476292041517000
2000,3,1992,99712803361,1783476292043090000
2001,0,2001,99814911073,1783476292229601000
2001,1,1999,99818162105,1783476292230638000
2001,2,1996,99817541073,1783476292231685000
2001,3,1993,99816782881,1783476292232746000
2002,0,2002,99850913977,1783476292233785000
2002,1,2000,99850194105,1783476292234851000
2002,2,1997,99849540169,1783476292235903000
2002,3,1994,99848797105,1783476292236973000
2003,0,2003,99882891945,1783476292238009000
2003,1,2001,99882198009,1783476292239063000
2003,2,1998,99881541977,1783476292240116000
2003,3,1995,99880788945,1783476292241164000
2004,0,2004,99918914977,1783476292242157000
2004,1,2002,99918170977,1783476292242901000
2004,2,1999,99917557977,1783476292243637000
2004,3,1996,99916771849,1783476292244627000
2005,0,2005,100019000945,1783476292430463000
2005,1,2003,100018180105,1783476292431501000
2005,2,2000,100017571105,1783476292432604000
2005,3,1997,100016773913,1783476292433599000
2006,0,2006,100050900817,1783476292436441000
2006,1,2004,100050175105,1783476292435417000
2006,2,2001,100049531689,1783476292437502000
2006,3,1998,100048804329,1783476292438623000
2007,0,2007,100082903105,1783476292440660000
2007,1,2005,100082190105,1783476292439636000
2007,2,2002,100081549881,1783476292441701000
2007,3,1999,100080790617,1783476292442747000
2008,0,2008,100118922169,1783476292444717000
2008,1,2006,100118177073,1783476292443755000
2008,2,2003,100117574073,1783476292445689000
2008,3,2000,100116778521,1783476292446484000
2009,0,2009,100218940913,1783476292631251000
2009,1,2007,100150174913,1783476292632280000
2009,2,2004,100217543849,1783476292634394000
2009,3,2001,100216768433,1783476292633361000
2010,0,2010,100250906881,1783476292635479000
2010,1,2008,100218178201,1783476292636539000
2010,2,2005,100249561105,1783476292638649000
2010,3,2002,100248806721,1783476292637594000
2011,0,2011,100282908009,1783476292639694000
2011,1,2009,100250182233,1783476292640752000
2011,2,2006,100281554881,1783476292642868000
2011,3,2003,100280796592,1783476292641805000
2012,0,2012,100318910073,1783476292643859000
2012,1,2010,100286211137,1783476292644621000
2012,2,2007,100317565977,1783476292646591000
2012,3,2004,100316806233,1783476292645360000
2013,0,2013,100418910977,1783476292686112000
2013,1,2011,100418200009,1783476292685075000
2013,2,2008,100417546625,1783476292684040000
2013,3,2005,100416792465,1783476292687186000
2014,0,2014,100450911881,1783476292722230000
2014,1,2012,100450186041,1783476292721174000
2014,2,2009,100449553009,1783476292720129000
2014,3,2006,100448838753,1783476292719081000
2015,0,2015,100486915169,1783476292754956000
2015,1,2013,100486185529,1783476292753872000
2015,2,2010,100485575753,1783476292752846000
2015,3,2007,100484812041,1783476292751789000
2016,0,2016,100518922297,1783476292786087000
2016,1,2014,100518209105,1783476292785044000
2016,2,2011,100517557041,1783476292783978000
2016,3,2008,100516822009,1783476292782928000
2017,0,2017,100550930329,1783476292955070000
2017,1,2015,100550223137,1783476292956111000
2017,2,2012,100549578041,1783476292958213000
2017,3,2009,100548841785,1783476292957179000
2018,0,2018,100586934137,1783476292959308000
2018,1,2016,100586176073,1783476292960362000
2018,2,2013,100585587137,1783476292962468000
2018,3,2010,100584817753,1783476292961418000
2019,0,2019,100618916233,1783476292963524000
2019,1,2017,100618204137,1783476292964574000
2019,2,2014,100617543105,1783476292966624000
2019,3,2011,100616801881,1783476292965608000
2020,0,2020,100650920721,1783476292967606000
2020,1,2018,100650200073,1783476292968296000
2020,2,2015,100649571009,1783476292970102000
2020,3,2012,100648877169,1783476292968976000
2021,0,2021,100750923201,1783476293155819000
2021,1,2019,100754208041,1783476293157935000
2021,2,2016,100749559169,1783476293156857000
2021,3,2013,100748803881,1783476293158966000
2022,0,2022,100786938945,1783476293160019000
2022,1,2020,100786194169,1783476293162158000
2022,2,2017,100785569105,1783476293161159000
2022,3,2014,100784791945,1783476293163235000
2023,0,2023,100818921977,1783476293164257000
2023,1,2021,100818176785,1783476293166456000
2023,2,2018,100817552689,1783476293165410000
2023,3,2015,100816808137,1783476293167503000
2024,0,2024,100850922913,1783476293168512000
2024,1,2022,100854209297,1783476293170209000
2024,2,2019,100849571041,1783476293169462000
2024,3,2016,100848813105,1783476293170877000
2025,0,2025,100950945137,1783476293357523000
2025,1,2023,100954190201,1783476293358564000
2025,2,2020,100953562625,1783476293356494000
2025,3,2017,100952799105,1783476293359626000
2026,0,2026,100986951137,1783476293361725000
2026,1,2024,100986224169,1783476293362777000
2026,2,2021,100985597465,1783476293360681000
2026,3,2018,100984856041,1783476293363828000
2027,0,2027,101018920977,1783476293366004000
2027,1,2025,101018193201,1783476293367000000
2027,2,2022,101017549625,1783476293364881000
2027,3,2019,101016807105,1783476293367947000
2028,0,2028,101054929265,1783476293369655000
2028,1,2026,101054197137,1783476293370840000
2028,2,2023,101053586689,1783476293368953000
2028,3,2020,101052816201,1783476293371373000
2029,0,2029,101154947849,1783476293557168000
2029,1,2027,101154204169,1783476293558211000
2029,2,2024,101153583689,1783476293559260000
2029,3,2021,101152798233,1783476293560317000
2030,0,2030,101186932105,1783476293561367000
2030,1,2028,101186219881,1783476293562423000
2030,2,2025,101185562073,1783476293563476000
2030,3,2022,101184824073,1783476293564531000
2031,0,2031,101218998977,1783476293565671000
2031,1,2029,101218246977,1783476293566645000
2031,2,2026,101217652817,1783476293567701000
2031,3,2023,101216827753,1783476293568741000
2032,0,2032,101254949657,1783476293569757000
2032,1,2030,101254203945,1783476293570517000
2032,2,2027,101253594361,1783476293571252000
2032,3,2024,101252794073,1783476293572328000
2033,0,2033,101354950529,1783476293760120000
2033,1,2031,101354207041,1783476293758033000
2033,2,2028,101353579105,1783476293759065000
2033,3,2025,101352811817,1783476293761175000
2034,0,2034,101386939881,1783476293764343000
2034,1,2032,101386213041,1783476293762229000
2034,2,2029,101385580105,1783476293763357000
2034,3,2026,101384830073,1783476293765395000
2035,0,2035,101418939105,1783476293768688000
2035,1,2033,101422227041,1783476293766447000
2035,2,2030,101417588945,1783476293767660000
2035,3,2027,101416832073,1783476293769748000
2036,0,2036,101454938105,1783476293773116000
2036,1,2034,101454209169,1783476293770709000
2036,2,2031,101453583913,1783476293771668000
2036,3,2028,101452801361,1783476293773780000
2037,0,2037,101554942105,1783476293959829000
2037,1,2035,101554213753,1783476293960888000
2037,2,2032,101553562433,1783476293958796000
2037,3,2029,101552803593,1783476293961932000
2038,0,2038,101586945945,1783476293964047000
2038,1,2036,101586216073,1783476293965101000
2038,2,2033,101585577913,1783476293963002000
2038,3,2030,101584868073,1783476293966158000
2039,0,2039,101618959817,1783476293968278000
2039,1,2037,101622234201,1783476293969309000
2039,2,2034,101621587041,1783476293967215000
2039,3,2031,101620829041,1783476293970301000
2040,0,2040,101654943945,1783476293971850000
2040,1,2038,101654231329,1783476293972793000
2040,2,2035,101653572913,1783476293971168000
2040,3,2032,101652817041,1783476293973661000
2041,0,2041,101754964041,1783476294160342000
2041,1,2039,101754249073,1783476294159302000
2041,2,2036,101753576849,1783476294161393000
2041,3,2033,101752807945,1783476294162461000
2042,0,2042,101786946329,1783476294164569000
2042,1,2040,101786232329,1783476294163540000
2042,2,2037,101785590553,1783476294165645000
2042,3,2034,101784847913,1783476294166672000
2043,0,2043,101822972105,1783476294168775000
2043,1,2041,101822216753,1783476294167738000
2043,2,2038,101821604233,1783476294169838000
2043,3,2035,101820814297,1783476294170895000
2044,0,2044,101854955041,1783476294172798000
2044,1,2042,101854225561,1783476294171865000
2044,2,2039,101853600073,1783476294173490000
2044,3,2036,101852831361,1783476294174173000
2045,0,2045,101954947753,1783476294361165000
2045,1,2043,101954218497,1783476294360135000
2045,2,2040,101953582529,1783476294362215000
2045,3,2037,101952867561,1783476294363272000
2046,0,2046,101987090073,1783476294365371000
2046,1,2044,101990226753,1783476294364319000
2046,2,2041,101985613009,1783476294366443000
2046,3,2038,101984875073,1783476294367500000
2047,0,2047,102022975945,1783476294369591000
2047,1,2045,102022224009,1783476294368535000
2047,2,2042,102021599041,1783476294370637000
2047,3,2039,102020815753,1783476294371692000
2048,0,2048,102054957201,1783476294373522000
2048,1,2046,102054227977,1783476294372647000
2048,2,2043,102053584297,1783476294374203000
2048,3,2040,102052844753,1783476294375166000
2049,0,2049,102154962041,1783476294560989000
2049,1,2047,102154230137,1783476294563097000
2049,2,2044,102153589009,1783476294564171000
2049,3,2041,102152832785,1783476294562040000
2050,0,2050,102186981817,1783476294566186000
2050,1,2048,102190241425,1783476294568311000
2050,2,2045,102189624945,1783476294569435000
2050,3,2042,102188852625,1783476294567245000
2051,0,2051,102222974233,1783476294570396000
2051,1,2049,102222251169,1783476294572496000
2051,2,2046,102221595657,1783476294574558000
2051,3,2043,102220867009,1783476294571512000
2052,0,2052,102254964913,1783476294573566000
2052,1,2050,102254264913,1783476294576405000
2052,2,2047,102253610169,1783476294578139000
2052,3,2044,102252844233,1783476294575494000
2053,0,2053,102354957817,1783476294762747000
2053,1,2051,102354244073,1783476294761693000
2053,2,2048,102353601105,1783476294764846000
2053,3,2045,102352839785,1783476294763776000
2054,0,2054,102390990105,1783476294766947000
2054,1,2052,102390258073,1783476294765884000
2054,2,2049,102389631977,1783476294769057000
2054,3,2046,102388854361,1783476294768001000
2055,0,2055,102422982945,1783476294771162000
2055,1,2053,102422253233,1783476294770114000
2055,2,2050,102421627945,1783476294773267000
2055,3,2047,102420853913,1783476294772202000
2056,0,2056,102454973169,1783476294774979000
2056,1,2054,102458238785,1783476294774202000
2056,2,2051,102453624073,1783476294776817000
2056,3,2048,102452880913,1783476294775665000
2057,0,2057,102555118913,1783476294963511000
2057,1,2055,102558288041,1783476294964566000
2057,2,2052,102553599529,1783476294962477000
2057,3,2049,102552845913,1783476294965622000
2058,0,2058,102590991817,1783476294967729000
2058,1,2056,102590247009,1783476294968780000
2058,2,2053,102589635073,1783476294966670000
2058,3,2050,102588857849,1783476294969839000
2059,0,2059,102622972009,1783476294971950000
2059,1,2057,102622242945,1783476294973003000
2059,2,2054,102621600009,1783476294970917000
2059,3,2051,102620864945,1783476294974031000
2060,0,2060,102654988913,1783476294975625000
2060,1,2058,102658256785,1783476294976371000
2060,2,2055,102653618913,1783476294974925000
2060,3,2052,102656858329,1783476294977126000
2061,0,2061,102754985073,1783476295163260000
2061,1,2059,102758244009,1783476295165355000
2061,2,2056,102757619009,1783476295164380000
2061,3,2053,102756860305,1783476295166417000
2062,0,2062,102790984817,1783476295167501000
2062,1,2060,102790271361,1783476295169797000
2062,2,2057,102789616201,1783476295168705000
2062,3,2054,102788879073,1783476295170809000
2063,0,2063,102822979593,1783476295171858000
2063,1,2061,102822264689,1783476295174053000
2063,2,2058,102821624137,1783476295172910000
2063,3,2055,102820853945,1783476295175079000
2064,0,2064,102859001817,1783476295176017000
2064,1,2062,102858247233,1783476295177402000
2064,2,2059,102857638689,1783476295176707000
2064,3,2056,102856856233,1783476295178463000
2065,0,2065,102958995201,1783476295365046000
2065,1,2063,102958248561,1783476295366100000
2065,2,2060,102957641105,1783476295364218000
2065,3,2057,102956855305,1783476295367150000
2066,0,2066,102990984137,1783476295369287000
2066,1,2064,102990255881,1783476295370343000
2066,2,2061,102989632137,1783476295368235000
2066,3,2058,102988898073,1783476295371462000
2067,0,2067,103022984913,1783476295373505000
2067,1,2065,103022270233,1783476295374554000
2067,2,2062,103021629073,1783476295372451000
2067,3,2059,103020880073,1783476295375546000
2068,0,2068,103059002913,1783476295377201000
2068,1,2066,103058254041,1783476295377941000
2068,2,2063,103057642977,1783476295376478000
2068,3,2060,103056861073,1783476295378836000
2069,0,2069,103158994073,1783476295564864000
2069,1,2067,103158248977,1783476295565897000
2069,2,2064,103157620721,1783476295568007000
2069,3,2061,103156858137,1783476295566971000
2070,0,2070,103190988657,1783476295569478000
2070,1,2068,103190263233,1783476295570520000
2070,2,2065,103189624073,1783476295572639000
2070,3,2062,103188888689,1783476295571574000
2071,0,2071,103223010073,1783476295574121000
2071,1,2069,103226249169,1783476295575087000
2071,2,2066,103221644721,1783476295577975000
2071,3,2063,103224879625,1783476295576101000
2072,0,2072,103258989753,1783476295582403000
2072,1,2070,103258260945,1783476295578789000
2072,2,2067,103257619489,1783476295580787000
2072,3,2064,103256854105,1783476295579527000
2073,0,2073,103358989585,1783476295766031000
2073,1,2071,103358294073,1783476295766719000
2073,2,2068,103357620657,1783476295768887000
2073,3,2065,103288876041,1783476295767818000
2074,0,2074,103390992977,1783476295771705000
2074,1,2072,103390281009,1783476295770539000
2074,2,2069,103389642585,1783476295773661000
2074,3,2066,103356852785,1783476295772610000
2075,0,2075,103427018073,1783476295776352000
2075,1,2073,103426273009,1783476295774708000
2075,2,2070,103425662945,1783476295778349000
2075,3,2067,103388898881,1783476295777387000
2076,0,2076,103458997401,1783476295780016000
2076,1,2074,103458296753,1783476295779105000
2076,2,2071,103457622489,1783476295781508000
2076,3,2068,103424917657,1783476295780853000
2077,0,2077,103559004817,1783476295975692000
2077,1,2075,103558282553,1783476295976740000
2077,2,2072,103557623881,1783476295974648000
2077,3,2069,103556879433,1783476295977799000
2078,0,2078,103590998169,1783476295980144000
2078,1,2076,103590285977,1783476295981188000
2078,2,2073,103589644201,1783476295979128000
2078,3,2070,103588904849,1783476295982245000
2079,0,2079,103626997753,1783476295984572000
2079,1,2077,103626269625,1783476295985613000
2079,2,2074,103625659169,1783476295983532000
2079,3,2071,103624873753,1783476295986674000
2080,0,2080,103659015625,1783476295988206000
2080,1,2078,103658284977,1783476295989268000
2080,2,2075,103657627265,1783476295987475000
2080,3,2072,103656885881,1783476295990139000
2081,0,2081,103759002849,1783476296176402000
2081,1,2079,103758272785,1783476296175368000
2081,2,2076,103757622657,1783476296177490000
2081,3,2073,103756877945,1783476296178519000
2082,0,2082,103791010041,1783476296180843000
2082,1,2080,103794260009,1783476296179605000
2082,2,2077,103789735817,1783476296181899000
2082,3,2074,103788915201,1783476296182971000
2083,0,2083,103827005009,1783476296185106000
2083,1,2081,103826289369,1783476296184014000
2083,2,2078,103825649201,1783476296186094000
2083,3,2075,103824865977,1783476296187182000
2084,0,2084,103859005073,1783476296189088000
2084,1,2082,103858274137,1783476296188151000
2084,2,2079,103857632361,1783476296189780000
2084,3,2076,103856890265,1783476296190682000
2085,0,2085,103959007113,1783476296376109000
2085,1,2083,103958288105,1783476296377146000
2085,2,2080,103957644721,1783476296378204000
2085,3,2077,103956882785,1783476296379258000
2086,0,2086,103995026073,1783476296380306000
2086,1,2084,103994285073,1783476296381362000
2086,2,2081,103993677072,1783476296382428000
2086,3,2078,103992909945,1783476296383480000
2087,0,2087,104027010785,1783476296384514000
2087,1,2085,104026313041,1783476296385580000
2087,2,2082,104025639073,1783476296386637000
2087,3,2079,104024899657,1783476296387687000
2088,0,2088,104059013041,1783476296388626000
2088,1,2086,104058302073,1783476296389518000
2088,2,2083,104057662489,1783476296390209000
2088,3,2080,104056912849,1783476296391037000
2089,0,2089,104159029169,1783476296585466000
2089,1,2087,104158297881,1783476296588591000
2089,2,2084,104157634977,1783476296587546000
2089,3,2081,104204885977,1783476296586514000
2090,0,2090,104195001265,1783476296589800000
2090,1,2088,104194268169,1783476296592949000
2090,2,2085,104193658009,1783476296591920000
2090,3,2082,104236907689,1783476296590840000
2091,0,2091,104227003881,1783476296595068000
2091,1,2089,104226302657,1783476296597175000
2091,2,2086,104225724753,1783476296596117000
2091,3,2083,104272890585,1783476296594032000
2092,0,2092,104259028849,1783476296598761000
2092,1,2090,104262287945,1783476296600603000
2092,2,2087,104257655009,1783476296599696000
2092,3,2084,104304893817,1783476296597924000
2093,0,2093,104359026849,1783476296795639000
2093,1,2091,104362267689,1783476296794554000
2093,2,2088,104357642657,1783476296796650000
2093,3,2085,104368907265,1783476296797917000
2094,0,2094,104395008073,1783476296800115000
2094,1,2092,104394300073,1783476296798852000
2094,2,2089,104393666009,1783476296800950000
2094,3,2086,104400915233,1783476296802036000
2095,0,2095,104427020073,1783476296804609000
2095,1,2093,104426288977,1783476296803555000
2095,2,2090,104425647105,1783476296805626000
2095,3,2087,104432942169,1783476296806681000
2096,0,2096,104459145041,1783476296808574000
2096,1,2094,104462327817,1783476296807628000
2096,2,2091,104461689297,1783476296809504000
2096,3,2088,104464911977,1783476296810397000
2097,0,2097,104563045105,1783476296829088000
2097,1,2095,104494309169,1783476296811267000
2097,2,2092,104593657041,1783476296859722000
2097,3,2089,104568931233,1783476296825372000
2098,0,2098,104595012233,1783476296870006000
2098,1,2096,104594311329,1783476296871058000
2098,2,2093,104625677817,1783476296895705000
2098,3,2090,104600895977,1783476296872106000
2099,0,2099,104627026169,1783476296897796000
2099,1,2097,104626313977,1783476296896755000
2099,2,2094,104661687849,1783476296927638000
2099,3,2091,104632911881,1783476296890242000
2100,0,2100,104663028105,1783476296937920000
2100,1,2098,104662283169,1783476296938993000
2100,2,2095,104693658105,1783476296959841000
2100,3,2092,104664950816,1783476296940014000
2101,0,2101,104695021169,1783476297146838000
2101,1,2099,104694311201,1783476297147918000
2101,2,2096,104725661105,1783476297150040000
2101,3,2093,104700899881,1783476297149145000
2102,0,2102,104727030425,1783476297151065000
2102,1,2100,104726302137,1783476297152233000
2102,2,2097,104761681169,1783476297154318000
2102,3,2094,104732953297,1783476297153232000
2103,0,2103,104763025137,1783476297155304000
2103,1,2101,104762293009,1783476297157496000
2103,2,2098,104793692073,1783476297158436000
2103,3,2095,104764928977,1783476297156391000
2104,0,2104,104795022073,1783476297159364000
2104,1,2102,104794305465,1783476297160885000
2104,2,2099,104825660945,1783476297161776000
2104,3,2096,104796911849,1783476297160078000
2105,0,2105,104927050073,1783476297197716000
2105,1,2103,104930299137,1783476297196675000
2105,2,2100,104925662201,1783476297195633000
2105,3,2097,104932912817,1783476297194225000
2106,0,2106,104963023105,1783476297229798000
2106,1,2104,104962306721,1783476297228802000
2106,2,2101,104961664169,1783476297227725000
2106,3,2098,104964920113,1783476297226393000
2107,0,2107,104995059489,1783476297265715000
2107,1,2105,104994317073,1783476297263623000
2107,2,2102,104993704753,1783476297264667000
2107,3,2099,104996934785,1783476297258596000
2108,0,2108,105027043169,1783476297297694000
2108,1,2106,105030306945,1783476297296641000
2108,2,2103,105029688105,1783476297295594000
2108,3,2100,105032907817,1783476297294503000
2109,0,2109,105063056137,1783476297466977000
2109,1,2107,105062326009,1783476297465932000
2109,2,2104,105061678881,1783476297468017000
2109,3,2101,105064925169,1783476297469059000
2110,0,2110,105095039233,1783476297471220000
2110,1,2108,105094312105,1783476297470117000
2110,2,2105,105093686009,1783476297473366000
2110,3,2102,105096921201,1783476297472256000
2111,0,2111,105131056881,1783476297476477000
2111,1,2109,105130308072,1783476297474337000
2111,2,2106,105129681881,1783476297477656000
2111,3,2103,105132931233,1783476297475427000
2112,0,2112,105163027361,1783476297480179000
2112,1,2110,105162326945,1783476297478618000
2112,2,2107,105161666585,1783476297480836000
2112,3,2104,105164924329,1783476297479494000
2113,0,2113,105263021073,1783476297670187000
2113,1,2111,105262321913,1783476297671223000
2113,2,2108,105261660881,1783476297669142000
2113,3,2105,105264914977,1783476297672315000
2114,0,2114,105295043201,1783476297674368000
2114,1,2112,105294315913,1783476297675480000
2114,2,2109,105293678233,1783476297673382000
2114,3,2106,105296930009,1783476297676528000
2115,0,2115,105331045457,1783476297678681000
2115,1,2113,105330313753,1783476297679732000
2115,2,2110,105329703073,1783476297677623000
2115,3,2107,105332918913,1783476297680796000
2116,0,2116,105363105169,1783476297682699000
2116,1,2114,105362357233,1783476297683403000
2116,2,2111,105361696041,1783476297681741000
2116,3,2108,105364953521,1783476297684059000
2117,0,2117,105463060137,1783476297870861000
2117,1,2115,105462347137,1783476297871896000
2117,2,2112,105461677105,1783476297869863000
2117,3,2109,105464924553,1783476297872942000
2118,0,2118,105495057265,1783476297875211000
2118,1,2116,105498304041,1783476297876235000
2118,2,2113,105493709169,1783476297874128000
2118,3,2110,105496949073,1783476297877363000
2119,0,2119,105531046945,1783476297879529000
2119,1,2117,105530317977,1783476297880611000
2119,2,2114,105529691073,1783476297878384000
2119,3,2111,105532920817,1783476297881555000
2120,0,2120,105563065753,1783476297883283000
2120,1,2118,105562335689,1783476297884808000
2120,2,2115,105561677913,1783476297882530000
2120,3,2112,105564925553,1783476297884031000
2121,0,2121,105663044913,1783476298072665000
2121,1,2119,105662317753,1783476298071631000
2121,2,2116,105661679849,1783476298070557000
2121,3,2113,105596942137,1783476298073750000
2122,0,2122,105699057009,1783476298076933000
2122,1,2120,105698318073,1783476298075831000
2122,2,2117,105697728169,1783476298074749000
2122,3,2114,105664969041,1783476298077941000
2123,0,2123,105731076073,1783476298081146000
2123,1,2121,105730364073,1783476298080131000
2123,2,2118,105729707137,1783476298079036000
2123,3,2115,105696962233,1783476298082182000
2124,0,2124,105763073297,1783476298084710000
2124,1,2122,105762358169,1783476298084026000
2124,2,2119,105761685009,1783476298083170000
2124,3,2116,105732943041,1783476298085405000
2125,0,2125,105863080105,1783476298279797000
2125,1,2123,105862347041,1783476298281869000
2125,2,2120,105861685753,1783476298280813000
2125,3,2117,105864967265,1783476298282919000
2126,0,2126,105899048073,1783476298283972000
2126,1,2124,105898316137,1783476298286088000
2126,2,2121,105897728881,1783476298285026000
2126,3,2118,105896968233,1783476298287195000
2127,0,2127,105931060913,1783476298288189000
2127,1,2125,105930346721,1783476298290272000
2127,2,2122,105929721137,1783476298289237000
2127,3,2119,105932957881,1783476298291316000
2128,0,2128,105963077169,1783476298292262000
2128,1,2126,105966331041,1783476298293756000
2128,2,2123,105961689105,1783476298293092000
2128,3,2120,105964936721,1783476298294436000
2129,0,2129,106063079201,1783476298480701000
2129,1,2127,106066333297,1783476298482800000
2129,2,2124,106061693945,1783476298481731000
2129,3,2121,106064923009,1783476298483865000
2130,0,2130,106099054009,1783476298484962000
2130,1,2128,106098321073,1783476298487064000
2130,2,2125,106097699913,1783476298486004000
2130,3,2122,106096993913,1783476298488137000
2131,0,2131,106131083073,1783476298489181000
2131,1,2129,106130355137,1783476298491275000
2131,2,2126,106129780881,1783476298490216000
2131,3,2123,106132960689,1783476298492352000
2132,0,2132,106163085041,1783476298493179000
2132,1,2130,106166322137,1783476298495031000
2132,2,2127,106161697105,1783476298493912000
2132,3,2124,106164940721,1783476298495756000
2133,0,2133,106263078105,1783476298689782000
2133,1,2131,106266337297,1783476298691896000
2133,2,2128,106265679977,1783476298690885000
2133,3,2125,106264940529,1783476298692919000
2134,0,2134,106299066977,1783476298693995000
2134,1,2132,106298360073,1783476298696274000
2134,2,2129,106297720201,1783476298695227000
2134,3,2126,106296949785,1783476298697326000
2135,0,2135,106331090009,1783476298698385000
2135,1,2133,106330375945,1783476298700488000
2135,2,2130,106329720881,1783476298699493000
2135,3,2127,106332950977,1783476298701513000
2136,0,2136,106367085817,1783476298702523000
2136,1,2134,106366358945,1783476298704800000
2136,2,2131,106365745785,1783476298703350000
2136,3,2128,106364947297,1783476298704050000
2137,0,2137,106467076201,1783476298733477000
2137,1,2135,106466346721,1783476298732426000
2137,2,2132,106465717457,1783476298730791000
2137,3,2129,106396962233,1783476298706997000
2138,0,2138,106499072009,1783476298765875000
2138,1,2136,106498340041,1783476298764834000
2138,2,2133,106497716105,1783476298763787000
2138,3,2130,106464979361,1783476298743571000
2139,0,2139,106531095073,1783476298954758000
2139,1,2137,106534385721,1783476298952741000
2139,2,2134,106533718913,1783476298953707000
2139,3,2131,106496959009,1783476298955812000
2140,0,2140,106567078105,1783476298959283000
2140,1,2138,106566332817,1783476298957143000
2140,2,2135,106565709881,1783476298958184000
2140,3,2132,106532951041,1783476298960317000
2141,0,2141,106599078009,1783476298963493000
2141,1,2139,106598364777,1783476298961438000
2141,2,2136,106597711521,1783476298962487000
2141,3,2133,106564991977,1783476298964516000
2142,0,2142,106631079977,1783476298966856000
2142,1,2140,106634352009,1783476298965431000
2142,2,2137,106633705753,1783476298966109000
2142,3,2134,106596951425,1783476298967629000
2143,0,2143,106667077169,1783476298977777000
2143,1,2141,106734334657,1783476299001259000
2143,2,2138,106733720945,1783476299000236000
2143,3,2135,106732994081,1783476298999152000
2144,0,2144,106731108497,1783476299011459000
2144,1,2142,106766364881,1783476299032495000
2144,2,2139,106765735041,1783476299033534000
2144,3,2136,106764991849,1783476299031290000
2145,0,2145,106767083753,1783476299043469000
2145,1,2143,106798380233,1783476299068409000
2145,2,2140,106873746201,1783476299130881000
2145,3,2137,106797071009,1783476299067057000
2146,0,2146,106799185105,1783476299070053000
2146,1,2144,106834324657,1783476299100304000
2146,2,2141,106905730137,1783476299162926000
2146,3,2138,106833019753,1783476299099098000
2147,0,2147,106831104041,1783476299175236000
2147,1,2145,106866375753,1783476299173055000
2147,2,2142,106941720401,1783476299198758000
2147,3,2139,106864973785,1783476299174113000
2148,0,2148,106867086233,1783476299208895000
2148,1,2146,106898355945,1783476299209942000
2148,2,2143,106973764209,1783476299230934000
2148,3,2140,106896998169,1783476299211155000
2149,0,2149,106899087009,1783476299418865000
2149,1,2147,106934325137,1783476299417815000
2149,2,2144,107005718721,1783476299419946000
2149,3,2141,106932976009,1783476299421008000
2150,0,2150,106967105913,1783476299427290000
2150,1,2148,106966374073,1783476299422101000
2150,2,2145,107037751137,1783476299424196000
2150,3,2142,106964965041,1783476299425223000
2151,0,2151,106999089945,1783476299431327000
2151,1,2149,106998343521,1783476299426223000
2151,2,2146,107073733497,1783476299428342000
2151,3,2143,106996979785,1783476299429432000
2152,0,2152,107199096425,1783476299469342000
2152,1,2150,107034321849,1783476299430368000
2152,2,2147,107105718433,1783476299432231000
2152,3,2144,107032993361,1783476299432706000
2153,0,2153,107235108137,1783476299652778000
2153,1,2151,107202350169,1783476299470419000
2153,2,2148,107205721689,1783476299467262000
2153,3,2145,107197015753,1783476299468426000
2154,0,2154,107267114169,1783476299658116000
2154,1,2152,107234371689,1783476299651735000
2154,2,2149,107241740945,1783476299653865000
2154,3,2146,107232982753,1783476299654888000
2155,0,2155,107299114561,1783476299662540000
2155,1,2153,107266386073,1783476299656124000
2155,2,2150,107273743073,1783476299657028000
2155,3,2147,107264989073,1783476299659315000
2156,0,2156,107335098977,1783476299665621000
2156,1,2154,107302333137,1783476299661232000
2156,2,2151,107309709785,1783476299660183000
2156,3,2148,107300981913,1783476299663651000
2157,0,2157,107435092657,1783476299861053000
2157,1,2155,107334358785,1783476299862085000
2157,2,2152,107341759009,1783476299863144000
2157,3,2149,107332972073,1783476299864221000
2158,0,2158,107467103169,1783476299865239000
2158,1,2156,107434384009,1783476299866304000
2158,2,2153,107441754073,1783476299867348000
2158,3,2150,107364989913,1783476299868408000
2159,0,2159,107503095977,1783476299869455000
2159,1,2157,107466363657,1783476299870513000
2159,2,2154,107473730169,1783476299871562000
2159,3,2151,107432963753,1783476299872594000
2160,0,2160,107535118137,1783476299873623000
2160,1,2158,107502341913,1783476299874577000
2160,2,2155,107505761945,1783476299875287000
2160,3,2152,107465024137,1783476299875973000
2161,0,2161,107635127817,1783476299905163000
2161,1,2159,107634395881,1783476299901233000
2161,2,2156,107637772137,1783476299899099000
2161,3,2153,107633001561,1783476299900151000
2162,0,2162,107667115753,1783476299937789000
2162,1,2160,107666371169,1783476299936712000
2162,2,2157,107673719721,1783476299935453000
2162,3,2154,107665016977,1783476299934389000
2163,0,2163,107703108169,1783476299970033000
2163,1,2161,107702372041,1783476299968956000
2163,2,2158,107709739945,1783476299966868000
2163,3,2155,107700982849,1783476299967908000
2164,0,2164,107735127201,1783476300000976000
2164,1,2162,107734396401,1783476300004126000
2164,2,2159,107741749849,1783476299998862000
2164,3,2156,107733027913,1783476300002838000
2165,0,2165,107767118137,1783476300173198000
2165,1,2163,107770364105,1783476300174249000
2165,2,2160,107773757009,1783476300172165000
2165,3,2157,107765008169,1783476300175306000
2166,0,2166,107803110137,1783476300177418000
2166,1,2164,107802366073,1783476300178459000
2166,2,2161,107809734753,1783476300176365000
2166,3,2158,107800988105,1783476300179529000
2167,0,2167,107835127881,1783476300181626000
2167,1,2165,107834397073,1783476300182674000
2167,2,2162,107841770105,1783476300180575000
2167,3,2159,107832997945,1783476300183727000
2168,0,2168,107867129881,1783476300185413000
2168,1,2166,107870350137,1783476300186097000
2168,2,2163,107873740233,1783476300184675000
2168,3,2160,107869003009,1783476300187062000
2169,0,2169,107967122041,1783476300378553000
2169,1,2167,107970349977,1783476300379582000
2169,2,2164,107941782169,1783476300381747000
2169,3,2161,107968999105,1783476300380694000
2170,0,2170,108003144233,1783476300382735000
2170,1,2168,108002427977,1783476300383812000
2170,2,2165,107973741041,1783476300385900000
2170,3,2162,108001024689,1783476300384844000
2171,0,2171,108035126073,1783476300386956000
2171,1,2169,108034395137,1783476300388015000
2171,2,2166,108009776233,1783476300390141000
2171,3,2163,108033033817,1783476300389034000
2172,0,2172,108071118977,1783476300391067000
2172,1,2170,108070354137,1783476300391916000
2172,2,2167,108041830329,1783476300393255000
2172,3,2164,108069005265,1783476300392594000
2173,0,2173,108171138785,1783476300587843000
2173,1,2171,108170372913,1783476300590998000
2173,2,2168,108173744009,1783476300589951000
2173,3,2165,108169003041,1783476300588870000
2174,0,2174,108203118561,1783476300592026000
2174,1,2172,108202391169,1783476300595249000
2174,2,2169,108205779233,1783476300594136000
2174,3,2166,108201014169,1783476300593073000
2175,0,2175,108235122945,1783476300596238000
2175,1,2173,108234376977,1783476300599331000
2175,2,2170,108241733945,1783476300598340000
2175,3,2167,108233012817,1783476300597512000
2176,0,2176,108271122073,1783476300600306000
2176,1,2174,108270376689,1783476300602787000
2176,2,2171,108273767233,1783476300601787000
2176,3,2168,108269000977,1783476300601230000
2177,0,2177,108371133169,1783476300790679000
2177,1,2175,108370386497,1783476300791752000
2177,2,2172,108373766881,1783476300789631000
2177,3,2169,108368995721,1783476300788593000
2178,0,2178,108403144073,1783476300794894000
2178,1,2176,108402411529,1783476300795955000
2178,2,2173,108405767977,1783476300793840000
2178,3,2170,108401025137,1783476300792781000
2179,0,2179,108435129265,1783476300799109000
2179,1,2177,108438416337,1783476300800133000
2179,2,2174,108441742329,1783476300798057000
2179,3,2171,108433019009,1783476300796994000
2180,0,2180,108471147849,1783476300802821000
2180,1,2178,108470398201,1783476300803477000
2180,2,2175,108473772073,1783476300802083000
2180,3,2172,108469002137,1783476300801144000
2181,0,2181,108571123297,1783476300997667000
2181,1,2179,108570408753,1783476300999940000
2181,2,2176,108573776201,1783476300998700000
2181,3,2173,108569026465,1783476301000807000
2182,0,2182,108603139489,1783476301001875000
2182,1,2180,108602436137,1783476301004343000
2182,2,2177,108605764361,1783476301002901000
2182,3,2174,108601036009,1783476301005380000
2183,0,2183,108639146521,1783476301006439000
2183,1,2181,108638396657,1783476301008534000
2183,2,2178,108637794881,1783476301007533000
2183,3,2175,108637010105,1783476301009513000
2184,0,2184,108671126009,1783476301010470000
2184,1,2182,108670413425,1783476301011999000
2184,2,2179,108673787329,1783476301011286000
2184,3,2176,108668993137,1783476301012648000
2185,0,2185,108703126201,1783476301013455000
2185,1,2183,108770427105,1783476301037059000
2185,2,2180,108773781169,1783476301034951000
2185,3,2177,108769047105,1783476301036014000
2186,0,2186,108771138009,1783476301047095000
2186,1,2184,108802396361,1783476301072923000
2186,2,2181,108805764521,1783476301070849000
2186,3,2178,108801052497,1783476301071914000
2187,0,2187,108803140233,1783476301083278000
2187,1,2185,108838410297,1783476301105096000
2187,2,2182,108837799105,1783476301103514000
2187,3,2179,108837040465,1783476301102474000
2188,0,2188,108839131881,1783476301115257000
2188,1,2186,108870440073,1783476301136429000
2188,2,2183,108873781041,1783476301135210000
2188,3,2180,108869044041,1783476301139343000
2189,0,2189,108871143913,1783476301324143000
2189,1,2187,108906418233,1783476301325176000
2189,2,2184,108905786233,1783476301326351000
2189,3,2181,108901100561,1783476301327289000
2190,0,2190,108903154009,1783476301328331000
2190,1,2188,108938409232,1783476301329387000
2190,2,2185,108937801521,1783476301330448000
2190,3,2182,108937042553,1783476301331552000
2191,0,2191,108939139913,1783476301332547000
2191,1,2189,108970440913,1783476301333673000
2191,2,2186,108973768009,1783476301334678000
2191,3,2183,108969013881,1783476301335891000
2192,0,2192,108971156041,1783476301336829000
2192,1,2190,109006396233,1783476301337602000
2192,2,2187,109005769721,1783476301338333000
2192,3,2184,109001031977,1783476301339365000
2193,0,2193,109103168169,1783476301374425000
2193,1,2191,109106379169,1783476301373374000
2193,2,2188,109105786233,1783476301372329000
2193,3,2185,109105054041,1783476301371288000
2194,0,2194,109139160881,1783476301406213000
2194,1,2192,109138451105,1783476301405169000
2194,2,2189,109137809361,1783476301403100000
2194,3,2186,109137051913,1783476301404100000
2195,0,2195,109171162393,1783476301584210000
2195,1,2193,109170439657,1783476301583255000
2195,2,2190,109173754945,1783476301585281000
2195,3,2187,109169058977,1783476301586336000
2196,0,2196,109207149105,1783476301588639000
2196,1,2194,109206384753,1783476301587612000
2196,2,2191,109205810945,1783476301589697000
2196,3,2188,109205071913,1783476301590738000
2197,0,2197,109239135169,1783476301592913000
2197,1,2195,109238445945,1783476301591864000
2197,2,2192,109237804105,1783476301593956000
2197,3,2189,109237020433,1783476301595022000
2198,0,2198,109271182201,1783476301596889000
2198,1,2196,109270435073,1783476301595975000
2198,2,2193,109273851297,1783476301597561000
2198,3,2190,109269039817,1783476301598508000
2199,0,2199,109371143785,1783476301784855000
2199,1,2197,109370414817,1783476301785953000
2199,2,2194,109373761945,1783476301783803000
2199,3,2191,109369018497,1783476301786961000
2200,0,2200,109407139913,1783476301789055000
2200,1,2198,109406393497,1783476301790109000
2200,2,2195,109405803977,1783476301788000000
2200,3,2192,109405064401,1783476301791164000
2201,0,2201,109439152881,1783476301793272000
2201,1,2199,109438454561,1783476301794324000
2201,2,2196,109437799009,1783476301792223000
2201,3,2193,109437056233,1783476301795335000
2202,0,2202,109471154137,1783476301797258000
2202,1,2200,109474455945,1783476301798084000
2202,2,2197,109473766009,1783476301796306000
2202,3,2194,109469042585,1783476301798858000
2203,0,2203,109571148593,1783476301985625000
2203,1,2201,109574439593,1783476301984593000
2203,2,2198,109573770849,1783476301986678000
2203,3,2195,109569031465,1783476301987752000
2204,0,2204,109607229689,1783476301989834000
2204,1,2202,109606440849,1783476301988789000
2204,2,2199,109605859137,1783476301990903000
2204,3,2196,109605115689,1783476301992003000
2205,0,2205,109639175137,1783476301994110000
2205,1,2203,109638460105,1783476301993002000
2205,2,2200,109637786945,1783476301995149000
2205,3,2197,109637056009,1783476301996165000
2206,0,2206,109671177105,1783476301998183000
2206,1,2204,109674429945,1783476301997146000
2206,2,2201,109673787041,1783476301998880000
2206,3,2198,109673047169,1783476301999563000
2207,0,2207,109775161137,1783476302186384000
2207,1,2205,109774421393,1783476302185323000
2207,2,2202,109773804657,1783476302187463000
2207,3,2199,109773038393,1783476302188478000
2208,0,2208,109807170945,1783476302190581000
2208,1,2206,109806461169,1783476302189514000
2208,2,2203,109805826137,1783476302191656000
2208,3,2200,109805075393,1783476302192701000
2209,0,2209,109839163945,1783476302194788000
2209,1,2207,109838452009,1783476302193738000
2209,2,2204,109841800009,1783476302195844000
2209,3,2201,109837042881,1783476302196867000
2210,0,2210,109875166169,1783476302198702000
2210,1,2208,109874404137,1783476302197803000
2210,2,2205,109873810105,1783476302199408000
2210,3,2202,109873057265,1783476302200079000
2211,0,2211,109975166169,1783476302387193000
2211,1,2209,109974398169,1783476302388283000
2211,2,2206,109973801881,1783476302386149000
2211,3,2203,109973052073,1783476302389305000
2212,0,2212,110007166817,1783476302391373000
2212,1,2210,110006466977,1783476302392676000
2212,2,2207,110005819753,1783476302390628000
2212,3,2204,110005063073,1783476302393593000
2213,0,2213,110039181881,1783476302395681000
2213,1,2211,110042461041,1783476302398117000
2213,2,2208,110041805105,1783476302394876000
2213,3,2205,110037058721,1783476302397109000
2214,0,2214,110075185265,1783476302399555000
2214,1,2212,110074424553,1783476302405921000
2214,2,2209,110073816009,1783476302398779000
2214,3,2206,110073045041,1783476302400296000
2215,0,2215,110107187073,1783476302586886000
2215,1,2213,110106474393,1783476302587969000
2215,2,2210,110173837913,1783476302589132000
2215,3,2207,110173039273,1783476302590071000
2216,0,2216,110175177945,1783476302591740000
2216,1,2214,110174436137,1783476302592823000
2216,2,2211,110205800073,1783476302593857000
2216,3,2208,110205059529,1783476302594901000
2217,0,2217,110207194849,1783476302595958000
2217,1,2215,110206494041,1783476302597004000
2217,2,2212,110241802913,1783476302598071000
2217,3,2209,110241063817,1783476302599130000
2218,0,2218,110239193849,1783476302600131000
2218,1,2216,110242443881,1783476302601134000
2218,2,2213,110273835689,1783476302602188000
2218,3,2210,110273051073,1783476302603024000
2219,0,2219,110375173881,1783476302642850000
2219,1,2217,110374461105,1783476302641798000
2219,2,2214,110373836561,1783476302640762000
2219,3,2211,110373078945,1783476302639704000
2220,0,2220,110407200105,1783476302678523000
2220,1,2218,110406471945,1783476302677480000
2220,2,2215,110409846009,1783476302676442000
2220,3,2212,110405112169,1783476302675416000
2221,0,2221,110443183073,1783476302710557000
2221,1,2219,110442423105,1783476302709497000
2221,2,2216,110441837881,1783476302708458000
2221,3,2213,110441101753,1783476302707503000
2222,0,2222,110475183169,1783476302742113000
2222,1,2220,110474472657,1783476302741074000
2222,2,2217,110473836817,1783476302740015000
2222,3,2214,110473071137,1783476302738350000
2223,0,2223,110507183913,1783476302911724000
2223,1,2221,110506457265,1783476302912778000
2223,2,2218,110509803169,1783476302910689000
2223,3,2215,110505076849,1783476302913922000
2224,0,2224,110543183169,1783476302916081000
2224,1,2222,110542424041,1783476302917137000
2224,2,2219,110541843721,1783476302914895000
2224,3,2216,110541111073,1783476302918530000
2225,0,2225,110575182105,1783476302920589000
2225,1,2223,110574482561,1783476302921619000
2225,2,2220,110573825785,1783476302919525000
2225,3,2217,110573069913,1783476302922678000
2226,0,2226,110607185073,1783476302925862000
2226,1,2224,110610520137,1783476302925187000
2226,2,2221,110609796817,1783476302923664000
2226,3,2218,110605076649,1783476302929634000
2227,0,2227,110743192753,1783476303112548000
2227,1,2225,110710471137,1783476303114608000
2227,2,2222,110709796657,1783476303113533000
2227,3,2219,110705060849,1783476303111476000
2228,0,2228,110775206977,1783476303116834000
2228,1,2226,110742449041,1783476303118956000
2228,2,2223,110741855041,1783476303117947000
2228,3,2220,110741083881,1783476303115631000
2229,0,2229,110807205753,1783476303121056000
2229,1,2227,110774496105,1783476303123519000
2229,2,2224,110773826625,1783476303122511000
2229,3,2221,110773083881,1783476303120006000
2230,0,2230,110843192265,1783476303125130000
2230,1,2228,110810459529,1783476303126964000
2230,2,2225,110809818553,1783476303126063000
2230,3,2222,110809076977,1783476303124418000
2231,0,2231,110907202201,1783476303312139000
2231,1,2229,110910444849,1783476303314223000
2231,2,2226,110909819073,1783476303313168000
2231,3,2223,110909077401,1783476303315325000
2232,0,2232,110943208169,1783476303316328000
2232,1,2230,110942495721,1783476303318435000
2232,2,2227,110941878073,1783476303317534000
2232,3,2224,110941106137,1783476303319712000
2233,0,2233,110975194849,1783476303321030000
2233,1,2231,110974496137,1783476303323231000
2233,2,2228,110977836977,1783476303322050000
2233,3,2225,110973086369,1783476303324156000
2234,0,2234,111011192881,1783476303325124000
2234,1,2232,111010448329,1783476303326795000
2234,2,2229,111009836009,1783476303326079000
2234,3,2226,111009080689,1783476303327688000
2235,0,2235,111111195233,1783476303515192000
2235,1,2233,111110433849,1783476303513980000
2235,2,2230,111109831073,1783476303512950000
2235,3,2227,111109083401,1783476303516097000
2236,0,2236,111143200529,1783476303519341000
2236,1,2234,111142505201,1783476303518238000
2236,2,2231,111141848041,1783476303517144000
2236,3,2228,111141102913,1783476303520399000
2237,0,2237,111175198625,1783476303523799000
2237,1,2235,111178497233,1783476303522724000
2237,2,2232,111177845881,1783476303521487000
2237,3,2229,111173090009,1783476303524803000
2238,0,2238,111211210529,1783476303528343000
2238,1,2236,111210454169,1783476303526202000
2238,2,2233,111209841913,1783476303530252000
2238,3,2230,111209071393,1783476303527568000
2239,0,2239,111311216625,1783476303713770000
2239,1,2237,111310455201,1783476303715856000
2239,2,2234,111309860913,1783476303714801000
2239,3,2231,111309072329,1783476303716915000
2240,0,2240,111343225977,1783476303718357000
2240,1,2238,111342508073,1783476303720445000
2240,2,2235,111341837233,1783476303719367000
2240,3,2232,111341099689,1783476303721472000
2241,0,2241,111375220913,1783476303722535000
2241,1,2239,111378488945,1783476303724637000
2241,2,2236,111377831105,1783476303723582000
2241,3,2233,111377093137,1783476303725643000
2242,0,2242,111411197009,1783476303726399000
2242,1,2240,111410468913,1783476303728082000
2242,2,2237,111409857137,1783476303727140000
2242,3,2234,111409068265,1783476303729161000
2243,0,2243,111511221913,1783476303914563000
2243,1,2241,111510686169,1783476303915628000
2243,2,2238,111509867977,1783476303917735000
2243,3,2235,111509169913,1783476303916692000
2244,0,2244,111543211785,1783476303918738000
2244,1,2242,111542500137,1783476303923916000
2244,2,2239,111545852169,1783476303921812000
2244,3,2236,111541131401,1783476303920774000
2245,0,2245,111579210393,1783476303922861000
2245,1,2243,111578449393,1783476303928017000
2245,2,2240,111577853553,1783476303926016000
2245,3,2237,111577086105,1783476303925098000
2246,0,2246,111611211553,1783476303927173000
2246,1,2244,111610498745,1783476303931258000
2246,2,2241,111609855233,1783476303929420000
2246,3,2238,111609086945,1783476303930090000
2247,0,2247,111643211649,1783476304117394000
2247,1,2245,111710512913,1783476304118447000
2247,2,2242,111709857169,1783476304116297000
2247,3,2239,111709085361,1783476304115270000
2248,0,2248,111711211105,1783476304122082000
2248,1,2246,111742481721,1783476304123129000
2248,2,2243,111745826233,1783476304120506000
2248,3,2240,111741097753,1783476304119452000
2249,0,2249,111743214041,1783476304126274000
2249,1,2247,111778480305,1783476304127330000
2249,2,2244,111777866817,1783476304125221000
2249,3,2241,111777120201,1783476304124175000
2250,0,2250,111779230881,1783476304130185000
2250,1,2248,111810517753,1783476304131049000
2250,2,2245,111809845041,1783476304129280000
2250,3,2242,111809101945,1783476304128313000
2251,0,2251,111911231657,1783476304325099000
2251,1,2249,111846518945,1783476304327201000
2251,2,2246,111909846297,1783476304326146000
2251,3,2243,111909105561,1783476304324181000
2252,0,2252,111943252009,1783476304328307000
2252,1,2250,111910519849,1783476304331451000
2252,2,2247,111945856553,1783476304330389000
2252,3,2244,111945129817,1783476304329311000
2253,0,2253,111979219945,1783476304332568000
2253,1,2251,111946496041,1783476304335595000
2253,2,2248,111977882361,1783476304334565000
2253,3,2245,111977082201,1783476304333547000
2254,0,2254,112011235169,1783476304336545000
2254,1,2252,111978490393,1783476304339551000
2254,2,2249,112009849137,1783476304337982000
2254,3,2246,112009108009,1783476304337304000
2255,0,2255,112111221945,1783476304377965000
2255,1,2253,112110506169,1783476304381258000
2255,2,2250,112109878393,1783476304380126000
2255,3,2247,112109100137,1783476304379071000
2256,0,2256,112147228137,1783476304414991000
2256,1,2254,112146486105,1783476304413948000
2256,2,2251,112145887137,1783476304411875000
2256,3,2248,112145149009,1783476304412925000
2257,0,2257,112179278297,1783476304446619000
2257,1,2255,112178519169,1783476304445569000
2257,2,2252,112177921073,1783476304444518000
2257,3,2249,112177190977,1783476304443587000
2258,0,2258,112211237041,1783476304482965000
2258,1,2256,112210527169,1783476304481714000
2258,2,2253,112213855073,1783476304480629000
2258,3,2250,112209144977,1783476304479557000
2259,0,2259,112247240233,1783476304650678000
2259,1,2257,112246466137,1783476304651837000
2259,2,2254,112245880201,1783476304648611000
2259,3,2251,112245152041,1783476304649635000
2260,0,2260,112279228521,1783476304655259000
2260,1,2258,112278532457,1783476304656107000
2260,2,2255,112277885977,1783476304652926000
2260,3,2252,112277140297,1783476304654025000
2261,0,2261,112311232201,1783476304660043000
2261,1,2259,112310494137,1783476304660922000
2261,2,2256,112313837073,1783476304657146000
2261,3,2253,112309115465,1783476304658214000
2262,0,2262,112347246913,1783476304663932000
2262,1,2260,112346484361,1783476304664829000
2262,2,2257,112345873233,1783476304662069000
2262,3,2254,112345104817,1783476304662983000
2263,0,2263,112447248169,1783476304851787000
2263,1,2261,112446485689,1783476304850763000
2263,2,2258,112445891817,1783476304852898000
2263,3,2255,112445104073,1783476304853908000
2264,0,2264,112479263913,1783476304856092000
2264,1,2262,112478541721,1783476304855203000
2264,2,2259,112477901945,1783476304857127000
2264,3,2256,112477148881,1783476304858181000
2265,0,2265,112511233881,1783476304860933000
2265,1,2263,112514523977,1783476304859975000
2265,2,2260,112513861785,1783476304861982000
2265,3,2257,112509126105,1783476304863023000
2266,0,2266,112547236169,1783476304865115000
2266,1,2264,112546505945,1783476304864131000
2266,2,2261,112545895201,1783476304866053000
2266,3,2258,112545112073,1783476304866888000
2267,0,2267,112647232137,1783476305053563000
2267,1,2265,112578538297,1783476305052509000
2267,2,2262,112645901041,1783476305051495000
2267,3,2259,112645121465,1783476305054649000
2268,0,2268,112679238009,1783476305057929000
2268,1,2266,112646519073,1783476305056782000
2268,2,2263,112677887041,1783476305055752000
2268,3,2260,112677167817,1783476305058989000
2269,0,2269,112715238881,1783476305062139000
2269,1,2267,112678525009,1783476305061114000
2269,2,2264,112713881273,1783476305060047000
2269,3,2261,112713110721,1783476305063173000
2270,0,2270,112747232073,1783476305065577000
2270,1,2268,112714492560,1783476305064845000
2270,2,2265,112745892881,1783476305064110000
2270,3,2262,112745102137,1783476305066333000
2271,0,2271,112847249105,1783476305260645000
2271,1,2269,112846551009,1783476305261682000
2271,2,2266,112845880465,1783476305262787000
2271,3,2263,112845156137,1783476305263797000
2272,0,2272,112879246977,1783476305264904000
2272,1,2270,112878527169,1783476305265929000
2272,2,2267,112881858041,1783476305267262000
2272,3,2264,112877153041,1783476305268302000
2273,0,2273,112915245913,1783476305269424000
2273,1,2271,112914482977,1783476305270431000
2273,2,2268,112913887433,1783476305271483000
2273,3,2265,112913132913,1783476305272501000
2274,0,2274,112947247105,1783476305273374000
2274,1,2272,112946547105,1783476305274130000
2274,2,2269,112945891361,1783476305275090000
2274,3,2266,112945137617,1783476305275851000
2275,0,2275,113047257689,1783476305462436000
2275,1,2273,113046550169,1783476305463585000
2275,2,2270,113045876465,1783476305464543000
2275,3,2267,113045141689,1783476305461405000
2276,0,2276,113079276945,1783476305466648000
2276,1,2274,113082536585,1783476305467757000
2276,2,2271,113081877657,1783476305468770000
2276,3,2268,113077142041,1783476305465591000
2277,0,2277,113115249753,1783476305470868000
2277,1,2275,113114519753,1783476305471979000
2277,2,2272,113113911201,1783476305472970000
2277,3,2269,113113124361,1783476305469875000
2278,0,2278,113147265881,1783476305474765000
2278,1,2276,113146552521,1783476305475465000
2278,2,2273,113145879817,1783476305476464000
2278,3,2270,113145141137,1783476305473957000
2279,0,2279,113247245497,1783476305662038000
2279,1,2277,113246538009,1783476305664099000
2279,2,2274,113181878913,1783476305663074000
2279,3,2271,113245141073,1783476305665270000
2280,0,2280,113283253849,1783476305666224000
2280,1,2278,113282508265,1783476305668395000
2280,2,2275,113245898169,1783476305667287000
2280,3,2272,113281145521,1783476305669385000
2281,0,2281,113315255233,1783476305670534000
2281,1,2279,113314542785,1783476305672632000
2281,2,2276,113281897977,1783476305671509000
2281,3,2273,113313129265,1783476305673651000
2282,0,2282,113347256721,1783476305674978000
2282,1,2280,113346542489,1783476305676185000
2282,2,2277,113313915009,1783476305675760000
2282,3,2274,113345148617,1783476305677497000
2283,0,2283,113447254105,1783476305718802000
2283,1,2281,113446546625,1783476305717760000
2283,2,2278,113449887073,1783476305716707000
2283,3,2275,113445175785,1783476305715670000
2284,0,2284,113483271137,1783476305750370000
2284,1,2282,113482508881,1783476305749317000
2284,2,2279,113481954137,1783476305748258000
2284,3,2276,113481167689,1783476305747229000
2285,0,2285,113515282073,1783476305782099000
2285,1,2283,113514564073,1783476305781044000
2285,2,2280,113513909913,1783476305780006000
2285,3,2277,113513191073,1783476305783149000
2286,0,2286,113547264945,1783476305818344000
2286,1,2284,113550562233,1783476305817304000
2286,2,2281,113549874297,1783476305816238000
2286,3,2278,113545171529,1783476305815242000
2287,0,2287,113583290201,1783476305986329000
2287,1,2285,113582518785,1783476305987421000
2287,2,2282,113581926561,1783476305985301000
2287,3,2279,113581194529,1783476305988512000
2288,0,2288,113615280137,1783476305990540000
2288,1,2286,113614568105,1783476305991596000
2288,2,2283,113613896881,1783476305989497000
2288,3,2280,113613190945,1783476305992766000
2289,0,2289,113647278009,1783476305994873000
2289,1,2287,113650551105,1783476305995925000
2289,2,2284,113649887169,1783476305993813000
2289,3,2281,113645139593,1783476305996960000
2290,0,2290,113683265137,1783476305998924000
2290,1,2288,113682536105,1783476305999715000
2290,2,2285,113681924201,1783476305997970000
2290,3,2282,113681141201,1783476306000405000
2291,0,2291,113783263329,1783476306189570000
2291,1,2289,113782533073,1783476306187477000
2291,2,2286,113781921816,1783476306190600000
2291,3,2283,113781137985,1783476306188504000
2292,0,2292,113815271945,1783476306193923000
2292,1,2290,113814560009,1783476306191799000
2292,2,2287,113813920329,1783476306195034000
2292,3,2284,113813165561,1783476306192866000
2293,0,2293,113851268041,1783476306198156000
2293,1,2291,113850524849,1783476306196377000
2293,2,2288,113849911008,1783476306199169000
2293,3,2285,113849152009,1783476306197121000
2294,0,2294,113883261945,1783476306201932000
2294,1,2292,113882546753,1783476306201209000
2294,2,2289,113881923649,1783476306202555000
2294,3,2286,113881124521,1783476306200407000
2295,0,2295,113983328849,1783476306390364000
2295,1,2293,113982550073,1783476306389238000
2295,2,2290,113981927073,1783476306388192000
2295,3,2287,113981172593,1783476306391533000
2296,0,2296,114015277721,1783476306394754000
2296,1,2294,114014556009,1783476306393667000
2296,2,2291,114017908073,1783476306392586000
2296,3,2288,114013177041,1783476306395815000
2297,0,2297,114051283625,1783476306399092000
2297,1,2295,114050521137,1783476306398040000
2297,2,2292,114049928233,1783476306396873000
2297,3,2289,114049163721,1783476306400093000
2298,0,2298,114083273849,1783476306403709000
2298,1,2296,114082577105,1783476306401777000
2298,2,2293,114081905817,1783476306401017000
2298,3,2290,114081161297,1783476306402893000
2299,0,2299,114183304433,1783476306588960000
2299,1,2297,114182575593,1783476306589991000
2299,2,2294,114181909753,1783476306591080000
2299,3,2291,114181168561,1783476306592119000
2300,0,2300,114215341753,1783476306593452000
2300,1,2298,114218567785,1783476306594490000
2300,2,2295,114217901169,1783476306595556000
2300,3,2292,114213169433,1783476306596619000
2301,0,2301,114251277297,1783476306597685000
2301,1,2299,114250532201,1783476306599160000
2301,2,2296,114249937137,1783476306600210000
2301,3,2293,114249148137,1783476306601265000
2302,0,2302,114283293369,1783476306602283000
2302,1,2300,114282580625,1783476306603046000
2302,2,2297,114281908817,1783476306603784000
2302,3,2294,114281194977,1783476306604842000
2303,0,2303,114383281209,1783476306790785000
2303,1,2301,114382568073,1783476306789759000
2303,2,2298,114381909401,1783476306791840000
2303,3,2295,114381156145,1783476306792923000
2304,0,2304,114419288297,1783476306795101000
2304,1,2302,114418543785,1783476306793999000
2304,2,2299,114417934041,1783476306796157000
2304,3,2296,114417199913,1783476306797206000
2305,0,2305,114451282433,1783476306799314000
2305,1,2303,114450569593,1783476306798292000
2305,2,2300,114449945201,1783476306800371000
2305,3,2297,114449185137,1783476306801417000
2306,0,2306,114483282977,1783476306803160000
2306,1,2304,114482569657,1783476306802403000
2306,2,2301,114485927009,1783476306803910000
2306,3,2298,114481172169,1783476306805027000
2307,0,2307,114583280137,1783476306990485000
2307,1,2305,114582552041,1783476306991542000
2307,2,2302,114585914329,1783476306992577000
2307,3,2299,114581173689,1783476306993629000
2308,0,2308,114619288137,1783476306994677000
2308,1,2306,114618529913,1783476306995744000
2308,2,2303,114617935849,1783476306996795000
2308,3,2300,114617192489,1783476306997853000
2309,0,2309,114651336945,1783476306998889000
2309,1,2307,114650609497,1783476306999945000
2309,2,2304,114649974169,1783476307001011000
2309,3,2301,114649181817,1783476307002017000
2310,0,2310,114683290137,1783476307002953000
2310,1,2308,114686603041,1783476307003833000
2310,2,2305,114685902105,1783476307004552000
2310,3,2302,114681175361,1783476307005515000
2311,0,2311,114783294073,1783476307192315000
2311,1,2309,114786576913,1783476307193385000
2311,2,2306,114785906169,1783476307191285000
2311,3,2303,114781167913,1783476307194427000
2312,0,2312,114819292137,1783476307196530000
2312,1,2310,114818550945,1783476307197595000
2312,2,2307,114817947945,1783476307195483000
2312,3,2304,114817203041,1783476307198642000
2313,0,2313,114851308041,1783476307200749000
2313,1,2311,114850594593,1783476307201798000
2313,2,2308,114849922105,1783476307199693000
2313,3,2305,114849179265,1783476307202838000
2314,0,2314,114883315169,1783476307204520000
2314,1,2312,114886588265,1783476307205203000
2314,2,2309,114885951073,1783476307203790000
2314,3,2306,114885177945,1783476307206313000
2315,0,2315,114983340753,1783476307392005000
2315,1,2313,114986556009,1783476307394091000
2315,2,2310,114985919233,1783476307393028000
2315,3,2307,114985179401,1783476307395153000
2316,0,2316,115019300881,1783476307396363000
2316,1,2314,115018587849,1783476307398469000
2316,2,2311,115017968041,1783476307397403000
2316,3,2308,115017186753,1783476307399515000
2317,0,2317,115051297433,1783476307400575000
2317,1,2315,115050585201,1783476307402659000
2317,2,2312,115053941977,1783476307401618000
2317,3,2309,115049182977,1783476307403728000
2318,0,2318,115087300009,1783476307404608000
2318,1,2316,115086537169,1783476307406162000
2318,2,2313,115085942201,1783476307405361000
2318,3,2310,115085182721,1783476307407310000
2319,0,2319,115187301137,1783476307596060000
2319,1,2317,115186541137,1783476307592907000
2319,2,2314,115185946393,1783476307593977000
2319,3,2311,115185174177,1783476307595001000
2320,0,2320,115219311881,1783476307600900000
2320,1,2318,115218616977,1783476307597141000
2320,2,2315,115217961849,1783476307598390000
2320,3,2312,115217211977,1783476307599484000
2321,0,2321,115251304201,1783476307605016000
2321,1,2319,115254604913,1783476307601544000
2321,2,2316,115253918009,1783476307602602000
2321,3,2313,115249190009,1783476307603673000
2322,0,2322,115287338169,1783476307608490000
2322,1,2320,115286566073,1783476307605878000
2322,2,2317,115285927073,1783476307606574000
2322,3,2314,115285167881,1783476307607257000
2323,0,2323,115387329297,1783476307795348000
2323,1,2321,115318602849,1783476307794261000
2323,2,2318,115385953881,1783476307793347000
2323,3,2315,115385167433,1783476307796359000
2324,0,2324,115419334105,1783476307799556000
2324,1,2322,115386563169,1783476307798572000
2324,2,2319,115417950849,1783476307797480000
2324,3,2316,115417228137,1783476307800625000
2325,0,2325,115451327553,1783476307803842000
2325,1,2323,115418621009,1783476307802751000
2325,2,2320,115453951041,1783476307801784000
2325,3,2317,115453195457,1783476307804768000
2326,0,2326,115487310265,1783476307807309000
2326,1,2324,115454579393,1783476307805845000
2326,2,2321,115485971817,1783476307806645000
2326,3,2318,115485182489,1783476307807915000
2327,0,2327,115587313169,1783476308002471000
2327,1,2325,115586601913,1783476308003510000
2327,2,2322,115585966369,1783476308004572000
2327,3,2319,115585175273,1783476308005619000
2328,0,2328,115619315105,1783476308006961000
2328,1,2326,115618604137,1783476308008058000
2328,2,2323,115621956137,1783476308009092000
2328,3,2320,115617238233,1783476308010143000
2329,0,2329,115655314945,1783476308011278000
2329,1,2327,115654552105,1783476308012459000
2329,2,2324,115653957945,1783476308013500000
2329,3,2321,115653199009,1783476308014580000
2330,0,2330,115687316105,1783476308015449000
2330,1,2328,115686601753,1783476308016773000
2330,2,2325,115685959073,1783476308017543000
2330,3,2322,115685187361,1783476308018337000
2331,0,2331,115787320201,1783476308205268000
2331,1,2329,115786623137,1783476308203183000
2331,2,2326,115785968041,1783476308204215000
2331,3,2323,115785199849,1783476308206328000
2332,0,2332,115819319977,1783476308209482000
2332,1,2330,115822620721,1783476308207367000
2332,2,2327,115821932201,1783476308208429000
2332,3,2324,115817209137,1783476308210542000
2333,0,2333,115855336689,1783476308213706000
2333,1,2331,115854574009,1783476308211640000
2333,2,2328,115853961753,1783476308212645000
2333,3,2325,115853190465,1783476308214694000
2334,0,2334,115887339009,1783476308217572000
2334,1,2332,115886624617,1783476308215639000
2334,2,2329,115885964497,1783476308216452000
2334,3,2326,115885249169,1783476308218257000
2335,0,2335,115987340689,1783476308405009000
2335,1,2333,115986622817,1783476308403973000
2335,2,2330,115985944977,1783476308407088000
2335,3,2327,115985210689,1783476308406042000
2336,0,2336,116019342073,1783476308409740000
2336,1,2334,116022596561,1783476308408138000
2336,2,2331,116021969169,1783476308411531000
2336,3,2328,116021216393,1783476308410492000
2337,0,2337,116055325137,1783476308414071000
2337,1,2335,116054595233,1783476308412582000
2337,2,2332,116053985073,1783476308416064000
2337,3,2329,116053196401,1783476308415028000
2338,0,2338,116087343913,1783476308417993000
2338,1,2336,116086630201,1783476308416863000
2338,2,2333,116085959265,1783476308419500000
2338,3,2330,116085212009,1783476308418725000
2339,0,2339,116187322049,1783476308614326000
2339,1,2337,116186610849,1783476308613257000
2339,2,2334,116189973689,1783476308616410000
2339,3,2331,116185225785,1783476308615376000
2340,0,2340,116223331201,1783476308619047000
2340,1,2338,116222568977,1783476308617441000
2340,2,2335,116221976817,1783476308621141000
2340,3,2332,116221269657,1783476308620092000
2341,0,2341,116255329977,1783476308623339000
2341,1,2339,116254617009,1783476308622227000
2341,2,2336,116253991073,1783476308625427000
2341,3,2333,116253201881,1783476308624356000
2342,0,2342,116287331497,1783476308627494000
2342,1,2340,116286618265,1783476308626336000
2342,2,2337,116289958041,1783476308628659000
2342,3,2334,116285216817,1783476308629527000
2343,0,2343,116387340913,1783476308658643000
2343,1,2341,116386611105,1783476308657566000
2343,2,2338,116389955497,1783476308656514000
2343,3,2335,116385255593,1783476308655483000
2344,0,2344,116423376009,1783476308690736000
2344,1,2342,116422594233,1783476308689693000
2344,2,2339,116421985785,1783476308688647000
2344,3,2336,116421217073,1783476308687596000
2345,0,2345,116455356945,1783476308721488000
2345,1,2343,116454643465,1783476308724524000
2345,2,2340,116453980721,1783476308720347000
2345,3,2337,116453221977,1783476308723192000
2346,0,2346,116487338041,1783476308758871000
2346,1,2344,116490641201,1783476308757777000
2346,2,2341,116489959721,1783476308756723000
2346,3,2338,116485228753,1783476308755684000
2347,0,2347,116523356817,1783476308937272000
2347,1,2345,116522595617,1783476308936229000
2347,2,2342,116521989521,1783476308938374000
2347,3,2339,116521246113,1783476308935163000
2348,0,2348,116555350105,1783476308941498000
2348,1,2346,116554637169,1783476308940443000
2348,2,2343,116553968497,1783476308942756000
2348,3,2340,116553237913,1783476308939439000
2349,0,2349,116587354945,1783476308945758000
2349,1,2347,116590609233,1783476308944711000
2349,2,2344,116589981881,1783476308947018000
2349,3,2341,116589226009,1783476308943614000
2350,0,2350,116623338977,1783476308949399000
2350,1,2348,116622610073,1783476308948687000
2350,2,2345,116622002329,1783476308950557000
2350,3,2342,116621210009,1783476308947966000
2351,0,2351,116723355169,1783476309137802000
2351,1,2349,116722651041,1783476309136786000
2351,2,2346,116721988401,1783476309138888000
2351,3,2343,116721215433,1783476309135732000
2352,0,2352,116755344361,1783476309142018000
2352,1,2350,116754630985,1783476309140986000
2352,2,2347,116754005657,1783476309143090000
2352,3,2344,116753243625,1783476309139907000
2353,0,2353,116791347137,1783476309146380000
2353,1,2351,116790597913,1783476309145199000
2353,2,2348,116789988849,1783476309147443000
2353,3,2345,116789230009,1783476309144128000
2354,0,2354,116823346649,1783476309149812000
2354,1,2352,116822631753,1783476309149184000
2354,2,2349,116822003721,1783476309150992000
2354,3,2346,116821217073,1783476309148356000
2355,0,2355,116923354169,1783476309337689000
2355,1,2353,116922721137,1783476309338778000
2355,2,2350,116921993041,1783476309336663000
2355,3,2347,116921232785,1783476309339802000
2356,0,2356,116955353169,1783476309341944000
2356,1,2354,116954637881,1783476309343115000
2356,2,2351,116957979073,1783476309340950000
2356,3,2348,116953269425,1783476309344191000
2357,0,2357,116991366137,1783476309346313000
2357,1,2355,116990604201,1783476309347317000
2357,2,2352,116989979137,1783476309345245000
2357,3,2349,116989221433,1783476309348389000
2358,0,2358,117023337633,1783476309350342000
2358,1,2356,117022652297,1783476309351169000
2358,2,2353,117021994553,1783476309349420000
2358,3,2350,117021236945,1783476309351885000
2359,0,2359,117123369817,1783476309538424000
2359,1,2357,117122661297,1783476309540547000
2359,2,2354,117121995465,1783476309539534000
2359,3,2351,117121275913,1783476309537405000
2360,0,2360,117155361329,1783476309542647000
2360,1,2358,117158625849,1783476309544749000
2360,2,2355,117157999945,1783476309543832000
2360,3,2352,117153242329,1783476309541582000
2361,0,2361,117191380393,1783476309546976000
2361,1,2359,117190597656,1783476309549286000
2361,2,2356,117190014656,1783476309548198000
2361,3,2353,117189227201,1783476309545811000
2362,0,2362,117223373233,1783476309551131000
2362,1,2360,117222659169,1783476309552764000
2362,2,2357,117222004977,1783476309551711000
2362,3,2354,117221298721,1783476309550136000
2363,0,2363,117323359529,1783476309739116000
2363,1,2361,117322652753,1783476309740161000
2363,2,2358,117322020849,1783476309738139000
2363,3,2355,117321250721,1783476309741216000
2364,0,2364,117359361817,1783476309743675000
2364,1,2362,117358641105,1783476309744732000
2364,2,2359,117357984233,1783476309742658000
2364,3,2356,117357251073,1783476309745787000
2365,0,2365,117391369201,1783476309747898000
2365,1,2363,117390652137,1783476309748931000
2365,2,2360,117390032529,1783476309746841000
2365,3,2357,117389232817,1783476309750005000
2366,0,2366,117423363009,1783476309751711000
2366,1,2364,117422648265,1783476309752332000
2366,2,2361,117426006041,1783476309750865000
2366,3,2358,117421246137,1783476309753768000
2367,0,2367,117523366233,1783476309939883000
2367,1,2365,117522636009,1783476309940943000
2367,2,2362,117526003945,1783476309938859000
2367,3,2359,117521239369,1783476309942041000
2368,0,2368,117559516881,1783476309946120000
2368,1,2366,117558612041,1783476309945089000
2368,2,2363,117558041913,1783476309943083000
2368,3,2360,117557373657,1783476309947185000
2369,0,2369,117591374521,1783476309950340000
2369,1,2367,117590688137,1783476309949289000
2369,2,2364,117590028009,1783476309948233000
2369,3,2361,117589253137,1783476309951430000
2370,0,2370,117623366817,1783476309954222000
2370,1,2368,117626666945,1783476309953311000
2370,2,2365,117625994393,1783476309952361000
2370,3,2362,117621253977,1783476309955092000
2371,0,2371,117723363265,1783476310139427000
2371,1,2369,117658639977,1783476310140447000
2371,2,2366,117726012105,1783476310141505000
2371,3,2363,117721287041,1783476310142565000
2372,0,2372,117759388881,1783476310143637000
2372,1,2370,117726671201,1783476310144697000
2372,2,2367,117758037521,1783476310145771000
2372,3,2364,117757253265,1783476310146796000
2373,0,2373,117791379881,1783476310147856000
2373,1,2371,117758640297,1783476310148883000
2373,2,2368,117790015753,1783476310149927000
2373,3,2365,117789261849,1783476310150871000
2374,0,2374,117823385169,1783476310151750000
2374,1,2372,117790670529,1783476310152433000
2374,2,2369,117826012073,1783476310153199000
2374,3,2366,117825252881,1783476310153863000
2375,0,2375,117927369977,1783476310194702000
2375,1,2373,117926638945,1783476310193644000
2375,2,2370,117925990721,1783476310192691000
2375,3,2367,117925242977,1783476310191543000
2376,0,2376,117959387233,1783476310226688000
2376,1,2374,117958670753,1783476310225635000
2376,2,2371,117958041329,1783476310224591000
2376,3,2368,117957255497,1783476310223551000
2377,0,2377,117991371529,1783476310262489000
2377,1,2375,117990661137,1783476310261452000
2377,2,2372,117994019009,1783476310260361000
2377,3,2369,117989294137,1783476310259377000
2378,0,2378,118023411137,1783476310294629000
2378,1,2376,118026720265,1783476310293580000
2378,2,2373,118026063785,1783476310292530000
2378,3,2370,118025439073,1783476310291494000
2379,0,2379,118059371233,1783476310465896000
2379,1,2377,118058661201,1783476310463782000
2379,2,2374,118058046785,1783476310462745000
2379,3,2371,118057293465,1783476310464850000
2380,0,2380,118091373913,1783476310470826000
2380,1,2378,118090648009,1783476310468031000
2380,2,2375,118094017105,1783476310466981000
2380,3,2372,118089272265,1783476310469089000
2381,0,2381,118127371041,1783476310475039000
2381,1,2379,118126611137,1783476310472938000
2381,2,2376,118126002265,1783476310471884000
2381,3,2373,118125277361,1783476310473974000
2382,0,2382,118159369009,1783476310479196000
2382,1,2380,118158671137,1783476310476976000
2382,2,2377,118158014041,1783476310476059000
2382,3,2374,118157258457,1783476310478209000
2383,0,2383,118259386657,1783476310663379000
2383,1,2381,118258674265,1783476310665472000
2383,2,2378,118258016073,1783476310664410000
2383,3,2375,118257258913,1783476310666501000
2384,0,2384,118291397849,1783476310667721000
2384,1,2382,118294669977,1783476310669820000
2384,2,2379,118294033881,1783476310668775000
2384,3,2376,118289258977,1783476310670932000
2385,0,2385,118327386945,1783476310671938000
2385,1,2383,118326623913,1783476310674040000
2385,2,2380,118326031105,1783476310673010000
2385,3,2377,118325243041,1783476310675028000
2386,0,2386,118359373945,1783476310675990000
2386,1,2384,118358666201,1783476310677633000
2386,2,2381,118358007977,1783476310676738000
2386,3,2378,118357248201,1783476310678562000
2387,0,2387,118459387465,1783476310864103000
2387,1,2385,118458736817,1783476310866170000
2387,2,2382,118458010977,1783476310865116000
2387,3,2379,118457367369,1783476310867204000
2388,0,2388,118495370913,1783476310868390000
2388,1,2386,118494641137,1783476310870583000
2388,2,2383,118494000169,1783476310869452000
2388,3,2380,118493262041,1783476310871566000
2389,0,2389,118527370977,1783476310872661000
2389,1,2387,118526656785,1783476310874925000
2389,2,2384,118526030073,1783476310873668000
2389,3,2381,118525241785,1783476310875948000
2390,0,2390,118559371137,1783476310876636000
2390,1,2388,118558657849,1783476310878277000
2390,2,2385,118562030393,1783476310877476000
2390,3,2382,118557258329,1783476310879059000
2391,0,2391,118659371977,1783476311067014000
2391,1,2389,118658644169,1783476311064910000
2391,2,2386,118662013945,1783476311065947000
2391,3,2383,118657256721,1783476311068082000
2392,0,2392,118695366009,1783476311071368000
2392,1,2390,118694605945,1783476311069109000
2392,2,2387,118693996073,1783476311070157000
2392,3,2384,118693263073,1783476311072345000
2393,0,2393,118727371337,1783476311075502000
2393,1,2391,118726672785,1783476311073409000
2393,2,2388,118726019137,1783476311074454000
2393,3,2385,118725259297,1783476311076534000
2394,0,2394,118759378977,1783476311079110000
2394,1,2392,118762675169,1783476311077494000
2394,2,2389,118761999233,1783476311078267000
2394,3,2386,118757291105,1783476311079924000
2395,0,2395,118859375073,1783476311266732000
2395,1,2393,118862681265,1783476311267775000
2395,2,2390,118861998945,1783476311265696000
2395,3,2387,118857216840,1783476311268866000
2396,0,2396,118895375849,1783476311270930000
2396,1,2394,118894632105,1783476311271995000
2396,2,2391,118894020169,1783476311269900000
2396,3,2388,118893256689,1783476311273041000
2397,0,2397,118927388977,1783476311275442000
2397,1,2395,118926675753,1783476311276465000
2397,2,2392,118926018945,1783476311274355000
2397,3,2389,118925261977,1783476311277503000
2398,0,2398,118959390849,1783476311279116000
2398,1,2396,118962642169,1783476311279971000
2398,2,2393,118962015073,1783476311278382000
2398,3,2390,118961257105,1783476311280777000
2399,0,2399,119059391265,1783476311466522000
2399,1,2397,119062643977,1783476311467541000
2399,2,2394,119062016329,1783476311468609000
2399,3,2391,119061258913,1783476311469648000
2400,0,2400,119095389817,1783476311470758000
2400,1,2398,119094646945,1783476311472095000
2400,2,2395,119094037721,1783476311472871000
2400,3,2392,119093277849,1783476311473943000
2401,0,2401,119127375265,1783476311474976000
2401,1,2399,119126661169,1783476311476548000
2401,2,2396,119130012849,1783476311477599000
2401,3,2393,119125306169,1783476311478618000
2402,0,2402,119163372529,1783476311479662000
2402,1,2400,119162628913,1783476311480629000
2402,2,2397,119162000945,1783476311481564000
2402,3,2394,119161258297,1783476311482520000
2403,0,2403,119263374529,1783476311669352000
2403,1,2401,119194661169,1783476311668290000
2403,2,2398,119262003881,1783476311667265000
2403,3,2395,119261261881,1783476311670445000
2404,0,2404,119295370009,1783476311673592000
2404,1,2402,119262613105,1783476311672543000
2404,2,2399,119294029201,1783476311671489000
2404,3,2396,119293286041,1783476311675154000
2405,0,2405,119327379073,1783476311678288000
2405,1,2403,119294675073,1783476311677292000
2405,2,2400,119330008073,1783476311676186000
2405,3,2397,119325297881,1783476311679354000
2406,0,2406,119363394361,1783476311682170000
2406,1,2404,119330678553,1783476311681266000
2406,2,2401,119362019849,1783476311680311000
2406,3,2398,119361251625,1783476311683036000
2407,0,2407,119463374201,1783476311878635000
2407,1,2405,119462629169,1783476311879688000
2407,2,2402,119462020233,1783476311876523000
2407,3,2399,119461247689,1783476311877578000
2408,0,2408,119495392041,1783476311883081000
2408,1,2406,119494678945,1783476311884135000
2408,2,2403,119494041337,1783476311880982000
2408,3,2400,119493278265,1783476311882003000
2409,0,2409,119527394849,1783476311887440000
2409,1,2407,119530648169,1783476311888149000
2409,2,2404,119530022753,1783476311885181000
2409,3,2401,119529305041,1783476311886229000
2410,0,2410,119563390585,1783476311892430000
2410,1,2408,119562690745,1783476311891620000
2410,2,2405,119562046689,1783476311888912000
2410,3,2402,119561279137,1783476311889823000
2411,0,2411,119663379073,1783476312077186000
2411,1,2409,119662658593,1783476312078114000
2411,2,2406,119662032169,1783476312079144000
2411,3,2403,119661238881,1783476312080195000
2412,0,2412,119695377945,1783476312081753000
2412,1,2410,119694664849,1783476312082812000
2412,2,2407,119698020105,1783476312083887000
2412,3,2404,119693297233,1783476312084907000
2413,0,2413,119731413753,1783476312085958000
2413,1,2411,119730651105,1783476312087019000
2413,2,2408,119730115881,1783476312088878000
2413,3,2405,119729343201,1783476312089558000
2414,0,2414,119763376017,1783476312090512000
2414,1,2412,119762666233,1783476312091533000
2414,2,2409,119762037753,1783476312092427000
2414,3,2406,119761289361,1783476312093311000
2415,0,2415,119863370721,1783476312277838000
2415,1,2413,119862679753,1783476312278872000
2415,2,2410,119862022753,1783476312279972000
2415,3,2407,119861268857,1783476312281021000
2416,0,2416,119895385105,1783476312282023000
2416,1,2414,119898681137,1783476312283105000
2416,2,2411,119898005721,1783476312284190000
2417,0,2417,119931395041,1783476312286029000
2417,1,2415,119930634657,1783476312287088000
2418,0,2418,119963393073,1783476312290036000
