batch_idx,source_id,frame_num,buf_pts_ns,ntp_ns
0,0,0,64041999,1783475708640852000
1,0,1,96063000,1783475708642436000
1,3,0,567200000,1783475708966423000
2,0,2,128083999,1783475708645192000
2,3,1,599242666,1783475708998438000
3,0,3,160104999,1783475708646883000
3,3,2,631285332,1783475709030509000
4,0,4,192126000,1783475708649485000
4,1,0,1134800000,1783475709534105000
4,3,3,663328000,1783475709062538000
5,0,5,224146999,1783475708650961000
5,1,1,1166832999,1783475709566041000
5,3,4,695370666,1783475709094612000
6,0,6,256167999,1783475708849749000
6,1,2,1198865999,1783475709598033000
6,2,0,1702100000,1783475710101267000
6,3,5,727413332,1783475709126609000
7,0,7,288189000,1783475709058452000
7,1,3,1230899000,1783475709630145000
7,2,1,1734128999,1783475710133299000
7,3,6,759456000,1783475709158627000
8,0,8,320209999,1783475709269053000
8,1,4,1262931999,1783475709662431000
8,2,2,1766157999,1783475710165337000
8,3,7,791498666,1783475709269053000
9,0,9,352230999,1783475709477843000
9,1,5,1294964999,1783475709694161000
9,2,3,1798187000,1783475710197305000
9,3,8,823541332,1783475709477843000
10,0,10,480315000,1783475709686625000
10,1,6,1326998000,1783475709726207000
10,2,4,1830215999,1783475710229324000
10,3,9,855584000,1783475709686653000
11,0,11,672441000,1783475709895361000
11,1,7,1359030999,1783475709895358000
11,2,5,1862244999,1783475710261387000
11,3,10,887626666,1783475709895363000
12,0,12,896587999,1783475710101656000
12,1,8,1391063999,1783475710101673000
12,2,6,1894274000,1783475710293381000
12,3,11,919669332,1783475710101644000
13,0,13,1088713999,1783475710142515000
13,1,9,1423097000,1783475710142596000
13,2,7,1926302999,1783475710325404000
13,3,12,1079882666,1783475710142151000
14,0,14,1312860999,1783475710173943000
14,1,10,1455129999,1783475710174114000
14,2,8,1958331999,1783475710357459000
14,3,13,1304181332,1783475710173914000
15,0,15,1504986999,1783475710205851000
15,1,11,1519196000,1783475710206022000
15,2,9,1990361000,1783475710389468000
15,3,14,1496437332,1783475710206462000
16,0,16,1729134000,1783475710237896000
16,1,12,1711394000,1783475710238142000
16,2,10,2022389999,1783475710421835000
16,3,15,1720736000,1783475710237879000
17,0,17,1761154999,1783475710270037000
17,1,13,1775459999,1783475710270035000
17,2,11,2054418999,1783475710453522000
17,3,16,1752778666,1783475710270001000
18,0,18,1793175999,1783475710301946000
18,1,14,1807493000,1783475710301987000
18,2,12,2086448000,1783475710485549000
18,3,17,1784821332,1783475710302134000
19,0,19,1825197000,1783475710333906000
19,1,15,1839525999,1783475710334017000
19,2,13,2118476999,1783475710517646000
19,3,18,1816864000,1783475710334404000
20,0,20,1857217999,1783475710366084000
20,1,16,1871558999,1783475710365995000
20,2,14,2150505999,1783475710549680000
20,3,19,1848906666,1783475710365993000
21,0,21,1889238999,1783475710398378000
21,1,17,1903592000,1783475710398024000
21,2,15,2182535000,1783475710581657000
21,3,20,1880949332,1783475710398369000
22,0,22,1921260000,1783475710430330000
22,1,18,1935624999,1783475710430332000
22,2,16,2214563999,1783475710613728000
22,3,21,1912992000,1783475710430392000
23,0,23,1953280999,1783475710462081000
23,1,19,1967657999,1783475710462070000
23,2,17,2246592999,1783475710645732000
23,3,22,1945034666,1783475710462105000
24,0,24,1985301999,1783475710494318000
24,1,20,1999691000,1783475710494047000
24,2,18,2278622000,1783475710677747000
24,3,23,1977077332,1783475710494099000
25,0,25,2017323000,1783475710526487000
25,1,21,2031723999,1783475710526252000
25,2,19,2310650999,1783475710709783000
25,3,24,2009120000,1783475710526318000
26,0,26,2049343999,1783475710558683000
26,1,22,2063756999,1783475710558420000
26,2,20,2342679999,1783475710741794000
26,3,25,2041162666,1783475710558457000
27,0,27,2081364999,1783475710590214000
27,1,23,2095790000,1783475710590220000
27,2,21,2374709000,1783475710773842000
27,3,26,2073205332,1783475710590248000
28,0,28,2113386000,1783475710622308000
28,1,24,2127822999,1783475710622276000
28,2,22,2406737999,1783475710805900000
28,3,27,2105248000,1783475710622338000
29,0,29,2145406999,1783475710654375000
29,1,25,2159855999,1783475710654359000
29,2,23,2438766999,1783475710837898000
29,3,28,2137290666,1783475710654458000
30,0,30,2177427999,1783475710686356000
30,1,26,2191889000,1783475710686313000
30,2,24,2470796000,1783475710869927000
30,3,29,2169333332,1783475710686361000
31,0,31,2209449000,1783475710718369000
31,1,27,2223921999,1783475710718369000
31,2,25,2502824999,1783475710901933000
31,3,30,2201376000,1783475710718396000
32,0,32,2241469999,1783475710750277000
32,1,28,2255954999,1783475710750278000
32,2,26,2534853999,1783475710934031000
32,3,31,2233418666,1783475710750326000
33,0,33,2273490999,1783475710782438000
33,1,29,2287988000,1783475710782448000
33,2,27,2566883000,1783475710965991000
33,3,32,2265461332,1783475710782509000
34,0,34,2305512000,1783475710814515000
34,1,30,2320020999,1783475710814498000
34,2,28,2598911999,1783475710998108000
34,3,33,2297504000,1783475710814535000
35,0,35,2337532999,1783475710846551000
35,1,31,2352053999,1783475710846528000
35,2,29,2630940999,1783475711030110000
35,3,34,2329546666,1783475710846548000
36,0,36,2369553999,1783475710878788000
36,1,32,2384087000,1783475710878763000
36,2,30,2662970000,1783475711062116000
36,3,35,2361589332,1783475710878783000
37,0,37,2401575000,1783475710910576000
37,1,33,2416119999,1783475710910563000
37,2,31,2694998999,1783475711094112000
37,3,36,2393632000,1783475710910579000
38,0,38,2433595999,1783475710942658000
38,1,34,2448152999,1783475710942652000
38,2,32,2727027999,1783475711126123000
38,3,37,2425674666,1783475710942661000
39,0,39,2465616999,1783475710974618000
39,1,35,2480186000,1783475710974602000
39,2,33,2759057000,1783475711158175000
39,3,38,2457717332,1783475710974620000
40,0,40,2497638000,1783475711006802000
40,1,36,2512218999,1783475711007146000
40,2,34,2791085999,1783475711190226000
40,3,39,2489760000,1783475711006806000
41,0,41,2529658999,1783475711038812000
41,1,37,2544251999,1783475711038836000
41,2,35,2823114999,1783475711222265000
41,3,40,2521802666,1783475711038813000
42,0,42,2561679999,1783475711070728000
42,1,38,2576285000,1783475711070940000
42,2,36,2855144000,1783475711254276000
42,3,41,2553845332,1783475711070738000
43,0,43,2593701000,1783475711102719000
43,1,39,2608317999,1783475711102684000
43,2,37,2887172999,1783475711286318000
43,3,42,2585888000,1783475711102724000
44,0,44,2625721999,1783475711134789000
44,1,40,2640350999,1783475711134766000
44,2,38,2919201999,1783475711318300000
44,3,43,2617930666,1783475711134787000
45,0,45,2657742999,1783475711166806000
45,1,41,2672384000,1783475711166818000
45,2,39,2951231000,1783475711350427000
45,3,44,2649973332,1783475711166798000
46,0,46,2689764000,1783475711198831000
46,1,42,2704416999,1783475711198838000
46,2,40,2983259999,1783475711382429000
46,3,45,2682016000,1783475711199196000
47,0,47,2721784999,1783475711230924000
47,1,43,2736449999,1783475711230897000
47,2,41,3015288999,1783475711414386000
47,3,46,2714058666,1783475711230956000
48,0,48,2753805999,1783475711262891000
48,1,44,2768483000,1783475711262891000
48,2,42,3047318000,1783475711446424000
48,3,47,2746101332,1783475711262896000
49,0,49,2785827000,1783475711294911000
49,1,45,2800515999,1783475711294905000
49,2,43,3079346999,1783475711478487000
49,3,48,2778144000,1783475711294908000
50,0,50,2817847999,1783475711326899000
50,1,46,2832548999,1783475711326900000
50,2,44,3111375999,1783475711510506000
50,3,49,2810186666,1783475711326902000
51,0,51,2849868999,1783475711359173000
51,1,47,2864582000,1783475711359168000
51,2,45,3143405000,1783475711542554000
51,3,50,2842229332,1783475711359183000
52,0,52,2881890000,1783475711391098000
52,1,48,2896614999,1783475711391105000
52,2,46,3175433999,1783475711574578000
52,3,51,2874272000,1783475711391099000
53,0,53,2913910999,1783475711422943000
53,1,49,2928647999,1783475711422934000
53,2,47,3207462999,1783475711606537000
53,3,52,2906314666,1783475711422964000
54,0,54,2945931999,1783475711455134000
54,1,50,2960681000,1783475711455168000
54,2,48,3239492000,1783475711638629000
54,3,53,2938357332,1783475711455079000
55,0,55,2977953000,1783475711487221000
55,1,51,2992713999,1783475711487170000
55,2,49,3271520999,1783475711670674000
55,3,54,2970400000,1783475711487251000
56,0,56,3009973999,1783475711519196000
56,1,52,3024746999,1783475711519131000
56,2,50,3303549999,1783475711702711000
56,3,55,3002442666,1783475711519335000
57,0,57,3041994999,1783475711551210000
57,1,53,3056780000,1783475711551211000
57,2,51,3335579000,1783475711734708000
57,3,56,3034485332,1783475711551462000
58,0,58,3074016000,1783475711583136000
58,1,54,3088812999,1783475711583138000
58,2,52,3367607999,1783475711766766000
58,3,57,3066528000,1783475711583153000
59,0,59,3106036999,1783475711615098000
59,1,55,3120845999,1783475711615094000
59,2,53,3399636999,1783475711798773000
59,3,58,3098570666,1783475711615318000
60,0,60,3138057999,1783475711647231000
60,1,56,3152879000,1783475711647244000
60,2,54,3431666000,1783475711830803000
60,3,59,3130613332,1783475711647418000
61,0,61,3170079000,1783475711679301000
61,1,57,3184911999,1783475711679510000
61,2,55,3463694999,1783475711862833000
61,3,60,3162656000,1783475711679282000
62,0,62,3202099999,1783475711711405000
62,1,58,3216944999,1783475711711370000
62,2,56,3495723999,1783475711894830000
62,3,61,3194698666,1783475711711608000
63,0,63,3234120999,1783475711743318000
63,1,59,3248978000,1783475711743316000
63,2,57,3527753000,1783475711926843000
63,3,62,3226741332,1783475711743577000
64,0,64,3266142000,1783475711775369000
64,1,60,3281010999,1783475711775362000
64,2,58,3559781999,1783475711958924000
64,3,63,3258784000,1783475711775377000
65,0,65,3298162999,1783475711807433000
65,1,61,3313043999,1783475711807429000
65,2,59,3591810999,1783475711990974000
65,3,64,3290826666,1783475711807447000
66,0,66,3330183999,1783475711839377000
66,1,62,3345077000,1783475711839587000
66,2,60,3623840000,1783475712022940000
66,3,65,3322869332,1783475711839417000
67,0,67,3362205000,1783475711871372000
67,1,63,3377109999,1783475711871376000
67,2,61,3655868999,1783475712055050000
67,3,66,3354912000,1783475711871370000
68,0,68,3394225999,1783475711903341000
68,1,64,3409142999,1783475711903332000
68,2,62,3687897999,1783475712087033000
68,3,67,3386954666,1783475711903333000
69,0,69,3426246999,1783475711935539000
69,1,65,3441176000,1783475711935529000
69,2,63,3719927000,1783475712119021000
69,3,68,3418997332,1783475711935552000
70,0,70,3458268000,1783475711967556000
70,1,66,3473208999,1783475711967557000
70,2,64,3751955999,1783475712151115000
70,3,69,3451040000,1783475711967555000
71,0,71,3490288999,1783475711999521000
71,1,67,3505241999,1783475711999520000
71,2,65,3783984999,1783475712183142000
71,3,70,3483082666,1783475711999525000
72,0,72,3522309999,1783475712031625000
72,1,68,3537275000,1783475712031624000
72,2,66,3816014000,1783475712215097000
72,3,71,3515125332,1783475712031635000
73,0,73,3554331000,1783475712063605000
73,1,69,3569307999,1783475712063593000
73,2,67,3848042999,1783475712247178000
73,3,72,3547168000,1783475712063618000
74,0,74,3586351999,1783475712095557000
74,1,70,3601340999,1783475712095558000
74,2,68,3880071999,1783475712279299000
74,3,73,3579210666,1783475712095570000
75,0,75,3618372999,1783475712127542000
75,1,71,3633374000,1783475712127545000
75,2,69,3912101000,1783475712311203000
75,3,74,3611253332,1783475712127542000
76,0,76,3650394000,1783475712159691000
76,1,72,3665406999,1783475712159696000
76,2,70,3944129999,1783475712343237000
76,3,75,3643296000,1783475712159704000
77,0,77,3682414999,1783475712191705000
77,1,73,3697439999,1783475712191711000
77,2,71,3976158999,1783475712375682000
77,3,76,3675338666,1783475712191712000
78,0,78,3714435999,1783475712223662000
78,1,74,3729473000,1783475712223667000
78,2,72,4008188000,1783475712407308000
78,3,77,3707381332,1783475712223672000
79,0,79,3746457000,1783475712255781000
79,1,75,3761505999,1783475712255787000
79,2,73,4040216999,1783475712439375000
79,3,78,3739424000,1783475712255782000
80,0,80,3778477999,1783475712288017000
80,1,76,3793538999,1783475712288092000
80,2,74,4072245999,1783475712471342000
80,3,79,3771466666,1783475712288017000
81,0,81,3810498999,1783475712319761000
81,1,77,3825572000,1783475712319750000
81,2,75,4104275000,1783475712503425000
81,3,80,3803509332,1783475712319777000
82,0,82,3842520000,1783475712351874000
82,1,78,3857604999,1783475712351873000
82,2,76,4136303999,1783475712535419000
82,3,81,3835552000,1783475712351874000
83,0,83,3874540999,1783475712384267000
83,1,79,3889637999,1783475712384275000
83,2,77,4168332999,1783475712567470000
83,3,82,3867594666,1783475712384287000
84,0,84,3906561999,1783475712416027000
84,1,80,3921671000,1783475712416028000
84,2,78,4200362000,1783475712599445000
84,3,83,3899637332,1783475712416028000
85,0,85,3938583000,1783475712448038000
85,1,81,3953703999,1783475712448047000
85,2,79,4232390999,1783475712631506000
85,3,84,3931680000,1783475712448039000
86,0,86,3970603999,1783475712479881000
86,1,82,3985736999,1783475712479883000
86,2,80,4264419999,1783475712663540000
86,3,85,3963722666,1783475712479882000
87,0,87,4002624999,1783475712512070000
87,1,83,4017770000,1783475712512061000
87,2,81,4296449000,1783475712695586000
87,3,86,3995765332,1783475712512069000
88,0,88,4034646000,1783475712544010000
88,1,84,4049802999,1783475712544007000
88,2,82,4328477999,1783475712727618000
88,3,87,4027808000,1783475712544017000
89,0,89,4066666999,1783475712576155000
89,1,85,4081835999,1783475712576159000
89,2,83,4360506999,1783475712759600000
89,3,88,4059850666,1783475712576157000
90,0,90,4098687999,1783475712607975000
90,1,86,4113869000,1783475712607962000
90,2,84,4392536000,1783475712791638000
90,3,89,4091893332,1783475712607963000
91,0,91,4130709000,1783475712640087000
91,1,87,4145901999,1783475712640084000
91,2,85,4424564999,1783475712823688000
91,3,90,4123936000,1783475712640086000
92,0,92,4162729999,1783475712672232000
92,1,88,4177934999,1783475712672231000
92,2,86,4456593999,1783475712855690000
92,3,91,4155978666,1783475712672231000
93,0,93,4194750999,1783475712704203000
93,1,89,4209968000,1783475712704439000
93,2,87,4488623000,1783475712887993000
93,3,92,4188021332,1783475712704206000
94,0,94,4226772000,1783475712736241000
94,1,90,4242000999,1783475712736222000
94,2,88,4520651999,1783475712919846000
94,3,93,4220064000,1783475712736246000
95,0,95,4258792999,1783475712768134000
95,1,91,4274033999,1783475712768131000
95,2,89,4552680999,1783475712951799000
95,3,94,4252106666,1783475712768144000
96,0,96,4290813999,1783475712800236000
96,1,92,4306067000,1783475712800387000
96,2,90,4584710000,1783475712983828000
96,3,95,4284149332,1783475712800235000
97,0,97,4322835000,1783475712832331000
97,1,93,4338099999,1783475712832436000
97,2,91,4616738999,1783475713015837000
97,3,96,4316192000,1783475712832317000
98,0,98,4354855999,1783475712864282000
98,1,94,4370132999,1783475712864285000
98,2,92,4648767999,1783475713047859000
98,3,97,4348234666,1783475712864283000
99,0,99,4386876999,1783475712896536000
99,1,95,4402166000,1783475712896530000
99,2,93,4680797000,1783475713079917000
99,3,98,4380277332,1783475712896567000
100,0,100,4418898000,1783475712928595000
100,1,96,4434198999,1783475712928592000
100,2,94,4712825999,1783475713111905000
100,3,99,4412320000,1783475712928610000
101,0,101,4450918999,1783475712960409000
101,1,97,4466231999,1783475712960408000
101,2,95,4744854999,1783475713143985000
101,3,100,4444362666,1783475712960409000
102,0,102,4482939999,1783475712992396000
102,1,98,4498265000,1783475712992424000
102,2,96,4776884000,1783475713176037000
102,3,101,4476405332,1783475712992440000
103,0,103,4514961000,1783475713024403000
103,1,99,4530297999,1783475713024405000
103,2,97,4808912999,1783475713207991000
103,3,102,4508448000,1783475713024407000
104,0,104,4546981999,1783475713056444000
104,1,100,4562330999,1783475713056445000
104,2,98,4840941999,1783475713240055000
104,3,103,4540490666,1783475713056444000
105,0,105,4579002999,1783475713088462000
105,1,101,4594364000,1783475713088482000
105,2,99,4872971000,1783475713272159000
105,3,104,4572533332,1783475713088466000
106,0,106,4611024000,1783475713120456000
106,1,102,4626396999,1783475713120419000
106,2,100,4904999999,1783475713304146000
106,3,105,4604576000,1783475713120460000
107,0,107,4643044999,1783475713152615000
107,1,103,4658429999,1783475713152619000
107,2,101,4937028999,1783475713336188000
107,3,106,4636618666,1783475713152618000
108,0,108,4675065999,1783475713184605000
108,1,104,4690463000,1783475713184607000
108,2,102,4969058000,1783475713368184000
108,3,107,4668661332,1783475713184610000
109,0,109,4707087000,1783475713216523000
109,1,105,4722495999,1783475713216529000
109,2,103,5001086999,1783475713400207000
109,3,108,4700704000,1783475713216520000
110,0,110,4739107999,1783475713248673000
110,1,106,4754528999,1783475713248673000
110,2,104,5033115999,1783475713432544000
110,3,109,4732746666,1783475713248676000
111,0,111,4771128999,1783475713280783000
111,1,107,4786562000,1783475713280785000
111,2,105,5065145000,1783475713464244000
111,3,110,4764789332,1783475713280788000
112,0,112,4803150000,1783475713312802000
112,1,108,4818594999,1783475713312805000
112,2,106,5097173999,1783475713496336000
112,3,111,4796832000,1783475713312805000
113,0,113,4835170999,1783475713344836000
113,1,109,4850627999,1783475713344839000
113,2,107,5129202999,1783475713528310000
113,3,112,4828874666,1783475713344842000
114,0,114,4867191999,1783475713376769000
114,1,110,4882661000,1783475713376767000
114,2,108,5161232000,1783475713560363000
114,3,113,4860917332,1783475713376767000
115,0,115,4899213000,1783475713408834000
115,1,111,4914693999,1783475713408860000
115,2,109,5193260999,1783475713592401000
115,3,114,4892960000,1783475713408877000
116,0,116,4931233999,1783475713441131000
116,1,112,4946726999,1783475713441128000
116,2,110,5225289999,1783475713624437000
116,3,115,4925002666,1783475713441147000
117,0,117,4963254999,1783475713472912000
117,1,113,4978760000,1783475713472876000
117,2,111,5257319000,1783475713656468000
117,3,116,4957045332,1783475713472872000
118,0,118,4995276000,1783475713505014000
118,1,114,5010792999,1783475713505014000
118,2,112,5289347999,1783475713688512000
118,3,117,4989088000,1783475713505012000
119,0,119,5027296999,1783475713536884000
119,1,115,5042825999,1783475713536896000
119,2,113,5321376999,1783475713720462000
119,3,118,5021130666,1783475713536867000
120,0,120,5059317999,1783475713568955000
120,1,116,5074859000,1783475713568957000
120,2,114,5353406000,1783475713752543000
120,3,119,5053173332,1783475713568958000
121,0,121,5091339000,1783475713601001000
121,1,117,5106891999,1783475713600998000
121,2,115,5385434999,1783475713784529000
121,3,120,5085216000,1783475713600987000
122,0,122,5123359999,1783475713633104000
122,1,118,5138924999,1783475713633102000
122,2,116,5417463999,1783475713816572000
122,3,121,5117258666,1783475713633118000
123,0,123,5155380999,1783475713665120000
123,1,119,5170958000,1783475713665122000
123,2,117,5449493000,1783475713848654000
123,3,122,5149301332,1783475713665121000
124,0,124,5187402000,1783475713697145000
124,1,120,5202990999,1783475713697121000
124,2,118,5481521999,1783475713880703000
124,3,123,5181344000,1783475713697115000
125,0,125,5219422999,1783475713728987000
125,1,121,5235023999,1783475713728981000
125,2,119,5513550999,1783475713912660000
125,3,124,5213386666,1783475713729008000
126,0,126,5251443999,1783475713761124000
126,1,122,5267057000,1783475713761115000
126,2,120,5545580000,1783475713944743000
126,3,125,5245429332,1783475713761134000
127,0,127,5283465000,1783475713793043000
127,1,123,5299089999,1783475713793036000
127,2,121,5577608999,1783475713976700000
127,3,126,5277472000,1783475713793067000
128,0,128,5315485999,1783475713825104000
128,1,124,5331122999,1783475713825153000
128,2,122,5609637999,1783475714008719000
128,3,127,5309514666,1783475713825121000
129,0,129,5347506999,1783475713857329000
129,1,125,5363156000,1783475713857331000
129,2,123,5641667000,1783475714040787000
129,3,128,5341557332,1783475713857329000
130,0,130,5379528000,1783475713889413000
130,1,126,5395188999,1783475713889411000
130,2,124,5673695999,1783475714072806000
130,3,129,5373600000,1783475713889410000
131,0,131,5411548999,1783475713921205000
131,1,127,5427221999,1783475713921167000
131,2,125,5705724999,1783475714104845000
131,3,130,5405642666,1783475713921187000
132,0,132,5443569999,1783475713953351000
132,1,128,5459255000,1783475713953692000
132,2,126,5737754000,1783475714136880000
132,3,131,5437685332,1783475713953352000
133,0,133,5475591000,1783475713985146000
133,1,129,5491287999,1783475713985156000
133,2,127,5769782999,1783475714168955000
133,3,132,5469728000,1783475713985148000
134,0,134,5507611999,1783475714017219000
134,1,130,5523320999,1783475714017386000
134,2,128,5801811999,1783475714200917000
134,3,133,5501770666,1783475714017229000
135,0,135,5539632999,1783475714049399000
135,1,131,5555354000,1783475714049397000
135,2,129,5833841000,1783475714232952000
135,3,134,5533813332,1783475714049401000
136,0,136,5571654000,1783475714081301000
136,1,132,5587386999,1783475714081302000
136,2,130,5865869999,1783475714265063000
136,3,135,5565856000,1783475714081301000
137,0,137,5603674999,1783475714113427000
137,1,133,5619419999,1783475714113445000
137,2,131,5897898999,1783475714297373000
137,3,136,5597898666,1783475714113424000
138,0,138,5635695999,1783475714145531000
138,1,134,5651453000,1783475714145534000
138,2,132,5929928000,1783475714329099000
138,3,137,5629941332,1783475714145544000
139,0,139,5667717000,1783475714177664000
139,1,135,5683485999,1783475714177649000
139,2,133,5961956999,1783475714361097000
139,3,138,5661984000,1783475714177629000
140,0,140,5699737999,1783475714209520000
140,1,136,5715518999,1783475714209521000
140,2,134,5993985999,1783475714393121000
140,3,139,5694026666,1783475714209536000
141,0,141,5731758999,1783475714241575000
141,1,137,5747552000,1783475714241588000
141,2,135,6026015000,1783475714425171000
141,3,140,5726069332,1783475714241614000
142,0,142,5763780000,1783475714275904000
142,1,138,5779584999,1783475714275965000
142,2,136,6058043999,1783475714457228000
142,3,141,5758112000,1783475714275902000
143,0,143,5795800999,1783475714304440000
143,1,139,5811617999,1783475714304489000
143,2,137,6090072999,1783475714489220000
143,3,142,5790154666,1783475714304437000
144,0,144,5827821999,1783475714337849000
144,1,140,5843651000,1783475714337848000
144,2,138,6122102000,1783475714521275000
144,3,143,5822197332,1783475714337847000
145,0,145,5859843000,1783475714369731000
145,1,141,5875683999,1783475714369731000
145,2,139,6154130999,1783475714553274000
145,3,144,5854240000,1783475714369736000
146,0,146,5891863999,1783475714401700000
146,1,142,5907716999,1783475714401700000
146,2,140,6186159999,1783475714585294000
146,3,145,5886282666,1783475714401707000
147,0,147,5923884999,1783475714433875000
147,1,143,5939750000,1783475714433874000
147,2,141,6218189000,1783475714617434000
147,3,146,5918325332,1783475714433875000
148,0,148,5955906000,1783475714465969000
148,1,144,5971782999,1783475714465976000
148,2,142,6250217999,1783475714649387000
148,3,147,5950368000,1783475714465967000
149,0,149,5987926999,1783475714497754000
149,1,145,6003815999,1783475714497756000
149,2,143,6282246999,1783475714681388000
149,3,148,5982410666,1783475714497752000
150,0,150,6019947999,1783475714529993000
150,1,146,6035849000,1783475714530261000
150,2,144,6314276000,1783475714713420000
150,3,149,6014453332,1783475714530005000
151,0,151,6051969000,1783475714562022000
151,1,147,6067881999,1783475714561860000
151,2,145,6346304999,1783475714745463000
151,3,150,6046496000,1783475714561867000
152,0,152,6083989999,1783475714593970000
152,1,148,6099914999,1783475714593969000
152,2,146,6378333999,1783475714777472000
152,3,151,6078538666,1783475714594021000
153,0,153,6116010999,1783475714626313000
153,1,149,6131948000,1783475714626312000
153,2,147,6410363000,1783475714809543000
153,3,152,6110581332,1783475714626361000
154,0,154,6148032000,1783475714658195000
154,1,150,6163980999,1783475714658198000
154,2,148,6442391999,1783475714841549000
154,3,153,6142624000,1783475714658196000
155,0,155,6180052999,1783475714690097000
155,1,151,6196013999,1783475714690021000
155,2,149,6474420999,1783475714873585000
155,3,154,6174666666,1783475714690021000
156,0,156,6212073999,1783475714722066000
156,1,152,6228047000,1783475714722035000
156,2,150,6506450000,1783475714905595000
156,3,155,6206709332,1783475714722042000
157,0,157,6244095000,1783475714754046000
157,1,153,6260079999,1783475714754051000
157,2,151,6538478999,1783475714937627000
157,3,156,6238752000,1783475714754105000
158,0,158,6276115999,1783475714786137000
158,1,154,6292112999,1783475714786135000
158,2,152,6570507999,1783475714969681000
158,3,157,6270794666,1783475714786134000
159,0,159,6308136999,1783475714818199000
159,1,155,6324146000,1783475714818202000
159,2,153,6602537000,1783475715001629000
159,3,158,6302837332,1783475714818200000
160,0,160,6340158000,1783475714850264000
160,1,156,6356178999,1783475714850266000
160,2,154,6634565999,1783475715033666000
160,3,159,6334880000,1783475714850261000
161,0,161,6372178999,1783475714882337000
161,1,157,6388211999,1783475714882338000
161,2,155,6666594999,1783475715065773000
161,3,160,6366922666,1783475714882343000
162,0,162,6404199999,1783475714914191000
162,1,158,6420245000,1783475714914191000
162,2,156,6698624000,1783475715097732000
162,3,161,6398965332,1783475714914192000
163,0,163,6436221000,1783475714946152000
163,1,159,6452277999,1783475714946155000
163,2,157,6730652999,1783475715129733000
163,3,162,6431008000,1783475714946167000
164,0,164,6468241999,1783475714978286000
164,1,160,6484310999,1783475714978657000
164,2,158,6762681999,1783475715161876000
164,3,163,6463050666,1783475714978296000
165,0,165,6500262999,1783475715010102000
165,1,161,6516344000,1783475715010109000
165,2,159,6794711000,1783475715193908000
165,3,164,6495093332,1783475715010103000
166,0,166,6532284000,1783475715042275000
166,1,162,6548376999,1783475715042275000
166,2,160,6826739999,1783475715225891000
166,3,165,6527136000,1783475715042275000
167,0,167,6564304999,1783475715074368000
167,1,163,6580409999,1783475715074379000
167,2,161,6858768999,1783475715257872000
167,3,166,6559178666,1783475715074385000
168,0,168,6596325999,1783475715106212000
168,1,164,6612443000,1783475715106223000
168,2,162,6890798000,1783475715289950000
168,3,167,6591221332,1783475715106215000
169,0,169,6628347000,1783475715138343000
169,1,165,6644475999,1783475715138323000
169,2,163,6922826999,1783475715321946000
169,3,168,6623264000,1783475715138356000
170,0,170,6660367999,1783475715170519000
170,1,166,6676508999,1783475715170486000
170,2,164,6954855999,1783475715353959000
170,3,169,6655306666,1783475715170492000
171,0,171,6692388999,1783475715202598000
171,1,167,6708542000,1783475715202600000
171,2,165,6986885000,1783475715386035000
171,3,170,6687349332,1783475715202614000
172,0,172,6724410000,1783475715234517000
172,1,168,6740574999,1783475715234507000
172,2,166,7018913999,1783475715418093000
172,3,171,6719392000,1783475715234530000
173,0,173,6756430999,1783475715266457000
173,1,169,6772607999,1783475715266447000
173,2,167,7050942999,1783475715450044000
173,3,172,6751434666,1783475715266458000
174,0,174,6788451999,1783475715298529000
174,1,170,6804641000,1783475715298529000
174,2,168,7082972000,1783475715482098000
174,3,173,6783477332,1783475715298556000
175,0,175,6820473000,1783475715330499000
175,1,171,6836673999,1783475715330488000
175,2,169,7115000999,1783475715514157000
175,3,174,6815520000,1783475715330505000
176,0,176,6852493999,1783475715362570000
176,1,172,6868706999,1783475715362561000
176,2,170,7147029999,1783475715546143000
176,3,175,6847562666,1783475715362563000
177,0,177,6884514999,1783475715394552000
177,1,173,6900740000,1783475715394551000
177,2,171,7179059000,1783475715578185000
177,3,176,6879605332,1783475715394552000
178,0,178,6916536000,1783475715426755000
178,1,174,6932772999,1783475715426740000
178,2,172,7211087999,1783475715610219000
178,3,177,6911648000,1783475715426744000
179,0,179,6948556999,1783475715458588000
179,1,175,6964805999,1783475715458584000
179,2,173,7243116999,1783475715642303000
179,3,178,6943690666,1783475715458592000
180,0,180,6980577999,1783475715490713000
180,1,176,6996839000,1783475715490710000
180,2,174,7275146000,1783475715674294000
180,3,179,6975733332,1783475715490719000
181,0,181,7012599000,1783475715522750000
181,1,177,7028871999,1783475715522745000
181,2,175,7307174999,1783475715706315000
181,3,180,7007776000,1783475715522764000
182,0,182,7044619999,1783475715554793000
182,1,178,7060904999,1783475715554790000
182,2,176,7339203999,1783475715738366000
182,3,181,7039818666,1783475715554792000
183,0,183,7076640999,1783475715586980000
183,1,179,7092938000,1783475715586835000
183,2,177,7371233000,1783475715770642000
183,3,182,7071861332,1783475715586845000
184,0,184,7108662000,1783475715618970000
184,1,180,7124970999,1783475715618847000
184,2,178,7403261999,1783475715802472000
184,3,183,7103904000,1783475715618791000
185,0,185,7140682999,1783475715651309000
185,1,181,7157003999,1783475715651051000
185,2,179,7435290999,1783475715834435000
185,3,184,7135946666,1783475715651047000
186,0,186,7172703999,1783475715683181000
186,1,182,7189037000,1783475715682984000
186,2,180,7467320000,1783475715866453000
186,3,185,7167989332,1783475715683018000
187,0,187,7204725000,1783475715714944000
187,1,183,7221069999,1783475715714946000
187,2,181,7499348999,1783475715898495000
187,3,186,7200032000,1783475715714915000
188,0,188,7236745999,1783475715746957000
188,1,184,7253102999,1783475715746966000
188,2,182,7531377999,1783475715930488000
188,3,187,7232074666,1783475715746941000
189,0,189,7268766999,1783475715779235000
189,1,185,7285136000,1783475715779248000
189,2,183,7563407000,1783475715962574000
189,3,188,7264117332,1783475715779231000
190,0,190,7300788000,1783475715811213000
190,1,186,7317168999,1783475715811220000
190,2,184,7595435999,1783475715994626000
190,3,189,7296160000,1783475715811196000
191,0,191,7332808999,1783475715843015000
191,1,187,7349201999,1783475715843014000
191,2,185,7627464999,1783475716026557000
191,3,190,7328202666,1783475715843005000
192,0,192,7364829999,1783475715875054000
192,1,188,7381235000,1783475715875053000
192,2,186,7659494000,1783475716058644000
192,3,191,7360245332,1783475715875040000
193,0,193,7396851000,1783475715907067000
193,1,189,7413267999,1783475715907089000
193,2,187,7691522999,1783475716090645000
193,3,192,7392288000,1783475715907036000
194,0,194,7428871999,1783475715939068000
194,1,190,7445300999,1783475715939067000
194,2,188,7723551999,1783475716122662000
194,3,193,7424330666,1783475715939056000
195,0,195,7460892999,1783475715971255000
195,1,191,7477334000,1783475715971258000
195,2,189,7755581000,1783475716154749000
195,3,194,7456373332,1783475715971256000
196,0,196,7492914000,1783475716003479000
196,1,192,7509366999,1783475716003476000
196,2,190,7787609999,1783475716186767000
196,3,195,7488416000,1783475716003489000
197,0,197,7524934999,1783475716035169000
197,1,193,7541399999,1783475716035172000
197,2,191,7819638999,1783475716218730000
197,3,196,7520458666,1783475716035183000
198,0,198,7556955999,1783475716067221000
198,1,194,7573433000,1783475716067221000
198,2,192,7851668000,1783475716250756000
198,3,197,7552501332,1783475716067196000
199,0,199,7588977000,1783475716099194000
199,1,195,7605465999,1783475716099204000
199,2,193,7883696999,1783475716282841000
199,3,198,7584544000,1783475716099158000
200,0,200,7620997999,1783475716131247000
200,1,196,7637498999,1783475716131512000
200,2,194,7915725999,1783475716314896000
200,3,199,7616586666,1783475716131251000
201,0,201,7653018999,1783475716163361000
201,1,197,7669532000,1783475716163587000
201,2,195,7947755000,1783475716346876000
201,3,200,7648629332,1783475716163325000
202,0,202,7685040000,1783475716195451000
202,1,198,7701564999,1783475716195429000
202,2,196,7979783999,1783475716378928000
202,3,201,7680672000,1783475716195322000
203,0,203,7717060999,1783475716227233000
203,1,199,7733597999,1783475716227229000
203,2,197,8011812999,1783475716410927000
203,3,202,7712714666,1783475716227227000
204,0,204,7749081999,1783475716259324000
204,1,200,7765631000,1783475716259326000
204,2,198,8043842000,1783475716442988000
204,3,203,7808842666,1783475716259317000
205,0,205,7781103000,1783475716291630000
205,1,201,7797663999,1783475716291629000
205,2,199,8075870999,1783475716475012000
205,3,204,7840885332,1783475716291626000
206,0,206,7813123999,1783475716323548000
206,1,202,7829696999,1783475716323552000
206,2,200,8107899999,1783475716506995000
206,3,205,7872928000,1783475716323550000
207,0,207,7845144999,1783475716355528000
207,1,203,7861730000,1783475716355538000
207,2,201,8139929000,1783475716539081000
207,3,206,7904970666,1783475716355492000
208,0,208,7877166000,1783475716387588000
208,1,204,7893762999,1783475716387587000
208,2,202,8171957999,1783475716571095000
208,3,207,7937013332,1783475716387660000
209,0,209,7909186999,1783475716419738000
209,1,205,7925795999,1783475716419710000
209,2,203,8203986999,1783475716603151000
209,3,208,7969056000,1783475716419712000
210,0,210,7941207999,1783475716451582000
210,1,206,7957829000,1783475716451581000
210,2,204,8236016000,1783475716635291000
210,3,209,8001098666,1783475716451545000
211,0,211,7973229000,1783475716483598000
211,1,207,7989861999,1783475716483594000
211,2,205,8268044999,1783475716667220000
211,3,210,8033141332,1783475716483546000
212,0,212,8005249999,1783475716515613000
212,1,208,8021894999,1783475716515608000
212,2,206,8300073999,1783475716699204000
212,3,211,8065184000,1783475716515605000
213,0,213,8037270999,1783475716547656000
213,1,209,8053928000,1783475716547653000
213,2,207,8332103000,1783475716731232000
213,3,212,8097226666,1783475716547607000
214,0,214,8069292000,1783475716579682000
214,1,210,8085960999,1783475716579627000
214,2,208,8364131999,1783475716763260000
214,3,213,8129269332,1783475716579596000
215,0,215,8101312999,1783475716611912000
215,1,211,8117993999,1783475716611926000
215,2,209,8396160999,1783475716795286000
215,3,214,8161312000,1783475716611846000
216,0,216,8133333999,1783475716644035000
216,1,212,8150027000,1783475716644031000
216,2,210,8428190000,1783475716827298000
216,3,215,8193354666,1783475716644012000
217,0,217,8165355000,1783475716675910000
217,1,213,8182059999,1783475716675910000
217,2,211,8460218999,1783475716859373000
217,3,216,8225397332,1783475716675877000
218,0,218,8197375999,1783475716707795000
218,1,214,8214092999,1783475716707797000
218,2,212,8492247999,1783475716891373000
218,3,217,8257440000,1783475716707760000
219,0,219,8229396999,1783475716739817000
219,1,215,8246126000,1783475716739809000
219,2,213,8524277000,1783475716923373000
219,3,218,8289482666,1783475716739811000
220,0,220,8261418000,1783475716771871000
220,1,216,8278158999,1783475716771867000
220,2,214,8556305999,1783475716955435000
220,3,219,8321525332,1783475716771843000
221,0,221,8293438999,1783475716803867000
221,1,217,8310191999,1783475716803856000
221,2,215,8588334999,1783475716987489000
221,3,220,8353568000,1783475716803846000
222,0,222,8325459999,1783475716835875000
222,1,218,8342225000,1783475716835873000
222,2,216,8620364000,1783475717019444000
222,3,221,8385610666,1783475716835865000
223,0,223,8357481000,1783475716868267000
223,1,219,8374257999,1783475716868260000
223,2,217,8652392999,1783475717051509000
223,3,222,8417653332,1783475716868255000
224,0,224,8389501999,1783475716900070000
224,1,220,8406290999,1783475716900067000
224,2,218,8684421999,1783475717083554000
224,3,223,8449696000,1783475716900049000
225,0,225,8421522999,1783475716931995000
225,1,221,8438324000,1783475716931998000
225,2,219,8716451000,1783475717115574000
225,3,224,8481738666,1783475716931964000
226,0,226,8453544000,1783475716964028000
226,1,222,8470356999,1783475716964032000
226,2,220,8748479999,1783475717147589000
226,3,225,8513781332,1783475716964048000
227,0,227,8485564999,1783475716996092000
227,1,223,8502389999,1783475716996092000
227,2,221,8780508999,1783475717179653000
227,3,226,8545824000,1783475716996085000
228,0,228,8517585999,1783475717027992000
228,1,224,8534423000,1783475717027992000
228,2,222,8812538000,1783475717211688000
228,3,227,8577866666,1783475717028014000
229,0,229,8549607000,1783475717060139000
229,1,225,8566455999,1783475717060135000
229,2,223,8844566999,1783475717243695000
229,3,228,8609909332,1783475717060117000
230,0,230,8581627999,1783475717092181000
230,1,226,8598488999,1783475717092183000
230,2,224,8876595999,1783475717275725000
230,3,229,8641952000,1783475717092172000
231,0,231,8613648999,1783475717124178000
231,1,227,8630522000,1783475717124181000
231,2,225,8908625000,1783475717307719000
231,3,230,8673994666,1783475717124166000
232,0,232,8645670000,1783475717156235000
232,1,228,8662554999,1783475717156237000
232,2,226,8940653999,1783475717339733000
232,3,231,8706037332,1783475717156235000
233,0,233,8677690999,1783475717188278000
233,1,229,8694587999,1783475717188263000
233,2,227,8972682999,1783475717371806000
233,3,232,8738080000,1783475717188228000
234,0,234,8709711999,1783475717220296000
234,1,230,8726621000,1783475717220378000
234,2,228,9004712000,1783475717403897000
234,3,233,8770122666,1783475717220339000
235,0,235,8741733000,1783475717252276000
235,1,231,8758653999,1783475717252280000
235,2,229,9036740999,1783475717435904000
235,3,234,8802165332,1783475717252292000
236,0,236,8773753999,1783475717284340000
236,1,232,8790686999,1783475717284321000
236,2,230,9068769999,1783475717467909000
236,3,235,8834208000,1783475717284288000
237,0,237,8869816999,1783475717316311000
237,1,233,8822720000,1783475717316581000
237,2,231,9100799000,1783475717499945000
237,3,236,8866250666,1783475717316294000
238,0,238,8901837999,1783475717348263000
238,1,234,8854752999,1783475717348275000
238,2,232,9132827999,1783475717532719000
238,3,237,8898293332,1783475717348254000
239,0,239,8933859000,1783475717380388000
239,1,235,8886785999,1783475717380380000
239,2,233,9164856999,1783475717564052000
239,3,238,8930336000,1783475717380369000
240,0,240,8965879999,1783475717412539000
240,1,236,8918819000,1783475717412537000
240,2,234,9196886000,1783475717596041000
240,3,239,8962378666,1783475717412527000
241,0,241,8997900999,1783475717444585000
241,1,237,8950851999,1783475717444584000
241,2,235,9228914999,1783475717628065000
241,3,240,8994421332,1783475717444615000
242,0,242,9029922000,1783475717476477000
242,1,238,8982884999,1783475717476485000
242,2,236,9260943999,1783475717660121000
242,3,241,9026464000,1783475717476481000
243,0,243,9061942999,1783475717508497000
243,1,239,9014918000,1783475717508490000
243,2,237,9292973000,1783475717692137000
243,3,242,9058506666,1783475717508493000
244,0,244,9093963999,1783475717541400000
244,1,240,9046950999,1783475717541411000
244,2,238,9325001999,1783475717724198000
244,3,243,9090549332,1783475717541430000
245,0,245,9125985000,1783475717572766000
245,1,241,9078983999,1783475717572761000
245,2,239,9357030999,1783475717756171000
245,3,244,9122592000,1783475717572781000
246,0,246,9158005999,1783475717604650000
246,1,242,9111017000,1783475717604639000
246,2,240,9389060000,1783475717788167000
246,3,245,9154634666,1783475717604657000
247,0,247,9190026999,1783475717636703000
247,1,243,9143049999,1783475717636701000
247,2,241,9485147000,1783475717884317000
247,3,246,9186677332,1783475717636743000
248,0,248,9222048000,1783475717668821000
248,1,244,9175082999,1783475717668819000
248,2,242,9517175999,1783475717916283000
248,3,247,9218720000,1783475717668828000
249,0,249,9254068999,1783475717700791000
249,1,245,9207116000,1783475717700791000
249,2,243,9549204999,1783475717948345000
249,3,248,9250762666,1783475717700802000
250,0,250,9286089999,1783475717732763000
250,1,246,9239148999,1783475717732771000
250,2,244,9581234000,1783475717980393000
250,3,249,9282805332,1783475717732810000
251,0,251,9318111000,1783475717764758000
251,1,247,9271181999,1783475717764751000
251,2,245,9613262999,1783475718012424000
251,3,250,9314848000,1783475717764760000
252,0,252,9350131999,1783475717796716000
252,1,248,9303215000,1783475717796734000
252,2,246,9645291999,1783475718044435000
252,3,251,9346890666,1783475717796733000
253,0,253,9382152999,1783475717893156000
253,1,249,9335247999,1783475717893163000
253,2,247,9677321000,1783475718076487000
253,3,252,9378933332,1783475717893158000
254,0,254,9414174000,1783475717924911000
254,1,250,9367280999,1783475717924914000
254,2,248,9709349999,1783475718108549000
254,3,253,9410976000,1783475717925018000
255,0,255,9446194999,1783475717956968000
255,1,251,9463379999,1783475717956972000
255,2,249,9741378999,1783475718140507000
255,3,254,9443018666,1783475717957265000
256,0,256,9478215999,1783475717989583000
256,1,252,9495413000,1783475717989598000
256,2,250,9773408000,1783475718172586000
256,3,255,9475061332,1783475717989580000
257,0,257,9510237000,1783475718020893000
257,1,253,9527445999,1783475718020895000
257,2,251,9805436999,1783475718204608000
257,3,256,9507104000,1783475718020895000
258,0,258,9542257999,1783475718053054000
258,1,254,9559478999,1783475718053052000
258,2,252,9837465999,1783475718236565000
258,3,257,9539146666,1783475718053053000
259,0,259,9574278999,1783475718085037000
259,1,255,9591512000,1783475718085041000
259,2,253,9869495000,1783475718268590000
259,3,258,9571189332,1783475718085037000
260,0,260,9606300000,1783475718117085000
260,1,256,9623544999,1783475718117098000
260,2,254,9901523999,1783475718300671000
260,3,259,9603232000,1783475718117089000
261,0,261,9638320999,1783475718149109000
261,1,257,9655577999,1783475718149114000
261,2,255,9933552999,1783475718332637000
261,3,260,9635274666,1783475718149110000
262,0,262,9670341999,1783475718181172000
262,1,258,9687611000,1783475718181161000
262,2,256,9965582000,1783475718364717000
262,3,261,9667317332,1783475718181167000
263,0,263,9702363000,1783475718213238000
263,1,259,9719643999,1783475718213240000
263,2,257,9997610999,1783475718396747000
263,3,262,9699360000,1783475718213245000
264,0,264,9734383999,1783475718245025000
264,1,260,9751676999,1783475718245031000
264,2,258,10029639999,1783475718428797000
264,3,263,9731402666,1783475718245038000
265,0,265,9766404999,1783475718277190000
265,1,261,9783710000,1783475718277191000
265,2,259,10061669000,1783475718460812000
265,3,264,9763445332,1783475718277201000
266,0,266,9798426000,1783475718309244000
266,1,262,9815742999,1783475718309236000
266,2,260,10093697999,1783475718492781000
266,3,265,9795488000,1783475718309246000
267,0,267,9830446999,1783475718341136000
267,1,263,9847775999,1783475718341135000
267,2,261,10125726999,1783475718524867000
267,3,266,9827530666,1783475718341137000
268,0,268,9862467999,1783475718373232000
268,1,264,9879809000,1783475718373234000
268,2,262,10157756000,1783475718556961000
268,3,267,9859573332,1783475718373237000
269,0,269,9894489000,1783475718405282000
269,1,265,9911841999,1783475718405279000
269,2,263,10189784999,1783475718588930000
269,3,268,9891616000,1783475718405287000
270,0,270,9926509999,1783475718437480000
270,1,266,9943874999,1783475718437485000
270,2,264,10221813999,1783475718620959000
270,3,269,9923658666,1783475718437482000
271,0,271,9958530999,1783475718469391000
271,1,267,9975908000,1783475718469376000
271,2,265,10253843000,1783475718653026000
271,3,270,9955701332,1783475718469392000
272,0,272,9990552000,1783475718501329000
272,1,268,10007940999,1783475718501333000
272,2,266,10285871999,1783475718685060000
272,3,271,9987744000,1783475718501328000
273,0,273,10022572999,1783475718533506000
273,1,269,10039973999,1783475718533518000
273,2,267,10317900999,1783475718717104000
273,3,272,10019786666,1783475718533505000
274,0,274,10054593999,1783475718565594000
274,1,270,10072007000,1783475718565596000
274,2,268,10349930000,1783475718749081000
274,3,273,10051829332,1783475718565598000
275,0,275,10086615000,1783475718597537000
275,1,271,10104039999,1783475718597514000
275,2,269,10381958999,1783475718781055000
275,3,274,10083872000,1783475718597515000
276,0,276,10118635999,1783475718629533000
276,1,272,10136072999,1783475718629536000
276,2,270,10413987999,1783475718813063000
276,3,275,10115914666,1783475718629536000
277,0,277,10150656999,1783475718661697000
277,1,273,10168106000,1783475718661686000
277,2,271,10446017000,1783475718845133000
277,3,276,10147957332,1783475718661698000
278,0,278,10182678000,1783475718693781000
278,1,274,10200138999,1783475718693783000
278,2,272,10478045999,1783475718877275000
278,3,277,10180000000,1783475718693786000
279,0,279,10214698999,1783475718725855000
279,1,275,10232171999,1783475718725852000
279,2,273,10510074999,1783475718909236000
279,3,278,10212042666,1783475718725852000
280,0,280,10246719999,1783475718757678000
280,1,276,10264205000,1783475718757689000
280,2,274,10542104000,1783475718941195000
280,3,279,10244085332,1783475718757698000
281,0,281,10278741000,1783475718789531000
281,1,277,10296237999,1783475718789554000
281,2,275,10574132999,1783475718973306000
281,3,280,10276128000,1783475718789559000
282,0,282,10310761999,1783475718821586000
282,1,278,10328270999,1783475718821574000
282,2,276,10606161999,1783475719005274000
282,3,281,10308170666,1783475718821586000
283,0,283,10342782999,1783475718853771000
283,1,279,10360304000,1783475718853794000
283,2,277,10638191000,1783475719037356000
283,3,282,10340213332,1783475718853776000
284,0,284,10374804000,1783475718885836000
284,1,280,10392336999,1783475718885836000
284,2,278,10670219999,1783475719069370000
284,3,283,10372256000,1783475718885844000
285,0,285,10406824999,1783475718917841000
285,1,281,10424369999,1783475718917798000
285,2,279,10702248999,1783475719101373000
285,3,284,10404298666,1783475718917816000
286,0,286,10438845999,1783475718949804000
286,1,282,10456403000,1783475718949790000
286,2,280,10734278000,1783475719133378000
286,3,285,10436341332,1783475718949795000
287,0,287,10470867000,1783475718981918000
287,1,283,10488435999,1783475718981913000
287,2,281,10766306999,1783475719165403000
287,3,286,10468384000,1783475718981926000
288,0,288,10502887999,1783475719013880000
288,1,284,10520468999,1783475719013872000
288,2,282,10798335999,1783475719197511000
288,3,287,10500426666,1783475719013880000
289,0,289,10534908999,1783475719045857000
289,1,285,10552502000,1783475719045854000
289,2,283,10830365000,1783475719229530000
289,3,288,10532469332,1783475719045865000
290,0,290,10566930000,1783475719077987000
290,1,286,10584534999,1783475719077967000
290,2,284,10862393999,1783475719261499000
290,3,289,10564512000,1783475719077989000
291,0,291,10598950999,1783475719110038000
291,1,287,10616567999,1783475719110031000
291,2,285,10894422999,1783475719293587000
291,3,290,10596554666,1783475719110042000
292,0,292,10630971999,1783475719141881000
292,1,288,10648601000,1783475719141890000
292,2,286,10926452000,1783475719325604000
292,3,291,10628597332,1783475719141886000
293,0,293,10662993000,1783475719173944000
293,1,289,10680633999,1783475719173947000
293,2,287,10958480999,1783475719357590000
293,3,292,10660640000,1783475719173955000
294,0,294,10695013999,1783475719206077000
294,1,290,10712666999,1783475719206070000
294,2,288,10990509999,1783475719389634000
294,3,293,10692682666,1783475719206077000
295,0,295,10727034999,1783475719238108000
295,1,291,10744700000,1783475719238098000
295,2,289,11022539000,1783475719421796000
295,3,294,10724725332,1783475719238106000
296,0,296,10759056000,1783475719270002000
296,1,292,10776732999,1783475719269983000
296,2,290,11054567999,1783475719453743000
296,3,295,10756768000,1783475719269990000
297,0,297,10791076999,1783475719302241000
297,1,293,10808765999,1783475719302218000
297,2,291,11086596999,1783475719485740000
297,3,296,10788810666,1783475719302217000
298,0,298,10823097999,1783475719334204000
298,1,294,10840799000,1783475719334198000
298,2,292,11118626000,1783475719517828000
298,3,297,10820853332,1783475719334202000
299,0,299,10855119000,1783475719366085000
299,1,295,10872831999,1783475719366089000
299,2,293,11150654999,1783475719549802000
299,3,298,10852896000,1783475719366101000
300,0,300,10887139999,1783475719398277000
300,1,296,10904864999,1783475719398272000
300,2,294,11182683999,1783475719581868000
300,3,299,10884938666,1783475719398275000
301,0,301,10919160999,1783475719430616000
301,1,297,10936898000,1783475719430616000
301,2,295,11214713000,1783475719613834000
301,3,300,10916981332,1783475719430617000
302,0,302,10951182000,1783475719462384000
302,1,298,10968930999,1783475719462382000
302,2,296,11246741999,1783475719645949000
302,3,301,10949024000,1783475719462390000
303,0,303,10983202999,1783475719494279000
303,1,299,11000963999,1783475719494283000
303,2,297,11278770999,1783475719677940000
303,3,302,10981066666,1783475719494301000
304,0,304,11015223999,1783475719526540000
304,1,300,11032997000,1783475719526530000
304,2,298,11310800000,1783475719709924000
304,3,303,11013109332,1783475719526532000
305,0,305,11047245000,1783475719558550000
305,1,301,11065029999,1783475719558539000
305,2,299,11342828999,1783475719741987000
305,3,304,11045152000,1783475719558570000
306,0,306,11079265999,1783475719590470000
306,1,302,11097062999,1783475719590469000
306,2,300,11374857999,1783475719774005000
306,3,305,11077194666,1783475719590469000
307,0,307,11111286999,1783475719622439000
307,1,303,11129096000,1783475719622430000
307,2,301,11406887000,1783475719806038000
307,3,306,11109237332,1783475719622608000
308,0,308,11143308000,1783475719654849000
308,1,304,11161128999,1783475719654817000
308,2,302,11438915999,1783475719838021000
308,3,307,11141280000,1783475719654823000
309,0,309,11175328999,1783475719686722000
309,1,305,11193161999,1783475719686726000
309,2,303,11470944999,1783475719870042000
309,3,308,11173322666,1783475719686722000
310,0,310,11207349999,1783475719718471000
310,1,306,11225195000,1783475719718490000
310,2,304,11502974000,1783475719902127000
310,3,309,11205365332,1783475719718466000
311,0,311,11239371000,1783475719750680000
311,1,307,11257227999,1783475719750648000
311,2,305,11535002999,1783475719934097000
311,3,310,11237408000,1783475719750652000
312,0,312,11271391999,1783475719782636000
312,1,308,11289260999,1783475719782622000
312,2,306,11567031999,1783475719966148000
312,3,311,11269450666,1783475719782643000
313,0,313,11303412999,1783475719814557000
313,1,309,11321294000,1783475719814558000
313,2,307,11599061000,1783475719998238000
313,3,312,11301493332,1783475719814725000
314,0,314,11335434000,1783475719846533000
314,1,310,11353326999,1783475719846542000
314,2,308,11631089999,1783475720030246000
314,3,313,11333536000,1783475719846679000
315,0,315,11367454999,1783475719878693000
315,1,311,11385359999,1783475719878644000
315,2,309,11663118999,1783475720062226000
315,3,314,11365578666,1783475719878665000
316,0,316,11399475999,1783475719910671000
316,1,312,11417393000,1783475719910698000
316,2,310,11695148000,1783475720094293000
316,3,315,11397621332,1783475719910844000
317,0,317,11431497000,1783475719942587000
317,1,313,11449425999,1783475719942587000
317,2,311,11727176999,1783475720126345000
317,3,316,11429664000,1783475719942686000
318,0,318,11463517999,1783475719974775000
318,1,314,11481458999,1783475719975084000
318,2,312,11759205999,1783475720158327000
318,3,317,11461706666,1783475719974962000
319,0,319,11495538999,1783475720006934000
319,1,315,11513492000,1783475720006916000
319,2,313,11791235000,1783475720190376000
319,3,318,11493749332,1783475720007113000
320,0,320,11527560000,1783475720038801000
320,1,316,11545524999,1783475720038782000
320,2,314,11823263999,1783475720222424000
320,3,319,11525792000,1783475720038805000
321,0,321,11559580999,1783475720070786000
321,1,317,11577557999,1783475720070783000
321,2,315,11855292999,1783475720254437000
321,3,320,11557834666,1783475720070791000
322,0,322,11591601999,1783475720102921000
322,1,318,11609591000,1783475720102922000
322,2,316,11887322000,1783475720286471000
322,3,321,11589877332,1783475720102940000
323,0,323,11623623000,1783475720134989000
323,1,319,11641623999,1783475720134991000
323,2,317,11919350999,1783475720318511000
323,3,322,11621920000,1783475720134990000
324,0,324,11655643999,1783475720166853000
324,1,320,11673656999,1783475720166854000
324,2,318,11951379999,1783475720350523000
324,3,323,11653962666,1783475720166861000
325,0,325,11687664999,1783475720198965000
325,1,321,11705690000,1783475720198961000
325,2,319,11983409000,1783475720382526000
325,3,324,11686005332,1783475720198973000
326,0,326,11719686000,1783475720231002000
326,1,322,11737722999,1783475720231000000
326,2,320,12015437999,1783475720414611000
326,3,325,11718048000,1783475720231007000
327,0,327,11751706999,1783475720263109000
327,1,323,11769755999,1783475720263082000
327,2,321,12047466999,1783475720446603000
327,3,326,11750090666,1783475720263128000
328,0,328,11783727999,1783475720295115000
328,1,324,11801789000,1783475720295091000
328,2,322,12079496000,1783475720478653000
328,3,327,11782133332,1783475720295100000
329,0,329,11815749000,1783475720327058000
329,1,325,11833821999,1783475720327056000
329,2,323,12111524999,1783475720510667000
329,3,328,11814176000,1783475720327070000
330,0,330,11847769999,1783475720359221000
330,1,326,11865854999,1783475720359221000
330,2,324,12143553999,1783475720542658000
330,3,329,11846218666,1783475720359229000
331,0,331,11879790999,1783475720391047000
331,1,327,11897888000,1783475720391036000
331,2,325,12175583000,1783475720574734000
331,3,330,11878261332,1783475720391049000
332,0,332,11911812000,1783475720423334000
332,1,328,11929920999,1783475720423336000
332,2,326,12207611999,1783475720606820000
332,3,331,11910304000,1783475720423336000
333,0,333,11943832999,1783475720455201000
333,1,329,11961953999,1783475720455202000
333,2,327,12239640999,1783475720638802000
333,3,332,11942346666,1783475720455208000
334,0,334,11975853999,1783475720487283000
334,1,330,11993987000,1783475720487279000
334,2,328,12271670000,1783475720670863000
334,3,333,11974389332,1783475720487336000
335,0,335,12007875000,1783475720519237000
335,1,331,12026019999,1783475720519235000
335,2,329,12303698999,1783475720702812000
335,3,334,12006432000,1783475720519240000
336,0,336,12039895999,1783475720551293000
336,1,332,12058052999,1783475720551291000
336,2,330,12335727999,1783475720734840000
336,3,335,12038474666,1783475720551342000
337,0,337,12071916999,1783475720583365000
337,1,333,12090086000,1783475720583363000
337,2,331,12367757000,1783475720766921000
337,3,336,12070517332,1783475720583370000
338,0,338,12103938000,1783475720615554000
338,1,334,12122118999,1783475720615546000
338,2,332,12399785999,1783475720798909000
338,3,337,12102560000,1783475720615567000
339,0,339,12135958999,1783475720647508000
339,1,335,12154151999,1783475720647556000
339,2,333,12431814999,1783475720830930000
339,3,338,12134602666,1783475720647509000
340,0,340,12167979999,1783475720679545000
340,1,336,12186185000,1783475720679551000
340,2,334,12463844000,1783475720863000000
340,3,339,12166645332,1783475720679572000
341,0,341,12200001000,1783475720711311000
341,1,337,12218217999,1783475720711310000
341,2,335,12495872999,1783475720895012000
341,3,340,12198688000,1783475720711312000
342,0,342,12232021999,1783475720743362000
342,1,338,12250250999,1783475720743351000
342,2,336,12527901999,1783475720927067000
342,3,341,12230730666,1783475720743411000
343,0,343,12264042999,1783475720775547000
343,1,339,12282284000,1783475720775514000
343,2,337,12559931000,1783475720959062000
343,3,342,12262773332,1783475720775527000
344,0,344,12296064000,1783475720807542000
344,1,340,12314316999,1783475720807540000
344,2,338,12591959999,1783475720991066000
344,3,343,12294816000,1783475720807553000
345,0,345,12328084999,1783475720839513000
345,1,341,12346349999,1783475720839510000
345,2,339,12623988999,1783475721023182000
345,3,344,12326858666,1783475720839507000
346,0,346,12360105999,1783475720871565000
346,1,342,12378383000,1783475720871544000
346,2,340,12656018000,1783475721055117000
346,3,345,12358901332,1783475720871563000
347,0,347,12392127000,1783475720903645000
347,1,343,12410415999,1783475720903618000
347,2,341,12688046999,1783475721087175000
347,3,346,12390944000,1783475720903641000
348,0,348,12424147999,1783475720935788000
348,1,344,12442448999,1783475720935760000
348,2,342,12720075999,1783475721119220000
348,3,347,12422986666,1783475720935771000
349,0,349,12456168999,1783475720967591000
349,1,345,12474482000,1783475720967559000
349,2,343,12752105000,1783475721151219000
349,3,348,12455029332,1783475720967589000
350,0,350,12488190000,1783475720999681000
350,1,346,12506514999,1783475720999654000
350,2,344,12784133999,1783475721183209000
350,3,349,12487072000,1783475720999683000
351,0,351,12520210999,1783475721031786000
351,1,347,12538547999,1783475721031762000
351,2,345,12816162999,1783475721215284000
351,3,350,12519114666,1783475721031787000
352,0,352,12552231999,1783475721063690000
352,1,348,12570581000,1783475721063684000
352,2,346,12848192000,1783475721247298000
352,3,351,12551157332,1783475721063699000
353,0,353,12584253000,1783475721095754000
353,1,349,12602613999,1783475721095700000
353,2,347,12880220999,1783475721279310000
353,3,352,12583200000,1783475721095774000
354,0,354,12616273999,1783475721127840000
354,1,350,12634646999,1783475721127821000
354,2,348,12912249999,1783475721311407000
354,3,353,12615242666,1783475721127840000
355,0,355,12648294999,1783475721159855000
355,1,351,12666680000,1783475721159856000
355,2,349,12944279000,1783475721343393000
355,3,354,12647285332,1783475721159860000
356,0,356,12680316000,1783475721191739000
356,1,352,12698712999,1783475721191752000
356,2,350,12976307999,1783475721375486000
356,3,355,12679328000,1783475721191735000
357,0,357,12712336999,1783475721224220000
357,1,353,12730745999,1783475721223860000
357,2,351,13008336999,1783475721407452000
357,3,356,12711370666,1783475721223900000
358,0,358,12744357999,1783475721255811000
358,1,354,12762779000,1783475721255794000
358,2,352,13040366000,1783475721439498000
358,3,357,12743413332,1783475721255829000
359,0,359,12776379000,1783475721287878000
359,1,355,12794811999,1783475721287853000
359,2,353,13072394999,1783475721471522000
359,3,358,12775456000,1783475721287865000
360,0,360,12808399999,1783475721319966000
360,1,356,12826844999,1783475721319939000
360,2,354,13104423999,1783475721503578000
360,3,359,12807498666,1783475721319963000
361,0,361,12840420999,1783475721352014000
361,1,357,12858878000,1783475721352009000
361,2,355,13136453000,1783475721535574000
361,3,360,12839541332,1783475721352014000
362,0,362,12872442000,1783475721384089000
362,1,358,12890910999,1783475721384013000
362,2,356,13168481999,1783475721567699000
362,3,361,12871584000,1783475721384116000
363,0,363,12904462999,1783475721416081000
363,1,359,12922943999,1783475721416070000
363,2,357,13200510999,1783475721599715000
363,3,362,12903626666,1783475721416054000
364,0,364,12936483999,1783475721448112000
364,1,360,12954977000,1783475721448123000
364,2,358,13232540000,1783475721631698000
364,3,363,12935669332,1783475721448123000
365,0,365,12968505000,1783475721480137000
365,1,361,12987009999,1783475721480142000
365,2,359,13264568999,1783475721663719000
365,3,364,12967712000,1783475721480151000
366,0,366,13000525999,1783475721512148000
366,1,362,13019042999,1783475721512130000
366,2,360,13296597999,1783475721695736000
366,3,365,12999754666,1783475721512159000
367,0,367,13032546999,1783475721544165000
367,1,363,13051076000,1783475721544199000
367,2,361,13328627000,1783475721727740000
367,3,366,13031797332,1783475721544182000
368,0,368,13064568000,1783475721576562000
368,1,364,13083108999,1783475721576558000
368,2,362,13360655999,1783475721759818000
368,3,367,13063840000,1783475721576560000
369,0,369,13096588999,1783475721608369000
369,1,365,13115141999,1783475721608382000
369,2,363,13392684999,1783475721791828000
369,3,368,13095882666,1783475721608383000
370,0,370,13128609999,1783475721640305000
370,1,366,13147175000,1783475721640339000
370,2,364,13424714000,1783475721823854000
370,3,369,13127925332,1783475721640325000
371,0,371,13160631000,1783475721672455000
371,1,367,13179207999,1783475721672450000
371,2,365,13456742999,1783475721855911000
371,3,370,13159968000,1783475721672451000
372,0,372,13192651999,1783475721704341000
372,1,368,13211240999,1783475721704341000
372,2,366,13488771999,1783475721887895000
372,3,371,13192010666,1783475721704373000
373,0,373,13224672999,1783475721736348000
373,1,369,13243274000,1783475721736353000
373,2,367,13520801000,1783475721920040000
373,3,372,13224053332,1783475721736374000
374,0,374,13256694000,1783475721768483000
374,1,370,13275306999,1783475721768488000
374,2,368,13552829999,1783475721951999000
374,3,373,13256096000,1783475721768492000
375,0,375,13288714999,1783475721800454000
375,1,371,13307339999,1783475721800465000
375,2,369,13584858999,1783475721983967000
375,3,374,13288138666,1783475721800475000
376,0,376,13320735999,1783475721832433000
376,1,372,13339373000,1783475721832433000
376,2,370,13616888000,1783475722015991000
376,3,375,13320181332,1783475721832437000
377,0,377,13352757000,1783475721864536000
377,1,373,13371405999,1783475721864543000
377,2,371,13648916999,1783475722048016000
377,3,376,13352224000,1783475721864550000
378,0,378,13384777999,1783475721897628000
378,1,374,13403438999,1783475721896569000
378,2,372,13680945999,1783475722080084000
378,3,377,13384266666,1783475721896773000
379,0,379,13416798999,1783475721928787000
379,1,375,13435472000,1783475721928787000
379,2,373,13712975000,1783475722112174000
379,3,378,13416309332,1783475721928796000
380,0,380,13448820000,1783475721960627000
380,1,376,13467504999,1783475721960626000
380,2,374,13745003999,1783475722144230000
380,3,379,13448352000,1783475721960642000
381,0,381,13480840999,1783475721992519000
381,1,377,13499537999,1783475721992519000
381,2,375,13777032999,1783475722176189000
381,3,380,13480394666,1783475721992538000
382,0,382,13512861999,1783475722024544000
382,1,378,13531571000,1783475722024544000
382,2,376,13809062000,1783475722208276000
382,3,381,13512437332,1783475722024554000
383,0,383,13544883000,1783475722056633000
383,1,379,13563603999,1783475722056630000
383,2,377,13841090999,1783475722240209000
383,3,382,13544480000,1783475722056633000
384,0,384,13576903999,1783475722088746000
384,1,380,13595636999,1783475722088746000
384,2,378,13873119999,1783475722272257000
384,3,383,13576522666,1783475722088742000
385,0,385,13608924999,1783475722120830000
385,1,381,13627670000,1783475722120832000
385,2,379,13905149000,1783475722304288000
385,3,384,13608565332,1783475722120832000
386,0,386,13640946000,1783475722152947000
386,1,382,13659702999,1783475722152949000
386,2,380,13937177999,1783475722336329000
386,3,385,13640608000,1783475722152950000
387,0,387,13672966999,1783475722184824000
387,1,383,13691735999,1783475722184836000
387,2,381,13969206999,1783475722368311000
387,3,386,13672650666,1783475722184833000
388,0,388,13704987999,1783475722216901000
388,1,384,13723769000,1783475722216901000
388,2,382,14001236000,1783475722400352000
388,3,387,13704693332,1783475722216914000
389,0,389,13737009000,1783475722248835000
389,1,385,13755801999,1783475722248833000
389,2,383,14033264999,1783475722432395000
389,3,388,13736736000,1783475722248812000
390,0,390,13769029999,1783475722280864000
390,1,386,13787834999,1783475722280862000
390,2,384,14065293999,1783475722464421000
390,3,389,13768778666,1783475722280863000
391,0,391,13801050999,1783475722312939000
391,1,387,13819868000,1783475722312945000
391,2,385,14097323000,1783475722496437000
391,3,390,13800821332,1783475722312930000
392,0,392,13833072000,1783475722344955000
392,1,388,13851900999,1783475722344955000
392,2,386,14129351999,1783475722528525000
392,3,391,13832864000,1783475722344973000
393,0,393,13865092999,1783475722376894000
393,1,389,13883933999,1783475722376883000
393,2,387,14161380999,1783475722560546000
393,3,392,13864906666,1783475722376906000
394,0,394,13897113999,1783475722408991000
394,1,390,13915967000,1783475722408960000
394,2,388,14193410000,1783475722592526000
394,3,393,13896949332,1783475722408973000
395,0,395,13929135000,1783475722440959000
395,1,391,13947999999,1783475722440957000
395,2,389,14225438999,1783475722624608000
395,3,394,13928992000,1783475722440949000
396,0,396,13961155999,1783475722473038000
396,1,392,13980032999,1783475722473038000
396,2,390,14257467999,1783475722656639000
396,3,395,13961034666,1783475722473006000
397,0,397,13993176999,1783475722504981000
397,1,393,14012066000,1783475722504966000
397,2,391,14289497000,1783475722688657000
397,3,396,13993077332,1783475722504979000
398,0,398,14025198000,1783475722537146000
398,1,394,14044098999,1783475722537150000
398,2,392,14321525999,1783475722720718000
398,3,397,14025120000,1783475722537116000
399,0,399,14057218999,1783475722569191000
399,1,395,14076131999,1783475722569180000
399,2,393,14353554999,1783475722752677000
399,3,398,14057162666,1783475722569181000
400,0,400,14089239999,1783475722601068000
400,1,396,14108165000,1783475722601047000
400,2,394,14385584000,1783475722784728000
400,3,399,14089205332,1783475722601069000
401,0,401,14121261000,1783475722633299000
401,1,397,14140197999,1783475722633312000
401,2,395,14417612999,1783475722816819000
401,3,400,14121248000,1783475722633314000
402,0,402,14153281999,1783475722665301000
402,1,398,14172230999,1783475722665261000
402,2,396,14449641999,1783475722848789000
402,3,401,14153290666,1783475722665302000
403,0,403,14185302999,1783475722697287000
403,1,399,14204264000,1783475722697278000
403,2,397,14481671000,1783475722880779000
403,3,402,14185333332,1783475722697276000
404,0,404,14217324000,1783475722729335000
404,1,400,14236296999,1783475722729344000
404,2,398,14513699999,1783475722912837000
404,3,403,14217376000,1783475722729339000
405,0,405,14249344999,1783475722761306000
405,1,401,14268329999,1783475722761281000
405,2,399,14545728999,1783475722944847000
405,3,404,14249418666,1783475722761258000
406,0,406,14281365999,1783475722793459000
406,1,402,14300363000,1783475722793457000
406,2,400,14577758000,1783475722976923000
406,3,405,14281461332,1783475722793457000
407,0,407,14313387000,1783475722825471000
407,1,403,14332395999,1783475722825457000
407,2,401,14609786999,1783475723008982000
407,3,406,14313504000,1783475722825474000
408,0,408,14345407999,1783475722857433000
408,1,404,14364428999,1783475722857442000
408,2,402,14641815999,1783475723040985000
408,3,407,14345546666,1783475722857461000
409,0,409,14377428999,1783475722889320000
409,1,405,14396462000,1783475722889290000
409,2,403,14673845000,1783475723072984000
409,3,408,14377589332,1783475722889315000
410,0,410,14409450000,1783475722921443000
410,1,406,14428494999,1783475722921460000
410,2,404,14705873999,1783475723104997000
410,3,409,14409632000,1783475722921460000
411,0,411,14441470999,1783475722953394000
411,1,407,14460527999,1783475722953408000
411,2,405,14737902999,1783475723137044000
411,3,410,14441674666,1783475722953407000
412,0,412,14473491999,1783475722985757000
412,1,408,14492561000,1783475722985755000
412,2,406,14769932000,1783475723169068000
412,3,411,14473717332,1783475722985755000
413,0,413,14505513000,1783475723017563000
413,1,409,14524593999,1783475723017545000
413,2,407,14801960999,1783475723201103000
413,3,412,14505760000,1783475723017609000
414,0,414,14537533999,1783475723049668000
414,1,410,14556626999,1783475723049637000
414,2,408,14833989999,1783475723233116000
414,3,413,14537802666,1783475723049671000
415,0,415,14569554999,1783475723081730000
415,1,411,14588660000,1783475723081653000
415,2,409,14866019000,1783475723265176000
415,3,414,14569845332,1783475723081691000
416,0,416,14601576000,1783475723113705000
416,1,412,14620692999,1783475723113692000
416,2,410,14898047999,1783475723297186000
416,3,415,14601888000,1783475723113704000
417,0,417,14633596999,1783475723145705000
417,1,413,14652725999,1783475723145687000
417,2,411,14930076999,1783475723329201000
417,3,416,14633930666,1783475723145698000
418,0,418,14665617999,1783475723177653000
418,1,414,14684759000,1783475723177627000
418,2,412,14962106000,1783475723361246000
418,3,417,14665973332,1783475723177671000
419,0,419,14697639000,1783475723209704000
419,1,415,14716791999,1783475723209669000
419,2,413,14994134999,1783475723393289000
419,3,418,14698016000,1783475723209692000
420,0,420,14729659999,1783475723241711000
420,1,416,14748824999,1783475723241697000
420,2,414,15026163999,1783475723425265000
420,3,419,14730058666,1783475723241713000
421,0,421,14761680999,1783475723273847000
421,1,417,14780858000,1783475723273818000
421,2,415,15058193000,1783475723457338000
421,3,420,14762101332,1783475723273845000
422,0,422,14793702000,1783475723305782000
422,1,418,14812890999,1783475723305768000
422,2,416,15090221999,1783475723489389000
422,3,421,14794144000,1783475723305796000
423,0,423,14825722999,1783475723337810000
423,1,419,14844923999,1783475723337773000
423,2,417,15122250999,1783475723521352000
423,3,422,14826186666,1783475723337816000
424,0,424,14857743999,1783475723370469000
424,1,420,14876957000,1783475723369818000
424,2,418,15154280000,1783475723553397000
424,3,423,14858229332,1783475723369850000
425,0,425,14889765000,1783475723401840000
425,1,421,14908989999,1783475723401851000
425,2,419,15186308999,1783475723585437000
425,3,424,14890272000,1783475723401845000
426,0,426,14921785999,1783475723433800000
426,1,422,14941022999,1783475723433797000
426,2,420,15218337999,1783475723617441000
426,3,425,14922314666,1783475723433811000
427,0,427,14953806999,1783475723465931000
427,1,423,14973056000,1783475723465906000
427,2,421,15250367000,1783475723649475000
427,3,426,14954357332,1783475723465937000
428,0,428,14985828000,1783475723497988000
428,1,424,15005088999,1783475723497962000
428,2,422,15282395999,1783475723681608000
428,3,427,14986400000,1783475723497975000
429,0,429,15017848999,1783475723529970000
429,1,425,15037121999,1783475723529924000
429,2,423,15314424999,1783475723713609000
429,3,428,15018442666,1783475723529969000
430,0,430,15049869999,1783475723562029000
430,1,426,15069155000,1783475723562011000
430,2,424,15346454000,1783475723745621000
430,3,429,15050485332,1783475723562035000
431,0,431,15081891000,1783475723594012000
431,1,427,15101187999,1783475723594002000
431,2,425,15378482999,1783475723777687000
431,3,430,15082528000,1783475723594023000
432,0,432,15113911999,1783475723626093000
432,1,428,15133220999,1783475723626049000
432,2,426,15410511999,1783475723809620000
432,3,431,15114570666,1783475723626079000
433,0,433,15145932999,1783475723658106000
433,1,429,15165254000,1783475723658117000
433,2,427,15442541000,1783475723841662000
433,3,432,15146613332,1783475723658100000
434,0,434,15177954000,1783475723690258000
434,1,430,15197286999,1783475723690254000
434,2,428,15474569999,1783475723873693000
434,3,433,15178656000,1783475723690237000
435,0,435,15209974999,1783475723722324000
435,1,431,15229319999,1783475723722320000
435,2,429,15506598999,1783475723905749000
435,3,434,15210698666,1783475723722322000
436,0,436,15241995999,1783475723754278000
436,1,432,15261353000,1783475723754259000
436,2,430,15538628000,1783475723937782000
436,3,435,15242741332,1783475723754269000
437,0,437,15274017000,1783475723786342000
437,1,433,15293385999,1783475723786300000
437,2,431,15570656999,1783475723969825000
437,3,436,15274784000,1783475723786337000
438,0,438,15306037999,1783475723818254000
438,1,434,15325418999,1783475723818200000
438,2,432,15602685999,1783475724001791000
438,3,437,15306826666,1783475723818230000
439,0,439,15338058999,1783475723850240000
439,1,435,15357452000,1783475723850250000
439,2,433,15634715000,1783475724033830000
439,3,438,15338869332,1783475723850248000
440,0,440,15370080000,1783475723882264000
440,1,436,15389484999,1783475723882244000
440,2,434,15666743999,1783475724065879000
440,3,439,15370912000,1783475723882273000
441,0,441,15402100999,1783475723914457000
441,1,437,15421517999,1783475723914442000
441,2,435,15698772999,1783475724097882000
441,3,440,15402954666,1783475723914439000
442,0,442,15434121999,1783475723946469000
442,1,438,15453551000,1783475723946462000
442,2,436,15730802000,1783475724129917000
442,3,441,15434997332,1783475723946485000
443,0,443,15466143000,1783475723978476000
443,1,439,15485583999,1783475723978459000
443,2,437,15762830999,1783475724161981000
443,3,442,15467040000,1783475723978467000
444,0,444,15498163999,1783475724010368000
444,1,440,15517616999,1783475724010361000
444,2,438,15794859999,1783475724193984000
444,3,443,15499082666,1783475724010375000
445,0,445,15530184999,1783475724042393000
445,1,441,15549650000,1783475724042377000
445,2,439,15826889000,1783475724226098000
445,3,444,15531125332,1783475724042403000
446,0,446,15562206000,1783475724074509000
446,1,442,15581682999,1783475724074490000
446,2,440,15858917999,1783475724258126000
446,3,445,15563168000,1783475724074490000
447,0,447,15594226999,1783475724106461000
447,1,443,15613715999,1783475724106423000
447,2,441,15890946999,1783475724290099000
447,3,446,15595210666,1783475724106447000
448,0,448,15626247999,1783475724138475000
448,1,444,15645749000,1783475724138492000
448,2,442,15922976000,1783475724322071000
448,3,447,15627253332,1783475724138464000
449,0,449,15658269000,1783475724170576000
449,1,445,15677781999,1783475724170572000
449,2,443,15955004999,1783475724354095000
449,3,448,15659296000,1783475724170591000
450,0,450,15690289999,1783475724202637000
450,1,446,15709814999,1783475724202643000
450,2,444,15987033999,1783475724386158000
450,3,449,15691338666,1783475724202632000
451,0,451,15722310999,1783475724234765000
451,1,447,15741848000,1783475724234741000
451,2,445,16019063000,1783475724418169000
451,3,450,15723381332,1783475724234762000
452,0,452,15754332000,1783475724266813000
452,1,448,15773880999,1783475724266822000
452,2,446,16051091999,1783475724450241000
452,3,451,15755424000,1783475724266796000
453,0,453,15786352999,1783475724298711000
453,1,449,15805913999,1783475724298696000
453,2,447,16083120999,1783475724482213000
453,3,452,15787466666,1783475724298719000
454,0,454,15818373999,1783475724330650000
454,1,450,15837947000,1783475724330637000
454,2,448,16115150000,1783475724514258000
454,3,453,15819509332,1783475724330635000
455,0,455,15850395000,1783475724362992000
455,1,451,15869979999,1783475724362702000
455,2,449,16147178999,1783475724546275000
455,3,454,15851552000,1783475724362707000
456,0,456,15882415999,1783475724394717000
456,1,452,15902012999,1783475724394706000
456,2,450,16179207999,1783475724578362000
456,3,455,15883594666,1783475724394723000
457,0,457,15914436999,1783475724426710000
457,1,453,15934046000,1783475724426701000
457,2,451,16211237000,1783475724610372000
457,3,456,15915637332,1783475724426724000
458,0,458,15946458000,1783475724458903000
458,1,454,15966078999,1783475724458900000
458,2,452,16243265999,1783475724642454000
458,3,457,15947680000,1783475724458919000
459,0,459,15978478999,1783475724490767000
459,1,455,15998111999,1783475724490730000
459,2,453,16275294999,1783475724674461000
459,3,458,15979722666,1783475724490757000
460,0,460,16010499999,1783475724522823000
460,1,456,16030145000,1783475724522815000
460,2,454,16307324000,1783475724706507000
460,3,459,16011765332,1783475724522806000
461,0,461,16042521000,1783475724554937000
461,1,457,16062177999,1783475724554981000
461,2,455,16339352999,1783475724738499000
461,3,460,16043808000,1783475724554944000
462,0,462,16074541999,1783475724586972000
462,1,458,16094210999,1783475724586977000
462,2,456,16371381999,1783475724770538000
462,3,461,16075850666,1783475724586973000
463,0,463,16106562999,1783475724618915000
463,1,459,16126244000,1783475724618931000
463,2,457,16403411000,1783475724802530000
463,3,462,16107893332,1783475724618917000
464,0,464,16138584000,1783475724651353000
464,1,460,16158276999,1783475724651125000
464,2,458,16435439999,1783475724834578000
464,3,463,16139936000,1783475724651110000
465,0,465,16170604999,1783475724683612000
465,1,461,16190309999,1783475724683202000
465,2,459,16467468999,1783475724866638000
465,3,464,16171978666,1783475724683204000
466,0,466,16202625999,1783475724715185000
466,1,462,16222343000,1783475724715148000
466,2,460,16499498000,1783475724898602000
466,3,465,16204021332,1783475724715167000
467,0,467,16234647000,1783475724747238000
467,1,463,16254375999,1783475724747074000
467,2,461,16531526999,1783475724930619000
467,3,466,16236064000,1783475724747065000
468,0,468,16266667999,1783475724779134000
468,1,464,16286408999,1783475724779126000
468,2,462,16563555999,1783475724962682000
468,3,467,16268106666,1783475724779115000
469,0,469,16298688999,1783475724811172000
469,1,465,16318442000,1783475724811142000
469,2,463,16595585000,1783475724994686000
469,3,468,16300149332,1783475724811164000
470,0,470,16330710000,1783475724843226000
470,1,466,16350474999,1783475724843211000
470,2,464,16627613999,1783475725026709000
470,3,469,16332192000,1783475724843223000
471,0,471,16362730999,1783475724875305000
471,1,467,16382507999,1783475724875292000
471,2,465,16659642999,1783475725058781000
471,3,470,16364234666,1783475724875309000
472,0,472,16394751999,1783475724907153000
472,1,468,16414541000,1783475724907142000
472,2,466,16691672000,1783475725090788000
472,3,471,16396277332,1783475724907157000
473,0,473,16426773000,1783475724939171000
473,1,469,16446573999,1783475724939172000
473,2,467,16723700999,1783475725122817000
473,3,472,16428320000,1783475724939168000
474,0,474,16458793999,1783475724971262000
474,1,470,16478606999,1783475724971276000
474,2,468,16755729999,1783475725155171000
474,3,473,16460362666,1783475724971278000
475,0,475,16490814999,1783475725003234000
475,1,471,16510640000,1783475725003200000
475,2,469,16787759000,1783475725186920000
475,3,474,16492405332,1783475725003238000
476,0,476,16522836000,1783475725035316000
476,1,472,16542672999,1783475725035307000
476,2,470,16819787999,1783475725218896000
476,3,475,16524448000,1783475725035321000
477,0,477,16554856999,1783475725067364000
477,1,473,16574705999,1783475725067374000
477,2,471,16851816999,1783475725250926000
477,3,476,16620576000,1783475725067408000
478,0,478,16586877999,1783475725099450000
478,1,474,16606739000,1783475725099454000
478,2,472,16883846000,1783475725282964000
478,3,477,16652618666,1783475725099463000
479,0,479,16618899000,1783475725131421000
479,1,475,16638771999,1783475725131376000
479,2,473,16915874999,1783475725314992000
479,3,478,16684661332,1783475725131366000
480,0,480,16650919999,1783475725163921000
480,1,476,16670804999,1783475725163922000
480,2,474,16947903999,1783475725347048000
480,3,479,16716704000,1783475725163924000
481,0,481,16682940999,1783475725195628000
481,1,477,16702838000,1783475725195605000
481,2,475,16979933000,1783475725379081000
481,3,480,16748746666,1783475725195630000
482,0,482,16714962000,1783475725227444000
482,1,478,16734870999,1783475725227469000
482,2,476,17011961999,1783475725411101000
482,3,481,16780789332,1783475725227436000
483,0,483,16746982999,1783475725259545000
483,1,479,16766903999,1783475725259532000
483,2,477,17043990999,1783475725443116000
483,3,482,16812832000,1783475725259555000
484,0,484,16779003999,1783475725291510000
484,1,480,16798937000,1783475725291501000
484,2,478,17076020000,1783475725475165000
484,3,483,16844874666,1783475725291514000
485,0,485,16811025000,1783475725323555000
485,1,481,16830969999,1783475725323572000
485,2,479,17108048999,1783475725507198000
485,3,484,16876917332,1783475725323558000
486,0,486,16843045999,1783475725355704000
486,1,482,16863002999,1783475725355688000
486,2,480,17140077999,1783475725539178000
486,3,485,16908960000,1783475725355704000
487,0,487,16875066999,1783475725387713000
487,1,483,16895036000,1783475725387704000
487,2,481,17172107000,1783475725571264000
487,3,486,16941002666,1783475725387694000
488,0,488,16907088000,1783475725419702000
488,1,484,16927068999,1783475725419673000
488,2,482,17204135999,1783475725603293000
488,3,487,16973045332,1783475725419682000
489,0,489,16939108999,1783475725451747000
489,1,485,16959101999,1783475725451703000
489,2,483,17236164999,1783475725635332000
489,3,488,17005088000,1783475725451712000
490,0,490,16971129999,1783475725483750000
490,1,486,16991135000,1783475725483794000
490,2,484,17268194000,1783475725667323000
490,3,489,17037130666,1783475725483828000
491,0,491,17003151000,1783475725515763000
491,1,487,17023167999,1783475725515733000
491,2,485,17300222999,1783475725699362000
491,3,490,17069173332,1783475725515754000
492,0,492,17035171999,1783475725547731000
492,1,488,17055200999,1783475725547735000
492,2,486,17332251999,1783475725731346000
492,3,491,17101216000,1783475725547727000
493,0,493,17067192999,1783475725579872000
493,1,489,17087234000,1783475725579888000
493,2,487,17364281000,1783475725763457000
493,3,492,17133258666,1783475725579862000
494,0,494,17099214000,1783475725611895000
494,1,490,17119266999,1783475725611865000
494,2,488,17396309999,1783475725795485000
494,3,493,17165301332,1783475725611898000
495,0,495,17131234999,1783475725644081000
495,1,491,17151299999,1783475725644029000
495,2,489,17428338999,1783475725827534000
495,3,494,17197344000,1783475725644040000
496,0,496,17163255999,1783475725675975000
496,1,492,17183333000,1783475725675978000
496,2,490,17460368000,1783475725859499000
496,3,495,17229386666,1783475725675976000
497,0,497,17195277000,1783475725708027000
497,1,493,17215365999,1783475725708003000
497,2,491,17492396999,1783475725891491000
497,3,496,17261429332,1783475725708037000
498,0,498,17227297999,1783475725739926000
498,1,494,17247398999,1783475725739917000
498,2,492,17524425999,1783475725923561000
498,3,497,17293472000,1783475725739915000
499,0,499,17259318999,1783475725772119000
499,1,495,17279432000,1783475725772083000
499,2,493,17556455000,1783475725955558000
499,3,498,17325514666,1783475725772120000
500,0,500,17291340000,1783475725804120000
500,1,496,17311464999,1783475725804115000
500,2,494,17588483999,1783475725987611000
500,3,499,17357557332,1783475725804117000
501,0,501,17323360999,1783475725836245000
501,1,497,17343497999,1783475725836219000
501,2,495,17620512999,1783475726019633000
501,3,500,17389600000,1783475725836248000
502,0,502,17355381999,1783475725868116000
502,1,498,17375531000,1783475725868112000
502,2,496,17652542000,1783475726051701000
502,3,501,17421642666,1783475725868112000
503,0,503,17387403000,1783475725900108000
503,1,499,17407563999,1783475725900079000
503,2,497,17684570999,1783475726083727000
503,3,502,17453685332,1783475725900096000
504,0,504,17419423999,1783475725932119000
504,1,500,17439596999,1783475725932110000
504,2,498,17716599999,1783475726115756000
504,3,503,17485728000,1783475725932120000
505,0,505,17451444999,1783475725964153000
505,1,501,17471630000,1783475725964136000
505,2,499,17748629000,1783475726147783000
505,3,504,17517770666,1783475725964163000
506,0,506,17483466000,1783475725996136000
506,1,502,17503662999,1783475725996143000
506,2,500,17780657999,1783475726179801000
506,3,505,17549813332,1783475725996140000
507,0,507,17515486999,1783475726028239000
507,1,503,17535695999,1783475726028210000
507,2,501,17812686999,1783475726211819000
507,3,506,17581856000,1783475726028227000
508,0,508,17547507999,1783475726060365000
508,1,504,17567729000,1783475726060350000
508,2,502,17844716000,1783475726243828000
508,3,507,17613898666,1783475726060347000
509,0,509,17579529000,1783475726092393000
509,1,505,17599761999,1783475726092349000
509,2,503,17876744999,1783475726275887000
509,3,508,17645941332,1783475726092388000
510,0,510,17675592000,1783475726124552000
510,1,506,17631794999,1783475726124501000
510,2,504,17908773999,1783475726307933000
510,3,509,17677984000,1783475726124501000
511,0,511,17707612999,1783475726156551000
511,1,507,17663828000,1783475726156529000
511,2,505,17940803000,1783475726339905000
511,3,510,17710026666,1783475726156523000
512,0,512,17739633999,1783475726188415000
512,1,508,17695860999,1783475726188399000
512,2,506,17972831999,1783475726371996000
512,3,511,17742069332,1783475726188406000
513,0,513,17771655000,1783475726220417000
513,1,509,17727893999,1783475726220393000
513,2,507,18004860999,1783475726403996000
513,3,512,17774112000,1783475726220412000
514,0,514,17803675999,1783475726252413000
514,1,510,17759927000,1783475726252437000
514,2,508,18036890000,1783475726435993000
514,3,513,17806154666,1783475726252408000
515,0,515,17835696999,1783475726284459000
515,1,511,17791959999,1783475726284477000
515,2,509,18068918999,1783475726468032000
515,3,514,17838197332,1783475726284465000
516,0,516,17867718000,1783475726316467000
516,1,512,17823992999,1783475726316466000
516,2,510,18100947999,1783475726500038000
516,3,515,17870240000,1783475726316456000
517,0,517,17899738999,1783475726348449000
517,1,513,17856026000,1783475726348471000
517,2,511,18132977000,1783475726532081000
517,3,516,17902282666,1783475726348425000
518,0,518,17931759999,1783475726380585000
518,1,514,17888058999,1783475726380574000
518,2,512,18165005999,1783475726564160000
518,3,517,17934325332,1783475726380586000
519,0,519,17963781000,1783475726412568000
519,1,515,17920091999,1783475726412572000
519,2,513,18197034999,1783475726596212000
519,3,518,17966368000,1783475726412559000
520,0,520,17995801999,1783475726444558000
520,1,516,17952125000,1783475726444536000
520,2,514,18293121999,1783475726692323000
520,3,519,17998410666,1783475726444527000
521,0,521,18027822999,1783475726476583000
521,1,517,17984157999,1783475726476593000
521,2,515,18325151000,1783475726724269000
521,3,520,18030453332,1783475726476587000
522,0,522,18059844000,1783475726508598000
522,1,518,18016190999,1783475726508608000
522,2,516,18357179999,1783475726756320000
522,3,521,18062496000,1783475726508595000
523,0,523,18091864999,1783475726540646000
523,1,519,18048224000,1783475726540662000
523,2,517,18389208999,1783475726788344000
523,3,522,18094538666,1783475726540654000
524,0,524,18123885999,1783475726572879000
524,1,520,18080256999,1783475726572880000
524,2,518,18421238000,1783475726820341000
524,3,523,18126581332,1783475726572881000
525,0,525,18155907000,1783475726604827000
525,1,521,18112289999,1783475726604837000
525,2,519,18453266999,1783475726852390000
525,3,524,18158624000,1783475726604822000
526,0,526,18187927999,1783475726701142000
526,1,522,18144323000,1783475726701094000
526,2,520,18485295999,1783475726884390000
526,3,525,18190666666,1783475726701052000
527,0,527,18219948999,1783475726732878000
527,1,523,18176355999,1783475726732878000
527,2,521,18517325000,1783475726916404000
527,3,526,18222709332,1783475726732907000
528,0,528,18251970000,1783475726764968000
528,1,524,18272454999,1783475726764955000
528,2,522,18549353999,1783475726948455000
528,3,527,18254752000,1783475726764976000
529,0,529,18283990999,1783475726796936000
529,1,525,18304487999,1783475726796912000
529,2,523,18581382999,1783475726980468000
529,3,528,18286794666,1783475726796936000
530,0,530,18316011999,1783475726828905000
530,1,526,18336521000,1783475726828884000
530,2,524,18613412000,1783475727012515000
530,3,529,18318837332,1783475726828908000
531,0,531,18348033000,1783475726860989000
531,1,527,18368553999,1783475726860987000
531,2,525,18645440999,1783475727044570000
531,3,530,18350880000,1783475726861003000
532,0,532,18380053999,1783475726892922000
532,1,528,18400586999,1783475726892916000
532,2,526,18677469999,1783475727076583000
532,3,531,18382922666,1783475726892923000
533,0,533,18412074999,1783475726924976000
533,1,529,18432620000,1783475726924964000
533,2,527,18709499000,1783475727108584000
533,3,532,18414965332,1783475726924941000
534,0,534,18444096000,1783475726957006000
534,1,530,18464652999,1783475726956987000
534,2,528,18741527999,1783475727140677000
534,3,533,18447008000,1783475726957006000
535,0,535,18476116999,1783475726989009000
535,1,531,18496685999,1783475726988985000
535,2,529,18773556999,1783475727172692000
535,3,534,18479050666,1783475726989027000
536,0,536,18508137999,1783475727021127000
536,1,532,18528719000,1783475727021126000
536,2,530,18805586000,1783475727204703000
536,3,535,18511093332,1783475727021156000
537,0,537,18540159000,1783475727053255000
537,1,533,18560751999,1783475727053255000
537,2,531,18837614999,1783475727236724000
537,3,536,18543136000,1783475727053311000
538,0,538,18572179999,1783475727085175000
538,1,534,18592784999,1783475727085162000
538,2,532,18869643999,1783475727268740000
538,3,537,18575178666,1783475727085142000
539,0,539,18604200999,1783475727117114000
539,1,535,18624818000,1783475727117135000
539,2,533,18901673000,1783475727300791000
539,3,538,18607221332,1783475727117122000
540,0,540,18636222000,1783475727149429000
540,1,536,18656850999,1783475727149431000
540,2,534,18933701999,1783475727332851000
540,3,539,18639264000,1783475727149442000
541,0,541,18668242999,1783475727181332000
541,1,537,18688883999,1783475727181303000
541,2,535,18965730999,1783475727364849000
541,3,540,18671306666,1783475727181292000
542,0,542,18700263999,1783475727213269000
542,1,538,18720917000,1783475727213279000
542,2,536,18997760000,1783475727396855000
542,3,541,18703349332,1783475727213277000
543,0,543,18732285000,1783475727245272000
543,1,539,18752949999,1783475727245303000
543,2,537,19029788999,1783475727428895000
543,3,542,18735392000,1783475727245255000
544,0,544,18764305999,1783475727277312000
544,1,540,18784982999,1783475727277327000
544,2,538,19061817999,1783475727460909000
544,3,543,18767434666,1783475727277319000
545,0,545,18796326999,1783475727309370000
545,1,541,18817016000,1783475727309356000
545,2,539,19093847000,1783475727492944000
545,3,544,18799477332,1783475727309380000
546,0,546,18828348000,1783475727341467000
546,1,542,18849048999,1783475727341461000
546,2,540,19125875999,1783475727524990000
546,3,545,18831520000,1783475727341468000
547,0,547,18860368999,1783475727373422000
547,1,543,18881081999,1783475727373434000
547,2,541,19157904999,1783475727557026000
547,3,546,18863562666,1783475727373414000
548,0,548,18892389999,1783475727405370000
548,1,544,18913115000,1783475727405365000
548,2,542,19189934000,1783475727589057000
548,3,547,18895605332,1783475727405367000
549,0,549,18924411000,1783475727437425000
549,1,545,18945147999,1783475727437444000
549,2,543,19221962999,1783475727621135000
549,3,548,18927648000,1783475727437423000
550,0,550,18956431999,1783475727469457000
550,1,546,18977180999,1783475727469470000
550,2,544,19253991999,1783475727653135000
550,3,549,18959690666,1783475727469465000
551,0,551,18988452999,1783475727501473000
551,1,547,19009214000,1783475727501492000
551,2,545,19286021000,1783475727685107000
551,3,550,18991733332,1783475727501487000
552,0,552,19020474000,1783475727533563000
552,1,548,19041246999,1783475727533570000
552,2,546,19318049999,1783475727717149000
552,3,551,19023776000,1783475727533565000
553,0,553,19052494999,1783475727565647000
553,1,549,19073279999,1783475727565632000
553,2,547,19350078999,1783475727749177000
553,3,552,19055818666,1783475727565648000
554,0,554,19084515999,1783475727597645000
554,1,550,19105313000,1783475727597638000
554,2,548,19382108000,1783475727781256000
554,3,553,19087861332,1783475727597643000
555,0,555,19116537000,1783475727629880000
555,1,551,19137345999,1783475727629883000
555,2,549,19414136999,1783475727813271000
555,3,554,19119904000,1783475727629878000
556,0,556,19148557999,1783475727661792000
556,1,552,19169378999,1783475727661799000
556,2,550,19446165999,1783475727845309000
556,3,555,19151946666,1783475727661791000
557,0,557,19180578999,1783475727693694000
557,1,553,19201412000,1783475727693709000
557,2,551,19478195000,1783475727877304000
557,3,556,19183989332,1783475727693685000
558,0,558,19212600000,1783475727725717000
558,1,554,19233444999,1783475727725706000
558,2,552,19510223999,1783475727909316000
558,3,557,19216032000,1783475727725693000
559,0,559,19244620999,1783475727757765000
559,1,555,19265477999,1783475727757758000
559,2,553,19542252999,1783475727941381000
559,3,558,19248074666,1783475727757764000
560,0,560,19276641999,1783475727789872000
560,1,556,19297511000,1783475727789861000
560,2,554,19574282000,1783475727973373000
560,3,559,19280117332,1783475727789857000
561,0,561,19308663000,1783475727821898000
561,1,557,19329543999,1783475727821896000
561,2,555,19606310999,1783475728005451000
561,3,560,19312160000,1783475727821907000
562,0,562,19340683999,1783475727853934000
562,1,558,19361576999,1783475727853927000
562,2,556,19638339999,1783475728037506000
562,3,561,19344202666,1783475727853932000
563,0,563,19372704999,1783475727885878000
563,1,559,19393610000,1783475727885898000
563,2,557,19670369000,1783475728069502000
563,3,562,19376245332,1783475727885860000
564,0,564,19404726000,1783475727917986000
564,1,560,19425642999,1783475727918012000
564,2,558,19702397999,1783475728101514000
564,3,563,19408288000,1783475727918055000
565,0,565,19436746999,1783475727949959000
565,1,561,19457675999,1783475727949950000
565,2,559,19734426999,1783475728133546000
565,3,564,19440330666,1783475727949943000
566,0,566,19468767999,1783475727981963000
566,1,562,19489709000,1783475727981959000
566,2,560,19766456000,1783475728165566000
566,3,565,19472373332,1783475727981960000
567,0,567,19500789000,1783475728014059000
567,1,563,19521741999,1783475728014080000
567,2,561,19798484999,1783475728197620000
567,3,566,19504416000,1783475728014079000
568,0,568,19532809999,1783475728046137000
568,1,564,19553774999,1783475728046116000
568,2,562,19830513999,1783475728229618000
568,3,567,19536458666,1783475728046165000
569,0,569,19564830999,1783475728078127000
569,1,565,19585808000,1783475728078146000
569,2,563,19862543000,1783475728261659000
569,3,568,19568501332,1783475728078146000
570,0,570,19596852000,1783475728110031000
570,1,566,19617840999,1783475728110036000
570,2,564,19894571999,1783475728293803000
570,3,569,19600544000,1783475728110040000
571,0,571,19628872999,1783475728142137000
571,1,567,19649873999,1783475728142128000
571,2,565,19926600999,1783475728325713000
571,3,570,19632586666,1783475728142140000
572,0,572,19660893999,1783475728174295000
572,1,568,19681907000,1783475728174333000
572,2,566,19958630000,1783475728357762000
572,3,571,19664629332,1783475728174248000
573,0,573,19692915000,1783475728206231000
573,1,569,19713939999,1783475728206213000
573,2,567,19990658999,1783475728389766000
573,3,572,19696672000,1783475728206203000
574,0,574,19724935999,1783475728238168000
574,1,570,19745972999,1783475728238159000
574,2,568,20022687999,1783475728421858000
574,3,573,19728714666,1783475728238176000
575,0,575,19756956999,1783475728270190000
575,1,571,19778006000,1783475728270209000
575,2,569,20054717000,1783475728453859000
575,3,574,19760757332,1783475728270222000
576,0,576,19788978000,1783475728302469000
576,1,572,19810038999,1783475728302478000
576,2,570,20086745999,1783475728485874000
576,3,575,19792800000,1783475728302481000
577,0,577,19820998999,1783475728334394000
577,1,573,19842071999,1783475728334412000
577,2,571,20118774999,1783475728517892000
577,3,576,19824842666,1783475728334394000
578,0,578,19853019999,1783475728366420000
578,1,574,19874105000,1783475728366417000
578,2,572,20150804000,1783475728549920000
578,3,577,19856885332,1783475728366429000
579,0,579,19885041000,1783475728398362000
579,1,575,19906137999,1783475728398333000
579,2,573,20182832999,1783475728581948000
579,3,578,19888928000,1783475728398337000
580,0,580,19917061999,1783475728430660000
580,1,576,19938170999,1783475728430609000
580,2,574,20214861999,1783475728614030000
580,3,579,19920970666,1783475728430611000
581,0,581,19949082999,1783475728462508000
581,1,577,19970204000,1783475728462491000
581,2,575,20246891000,1783475728646002000
581,3,580,19953013332,1783475728462514000
582,0,582,19981104000,1783475728494566000
582,1,578,20002236999,1783475728494512000
582,2,576,20278919999,1783475728678037000
582,3,581,19985056000,1783475728494522000
583,0,583,20013124999,1783475728526542000
583,1,579,20034269999,1783475728526553000
583,2,577,20310948999,1783475728710048000
583,3,582,20017098666,1783475728526557000
584,0,584,20045145999,1783475728558552000
584,1,580,20066303000,1783475728558547000
584,2,578,20342978000,1783475728742078000
584,3,583,20049141332,1783475728558558000
585,0,585,20077167000,1783475728590554000
585,1,581,20098335999,1783475728590585000
585,2,579,20375006999,1783475728774128000
585,3,584,20081184000,1783475728590541000
586,0,586,20109187999,1783475728622668000
586,1,582,20130368999,1783475728622654000
586,2,580,20407035999,1783475728806144000
586,3,585,20113226666,1783475728622660000
587,0,587,20141208999,1783475728654610000
587,1,583,20162402000,1783475728654613000
587,2,581,20439065000,1783475728838181000
587,3,586,20145269332,1783475728654605000
588,0,588,20173230000,1783475728686628000
588,1,584,20194434999,1783475728686607000
588,2,582,20471093999,1783475728870219000
588,3,587,20177312000,1783475728686599000
589,0,589,20205250999,1783475728718663000
589,1,585,20226467999,1783475728718660000
589,2,583,20503122999,1783475728902223000
589,3,588,20209354666,1783475728718683000
590,0,590,20237271999,1783475728750591000
590,1,586,20258501000,1783475728750609000
590,2,584,20535152000,1783475728934319000
590,3,589,20241397332,1783475728750599000
591,0,591,20269293000,1783475728782707000
591,1,587,20290533999,1783475728782701000
591,2,585,20567180999,1783475728966315000
591,3,590,20273440000,1783475728782711000
592,0,592,20301313999,1783475728814728000
592,1,588,20322566999,1783475728814670000
592,2,586,20599209999,1783475728998306000
592,3,591,20305482666,1783475728814671000
593,0,593,20333334999,1783475728846733000
593,1,589,20354600000,1783475728846746000
593,2,587,20631239000,1783475729030399000
593,3,592,20337525332,1783475728846743000
594,0,594,20365356000,1783475728878766000
594,1,590,20386632999,1783475728879123000
594,2,588,20663267999,1783475729062371000
594,3,593,20369568000,1783475728878770000
595,0,595,20397376999,1783475728910820000
595,1,591,20418665999,1783475728910802000
595,2,589,20695296999,1783475729094411000
595,3,594,20401610666,1783475728910817000
596,0,596,20429397999,1783475728943045000
596,1,592,20450699000,1783475728943032000
596,2,590,20727326000,1783475729126449000
596,3,595,20433653332,1783475728943057000
597,0,597,20461419000,1783475728974892000
597,1,593,20482731999,1783475728974900000
597,2,591,20759354999,1783475729158499000
597,3,596,20465696000,1783475728974894000
598,0,598,20493439999,1783475729006823000
598,1,594,20514764999,1783475729006832000
598,2,592,20791383999,1783475729190501000
598,3,597,20497738666,1783475729006835000
599,0,599,20525460999,1783475729039023000
599,1,595,20546798000,1783475729039018000
599,2,593,20823413000,1783475729222531000
599,3,598,20529781332,1783475729039021000
600,0,600,20557482000,1783475729070918000
600,1,596,20578830999,1783475729070926000
600,2,594,20855441999,1783475729254610000
600,3,599,20561824000,1783475729070915000
601,0,601,20589502999,1783475729102948000
601,1,597,20610863999,1783475729102947000
601,2,595,20887470999,1783475729286571000
601,3,600,20593866666,1783475729102958000
602,0,602,20621523999,1783475729135019000
602,1,598,20642897000,1783475729135022000
602,2,596,20919500000,1783475729318626000
602,3,601,20625909332,1783475729135014000
603,0,603,20653545000,1783475729167121000
603,1,599,20674929999,1783475729167120000
603,2,597,20951528999,1783475729350619000
603,3,602,20657952000,1783475729167119000
604,0,604,20685565999,1783475729199140000
604,1,600,20706962999,1783475729199118000
604,2,598,20983557999,1783475729382675000
604,3,603,20689994666,1783475729199163000
605,0,605,20717586999,1783475729231065000
605,1,601,20738996000,1783475729231076000
605,2,599,21015587000,1783475729414732000
605,3,604,20722037332,1783475729231085000
606,0,606,20749608000,1783475729263353000
606,1,602,20771028999,1783475729263442000
606,2,600,21047615999,1783475729446718000
606,3,605,20754080000,1783475729263410000
607,0,607,20781628999,1783475729295128000
607,1,603,20803061999,1783475729295136000
607,2,601,21079644999,1783475729478748000
607,3,606,20786122666,1783475729295145000
608,0,608,20813649999,1783475729327513000
608,1,604,20835095000,1783475729327536000
608,2,602,21111674000,1783475729510826000
608,3,607,20818165332,1783475729327528000
609,0,609,20845671000,1783475729359135000
609,1,605,20867127999,1783475729359156000
609,2,603,21143702999,1783475729542852000
609,3,608,20850208000,1783475729359152000
610,0,610,20877691999,1783475729391415000
610,1,606,20899160999,1783475729391374000
610,2,604,21175731999,1783475729574880000
610,3,609,20882250666,1783475729391429000
611,0,611,20909712999,1783475729423452000
611,1,607,20931194000,1783475729423454000
611,2,605,21207761000,1783475729606877000
611,3,610,20914293332,1783475729423469000
612,0,612,20941734000,1783475729455273000
612,1,608,20963226999,1783475729455279000
612,2,606,21239789999,1783475729638959000
612,3,611,20946336000,1783475729455284000
613,0,613,20973754999,1783475729487330000
613,1,609,20995259999,1783475729487353000
613,2,607,21271818999,1783475729670959000
613,3,612,20978378666,1783475729487352000
614,0,614,21005775999,1783475729519442000
614,1,610,21027293000,1783475729519462000
614,2,608,21303848000,1783475729702967000
614,3,613,21010421332,1783475729519454000
615,0,615,21037797000,1783475729551535000
615,1,611,21059325999,1783475729551528000
615,2,609,21335876999,1783475729734978000
615,3,614,21042464000,1783475729551542000
616,0,616,21069817999,1783475729583511000
616,1,612,21091358999,1783475729583515000
616,2,610,21367905999,1783475729766991000
616,3,615,21074506666,1783475729583530000
617,0,617,21101838999,1783475729615494000
617,1,613,21123392000,1783475729615485000
617,2,611,21399935000,1783475729799014000
617,3,616,21106549332,1783475729615509000
618,0,618,21133860000,1783475729647614000
618,1,614,21155424999,1783475729647666000
618,2,612,21431963999,1783475729831112000
618,3,617,21138592000,1783475729647684000
619,0,619,21165880999,1783475729679606000
619,1,615,21187457999,1783475729679594000
619,2,613,21463992999,1783475729863223000
619,3,618,21170634666,1783475729679607000
620,0,620,21197901999,1783475729711537000
620,1,616,21219491000,1783475729711546000
620,2,614,21496022000,1783475729895144000
620,3,619,21202677332,1783475729711562000
621,0,621,21229923000,1783475729743564000
621,1,617,21251523999,1783475729743609000
621,2,615,21528050999,1783475729927167000
621,3,620,21234720000,1783475729743574000
622,0,622,21261943999,1783475729775523000
622,1,618,21283556999,1783475729775835000
622,2,616,21560079999,1783475729959189000
622,3,621,21266762666,1783475729775554000
623,0,623,21293964999,1783475729807538000
623,1,619,21315590000,1783475729807850000
623,2,617,21592109000,1783475729991190000
623,3,622,21298805332,1783475729807558000
624,0,624,21325986000,1783475729839706000
624,1,620,21347622999,1783475729839711000
624,2,618,21624137999,1783475730023234000
624,3,623,21330848000,1783475729839726000
625,0,625,21358006999,1783475729871916000
625,1,621,21379655999,1783475729871915000
625,2,619,21656166999,1783475730055285000
625,3,624,21362890666,1783475729871934000
626,0,626,21390027999,1783475729903731000
626,1,622,21411689000,1783475729903743000
626,2,620,21688196000,1783475730087297000
626,3,625,21394933332,1783475729903764000
627,0,627,21422049000,1783475729935725000
627,1,623,21443721999,1783475729935738000
627,2,621,21720224999,1783475730119323000
627,3,626,21426976000,1783475729935752000
628,0,628,21454069999,1783475729967812000
628,1,624,21475754999,1783475729967814000
628,2,622,21752253999,1783475730151368000
628,3,627,21459018666,1783475729967825000
629,0,629,21486090999,1783475729999703000
629,1,625,21507788000,1783475729999711000
629,2,623,21784283000,1783475730183379000
629,3,628,21491061332,1783475730000002000
630,0,630,21518112000,1783475730031795000
630,1,626,21539820999,1783475730031782000
630,2,624,21816311999,1783475730215490000
630,3,629,21523104000,1783475730031791000
631,0,631,21550132999,1783475730063877000
631,1,627,21571853999,1783475730063877000
631,2,625,21848340999,1783475730247447000
631,3,630,21555146666,1783475730063895000
632,0,632,21582153999,1783475730095875000
632,1,628,21603887000,1783475730095878000
632,2,626,21880370000,1783475730279519000
632,3,631,21587189332,1783475730095908000
633,0,633,21614175000,1783475730127882000
633,1,629,21635919999,1783475730127901000
633,2,627,21912398999,1783475730311526000
633,3,632,21619232000,1783475730127912000
634,0,634,21646195999,1783475730159951000
634,1,630,21667952999,1783475730159958000
634,2,628,21944427999,1783475730343563000
634,3,633,21651274666,1783475730159966000
635,0,635,21678216999,1783475730192030000
635,1,631,21699986000,1783475730192012000
635,2,629,21976457000,1783475730375624000
635,3,634,21683317332,1783475730192004000
636,0,636,21710238000,1783475730224160000
636,1,632,21732018999,1783475730224155000
636,2,630,22008485999,1783475730407600000
636,3,635,21715360000,1783475730224166000
637,0,637,21742258999,1783475730255978000
637,1,633,21764051999,1783475730255993000
637,2,631,22040514999,1783475730439655000
637,3,636,21747402666,1783475730255991000
638,0,638,21774279999,1783475730288096000
638,1,634,21796085000,1783475730288095000
638,2,632,22072544000,1783475730471682000
638,3,637,21779445332,1783475730288462000
639,0,639,21806301000,1783475730320058000
639,1,635,21828117999,1783475730320058000
639,2,633,22104572999,1783475730503756000
639,3,638,21811488000,1783475730320335000
640,0,640,21838321999,1783475730352222000
640,1,636,21860150999,1783475730352219000
640,2,634,22136601999,1783475730535804000
640,3,639,21843530666,1783475730352233000
641,0,641,21870342999,1783475730384266000
641,1,637,21892184000,1783475730384266000
641,2,635,22168631000,1783475730567738000
641,3,640,21875573332,1783475730384273000
642,0,642,21902364000,1783475730416164000
642,1,638,21924216999,1783475730416163000
642,2,636,22200659999,1783475730599817000
642,3,641,21907616000,1783475730416194000
643,0,643,21934384999,1783475730448294000
643,1,639,21956249999,1783475730448302000
643,2,637,22232688999,1783475730631811000
643,3,642,21939658666,1783475730448295000
644,0,644,21966405999,1783475730480264000
644,1,640,21988283000,1783475730480257000
644,2,638,22264718000,1783475730663870000
644,3,643,21971701332,1783475730480262000
645,0,645,21998427000,1783475730512458000
645,1,641,22020315999,1783475730512457000
645,2,639,22296746999,1783475730695877000
645,3,644,22003744000,1783475730512462000
646,0,646,22030447999,1783475730544493000
646,1,642,22052348999,1783475730544496000
646,2,640,22328775999,1783475730727880000
646,3,645,22035786666,1783475730544493000
647,0,647,22062468999,1783475730576343000
647,1,643,22084382000,1783475730576341000
647,2,641,22360805000,1783475730759878000
647,3,646,22067829332,1783475730576355000
648,0,648,22094490000,1783475730608440000
648,1,644,22116414999,1783475730608444000
648,2,642,22392833999,1783475730791991000
648,3,647,22099872000,1783475730608443000
649,0,649,22126510999,1783475730640432000
649,1,645,22148447999,1783475730640429000
649,2,643,22424862999,1783475730824027000
649,3,648,22131914666,1783475730640444000
650,0,650,22158531999,1783475730672606000
650,1,646,22180481000,1783475730672554000
650,2,644,22456892000,1783475730855979000
650,3,649,22163957332,1783475730672569000
651,0,651,22190553000,1783475730704465000
651,1,647,22212513999,1783475730704456000
651,2,645,22488920999,1783475730888056000
651,3,650,22196000000,1783475730704475000
652,0,652,22222573999,1783475730736432000
652,1,648,22244546999,1783475730736418000
652,2,646,22520949999,1783475730920050000
652,3,651,22228042666,1783475730736442000
653,0,653,22254594999,1783475730768466000
653,1,649,22276580000,1783475730768463000
653,2,647,22552979000,1783475730952059000
653,3,652,22260085332,1783475730768482000
654,0,654,22286616000,1783475730800814000
654,1,650,22308612999,1783475730800881000
654,2,648,22585007999,1783475730984118000
654,3,653,22292128000,1783475730800766000
655,0,655,22318636999,1783475730832629000
655,1,651,22340645999,1783475730832625000
655,2,649,22617036999,1783475731016148000
655,3,654,22324170666,1783475730832638000
656,0,656,22350657999,1783475730864553000
656,1,652,22372679000,1783475730864560000
656,2,650,22649066000,1783475731048170000
656,3,655,22356213332,1783475730864564000
657,0,657,22382679000,1783475730896603000
657,1,653,22404711999,1783475730896610000
657,2,651,22681094999,1783475731080206000
657,3,656,22388256000,1783475730896600000
658,0,658,22414699999,1783475730928593000
658,1,654,22436744999,1783475730928596000
658,2,652,22713123999,1783475731112209000
658,3,657,22420298666,1783475730928592000
659,0,659,22446720999,1783475730960627000
659,1,655,22468778000,1783475730960624000
659,2,653,22745153000,1783475731144269000
659,3,658,22452341332,1783475730960623000
660,0,660,22478742000,1783475730992719000
660,1,656,22500810999,1783475730992708000
660,2,654,22777181999,1783475731176338000
660,3,659,22484384000,1783475730992707000
661,0,661,22510762999,1783475731024692000
661,1,657,22532843999,1783475731024702000
661,2,655,22809210999,1783475731208333000
661,3,660,22516426666,1783475731024693000
662,0,662,22542783999,1783475731056862000
662,1,658,22564877000,1783475731056863000
662,2,656,22841240000,1783475731240356000
662,3,661,22548469332,1783475731056860000
663,0,663,22574805000,1783475731088750000
663,1,659,22596909999,1783475731088830000
663,2,657,22873268999,1783475731272554000
663,3,662,22580512000,1783475731088810000
664,0,664,22606825999,1783475731120739000
664,1,660,22628942999,1783475731120752000
664,2,658,22905297999,1783475731304444000
664,3,663,22612554666,1783475731120753000
665,0,665,22638846999,1783475731152861000
665,1,661,22660976000,1783475731152852000
665,2,659,22937327000,1783475731336479000
665,3,664,22644597332,1783475731152863000
666,0,666,22670868000,1783475731184945000
666,1,662,22693008999,1783475731184994000
666,2,660,22969355999,1783475731368464000
666,3,665,22676640000,1783475731184996000
667,0,667,22702888999,1783475731216872000
667,1,663,22725041999,1783475731216934000
667,2,661,23001384999,1783475731400460000
667,3,666,22708682666,1783475731216932000
668,0,668,22734909999,1783475731248942000
668,1,664,22757075000,1783475731248985000
668,2,662,23033414000,1783475731432718000
668,3,667,22740725332,1783475731248986000
669,0,669,22766931000,1783475731281296000
669,1,665,22789107999,1783475731281377000
669,2,663,23065442999,1783475731464595000
669,3,668,22772768000,1783475731281324000
670,0,670,22798951999,1783475731313089000
670,1,666,22821140999,1783475731313107000
670,2,664,23097471999,1783475731496620000
670,3,669,22804810666,1783475731313106000
671,0,671,22830972999,1783475731345023000
671,1,667,22853174000,1783475731345067000
671,2,665,23129501000,1783475731528636000
671,3,670,22836853332,1783475731345068000
672,0,672,22862994000,1783475731376911000
672,1,668,22885206999,1783475731376964000
672,2,666,23161529999,1783475731560656000
672,3,671,22868896000,1783475731376980000
673,0,673,22895014999,1783475731408965000
673,1,669,22917239999,1783475731409013000
673,2,667,23193558999,1783475731592681000
673,3,672,22900938666,1783475731408997000
674,0,674,22927035999,1783475731441289000
674,1,670,22949273000,1783475731441348000
674,2,668,23225588000,1783475731624705000
674,3,673,22932981332,1783475731441349000
675,0,675,22959057000,1783475731473180000
675,1,671,22981305999,1783475731473235000
675,2,669,23257616999,1783475731656775000
675,3,674,22965024000,1783475731473233000
676,0,676,22991077999,1783475731505149000
676,1,672,23013338999,1783475731505203000
676,2,670,23289645999,1783475731688775000
676,3,675,22997066666,1783475731505204000
677,0,677,23023098999,1783475731537206000
677,1,673,23045372000,1783475731537213000
677,2,671,23321675000,1783475731720759000
677,3,676,23029109332,1783475731537215000
678,0,678,23055120000,1783475731569273000
678,1,674,23077404999,1783475731569269000
678,2,672,23353703999,1783475731752848000
678,3,677,23061152000,1783475731569283000
679,0,679,23087140999,1783475731601157000
679,1,675,23109437999,1783475731601193000
679,2,673,23385732999,1783475731784821000
679,3,678,23093194666,1783475731601200000
680,0,680,23119161999,1783475731633355000
680,1,676,23141471000,1783475731633375000
680,2,674,23417762000,1783475731816865000
680,3,679,23125237332,1783475731633377000
681,0,681,23151183000,1783475731665375000
681,1,677,23173503999,1783475731665416000
681,2,675,23449790999,1783475731848905000
681,3,680,23157280000,1783475731665417000
682,0,682,23183203999,1783475731697328000
682,1,678,23205536999,1783475731697369000
682,2,676,23481819999,1783475731880953000
682,3,681,23189322666,1783475731697378000
683,0,683,23215224999,1783475731729371000
683,1,679,23237570000,1783475731729378000
683,2,677,23513849000,1783475731912960000
683,3,682,23221365332,1783475731729375000
684,0,684,23247246000,1783475731761522000
684,1,680,23269602999,1783475731761539000
684,2,678,23545877999,1783475731944983000
684,3,683,23253408000,1783475731761535000
685,0,685,23279266999,1783475731793363000
685,1,681,23301635999,1783475731793355000
685,2,679,23577906999,1783475731977025000
685,3,684,23285450666,1783475731793373000
686,0,686,23311287999,1783475731825348000
686,1,682,23333669000,1783475731825378000
686,2,680,23609936000,1783475732009006000
686,3,685,23317493332,1783475731825380000
687,0,687,23343309000,1783475731857409000
687,1,683,23365701999,1783475731857449000
687,2,681,23641964999,1783475732041082000
687,3,686,23349536000,1783475731857450000
688,0,688,23375329999,1783475731889584000
688,1,684,23397734999,1783475731889563000
688,2,682,23673993999,1783475732073112000
688,3,687,23381578666,1783475731889594000
689,0,689,23407350999,1783475731921483000
689,1,685,23429768000,1783475731921478000
689,2,683,23706023000,1783475732105159000
689,3,688,23413621332,1783475731921480000
690,0,690,23439372000,1783475731953549000
690,1,686,23461800999,1783475731953550000
690,2,684,23738051999,1783475732137230000
690,3,689,23445664000,1783475731953550000
691,0,691,23471392999,1783475731985614000
691,1,687,23493833999,1783475731985601000
691,2,685,23770080999,1783475732169189000
691,3,690,23477706666,1783475731985615000
692,0,692,23503413999,1783475732017566000
692,1,688,23525867000,1783475732017550000
692,2,686,23802110000,1783475732201281000
692,3,691,23509749332,1783475732017562000
693,0,693,23535435000,1783475732049579000
693,1,689,23557899999,1783475732049591000
693,2,687,23834138999,1783475732233295000
693,3,692,23541792000,1783475732049603000
694,0,694,23567455999,1783475732081673000
694,1,690,23589932999,1783475732081713000
694,2,688,23866167999,1783475732265297000
694,3,693,23573834666,1783475732081710000
695,0,695,23599476999,1783475732113790000
695,1,691,23621966000,1783475732113749000
695,2,689,23898197000,1783475732297323000
695,3,694,23605877332,1783475732113782000
696,0,696,23631498000,1783475732145872000
696,1,692,23653998999,1783475732145876000
696,2,690,23930225999,1783475732329317000
696,3,695,23637920000,1783475732145875000
697,0,697,23663518999,1783475732177803000
697,1,693,23686031999,1783475732177790000
697,2,691,23962254999,1783475732361371000
697,3,696,23669962666,1783475732177821000
698,0,698,23695539999,1783475732209961000
698,1,694,23718065000,1783475732209941000
698,2,692,23994284000,1783475732393434000
698,3,697,23702005332,1783475732209951000
699,0,699,23727561000,1783475732241918000
699,1,695,23750097999,1783475732241914000
699,2,693,24026312999,1783475732425417000
699,3,698,23734048000,1783475732241914000
700,0,700,23759581999,1783475732273895000
700,1,696,23782130999,1783475732273894000
700,2,694,24058341999,1783475732457497000
700,3,699,23766090666,1783475732273897000
701,0,701,23791602999,1783475732305866000
701,1,697,23814164000,1783475732305846000
701,2,695,24090371000,1783475732489457000
701,3,700,23798133332,1783475732305862000
702,0,702,23823624000,1783475732337837000
702,1,698,23846196999,1783475732337841000
702,2,696,24122399999,1783475732521507000
702,3,701,23830176000,1783475732337852000
703,0,703,23855644999,1783475732369996000
703,1,699,23878229999,1783475732369992000
703,2,697,24154428999,1783475732553601000
703,3,702,23862218666,1783475732369987000
704,0,704,23887665999,1783475732402052000
704,1,700,23910263000,1783475732402051000
704,2,698,24186458000,1783475732585580000
704,3,703,23894261332,1783475732402037000
705,0,705,23919687000,1783475732433999000
705,1,701,23942295999,1783475732433985000
705,2,699,24218486999,1783475732617593000
705,3,704,23926304000,1783475732434018000
706,0,706,23951707999,1783475732466203000
706,1,702,23974328999,1783475732466201000
706,2,700,24250515999,1783475732649618000
706,3,705,23958346666,1783475732466193000
707,0,707,23983728999,1783475732497996000
707,1,703,24006362000,1783475732498002000
707,2,701,24282545000,1783475732681699000
707,3,706,23990389332,1783475732498006000
708,0,708,24015750000,1783475732530072000
708,1,704,24038394999,1783475732530072000
708,2,702,24314573999,1783475732713707000
708,3,707,24022432000,1783475732530052000
709,0,709,24047770999,1783475732562248000
709,1,705,24070427999,1783475732562239000
709,2,703,24346602999,1783475732745736000
709,3,708,24054474666,1783475732562258000
710,0,710,24079791999,1783475732594193000
710,1,706,24102461000,1783475732594188000
710,2,704,24378632000,1783475732777787000
710,3,709,24086517332,1783475732594184000
711,0,711,24111813000,1783475732626275000
711,1,707,24134493999,1783475732626220000
711,2,705,24410660999,1783475732809873000
711,3,710,24118560000,1783475732626243000
712,0,712,24143833999,1783475732658232000
712,1,708,24166526999,1783475732658236000
712,2,706,24442689999,1783475732841858000
712,3,711,24150602666,1783475732658253000
713,0,713,24175854999,1783475732690326000
713,1,709,24198560000,1783475732690349000
713,2,707,24474719000,1783475732873879000
713,3,712,24182645332,1783475732690314000
714,0,714,24207876000,1783475732722376000
714,1,710,24230592999,1783475732722380000
714,2,708,24506747999,1783475732905890000
714,3,713,24214688000,1783475732722342000
715,0,715,24239896999,1783475732754331000
715,1,711,24262625999,1783475732754332000
715,2,709,24538776999,1783475732937960000
715,3,714,24246730666,1783475732754318000
716,0,716,24271917999,1783475732786502000
716,1,712,24294659000,1783475732786501000
716,2,710,24570806000,1783475732969949000
716,3,715,24278773332,1783475732786485000
717,0,717,24303939000,1783475732818703000
717,1,713,24326691999,1783475732818702000
717,2,711,24602834999,1783475733002016000
717,3,716,24310816000,1783475732818699000
718,0,718,24335959999,1783475732850480000
718,1,714,24358724999,1783475732850479000
718,2,712,24634863999,1783475733034020000
718,3,717,24342858666,1783475732850476000
719,0,719,24367980999,1783475732882513000
719,1,715,24390758000,1783475732882515000
719,2,713,24666893000,1783475733066074000
719,3,718,24374901332,1783475732882509000
720,0,720,24400002000,1783475732914550000
720,1,716,24422790999,1783475732914603000
720,2,714,24698921999,1783475733098040000
720,3,719,24406944000,1783475732914550000
721,0,721,24432022999,1783475732946598000
721,1,717,24454823999,1783475732946651000
721,2,715,24730950999,1783475733130085000
721,3,720,24438986666,1783475732946598000
722,0,722,24464043999,1783475732978666000
722,1,718,24486857000,1783475732978689000
722,2,716,24762980000,1783475733162114000
722,3,721,24471029332,1783475732978671000
723,0,723,24496065000,1783475733010718000
723,1,719,24518889999,1783475733010698000
723,2,717,24795008999,1783475733194121000
723,3,722,24503072000,1783475733010687000
724,0,724,24528085999,1783475733042716000
724,1,720,24550922999,1783475733042714000
724,2,718,24827037999,1783475733226194000
724,3,723,24535114666,1783475733042680000
725,0,725,24560106999,1783475733074766000
725,1,721,24582956000,1783475733074790000
725,2,719,24859067000,1783475733258211000
725,3,724,24567157332,1783475733074801000
726,0,726,24592128000,1783475733106823000
726,1,722,24614988999,1783475733106728000
726,2,720,24891095999,1783475733290248000
726,3,725,24599200000,1783475733106850000
727,0,727,24624148999,1783475733138716000
727,1,723,24647021999,1783475733138763000
727,2,721,24923124999,1783475733322290000
727,3,726,24631242666,1783475733138715000
728,0,728,24656169999,1783475733170759000
728,1,724,24679055000,1783475733170729000
728,2,722,24955154000,1783475733354273000
728,3,727,24663285332,1783475733170744000
729,0,729,24688191000,1783475733202797000
729,1,725,24711087999,1783475733202779000
729,2,723,24987182999,1783475733386290000
729,3,728,24695328000,1783475733202779000
730,0,730,24720211999,1783475733234902000
730,1,726,24743120999,1783475733234884000
730,2,724,25019211999,1783475733418361000
730,3,729,24727370666,1783475733234915000
731,0,731,24752232999,1783475733266842000
731,1,727,24775154000,1783475733266830000
731,2,725,25051241000,1783475733450358000
731,3,730,24759413332,1783475733266852000
732,0,732,24784254000,1783475733298946000
732,1,728,24807186999,1783475733298934000
732,2,726,25083269999,1783475733482417000
732,3,731,24791456000,1783475733298944000
733,0,733,24816274999,1783475733330956000
733,1,729,24839219999,1783475733330994000
733,2,727,25115298999,1783475733514465000
733,3,732,24823498666,1783475733330953000
734,0,734,24848295999,1783475733362860000
734,1,730,24871253000,1783475733362814000
734,2,728,25147328000,1783475733546491000
734,3,733,24855541332,1783475733362857000
735,0,735,24880317000,1783475733394845000
735,1,731,24903285999,1783475733394837000
735,2,729,25179356999,1783475733578528000
735,3,734,24887584000,1783475733394857000
736,0,736,24912337999,1783475733426929000
736,1,732,24935318999,1783475733426930000
736,2,730,25211385999,1783475733610482000
736,3,735,24919626666,1783475733426939000
737,0,737,24944358999,1783475733459015000
737,1,733,24967352000,1783475733459032000
737,2,731,25243415000,1783475733642529000
737,3,736,24951669332,1783475733459039000
738,0,738,24976380000,1783475733491203000
738,1,734,24999384999,1783475733491197000
738,2,732,25275443999,1783475733674595000
738,3,737,24983712000,1783475733491202000
739,0,739,25008400999,1783475733523105000
739,1,735,25031417999,1783475733523084000
739,2,733,25307472999,1783475733706590000
739,3,738,25015754666,1783475733523108000
740,0,740,25040421999,1783475733555212000
740,1,736,25063451000,1783475733555215000
740,2,734,25339502000,1783475733738629000
740,3,739,25047797332,1783475733555213000
741,0,741,25072443000,1783475733587217000
741,1,737,25095483999,1783475733587166000
741,2,735,25371530999,1783475733770691000
741,3,740,25079840000,1783475733587219000
742,0,742,25104463999,1783475733618982000
742,1,738,25127516999,1783475733618960000
742,2,736,25403559999,1783475733802733000
742,3,741,25111882666,1783475733618978000
743,0,743,25136484999,1783475733651229000
743,1,739,25159550000,1783475733651228000
743,2,737,25435589000,1783475733834748000
743,3,742,25143925332,1783475733651238000
744,0,744,25168506000,1783475733683437000
744,1,740,25191582999,1783475733683437000
744,2,738,25467617999,1783475733866750000
744,3,743,25175968000,1783475733683470000
745,0,745,25200526999,1783475733715182000
745,1,741,25223615999,1783475733715191000
745,2,739,25499646999,1783475733898763000
745,3,744,25208010666,1783475733715236000
746,0,746,25232547999,1783475733747325000
746,1,742,25255649000,1783475733747352000
746,2,740,25531676000,1783475733930786000
746,3,745,25240053332,1783475733747377000
747,0,747,25264569000,1783475733779312000
747,1,743,25287681999,1783475733779318000
747,2,741,25563704999,1783475733962844000
747,3,746,25272096000,1783475733779346000
748,0,748,25296589999,1783475733811429000
748,1,744,25319714999,1783475733811444000
748,2,742,25595733999,1783475733994829000
748,3,747,25304138666,1783475733811494000
749,0,749,25328610999,1783475733843440000
749,1,745,25351748000,1783475733843467000
749,2,743,25627763000,1783475734026832000
749,3,748,25336181332,1783475733843455000
750,0,750,25360632000,1783475733875351000
750,1,746,25383780999,1783475733875357000
750,2,744,25659791999,1783475734058955000
750,3,749,25432309332,1783475733875356000
751,0,751,25392652999,1783475733907795000
751,1,747,25415813999,1783475733907791000
751,2,745,25691820999,1783475734090947000
751,3,750,25464352000,1783475733907797000
752,0,752,25424673999,1783475733939290000
752,1,748,25447847000,1783475733939280000
752,2,746,25723850000,1783475734122962000
752,3,751,25496394666,1783475733939308000
753,0,753,25456695000,1783475733971479000
753,1,749,25479879999,1783475733971483000
753,2,747,25755878999,1783475734155005000
753,3,752,25528437332,1783475733971484000
754,0,754,25488715999,1783475734003315000
754,1,750,25511912999,1783475734003321000
754,2,748,25787907999,1783475734187007000
754,3,753,25560480000,1783475734003342000
755,0,755,25520736999,1783475734035407000
755,1,751,25543946000,1783475734035424000
755,2,749,25819937000,1783475734219035000
755,3,754,25592522666,1783475734035417000
756,0,756,25552758000,1783475734067656000
756,1,752,25575978999,1783475734067656000
756,2,750,25851965999,1783475734251085000
756,3,755,25624565332,1783475734067655000
757,0,757,25584778999,1783475734099555000
757,1,753,25608011999,1783475734099559000
757,2,751,25883994999,1783475734283073000
757,3,756,25656608000,1783475734099550000
758,0,758,25616799999,1783475734131501000
758,1,754,25640045000,1783475734131486000
758,2,752,25916024000,1783475734315102000
758,3,757,25688650666,1783475734131499000
759,0,759,25648821000,1783475734163487000
759,1,755,25672077999,1783475734163488000
759,2,753,25948052999,1783475734347170000
759,3,758,25720693332,1783475734163488000
760,0,760,25680841999,1783475734195532000
760,1,756,25704110999,1783475734195519000
760,2,754,25980081999,1783475734379169000
760,3,759,25752736000,1783475734195525000
761,0,761,25712862999,1783475734227609000
761,1,757,25736144000,1783475734227657000
761,2,755,26012111000,1783475734411195000
761,3,760,25784778666,1783475734227584000
762,0,762,25744884000,1783475734259631000
762,1,758,25768176999,1783475734259628000
762,2,756,26044139999,1783475734443299000
762,3,761,25816821332,1783475734259629000
763,0,763,25776904999,1783475734291694000
763,1,759,25800209999,1783475734291668000
763,2,757,26076168999,1783475734475263000
763,3,762,25848864000,1783475734291660000
764,0,764,25808925999,1783475734323642000
764,1,760,25832243000,1783475734323654000
764,2,758,26108198000,1783475734507285000
764,3,763,25880906666,1783475734323645000
765,0,765,25840947000,1783475734355718000
765,1,761,25864275999,1783475734355727000
765,2,759,26140226999,1783475734539377000
765,3,764,25912949332,1783475734355717000
766,0,766,25872967999,1783475734387719000
766,1,762,25896308999,1783475734387724000
766,2,760,26172255999,1783475734571417000
766,3,765,25944992000,1783475734387724000
767,0,767,25904988999,1783475734419851000
767,1,763,25928342000,1783475734419880000
767,2,761,26204285000,1783475734603369000
767,3,766,25977034666,1783475734419841000
768,0,768,25937010000,1783475734451916000
768,1,764,25960374999,1783475734451942000
768,2,762,26236313999,1783475734635523000
768,3,767,26009077332,1783475734451959000
769,0,769,25969030999,1783475734483804000
769,1,765,25992407999,1783475734483813000
769,2,763,26268342999,1783475734667487000
769,3,768,26041120000,1783475734483815000
770,0,770,26001051999,1783475734515829000
770,1,766,26024441000,1783475734515814000
770,2,764,26300372000,1783475734699534000
770,3,769,26073162666,1783475734515868000
771,0,771,26033073000,1783475734547997000
771,1,767,26056473999,1783475734548016000
771,2,765,26332400999,1783475734731479000
771,3,770,26105205332,1783475734547971000
772,0,772,26065093999,1783475734579904000
772,1,768,26088506999,1783475734579895000
772,2,766,26364429999,1783475734763521000
772,3,771,26137248000,1783475734579898000
773,0,773,26097114999,1783475734612013000
773,1,769,26120540000,1783475734612027000
773,2,767,26396459000,1783475734795612000
773,3,772,26169290666,1783475734612010000
774,0,774,26129136000,1783475734644187000
774,1,770,26152572999,1783475734644188000
774,2,768,26428487999,1783475734827618000
774,3,773,26201333332,1783475734644186000
775,0,775,26161156999,1783475734676172000
775,1,771,26184605999,1783475734676176000
775,2,769,26460516999,1783475734859626000
775,3,774,26233376000,1783475734676162000
776,0,776,26193177999,1783475734708175000
776,1,772,26216639000,1783475734708190000
776,2,770,26492546000,1783475734891714000
776,3,775,26265418666,1783475734708206000
777,0,777,26225199000,1783475734740019000
777,1,773,26248671999,1783475734740021000
777,2,771,26524574999,1783475734923686000
777,3,776,26297461332,1783475734740039000
778,0,778,26257219999,1783475734772139000
778,1,774,26280704999,1783475734772153000
778,2,772,26556603999,1783475734955679000
778,3,777,26329504000,1783475734772152000
779,0,779,26289240999,1783475734804184000
779,1,775,26312738000,1783475734804166000
779,2,773,26588633000,1783475734987780000
779,3,778,26361546666,1783475734804184000
780,0,780,26321262000,1783475734836250000
780,1,776,26344770999,1783475734836225000
780,2,774,26620661999,1783475735019792000
780,3,779,26393589332,1783475734836249000
781,0,781,26353282999,1783475734868267000
781,1,777,26376803999,1783475734868277000
781,2,775,26652690999,1783475735051777000
781,3,780,26425632000,1783475734868290000
782,0,782,26385303999,1783475734900354000
782,1,778,26408837000,1783475734900346000
782,2,776,26684720000,1783475735083852000
782,3,781,26457674666,1783475734900352000
783,0,783,26481366999,1783475734932247000
783,1,779,26440869999,1783475734932251000
783,2,777,26716748999,1783475735115851000
783,3,782,26489717332,1783475734932247000
784,0,784,26513388000,1783475734964280000
784,1,780,26472902999,1783475734964292000
784,2,778,26748777999,1783475735147911000
784,3,783,26521760000,1783475734964294000
785,0,785,26545408999,1783475734996403000
785,1,781,26504936000,1783475734996402000
785,2,779,26780807000,1783475735179944000
785,3,784,26553802666,1783475734996404000
786,0,786,26577429999,1783475735028366000
786,1,782,26536968999,1783475735028379000
786,2,780,26812835999,1783475735211934000
786,3,785,26585845332,1783475735028375000
787,0,787,26609451000,1783475735060321000
787,1,783,26569001999,1783475735060330000
787,2,781,26844864999,1783475735243999000
787,3,786,26617888000,1783475735060338000
788,0,788,26641471999,1783475735092444000
788,1,784,26601035000,1783475735092422000
788,2,782,26876894000,1783475735275992000
788,3,787,26649930666,1783475735092446000
789,0,789,26673492999,1783475735124393000
789,1,785,26633067999,1783475735124441000
789,2,783,26908922999,1783475735308012000
789,3,788,26681973332,1783475735124401000
790,0,790,26705514000,1783475735156580000
790,1,786,26665100999,1783475735156553000
790,2,784,26940951999,1783475735340097000
790,3,789,26714016000,1783475735156575000
791,0,791,26737534999,1783475735188553000
791,1,787,26697134000,1783475735188537000
791,2,785,26972981000,1783475735372085000
791,3,790,26746058666,1783475735188564000
792,0,792,26769555999,1783475735220518000
792,1,788,26729166999,1783475735220523000
792,2,786,27005009999,1783475735404102000
792,3,791,26778101332,1783475735220539000
793,0,793,26801577000,1783475735252552000
793,1,789,26761199999,1783475735252549000
793,2,787,27101096999,1783475735500256000
793,3,792,26810144000,1783475735252573000
794,0,794,26833597999,1783475735284558000
794,1,790,26793233000,1783475735284538000
794,2,788,27133125999,1783475735532236000
794,3,793,26842186666,1783475735284579000
795,0,795,26865618999,1783475735316570000
795,1,791,26825265999,1783475735316558000
795,2,789,27165155000,1783475735564291000
795,3,794,26874229332,1783475735316574000
796,0,796,26897640000,1783475735348863000
796,1,792,26857298999,1783475735348878000
796,2,790,27197183999,1783475735596281000
796,3,795,26906272000,1783475735348866000
797,0,797,26929660999,1783475735380669000
797,1,793,26889332000,1783475735380665000
797,2,791,27229212999,1783475735628328000
797,3,796,26938314666,1783475735380705000
798,0,798,26961681999,1783475735412668000
798,1,794,26921364999,1783475735412662000
798,2,792,27261242000,1783475735660378000
798,3,797,26970357332,1783475735412667000
799,0,799,26993703000,1783475735508908000
799,1,795,26953397999,1783475735508908000
799,2,793,27293270999,1783475735692426000
799,3,798,27002400000,1783475735508918000
800,0,800,27025723999,1783475735540781000
800,1,796,26985431000,1783475735540794000
800,2,794,27325299999,1783475735724436000
800,3,799,27034442666,1783475735540792000
801,0,801,27057744999,1783475735572933000
801,1,797,27081530000,1783475735572931000
801,2,795,27357329000,1783475735756482000
801,3,800,27066485332,1783475735572931000
802,0,802,27089766000,1783475735604847000
802,1,798,27113562999,1783475735605110000
802,2,796,27389357999,1783475735788488000
802,3,801,27098528000,1783475735604856000
803,0,803,27121786999,1783475735636957000
803,1,799,27145595999,1783475735636949000
803,2,797,27421386999,1783475735820507000
803,3,802,27130570666,1783475735636961000
804,0,804,27153807999,1783475735669104000
804,1,800,27177629000,1783475735669151000
804,2,798,27453416000,1783475735852550000
804,3,803,27162613332,1783475735669125000
805,0,805,27185829000,1783475735701101000
805,1,801,27209661999,1783475735701097000
805,2,799,27485444999,1783475735884594000
805,3,804,27194656000,1783475735701102000
806,0,806,27217849999,1783475735732998000
806,1,802,27241694999,1783475735733006000
806,2,800,27517473999,1783475735916583000
806,3,805,27226698666,1783475735732998000
807,0,807,27249870999,1783475735765151000
807,1,803,27273728000,1783475735765146000
807,2,801,27549503000,1783475735948653000
807,3,806,27258741332,1783475735765193000
808,0,808,27281892000,1783475735797124000
808,1,804,27305760999,1783475735797126000
808,2,802,27581531999,1783475735980661000
808,3,807,27290784000,1783475735797134000
809,0,809,27313912999,1783475735829190000
809,1,805,27337793999,1783475735829187000
809,2,803,27613560999,1783475736012701000
809,3,808,27322826666,1783475735829188000
810,0,810,27345933999,1783475735861097000
810,1,806,27369827000,1783475735861095000
810,2,804,27645590000,1783475736044701000
810,3,809,27354869332,1783475735861104000
811,0,811,27377955000,1783475735893165000
811,1,807,27401859999,1783475735893165000
811,2,805,27677618999,1783475736076704000
811,3,810,27386912000,1783475735893198000
812,0,812,27409975999,1783475735925157000
812,1,808,27433892999,1783475735925156000
812,2,806,27709647999,1783475736108786000
812,3,811,27418954666,1783475735925158000
813,0,813,27441996999,1783475735957186000
813,1,809,27465926000,1783475735957206000
813,2,807,27741677000,1783475736140790000
813,3,812,27450997332,1783475735957191000
814,0,814,27474018000,1783475735989331000
814,1,810,27497958999,1783475735989322000
814,2,808,27773705999,1783475736172834000
814,3,813,27483040000,1783475735989342000
815,0,815,27506038999,1783475736021322000
815,1,811,27529991999,1783475736021318000
815,2,809,27805734999,1783475736204883000
815,3,814,27515082666,1783475736021338000
816,0,816,27538059999,1783475736053164000
816,1,812,27562025000,1783475736053178000
816,2,810,27837764000,1783475736236854000
816,3,815,27547125332,1783475736053192000
817,0,817,27570081000,1783475736085244000
817,1,813,27594057999,1783475736085240000
817,2,811,27869792999,1783475736268921000
817,3,816,27579168000,1783475736085254000
818,0,818,27602101999,1783475736117329000
818,1,814,27626090999,1783475736117316000
818,2,812,27901821999,1783475736300917000
818,3,817,27611210666,1783475736117329000
819,0,819,27634122999,1783475736149389000
819,1,815,27658124000,1783475736149389000
819,2,813,27933851000,1783475736332997000
819,3,818,27643253332,1783475736149391000
820,0,820,27666144000,1783475736181462000
820,1,816,27690156999,1783475736181487000
820,2,814,27965879999,1783475736365002000
820,3,819,27675296000,1783475736181472000
821,0,821,27698164999,1783475736213479000
821,1,817,27722189999,1783475736213480000
821,2,815,27997908999,1783475736397029000
821,3,820,27707338666,1783475736213489000
822,0,822,27730185999,1783475736245491000
822,1,818,27754223000,1783475736245499000
822,2,816,28029938000,1783475736429047000
822,3,821,27739381332,1783475736245488000
823,0,823,27762207000,1783475736277527000
823,1,819,27786255999,1783475736277544000
823,2,817,28061966999,1783475736461095000
823,3,822,27771424000,1783475736277556000
824,0,824,27794227999,1783475736309477000
824,1,820,27818288999,1783475736309480000
824,2,818,28093995999,1783475736493146000
824,3,823,27803466666,1783475736309479000
825,0,825,27826248999,1783475736341660000
825,1,821,27850322000,1783475736341669000
825,2,819,28126025000,1783475736525111000
825,3,824,27835509332,1783475736341660000
826,0,826,27858270000,1783475736373604000
826,1,822,27882354999,1783475736373603000
826,2,820,28158053999,1783475736557324000
826,3,825,27867552000,1783475736373602000
827,0,827,27890290999,1783475736405544000
827,1,823,27914387999,1783475736405537000
827,2,821,28190082999,1783475736589209000
827,3,826,27899594666,1783475736405546000
828,0,828,27922311999,1783475736437606000
828,1,824,27946421000,1783475736437598000
828,2,822,28222112000,1783475736621196000
828,3,827,27931637332,1783475736437614000
829,0,829,27954333000,1783475736469752000
829,1,825,27978453999,1783475736469751000
829,2,823,28254140999,1783475736653261000
829,3,828,27963680000,1783475736469760000
830,0,830,27986353999,1783475736501709000
830,1,826,28010486999,1783475736501700000
830,2,824,28286169999,1783475736685315000
830,3,829,27995722666,1783475736501710000
831,0,831,28018374999,1783475736533654000
831,1,827,28042520000,1783475736533620000
831,2,825,28318199000,1783475736717341000
831,3,830,28027765332,1783475736533622000
832,0,832,28050396000,1783475736565928000
832,1,828,28074552999,1783475736565922000
832,2,826,28350227999,1783475736749323000
832,3,831,28059808000,1783475736565921000
833,0,833,28082416999,1783475736597768000
833,1,829,28106585999,1783475736597772000
833,2,827,28382256999,1783475736781352000
833,3,832,28091850666,1783475736597776000
834,0,834,28114437999,1783475736629829000
834,1,830,28138619000,1783475736629832000
834,2,828,28414286000,1783475736813433000
834,3,833,28123893332,1783475736629832000
835,0,835,28146459000,1783475736661879000
835,1,831,28170651999,1783475736661939000
835,2,829,28446314999,1783475736845410000
835,3,834,28155936000,1783475736661878000
836,0,836,28178479999,1783475736693971000
836,1,832,28202684999,1783475736693974000
836,2,830,28478343999,1783475736877476000
836,3,835,28187978666,1783475736694013000
837,0,837,28210500999,1783475736725968000
837,1,833,28234718000,1783475736725963000
837,2,831,28510373000,1783475736909473000
837,3,836,28220021332,1783475736725985000
838,0,838,28242522000,1783475736757799000
838,1,834,28266750999,1783475736757802000
838,2,832,28542401999,1783475736941502000
838,3,837,28252064000,1783475736757821000
839,0,839,28274542999,1783475736789924000
839,1,835,28298783999,1783475736789927000
839,2,833,28574430999,1783475736973559000
839,3,838,28284106666,1783475736789931000
840,0,840,28306563999,1783475736821984000
840,1,836,28330817000,1783475736821983000
840,2,834,28606460000,1783475737005561000
840,3,839,28316149332,1783475736821999000
841,0,841,28338585000,1783475736853970000
841,1,837,28362849999,1783475736853975000
841,2,835,28638488999,1783475737037624000
841,3,840,28348192000,1783475736853985000
842,0,842,28370605999,1783475736886022000
842,1,838,28394882999,1783475736886023000
842,2,836,28670517999,1783475737069630000
842,3,841,28380234666,1783475736886038000
843,0,843,28402626999,1783475736917997000
843,1,839,28426916000,1783475736917997000
843,2,837,28702547000,1783475737101659000
843,3,842,28412277332,1783475736917981000
844,0,844,28434648000,1783475736950071000
844,1,840,28458948999,1783475736950075000
844,2,838,28734575999,1783475737133693000
844,3,843,28444320000,1783475736950095000
845,0,845,28466668999,1783475736982071000
845,1,841,28490981999,1783475736982078000
845,2,839,28766604999,1783475737165753000
845,3,844,28476362666,1783475736982078000
846,0,846,28498689999,1783475737014126000
846,1,842,28523015000,1783475737014130000
846,2,840,28798634000,1783475737197720000
846,3,845,28508405332,1783475737014145000
847,0,847,28530711000,1783475737046200000
847,1,843,28555047999,1783475737046202000
847,2,841,28830662999,1783475737229741000
847,3,846,28540448000,1783475737046206000
848,0,848,28562731999,1783475737078167000
848,1,844,28587080999,1783475737078209000
848,2,842,28862691999,1783475737261848000
848,3,847,28572490666,1783475737078152000
849,0,849,28594752999,1783475737110176000
849,1,845,28619114000,1783475737110179000
849,2,843,28894721000,1783475737293825000
849,3,848,28604533332,1783475737110197000
850,0,850,28626774000,1783475737142260000
850,1,846,28651146999,1783475737142272000
850,2,844,28926749999,1783475737325879000
850,3,849,28636576000,1783475737142271000
851,0,851,28658794999,1783475737174381000
851,1,847,28683179999,1783475737174343000
851,2,845,28958778999,1783475737358029000
851,3,850,28668618666,1783475737174321000
852,0,852,28690815999,1783475737206235000
852,1,848,28715213000,1783475737206252000
852,2,846,28990808000,1783475737389923000
852,3,851,28700661332,1783475737206265000
853,0,853,28722837000,1783475737238266000
853,1,849,28747245999,1783475737238267000
853,2,847,29022836999,1783475737421959000
853,3,852,28732704000,1783475737238279000
854,0,854,28754857999,1783475737270414000
854,1,850,28779278999,1783475737270427000
854,2,848,29054865999,1783475737454000000
854,3,853,28764746666,1783475737270419000
855,0,855,28786878999,1783475737302291000
855,1,851,28811312000,1783475737302305000
855,2,849,29086895000,1783475737485990000
855,3,854,28796789332,1783475737302280000
856,0,856,28818900000,1783475737334524000
856,1,852,28843344999,1783475737334524000
856,2,850,29118923999,1783475737518032000
856,3,855,28828832000,1783475737334506000
857,0,857,28850920999,1783475737366666000
857,1,853,28875377999,1783475737366664000
857,2,851,29150952999,1783475737550055000
857,3,856,28860874666,1783475737366635000
858,0,858,28882941999,1783475737398498000
858,1,854,28907411000,1783475737398497000
858,2,852,29182982000,1783475737582088000
858,3,857,28892917332,1783475737398467000
859,0,859,28914963000,1783475737430527000
859,1,855,28939443999,1783475737430517000
859,2,853,29215010999,1783475737614126000
859,3,858,28924960000,1783475737430526000
860,0,860,28946983999,1783475737462605000
860,1,856,28971476999,1783475737462584000
860,2,854,29247039999,1783475737646180000
860,3,859,28957002666,1783475737462587000
861,0,861,28979004999,1783475737494561000
861,1,857,29003510000,1783475737494523000
861,2,855,29279069000,1783475737678225000
861,3,860,28989045332,1783475737494537000
862,0,862,29011026000,1783475737526543000
862,1,858,29035542999,1783475737526542000
862,2,856,29311097999,1783475737710313000
862,3,861,29021088000,1783475737526532000
863,0,863,29043046999,1783475737558653000
863,1,859,29067575999,1783475737558636000
863,2,857,29343126999,1783475737742221000
863,3,862,29053130666,1783475737558625000
864,0,864,29075067999,1783475737590685000
864,1,860,29099609000,1783475737590686000
864,2,858,29375156000,1783475737774300000
864,3,863,29085173332,1783475737590664000
865,0,865,29107089000,1783475737622644000
865,1,861,29131641999,1783475737622655000
865,2,859,29407184999,1783475737806325000
865,3,864,29117216000,1783475737622626000
866,0,866,29139109999,1783475737654816000
866,1,862,29163674999,1783475737654814000
866,2,860,29439213999,1783475737838307000
866,3,865,29149258666,1783475737654802000
867,0,867,29171130999,1783475737686915000
867,1,863,29195708000,1783475737686915000
867,2,861,29471243000,1783475737870328000
867,3,866,29181301332,1783475737686875000
868,0,868,29203152000,1783475737719023000
868,1,864,29227740999,1783475737719021000
868,2,862,29503271999,1783475737902402000
868,3,867,29213344000,1783475737719008000
869,0,869,29235172999,1783475737750805000
869,1,865,29259773999,1783475737750801000
869,2,863,29535300999,1783475737934494000
869,3,868,29245386666,1783475737750799000
870,0,870,29267193999,1783475737782916000
870,1,866,29291807000,1783475737782914000
870,2,864,29567330000,1783475737966432000
870,3,869,29277429332,1783475737782855000
871,0,871,29299215000,1783475737814966000
871,1,867,29323839999,1783475737814972000
871,2,865,29599358999,1783475737998498000
871,3,870,29309472000,1783475737814889000
872,0,872,29331235999,1783475737846794000
872,1,868,29355872999,1783475737846811000
872,2,866,29631387999,1783475738030478000
872,3,871,29341514666,1783475737846799000
873,0,873,29363256999,1783475737878963000
873,1,869,29387906000,1783475737878974000
873,2,867,29663417000,1783475738062536000
873,3,872,29373557332,1783475737878989000
874,0,874,29395278000,1783475737910990000
874,1,870,29419938999,1783475737911070000
874,2,868,29695445999,1783475738094579000
874,3,873,29405600000,1783475737911055000
875,0,875,29427298999,1783475737943106000
875,1,871,29451971999,1783475737943182000
875,2,869,29727474999,1783475738126578000
875,3,874,29437642666,1783475737943125000
876,0,876,29459319999,1783475737975019000
876,1,872,29484005000,1783475737975047000
876,2,870,29759504000,1783475738158650000
876,3,875,29469685332,1783475737975034000
877,0,877,29491341000,1783475738007019000
877,1,873,29516037999,1783475738007088000
877,2,871,29791532999,1783475738190630000
877,3,876,29501728000,1783475738007033000
878,0,878,29523361999,1783475738038924000
878,1,874,29548070999,1783475738038997000
878,2,872,29823561999,1783475738222693000
878,3,877,29533770666,1783475738038942000
879,0,879,29555382999,1783475738071202000
879,1,875,29580104000,1783475738071169000
879,2,873,29855591000,1783475738254726000
879,3,878,29565813332,1783475738071156000
880,0,880,29587404000,1783475738103101000
880,1,876,29612136999,1783475738103110000
880,2,874,29887619999,1783475738286730000
880,3,879,29597856000,1783475738103079000
881,0,881,29619424999,1783475738135123000
881,1,877,29644169999,1783475738135149000
881,2,875,29919648999,1783475738318768000
881,3,880,29629898666,1783475738135134000
882,0,882,29651445999,1783475738167214000
882,1,878,29676203000,1783475738167279000
882,2,876,29951678000,1783475738350842000
882,3,881,29661941332,1783475738167218000
883,0,883,29683467000,1783475738199171000
883,1,879,29708235999,1783475738199189000
883,2,877,29983706999,1783475738382803000
883,3,882,29693984000,1783475738199201000
884,0,884,29715487999,1783475738231245000
884,1,880,29740268999,1783475738231286000
884,2,878,30015735999,1783475738414835000
884,3,883,29726026666,1783475738231246000
885,0,885,29747508999,1783475738263247000
885,1,881,29772302000,1783475738263300000
885,2,879,30047765000,1783475738446900000
885,3,884,29758069332,1783475738263260000
886,0,886,29779530000,1783475738295221000
886,1,882,29804334999,1783475738295255000
886,2,880,30079793999,1783475738478890000
886,3,885,29790112000,1783475738295219000
887,0,887,29811550999,1783475738327340000
887,1,883,29836367999,1783475738327343000
887,2,881,30111822999,1783475738510940000
887,3,886,29822154666,1783475738327356000
888,0,888,29843571999,1783475738359358000
888,1,884,29868401000,1783475738359412000
888,2,882,30143852000,1783475738542949000
888,3,887,29854197332,1783475738359368000
889,0,889,29875593000,1783475738391340000
889,1,885,29900433999,1783475738391406000
889,2,883,30175880999,1783475738574985000
889,3,888,29886240000,1783475738391410000
890,0,890,29907613999,1783475738423337000
890,1,886,29932466999,1783475738423404000
890,2,884,30207909999,1783475738607027000
890,3,889,29918282666,1783475738423393000
891,0,891,29939634999,1783475738455400000
891,1,887,29964500000,1783475738455463000
891,2,885,30239939000,1783475738639102000
891,3,890,29950325332,1783475738455408000
892,0,892,29971656000,1783475738487464000
892,1,888,29996532999,1783475738487482000
892,2,886,30271967999,1783475738671114000
892,3,891,29982368000,1783475738487487000
893,0,893,30003676999,1783475738519422000
893,1,889,30028565999,1783475738519445000
893,2,887,30303996999,1783475738703159000
893,3,892,30014410666,1783475738519418000
894,0,894,30035697999,1783475738551453000
894,1,890,30060599000,1783475738551464000
894,2,888,30336026000,1783475738735207000
894,3,893,30046453332,1783475738551471000
895,0,895,30067719000,1783475738583552000
895,1,891,30092631999,1783475738583593000
895,2,889,30368054999,1783475738767182000
895,3,894,30078496000,1783475738583592000
896,0,896,30099739999,1783475738615565000
896,1,892,30124664999,1783475738615587000
896,2,890,30400083999,1783475738799221000
896,3,895,30110538666,1783475738615590000
897,0,897,30131760999,1783475738647644000
897,1,893,30156698000,1783475738647689000
897,2,891,30432113000,1783475738831231000
897,3,896,30142581332,1783475738647654000
898,0,898,30163782000,1783475738679811000
898,1,894,30188730999,1783475738679809000
898,2,892,30464141999,1783475738863306000
898,3,897,30174624000,1783475738679809000
899,0,899,30195802999,1783475738711961000
899,1,895,30220763999,1783475738711963000
899,2,893,30496170999,1783475738895303000
899,3,898,30206666666,1783475738711961000
900,0,900,30227823999,1783475738743724000
900,1,896,30252797000,1783475738743761000
900,2,894,30528200000,1783475738927329000
900,3,899,30238709332,1783475738743729000
901,0,901,30259845000,1783475738775824000
901,1,897,30284829999,1783475738775804000
901,2,895,30560228999,1783475738959319000
901,3,900,30270752000,1783475738775821000
902,0,902,30291865999,1783475738807718000
902,1,898,30316862999,1783475738807763000
902,2,896,30592257999,1783475738991356000
902,3,901,30302794666,1783475738807739000
903,0,903,30323886999,1783475738839704000
903,1,899,30348896000,1783475738839773000
903,2,897,30624287000,1783475739023441000
903,3,902,30334837332,1783475738839738000
904,0,904,30355908000,1783475738872030000
904,1,900,30380928999,1783475738872068000
904,2,898,30656315999,1783475739055429000
904,3,903,30366880000,1783475738872046000
905,0,905,30387928999,1783475738903888000
905,1,901,30412961999,1783475738903884000
905,2,899,30688344999,1783475739087445000
905,3,904,30398922666,1783475738903886000
906,0,906,30419949999,1783475738935845000
906,1,902,30444995000,1783475738935928000
906,2,900,30720374000,1783475739119482000
906,3,905,30430965332,1783475738935874000
907,0,907,30451971000,1783475738967848000
907,1,903,30477027999,1783475738967876000
907,2,901,30752402999,1783475739151527000
907,3,906,30463008000,1783475738967865000
908,0,908,30483991999,1783475738999909000
908,1,904,30509060999,1783475738999934000
908,2,902,30784431999,1783475739183541000
908,3,907,30495050666,1783475738999922000
909,0,909,30516012999,1783475739031947000
909,1,905,30541094000,1783475739032017000
909,2,903,30816461000,1783475739215567000
909,3,908,30527093332,1783475739031947000
910,0,910,30548034000,1783475739063972000
910,1,906,30573126999,1783475739063979000
910,2,904,30848489999,1783475739247652000
910,3,909,30559136000,1783475739063969000
911,0,911,30580054999,1783475739095982000
911,1,907,30605159999,1783475739096001000
911,2,905,30880518999,1783475739279640000
911,3,910,30591178666,1783475739096004000
912,0,912,30612075999,1783475739128007000
912,1,908,30637193000,1783475739128083000
912,2,906,30912548000,1783475739311659000
912,3,911,30623221332,1783475739128008000
913,0,913,30644097000,1783475739160110000
913,1,909,30669225999,1783475739160165000
913,2,907,30944576999,1783475739343681000
913,3,912,30655264000,1783475739160121000
914,0,914,30676117999,1783475739192116000
914,1,910,30701258999,1783475739192116000
914,2,908,30976605999,1783475739375703000
914,3,913,30687306666,1783475739192118000
915,0,915,30708138999,1783475739224080000
915,1,911,30733292000,1783475739224108000
915,2,909,31008635000,1783475739407746000
915,3,914,30719349332,1783475739224080000
916,0,916,30740160000,1783475739256264000
916,1,912,30765324999,1783475739256279000
916,2,910,31040663999,1783475739439745000
916,3,915,30751392000,1783475739256263000
917,0,917,30772180999,1783475739288259000
917,1,913,30797357999,1783475739288294000
917,2,911,31072692999,1783475739471788000
917,3,916,30783434666,1783475739288278000
918,0,918,30804201999,1783475739320173000
918,1,914,30829391000,1783475739320197000
918,2,912,31104722000,1783475739503848000
918,3,917,30815477332,1783475739320170000
919,0,919,30836223000,1783475739352181000
919,1,915,30861423999,1783475739352204000
919,2,913,31136750999,1783475739535833000
919,3,918,30847520000,1783475739352181000
920,0,920,30868243999,1783475739384427000
920,1,916,30893456999,1783475739384408000
920,2,914,31168779999,1783475739567926000
920,3,919,30879562666,1783475739384412000
921,0,921,30900264999,1783475739416251000
921,1,917,30925490000,1783475739416280000
921,2,915,31200809000,1783475739599937000
921,3,920,30911605332,1783475739416259000
922,0,922,30932286000,1783475739448229000
922,1,918,30957522999,1783475739448266000
922,2,916,31232837999,1783475739631940000
922,3,921,30943648000,1783475739448225000
923,0,923,30964306999,1783475739480414000
923,1,919,30989555999,1783475739480390000
923,2,917,31264866999,1783475739664006000
923,3,922,30975690666,1783475739480386000
924,0,924,30996327999,1783475739512748000
924,1,920,31021589000,1783475739512398000
924,2,918,31296896000,1783475739696004000
924,3,923,31007733332,1783475739512389000
925,0,925,31028349000,1783475739544822000
925,1,921,31053621999,1783475739544782000
925,2,919,31328924999,1783475739728093000
925,3,924,31039776000,1783475739544784000
926,0,926,31060369999,1783475739576608000
926,1,922,31085654999,1783475739576604000
926,2,920,31360953999,1783475739760064000
926,3,925,31071818666,1783475739576606000
927,0,927,31092390999,1783475739608565000
927,1,923,31117688000,1783475739608548000
927,2,921,31392983000,1783475739792095000
927,3,926,31103861332,1783475739608538000
928,0,928,31124412000,1783475739640576000
928,1,924,31149720999,1783475739640563000
928,2,922,31425011999,1783475739824145000
928,3,927,31135904000,1783475739640568000
929,0,929,31156432999,1783475739672654000
929,1,925,31181753999,1783475739672651000
929,2,923,31457040999,1783475739856145000
929,3,928,31167946666,1783475739672654000
930,0,930,31188453999,1783475739704602000
930,1,926,31213787000,1783475739704593000
930,2,924,31489070000,1783475739888165000
930,3,929,31199989332,1783475739704626000
931,0,931,31220475000,1783475739736663000
931,1,927,31245819999,1783475739736665000
931,2,925,31521098999,1783475739920225000
931,3,930,31232032000,1783475739736658000
932,0,932,31252495999,1783475739768634000
932,1,928,31277852999,1783475739768633000
932,2,926,31553127999,1783475739952235000
932,3,931,31264074666,1783475739768644000
933,0,933,31284516999,1783475739800713000
933,1,929,31309886000,1783475739800714000
933,2,927,31585157000,1783475739984285000
933,3,932,31296117332,1783475739800860000
934,0,934,31316538000,1783475739833040000
934,1,930,31341918999,1783475739833021000
934,2,928,31617185999,1783475740016288000
934,3,933,31328160000,1783475739833033000
935,0,935,31348558999,1783475739864698000
935,1,931,31373951999,1783475739864695000
935,2,929,31649214999,1783475740048344000
935,3,934,31360202666,1783475739864706000
936,0,936,31380579999,1783475739896804000
936,1,932,31405985000,1783475739896792000
936,2,930,31681244000,1783475740080336000
936,3,935,31392245332,1783475739896834000
937,0,937,31412601000,1783475739928829000
937,1,933,31438017999,1783475739928873000
937,2,931,31713272999,1783475740112390000
937,3,936,31424288000,1783475739928789000
938,0,938,31444621999,1783475739960847000
938,1,934,31470050999,1783475739960837000
938,2,932,31745301999,1783475740144444000
938,3,937,31456330666,1783475739960855000
939,0,939,31476642999,1783475739992886000
939,1,935,31502084000,1783475739992877000
939,2,933,31777331000,1783475740176451000
939,3,938,31488373332,1783475739992892000
940,0,940,31508664000,1783475740024822000
940,1,936,31534116999,1783475740024822000
940,2,934,31809359999,1783475740208491000
940,3,939,31520416000,1783475740024844000
941,0,941,31540684999,1783475740056920000
941,1,937,31566149999,1783475740056919000
941,2,935,31841388999,1783475740240497000
941,3,940,31552458666,1783475740056918000
942,0,942,31572705999,1783475740088949000
942,1,938,31598183000,1783475740088937000
942,2,936,31873418000,1783475740272510000
942,3,941,31584501332,1783475740088935000
943,0,943,31604727000,1783475740120946000
943,1,939,31630215999,1783475740120947000
943,2,937,31905446999,1783475740304564000
943,3,942,31616544000,1783475740120943000
944,0,944,31636747999,1783475740153189000
944,1,940,31662248999,1783475740153131000
944,2,938,31937475999,1783475740336566000
944,3,943,31648586666,1783475740153133000
945,0,945,31668768999,1783475740185075000
945,1,941,31694282000,1783475740185060000
945,2,939,31969505000,1783475740368634000
945,3,944,31680629332,1783475740185045000
946,0,946,31700790000,1783475740217083000
946,1,942,31726314999,1783475740217084000
946,2,940,32001533999,1783475740400642000
946,3,945,31712672000,1783475740217082000
947,0,947,31732810999,1783475740249028000
947,1,943,31758347999,1783475740249022000
947,2,941,32033562999,1783475740432648000
947,3,946,31744714666,1783475740249025000
948,0,948,31764831999,1783475740281106000
948,1,944,31790381000,1783475740281098000
948,2,942,32065592000,1783475740464691000
948,3,947,31776757332,1783475740281109000
949,0,949,31796853000,1783475740313113000
949,1,945,31822413999,1783475740313124000
949,2,943,32097620999,1783475740496777000
949,3,948,31808800000,1783475740313114000
950,0,950,31828873999,1783475740345111000
950,1,946,31854446999,1783475740345103000
950,2,944,32129649999,1783475740528752000
950,3,949,31840842666,1783475740345123000
951,0,951,31860894999,1783475740377327000
951,1,947,31886480000,1783475740377295000
951,2,945,32161679000,1783475740560781000
951,3,950,31872885332,1783475740377270000
952,0,952,31892916000,1783475740409209000
952,1,948,31918512999,1783475740409208000
952,2,946,32193707999,1783475740592843000
952,3,951,31904928000,1783475740409211000
953,0,953,31924936999,1783475740441272000
953,1,949,31950545999,1783475740441260000
953,2,947,32225736999,1783475740624858000
953,3,952,31936970666,1783475740441242000
954,0,954,31956957999,1783475740473265000
954,1,950,31982579000,1783475740473253000
954,2,948,32257766000,1783475740656856000
954,3,953,31969013332,1783475740473272000
955,0,955,31988979000,1783475740505333000
955,1,951,32014611999,1783475740505335000
955,2,949,32289794999,1783475740688944000
955,3,954,32001056000,1783475740505694000
956,0,956,32020999999,1783475740537306000
956,1,952,32046644999,1783475740537315000
956,2,950,32321823999,1783475740720937000
956,3,955,32033098666,1783475740537305000
957,0,957,32053020999,1783475740569403000
957,1,953,32078678000,1783475740569369000
957,2,951,32353853000,1783475740752937000
957,3,956,32065141332,1783475740569370000
958,0,958,32085042000,1783475740601431000
958,1,954,32110710999,1783475740601777000
958,2,952,32385881999,1783475740785034000
958,3,957,32097184000,1783475740601456000
959,0,959,32117062999,1783475740633479000
959,1,955,32142743999,1783475740633471000
959,2,953,32417910999,1783475740817010000
959,3,958,32129226666,1783475740633494000
960,0,960,32149083999,1783475740665466000
960,1,956,32174777000,1783475740665464000
960,2,954,32449940000,1783475740849037000
960,3,959,32161269332,1783475740665470000
961,0,961,32181105000,1783475740697548000
961,1,957,32206809999,1783475740697550000
961,2,955,32481968999,1783475740881123000
961,3,960,32193312000,1783475740697567000
962,0,962,32213125999,1783475740729521000
962,1,958,32238842999,1783475740729524000
962,2,956,32513997999,1783475740913142000
962,3,961,32225354666,1783475740729538000
963,0,963,32245146999,1783475740761553000
963,1,959,32270876000,1783475740761590000
963,2,957,32546027000,1783475740945146000
963,3,962,32257397332,1783475740761567000
964,0,964,32277168000,1783475740793685000
964,1,960,32302908999,1783475740793683000
964,2,958,32578055999,1783475740977186000
964,3,963,32289440000,1783475740793696000
965,0,965,32309188999,1783475740825606000
965,1,961,32334941999,1783475740825603000
965,2,959,32610084999,1783475741009175000
965,3,964,32321482666,1783475740825620000
966,0,966,32341209999,1783475740857597000
966,1,962,32366975000,1783475740857895000
966,2,960,32642114000,1783475741041217000
966,3,965,32353525332,1783475740857601000
967,0,967,32373231000,1783475740889788000
967,1,963,32399007999,1783475740889789000
967,2,961,32674142999,1783475741073246000
967,3,966,32385568000,1783475740889791000
968,0,968,32405251999,1783475740921747000
968,1,964,32431040999,1783475740921748000
968,2,962,32706171999,1783475741105323000
968,3,967,32417610666,1783475740921748000
969,0,969,32437272999,1783475740953905000
969,1,965,32463074000,1783475740953904000
969,2,963,32738201000,1783475741137324000
969,3,968,32449653332,1783475740953901000
970,0,970,32469294000,1783475740985769000
970,1,966,32495106999,1783475740985772000
970,2,964,32770229999,1783475741169363000
970,3,969,32481696000,1783475740985776000
971,0,971,32501314999,1783475741017638000
971,1,967,32527139999,1783475741017660000
971,2,965,32802258999,1783475741201354000
971,3,970,32513738666,1783475741017689000
972,0,972,32533335999,1783475741049762000
972,1,968,32559173000,1783475741049764000
972,2,966,32834288000,1783475741233371000
972,3,971,32545781332,1783475741049762000
973,0,973,32565357000,1783475741081780000
973,1,969,32591205999,1783475741081807000
973,2,967,32866316999,1783475741265451000
973,3,972,32577824000,1783475741081776000
974,0,974,32597377999,1783475741114016000
974,1,970,32623238999,1783475741113993000
974,2,968,32898345999,1783475741297457000
974,3,973,32609866666,1783475741113997000
975,0,975,32629398999,1783475741145925000
975,1,971,32655272000,1783475741145915000
975,2,969,32930375000,1783475741329470000
975,3,974,32641909332,1783475741145912000
976,0,976,32661420000,1783475741177978000
976,1,972,32687304999,1783475741178022000
976,2,970,32962403999,1783475741361565000
976,3,975,32673952000,1783475741177986000
977,0,977,32693440999,1783475741209853000
977,1,973,32719337999,1783475741209854000
977,2,971,32994432999,1783475741393612000
977,3,976,32705994666,1783475741209855000
978,0,978,32725461999,1783475741241905000
978,1,974,32751371000,1783475741241901000
978,2,972,33026462000,1783475741425593000
978,3,977,32738037332,1783475741241902000
979,0,979,32757483000,1783475741274238000
979,1,975,32783403999,1783475741274065000
979,2,973,33058490999,1783475741457578000
979,3,978,32770080000,1783475741274065000
980,0,980,32789503999,1783475741305946000
980,1,976,32815436999,1783475741305978000
980,2,974,33090519999,1783475741489647000
980,3,979,32802122666,1783475741305974000
981,0,981,32821524999,1783475741338033000
981,1,977,32847470000,1783475741338039000
981,2,975,33122549000,1783475741521701000
981,3,980,32834165332,1783475741338027000
982,0,982,32853546000,1783475741370222000
982,1,978,32879502999,1783475741370239000
982,2,976,33154577999,1783475741553690000
982,3,981,32866208000,1783475741370240000
983,0,983,32885566999,1783475741402278000
983,1,979,32911535999,1783475741402305000
983,2,977,33186606999,1783475741585775000
983,3,982,32898250666,1783475741402303000
984,0,984,32917587999,1783475741434110000
984,1,980,32943569000,1783475741434476000
984,2,978,33218636000,1783475741617732000
984,3,983,32930293332,1783475741434150000
985,0,985,32949609000,1783475741466092000
985,1,981,32975601999,1783475741466106000
985,2,979,33250664999,1783475741649798000
985,3,984,32962336000,1783475741466143000
986,0,986,32981629999,1783475741498231000
986,1,982,33007634999,1783475741498235000
986,2,980,33282693999,1783475741681884000
986,3,985,32994378666,1783475741498241000
987,0,987,33013650999,1783475741530228000
987,1,983,33039668000,1783475741530233000
987,2,981,33314723000,1783475741713872000
987,3,986,33026421332,1783475741530212000
988,0,988,33045672000,1783475741562219000
988,1,984,33071700999,1783475741562244000
988,2,982,33346751999,1783475741745938000
988,3,987,33058464000,1783475741562226000
989,0,989,33077692999,1783475741594354000
989,1,985,33103733999,1783475741594394000
989,2,983,33378780999,1783475741777889000
989,3,988,33090506666,1783475741594355000
990,0,990,33109713999,1783475741626283000
990,1,986,33135767000,1783475741626300000
990,2,984,33410810000,1783475741809955000
990,3,989,33122549332,1783475741626283000
991,0,991,33141735000,1783475741658587000
991,1,987,33167799999,1783475741658394000
991,2,985,33442838999,1783475741842030000
991,3,990,33154592000,1783475741658405000
992,0,992,33173755999,1783475741690511000
992,1,988,33199832999,1783475741690508000
992,2,986,33474867999,1783475741874112000
992,3,991,33186634666,1783475741690513000
993,0,993,33205776999,1783475741722446000
993,1,989,33231866000,1783475741722482000
993,2,987,33506897000,1783475741906066000
993,3,992,33218677332,1783475741722441000
994,0,994,33237798000,1783475741754572000
994,1,990,33263898999,1783475741754585000
994,2,988,33538925999,1783475741938006000
994,3,993,33250720000,1783475741754570000
995,0,995,33269818999,1783475741786435000
995,1,991,33295931999,1783475741786466000
995,2,989,33570954999,1783475741970074000
995,3,994,33282762666,1783475741786450000
996,0,996,33301839999,1783475741818615000
996,1,992,33327965000,1783475741818624000
996,2,990,33602984000,1783475742002140000
996,3,995,33314805332,1783475741818607000
997,0,997,33333861000,1783475741850675000
997,1,993,33359997999,1783475741850739000
997,2,991,33635012999,1783475742034187000
997,3,996,33346848000,1783475741850675000
998,0,998,33365881999,1783475741882876000
998,1,994,33392030999,1783475741882879000
998,2,992,33667041999,1783475742066137000
998,3,997,33378890666,1783475741882875000
999,0,999,33397902999,1783475741914575000
999,1,995,33424064000,1783475741914602000
999,2,993,33699071000,1783475742098196000
999,3,998,33410933332,1783475741914575000
1000,0,1000,33429924000,1783475741946557000
1000,1,996,33456096999,1783475741946582000
1000,2,994,33731099999,1783475742130184000
1000,3,999,33442976000,1783475741946563000
1001,0,1001,33461944999,1783475741978669000
1001,1,997,33488129999,1783475741978692000
1001,2,995,33763128999,1783475742162235000
1001,3,1000,33475018666,1783475741978681000
1002,0,1002,33493965999,1783475742010859000
1002,1,998,33520163000,1783475742010804000
1002,2,996,33795158000,1783475742194329000
1002,3,1001,33507061332,1783475742010861000
1003,0,1003,33525987000,1783475742042746000
1003,1,999,33552195999,1783475742042784000
1003,2,997,33827186999,1783475742226273000
1003,3,1002,33539104000,1783475742042746000
1004,0,1004,33558007999,1783475742074771000
1004,1,1000,33584228999,1783475742074765000
1004,2,998,33859215999,1783475742258363000
1004,3,1003,33571146666,1783475742074768000
1005,0,1005,33590028999,1783475742106730000
1005,1,1001,33616262000,1783475742106732000
1005,2,999,33891245000,1783475742290410000
1005,3,1004,33603189332,1783475742106716000
1006,0,1006,33622050000,1783475742138696000
1006,1,1002,33648294999,1783475742138697000
1006,2,1000,33923273999,1783475742322463000
1006,3,1005,33635232000,1783475742138695000
1007,0,1007,33654070999,1783475742170823000
1007,1,1003,33680327999,1783475742170856000
1007,2,1001,33955302999,1783475742354395000
1007,3,1006,33667274666,1783475742170841000
1008,0,1008,33686091999,1783475742202982000
1008,1,1004,33712361000,1783475742203010000
1008,2,1002,33987332000,1783475742386483000
1008,3,1007,33699317332,1783475742203004000
1009,0,1009,33718113000,1783475742234823000
1009,1,1005,33744393999,1783475742234804000
1009,2,1003,34019360999,1783475742418544000
1009,3,1008,33731360000,1783475742234802000
1010,0,1010,33750133999,1783475742266899000
1010,1,1006,33776426999,1783475742266963000
1010,2,1004,34051389999,1783475742450478000
1010,3,1009,33763402666,1783475742266909000
1011,0,1011,33782154999,1783475742299106000
1011,1,1007,33808460000,1783475742299109000
1011,2,1005,34083419000,1783475742482587000
1011,3,1010,33795445332,1783475742299140000
1012,0,1012,33814176000,1783475742331068000
1012,1,1008,33840492999,1783475742331093000
1012,2,1006,34115447999,1783475742514866000
1012,3,1011,33827488000,1783475742331074000
1013,0,1013,33846196999,1783475742362861000
1013,1,1009,33872525999,1783475742362897000
1013,2,1007,34147476999,1783475742546565000
1013,3,1012,33859530666,1783475742362859000
1014,0,1014,33878217999,1783475742395125000
1014,1,1010,33904559000,1783475742395174000
1014,2,1008,34179506000,1783475742578702000
1014,3,1013,33891573332,1783475742395155000
1015,0,1015,33910239000,1783475742427123000
1015,1,1011,33936591999,1783475742427161000
1015,2,1009,34211534999,1783475742610652000
1015,3,1014,33923616000,1783475742427125000
1016,0,1016,33942259999,1783475742459024000
1016,1,1012,33968624999,1783475742459040000
1016,2,1010,34243563999,1783475742642721000
1016,3,1015,33955658666,1783475742459046000
1017,0,1017,33974280999,1783475742491135000
1017,1,1013,34000658000,1783475742491169000
1017,2,1011,34275593000,1783475742674789000
1017,3,1016,33987701332,1783475742491137000
1018,0,1018,34006302000,1783475742523459000
1018,1,1014,34032690999,1783475742523536000
1018,2,1012,34307621999,1783475742706904000
1018,3,1017,34019744000,1783475742523490000
1019,0,1019,34038322999,1783475742555144000
1019,1,1015,34064723999,1783475742555133000
1019,2,1013,34339650999,1783475742738858000
1019,3,1018,34051786666,1783475742555149000
1020,0,1020,34070343999,1783475742587265000
1020,1,1016,34096757000,1783475742587324000
1020,2,1014,34371680000,1783475742770873000
1020,3,1019,34083829332,1783475742587284000
1021,0,1021,34102365000,1783475742619219000
1021,1,1017,34128789999,1783475742619278000
1021,2,1015,34403708999,1783475742802886000
1021,3,1020,34115872000,1783475742619235000
1022,0,1022,34134385999,1783475742651401000
1022,1,1018,34160822999,1783475742651430000
1022,2,1016,34435737999,1783475742834905000
1022,3,1021,34147914666,1783475742651415000
1023,0,1023,34166406999,1783475742683557000
1023,1,1019,34192856000,1783475742683581000
1023,2,1017,34467767000,1783475742866892000
1023,3,1022,34244042666,1783475742683561000
1024,0,1024,34198428000,1783475742715719000
1024,1,1020,34224888999,1783475742715764000
1024,2,1018,34499795999,1783475742898931000
1024,3,1023,34276085332,1783475742715737000
1025,0,1025,34230448999,1783475742747548000
1025,1,1021,34256921999,1783475742747545000
1025,2,1019,34531824999,1783475742931007000
1025,3,1024,34308128000,1783475742747550000
1026,0,1026,34262469999,1783475742779485000
1026,1,1022,34288955000,1783475742779525000
1026,2,1020,34563854000,1783475742962964000
1026,3,1025,34340170666,1783475742779488000
1027,0,1027,34294491000,1783475742811661000
1027,1,1023,34320987999,1783475742811662000
1027,2,1021,34595882999,1783475742995054000
1027,3,1026,34372213332,1783475742811661000
1028,0,1028,34326511999,1783475742843543000
1028,1,1024,34353020999,1783475742843547000
1028,2,1022,34627911999,1783475743027016000
1028,3,1027,34404256000,1783475742843544000
1029,0,1029,34358532999,1783475742875599000
1029,1,1025,34385054000,1783475742875595000
1029,2,1023,34659941000,1783475743059110000
1029,3,1028,34436298666,1783475742875596000
1030,0,1030,34390554000,1783475742907493000
1030,1,1026,34417086999,1783475742907520000
1030,2,1024,34691969999,1783475743091106000
1030,3,1029,34468341332,1783475742907489000
1031,0,1031,34422574999,1783475742939648000
1031,1,1027,34449119999,1783475742939641000
1031,2,1025,34723998999,1783475743123119000
1031,3,1030,34500384000,1783475742939642000
1032,0,1032,34454595999,1783475742971653000
1032,1,1028,34481153000,1783475742971646000
1032,2,1026,34756028000,1783475743155219000
1032,3,1031,34532426666,1783475742971649000
1033,0,1033,34486617000,1783475743003707000
1033,1,1029,34513185999,1783475743003697000
1033,2,1027,34788056999,1783475743187256000
1033,3,1032,34564469332,1783475743003694000
1034,0,1034,34518637999,1783475743035567000
1034,1,1030,34545218999,1783475743035564000
1034,2,1028,34820085999,1783475743219203000
1034,3,1033,34596512000,1783475743035562000
1035,0,1035,34550658999,1783475743067715000
1035,1,1031,34577252000,1783475743067729000
1035,2,1029,34852115000,1783475743251285000
1035,3,1034,34628554666,1783475743067682000
1036,0,1036,34582680000,1783475743099702000
1036,1,1032,34609284999,1783475743099699000
1036,2,1030,34884143999,1783475743283325000
1036,3,1035,34660597332,1783475743099728000
1037,0,1037,34614700999,1783475743131754000
1037,1,1033,34641317999,1783475743131748000
1037,2,1031,34916172999,1783475743315338000
1037,3,1036,34692640000,1783475743131755000
1038,0,1038,34646721999,1783475743163925000
1038,1,1034,34673351000,1783475743163923000
1038,2,1032,34948202000,1783475743347355000
1038,3,1037,34724682666,1783475743163889000
1039,0,1039,34678743000,1783475743195965000
1039,1,1035,34705383999,1783475743195966000
1039,2,1033,34980230999,1783475743379370000
1039,3,1038,34756725332,1783475743195945000
1040,0,1040,34710763999,1783475743227848000
1040,1,1036,34737416999,1783475743227845000
1040,2,1034,35012259999,1783475743411366000
1040,3,1039,34788768000,1783475743227838000
1041,0,1041,34742784999,1783475743259880000
1041,1,1037,34769450000,1783475743259889000
1041,2,1035,35044289000,1783475743443447000
1041,3,1040,34820810666,1783475743259898000
1042,0,1042,34774806000,1783475743292003000
1042,1,1038,34801482999,1783475743291999000
1042,2,1036,35076317999,1783475743475423000
1042,3,1041,34852853332,1783475743291968000
1043,0,1043,34806826999,1783475743324013000
1043,1,1039,34833515999,1783475743324011000
1043,2,1037,35108346999,1783475743507485000
1043,3,1042,34884896000,1783475743324031000
1044,0,1044,34838847999,1783475743355934000
1044,1,1040,34865549000,1783475743355903000
1044,2,1038,35140376000,1783475743539527000
1044,3,1043,34916938666,1783475743355881000
1045,0,1045,34870869000,1783475743388006000
1045,1,1041,34897581999,1783475743388007000
1045,2,1039,35172404999,1783475743571516000
1045,3,1044,34948981332,1783475743387976000
1046,0,1046,34902889999,1783475743419974000
1046,1,1042,34929614999,1783475743419958000
1046,2,1040,35204433999,1783475743603600000
1046,3,1045,34981024000,1783475743419977000
1047,0,1047,34934910999,1783475743451999000
1047,1,1043,34961648000,1783475743452000000
1047,2,1041,35236463000,1783475743635687000
1047,3,1046,35013066666,1783475743452024000
1048,0,1048,34966932000,1783475743484008000
1048,1,1044,34993680999,1783475743484017000
1048,2,1042,35268491999,1783475743667914000
1048,3,1047,35045109332,1783475743484035000
1049,0,1049,34998952999,1783475743516081000
1049,1,1045,35025713999,1783475743516086000
1049,2,1043,35300520999,1783475743699692000
1049,3,1048,35077152000,1783475743516073000
1050,0,1050,35030973999,1783475743548074000
1050,1,1046,35057747000,1783475743548133000
1050,2,1044,35332550000,1783475743731646000
1050,3,1049,35109194666,1783475743548085000
1051,0,1051,35062995000,1783475743580093000
1051,1,1047,35089779999,1783475743580121000
1051,2,1045,35364578999,1783475743763688000
1051,3,1050,35141237332,1783475743580117000
1052,0,1052,35095015999,1783475743612137000
1052,1,1048,35121812999,1783475743612187000
1052,2,1046,35396607999,1783475743795713000
1052,3,1051,35173280000,1783475743612142000
1053,0,1053,35127036999,1783475743644800000
1053,1,1049,35153846000,1783475743644370000
1053,2,1047,35428637000,1783475743827787000
1053,3,1052,35205322666,1783475743644322000
1054,0,1054,35159058000,1783475743676734000
1054,1,1050,35185878999,1783475743676740000
1054,2,1048,35460665999,1783475743859914000
1054,3,1053,35237365332,1783475743676766000
1055,0,1055,35191078999,1783475743708293000
1055,1,1051,35217911999,1783475743708314000
1055,2,1049,35492694999,1783475743891835000
1055,3,1054,35269408000,1783475743708292000
1056,0,1056,35287141999,1783475743740204000
1056,1,1052,35249945000,1783475743740182000
1056,2,1050,35524724000,1783475743923876000
1056,3,1055,35301450666,1783475743740198000
1057,0,1057,35319162999,1783475743772197000
1057,1,1053,35281977999,1783475743772211000
1057,2,1051,35556752999,1783475743955904000
1057,3,1056,35333493332,1783475743772196000
1058,0,1058,35351184000,1783475743804341000
1058,1,1054,35314010999,1783475743804333000
1058,2,1052,35588781999,1783475743987926000
1058,3,1057,35365536000,1783475743804344000
1059,0,1059,35383204999,1783475743836457000
1059,1,1055,35346044000,1783475743836479000
1059,2,1053,35620811000,1783475744019931000
1059,3,1058,35397578666,1783475743836457000
1060,0,1060,35415225999,1783475743868566000
1060,1,1056,35378076999,1783475743868584000
1060,2,1054,35652839999,1783475744051957000
1060,3,1059,35429621332,1783475743868565000
1061,0,1061,35447247000,1783475743900446000
1061,1,1057,35410109999,1783475743900417000
1061,2,1055,35684868999,1783475744084011000
1061,3,1060,35461664000,1783475743900445000
1062,0,1062,35479267999,1783475743932517000
1062,1,1058,35442143000,1783475743932494000
1062,2,1056,35716898000,1783475744116114000
1062,3,1061,35493706666,1783475743932518000
1063,0,1063,35511288999,1783475743964509000
1063,1,1059,35474175999,1783475743964492000
1063,2,1057,35748926999,1783475744148068000
1063,3,1062,35525749332,1783475743964511000
1064,0,1064,35543310000,1783475743996484000
1064,1,1060,35506208999,1783475743996491000
1064,2,1058,35780955999,1783475744180172000
1064,3,1063,35557792000,1783475743996497000
1065,0,1065,35575330999,1783475744028532000
1065,1,1061,35538242000,1783475744028886000
1065,2,1059,35812985000,1783475744212186000
1065,3,1064,35589834666,1783475744028531000
1066,0,1066,35607351999,1783475744060540000
1066,1,1062,35570274999,1783475744060540000
1066,2,1060,35909072000,1783475744308235000
1066,3,1065,35621877332,1783475744060549000
1067,0,1067,35639373000,1783475744092625000
1067,1,1063,35602307999,1783475744092609000
1067,2,1061,35941100999,1783475744340208000
1067,3,1066,35653920000,1783475744092598000
1068,0,1068,35671393999,1783475744124793000
1068,1,1064,35634341000,1783475744124769000
1068,2,1062,35973129999,1783475744372249000
1068,3,1067,35685962666,1783475744124791000
1069,0,1069,35703414999,1783475744156718000
1069,1,1065,35666373999,1783475744156700000
1069,2,1063,36005159000,1783475744404310000
1069,3,1068,35718005332,1783475744156716000
1070,0,1070,35735436000,1783475744188859000
1070,1,1066,35698406999,1783475744188906000
1070,2,1064,36037187999,1783475744436313000
1070,3,1069,35750048000,1783475744188935000
1071,0,1071,35767456999,1783475744220909000
1071,1,1067,35730440000,1783475744220936000
1071,2,1065,36069216999,1783475744468349000
1071,3,1070,35782090666,1783475744220915000
1072,0,1072,35799477999,1783475744316952000
1072,1,1068,35762472999,1783475744316902000
1072,2,1066,36101246000,1783475744500373000
1072,3,1071,35814133332,1783475744316945000
1073,0,1073,35831499000,1783475744348757000
1073,1,1069,35794505999,1783475744348734000
1073,2,1067,36133274999,1783475744532437000
1073,3,1072,35846176000,1783475744348773000
1074,0,1074,35863519999,1783475744380815000
1074,1,1070,35890604999,1783475744380817000
1074,2,1068,36165303999,1783475744564472000
1074,3,1073,35878218666,1783475744380831000
1075,0,1075,35895540999,1783475744412948000
1075,1,1071,35922638000,1783475744412946000
1075,2,1069,36197333000,1783475744596458000
1075,3,1074,35910261332,1783475744412955000
1076,0,1076,35927562000,1783475744444949000
1076,1,1072,35954670999,1783475744444946000
1076,2,1070,36229361999,1783475744628577000
1076,3,1075,35942304000,1783475744444973000
1077,0,1077,35959582999,1783475744476864000
1077,1,1073,35986703999,1783475744476868000
1077,2,1071,36261390999,1783475744660646000
1077,3,1076,35974346666,1783475744476869000
1078,0,1078,35991603999,1783475744508975000
1078,1,1074,36018737000,1783475744508949000
1078,2,1072,36293420000,1783475744692536000
1078,3,1077,36006389332,1783475744508996000
1079,0,1079,36023625000,1783475744541109000
1079,1,1075,36050769999,1783475744541070000
1079,2,1073,36325448999,1783475744724588000
1079,3,1078,36038432000,1783475744541081000
1080,0,1080,36055645999,1783475744572983000
1080,1,1076,36082802999,1783475744572993000
1080,2,1074,36357477999,1783475744756581000
1080,3,1079,36070474666,1783475744572982000
1081,0,1081,36087666999,1783475744605064000
1081,1,1077,36114836000,1783475744605039000
1081,2,1075,36389507000,1783475744788642000
1081,3,1080,36102517332,1783475744605082000
1082,0,1082,36119688000,1783475744637390000
1082,1,1078,36146868999,1783475744637358000
1082,2,1076,36421535999,1783475744820628000
1082,3,1081,36134560000,1783475744637352000
1083,0,1083,36151708999,1783475744669268000
1083,1,1079,36178901999,1783475744669276000
1083,2,1077,36453564999,1783475744852722000
1083,3,1082,36166602666,1783475744669302000
1084,0,1084,36183729999,1783475744701095000
1084,1,1080,36210935000,1783475744701074000
1084,2,1078,36485594000,1783475744884795000
1084,3,1083,36198645332,1783475744701120000
1085,0,1085,36215751000,1783475744733143000
1085,1,1081,36242967999,1783475744733118000
1085,2,1079,36517622999,1783475744916796000
1085,3,1084,36230688000,1783475744733171000
1086,0,1086,36247771999,1783475744765146000
1086,1,1082,36275000999,1783475744765113000
1086,2,1080,36549651999,1783475744948778000
1086,3,1085,36262730666,1783475744765116000
1087,0,1087,36279792999,1783475744797258000
1087,1,1083,36307034000,1783475744797240000
1087,2,1081,36581681000,1783475744980797000
1087,3,1086,36294773332,1783475744797253000
1088,0,1088,36311814000,1783475744829161000
1088,1,1084,36339066999,1783475744829164000
1088,2,1082,36613709999,1783475745012815000
1088,3,1087,36326816000,1783475744829168000
1089,0,1089,36343834999,1783475744861267000
1089,1,1085,36371099999,1783475744861287000
1089,2,1083,36645738999,1783475745044880000
1089,3,1088,36358858666,1783475744861268000
1090,0,1090,36375855999,1783475744893320000
1090,1,1086,36403133000,1783475744893348000
1090,2,1084,36677768000,1783475745076881000
1090,3,1089,36390901332,1783475744893319000
1091,0,1091,36407877000,1783475744925494000
1091,1,1087,36435165999,1783475744925470000
1091,2,1085,36709796999,1783475745108939000
1091,3,1090,36422944000,1783475744925474000
1092,0,1092,36439897999,1783475744957287000
1092,1,1088,36467198999,1783475744957323000
1092,2,1086,36741825999,1783475745140966000
1092,3,1091,36454986666,1783475744957288000
1093,0,1093,36471918999,1783475744989367000
1093,1,1089,36499232000,1783475744989352000
1093,2,1087,36773855000,1783475745173027000
1093,3,1092,36487029332,1783475744989374000
1094,0,1094,36503940000,1783475745021316000
1094,1,1090,36531264999,1783475745021336000
1094,2,1088,36805883999,1783475745205073000
1094,3,1093,36519072000,1783475745021316000
1095,0,1095,36535960999,1783475745053465000
1095,1,1091,36563297999,1783475745053477000
1095,2,1089,36837912999,1783475745237048000
1095,3,1094,36551114666,1783475745053483000
1096,0,1096,36567981999,1783475745085721000
1096,1,1092,36595331000,1783475745085701000
1096,2,1090,36869942000,1783475745269135000
1096,3,1095,36583157332,1783475745086850000
1097,0,1097,36600003000,1783475745117503000
1097,1,1093,36627363999,1783475745117532000
1097,2,1091,36901970999,1783475745301149000
1097,3,1096,36615200000,1783475745117503000
1098,0,1098,36632023999,1783475745149608000
1098,1,1094,36659396999,1783475745149598000
1098,2,1092,36933999999,1783475745333136000
1098,3,1097,36647242666,1783475745149610000
1099,0,1099,36664044999,1783475745181622000
1099,1,1095,36691430000,1783475745181672000
1099,2,1093,36966029000,1783475745365115000
1099,3,1098,36679285332,1783475745181626000
1100,0,1100,36696066000,1783475745213683000
1100,1,1096,36723462999,1783475745213681000
1100,2,1094,36998057999,1783475745397190000
1100,3,1099,36711328000,1783475745213662000
1101,0,1101,36728086999,1783475745245565000
1101,1,1097,36755495999,1783475745245619000
1101,2,1095,37030086999,1783475745429232000
1101,3,1100,36743370666,1783475745245567000
1102,0,1102,36760107999,1783475745278121000
1102,1,1098,36787529000,1783475745278115000
1102,2,1096,37062116000,1783475745461213000
1102,3,1101,36775413332,1783475745278118000
1103,0,1103,36792129000,1783475745309432000
1103,1,1099,36819561999,1783475745309465000
1103,2,1097,37094144999,1783475745493242000
1103,3,1102,36807456000,1783475745309445000
1104,0,1104,36824149999,1783475745341665000
1104,1,1100,36851594999,1783475745341729000
1104,2,1098,37126173999,1783475745525310000
1104,3,1103,36839498666,1783475745341674000
1105,0,1105,36856170999,1783475745373651000
1105,1,1101,36883628000,1783475745373687000
1105,2,1099,37158203000,1783475745557324000
1105,3,1104,36871541332,1783475745373687000
1106,0,1106,36888192000,1783475745405771000
1106,1,1102,36915660999,1783475745405789000
1106,2,1100,37190231999,1783475745589373000
1106,3,1105,36903584000,1783475745405790000
1107,0,1107,36920212999,1783475745437773000
1107,1,1103,36947693999,1783475745437806000
1107,2,1101,37222260999,1783475745621430000
1107,3,1106,36935626666,1783475745437774000
1108,0,1108,36952233999,1783475745469760000
1108,1,1104,36979727000,1783475745469779000
1108,2,1102,37254290000,1783475745653488000
1108,3,1107,36967669332,1783475745469780000
1109,0,1109,36984255000,1783475745501837000
1109,1,1105,37011759999,1783475745501824000
1109,2,1103,37286318999,1783475745685467000
1109,3,1108,36999712000,1783475745501833000
1110,0,1110,37016275999,1783475745533827000
1110,1,1106,37043792999,1783475745533895000
1110,2,1104,37318347999,1783475745717447000
1110,3,1109,37031754666,1783475745533818000
1111,0,1111,37048296999,1783475745566010000
1111,1,1107,37075826000,1783475745566013000
1111,2,1105,37350377000,1783475745749495000
1111,3,1110,37063797332,1783475745566010000
1112,0,1112,37080318000,1783475745598004000
1112,1,1108,37107858999,1783475745598049000
1112,2,1106,37382405999,1783475745781566000
1112,3,1111,37095840000,1783475745598041000
1113,0,1113,37112338999,1783475745630132000
1113,1,1109,37139891999,1783475745630131000
1113,2,1107,37414434999,1783475745813516000
1113,3,1112,37127882666,1783475745630127000
1114,0,1114,37144359999,1783475745662126000
1114,1,1110,37171925000,1783475745662166000
1114,2,1108,37446464000,1783475745845622000
1114,3,1113,37159925332,1783475745662139000
1115,0,1115,37176381000,1783475745694033000
1115,1,1111,37203957999,1783475745694060000
1115,2,1109,37478492999,1783475745877595000
1115,3,1114,37191968000,1783475745694056000
1116,0,1116,37208401999,1783475745726039000
1116,1,1112,37235990999,1783475745726037000
1116,2,1110,37510521999,1783475745909643000
1116,3,1115,37224010666,1783475745726038000
1117,0,1117,37240422999,1783475745757978000
1117,1,1113,37268024000,1783475745758004000
1117,2,1111,37542551000,1783475745941647000
1117,3,1116,37256053332,1783475745757981000
1118,0,1118,37272444000,1783475745790181000
1118,1,1114,37300056999,1783475745790210000
1118,2,1112,37574579999,1783475745973675000
1118,3,1117,37288096000,1783475745790199000
1119,0,1119,37304464999,1783475745822040000
1119,1,1115,37332089999,1783475745822064000
1119,2,1113,37606608999,1783475746005743000
1119,3,1118,37320138666,1783475745822066000
1120,0,1120,37336485999,1783475745854155000
1120,1,1116,37364123000,1783475745854198000
1120,2,1114,37638638000,1783475746037741000
1120,3,1119,37352181332,1783475745854154000
1121,0,1121,37368507000,1783475745886191000
1121,1,1117,37396155999,1783475745886281000
1121,2,1115,37670666999,1783475746069834000
1121,3,1120,37384224000,1783475745886241000
1122,0,1122,37400527999,1783475745918256000
1122,1,1118,37428188999,1783475745918255000
1122,2,1116,37702695999,1783475746101793000
1122,3,1121,37416266666,1783475745918257000
1123,0,1123,37432548999,1783475745950139000
1123,1,1119,37460222000,1783475745950164000
1123,2,1117,37734725000,1783475746133820000
1123,3,1122,37448309332,1783475745950167000
1124,0,1124,37464570000,1783475745982279000
1124,1,1120,37492254999,1783475745982283000
1124,2,1118,37766753999,1783475746165848000
1124,3,1123,37480352000,1783475745982269000
1125,0,1125,37496590999,1783475746014274000
1125,1,1121,37524287999,1783475746014299000
1125,2,1119,37798782999,1783475746197908000
1125,3,1124,37512394666,1783475746014268000
1126,0,1126,37528611999,1783475746046298000
1126,1,1122,37556321000,1783475746046324000
1126,2,1120,37830812000,1783475746229915000
1126,3,1125,37544437332,1783475746046327000
1127,0,1127,37560633000,1783475746078388000
1127,1,1123,37588353999,1783475746078399000
1127,2,1121,37862840999,1783475746261925000
1127,3,1126,37576480000,1783475746078375000
1128,0,1128,37592653999,1783475746110373000
1128,1,1124,37620386999,1783475746110408000
1128,2,1122,37894869999,1783475746294030000
1128,3,1127,37608522666,1783475746110392000
1129,0,1129,37624674999,1783475746142373000
1129,1,1125,37652420000,1783475746142384000
1129,2,1123,37926899000,1783475746325992000
1129,3,1128,37640565332,1783475746142400000
1130,0,1130,37656696000,1783475746174471000
1130,1,1126,37684452999,1783475746174516000
1130,2,1124,37958927999,1783475746358043000
1130,3,1129,37672608000,1783475746174516000
1131,0,1131,37688716999,1783475746206427000
1131,1,1127,37716485999,1783475746206495000
1131,2,1125,37990956999,1783475746390101000
1131,3,1130,37704650666,1783475746206426000
1132,0,1132,37720737999,1783475746238466000
1132,1,1128,37748519000,1783475746238517000
1132,2,1126,38022986000,1783475746422107000
1132,3,1131,37736693332,1783475746238489000
1133,0,1133,37752759000,1783475746270445000
1133,1,1129,37780551999,1783475746270455000
1133,2,1127,38055014999,1783475746454150000
1133,3,1132,37768736000,1783475746270433000
1134,0,1134,37784779999,1783475746302567000
1134,1,1130,37812584999,1783475746302943000
1134,2,1128,38087043999,1783475746486154000
1134,3,1133,37800778666,1783475746302558000
1135,0,1135,37816800999,1783475746334488000
1135,1,1131,37844618000,1783475746334482000
1135,2,1129,38119073000,1783475746518188000
1135,3,1134,37832821332,1783475746334483000
1136,0,1136,37848822000,1783475746366623000
1136,1,1132,37876650999,1783475746366630000
1136,2,1130,38151101999,1783475746550288000
1136,3,1135,37864864000,1783475746366626000
1137,0,1137,37880842999,1783475746398719000
1137,1,1133,37908683999,1783475746399073000
1137,2,1131,38183130999,1783475746582282000
1137,3,1136,37896906666,1783475746398731000
1138,0,1138,37912863999,1783475746430655000
1138,1,1134,37940717000,1783475746430697000
1138,2,1132,38215160000,1783475746614248000
1138,3,1137,37928949332,1783475746430676000
1139,0,1139,37944885000,1783475746462690000
1139,1,1135,37972749999,1783475746462772000
1139,2,1133,38247188999,1783475746646388000
1139,3,1138,37960992000,1783475746462735000
1140,0,1140,37976905999,1783475746494648000
1140,1,1136,38004782999,1783475746494676000
1140,2,1134,38279217999,1783475746678421000
1140,3,1139,37993034666,1783475746494679000
1141,0,1141,38008926999,1783475746526752000
1141,1,1137,38036816000,1783475746526813000
1141,2,1135,38311247000,1783475746710358000
1141,3,1140,38025077332,1783475746526770000
1142,0,1142,38040948000,1783475746558930000
1142,1,1138,38068848999,1783475746558970000
1142,2,1136,38343275999,1783475746742393000
1142,3,1141,38057120000,1783475746558955000
1143,0,1143,38072968999,1783475746590888000
1143,1,1139,38100881999,1783475746590915000
1143,2,1137,38375304999,1783475746774391000
1143,3,1142,38089162666,1783475746590881000
1144,0,1144,38104989999,1783475746622806000
1144,1,1140,38132915000,1783475746622816000
1144,2,1138,38407334000,1783475746806433000
1144,3,1143,38121205332,1783475746622802000
1145,0,1145,38137011000,1783475746655048000
1145,1,1141,38164947999,1783475746655065000
1145,2,1139,38439362999,1783475746838447000
1145,3,1144,38153248000,1783475746655048000
1146,0,1146,38169031999,1783475746687109000
1146,1,1142,38196980999,1783475746687122000
1146,2,1140,38471391999,1783475746870465000
1146,3,1145,38185290666,1783475746687084000
1147,0,1147,38201052999,1783475746718923000
1147,1,1143,38229014000,1783475746718950000
1147,2,1141,38503421000,1783475746902552000
1147,3,1146,38217333332,1783475746718943000
1148,0,1148,38233074000,1783475746750878000
1148,1,1144,38261046999,1783475746750939000
1148,2,1142,38535449999,1783475746934547000
1148,3,1147,38249376000,1783475746750877000
1149,0,1149,38265094999,1783475746782971000
1149,1,1145,38293079999,1783475746782999000
1149,2,1143,38567478999,1783475746966573000
1149,3,1148,38281418666,1783475746782969000
1150,0,1150,38297115999,1783475746814912000
1150,1,1146,38325113000,1783475746814937000
1150,2,1144,38599508000,1783475746998707000
1150,3,1149,38313461332,1783475746814921000
1151,0,1151,38329137000,1783475746846950000
1151,1,1147,38357145999,1783475746846973000
1151,2,1145,38631536999,1783475747030646000
1151,3,1150,38345504000,1783475746846928000
1152,0,1152,38361157999,1783475746878988000
1152,1,1148,38389178999,1783475746879021000
1152,2,1146,38663565999,1783475747062671000
1152,3,1151,38377546666,1783475746878978000
1153,0,1153,38393178999,1783475746911079000
1153,1,1149,38421212000,1783475746911138000
1153,2,1147,38695595000,1783475747094776000
1153,3,1152,38409589332,1783475746911079000
1154,0,1154,38425200000,1783475746942998000
1154,1,1150,38453244999,1783475746943026000
1154,2,1148,38727623999,1783475747126747000
1154,3,1153,38441632000,1783475746942998000
1155,0,1155,38457220999,1783475746975128000
1155,1,1151,38485277999,1783475746975166000
1155,2,1149,38759652999,1783475747158746000
1155,3,1154,38473674666,1783475746975140000
1156,0,1156,38489241999,1783475747007258000
1156,1,1152,38517311000,1783475747007320000
1156,2,1150,38791682000,1783475747190805000
1156,3,1155,38505717332,1783475747007264000
1157,0,1157,38521263000,1783475747039173000
1157,1,1153,38549343999,1783475747039187000
1157,2,1151,38823710999,1783475747222892000
1157,3,1156,38537760000,1783475747039150000
1158,0,1158,38553283999,1783475747071229000
1158,1,1154,38581376999,1783475747071279000
1158,2,1152,38855739999,1783475747254836000
1158,3,1157,38569802666,1783475747071254000
1159,0,1159,38585304999,1783475747103415000
1159,1,1155,38613410000,1783475747103424000
1159,2,1153,38887769000,1783475747286895000
1159,3,1158,38601845332,1783475747103374000
1160,0,1160,38617326000,1783475747135421000
1160,1,1156,38645442999,1783475747135438000
1160,2,1154,38919797999,1783475747318889000
1160,3,1159,38633888000,1783475747135377000
1161,0,1161,38649346999,1783475747167258000
1161,1,1157,38677475999,1783475747167307000
1161,2,1155,38951826999,1783475747350927000
1161,3,1160,38665930666,1783475747167310000
1162,0,1162,38681367999,1783475747199427000
1162,1,1158,38709509000,1783475747199471000
1162,2,1156,38983856000,1783475747382999000
1162,3,1161,38697973332,1783475747199426000
1163,0,1163,38713389000,1783475747231466000
1163,1,1159,38741541999,1783475747231532000
1163,2,1157,39015884999,1783475747414968000
1163,3,1162,38730016000,1783475747231469000
1164,0,1164,38745409999,1783475747263403000
1164,1,1160,38773574999,1783475747263437000
1164,2,1158,39047913999,1783475747447004000
1164,3,1163,38762058666,1783475747263416000
1165,0,1165,38777430999,1783475747295516000
1165,1,1161,38805608000,1783475747295540000
1165,2,1159,39079943000,1783475747479046000
1165,3,1164,38794101332,1783475747295505000
1166,0,1166,38809452000,1783475747327436000
1166,1,1162,38837640999,1783475747327434000
1166,2,1160,39111971999,1783475747511165000
1166,3,1165,38826144000,1783475747327437000
1167,0,1167,38841472999,1783475747359401000
1167,1,1163,38869673999,1783475747359426000
1167,2,1161,39144000999,1783475747543134000
1167,3,1166,38858186666,1783475747359403000
1168,0,1168,38873493999,1783475747391518000
1168,1,1164,38901707000,1783475747391559000
1168,2,1162,39176030000,1783475747575200000
1168,3,1167,38890229332,1783475747391525000
1169,0,1169,38905515000,1783475747423598000
1169,1,1165,38933739999,1783475747423610000
1169,2,1163,39208058999,1783475747607138000
1169,3,1168,38922272000,1783475747423598000
1170,0,1170,38937535999,1783475747455601000
1170,1,1166,38965772999,1783475747455619000
1170,2,1164,39240087999,1783475747639244000
1170,3,1169,38954314666,1783475747455575000
1171,0,1171,38969556999,1783475747487631000
1171,1,1167,38997806000,1783475747487660000
1171,2,1165,39272117000,1783475747671318000
1171,3,1170,38986357332,1783475747487631000
1172,0,1172,39001578000,1783475747519819000
1172,1,1168,39029838999,1783475747519875000
1172,2,1166,39304145999,1783475747703294000
1172,3,1171,39018400000,1783475747519854000
1173,0,1173,39033598999,1783475747551783000
1173,1,1169,39061871999,1783475747551786000
1173,2,1167,39336174999,1783475747735283000
1173,3,1172,39050442666,1783475747551778000
1174,0,1174,39065619999,1783475747583914000
1174,1,1170,39093905000,1783475747583930000
1174,2,1168,39368204000,1783475747767290000
1174,3,1173,39082485332,1783475747583900000
1175,0,1175,39097641000,1783475747615647000
1175,1,1171,39125937999,1783475747615670000
1175,2,1169,39400232999,1783475747799366000
1175,3,1174,39114528000,1783475747615659000
1176,0,1176,39129661999,1783475747647858000
1176,1,1172,39157970999,1783475747647918000
1176,2,1170,39432261999,1783475747831510000
1176,3,1175,39146570666,1783475747647862000
1177,0,1177,39161682999,1783475747680020000
1177,1,1173,39190004000,1783475747680019000
1177,2,1171,39464291000,1783475747863459000
1177,3,1176,39178613332,1783475747680007000
1178,0,1178,39193704000,1783475747711926000
1178,1,1174,39222036999,1783475747711971000
1178,2,1172,39496319999,1783475747895521000
1178,3,1177,39210656000,1783475747711917000
1179,0,1179,39225724999,1783475747743784000
1179,1,1175,39254069999,1783475747743839000
1179,2,1173,39528348999,1783475747927495000
1179,3,1178,39242698666,1783475747743788000
1180,0,1180,39257745999,1783475747775739000
1180,1,1176,39286103000,1783475747775783000
1180,2,1174,39560378000,1783475747959595000
1180,3,1179,39274741332,1783475747775748000
1181,0,1181,39289767000,1783475747808030000
1181,1,1177,39318135999,1783475747808042000
1181,2,1175,39592406999,1783475747991619000
1181,3,1180,39306784000,1783475747808067000
1182,0,1182,39321787999,1783475747840136000
1182,1,1178,39350168999,1783475747840183000
1182,2,1176,39624435999,1783475748023570000
1182,3,1181,39338826666,1783475747840137000
1183,0,1183,39353808999,1783475747872065000
1183,1,1179,39382202000,1783475747872112000
1183,2,1177,39656465000,1783475748055578000
1183,3,1182,39370869332,1783475747872080000
1184,0,1184,39385830000,1783475747904139000
1184,1,1180,39414234999,1783475747904213000
1184,2,1178,39688493999,1783475748087656000
1184,3,1183,39402912000,1783475747904134000
1185,0,1185,39417850999,1783475747936138000
1185,1,1181,39446267999,1783475747936176000
1185,2,1179,39720522999,1783475748119605000
1185,3,1184,39434954666,1783475747936156000
1186,0,1186,39449871999,1783475747968215000
1186,1,1182,39478301000,1783475747968259000
1186,2,1180,39752552000,1783475748151698000
1186,3,1185,39466997332,1783475747968228000
1187,0,1187,39481893000,1783475748000165000
1187,1,1183,39510333999,1783475748000198000
1187,2,1181,39784580999,1783475748183792000
1187,3,1186,39499040000,1783475748000164000
1188,0,1188,39513913999,1783475748032274000
1188,1,1184,39542366999,1783475748032278000
1188,2,1182,39816609999,1783475748215721000
1188,3,1187,39531082666,1783475748032289000
1189,0,1189,39545934999,1783475748064066000
1189,1,1185,39574400000,1783475748064097000
1189,2,1183,39848639000,1783475748247816000
1189,3,1188,39563125332,1783475748064072000
1190,0,1190,39577956000,1783475748096291000
1190,1,1186,39606432999,1783475748096339000
1190,2,1184,39880667999,1783475748279764000
1190,3,1189,39595168000,1783475748096307000
1191,0,1191,39609976999,1783475748128162000
1191,1,1187,39638465999,1783475748128210000
1191,2,1185,39912696999,1783475748311825000
1191,3,1190,39627210666,1783475748128146000
1192,0,1192,39641997999,1783475748160251000
1192,1,1188,39670499000,1783475748160310000
1192,2,1186,39944726000,1783475748343829000
1192,3,1191,39659253332,1783475748160278000
1193,0,1193,39674019000,1783475748192449000
1193,1,1189,39702531999,1783475748192479000
1193,2,1187,39976754999,1783475748375833000
1193,3,1192,39691296000,1783475748192454000
1194,0,1194,39706039999,1783475748224332000
1194,1,1190,39734564999,1783475748224347000
1194,2,1188,40008783999,1783475748407895000
1194,3,1193,39723338666,1783475748224322000
1195,0,1195,39738060999,1783475748256393000
1195,1,1191,39766598000,1783475748256458000
1195,2,1189,40040813000,1783475748439918000
1195,3,1194,39755381332,1783475748256400000
1196,0,1196,39770082000,1783475748288350000
1196,1,1192,39798630999,1783475748288377000
1196,2,1190,40072841999,1783475748471922000
1196,3,1195,39787424000,1783475748288371000
1197,0,1197,39802102999,1783475748320379000
1197,1,1193,39830663999,1783475748320406000
1197,2,1191,40104870999,1783475748503993000
1197,3,1196,39819466666,1783475748320407000
1198,0,1198,39834123999,1783475748352300000
1198,1,1194,39862697000,1783475748352325000
1198,2,1192,40136900000,1783475748535987000
1198,3,1197,39851509332,1783475748352305000
1199,0,1199,39866145000,1783475748384422000
1199,1,1195,39894729999,1783475748384413000
1199,2,1193,40168928999,1783475748568128000
1199,3,1198,39883552000,1783475748384438000
1200,0,1200,39898165999,1783475748416377000
1200,1,1196,39926762999,1783475748416441000
1200,2,1194,40200957999,1783475748600062000
1200,3,1199,39915594666,1783475748416381000
1201,0,1201,39930186999,1783475748448661000
1201,1,1197,39958796000,1783475748448728000
1201,2,1195,40232987000,1783475748632147000
1201,3,1200,39947637332,1783475748448663000
1202,0,1202,39962208000,1783475748480278000
1202,1,1198,39990828999,1783475748480324000
1202,2,1196,40265015999,1783475748664139000
1202,3,1201,39979680000,1783475748480319000
1203,0,1203,39994228999,1783475748512667000
1203,1,1199,40022861999,1783475748512705000
1203,2,1197,40297044999,1783475748696188000
1203,3,1202,40011722666,1783475748512688000
1204,0,1204,40026249999,1783475748544513000
1204,1,1200,40054895000,1783475748544573000
1204,2,1198,40329074000,1783475748728168000
1204,3,1203,40043765332,1783475748544530000
1205,0,1205,40058271000,1783475748576716000
1205,1,1201,40086927999,1783475748576776000
1205,2,1199,40361102999,1783475748760213000
1205,3,1204,40075808000,1783475748576721000
1206,0,1206,40090291999,1783475748608581000
1206,1,1202,40118960999,1783475748608610000
1206,2,1200,40393131999,1783475748792260000
1206,3,1205,40107850666,1783475748608580000
1207,0,1207,40122312999,1783475748640900000
1207,1,1203,40150994000,1783475748640946000
1207,2,1201,40425161000,1783475748824246000
1207,3,1206,40139893332,1783475748640914000
1208,0,1208,40154334000,1783475748672716000
1208,1,1204,40183026999,1783475748672774000
1208,2,1202,40457189999,1783475748856305000
1208,3,1207,40171936000,1783475748672718000
1209,0,1209,40186354999,1783475748704785000
1209,1,1205,40215059999,1783475748704844000
1209,2,1203,40489218999,1783475748888320000
1209,3,1208,40203978666,1783475748704793000
1210,0,1210,40218375999,1783475748736774000
1210,1,1206,40247093000,1783475748736765000
1210,2,1204,40521248000,1783475748920353000
1210,3,1209,40236021332,1783475748736777000
1211,0,1211,40250397000,1783475748768713000
1211,1,1207,40279125999,1783475748768752000
1211,2,1205,40553276999,1783475748952395000
1211,3,1210,40268064000,1783475748768714000
1212,0,1212,40282417999,1783475748800858000
1212,1,1208,40311158999,1783475748800915000
1212,2,1206,40585305999,1783475748984390000
1212,3,1211,40300106666,1783475748800896000
1213,0,1213,40314438999,1783475748832852000
1213,1,1209,40343192000,1783475748832883000
1213,2,1207,40617335000,1783475749016441000
1213,3,1212,40332149332,1783475748832858000
1214,0,1214,40346460000,1783475748864813000
1214,1,1210,40375224999,1783475748864853000
1214,2,1208,40649363999,1783475749048482000
1214,3,1213,40364192000,1783475748864815000
1215,0,1215,40378480999,1783475748896776000
1215,1,1211,40407257999,1783475748896823000
1215,2,1209,40681392999,1783475749080542000
1215,3,1214,40396234666,1783475748896801000
1216,0,1216,40410501999,1783475748928956000
1216,1,1212,40439291000,1783475748928986000
1216,2,1210,40713422000,1783475749112638000
1216,3,1215,40428277332,1783475748928987000
1217,0,1217,40442523000,1783475748960956000
1217,1,1213,40471323999,1783475748960965000
1217,2,1211,40745450999,1783475749144577000
1217,3,1216,40460320000,1783475748960962000
1218,0,1218,40474543999,1783475748992908000
1218,1,1214,40503356999,1783475748992947000
1218,2,1212,40777479999,1783475749176672000
1218,3,1217,40492362666,1783475748992916000
1219,0,1219,40506564999,1783475749024938000
1219,1,1215,40535390000,1783475749024965000
1219,2,1213,40809509000,1783475749208665000
1219,3,1218,40524405332,1783475749024949000
1220,0,1220,40538586000,1783475749057073000
1220,1,1216,40567422999,1783475749057097000
1220,2,1214,40841537999,1783475749240740000
1220,3,1219,40556448000,1783475749057088000
1221,0,1221,40570606999,1783475749089142000
1221,1,1217,40599455999,1783475749089200000
1221,2,1215,40873566999,1783475749272661000
1221,3,1220,40588490666,1783475749089146000
1222,0,1222,40602627999,1783475749121219000
1222,1,1218,40631489000,1783475749121256000
1222,2,1216,40905596000,1783475749304689000
1222,3,1221,40620533332,1783475749121196000
1223,0,1223,40634649000,1783475749153342000
1223,1,1219,40663521999,1783475749153386000
1223,2,1217,40937624999,1783475749336746000
1223,3,1222,40652576000,1783475749153412000
1224,0,1224,40666669999,1783475749185588000
1224,1,1220,40695554999,1783475749185674000
1224,2,1218,40969653999,1783475749368814000
1224,3,1223,40684618666,1783475749185529000
1225,0,1225,40698690999,1783475749217344000
1225,1,1221,40727588000,1783475749217348000
1225,2,1219,41001683000,1783475749400793000
1225,3,1224,40716661332,1783475749217341000
1226,0,1226,40730712000,1783475749249405000
1226,1,1222,40759620999,1783475749249407000
1226,2,1220,41033711999,1783475749432870000
1226,3,1225,40748704000,1783475749249353000
1227,0,1227,40762732999,1783475749281172000
1227,1,1223,40791653999,1783475749281147000
1227,2,1221,41065740999,1783475749464909000
1227,3,1226,40780746666,1783475749281156000
1228,0,1228,40794753999,1783475749313265000
1228,1,1224,40823687000,1783475749313236000
1228,2,1222,41097770000,1783475749496951000
1228,3,1227,40812789332,1783475749313209000
1229,0,1229,40826775000,1783475749345251000
1229,1,1225,40855719999,1783475749345244000
1229,2,1223,41129798999,1783475749528964000
1229,3,1228,40844832000,1783475749345242000
1230,0,1230,40858795999,1783475749377419000
1230,1,1226,40887752999,1783475749377424000
1230,2,1224,41161827999,1783475749560995000
1230,3,1229,40876874666,1783475749377391000
1231,0,1231,40890816999,1783475749409467000
1231,1,1227,40919786000,1783475749409467000
1231,2,1225,41193857000,1783475749593023000
1231,3,1230,40908917332,1783475749409432000
1232,0,1232,40922838000,1783475749441688000
1232,1,1228,40951818999,1783475749441705000
1232,2,1226,41225885999,1783475749625035000
1232,3,1231,40940960000,1783475749441686000
1233,0,1233,40954858999,1783475749473560000
1233,1,1229,40983851999,1783475749473560000
1233,2,1227,41257914999,1783475749657161000
1233,3,1232,40973002666,1783475749473543000
1234,0,1234,40986879999,1783475749506644000
1234,1,1230,41015885000,1783475749506644000
1234,2,1228,41289944000,1783475749689124000
1234,3,1233,41005045332,1783475749506640000
1235,0,1235,41018901000,1783475749537047000
1235,1,1231,41047917999,1783475749537048000
1235,2,1229,41321972999,1783475749721151000
1235,3,1234,41037088000,1783475749537048000
1236,0,1236,41050921999,1783475749569685000
1236,1,1232,41079950999,1783475749569687000
1236,2,1230,41354001999,1783475749753139000
1236,3,1235,41069130666,1783475749569682000
1237,0,1237,41082942999,1783475749601704000
1237,1,1233,41111984000,1783475749601705000
1237,2,1231,41386031000,1783475749785205000
1237,3,1236,41101173332,1783475749601701000
1238,0,1238,41114964000,1783475749633720000
1238,1,1234,41144016999,1783475749633721000
1238,2,1232,41418059999,1783475749817201000
1238,3,1237,41133216000,1783475749633720000
1239,0,1239,41146984999,1783475749665882000
1239,1,1235,41176049999,1783475749665881000
1239,2,1233,41450088999,1783475749849253000
1239,3,1238,41165258666,1783475749665840000
1240,0,1240,41179005999,1783475749697790000
1240,1,1236,41208083000,1783475749697788000
1240,2,1234,41482118000,1783475749881331000
1240,3,1239,41197301332,1783475749697753000
1241,0,1241,41211027000,1783475749729864000
1241,1,1237,41240115999,1783475749729864000
1241,2,1235,41514146999,1783475749913336000
1241,3,1240,41229344000,1783475749729858000
1242,0,1242,41243047999,1783475749761747000
1242,1,1238,41272148999,1783475749761763000
1242,2,1236,41546175999,1783475749945329000
1242,3,1241,41261386666,1783475749761744000
1243,0,1243,41275068999,1783475749793923000
1243,1,1239,41304182000,1783475749793921000
1243,2,1237,41578205000,1783475749977367000
1243,3,1242,41293429332,1783475749793893000
1244,0,1244,41307090000,1783475749825865000
1244,1,1240,41336214999,1783475749825863000
1244,2,1238,41610233999,1783475750009359000
1244,3,1243,41325472000,1783475749825851000
1245,0,1245,41339110999,1783475749857917000
1245,1,1241,41368247999,1783475749857917000
1245,2,1239,41642262999,1783475750041466000
1245,3,1244,41357514666,1783475749857905000
1246,0,1246,41371131999,1783475749890038000
1246,1,1242,41400281000,1783475749890035000
1246,2,1240,41674292000,1783475750073537000
1246,3,1245,41389557332,1783475749890030000
1247,0,1247,41403153000,1783475749922009000
1247,1,1243,41432313999,1783475749922011000
1247,2,1241,41706320999,1783475750105503000
1247,3,1246,41421600000,1783475749921983000
1248,0,1248,41435173999,1783475749953944000
1248,1,1244,41464346999,1783475749953919000
1248,2,1242,41738349999,1783475750137487000
1248,3,1247,41453642666,1783475749953932000
1249,0,1249,41467194999,1783475749985993000
1249,1,1245,41496380000,1783475749985989000
1249,2,1243,41770379000,1783475750169507000
1249,3,1248,41485685332,1783475749986146000
1250,0,1250,41499216000,1783475750018005000
1250,1,1246,41528412999,1783475750018022000
1250,2,1244,41802407999,1783475750201513000
1250,3,1249,41517728000,1783475750017981000
1251,0,1251,41531236999,1783475750050176000
1251,1,1247,41560445999,1783475750050178000
1251,2,1245,41834436999,1783475750233533000
1251,3,1250,41549770666,1783475750050170000
1252,0,1252,41563257999,1783475750082329000
1252,1,1248,41592479000,1783475750082331000
1252,2,1246,41866466000,1783475750265577000
1252,3,1251,41581813332,1783475750082333000
1253,0,1253,41595279000,1783475750114174000
1253,1,1249,41624511999,1783475750114177000
1253,2,1247,41898494999,1783475750297593000
1253,3,1252,41613856000,1783475750114150000
1254,0,1254,41627299999,1783475750146084000
1254,1,1250,41656544999,1783475750146087000
1254,2,1248,41930523999,1783475750329652000
1254,3,1253,41645898666,1783475750146033000
1255,0,1255,41659320999,1783475750178126000
1255,1,1251,41688578000,1783475750178130000
1255,2,1249,41962553000,1783475750361705000
1255,3,1254,41677941332,1783475750178117000
1256,0,1256,41691342000,1783475750210122000
1256,1,1252,41720610999,1783475750210120000
1256,2,1250,41994581999,1783475750393688000
1256,3,1255,41709984000,1783475750210119000
1257,0,1257,41723362999,1783475750242060000
1257,1,1253,41752643999,1783475750242061000
1257,2,1251,42026610999,1783475750425797000
1257,3,1256,41742026666,1783475750242020000
1258,0,1258,41755383999,1783475750274275000
1258,1,1254,41784677000,1783475750274249000
1258,2,1252,42058640000,1783475750457760000
1258,3,1257,41774069332,1783475750274186000
1259,0,1259,41787405000,1783475750306142000
1259,1,1255,41816709999,1783475750306133000
1259,2,1253,42090668999,1783475750489801000
1259,3,1258,41806112000,1783475750306134000
1260,0,1260,41819425999,1783475750338211000
1260,1,1256,41848742999,1783475750338185000
1260,2,1254,42122697999,1783475750521824000
1260,3,1259,41838154666,1783475750338179000
1261,0,1261,41851446999,1783475750370322000
1261,1,1257,41880776000,1783475750370248000
1261,2,1255,42154727000,1783475750553849000
1261,3,1260,41870197332,1783475750370259000
1262,0,1262,41883468000,1783475750402283000
1262,1,1258,41912808999,1783475750402301000
1262,2,1256,42186755999,1783475750585883000
1262,3,1261,41902240000,1783475750402276000
1263,0,1263,41915488999,1783475750434542000
1263,1,1259,41944841999,1783475750434513000
1263,2,1257,42218784999,1783475750617906000
1263,3,1262,41934282666,1783475750434512000
1264,0,1264,41947509999,1783475750466288000
1264,1,1260,41976875000,1783475750466264000
1264,2,1258,42250814000,1783475750649917000
1264,3,1263,41966325332,1783475750466245000
1265,0,1265,41979531000,1783475750498425000
1265,1,1261,42008907999,1783475750498401000
1265,2,1259,42282842999,1783475750682022000
1265,3,1264,41998368000,1783475750498407000
1266,0,1266,42011551999,1783475750530349000
1266,1,1262,42040940999,1783475750530325000
1266,2,1260,42314871999,1783475750714075000
1266,3,1265,42030410666,1783475750530325000
1267,0,1267,42043572999,1783475750562405000
1267,1,1263,42072974000,1783475750562374000
1267,2,1261,42346901000,1783475750745961000
1267,3,1266,42062453332,1783475750562379000
1268,0,1268,42075594000,1783475750594458000
1268,1,1264,42105006999,1783475750594422000
1268,2,1262,42378929999,1783475750778059000
1268,3,1267,42094496000,1783475750594419000
1269,0,1269,42107614999,1783475750626522000
1269,1,1265,42137039999,1783475750626497000
1269,2,1263,42410958999,1783475750810057000
1269,3,1268,42126538666,1783475750626497000
1270,0,1270,42139635999,1783475750658418000
1270,1,1266,42169073000,1783475750658407000
1270,2,1264,42442988000,1783475750842062000
1270,3,1269,42158581332,1783475750658400000
1271,0,1271,42171657000,1783475750690706000
1271,1,1267,42201105999,1783475750690680000
1271,2,1265,42475016999,1783475750874169000
1271,3,1270,42190624000,1783475750690699000
1272,0,1272,42203677999,1783475750722746000
1272,1,1268,42233138999,1783475750722709000
1272,2,1266,42507045999,1783475750906171000
1272,3,1271,42222666666,1783475750722696000
1273,0,1273,42235698999,1783475750754501000
1273,1,1269,42265172000,1783475750754472000
1273,2,1267,42539075000,1783475750938145000
1273,3,1272,42254709332,1783475750754496000
1274,0,1274,42267720000,1783475750786732000
1274,1,1270,42297204999,1783475750786716000
1274,2,1268,42571103999,1783475750970210000
1274,3,1273,42286752000,1783475750786719000
1275,0,1275,42299740999,1783475750818625000
1275,1,1271,42329237999,1783475750818578000
1275,2,1269,42603132999,1783475751002292000
1275,3,1274,42318794666,1783475750818603000
1276,0,1276,42331761999,1783475750850576000
1276,1,1272,42361271000,1783475750850567000
1276,2,1270,42635162000,1783475751034231000
1276,3,1275,42350837332,1783475750850599000
1277,0,1277,42363783000,1783475750882732000
1277,1,1273,42393303999,1783475750882746000
1277,2,1271,42667190999,1783475751066296000
1277,3,1276,42382880000,1783475750882759000
1278,0,1278,42395803999,1783475750914784000
1278,1,1274,42425336999,1783475750914725000
1278,2,1272,42699219999,1783475751098460000
1278,3,1277,42414922666,1783475750914745000
1279,0,1279,42427824999,1783475750946690000
1279,1,1275,42457370000,1783475750946677000
1279,2,1273,42731249000,1783475751130359000
1279,3,1278,42446965332,1783475750946671000
1280,0,1280,42459846000,1783475750978738000
1280,1,1276,42489402999,1783475750978747000
1280,2,1274,42763277999,1783475751162423000
1280,3,1279,42479008000,1783475750978753000
1281,0,1281,42491866999,1783475751010918000
1281,1,1277,42521435999,1783475751010880000
1281,2,1275,42795306999,1783475751194430000
1281,3,1280,42511050666,1783475751010903000
1282,0,1282,42523887999,1783475751042813000
1282,1,1278,42553469000,1783475751042773000
1282,2,1276,42827336000,1783475751226503000
1282,3,1281,42543093332,1783475751042795000
1283,0,1283,42555909000,1783475751074766000
1283,1,1279,42585501999,1783475751074734000
1283,2,1277,42859364999,1783475751258446000
1283,3,1282,42575136000,1783475751074741000
1284,0,1284,42587929999,1783475751107114000
1284,1,1280,42617534999,1783475751107066000
1284,2,1278,42891393999,1783475751290514000
1284,3,1283,42607178666,1783475751107090000
1285,0,1285,42619950999,1783475751138994000
1285,1,1281,42649568000,1783475751138924000
1285,2,1279,42923423000,1783475751322584000
1285,3,1284,42639221332,1783475751138959000
1286,0,1286,42651972000,1783475751170972000
1286,1,1282,42681600999,1783475751170911000
1286,2,1280,42955451999,1783475751354573000
1286,3,1285,42671264000,1783475751170932000
1287,0,1287,42683992999,1783475751203024000
1287,1,1283,42713633999,1783475751202985000
1287,2,1281,42987480999,1783475751386606000
1287,3,1286,42703306666,1783475751202995000
1288,0,1288,42716013999,1783475751235080000
1288,1,1284,42745667000,1783475751235064000
1288,2,1282,43019510000,1783475751418699000
1288,3,1287,42735349332,1783475751235070000
1289,0,1289,42748035000,1783475751266928000
1289,1,1285,42777699999,1783475751266920000
1289,2,1283,43051538999,1783475751450646000
1289,3,1288,42767392000,1783475751266915000
1290,0,1290,42780055999,1783475751299506000
1290,1,1286,42809732999,1783475751299075000
1290,2,1284,43083567999,1783475751482657000
1290,3,1289,42799434666,1783475751299074000
