cam,pts_ns,mono_ns,real_ns
0,64041999,10587873867892,1783482330697247828
0,96063000,10587875969025,1783482330699349089
0,128083999,10587878236047,1783482330701615983
0,160104999,10587880444701,1783482330703824637
0,192126000,10587882678923,1783482330706058891
0,224146999,10587884638391,1783482330708018327
0,256167999,10588074066060,1783482330897445996
3,567200000,10588215237206,1783482331038617142
0,288189000,10588224103469,1783482331047483405
0,320209999,10588224119182,1783482331047499150
0,352230999,10588224124622,1783482331047504558
3,599242666,10588243255812,1783482331066635748
3,631285332,10588275251850,1783482331098631786
0,448293999,10588275527628,1783482331098907564
0,608398999,10588275540588,1783482331098920556
3,663328000,10588307295153,1783482331130675121
3,695370666,10588339344023,1783482331162723991
0,640419999,10588347903276,1783482331171283212
0,672441000,10588356326912,1783482331179706848
3,727413332,10588371351037,1783482331194730973
0,704461999,10588484110680,1783482331307490616
3,759456000,10588484114424,1783482331307494360
0,736482999,10588484139096,1783482331307519032
0,768504000,10588484145080,1783482331307525016
3,791498666,10588692654532,1783482331516034436
0,800524999,10588692661540,1783482331516041508
3,823541332,10588692673252,1783482331516053220
0,864567000,10588692676516,1783482331516056452
3,855584000,10588692777700,1783482331516157636
1,1134800000,10588778751289,1783482331602131225
0,896587999,10588787274478,1783482331610654446
3,887626666,10588787285582,1783482331610665550
3,1079882666,10588787348814,1783482331610728782
0,928608999,10588787372078,1783482331610752046
1,1166832999,10588810758719,1783482331634138687
0,1056693000,10588819185043,1783482331642564979
3,1111925332,10588827590631,1783482331650970567
0,1088713999,10588835982203,1783482331659362171
1,1198865999,10588842793413,1783482331666173349
1,1230899000,10588874819884,1783482331698199852
0,1152756000,10588883328865,1783482331706708833
3,1143968000,10588883340513,1783482331706720481
3,1176010666,10588891775509,1783482331715155477
0,1184776999,10588900185833,1783482331723565801
3,1208053332,10588900186953,1783482331723566921
1,1262931999,10588906840402,1783482331730220338
1,1294964999,10588938889753,1783482331762269689
1,1326998000,10589108739477,1783482331932119509
0,1216797999,10589108744917,1783482331932124885
3,1240096000,10589108756213,1783482331932136149
0,1248819000,10589108760693,1783482331932140629
0,1280839999,10589108766677,1783482331932146645
3,1272138666,10589108770997,1783482331932150965
1,1359030999,10589317372321,1783482332140752289
1,1391063999,10589317395873,1783482332140775841
1,1423097000,10589317472002,1783482332140851970
1,1487162999,10589317500770,1783482332140880738
3,1304181332,10589317519010,1783482332140898978
3,1336224000,10589317551490,1783482332140931426
3,1496437332,10589317582338,1783482332140962306
3,1528480000,10589317588098,1783482332140968066
0,1312860999,10589317604098,1783482332140984034
0,1472965999,10589317611971,1783482332140991907
0,1504986999,10589317616099,1783482332140996067
0,1537008000,10589317619683,1783482332140999651
3,1688693332,10589332611327,1783482332155991295
0,1697112999,10589341038612,1783482332164418580
2,1702100000,10589346042707,1783482332169422643
3,1720736000,10589364665574,1783482332188045542
0,1729134000,10589373050554,1783482332196430522
2,1734128999,10589378069561,1783482332201449497
1,1679360999,10589386783311,1783482332210163247
1,1711394000,10589395349508,1783482332218729476
0,1761154999,10589405052576,1783482332228432512
2,1766157999,10589410079167,1783482332233459135
2,1798187000,10589442131526,1783482332265511494
1,1743426999,10589450684923,1783482332274064859
1,1775459999,10589459099471,1783482332282479439
3,1816864000,10589460837626,1783482332284217690
2,1830215999,10589474146572,1783482332297526540
3,1848906666,10589492843296,1783482332316223200
2,1862244999,10589506177107,1783482332329557043
0,1793175999,10589525900941,1783482332349280909
1,1807493000,10589525922413,1783482332349302381
1,1839525999,10589525936845,1783482332349316813
3,1880949332,10589526021486,1783482332349401422
0,1825197000,10589734445497,1783482332557825433
3,1912992000,10589734454201,1783482332557834169
1,1871558999,10589734485049,1783482332557864985
0,1857217999,10589734487225,1783482332557867193
2,1894274000,10589734496601,1783482332557876505
3,1945034666,10589734502649,1783482332557882617
0,1889238999,10589734595130,1783482332557975034
0,1921260000,10589734603610,1783482332557983578
3,1977077332,10589734615578,1783482332557995514
1,1903592000,10589734653914,1783482332558033882
2,1926302999,10589734672474,1783482332558052442
3,2009120000,10589734713082,1783482332558093050
1,1935624999,10589734801211,1783482332558181179
1,1967657999,10589734810075,1783482332558190043
2,1958331999,10589734823419,1783482332558203355
2,1990361000,10589734871291,1783482332558251227
1,2095790000,10589739714873,1783482332563094809
3,2105248000,10589749185844,1783482332572565780
0,2113386000,10589757316134,1783482332580696102
2,2118476999,10589762400998,1783482332585780934
1,2127822999,10589771732992,1783482332595112928
3,2137290666,10589781208122,1783482332604588058
0,2145406999,10589789323341,1783482332612703309
2,2150505999,10589794421676,1783482332617801644
1,2159855999,10589803765574,1783482332627145542
3,2169333332,10589813252193,1783482332636632129
0,2177427999,10589821342259,1783482332644722227
2,2182535000,10589826442706,1783482332649822642
1,2191889000,10589835788684,1783482332659168652
3,2201376000,10589845309351,1783482332668689287
0,2209449000,10589853369561,1783482332676749529
2,2214563999,10589858486617,1783482332681866585
3,2233418666,10589877330862,1783482332700710798
0,2241469999,10589885384544,1783482332708764512
0,2273490999,10589917404998,1783482332740784934
2,2246592999,10590029964095,1783482332853343999
1,2223921999,10590029965375,1783482332853345311
2,2278622000,10590030004575,1783482332853384543
3,2265461332,10590030008991,1783482332853388927
1,2255954999,10590030012287,1783482332853392255
0,2305512000,10590030021728,1783482332853401664
1,2287988000,10590030022048,1783482332853401984
0,2337532999,10590030112128,1783482332853492096
1,2320020999,10590030119072,1783482332853499008
2,2310650999,10590030133952,1783482332853513920
3,2297504000,10590030142976,1783482332853522912
2,2342679999,10590030245185,1783482332853625121
3,2329546666,10590030254561,1783482332853634529
0,2369553999,10590030264673,1783482332853644641
1,2416119999,10590060034969,1783482332883414905
2,2406737999,10590238815789,1783482333062195757
3,2361589332,10590238819533,1783482333062199469
0,2401575000,10590238828781,1783482333062208717
3,2393632000,10590238845421,1783482333062225357
1,2448152999,10590238857517,1783482333062237453
1,2480186000,10590238925294,1783482333062305262
0,2433595999,10590238926894,1783482333062306830
2,2438766999,10590238944142,1783482333062324110
3,2425674666,10590238949390,1783482333062329358
3,2457717332,10590239014414,1783482333062394382
0,2465616999,10590239027086,1783482333062407054
2,2470796000,10590239044910,1783482333062424846
0,2497638000,10590239097583,1783482333062477519
2,2502824999,10590239109743,1783482333062489679
1,2512218999,10590239113551,1783482333062493455
1,2544251999,10590239121679,1783482333062501615
2,2598911999,10590242832742,1783482333066212678
1,2608317999,10590252232384,1783482333075612352
3,2617930666,10590261853116,1783482333085233052
0,2625721999,10590269637516,1783482333093017484
2,2630940999,10590274848460,1783482333098228396
1,2640350999,10590284274535,1783482333107654439
3,2649973332,10590293909570,1783482333117289506
0,2657742999,10590301681330,1783482333125061298
2,2662970000,10590306911187,1783482333130291155
1,2672384000,10590316301453,1783482333139681389
3,2682016000,10590325933193,1783482333149313161
0,2689764000,10590333686393,1783482333157066329
2,2694998999,10590338910809,1783482333162290777
1,2704416999,10590348350675,1783482333171730707
3,2714058666,10590357977007,1783482333181356943
0,2721784999,10590365717119,1783482333189097055
2,2727027999,10590370951968,1783482333194331904
1,2736449999,10590380393946,1783482333203773882
3,2746101332,10590390027574,1783482333213407510
0,2753805999,10590397729765,1783482333221109701
3,2778144000,10590422062588,1783482333245442556
1,2768483000,10590575019312,1783482333398399248
3,2810186666,10590575023408,1783482333398403376
0,2785827000,10590575030608,1783482333398410544
0,2881890000,10590575051056,1783482333398430992
0,2913910999,10590575109552,1783482333398489488
1,2800515999,10590575118192,1783482333398498160
3,2842229332,10590575137328,1783482333398517264
2,2759057000,10590575139792,1783482333398519728
1,2832548999,10590575215377,1783482333398595345
3,2874272000,10590575227761,1783482333398607729
2,2791085999,10590575257009,1783482333398636945
2,2823114999,10590575264401,1783482333398644337
2,2855144000,10590575269297,1783482333398649233
3,2906314666,10590575516339,1783482333398896275
1,2864582000,10590575516595,1783482333398896563
0,2945931999,10590589846060,1783482333413225996
2,2951231000,10590595161132,1783482333418541292
3,2938357332,10590598319136,1783482333421699104
1,2960681000,10590604616135,1783482333427996103
0,2977953000,10590621892882,1783482333445272818
2,2983259999,10590627206483,1783482333450586419
3,2970400000,10590630428007,1783482333453807943
1,2992713999,10590636668878,1783482333460048846
0,3009973999,10590653902456,1783482333477282392
2,3015288999,10590659215321,1783482333482595289
0,3041994999,10590685913023,1783482333509292991
2,3047318000,10590838952147,1783482333662332083
1,3024746999,10590838957203,1783482333662337171
0,3074016000,10590838969107,1783482333662349043
1,3056780000,10590838981075,1783482333662361043
1,3088812999,10590839058675,1783482333662438643
3,3002442666,10590839076628,1783482333662456564
3,3034485332,10590839117012,1783482333662496980
0,3106036999,10590839132404,1783482333662512404
1,3120845999,10590839133044,1783482333662512980
0,3138057999,10590839144948,1783482333662524884
3,3066528000,10590839157140,1783482333662537076
0,3170079000,10590839319893,1783482333662699861
3,3098570666,10590839364629,1783482333662744597
2,3079346999,10590839543414,1783482333662923382
2,3111375999,10590839570615,1783482333662950551
2,3143405000,10590839576215,1783482333662956151
1,3216944999,10590860881179,1783482333684261115
1,3248978000,10591047809185,1783482333871189121
2,3207462999,10591047816577,1783482333871196545
2,3239492000,10591047833537,1783482333871213473
0,3202099999,10591047853217,1783482333871233185
2,3271520999,10591047913921,1783482333871293889
1,3281010999,10591047918241,1783482333871298177
0,3234120999,10591047941249,1783482333871321217
3,3226741332,10591047954722,1783482333871334658
3,3258784000,10591047963170,1783482333871343106
3,3290826666,10591047967714,1783482333871347682
3,3322869332,10591047972386,1783482333871352354
2,3303549999,10591048135587,1783482333871515555
1,3313043999,10591048145027,1783482333871524995
0,3266142000,10591048148195,1783482333871528163
0,3298162999,10591048216643,1783482333871596611
1,3345077000,10591048355908,1783482333871735876
3,3418997332,10591062925758,1783482333886305662
0,3426246999,10591071374035,1783482333894754067
3,3451040000,10591094973381,1783482333918353317
0,3458268000,10591103457145,1783482333926837081
1,3473208999,10591117139246,1783482333940519214
3,3483082666,10591126999659,1783482333950379627
0,3490288999,10591135421855,1783482333958801759
2,3495723999,10591139645658,1783482333963025626
1,3505241999,10591149162197,1783482333972542133
3,3515125332,10591159048402,1783482333982428338
0,3522309999,10591167564679,1783482333990944615
2,3527753000,10591171681184,1783482333995061120
1,3537275000,10591181215899,1783482334004595899
3,3547168000,10591191086584,1783482334014466520
2,3559781999,10591203695814,1783482334027075750
1,3569307999,10591213219201,1783482334036599169
3,3579210666,10591223130239,1783482334046510175
2,3591810999,10591235746637,1783482334059126605
2,3623840000,10591267768755,1783482334091148723
0,3554331000,10591376130195,1783482334199510163
2,3655868999,10591376140499,1783482334199520403
1,3601340999,10591376140499,1783482334199520403
3,3611253332,10591376177939,1783482334199557907
0,3586351999,10591376179315,1783482334199559283
0,3618372999,10591376184883,1783482334199564851
1,3633374000,10591376203539,1783482334199583507
2,3687897999,10591376209011,1783482334199588979
2,3719927000,10591376291092,1783482334199671028
3,3643296000,10591376294548,1783482334199674516
1,3665406999,10591376310900,1783482334199690868
0,3650394000,10591376327924,1783482334199707892
1,3697439999,10591584902720,1783482334408282656
0,3746457000,10591584903840,1783482334408283808
3,3675338666,10591584918080,1783482334408298016
2,3751955999,10591584926656,1783482334408306592
1,3761505999,10591584934816,1783482334408314784
3,3707381332,10591584937728,1783482334408317696
3,3739424000,10591584949281,1783482334408329249
0,3778477999,10591584961089,1783482334408341025
0,3810498999,10591584969729,1783482334408349697
2,3783984999,10591585016673,1783482334408396609
0,3842520000,10591585023617,1783482334408403585
1,3793538999,10591585037409,1783482334408417313
1,3825572000,10591585158114,1783482334408538082
2,3816014000,10591585163330,1783482334408543298
2,3848042999,10591585200578,1783482334408580514
3,3771466666,10591585429924,1783482334408809892
1,3953703999,10591597615951,1783482334420995919
3,3963722666,10591607643437,1783482334431023373
0,3970603999,10591614515096,1783482334437895032
2,3944129999,10591614739609,1783482334438119545
1,3985736999,10591629663382,1783482334453043350
3,3995765332,10591639697812,1783482334463077780
0,4002624999,10591646545662,1783482334469925598
2,3976158999,10591646663103,1783482334470043007
1,4017770000,10591661724380,1783482334485104380
3,4027808000,10591671744858,1783482334495124858
0,4034646000,10591678583301,1783482334501963269
2,4008188000,10591678723078,1783482334502103014
1,4049802999,10591693745315,1783482334517125283
3,4059850666,10591703786401,1783482334527166337
0,4066666999,10591710602187,1783482334533982155
2,4040216999,10591710735564,1783482334534115500
1,4081835999,10591725753321,1783482334549133289
3,4091893332,10591735811751,1783482334559191687
0,4098687999,10591742596945,1783482334565976881
3,4123936000,10591767849198,1783482334591229166
0,4130709000,10591774625880,1783482334598005848
3,4155978666,10591919356984,1783482334742736920
1,4113869000,10591919360248,1783482334742740152
2,4072245999,10591919364920,1783482334742744888
1,4145901999,10591919377817,1783482334742757785
0,4162729999,10591919401977,1783482334742781945
2,4104275000,10591919445593,1783482334742825529
0,4194750999,10591919484825,1783482334742864793
3,4188021332,10591919487033,1783482334742866969
3,4220064000,10591919636346,1783482334743016314
3,4252106666,10591919645946,1783482334743025882
2,4136303999,10591919493369,1783482334742873337
1,4177934999,10591919498393,1783482334742878329
2,4168332999,10591919755579,1783482334743135547
1,4209968000,10591919870300,1783482334743250236
0,4290813999,10591934722424,1783482334758102328
2,4296449000,10591940361787,1783482334763741723
1,4306067000,10591949985366,1783482334773365302
0,4322835000,10591966747838,1783482334790127806
2,4328477999,10591972389281,1783482334795769249
0,4354855999,10592128239079,1783482334951619047
2,4360506999,10592128246343,1783482334951626279
3,4284149332,10592128249703,1783482334951629639
2,4392536000,10592128340263,1783482334951720199
1,4338099999,10592128343431,1783482334951723399
0,4386876999,10592128353799,1783482334951733767
1,4370132999,10592128355783,1783482334951735719
3,4316192000,10592128391367,1783482334951771335
0,4418898000,10592128449800,1783482334951829768
3,4348234666,10592128449832,1783482334951829800
1,4402166000,10592128458568,1783482334951838504
2,4424564999,10592128474504,1783482334951854440
0,4450918999,10592128577705,1783482334951957641
2,4456593999,10592128630505,1783482334952010473
1,4434198999,10592128630601,1783482334952010537
3,4380277332,10592128645129,1783482334952025065
3,4508448000,10592337144213,1783482335160524149
1,4498265000,10592337148021,1783482335160527957
0,4514961000,10592337167829,1783482335160547797
1,4530297999,10592337169301,1783482335160549269
2,4488623000,10592337172309,1783482335160552277
3,4540490666,10592337197205,1783482335160577173
3,4636618666,10592337202805,1783482335160582773
2,4520651999,10592337241302,1783482335160621270
3,4668661332,10592337243766,1783482335160623702
1,4562330999,10592337246646,1783482335160626614
1,4594364000,10592337335350,1783482335160715318
2,4552680999,10592337425559,1783482335160805527
2,4584710000,10592337438199,1783482335160818135
0,4546981999,10592337671032,1783482335161051000
0,4579002999,10592337699288,1783482335161079256
0,4611024000,10592337718617,1783482335161098553
3,4700704000,10592344619779,1783482335167999683
1,4722495999,10592366410154,1783482335189790058
3,4732746666,10592376672938,1783482335200052970
1,4754528999,10592545976835,1783482335369356803
0,4707087000,10592545978371,1783482335369358339
2,4712825999,10592545977187,1783482335369357155
3,4764789332,10592546015523,1783482335369395491
2,4744854999,10592546026947,1783482335369406915
2,4776884000,10592546034051,1783482335369413987
1,4786562000,10592546038339,1783482335369418275
0,4739107999,10592546043203,1783482335369423139
0,4771128999,10592546052643,1783482335369432611
3,4796832000,10592546120868,1783482335369500836
0,4803150000,10592546133124,1783482335369513092
1,4882661000,10592546140260,1783482335369520196
2,4808912999,10592546150756,1783482335369530692
3,4828874666,10592546334661,1783482335369714597
3,4860917332,10592546364869,1783482335369744837
2,4904999999,10592548918197,1783482335372298133
1,4914693999,10592558613905,1783482335381993809
3,4925002666,10592568913201,1783482335392293169
0,4931233999,10592575151640,1783482335398531576
2,4937028999,10592580948348,1783482335404328284
1,4946726999,10592590641432,1783482335414021400
3,4957045332,10592600958072,1783482335424338040
0,4963254999,10592607162526,1783482335430542462
2,4969058000,10592612973282,1783482335436353250
1,4978760000,10592622707198,1783482335446087134
3,4989088000,10592633003870,1783482335456383838
0,4995276000,10592639207269,1783482335462587237
2,5001086999,10592645007657,1783482335468387625
1,5010792999,10592654735557,1783482335478115461
0,5027296999,10592671223339,1783482335494603275
2,5033115999,10592677040111,1783482335500420079
1,5042825999,10592686752075,1783482335510132043
0,5059317999,10592703240785,1783482335526620721
0,5091339000,10592839745567,1783482335663125535
1,5074859000,10592839746303,1783482335663126271
2,5065145000,10592839749343,1783482335663129311
3,5021130666,10592839752479,1783482335663132447
3,5053173332,10592839850016,1783482335663229984
0,5123359999,10592839852000,1783482335663232000
2,5097173999,10592839852704,1783482335663232640
1,5106891999,10592839863648,1783482335663243616
2,5129202999,10592839955008,1783482335663334976
3,5085216000,10592839959809,1783482335663339777
0,5155380999,10592839960577,1783482335663340513
1,5138924999,10592839969441,1783482335663349409
0,5187402000,10592840064929,1783482335663444865
3,5117258666,10592840101217,1783482335663481185
1,5170958000,10592840115169,1783482335663495105
2,5161232000,10592840214370,1783482335663594306
1,5202990999,10593048621613,1783482335872001549
2,5225289999,10593048622637,1783482335872002605
3,5213386666,10593048623341,1783482335872003309
0,5219422999,10593048630605,1783482335872010573
3,5245429332,10593048661102,1783482335872041070
3,5277472000,10593048708078,1783482335872088014
2,5257319000,10593048728910,1783482335872108878
1,5235023999,10593048729934,1783482335872109870
0,5251443999,10593048733710,1783482335872113678
2,5289347999,10593048810319,1783482335872190255
0,5283465000,10593048816079,1783482335872196047
1,5267057000,10593048820239,1783482335872200175
3,5309514666,10593048831087,1783482335872211055
2,5321376999,10593048902415,1783482335872282383
0,5315485999,10593048902831,1783482335872282799
1,5299089999,10593048905775,1783482335872285711
3,5405642666,10593049593651,1783482335872973587
0,5411548999,10593055455416,1783482335878835352
2,5417463999,10593061377756,1783482335884757724
1,5427221999,10593071139385,1783482335894519353
3,5437685332,10593081604666,1783482335904984634
2,5449493000,10593257559420,1783482336080939388
0,5443569999,10593257561084,1783482336080941052
1,5459255000,10593257562044,1783482336080941980
2,5481521999,10593257594044,1783482336080973980
3,5469728000,10593257608380,1783482336080988316
0,5475591000,10593257619740,1783482336080999708
1,5491287999,10593257626621,1783482336081006589
0,5507611999,10593257715581,1783482336081095549
3,5501770666,10593257718941,1783482336081098877
2,5513550999,10593257719453,1783482336081099421
2,5545580000,10593257798750,1783482336081178686
3,5533813332,10593257810558,1783482336081190526
1,5523320999,10593257818718,1783482336081198686
1,5555354000,10593257826750,1783482336081206686
0,5539632999,10593257927806,1783482336081307742
3,5565856000,10593258030079,1783482336081410047
1,5619419999,10593263333088,1783482336086713056
2,5641667000,10593285583754,1783482336108963690
0,5699737999,10593343663058,1783482336167043026
2,5673695999,10593466628332,1783482336290008268
0,5731758999,10593466686988,1783482336290066924
1,5651453000,10593466696268,1783482336290076236
3,5629941332,10593466702796,1783482336290082732
2,5705724999,10593466738668,1783482336290118636
3,5661984000,10593466750412,1783482336290130380
1,5683485999,10593466751052,1783482336290130988
3,5694026666,10593466756748,1783482336290136716
0,5763780000,10593466767693,1783482336290147661
3,5726069332,10593466839597,1783482336290219565
0,5795800999,10593466840045,1783482336290219981
2,5737754000,10593466850893,1783482336290230797
1,5715518999,10593466854413,1783482336290234381
1,5747552000,10593466931726,1783482336290311694
2,5769782999,10593466933230,1783482336290313198
0,5827821999,10593471767403,1783482336295147371
2,5833841000,10593477769105,1783482336301149073
1,5843651000,10593487593454,1783482336310973422
3,5854240000,10593498168079,1783482336321548047
0,5859843000,10593503809746,1783482336327189682
3,5886282666,10593530211734,1783482336353591670
3,5918325332,10593675580602,1783482336498960570
2,5865869999,10593675581147,1783482336498961115
1,5875683999,10593675582107,1783482336498962075
0,5891863999,10593675584443,1783482336498964347
2,5897898999,10593675684923,1783482336499064859
3,5950368000,10593675690459,1783482336499070427
0,5923884999,10593675700187,1783482336499080123
1,5907716999,10593675709307,1783482336499089275
0,5955906000,10593675773148,1783482336499153084
1,5939750000,10593675780028,1783482336499159996
2,5929928000,10593675788476,1783482336499168444
0,5987926999,10593675859036,1783482336499239004
1,5971782999,10593675873020,1783482336499252988
2,5961956999,10593675898332,1783482336499278300
3,6046496000,10593690421334,1783482336513801302
1,6035849000,10593699026828,1783482336522406764
0,6051969000,10593699058828,1783482336522438796
2,6058043999,10593701955358,1783482336525335326
3,6078538666,10593722468861,1783482336545848829
0,6083989999,10593730958226,1783482336554338194
1,6067881999,10593730959986,1783482336554339922
2,6090072999,10593733983620,1783482336557363556
3,6110581332,10593754522084,1783482336577902052
1,6099914999,10593763003896,1783482336586383832
0,6116010999,10593763024824,1783482336586404792
2,6122102000,10593766017963,1783482336589397931
3,6142624000,10593786542442,1783482336609922378
1,6131948000,10593794989086,1783482336618369054
0,6148032000,10593795009983,1783482336618389919
2,6154130999,10593798046833,1783482336621426801
3,6174666666,10593818586993,1783482336641966929
3,6206709332,10593850637143,1783482336674017079
2,6186159999,10594003590955,1783482336826971019
1,6163980999,10594003597739,1783482336826977739
0,6180052999,10594003600011,1783482336826979979
2,6218189000,10594003612939,1783482336826992875
1,6196013999,10594003616203,1783482336826996139
3,6238752000,10594003629931,1783482336827009899
0,6212073999,10594003687532,1783482336827067468
1,6292112999,10594003695436,1783482336827075404
3,6270794666,10594003701644,1783482336827081580
2,6314276000,10594003715692,1783482336827095628
0,6244095000,10594003774508,1783482336827154476
1,6324146000,10594003780140,1783482336827160108
3,6302837332,10594003790924,1783482336827170892
2,6346304999,10594003791276,1783482336827171212
3,6334880000,10594003857933,1783482336827237901
0,6276115999,10594003889965,1783482336827269933
2,6378333999,10594022250207,1783482336845630175
1,6388211999,10594032120636,1783482336855500604
3,6366922666,10594212447449,1783482337035827417
2,6410363000,10594212448921,1783482337035828857
0,6372178999,10594212486042,1783482337035866010
0,6404199999,10594212495546,1783482337035875482
1,6420245000,10594212498970,1783482337035878938
0,6436221000,10594212501018,1783482337035880954
1,6452277999,10594212511962,1783482337035891930
3,6398965332,10594212555418,1783482337035935386
1,6484310999,10594212570010,1783482337035949946
0,6468241999,10594212573754,1783482337035953722
2,6442391999,10594212584346,1783482337035964314
3,6431008000,10594212672251,1783482337036052219
2,6474420999,10594212675963,1783482337036055899
1,6516344000,10594212684635,1783482337036064571
2,6506450000,10594212826556,1783482337036206492
3,6463050666,10594212841148,1783482337036221084
1,6580409999,10594224317731,1783482337047697667
0,6596325999,10594240246694,1783482337063626630
2,6570507999,10594248789179,1783482337072169147
3,6591221332,10594248800667,1783482337072180635
1,6612443000,10594256369002,1783482337079748906
0,6628347000,10594272267052,1783482337095646988
2,6602537000,10594280757505,1783482337104137473
3,6623264000,10594280768801,1783482337104148769
1,6644475999,10594288386896,1783482337111766864
0,6660367999,10594304280563,1783482337127660531
2,6634565999,10594312751303,1783482337136131239
3,6655306666,10594312758087,1783482337136138023
1,6676508999,10594320419319,1783482337143799255
0,6692388999,10594336305241,1783482337159685177
2,6666594999,10594344775789,1783482337168155725
3,6687349332,10594344789166,1783482337168169134
1,6708542000,10594352454781,1783482337175834749
0,6724410000,10594368327775,1783482337191707743
0,6756430999,10594400364838,1783482337223744774
2,6698624000,10594553353018,1783482337376732954
1,6740574999,10594553386426,1783482337376766362
3,6719392000,10594553401050,1783482337376781018
2,6730652999,10594553410650,1783482337376790554
3,6751434666,10594553414266,1783482337376794234
3,6783477332,10594553423515,1783482337376803451
0,6788451999,10594553423931,1783482337376803899
2,6762681999,10594553507675,1783482337376887643
1,6772607999,10594553516283,1783482337376896219
0,6820473000,10594553520379,1783482337376900315
3,6815520000,10594553536091,1783482337376916059
0,6852493999,10594553610492,1783482337376990428
1,6804641000,10594553623036,1783482337377002972
2,6794711000,10594553658524,1783482337377038460
0,6884514999,10594553706012,1783482337377085948
1,6836673999,10594553715932,1783482337377095868
3,6911648000,10594555567464,1783482337378947400
2,6922826999,10594566741837,1783482337390121805
3,6943690666,10594587614606,1783482337410994574
2,6954855999,10594762279977,1783482337585659913
1,6932772999,10594762284297,1783482337585664265
0,6916536000,10594762298633,1783482337585678601
2,6986885000,10594762300777,1783482337585680713
1,6964805999,10594762306857,1783482337585686825
2,7018913999,10594762307721,1783482337585687689
3,6975733332,10594762334889,1783482337585714857
2,7050942999,10594762375850,1783482337585755818
0,6948556999,10594762378634,1783482337585758570
1,6996839000,10594762398058,1783482337585778026
3,7007776000,10594762416938,1783482337585796906
1,7028871999,10594762456874,1783482337585836810
3,7039818666,10594762466986,1783482337585846954
0,6980577999,10594762478890,1783482337585858858
2,7147029999,10594790948987,1783482337614328955
3,7071861332,10594971044919,1783482337794424887
0,7012599000,10594971045527,1783482337794425463
2,7179059000,10594971076727,1783482337794456695
3,7135946666,10594971091639,1783482337794471607
3,7167989332,10594971262392,1783482337794642328
1,7124970999,10594971280792,1783482337794660760
1,7157003999,10594971357497,1783482337794737465
1,7189037000,10594971363865,1783482337794743801
1,7221069999,10594971368345,1783482337794748281
3,7200032000,10594971383193,1783482337794763161
0,7140682999,10594971410745,1783482337794790681
0,7172703999,10594971482521,1783482337794862489
0,7204725000,10594971498426,1783482337794878394
2,7211087999,10594971621242,1783482337795001210
2,7243116999,10594971639386,1783482337795019322
2,7275146000,10594971667195,1783482337795047131
3,7328202666,10594972114205,1783482337795494173
0,7332808999,10594976716986,1783482337800096922
1,7349201999,10594993113951,1783482337816493887
2,7339203999,10595001627444,1783482337825007380
3,7360245332,10595004163044,1783482337827543012
0,7364829999,10595008751392,1783482337832131392
1,7381235000,10595025153318,1783482337848533254
2,7371233000,10595033652731,1783482337857032699
0,7396851000,10595040769543,1783482337864149511
1,7413267999,10595057181453,1783482337880561453
2,7403261999,10595065642209,1783482337889022177
0,7428871999,10595072783821,1783482337896163757
1,7445300999,10595089208531,1783482337912588499
3,7456373332,10595100289720,1783482337923669656
0,7460892999,10595104817076,1783482337928197076
1,7477334000,10595121267866,1783482337944647802
3,7488416000,10595132324094,1783482337955704062
0,7492914000,10595136826906,1783482337960206842
1,7509366999,10595274308686,1783482338097688654
3,7520458666,10595274318062,1783482338097697998
0,7524934999,10595274332430,1783482338097712366
2,7435290999,10595274343598,1783482338097723566
3,7552501332,10595274364111,1783482338097744079
2,7467320000,10595274365775,1783482338097745743
3,7584544000,10595274372975,1783482338097752911
2,7499348999,10595274410511,1783482338097790447
3,7616586666,10595274413871,1783482338097793807
1,7541399999,10595274417455,1783482338097797423
0,7556955999,10595274427759,1783482338097807695
1,7573433000,10595483083964,1783482338306463932
2,7531377999,10595483096892,1783482338306476828
0,7588977000,10595483104316,1783482338306484252
2,7723551999,10595483116476,1783482338306496444
0,7620997999,10595483118332,1783482338306498268
3,7648629332,10595483121916,1783482338306501852
1,7605465999,10595483124476,1783482338306504380
2,7755581000,10595483154365,1783482338306534333
2,7787609999,10595483160509,1783482338306540477
0,7653018999,10595483202877,1783482338306582845
3,7680672000,10595483267933,1783482338306647869
1,7701564999,10595483280445,1783482338306660413
1,7733597999,10595483331678,1783482338306711646
0,7685040000,10595483415262,1783482338306795230
3,7712714666,10595483417182,1783482338306797150
3,7744757332,10595483427262,1783482338306807230
0,7845144999,10595489077953,1783482338312457921
2,7851668000,10595495597290,1783482338318977226
1,7861730000,10595505657288,1783482338329037320
2,7883696999,10595527621040,1783482338351001008
1,7893762999,10595537672783,1783482338361052719
2,7915725999,10595559644727,1783482338383024695
1,7925795999,10595692063083,1783482338515443019
0,7877166000,10595692075308,1783482338515455276
1,7957829000,10595692087532,1783482338515467468
3,7840885332,10595692111372,1783482338515491308
0,7909186999,10595692114444,1783482338515494380
2,7947755000,10595692114732,1783482338515494668
0,7941207999,10595692122572,1783482338515502508
3,7872928000,10595692126604,1783482338515506540
3,7904970666,10595692132300,1783482338515512268
0,7973229000,10595692134508,1783482338515514476
3,7937013332,10595692185260,1783482338515565324
1,7989861999,10595692200908,1783482338515580876
1,8021894999,10595692206700,1783482338515586636
2,7979783999,10595692213420,1783482338515593356
0,8069292000,10595713203150,1783482338536583118
1,8053928000,10595900773945,1783482338724153881
3,8065184000,10595900780889,1783482338724160857
2,8011812999,10595900792985,1783482338724172953
3,8097226666,10595900801625,1783482338724181561
0,8101312999,10595900804697,1783482338724184665
3,8129269332,10595900819609,1783482338724199577
2,8043842000,10595900832185,1783482338724212153
0,8133333999,10595900929178,1783482338724309082
2,8075870999,10595900938330,1783482338724318298
1,8085960999,10595900938522,1783482338724318490
1,8117993999,10595901033883,1783482338724413819
3,8161312000,10595901042491,1783482338724422459
0,8165355000,10595901070331,1783482338724450299
2,8107899999,10595901079323,1783482338724459291
0,8197375999,10595901135963,1783482338724515899
1,8150027000,10595901146491,1783482338724526459
3,8257440000,10595901355325,1783482338724735293
2,8268044999,10595911958174,1783482338735338110
3,8289482666,10595933397571,1783482338756777539
1,8278158999,10596109781128,1783482338933161064
3,8321525332,10596109781800,1783482338933161768
2,8300073999,10596109784489,1783482338933164425
1,8310191999,10596109804265,1783482338933184233
1,8342225000,10596109826121,1783482338933206089
0,8261418000,10596109825961,1783482338933205929
0,8293438999,10596109836841,1783482338933216777
3,8353568000,10596109878025,1783482338933257961
0,8325459999,10596109878857,1783482338933258825
2,8332103000,10596109879817,1783482338933259753
2,8364131999,10596109888457,1783482338933268425
2,8396160999,10596109893545,1783482338933273481
1,8374257999,10596109904841,1783482338933284809
2,8492247999,10596136168716,1783482338959548652
1,8470356999,10596318516086,1783482339141896022
2,8524277000,10596318516822,1783482339141896790
3,8385610666,10596318522678,1783482339141905718
3,8417653332,10596318545782,1783482339141925718
1,8502389999,10596318549847,1783482339141929815
1,8534423000,10596318557975,1783482339141937879
3,8481738666,10596318572919,1783482339141952855
0,8357481000,10596318574551,1783482339141954519
2,8556305999,10596318621015,1783482339142000983
1,8566455999,10596318645751,1783482339142025719
3,8513781332,10596318664663,1783482339142044631
2,8588334999,10596318685943,1783482339142065911
0,8517585999,10596318742200,1783482339142122168
2,8620364000,10596318759832,1783482339142139800
0,8549607000,10596318768856,1783482339142148792
0,8581627999,10596318774008,1783482339142153944
0,8677690999,10596321603145,1783482339144983081
1,8694587999,10596338524978,1783482339161904946
3,8706037332,10596349984537,1783482339173364537
0,8709711999,10596353621808,1783482339177001744
1,8726621000,10596370543001,1783482339193922937
3,8738080000,10596381989280,1783482339205369216
0,8741733000,10596385634934,1783482339209014902
2,8684421999,10596390523701,1783482339213903669
1,8758653999,10596402581183,1783482339225961151
3,8770122666,10596414043270,1783482339237423206
0,8773753999,10596417671581,1783482339241051517
2,8716451000,10596422514811,1783482339245894779
1,8790686999,10596434630822,1783482339258010790
0,8805774999,10596449736932,1783482339273116868
3,8866250666,10596510192826,1783482339333572762
1,8822720000,10596518760336,1783482339342140368
2,8748479999,10596518767376,1783482339342147344
0,8837796000,10596518772528,1783482339342152464
3,8898293332,10596542208737,1783482339365588705
2,8780508999,10596550665077,1783482339374045045
1,8854752999,10596550674613,1783482339374054549
0,8869816999,10596550691829,1783482339374071765
3,8930336000,10596574263848,1783482339397643880
0,8901837999,10596582753436,1783482339406133372
1,8886785999,10596582757340,1783482339406137308
2,8812538000,10596582762140,1783482339406142108
3,8962378666,10596606295150,1783482339429675086
1,8918819000,10596614751939,1783482339438131907
0,8933859000,10596614757539,1783482339438137507
2,8844566999,10596614759171,1783482339438139139
3,8994421332,10596638350933,1783482339461730965
3,9026464000,10596670399803,1783482339493779771
1,8950851999,10596823351504,1783482339646731472
2,8876595999,10596823353808,1783482339646733744
3,9058506666,10596823389072,1783482339646769008
0,8965879999,10596823401776,1783482339646781712
2,8908625000,10596823405840,1783482339646785776
1,8982884999,10596823449360,1783482339646829328
3,9090549332,10596823455856,1783482339646835792
1,9014918000,10596823456976,1783482339646836944
2,8940653999,10596823468944,1783482339646848912
2,8972682999,10596823473712,1783482339646853680
0,8997900999,10596823491344,1783482339646871312
3,9122592000,10596823521297,1783482339646901265
3,9154634666,10596823650641,1783482339647030577
1,9111017000,10596823651985,1783482339647031921
0,9029922000,10596823669618,1783482339647049522
0,9061942999,10596823674098,1783482339647054034
2,9196886000,10596840799452,1783482339664179420
0,9190026999,10596849241200,1783482339672621136
3,9186677332,10596849242608,1783482339672622576
1,9207116000,10596851024475,1783482339674404443
2,9228914999,10596872832194,1783482339696212130
0,9222048000,10596881289559,1783482339704669527
3,9218720000,10596881293303,1783482339704673239
1,9239148999,10596883063906,1783482339706443874
2,9260943999,10596904869929,1783482339728249897
0,9254068999,10596913331037,1783482339736710973
3,9250762666,10596913341501,1783482339736721469
1,9271181999,10596915097480,1783482339738477416
2,9292973000,10596936885327,1783482339760265263
1,9303215000,10596947120943,1783482339770500879
2,9325001999,10596968913942,1783482339792293878
2,9357030999,10597000937820,1783482339824317788
1,9335247999,10597121877354,1783482339945257290
3,9282805332,10597121883210,1783482339945263178
1,9367280999,10597121891178,1783482339945271114
0,9286089999,10597121895210,1783482339945275146
2,9389060000,10597121905578,1783482339945285514
0,9318111000,10597121909546,1783482339945289514
0,9350131999,10597121915242,1783482339945295178
0,9382152999,10597121922410,1783482339945302378
2,9421088999,10597121971595,1783482339945351563
3,9314848000,10597121977035,1783482339945357003
1,9399314000,10597121986283,1783482339945366251
2,9453117999,10597122047691,1783482339945427627
0,9478215999,10597122138092,1783482339945518028
3,9346890666,10597122173644,1783482339945553580
1,9431346999,10597122193676,1783482339945573644
0,9510237000,10597154151090,1783482339977531058
1,9495413000,10597330637432,1783482340154017368
2,9485147000,10597330639448,1783482340154019416
3,9378933332,10597330641464,1783482340154021400
3,9507104000,10597330658488,1783482340154038456
3,9539146666,10597330664152,1783482340154044088
3,9571189332,10597330668536,1783482340154048504
0,9542257999,10597330698072,1783482340154078040
2,9517175999,10597330738649,1783482340154118585
0,9574278999,10597330746329,1783482340154126265
1,9527445999,10597330760985,1783482340154140953
2,9549204999,10597330822233,1783482340154202233
0,9606300000,10597330822393,1783482340154202361
1,9559478999,10597330833305,1783482340154213241
0,9638320999,10597330918522,1783482340154298458
2,9581234000,10597330929050,1783482340154308986
1,9591512000,10597330997626,1783482340154377530
3,9699360000,10597343291975,1783482340166671943
1,9687611000,10597351790395,1783482340175170363
0,9702363000,10597351801179,1783482340175181147
2,9709349999,10597353265924,1783482340176645892
3,9731402666,10597375322189,1783482340198702125
1,9719643999,10597383749793,1783482340207129729
0,9734383999,10597383762113,1783482340207142049
2,9741378999,10597385295915,1783482340208675883
3,9763445332,10597407393300,1783482340230773268
1,9751676999,10597415874409,1783482340239254345
0,9766404999,10597415878473,1783482340239258409
2,9773408000,10597417325202,1783482340240705138
3,9795488000,10597439447387,1783482340262827355
3,9827530666,10597471483425,1783482340294863393
3,9859573332,10597503512680,1783482340326892616
1,9783710000,10597624505558,1783482340447885526
2,9805436999,10597624506198,1783482340447886134
2,9837465999,10597624528150,1783482340447908086
1,9815742999,10597624532278,1783482340447912246
2,9869495000,10597624533622,1783482340447913558
1,9847775999,10597624540918,1783482340447920886
3,9891616000,10597624552406,1783482340447932374
0,9798426000,10597624569782,1783482340447949750
3,9923658666,10597624598774,1783482340447978742
1,9879809000,10597624611703,1783482340447991671
2,9901523999,10597624612151,1783482340447992087
0,9830446999,10597624617367,1783482340447997271
3,9955701332,10597624687351,1783482340448067287
0,9926509999,10597624797816,1783482340448177784
2,9997610999,10597641547135,1783482340464927071
1,10007940999,10597651870655,1783482340475250623
2,10029639999,10597833285604,1783482340656665572
3,9987744000,10597833285892,1783482340656665860
1,10039973999,10597833294724,1783482340656674660
0,9958530999,10597833294756,1783482340656674724
1,10072007000,10597833318628,1783482340656698596
0,9990552000,10597833332900,1783482340656712836
0,10022572999,10597833344228,1783482340656724196
0,10054593999,10597833349605,1783482340656729541
3,10019786666,10597833388645,1783482340656768613
1,10104039999,10597833402085,1783482340656782053
2,10061669000,10597833407173,1783482340656787141
3,10051829332,10597833468773,1783482340656848741
2,10093697999,10597833470181,1783482340656850117
1,10136072999,10597833548070,1783482340656928038
3,10083872000,10597833578790,1783482340656958758
2,10125726999,10597833581286,1783482340656961222
1,10200138999,10597844039943,1783482340667419943
0,10214698999,10597858617825,1783482340681997793
2,10189784999,10597867098646,1783482340690478582
1,10232171999,10597876087885,1783482340699467853
0,10246719999,10597890632776,1783482340714012712
2,10221813999,10597899113980,1783482340722493948
1,10264205000,10597908114964,1783482340731494932
3,10276128000,10597920051294,1783482340743431230
0,10278741000,10597922651886,1783482340746031822
2,10253843000,10597922752943,1783482340746132879
1,10296237999,10597940157883,1783482340763537851
3,10308170666,10597952085349,1783482340775465317
0,10310761999,10597954678869,1783482340778058837
3,10340213332,10597984126283,1783482340807506251
0,10342782999,10597986693019,1783482340810072987
0,10374804000,10598018727618,1783482340842107554
2,10285871999,10598131313948,1783482340954693884
1,10328270999,10598131314044,1783482340954693980
0,10406824999,10598131321884,1783482340954701820
3,10372256000,10598131330108,1783482340954710044
2,10317900999,10598131333212,1783482340954713180
3,10404298666,10598131344700,1783482340954724668
3,10436341332,10598131355740,1783482340954735676
1,10360304000,10598131406268,1783482340954786204
2,10349930000,10598131411804,1783482340954791804
3,10468384000,10598131412540,1783482340954792508
0,10438845999,10598131428700,1783482340954808668
2,10381958999,10598340065066,1783482341163445002
1,10392336999,10598340066570,1783482341163446538
0,10470867000,10598340073226,1783482341163453194
3,10500426666,10598340085738,1783482341163465706
2,10542104000,10598340087914,1783482341163467850
2,10574132999,10598340095082,1783482341163475050
1,10424369999,10598340106058,1783482341163485994
1,10520468999,10598340112138,1783482341163492074
2,10606161999,10598340116490,1783482341163496458
0,10502887999,10598340120394,1783482341163500362
1,10552502000,10598340120938,1783482341163500874
3,10532469332,10598340194091,1783482341163574059
0,10534908999,10598340199211,1783482341163579147
3,10564512000,10598340351788,1783482341163731756
3,10596554666,10598340361676,1783482341163741612
0,10566930000,10598340459212,1783482341163839180
2,10702248999,10598346165360,1783482341169545328
1,10712666999,10598356579888,1783482341179959824
0,10727034999,10598370957833,1783482341194337769
2,10734278000,10598378194774,1783482341201574710
3,10724725332,10598386699051,1783482341210079019
1,10744700000,10598388616343,1783482341211996343
0,10759056000,10598402982928,1783482341226362896
2,10766306999,10598410228061,1783482341233607997
3,10756768000,10598418687505,1783482341242067441
1,10776732999,10598420645181,1783482341244025149
0,10791076999,10598435023639,1783482341258403607
2,10798335999,10598442298436,1783482341265678404
3,10788810666,10598450904889,1783482341274284825
1,10808765999,10598452692484,1783482341276072452
0,10823097999,10598467020509,1783482341290400477
2,10830365000,10598474324138,1783482341297704106
1,10840799000,10598484738891,1783482341308118827
2,10862393999,10598506333105,1783482341329713041
1,10872831999,10598516757713,1783482341340137681
0,10855119000,10598659489446,1783482341482869414
3,10820853332,10598659490918,1783482341482870886
1,10904864999,10598659511206,1783482341482891142
0,10887139999,10598659516966,1783482341482896934
0,10919160999,10598659522374,1783482341482902310
3,10852896000,10598659550535,1783482341482930471
2,10894422999,10598659552519,1783482341482932487
3,10884938666,10598659597383,1783482341482977319
3,10916981332,10598659603623,1783482341482983591
2,10926452000,10598659618215,1783482341482998183
0,10951182000,10598659630439,1783482341483010375
1,10936898000,10598659644519,1783482341483024487
2,10958480999,10598659679719,1783482341483059655
1,10968930999,10598659692103,1783482341483072071
3,11045152000,10598689096766,1783482341512476702
0,11047245000,10598691171019,1783482341514550987
2,10990509999,10598697655795,1783482341521035731
1,11000963999,10598697658899,1783482341521038867
3,11077194666,10598721117924,1783482341544498020
0,11079265999,10598723188337,1783482341546568273
1,11032997000,10598729618809,1783482341552998777
2,11022539000,10598729624057,1783482341553003993
3,11109237332,10598753169387,1783482341576549355
0,11111286999,10598755205944,1783482341578585944
2,11054567999,10598761660096,1783482341585040032
1,11065029999,10598761660544,1783482341585040512
3,11141280000,10598785199122,1783482341608579058
0,11143308000,10598787212798,1783482341610592734
1,11097062999,10598793655590,1783482341617035526
2,11086596999,10598793662150,1783482341617042086
3,11173322666,10598817266840,1783482341640646776
0,11175328999,10598819254437,1783482341642634373
3,11205365332,10598849276287,1783482341672656255
1,11129096000,10599002190355,1783482341825570291
2,11118626000,10599002191699,1783482341825571635
1,11161128999,10599002228403,1783482341825608339
2,11150654999,10599002242035,1783482341825622003
3,11237408000,10599002245619,1783482341825625555
0,11207349999,10599002245651,1783482341825625619
2,11182683999,10599002333140,1783482341825713076
0,11239371000,10599002341620,1783482341825721556
1,11193161999,10599002345908,1783482341825725876
3,11269450666,10599002357652,1783482341825737620
2,11214713000,10599002495221,1783482341825875157
1,11225195000,10599002509205,1783482341825889141
0,11335434000,10599002531157,1783482341825911125
3,11301493332,10599002614645,1783482341825994581
3,11333536000,10599002642358,1783482341826022294
0,11367454999,10599011362636,1783482341834742636
2,11374857999,10599018776986,1783482341842156922
1,11385359999,10599029277083,1783482341852657051
1,11417393000,10599211101634,1783482342034481666
3,11365578666,10599211101986,1783482342034481954
0,11399475999,10599211111170,1783482342034491106
1,11449425999,10599211127426,1783482342034507330
2,11406887000,10599211132482,1783482342034512418
1,11481458999,10599211132642,1783482342034512610
2,11438915999,10599211141922,1783482342034521890
2,11470944999,10599211148002,1783482342034527970
2,11502974000,10599211152450,1783482342034532386
0,11431497000,10599211209315,1783482342034589251
0,11463517999,10599211215523,1783482342034595491
1,11513492000,10599211225379,1783482342034605315
3,11397621332,10599211291203,1783482342034671139
2,11599061000,10599242984264,1783482342066364232
0,11495538999,10599419804080,1783482342243184048
1,11577557999,10599419833936,1783482342243213872
1,11609591000,10599419846736,1783482342243226704
2,11631089999,10599419863472,1783482342243243408
0,11591601999,10599419865648,1783482342243245616
0,11623623000,10599419870960,1783482342243250928
3,11429664000,10599419875377,1783482342243255313
3,11461706666,10599419958865,1783482342243338833
0,11655643999,10599420113106,1783482342243493074
2,11663118999,10599420124146,1783482342243504082
2,11695148000,10599420136882,1783482342243516850
1,11641623999,10599420159826,1783482342243539794
3,11589877332,10599420164274,1783482342243544242
1,11673656999,10599420172914,1783482342243552882
3,11686005332,10599420174482,1783482342243554418
2,11727176999,10599420214803,1783482342243594739
3,11782133332,10599426050455,1783482342249430423
0,11783727999,10599427635585,1783482342251015553
1,11801789000,10599445749777,1783482342269129713
3,11814176000,10599458108670,1783482342281488638
0,11815749000,10599459661703,1783482342283041639
2,11791235000,10599466679219,1783482342290059155
1,11833821999,10599477759223,1783482342301139159
3,11846218666,10599490167460,1783482342313547524
0,11847769999,10599491715886,1783482342315095854
3,11878261332,10599522203211,1783482342345583147
0,11879790999,10599530736544,1783482342354116512
2,11823263999,10599530739488,1783482342354119456
3,11910304000,10599554246386,1783482342377626290
1,11929920999,10599573850699,1783482342397230667
3,11942346666,10599586269240,1783482342409649176
0,11911812000,10599739355117,1783482342562735085
1,11961953999,10599739355181,1783482342562735117
3,11974389332,10599739399918,1783482342562779886
2,11855292999,10599739432814,1783482342562812782
2,11951379999,10599739446414,1783482342562826382
2,11983409000,10599739455918,1783482342562835886
0,11943832999,10599739457486,1783482342562837422
0,11975853999,10599739466158,1783482342562846094
1,11993987000,10599739483406,1783482342562863342
3,12006432000,10599739509518,1783482342562889486
1,12026019999,10599739520974,1783482342562900910
2,12015437999,10599739521518,1783482342562901422
1,12058052999,10599739527118,1783482342562907054
0,12007875000,10599739539535,1783482342562919503
1,12122118999,10599766037619,1783482342589417555
0,12103938000,10599948103900,1783482342771483868
2,12111524999,10599948109436,1783482342771489404
3,12038474666,10599948146908,1783482342771526876
0,12135958999,10599948153020,1783482342771532956
0,12167979999,10599948159004,1783482342771538940
2,12143553999,10599948159452,1783482342771539388
3,12070517332,10599948161468,1783482342771541404
2,12175583000,10599948172508,1783482342771552476
1,12154151999,10599948177500,1783482342771557436
2,12207611999,10599948177948,1783482342771557884
3,12102560000,10599948193436,1783482342771573372
0,12200001000,10599948274205,1783482342771654173
3,12134602666,10599948285885,1783482342771665853
1,12186185000,10599948296093,1783482342771676029
1,12218217999,10599948416030,1783482342771795966
3,12326858666,10599970790408,1783482342794170344
0,12328084999,10599972018128,1783482342795398064
2,12335727999,10599979649151,1783482342803029119
1,12250250999,10599988116308,1783482342811496276
1,12314316999,10599988207732,1783482342811587668
3,12358901332,10600002818063,1783482342826197999
0,12360105999,10600004046359,1783482342827426327
2,12367757000,10600011688486,1783482342835068422
1,12346349999,10600020201755,1783482342843581691
3,12390944000,10600034864598,1783482342858244534
0,12392127000,10600036033821,1783482342859413757
2,12399785999,10600043702316,1783482342867082284
1,12378383000,10600052191937,1783482342875571905
3,12422986666,10600066900348,1783482342890280252
0,12424147999,10600068037667,1783482342891417603
2,12431814999,10600075734131,1783482342899114067
3,12455029332,10600098940675,1783482342922320643
0,12456168999,10600100077194,1783482342923457162
2,12463844000,10600107760858,1783482342931140858
2,12495872999,10600139780480,1783482342963160448
2,12527901999,10600260791151,1783482343084171087
3,12487072000,10600260794255,1783482343084174191
0,12488190000,10600260808431,1783482343084188367
3,12519114666,10600260816527,1783482343084196495
1,12410415999,10600260817167,1783482343084197135
0,12520210999,10600260822607,1783482343084202575
1,12442448999,10600260838511,1783482343084218447
2,12559931000,10600260895791,1783482343084275759
1,12474482000,10600260900207,1783482343084280143
3,12551157332,10600260905999,1783482343084285967
0,12552231999,10600260923887,1783482343084303855
3,12583200000,10600260985872,1783482343084365808
0,12584253000,10600260997008,1783482343084376976
1,12506514999,10600261008720,1783482343084388688
2,12591959999,10600261022160,1783482343084402128
3,12647285332,10600469672510,1783482343293052446
1,12634646999,10600469680958,1783482343293060894
0,12648294999,10600469708510,1783482343293088446
1,12666680000,10600469712606,1783482343293092574
1,12698712999,10600469721566,1783482343293101534
2,12623988999,10600469738686,1783482343293118654
1,12730745999,10600469778206,1783482343293158142
3,12679328000,10600469781086,1783482343293161054
2,12656018000,10600469798527,1783482343293178463
0,12744357999,10600469805855,1783482343293185823
2,12688046999,10600469855199,1783482343293235135
0,12776379000,10600469867263,1783482343293247231
3,12711370666,10600469879231,1783482343293259199
3,12743413332,10600469937119,1783482343293317055
2,12720075999,10600469978848,1783482343293358816
0,12808399999,10600470203361,1783482343293583265
1,12826844999,10600470769637,1783482343294149605
1,12858878000,10600502815051,1783482343326195019
0,12840420999,10600678501421,1783482343501881389
2,12848192000,10600678507469,1783482343501887437
1,12890910999,10600678543053,1783482343501922989
3,12839541332,10600678543917,1783482343501923885
3,12871584000,10600678558797,1783482343501938733
3,12903626666,10600678563789,1783482343501943725
0,12872442000,10600678578829,1783482343501958797
0,12904462999,10600678597997,1783482343501977933
2,12880220999,10600678608365,1783482343501988333
3,12935669332,10600678648462,1783482343502028430
2,12912249999,10600678656014,1783482343502035982
0,12936483999,10600678659534,1783482343502039502
2,12944279000,10600678666190,1783482343502046126
1,12922943999,10600678821999,1783482343502201967
1,12954977000,10600678836527,1783482343502216495
1,12987009999,10600678842319,1783482343502222287
2,13040366000,10600684281873,1783482343507661809
0,13064568000,10600708495527,1783482343531875463
2,13072394999,10600716306199,1783482343539686167
1,13051076000,10600717003963,1783482343540383899
3,13095882666,10600739813097,1783482343563193033
0,13096588999,10600740496269,1783482343563876237
1,13083108999,10600740597390,1783482343563977358
2,13104423999,10600748341694,1783482343571721662
3,13127925332,10600771868208,1783482343595248208
0,13128609999,10600772526868,1783482343595906836
1,13115141999,10600772646772,1783482343596026708
2,13136453000,10600780400069,1783482343603780037
3,13159968000,10600803926550,1783482343627306518
0,13160631000,10600804543354,1783482343627923290
1,13147175000,10600804650971,1783482343628030907
2,13168481999,10600812433003,1783482343635812939
3,13192010666,10600835950461,1783482343659330429
0,13192651999,10600836565313,1783482343659945281
2,13200510999,10600844421554,1783482343667801522
3,13224053332,10600867959044,1783482343691339012
0,13224672999,10600868571847,1783482343691951815
3,13256096000,10600900016170,1783482343723396138
1,13179207999,10601013198984,1783482343836578952
3,13288138666,10601013204872,1783482343836584840
2,13232540000,10601013209416,1783482343836589384
0,13256694000,10601013210856,1783482343836590792
0,13288714999,10601013318825,1783482343836698793
1,13211240999,10601013337641,1783482343836717609
3,13320181332,10601013359561,1783482343836739529
2,13264568999,10601013385193,1783482343836765161
3,13352224000,10601013397225,1783482343836777161
2,13360655999,10601013402185,1783482343836782153
0,13320735999,10601013410089,1783482343836790025
1,13243274000,10601013430890,1783482343836810826
1,13339373000,10601221991127,1783482344045371095
2,13392684999,10601221997367,1783482344045377335
0,13352757000,10601222008919,1783482344045388887
1,13371405999,10601222016343,1783482344045396279
1,13403438999,10601222023319,1783482344045403287
2,13424714000,10601222029079,1783482344045409047
1,13435472000,10601222030743,1783482344045410711
3,13384266666,10601222040119,1783482344045420055
0,13384777999,10601222056023,1783482344045435991
0,13416798999,10601222108632,1783482344045488536
2,13456742999,10601222112952,1783482344045492888
3,13416309332,10601222122424,1783482344045502392
2,13488771999,10601222236472,1783482344045616440
0,13448820000,10601222283193,1783482344045663161
3,13448352000,10601222301241,1783482344045681177
3,13480394666,10601222332057,1783482344045712025
2,13584858999,10601228783617,1783482344052163553
1,13595636999,10601239561796,1783482344062941796
3,13608565332,10601252486484,1783482344075866452
0,13608924999,10601252836822,1783482344076216758
2,13616888000,10601260812072,1783482344084192040
1,13627670000,10601271603691,1783482344094983659
3,13640608000,10601284538715,1783482344107918715
0,13640946000,10601284868573,1783482344108248541
2,13648916999,10601292837774,1783482344116217742
1,13659702999,10601303618609,1783482344126998577
3,13672650666,10601316566305,1783482344139946241
0,13672966999,10601316882211,1783482344140262179
2,13680945999,10601324851989,1783482344148231957
1,13691735999,10601335649432,1783482344159029400
0,13704987999,10601348905578,1783482344172285578
1,13723769000,10601367675774,1783482344191055710
1,13755801999,10601399723493,1783482344223103461
1,13787834999,10601488685389,1783482344312065325
2,13712975000,10601488698061,1783482344312078029
3,13704693332,10601488699853,1783482344312079821
3,13736736000,10601488723981,1783482344312103949
0,13737009000,10601488745613,1783482344312125581
0,13769029999,10601488754701,1783482344312134637
2,13745003999,10601488809582,1783482344312189518
3,13768778666,10601488812334,1783482344312192270
0,13801050999,10601488822766,1783482344312202734
1,13819868000,10601488984623,1783482344312364591
1,13851900999,10601697398651,1783482344520778619
2,13777032999,10601697401179,1783482344520781147
3,13800821332,10601697407547,1783482344520787515
0,13833072000,10601697424283,1783482344520804251
2,13809062000,10601697434107,1783482344520814075
2,13873119999,10601697443547,1783482344520823483
3,13864906666,10601697444667,1783482344520824603
2,13905149000,10601697512316,1783482344520892284
3,13896949332,10601697514684,1783482344520894620
0,13865092999,10601697528412,1783482344520908348
1,13883933999,10601697537692,1783482344520917660
3,13928992000,10601697603100,1783482344520983068
0,13897113999,10601697613372,1783482344520993308
1,13915967000,10601697618844,1783482344520998780
0,13929135000,10601697689693,1783482344521069629
1,13947999999,10601697698109,1783482344521078077
3,14057162666,10601701073682,1783482344524453650
0,14057218999,10601701120978,1783482344524500946
2,14065293999,10601709214180,1783482344532594116
1,14076131999,10601720076904,1783482344543456840
3,14089205332,10601733127321,1783482344556507257
2,14097323000,10601741245835,1783482344564625803
1,14108165000,10601752034094,1783482344575414062
3,14121248000,10601765163647,1783482344588543615
2,14129351999,10601773285458,1783482344596665394
1,14140197999,10601784119189,1783482344607499157
0,14153281999,10601797207910,1783482344620587878
3,14153290666,10601797234886,1783482344620614822
2,14161380999,10601805295928,1783482344628675896
1,14172230999,10601816154108,1783482344639534044
0,14185302999,10601829220237,1783482344652600205
3,14185333332,10601829256877,1783482344652636845
2,14193410000,10601837332127,1783482344660712095
0,14217324000,10601861245203,1783482344684625171
2,14225438999,10601869357829,1783482344692737765
2,14257467999,10601969144304,1783482344792524240
1,14204264000,10601969145712,1783482344792525648
3,14217376000,10601969171312,1783482344792551248
0,14249344999,10601969173009,1783482344792552977
0,14281365999,10601969193233,1783482344792573201
0,14313387000,10601969256177,1783482344792636145
2,14289497000,10601969256433,1783482344792636337
3,14249418666,10601969262961,1783482344792642929
1,14236296999,10601969266129,1783482344792646097
1,14268329999,10602177829470,1783482345001209438
0,14345407999,10602177862047,1783482345001242047
1,14300363000,10602177865151,1783482345001245119
3,14281461332,10602177867647,1783482345001247615
2,14321525999,10602177872319,1783482345001252287
1,14332395999,10602177873503,1783482345001253439
3,14313504000,10602177888095,1783482345001268031
0,14377428999,10602177969151,1783482345001349151
3,14345546666,10602177970015,1783482345001349983
2,14353554999,10602177982559,1783482345001362495
1,14364428999,10602177988703,1783482345001368639
2,14385584000,10602178051072,1783482345001431008
2,14417612999,10602178130944,1783482345001510880
0,14409450000,10602178133728,1783482345001513696
0,14441470999,10602178141824,1783482345001521760
3,14377589332,10602178221473,1783482345001601409
0,14537533999,10602181452213,1783482345004832181
3,14537802666,10602181713367,1783482345005093303
2,14545728999,10602189649896,1783482345013029832
1,14556626999,10602200541035,1783482345023920971
0,14569554999,10602213487868,1783482345036867836
3,14569845332,10602213755965,1783482345037135901
2,14577758000,10602221683854,1783482345045063822
1,14588660000,10602232590450,1783482345055970386
0,14601576000,10602245500386,1783482345068880354
3,14601888000,10602245798084,1783482345069178052
2,14609786999,10602253744213,1783482345077124149
1,14620692999,10602264621689,1783482345088001657
0,14633596999,10602277554409,1783482345100934377
3,14633930666,10602277856075,1783482345101236011
2,14641815999,10602285748508,1783482345109128476
1,14652725999,10602296640703,1783482345120020639
3,14665973332,10602309885745,1783482345133265713
1,14748824999,10602392750099,1783482345216130067
0,14665617999,10602401225832,1783482345224605800
2,14673845000,10602401226600,1783482345224606536
3,14698016000,10602401228616,1783482345224608552
1,14780858000,10602424785818,1783482345248165754
3,14730058666,10602433340687,1783482345256720623
0,14697639000,10602433345935,1783482345256725871
2,14769932000,10602433448848,1783482345256828784
1,14812890999,10602456828609,1783482345280208577
2,14801960999,10602465335670,1783482345288715606
0,14729659999,10602465350934,1783482345288730902
3,14762101332,10602465354646,1783482345288734614
1,14844923999,10602488878568,1783482345312258504
2,14833989999,10602497453469,1783482345320833405
3,14794144000,10602497460125,1783482345320840061
0,14761680999,10602497466909,1783482345320846877
1,14876957000,10602520902094,1783482345344282062
1,14908989999,10602552914421,1783482345376294357
1,14941022999,10602706071979,1783482345529451947
2,14866019000,10602706077771,1783482345529457707
2,14898047999,10602706105259,1783482345529485227
2,14930076999,10602706112139,1783482345529492075
0,14793702000,10602706130443,1783482345529510379
1,14973056000,10602706170603,1783482345529550571
3,14826186666,10602706187307,1783482345529567275
3,14858229332,10602706195947,1783482345529575851
3,14890272000,10602706200299,1783482345529580235
0,14825722999,10602706224588,1783482345529604556
2,14962106000,10602706242412,1783482345529622348
0,14857743999,10602706277452,1783482345529657420
0,14889765000,10602706282732,1783482345529662668
3,14922314666,10602706293388,1783482345529673324
1,15005088999,10602706314348,1783482345529694284
1,15037121999,10602706571854,1783482345529951822
0,15081891000,10602725810213,1783482345549190181
3,15082528000,10602726432201,1783482345549812137
2,15090221999,10602734155385,1783482345557535353
1,15069155000,10602734300730,1783482345557680698
0,15113911999,10602757826444,1783482345581206380
3,15114570666,10602758474448,1783482345581854416
2,15122250999,10602766169023,1783482345589548959
1,15101187999,10602766285216,1783482345589665184
0,15145932999,10602789838418,1783482345613218386
3,15146613332,10602790514742,1783482345613894710
2,15154280000,10602798194278,1783482345621574214
1,15133220999,10602798301479,1783482345621681415
0,15177954000,10602821872761,1783482345645252697
3,15178656000,10602822561341,1783482345645941309
2,15186308999,10602830243469,1783482345653623437
1,15165254000,10602830365198,1783482345653745166
0,15209974999,10602853886879,1783482345677266847
3,15210698666,10602854601796,1783482345677981732
2,15218337999,10602862273779,1783482345685653683
0,15241995999,10602885916230,1783482345709296166
2,15250367000,10602894278842,1783482345717658778
3,15242741332,10603038957947,1783482345862337883
1,15197286999,10603038959419,1783482345862339387
0,15274017000,10603038973755,1783482345862353691
3,15274784000,10603038980411,1783482345862360379
2,15282395999,10603039004828,1783482345862384764
3,15306826666,10603039074108,1783482345862454044
1,15229319999,10603039087068,1783482345862467036
2,15314424999,10603039109724,1783482345862489660
0,15306037999,10603039124540,1783482345862504476
3,15338869332,10603039159837,1783482345862539773
0,15338058999,10603039163485,1783482345862543453
1,15261353000,10603039169629,1783482345862549597
2,15346454000,10603039173821,1783482345862553757
0,15370080000,10603039251677,1783482345862631645
1,15293385999,10603039264989,1783482345862644957
2,15378482999,10603039274749,1783482345862654685
3,15402954666,10603046861452,1783482345870241388
2,15410511999,10603247831755,1783482346071211691
1,15421517999,10603247833099,1783482346071213067
0,15402100999,10603247836683,1783482346071216651
1,15453551000,10603247883307,1783482346071263275
3,15434997332,10603247888907,1783482346071268843
2,15442541000,10603247921707,1783482346071301675
1,15485583999,10603247937547,1783482346071317483
0,15434121999,10603247964172,1783482346071344108
3,15467040000,10603247967180,1783482346071347148
1,15517616999,10603247978860,1783482346071358828
2,15474569999,10603248056748,1783482346071436684
3,15499082666,10603248057836,1783482346071437804
0,15466143000,10603248069036,1783482346071448972
0,15562206000,10603248150413,1783482346071530381
2,15506598999,10603248164781,1783482346071544717
3,15531125332,10603248196045,1783482346071576013
1,15613715999,10603257630056,1783482346081009992
0,15626247999,10603270174549,1783482346093554613
3,15627253332,10603271166332,1783482346094546300
2,15634715000,10603278632202,1783482346102012138
1,15645749000,10603289682702,1783482346113062670
0,15658269000,10603302192764,1783482346125572700
3,15659296000,10603303217410,1783482346126597346
2,15666743999,10603310661296,1783482346134041264
1,15677781999,10603321698997,1783482346145078965
0,15690289999,10603334200226,1783482346157580162
3,15691338666,10603335247913,1783482346158627849
2,15698772999,10603342679767,1783482346166059703
1,15709814999,10603353722140,1783482346177102108
0,15722310999,10603366219849,1783482346189599785
3,15723381332,10603367286832,1783482346190666768
2,15730802000,10603374709886,1783482346198089822
1,15741848000,10603385761954,1783482346209141922
1,15773880999,10603417810185,1783482346241190153
1,15805913999,10603570802430,1783482346394182398
2,15762830999,10603570807326,1783482346394187294
3,15755424000,10603570818782,1783482346394198750
0,15754332000,10603570837566,1783482346394217534
2,15794859999,10603570842430,1783482346394222366
0,15786352999,10603570852382,1783482346394232350
2,15826889000,10603570853438,1783482346394233374
3,15787466666,10603570865758,1783482346394245726
3,15819509332,10603570921535,1783482346394301439
2,15858917999,10603570923007,1783482346394302943
1,15837947000,10603570930239,1783482346394310207
0,15818373999,10603570938751,1783482346394318719
3,15915637332,10603571079648,1783482346394459616
1,15869979999,10603571106016,1783482346394485952
0,15850395000,10603571120640,1783482346394500608
2,15955004999,10603598920780,1783482346422300748
1,15902012999,10603779641069,1783482346603021037
3,15947680000,10603779648365,1783482346603028333
0,15946458000,10603779660654,1783482346603040622
1,15934046000,10603779665614,1783482346603045550
2,15987033999,10603779680110,1783482346603060046
0,15978478999,10603779684334,1783482346603064270
3,15979722666,10603779700014,1783482346603079982
2,16019063000,10603779738510,1783482346603118446
0,16010499999,10603779745422,1783482346603125358
3,16011765332,10603779746478,1783482346603126446
1,15966078999,10603779765070,1783482346603145006
1,15998111999,10603779820430,1783482346603200398
3,16043808000,10603779829583,1783482346603209519
0,16042521000,10603779846159,1783482346603226127
2,16051091999,10603779904815,1783482346603284751
2,16083120999,10603779914607,1783482346603294575
0,16138584000,10603782498015,1783482346605877983
3,16139936000,10603783844039,1783482346607223975
1,16158276999,10603802196857,1783482346625576793
0,16170604999,10603814524294,1783482346637904262
3,16171978666,10603815885966,1783482346639265902
2,16179207999,10603823136667,1783482346646516603
1,16190309999,10603834229376,1783482346657609312
0,16202625999,10603846542252,1783482346669922220
3,16204021332,10603847934069,1783482346671314005
2,16211237000,10603855164482,1783482346678544450
1,16222343000,10603866254311,1783482346689634279
0,16234647000,10603878555891,1783482346701935827
3,16236064000,10603879973564,1783482346703353500
2,16243265999,10603887183816,1783482346710563752
1,16254375999,10603898285069,1783482346721665005
0,16266667999,10603910592378,1783482346733972346
3,16268106666,10603912020834,1783482346735400770
2,16275294999,10603919215055,1783482346742595023
1,16286408999,10603930325748,1783482346753705716
0,16298688999,10603942604032,1783482346765983968
3,16300149332,10603944033097,1783482346767413065
2,16307324000,10603951257526,1783482346774637494
1,16318442000,10603962362555,1783482346785742523
2,16339352999,10604104218219,1783482346927598187
0,16330710000,10604104224619,1783482346927604587
3,16332192000,10604104229323,1783482346927609259
1,16350474999,10604104234955,1783482346927614923
0,16362730999,10604104351019,1783482346927730987
1,16382507999,10604104374348,1783482346927754316
3,16364234666,10604104382060,1783482346927762028
2,16371381999,10604104355275,1783482346927735211
2,16403411000,10604104426060,1783482346927806028
3,16396277332,10604104431212,1783482346927811180
0,16394751999,10604104446316,1783482346927826284
1,16414541000,10604104458476,1783482346927838412
2,16435439999,10604104497100,1783482346927877036
3,16428320000,10604104502316,1783482346927882284
0,16426773000,10604104515564,1783482346927895500
1,16446573999,10604104528429,1783482346927908365
3,16460362666,10604304669414,1783482347128049350
1,16478606999,10604304671238,1783482347128051206
0,16490814999,10604304675686,1783482347128055622
2,16467468999,10604304686630,1783482347128066598
2,16499498000,10604304810727,1783482347128190695
3,16492405332,10604304811527,1783482347128191495
0,16522836000,10604304831687,1783482347128211655
2,16531526999,10604304895111,1783482347128275079
3,16524448000,10604304898535,1783482347128278471
0,16554856999,10604304915624,1783482347128295560
2,16563555999,10604304983400,1783482347128363368
3,16556490666,10604305018088,1783482347128398024
0,16586877999,10604305033352,1783482347128413288
1,16510640000,10604305236778,1783482347128616714
1,16542672999,10604305252554,1783482347128632490
1,16574705999,10604305283818,1783482347128663754
1,16670804999,10604314728996,1783482347138108932
0,16682940999,10604326859888,1783482347150239856
3,16684661332,10604328574522,1783482347151954458
2,16691672000,10604335594150,1783482347158974118
1,16702838000,10604346750443,1783482347170130411
0,16714962000,10604358873078,1783482347182253046
3,16716704000,10604360609441,1783482347183989409
2,16723700999,10604367616173,1783482347190996141
1,16734870999,10604378785650,1783482347202165618
0,16746982999,10604390891549,1783482347214271517
3,16748746666,10604392653032,1783482347216032968
2,16755729999,10604399650131,1783482347223030099
1,16766903999,10604410822745,1783482347234202713
0,16779003999,10604422911396,1783482347246291364
3,16780789332,10604424694671,1783482347248074607
2,16787759000,10604431690746,1783482347255070714
1,16798937000,10604442866143,1783482347266246079
0,16811025000,10604454944170,1783482347278324138
3,16812832000,10604456740757,1783482347280120725
2,16819787999,10604463712257,1783482347287092225
1,16830969999,10604474946662,1783482347298326630
0,16843045999,10604486996209,1783482347310376145
3,16844874666,10604488794588,1783482347312174524
2,16851816999,10604495760903,1783482347319140871
3,16876917332,10604640417289,1783482347463797193
2,16883846000,10604640417865,1783482347463797801
1,16863002999,10604640422409,1783482347463802377
0,16875066999,10604640432553,1783482347463812489
0,16971129999,10604640595274,1783482347463975242
3,16908960000,10604640595978,1783482347463975946
2,16915874999,10604640610186,1783482347463990154
3,16941002666,10604640708171,1783482347464088107
2,16947903999,10604640709707,1783482347464089643
3,16973045332,10604640780395,1783482347464160331
1,16895036000,10604640796875,1783482347464176843
1,16927068999,10604640808715,1783482347464188683
1,16959101999,10604640818027,1783482347464197963
2,16979933000,10604640947340,1783482347464327308
0,17003151000,10604647069010,1783482347470448946
0,17035171999,10604679086553,1783482347502466489
2,17011961999,10604849345561,1783482347672725529
3,17005088000,10604849359577,1783482347672739545
0,17067192999,10604849384953,1783482347672764921
1,17023167999,10604849393849,1783482347672773817
0,17099214000,10604849469114,1783482347672849050
1,17055200999,10604849478074,1783482347672858010
2,17043990999,10604849486074,1783482347672866010
3,17037130666,10604849505658,1783482347672885594
0,17131234999,10604849563770,1783482347672943738
1,17087234000,10604849571226,1783482347672951162
2,17076020000,10604849576666,1783482347672956602
3,17069173332,10604849589914,1783482347672969882
3,17101216000,10604849659547,1783482347673039515
0,17163255999,10604849673147,1783482347673053115
1,17119266999,10604849686971,1783482347673066907
2,17108048999,10604849741563,1783482347673121499
1,17215365999,10604859284342,1783482347682664278
0,17227297999,10604871213152,1783482347694593088
3,17229386666,10604873297965,1783482347696677933
2,17236164999,10604880035639,1783482347703415607
2,17268194000,10605058476234,1783482347881856202
1,17247398999,10605058483018,1783482347881862986
2,17300222999,10605058516810,1783482347881896746
0,17259318999,10605058517994,1783482347881897962
3,17325514666,10605058535018,1783482347881914986
2,17332251999,10605058573227,1783482347881953163
3,17357557332,10605058579979,1783482347881959947
3,17389600000,10605058585963,1783482347881965899
1,17279432000,10605058589675,1783482347881969611
1,17311464999,10605058601099,1783482347881981067
0,17291340000,10605058603627,1783482347881983563
0,17323360999,10605058671627,1783482347882051563
2,17364281000,10605058748524,1783482347882128460
0,17355381999,10605058748748,1783482347882128684
1,17343497999,10605058780844,1783482347882160812
3,17421642666,10605065552918,1783482347888932854
2,17428338999,10605072264768,1783482347895644736
1,17439596999,10605083524293,1783482347906904261
3,17453685332,10605097596861,1783482347920976829
2,17460368000,10605267336250,1783482348090716186
3,17485728000,10605267337082,1783482348090717050
1,17471630000,10605267336026,1783482348090715994
0,17419423999,10605267340666,1783482348090720602
2,17492396999,10605267429978,1783482348090809914
3,17517770666,10605267432538,1783482348090812506
0,17451444999,10605267451322,1783482348090831290
0,17483466000,10605267457658,1783482348090837594
1,17567729000,10605267477947,1783482348090857883
1,17599761999,10605267522619,1783482348090902555
3,17549813332,10605267549659,1783482348090929627
2,17588483999,10605267555835,1783482348090935803
0,17515486999,10605267563067,1783482348090943003
2,17620512999,10605267621371,1783482348091001339
3,17581856000,10605267714844,1783482348091094876
1,17631794999,10605275723662,1783482348099103598
0,17643570999,10605287485111,1783482348110865015
3,17645941332,10605289851941,1783482348113231909
2,17652542000,10605296460750,1783482348119840718
1,17663828000,10605307762965,1783482348131142901
0,17675592000,10605319513725,1783482348142893629
1,17695860999,10605476323946,1783482348299703882
0,17707612999,10605476328394,1783482348299708298
2,17684570999,10605476330698,1783482348299710666
3,17677984000,10605476338378,1783482348299718314
2,17716599999,10605476435755,1783482348299815691
0,17739633999,10605476444651,1783482348299824587
2,17748629000,10605476514027,1783482348299893995
0,17771655000,10605476519915,1783482348299899851
2,17780657999,10605476582412,1783482348299962380
0,17803675999,10605476588172,1783482348299968108
3,17710026666,10605476680172,1783482348300060076
1,17727893999,10605476698669,1783482348300078637
1,17759927000,10605476714637,1783482348300094573
1,17791959999,10605476863406,1783482348300243342
3,17742069332,10605476882478,1783482348300262414
3,17774112000,10605477185392,1783482348300565360
1,17856026000,10605685173562,1783482348508553530
2,17844716000,10605685179834,1783482348508559802
3,17838197332,10605685193146,1783482348508573114
0,17835696999,10605685196602,1783482348508576538
2,17876744999,10605685201178,1783482348508581146
3,17870240000,10605685206970,1783482348508586906
2,17908773999,10605685266042,1783482348508645946
3,17902282666,10605685271643,1783482348508651579
0,17867718000,10605685275291,1783482348508655259
1,17888058999,10605685289211,1783482348508669179
0,17899738999,10605685404027,1783482348508783963
3,17934325332,10605685422395,1783482348508802363
2,17940803000,10605685454140,1783482348508834076
0,17931759999,10605685531484,1783482348508911452
1,17920091999,10605685545308,1783482348508925212
1,17952125000,10605685557500,1783482348508937436
1,18048224000,10605692165701,1783482348515545637
0,18059844000,10605703769549,1783482348527149517
3,18062496000,10605706422302,1783482348529802238
2,18068918999,10605712843398,1783482348536223398
1,18080256999,10605724175756,1783482348547555724
0,18091864999,10605735780436,1783482348559160404
3,18094538666,10605738451652,1783482348561831588
2,18100947999,10605744869548,1783482348568249484
1,18112289999,10605756218899,1783482348579598867
0,18123885999,10605767795194,1783482348591175098
3,18126581332,10605770486987,1783482348593866955
2,18132977000,10605776887475,1783482348600267443
1,18144323000,10605788231993,1783482348611611993
0,18155907000,10605799833921,1783482348623213857
3,18158624000,10605802538930,1783482348625918866
2,18165005999,10605808916442,1783482348632296378
1,18176355999,10605820267072,1783482348643647040
0,18187927999,10605831860040,1783482348655240008
3,18190666666,10605834583001,1783482348657962969
2,18197034999,10605840953856,1783482348664333824
3,18222709332,10605866631712,1783482348690011616
2,18229064000,10605872996903,1783482348696376839
1,18208388999,10606017709161,1783482348841089097
0,18219948999,10606017711145,1783482348841091081
2,18261092999,10606017730505,1783482348841110473
1,18240422000,10606017733385,1783482348841113321
0,18251970000,10606017735529,1783482348841115497
3,18254752000,10606017758761,1783482348841138729
3,18286794666,10606017814474,1783482348841194442
0,18283990999,10606017817674,1783482348841197610
1,18272454999,10606017844394,1783482348841224330
3,18318837332,10606017922666,1783482348841302602
1,18304487999,10606017953290,1783482348841333226
3,18350880000,10606018102827,1783482348841482795
2,18293121999,10606018324269,1783482348841704237
2,18325151000,10606018340525,1783482348841720461
2,18357179999,10606018360749,1783482348841740717
0,18380053999,10606023973584,1783482348847353520
1,18400586999,10606044511375,1783482348867891279
0,18412074999,10606055990614,1783482348879370582
2,18389208999,10606226619449,1783482349049999417
3,18382922666,10606226619769,1783482349049999737
1,18432620000,10606226624121,1783482349050004057
0,18444096000,10606226630585,1783482349050010553
2,18421238000,10606226713178,1783482349050093114
0,18476116999,10606226742874,1783482349050122810
2,18453266999,10606226791450,1783482349050171386
0,18508137999,10606226798874,1783482349050178842
2,18485295999,10606226860186,1783482349050240154
0,18540159000,10606226866810,1783482349050246778
3,18414965332,10606226911867,1783482349050291835
3,18447008000,10606226950171,1783482349050330107
3,18479050666,10606226956603,1783482349050336539
1,18464652999,10606226981627,1783482349050361563
1,18496685999,10606227147324,1783482349050527292
1,18528719000,10606227191069,1783482349050571005
1,18592784999,10606236850168,1783482349060230136
0,18604200999,10606248121214,1783482349071501182
3,18607221332,10606251138993,1783482349074518929
2,18613412000,10606257336184,1783482349080716120
2,18645440999,10606435614602,1783482349258994570
3,18639264000,10606435626730,1783482349259006666
0,18636222000,10606435627050,1783482349259007018
2,18677469999,10606435640394,1783482349259020362
3,18735392000,10606435651818,1783482349259031786
1,18624818000,10606435672362,1783482349259052298
2,18709499000,10606435726282,1783482349259106282
3,18767434666,10606435733706,1783482349259113642
1,18656850999,10606435740842,1783482349259120778
0,18668242999,10606435748586,1783482349259128522
2,18741527999,10606435821899,1783482349259201803
0,18700263999,10606435825515,1783482349259205483
1,18688883999,10606435847403,1783482349259227371
0,18732285000,10606435988684,1783482349259368652
1,18720917000,10606436161133,1783482349259541069
3,18799477332,10606443394586,1783482349266774522
2,18805586000,10606449524576,1783482349272904512
3,18831520000,10606475452961,1783482349298832897
2,18837614999,10606644535258,1783482349467915194
1,18817016000,10606644542330,1783482349467922298
0,18796326999,10606644555354,1783482349467935322
3,18863562666,10606644563610,1783482349467943578
1,18849048999,10606644574202,1783482349467954170
0,18828348000,10606644584538,1783482349467964474
3,18895605332,10606644638043,1783482349468018011
0,18860368999,10606644655707,1783482349468035675
2,18869643999,10606644662843,1783482349468042811
1,18881081999,10606644667547,1783482349468047483
3,18927648000,10606644718139,1783482349468098107
0,18892389999,10606644733499,1783482349468113467
1,18977180999,10606644739675,1783482349468119643
2,18901673000,10606644744955,1783482349468124891
3,18959690666,10606644919772,1783482349468299708
2,18997760000,10606644947004,1783482349468326972
1,19009214000,10606653147247,1783482349476527215
0,19020474000,10606664403253,1783482349487783189
3,19023776000,10606667704042,1783482349491083978
2,19029788999,10606673723343,1783482349497103311
1,19041246999,10606685161334,1783482349508541302
0,19052494999,10606696429180,1783482349519809116
3,19055818666,10606853435850,1783482349676815818
0,19084515999,10606853435818,1783482349676815754
1,19073279999,10606853439914,1783482349676819850
2,19061817999,10606853443466,1783482349676823402
1,19105313000,10606853536491,1783482349676916459
3,19087861332,10606853542827,1783482349676922795
0,19116537000,10606853569067,1783482349676949003
2,19093847000,10606853578443,1783482349676958347
3,19119904000,10606853641163,1783482349677021131
0,19148557999,10606853661195,1783482349677041131
1,19137345999,10606853666475,1783482349677046411
2,19125875999,10606853668683,1783482349677048651
1,19169378999,10606853729900,1783482349677109836
2,19157904999,10606853811404,1783482349677191372
3,19151946666,10606853818956,1783482349677198892
0,19180578999,10606853842444,1783482349677222380
1,19233444999,10607062313946,1783482349885693882
2,19221962999,10607062314170,1783482349885694138
3,19216032000,10607062329850,1783482349885709818
0,19212600000,10607062334042,1783482349885714010
2,19253991999,10607062338266,1783482349885718234
3,19248074666,10607062350650,1783482349885730586
0,19244620999,10607062422587,1783482349885802555
1,19265477999,10607062428603,1783482349885808571
2,19286021000,10607062443451,1783482349885823419
3,19280117332,10607062466523,1783482349885846459
1,19297511000,10607062528379,1783482349885908315
3,19312160000,10607062538107,1783482349885918075
2,19318049999,10607062546555,1783482349885926523
0,19276641999,10607062564411,1783482349885944379
1,19329543999,10607062645564,1783482349886025500
0,19308663000,10607062724796,1783482349886104732
1,19425642999,10607069556647,1783482349892936615
0,19436746999,10607080662412,1783482349904042348
3,19440330666,10607084245218,1783482349907625186
2,19446165999,10607090080710,1783482349913460646
1,19457675999,10607101606222,1783482349924986190
0,19468767999,10607112705587,1783482349936085523
3,19472373332,10607116304393,1783482349939684329
2,19478195000,10607122118221,1783482349945498125
1,19489709000,10607133631924,1783482349957011892
0,19500789000,10607144717977,1783482349968097913
3,19504416000,10607148324176,1783482349971704112
2,19510223999,10607154129876,1783482349977509812
1,19521741999,10607165677595,1783482349989057563
0,19532809999,10607176735104,1783482350000115072
3,19536458666,10607180373910,1783482350003753878
2,19542252999,10607186178650,1783482350009558586
1,19553774999,10607197690978,1783482350021071074
0,19564830999,10607208760487,1783482350032140423
3,19568501332,10607212427517,1783482350035807453
2,19574282000,10607218202817,1783482350041582753
3,19600544000,10607244471236,1783482350067851140
2,19606310999,10607250238344,1783482350073618280
1,19585808000,10607394925226,1783482350218305194
3,19632586666,10607394926634,1783482350218306570
0,19596852000,10607394931114,1783482350218311050
1,19617840999,10607394947914,1783482350218327850
0,19628872999,10607394951498,1783482350218331434
2,19638339999,10607394978474,1783482350218358442
0,19660893999,10607395048106,1783482350218428042
1,19649873999,10607395069963,1783482350218449899
2,19670369000,10607395093227,1783482350218473195
2,19702397999,10607395132299,1783482350218512267
3,19664629332,10607395149547,1783482350218529515
3,19696672000,10607395155563,1783482350218535499
0,19692915000,10607395173195,1783482350218553163
1,19681907000,10607395183339,1783482350218563275
2,19734426999,10607395216396,1783482350218596364
3,19728714666,10607395248140,1783482350218628076
1,19778006000,10607421923697,1783482350245303665
0,19788978000,10607432918581,1783482350256298549
0,19820998999,10607595390086,1783482350418770054
3,19760757332,10607595391398,1783482350418771334
2,19766456000,10607595402342,1783482350418782310
1,19810038999,10607595409382,1783482350418789318
3,19792800000,10607595541831,1783482350418921735
1,19842071999,10607595552199,1783482350418932135
2,19798484999,10607595582983,1783482350418962951
0,19853019999,10607595589159,1783482350418969095
3,19824842666,10607595632071,1783482350419012039
0,19885041000,10607595648487,1783482350419028423
1,19874105000,10607595663239,1783482350419043207
2,19830513999,10607595690887,1783482350419070823
3,19856885332,10607595716744,1783482350419096712
2,19862543000,10607595730408,1783482350419110344
0,19917061999,10607595739944,1783482350419119912
1,19906137999,10607595751752,1783482350419131688
3,19953013332,10607596928527,1783482350420308431
2,19958630000,10607602543090,1783482350425923058
1,19970204000,10607614125466,1783482350437505402
0,19981104000,10607625032126,1783482350448412030
1,20002236999,10607804390294,1783482350627770230
3,19985056000,10607804393110,1783482350627773046
3,20017098666,10607804413687,1783482350627793655
0,20013124999,10607804425847,1783482350627805783
2,19990658999,10607804455287,1783482350627835255
3,20049141332,10607804492631,1783482350627872567
0,20045145999,10607804499799,1783482350627879767
1,20034269999,10607804512919,1783482350627892887
2,20022687999,10607804528407,1783482350627908375
2,20054717000,10607804535895,1783482350627915863
3,20145269332,10607804570936,1783482350627950904
1,20066303000,10607804663064,1783482350628043032
1,20098335999,10607804670680,1783482350628050616
0,20077167000,10607804681848,1783482350628061784
0,20109187999,10607804689656,1783482350628069592
2,20086745999,10607804761721,1783482350628141657
1,20162402000,10607806314402,1783482350629694370
0,20173230000,10607817143622,1783482350640523526
3,20177312000,10607821222591,1783482350644602559
2,20182832999,10607826746657,1783482350650126625
1,20194434999,10607838354633,1783482350661734601
0,20205250999,10607849166188,1783482350672546124
3,20209354666,10607853264838,1783482350676644806
2,20214861999,10607858775464,1783482350682155432
1,20226467999,10607870388624,1783482350693768560
0,20237271999,10607881186195,1783482350704566163
3,20241397332,10607885312461,1783482350708692429
2,20246891000,10607890823055,1783482350714203023
1,20258501000,10607902412951,1783482350725792887
0,20269293000,10607913215482,1783482350736595450
3,20273440000,10607917361235,1783482350740741171
2,20278919999,10607922846005,1783482350746225973
3,20305482666,10607949402970,1783482350772782906
2,20310948999,10607954870812,1783482350778250748
0,20301313999,10608107842033,1783482350931221969
1,20290533999,10608107844177,1783482350931224145
3,20337525332,10608107850065,1783482350931230033
2,20407035999,10608107851857,1783482350931231825
2,20439065000,10608107958514,1783482350931338450
3,20369568000,10608107961970,1783482350931341906
0,20333334999,10608107962674,1783482350931342610
1,20386632999,10608107982450,1783482350931362386
0,20365356000,10608108063187,1783482350931443123
3,20401610666,10608108077651,1783482350931457587
1,20418665999,10608108091891,1783482350931471827
3,20433653332,10608108145395,1783482350931525331
0,20397376999,10608108161651,1783482350931541587
1,20450699000,10608108172851,1783482350931552787
2,20471093999,10608115007454,1783482350938387422
2,20503122999,10608147037253,1783482350970417189
2,20535152000,10608316726370,1783482351140106338
3,20465696000,10608316733122,1783482351140113090
1,20482731999,10608316765378,1783482351140145314
1,20514764999,10608316774402,1783482351140154370
0,20493439999,10608316792514,1783482351140172482
3,20497738666,10608316818914,1783482351140198882
2,20567180999,10608316821698,1783482351140201634
0,20525460999,10608316849602,1783482351140229570
1,20546798000,10608316861090,1783482351140241058
0,20557482000,10608316861442,1783482351140241378
3,20529781332,10608316906371,1783482351140286307
0,20589502999,10608316911299,1783482351140291267
1,20578830999,10608316917091,1783482351140297059
2,20599209999,10608316993251,1783482351140373187
2,20631239000,10608317005283,1783482351140385251
3,20561824000,10608317072836,1783482351140452804
1,20674929999,10608318843983,1783482351142223951
0,20685565999,10608329476913,1783482351152856881
3,20689994666,10608333905324,1783482351157285260
2,20695296999,10608339228685,1783482351162608653
1,20706962999,10608350886709,1783482351174266677
0,20717586999,10608361502039,1783482351184882007
3,20722037332,10608525680146,1783482351349060114
2,20727326000,10608525684594,1783482351349064530
0,20749608000,10608525685554,1783482351349065522
3,20754080000,10608525704050,1783482351349083986
3,20786122666,10608525709714,1783482351349089650
1,20738996000,10608525730610,1783482351349110546
2,20759354999,10608526106517,1783482351349486485
2,20791383999,10608526169205,1783482351349549141
0,20781628999,10608526194517,1783482351349574453
0,20813649999,10608526205941,1783482351349585909
1,20771028999,10608526216886,1783482351349596854
1,20803061999,10608526224502,1783482351349604438
3,20818165332,10608526240886,1783482351349620822
3,20882250666,10608526246486,1783482351349626422
3,20914293332,10608734763172,1783482351558143140
1,20835095000,10608734798532,1783482351558178500
1,20899160999,10608734808388,1783482351558188324
2,20823413000,10608734813476,1783482351558193444
0,20845671000,10608734815524,1783482351558195460
3,20946336000,10608734853156,1783482351558233092
2,20887470999,10608734865412,1783482351558245380
1,20931194000,10608734870980,1783482351558250948
2,20919500000,10608734872996,1783482351558252964
2,20951528999,10608734878404,1783482351558258372
0,20909712999,10608734903045,1783482351558283013
0,20941734000,10608734909605,1783482351558289573
3,20978378666,10608735086694,1783482351558466662
1,20963226999,10608735122310,1783482351558502278
3,21010421332,10608735231559,1783482351558611495
0,20973754999,10608735254919,1783482351558634855
1,21091358999,10608735293671,1783482351558673639
0,21101838999,10608745754856,1783482351569134824
3,21106549332,10608750460485,1783482351573840421
2,21111674000,10608755586501,1783482351578966469
1,21123392000,10608767304846,1783482351590684782
3,21138592000,10608782510156,1783482351605890124
2,21143702999,10608787629068,1783482351611009036
1,21155424999,10608799345812,1783482351622725780
3,21170634666,10608814561363,1783482351637941299
2,21175731999,10608819649042,1783482351643029010
1,21187457999,10608831372475,1783482351654752443
0,21197901999,10608841831452,1783482351665211420
3,21202677332,10608846600282,1783482351669980250
2,21207761000,10608851671641,1783482351675051609
1,21219491000,10608863417154,1783482351686797122
0,21229923000,10608873848707,1783482351697228643
2,21239789999,10608883714528,1783482351707094528
0,21261943999,10608905857033,1783482351729237001
2,21271818999,10608915731591,1783482351739111527
0,21293964999,10608937879248,1783482351761259216
1,21251523999,10609004558446,1783482351827938382
2,21303848000,10609004567022,1783482351827946990
3,21234720000,10609004573646,1783482351827953614
0,21325986000,10609004580846,1783482351827960814
0,21358006999,10609004678991,1783482351828058959
3,21266762666,10609004679151,1783482351828059119
1,21283556999,10609004685263,1783482351828065231
2,21335876999,10609004702063,1783482351828081999
2,21367905999,10609213285885,1783482352036665853
2,21399935000,10609213360734,1783482352036740670
2,21431963999,10609213422590,1783482352036802558
1,21315590000,10609213750496,1783482352037130464
0,21390027999,10609213774016,1783482352037153984
0,21422049000,10609213789184,1783482352037169120
3,21298805332,10609213824064,1783482352037204032
2,21463992999,10609213855137,1783482352037235105
0,21454069999,10609213858113,1783482352037238081
0,21486090999,10609213873057,1783482352037252993
3,21330848000,10609213875105,1783482352037255073
3,21362890666,10609213882881,1783482352037262849
3,21394933332,10609213887617,1783482352037267585
1,21347622999,10609213902593,1783482352037282529
1,21379655999,10609213909889,1783482352037289825
1,21411689000,10609213915201,1783482352037295137
1,21571853999,10609215761485,1783482352039141453
0,21582153999,10609226068300,1783482352049448268
3,21587189332,10609231118348,1783482352054498284
2,21592109000,10609236062091,1783482352059442027
1,21603887000,10609247823891,1783482352071203827
0,21614175000,10609258115091,1783482352081495059
3,21619232000,10609263157971,1783482352086537907
2,21624137999,10609268056241,1783482352091436209
1,21635919999,10609279850234,1783482352103230170
0,21646195999,10609290132218,1783482352113512154
3,21651274666,10609295194361,1783482352118574329
2,21656166999,10609300037880,1783482352123417848
1,21667952999,10609311876417,1783482352135256353
0,21678216999,10609322136193,1783482352145516129
3,21683317332,10609327241504,1783482352150621440
2,21688196000,10609332109247,1783482352155489183
1,21699986000,10609343908776,1783482352167288712
3,21715360000,10609359277415,1783482352182657351
3,21747402666,10609391313550,1783482352214693486
2,21720224999,10609485214741,1783482352308594709
1,21796085000,10609485220405,1783482352308600373
0,21710238000,10609485225525,1783482352308605493
3,21779445332,10609485231317,1783482352308611253
1,21828117999,10609485243573,1783482352308623541
2,21816311999,10609485316181,1783482352308696117
0,21742258999,10609485320949,1783482352308700885
3,21811488000,10609485338102,1783482352308718038
1,21860150999,10609504074762,1783482352327454730
3,21843530666,10609693920548,1783482352517300452
1,21892184000,10609693921444,1783482352517301412
2,21848340999,10609693932484,1783482352517312420
0,21774279999,10609693932644,1783482352517312612
0,21806301000,10609693965924,1783482352517345892
0,21870342999,10609693974116,1783482352517354084
2,21880370000,10609693977988,1783482352517357956
2,21912398999,10609693984676,1783482352517364644
0,21902364000,10609694032805,1783482352517412741
3,21875573332,10609694040261,1783482352517420197
2,21944427999,10609694045637,1783482352517425605
1,21924216999,10609694052709,1783482352517432677
3,21907616000,10609694124965,1783482352517504933
1,21956249999,10609694141061,1783482352517521029
3,21939658666,10609694355815,1783482352517735783
1,21988283000,10609694387879,1783482352517767847
1,22052348999,10609696263347,1783482352519643315
0,22062468999,10609706391153,1783482352529771153
3,22067829332,10609711742803,1783482352535122739
2,22072544000,10609716462512,1783482352539842448
1,22084382000,10609728292377,1783482352551672345
0,22094490000,10609738414968,1783482352561794936
3,22099872000,10609743780537,1783482352567160473
2,22104572999,10609748482199,1783482352571862167
1,22116414999,10609760330368,1783482352583710336
0,22126510999,10609770425471,1783482352593805439
3,22131914666,10609775820256,1783482352599200224
2,22136601999,10609780546014,1783482352603925950
1,22148447999,10609792358375,1783482352615738311
0,22158531999,10609802443942,1783482352625823942
3,22163957332,10609807868647,1783482352631248615
2,22168631000,10609812549924,1783482352635929860
0,22190553000,10609834474508,1783482352657854508
2,22200659999,10609844576907,1783482352667956875
0,22222573999,10609866486515,1783482352689866483
2,22232688999,10609876607026,1783482352699986994
3,22196000000,10609997565888,1783482352820945824
0,22254594999,10609997569536,1783482352820949504
1,22180481000,10609997579137,1783482352820959105
2,22264718000,10609997588897,1783482352820968865
3,22228042666,10609997591873,1783482352820971841
2,22296746999,10609997669121,1783482352821049057
3,22260085332,10609997673633,1783482352821053601
0,22286616000,10609997693025,1783482352821072961
1,22212513999,10609997720033,1783482352821099969
3,22292128000,10609997768738,1783482352821148642
2,22328775999,10609997772258,1783482352821152194
0,22318636999,10609997782498,1783482352821162466
1,22244546999,10609997813538,1783482352821193506
2,22360805000,10610206363376,1783482353029743312
1,22276580000,10610206363728,1783482353029743696
3,22356213332,10610206371408,1783482353029751344
3,22388256000,10610206398737,1783482353029778705
0,22350657999,10610206403569,1783482353029783505
1,22372679000,10610206434001,1783482353029813969
2,22392833999,10610206460561,1783482353029840529
3,22420298666,10610206468721,1783482353029848689
1,22404711999,10610206474033,1783482353029854001
1,22436744999,10610206482417,1783482353029862353
0,22382679000,10610206484369,1783482353029864337
2,22424862999,10610206636530,1783482353030016498
3,22452341332,10610206638290,1783482353030018258
2,22456892000,10610206646962,1783482353030026930
0,22414699999,10610206664434,1783482353030044402
0,22446720999,10610206670418,1783482353030050386
1,22564877000,10610208793823,1783482353032173759
3,22580512000,10610224429536,1783482353047809504
2,22585007999,10610228994397,1783482353052374333
1,22596909999,10610240830982,1783482353064210950
0,22606825999,10610250750084,1783482353074130052
3,22612554666,10610256482215,1783482353079862151
2,22617036999,10610260966915,1783482353084346851
1,22628942999,10610272870381,1783482353096250349
0,22638846999,10610282763947,1783482353106143979
3,22644597332,10610288507630,1783482353111887534
2,22649066000,10610292987658,1783482353116367626
1,22660976000,10610304881748,1783482353128261716
0,22670868000,10610314786097,1783482353138166065
3,22676640000,10610320551349,1783482353143931317
2,22681094999,10610325014033,1783482353148393969
1,22693008999,10610336913723,1783482353160293691
0,22702888999,10610346801144,1783482353170181112
3,22708682666,10610352593276,1783482353175973212
1,22725041999,10610368958370,1783482353192338338
3,22740725332,10610490035697,1783482353313415665
1,22757075000,10610490035665,1783482353313415601
0,22734909999,10610490044913,1783482353313424849
2,22713123999,10610490056017,1783482353313435985
0,22766931000,10610490086353,1783482353313466289
2,22745153000,10610490091153,1783482353313471121
0,22798951999,10610490153010,1783482353313532978
1,22789107999,10610490159634,1783482353313539602
2,22777181999,10610490161874,1783482353313541842
3,22772768000,10610490177042,1783482353313556978
3,22804810666,10610490230770,1783482353313610706
0,22830972999,10610490246514,1783482353313626482
1,22821140999,10610490264946,1783482353313644882
2,22809210999,10610490371347,1783482353313751283
3,22836853332,10610698799713,1783482353522179681
2,22873268999,10610698799809,1783482353522179777
0,22862994000,10610698836705,1783482353522216737
1,22853174000,10610698866497,1783482353522246433
2,22905297999,10610698917121,1783482353522297089
3,22868896000,10610698926273,1783482353522306209
0,22895014999,10610698927298,1783482353522307266
1,22885206999,10610698940802,1783482353522320738
3,22965024000,10610699008034,1783482353522387970
0,22927035999,10610699021570,1783482353522401506
1,22917239999,10610699032418,1783482353522412386
2,22937327000,10610699044546,1783482353522424482
2,22969355999,10610699091459,1783482353522471395
3,22997066666,10610699260548,1783482353522640484
1,22949273000,10610699278468,1783482353522658436
0,22959057000,10610699289956,1783482353522669892
0,23055120000,10610699295396,1783482353522675364
3,23061152000,10610705065000,1783482353528444968
2,23065442999,10610709358690,1783482353532738658
1,23077404999,10610721323117,1783482353544703053
0,23087140999,10610731094185,1783482353554474153
3,23093194666,10610737102894,1783482353560482862
2,23097471999,10610741402281,1783482353564782249
1,23109437999,10610753351731,1783482353576731699
0,23119161999,10610763070064,1783482353586450032
3,23125237332,10610769140853,1783482353592520821
2,23129501000,10610773408912,1783482353596788880
0,23151183000,10610795099830,1783482353618479798
3,23157280000,10610801183164,1783482353624563132
1,23205536999,10610849467944,1783482353672847912
0,23183203999,10610858047773,1783482353681427741
3,23189322666,10610858057725,1783482353681437693
0,23215224999,10610859139972,1783482353682519940
3,23221365332,10610865270762,1783482353688650730
2,23225588000,10610869517636,1783482353692897604
1,23237570000,10610881477903,1783482353704857839
2,23257616999,10610901524619,1783482353724904587
1,23269602999,10610913520341,1783482353736900277
0,23247246000,10610921988234,1783482353745368170
3,23253408000,10610921997450,1783482353745377386
2,23289645999,10610933560530,1783482353756940498
1,23301635999,10610945543484,1783482353768923420
0,23279266999,10610953993713,1783482353777373649
3,23285450666,10610954003825,1783482353777383793
2,23321675000,10610965588569,1783482353788968601
1,23333669000,10610977576291,1783482353800956227
2,23353703999,10610997608479,1783482353820988415
1,23365701999,10611009615946,1783482353832995914
2,23385732999,10611162581375,1783482353985961311
3,23317493332,10611162583359,1783482353985963295
0,23311287999,10611162617951,1783482353985997887
1,23397734999,10611162627968,1783482353986007936
3,23349536000,10611162690400,1783482353986070368
0,23343309000,10611162699520,1783482353986079488
1,23429768000,10611162712352,1783482353986092320
0,23375329999,10611162783105,1783482353986163041
1,23461800999,10611162787649,1783482353986167617
3,23381578666,10611162795649,1783482353986175617
3,23413621332,10611162862849,1783482353986242817
0,23407350999,10611162869089,1783482353986249025
1,23493833999,10611162883649,1783482353986263617
2,23417762000,10611163360228,1783482353986740196
2,23449790999,10611163539749,1783482353986919685
2,23481819999,10611163550693,1783482353986930629
0,23535435000,10611371483728,1783482354194863696
0,23567455999,10611371513040,1783482354194893008
0,23599476999,10611371520080,1783482354194900048
0,23631498000,10611371524848,1783482354194904784
2,23545877999,10611371582001,1783482354194961969
3,23541792000,10611371582033,1783482354194962001
2,23577906999,10611371607441,1783482354194987409
1,23525867000,10611371608657,1783482354194988593
1,23557899999,10611371617745,1783482354194997681
3,23573834666,10611371631057,1783482354195010993
3,23605877332,10611371639217,1783482354195019185
3,23637920000,10611371643793,1783482354195023761
2,23609936000,10611371721937,1783482354195101905
1,23589932999,10611371780658,1783482354195160594
3,23734048000,10611377957624,1783482354201337528
0,23759581999,10611403494199,1783482354226874135
3,23766090666,10611411985611,1783482354235365547
1,23621966000,10611411986859,1783482354235366827
2,23641964999,10611411992715,1783482354235372651
1,23750097999,10611412094156,1783482354235474124
2,23738051999,10611412095948,1783482354235475916
0,23791602999,10611435529533,1783482354258909469
3,23798133332,10611442056038,1783482354265436134
1,23782130999,10611444071827,1783482354267451795
2,23770080999,10611444079603,1783482354267459539
0,23823624000,10611467586948,1783482354290966884
3,23830176000,10611474168685,1783482354297548653
2,23802110000,10611476252442,1783482354299632410
1,23814164000,10611476258426,1783482354299638394
0,23855644999,10611499629483,1783482354323009451
3,23862218666,10611506181684,1783482354329561588
0,23887665999,10611531613778,1783482354354993746
0,23919687000,10611563628793,1783482354387008761
1,23846196999,10611684891561,1783482354508271497
2,23834138999,10611684900681,1783482354508280649
0,24015750000,10611684903337,1783482354508283305
3,23894261332,10611684912457,1783482354508292425
1,23878229999,10611684915593,1783482354508295561
2,23866167999,10611684922922,1783482354508302858
1,23910263000,10611684923242,1783482354508303210
1,23942295999,10611684935562,1783482354508315530
2,23898197000,10611684944746,1783482354508324682
2,23930225999,10611685000042,1783482354508379978
3,23926304000,10611685197419,1783482354508577355
3,23958346666,10611685211019,1783482354508590955
0,24047770999,10611691687668,1783482354515067604
2,24058341999,10611702255317,1783482354525635285
1,24070427999,10611714354624,1783482354537734592
3,23990389332,10611722830965,1783482354546210901
0,24079791999,10611723704218,1783482354547084186
2,24090371000,10611734279388,1783482354557659324
1,24102461000,10611746383879,1783482354569763815
3,24054474666,10611754892316,1783482354578272284
0,24111813000,10611755728673,1783482354579108641
2,24122399999,10611766314563,1783482354589694499
1,24134493999,10611778436654,1783482354601816622
3,24086517332,10611786921987,1783482354610301955
0,24143833999,10611787757544,1783482354611137512
2,24154428999,10611798357226,1783482354621737194
1,24166526999,10611810462485,1783482354633842421
0,24175854999,10611819779215,1783482354643159151
1,24198560000,10611842484316,1783482354665864284
2,24186458000,10611995462001,1783482354818841937
3,24118560000,10611995465393,1783482354818845329
1,24230592999,10611995491057,1783482354818871025
2,24218486999,10611995497617,1783482354818877585
3,24150602666,10611995504305,1783482354818884241
2,24250515999,10611995506481,1783482354818886449
0,24207876000,10611995510961,1783482354818890929
3,24182645332,10611995518033,1783482354818897969
2,24282545000,10611995592402,1783482354818972370
3,24214688000,10611995597554,1783482354818977522
0,24239896999,10611995599282,1783482354818979218
1,24262625999,10611995619666,1783482354818999634
0,24271917999,10611995786483,1783482354819166451
1,24294659000,10611995893204,1783482354819273172
3,24374901332,10612018815842,1783482354842195810
2,24378632000,10612022542361,1783482354845922297
2,24410660999,10612204296321,1783482355027676289
1,24326691999,10612204303393,1783482355027683329
1,24358724999,10612204324386,1783482355027704354
0,24303939000,10612204329986,1783482355027709954
0,24367980999,10612204339874,1783482355027719810
0,24400002000,10612204345122,1783482355027725090
3,24406944000,10612204362818,1783482355027742754
3,24438986666,10612204370850,1783482355027750786
3,24471029332,10612204375202,1783482355027755106
3,24503072000,10612204433986,1783482355027813922
0,24432022999,10612204447362,1783482355027827330
1,24390758000,10612204474723,1783482355027854659
2,24442689999,10612204694404,1783482355028074340
2,24474719000,10612204710788,1783482355028090756
1,24422790999,10612204732708,1783482355028112644
3,24567157332,10612211076268,1783482355034456204
0,24592128000,10612236064839,1783482355059444807
0,24624148999,10612413095314,1783482355236475250
1,24614988999,10612413105330,1783482355236485266
0,24656169999,10612413117554,1783482355236497490
2,24506747999,10612413121714,1783482355236501650
1,24647021999,10612413122290,1783482355236502226
1,24679055000,10612413129810,1783482355236509778
2,24634863999,10612413139058,1783482355236519026
2,24666893000,10612413524340,1783482355236904308
0,24688191000,10612413524340,1783482355236904276
1,24711087999,10612413535508,1783482355236915444
3,24599200000,10612413553012,1783482355236932948
0,24720211999,10612413649685,1783482355237029653
2,24698921999,10612413651605,1783482355237031541
3,24631242666,10612414064408,1783482355237444376
3,24663285332,10612414079736,1783482355237459704
1,24775154000,10612419070711,1783482355242450679
0,24784254000,10612428167759,1783482355251547727
2,24795008999,10612438938066,1783482355262317970
1,24807186999,10612451139006,1783482355274518974
0,24816274999,10612622335877,1783482355445715781
1,24839219999,10612622336517,1783482355445716485
2,24827037999,10612622338245,1783482355445718181
3,24695328000,10612622345221,1783482355445725157
2,24859067000,10612622362949,1783482355445742917
2,24891095999,10612622372389,1783482355445752357
2,24923124999,10612622436325,1783482355445816293
0,24848295999,10612622440805,1783482355445820741
1,24871253000,10612622443781,1783482355445823749
3,24791456000,10612622459749,1783482355445839653
3,24823498666,10612622476421,1783482355445856389
3,24855541332,10612622482437,1783482355445862373
1,24903285999,10612622650790,1783482355446030726
0,24880317000,10612622670279,1783482355446050247
3,24983712000,10612627625765,1783482355451005701
2,24987182999,10612631105179,1783482355454485115
3,25015754666,10612831101397,1783482355654481365
0,24912337999,10612831118709,1783482355654498677
2,25019211999,10612831145973,1783482355654525909
1,24935318999,10612831146421,1783482355654526389
1,24999384999,10612831162357,1783482355654542293
3,25047797332,10612831166709,1783482355654546645
3,25079840000,10612831172949,1783482355654552917
0,25008400999,10612831178901,1783482355654558869
0,25040421999,10612831184949,1783482355654564885
0,25072443000,10612831251381,1783482355654631317
1,25031417999,10612831261526,1783482355654641494
1,25063451000,10612831351254,1783482355654731190
2,25051241000,10612831667672,1783482355655047608
2,25083269999,10612831683384,1783482355655063320
3,25111882666,10612831702104,1783482355655082040
2,25115298999,10612831716568,1783482355655096472
1,25191582999,10612835497648,1783482355658877584
0,25200526999,10612844446215,1783482355667826183
3,25208010666,10612851923862,1783482355675303830
0,25232547999,10612876474638,1783482355699854606
3,25240053332,10612883976509,1783482355707356445
1,25223615999,10613040114406,1783482355863494374
0,25264569000,10613040118566,1783482355863498534
0,25296589999,10613040132550,1783482355863512518
1,25255649000,10613040135014,1783482355863514982
2,25211385999,10613040139782,1783482355863519750
1,25287681999,10613040140422,1783482355863520358
2,25243415000,10613040151526,1783482355863531462
3,25272096000,10613040169286,1783482355863549254
0,25328610999,10613040220807,1783482355863600775
1,25319714999,10613040228071,1783482355863608039
2,25275443999,10613040242759,1783482355863622695
3,25304138666,10613040252551,1783482355863632487
2,25307472999,10613040362824,1783482355863742792
3,25336181332,10613040388616,1783482355863768552
1,25415813999,10613059731872,1783482355883111840
0,25424673999,10613068607191,1783482355891987127
2,25403559999,10613248868950,1783482356072249014
3,25368224000,10613248869942,1783482356072249910
0,25456695000,10613248898422,1783482356072278390
1,25447847000,10613248908406,1783482356072288342
3,25400266666,10613248928790,1783482356072308758
2,25435589000,10613248935382,1783482356072315350
2,25467617999,10613248942934,1783482356072322902
3,25432309332,10613249006647,1783482356072386615
0,25488715999,10613249006839,1783482356072386807
2,25499646999,10613249019255,1783482356072399191
1,25479879999,10613249020343,1783482356072400279
1,25511912999,10613249163160,1783482356072543096
0,25520736999,10613249167832,1783482356072547768
1,25543946000,10613249174360,1783482356072554296
0,25552758000,10613249186584,1783482356072566520
3,25464352000,10613249412473,1783482356072792409
1,25608011999,10613251936553,1783482356075316521
0,25616799999,10613260726592,1783482356084106528
3,25624565332,10613268501648,1783482356091881616
2,25627763000,10613271704644,1783482356095084612
3,25656608000,10613300523063,1783482356123902999
2,25659791999,10613303702346,1783482356127082314
1,25640045000,10613312237919,1783482356135617887
0,25648821000,10613312243071,1783482356135623007
1,25672077999,10613315996983,1783482356139376919
0,25680841999,10613324755533,1783482356148135469
3,25688650666,10613332568926,1783482356155948862
2,25691820999,10613335738801,1783482356159118769
2,25723850000,10613367778936,1783482356191158872
0,25712862999,10613376286317,1783482356199666253
1,25704110999,10613376294605,1783482356199674573
2,25755878999,10613399797919,1783482356223177887
3,25784778666,10613428699634,1783482356252079602
2,25787907999,10613431827334,1783482356255207270
3,25816821332,10613460746553,1783482356284126489
1,25736144000,10613584881756,1783482356408261724
3,25848864000,10613584888540,1783482356408268476
0,25744884000,10613584898044,1783482356408277980
1,25768176999,10613584910108,1783482356408290076
0,25776904999,10613584913404,1783482356408293372
2,25819937000,10613584931804,1783482356408311772
3,25880906666,10613584944892,1783482356408324860
2,25851965999,10613584987101,1783482356408367037
3,25912949332,10613584999645,1783482356408379581
0,25808925999,10613585007293,1783482356408387261
1,25800209999,10613585011549,1783482356408391485
1,25832243000,10613585191710,1783482356408571646
2,25883994999,10613585194942,1783482356408574878
0,25840947000,10613585213790,1783482356408593726
3,25944992000,10613588906837,1783482356412286805
1,26024441000,10613793677516,1783482356617057452
0,25969030999,10613793677612,1783482356617057580
0,26001051999,10613793713101,1783482356617093037
0,26033073000,10613793719501,1783482356617099405
3,25977034666,10613793728333,1783482356617108301
1,26056473999,10613793737229,1783482356617117197
1,26088506999,10613793744589,1783482356617124557
2,25916024000,10613793767373,1783482356617147309
3,26009077332,10613793814317,1783482356617194285
2,25948052999,10613793827277,1783482356617207213
2,26044139999,10613793833165,1783482356617213101
0,26065093999,10613793834861,1783482356617214829
1,26120540000,10613793843309,1783482356617223277
2,26076168999,10613793903214,1783482356617283214
3,26041120000,10613793907278,1783482356617287246
3,26073162666,10613793983790,1783482356617363726
1,26152572999,10613796500862,1783482356619880830
0,26161156999,10613805074195,1783482356628454163
2,26172255999,10613816177848,1783482356639557784
1,26184605999,10613828537893,1783482356651917861
0,26193177999,10613837088762,1783482356660468730
1,26216639000,10614002560093,1783482356825940061
2,26204285000,10614002562877,1783482356825942845
2,26236313999,10614002586301,1783482356825966237
0,26225199000,10614002608413,1783482356825988349
2,26268342999,10614002655710,1783482356826035646
2,26300372000,10614002662494,1783482356826042494
3,26169290666,10614002665406,1783482356826045374
3,26201333332,10614002673982,1783482356826053950
3,26233376000,10614002678142,1783482356826058078
0,26257219999,10614002692798,1783482356826072766
1,26248671999,10614002703358,1783482356826083294
0,26289240999,10614002787615,1783482356826167583
1,26280704999,10614002817567,1783482356826197503
3,26265418666,10614002837055,1783482356826216991
2,26364429999,10614008343425,1783482356831723393
1,26312738000,10614211356013,1783482357034735981
3,26361546666,10614211361934,1783482357034741870
0,26321262000,10614211377678,1783482357034757614
1,26376803999,10614211385934,1783482357034765902
0,26385303999,10614211398958,1783482357034778926
3,26393589332,10614211406350,1783482357034786286
2,26396459000,10614211410510,1783482357034790478
3,26425632000,10614211448302,1783482357034828270
2,26428487999,10614211462862,1783482357034842830
3,26457674666,10614211463502,1783482357034843470
1,26408837000,10614211466222,1783482357034846190
0,26417325000,10614211483310,1783482357034863278
0,26449345999,10614211552879,1783482357034932815
1,26440869999,10614211562895,1783482357034942831
2,26460516999,10614211625391,1783482357035005359
2,26492546000,10614211635247,1783482357035015183
1,26569001999,10614212916791,1783482357036296727
0,26577429999,10614221346667,1783482357044726635
3,26585845332,10614229776832,1783482357053156768
2,26588633000,10614232560017,1783482357055939985
1,26601035000,10614244947806,1783482357068327742
0,26609451000,10614253383250,1783482357076763250
3,26617888000,10614261811559,1783482357085191495
2,26620661999,10614264600760,1783482357087980728
1,26633067999,10614277000101,1783482357100380069
0,26641471999,10614285408313,1783482357108788249
3,26649930666,10614293854734,1783482357117234670
2,26652690999,10614296620991,1783482357120000959
1,26665100999,10614309027884,1783482357132407852
0,26673492999,10614317413952,1783482357140793920
3,26681973332,10614325887285,1783482357149267221
2,26684720000,10614328634118,1783482357152014086
1,26697134000,10614341058163,1783482357164438131
0,26705514000,10614349426247,1783482357172806215
3,26714016000,10614357926140,1783482357181306108
3,26746058666,10614389965698,1783482357213345666
3,26778101332,10614510976946,1783482357334356882
2,26716748999,10614510986066,1783482357334365970
0,26737534999,10614510989106,1783482357334369042
0,26833597999,10614511009874,1783482357334389842
1,26729166999,10614511030770,1783482357334410738
1,26761199999,10614511040498,1783482357334420434
3,26810144000,10614511082226,1783482357334462162
1,26793233000,10614511084850,1783482357334464786
0,26865618999,10614511100115,1783482357334480051
2,26748777999,10614511105171,1783482357334485139
2,26780807000,10614511165267,1783482357334545235
1,26825265999,10614511176115,1783482357334556051
3,26842186666,10614511187187,1783482357334567123
0,26897640000,10614541563600,1783482357364943536
3,26874229332,10614719859459,1783482357543239395
1,26889332000,10614719860899,1783482357543240867
2,26812835999,10614719900259,1783482357543280227
2,26876894000,10614719908003,1783482357543287971
0,26929660999,10614719929123,1783482357543309059
2,26908922999,10614719946403,1783482357543326371
0,26961681999,10614720037860,1783482357543417796
2,26940951999,10614720050276,1783482357543430244
3,26906272000,10614720060644,1783482357543440612
1,26921364999,10614720220325,1783482357543600261
1,26953397999,10614720232069,1783482357543612037
1,26985431000,10614720237957,1783482357543617893
0,26993703000,10614720266789,1783482357543646725
0,27025723999,10614720276261,1783482357543656229
3,26938314666,10614720293253,1783482357543673189
3,26970357332,10614720298725,1783482357543678693
1,27081530000,10614725479494,1783482357548859430
0,27089766000,10614733715961,1783482357557095897
3,27098528000,10614742464783,1783482357565844719
2,27101096999,10614745023647,1783482357568403583
1,27113562999,10614757499116,1783482357580879148
0,27121786999,10614765732000,1783482357589111936
2,27133125999,10614777070598,1783482357600450534
1,27145595999,10614789544275,1783482357612924243
0,27153807999,10614797752710,1783482357621132678
2,27165155000,10614809091693,1783482357632471661
1,27177629000,10614821548410,1783482357644928346
0,27185829000,10614829716301,1783482357653096237
3,27194656000,10614838586244,1783482357661966212
2,27197183999,10614841112212,1783482357664492148
3,27226698666,10614870638891,1783482357694018827
2,27229212999,10614873146778,1783482357696526746
3,27258741332,10614902655186,1783482357726035122
2,27261242000,10614905176833,1783482357728556801
2,27293270999,10615026258321,1783482357849638289
1,27209661999,10615026266513,1783482357849646449
0,27217849999,10615026272017,1783482357849651985
1,27241694999,10615026279889,1783482357849659857
3,27290784000,10615026298993,1783482357849678929
3,27322826666,10615026324050,1783482357849703986
3,27354869332,10615026383058,1783482357849763026
0,27249870999,10615026399762,1783482357849779698
1,27273728000,10615026407858,1783482357849787794
2,27325299999,10615026419154,1783482357849799122
0,27281892000,10615235019009,1783482358058398977
1,27305760999,10615235019073,1783482358058399009
2,27357329000,10615235051458,1783482358058431426
1,27433892999,10615235060930,1783482358058440866
2,27453416000,10615235061250,1783482358058441186
1,27465926000,10615235067010,1783482358058446978
0,27313912999,10615235074914,1783482358058454850
0,27409975999,10615235079010,1783482358058458978
0,27441996999,10615235082946,1783482358058462914
3,27386912000,10615235094690,1783482358058474626
3,27418954666,10615235167650,1783482358058547618
2,27485444999,10615235172034,1783482358058552002
1,27497958999,10615235180450,1783482358058560418
2,27517473999,10615235352611,1783482358058732579
3,27450997332,10615235360867,1783482358058740835
3,27483040000,10615235370180,1783482358058750148
1,27594057999,10615237975924,1783482358061355892
0,27602101999,10615246016358,1783482358069396326
3,27611210666,10615255120830,1783482358078500766
2,27613560999,10615257476365,1783482358080856301
1,27626090999,10615270021147,1783482358093401083
0,27634122999,10615278053613,1783482358101433581
3,27643253332,10615287181445,1783482358110561381
2,27645590000,10615289512564,1783482358112892532
1,27658124000,10615302036290,1783482358125416226
0,27666144000,10615310059059,1783482358133438995
3,27675296000,10615319218060,1783482358142598028
2,27677618999,10615321537019,1783482358144917019
1,27690156999,10615334061608,1783482358157441576
0,27698164999,10615342079674,1783482358165459610
2,27709647999,10615353551905,1783482358176931873
1,27722189999,10615366092975,1783482358189472943
0,27730185999,10615374100993,1783482358197480961
0,27762207000,10615406125960,1783482358229505928
1,27754223000,10615518748259,1783482358342128227
2,27741677000,10615518748835,1783482358342128803
0,27794227999,10615518783747,1783482358342163715
3,27707338666,10615518785539,1783482358342165507
3,27739381332,10615518796707,1783482358342176643
3,27771424000,10615518801252,1783482358342181220
2,27773705999,10615518842948,1783482358342222916
0,27826248999,10615518849796,1783482358342229764
1,27786255999,10615518856292,1783482358342236228
3,27803466666,10615518863876,1783482358342243812
0,27858270000,10615518941092,1783482358342321060
1,27818288999,10615518953796,1783482358342333732
2,27805734999,10615519056773,1783482358342436709
3,27899594666,10615543540957,1783482358366920893
3,27931637332,10615727559092,1783482358550939028
2,27837764000,10615727561940,1783482358550941876
0,27890290999,10615727576596,1783482358550956564
2,27901821999,10615727580468,1783482358550960436
1,27850322000,10615727590708,1783482358550970676
1,27882354999,10615727609076,1783482358550989012
0,27922311999,10615727665652,1783482358551045620
1,27914387999,10615727669940,1783482358551049876
2,27933851000,10615727674645,1783482358551054613
3,27963680000,10615727683509,1783482358551063445
0,27954333000,10615727776373,1783482358551156309
2,27965879999,10615727791061,1783482358551171029
1,27946421000,10615727928150,1783482358551308086
3,27995722666,10615727936470,1783482358551316406
0,27986353999,10615727968150,1783482358551348086
3,28027765332,10615728113207,1783482358551493143
3,28091850666,10615735759783,1783482358559139719
2,28093995999,10615737909332,1783482358561289300
1,28106585999,10615750507522,1783482358573887458
0,28114437999,10615758348403,1783482358581728371
3,28123893332,10615767802286,1783482358591182254
2,28126025000,10615769933339,1783482358593313307
1,28138619000,10615782531113,1783482358605911049
0,28146459000,10615790364890,1783482358613744858
3,28155936000,10615799860597,1783482358623240565
2,28158053999,10615801966114,1783482358625346082
1,28170651999,10615814565520,1783482358637945488
3,28187978666,10615831897212,1783482358655277148
2,28190082999,10615834003721,1783482358657383689
1,28202684999,10615846597399,1783482358669977367
3,28220021332,10615863938083,1783482358687318051
2,28222112000,10615866030032,1783482358689410000
1,28234718000,10615878650494,1783482358702030462
0,28242522000,10615886446766,1783482358709826702
2,28254140999,10615898048662,1783482358721428598
1,28266750999,10615910660453,1783482358734040389
0,28274542999,10615918460021,1783482358741839989
0,28306563999,10615950483612,1783482358773863580
0,28338585000,10616051064237,1783482358874444173
2,28286169999,10616051065997,1783482358874445965
3,28252064000,10616051069965,1783482358874449901
1,28298783999,10616051081613,1783482358874461517
0,28370605999,10616051082093,1783482358874462061
0,28402626999,10616051187885,1783482358874567821
1,28330817000,10616051194413,1783482358874574381
3,28284106666,10616051206733,1783482358874586669
2,28318199000,10616051213550,1783482358874593518
1,28362849999,10616259787965,1783482359083167933
2,28350227999,10616259788413,1783482359083168381
1,28394882999,10616259833693,1783482359083213629
2,28382256999,10616259839357,1783482359083219325
2,28414286000,10616259846557,1783482359083226525
3,28316149332,10616259860701,1783482359083240669
3,28348192000,10616259867229,1783482359083247165
3,28412277332,10616259879837,1783482359083259773
3,28444320000,10616259884413,1783482359083264381
2,28446314999,10616259956286,1783482359083336254
1,28426916000,10616259968126,1783482359083348094
1,28458948999,10616260140703,1783482359083520639
0,28434648000,10616260296416,1783482359083676384
0,28466668999,10616260310144,1783482359083690112
0,28498689999,10616260315424,1783482359083695392
0,28530711000,10616260319520,1783482359083699488
1,28619114000,10616263030993,1783482359086410929
0,28626774000,10616270689216,1783482359094069152
3,28636576000,10616280511421,1783482359103891389
2,28638488999,10616282424361,1783482359105804393
1,28651146999,10616295075512,1783482359118455448
0,28658794999,10616302714311,1783482359126094247
3,28668618666,10616312533700,1783482359135913636
2,28670517999,10616314434992,1783482359137814960
1,28683179999,10616327097471,1783482359150477407
0,28690815999,10616334732366,1783482359158112334
3,28700661332,10616344570763,1783482359167950731
2,28702547000,10616346464535,1783482359169844503
1,28715213000,10616359122950,1783482359182502918
3,28732704000,10616376613522,1783482359199993458
2,28734575999,10616378482846,1783482359201862782
3,28764746666,10616408660185,1783482359232040121
2,28766604999,10616410512709,1783482359233892613
3,28796789332,10616440736960,1783482359264116896
2,28862691999,10616512191164,1783482359335571132
3,28828832000,10616512199516,1783482359335579452
1,28747245999,10616512204444,1783482359335584412
1,28843344999,10616512231740,1783482359335611708
0,28722837000,10616512681503,1783482359336061471
2,28894721000,10616538647456,1783482359362027424
0,28754857999,10616720827084,1783482359544207020
1,28875377999,10616720831564,1783482359544211468
0,28786878999,10616720849708,1783482359544229644
1,28907411000,10616720852940,1783482359544232908
0,28818900000,10616720855404,1783482359544235372
1,28939443999,10616720859340,1783482359544239276
0,28882941999,10616720860524,1783482359544240492
3,28860874666,10616720879596,1783482359544259532
2,28926749999,10616720910156,1783482359544290124
3,28892917332,10616720933388,1783482359544313356
1,28971476999,10616720937741,1783482359544317709
2,28958778999,10616720947853,1783482359544327789
3,28924960000,10616721079245,1783482359544459181
2,28990808000,10616721235086,1783482359544615054
2,29022836999,10616721289679,1783482359544669647
3,28957002666,10616721296975,1783482359544676943
3,29085173332,10616729090591,1783482359552470559
2,29086895000,10616730808170,1783482359554188138
1,29099609000,10616743537145,1783482359566917081
0,29107089000,10616751007175,1783482359574387111
1,29131641999,10616775568928,1783482359598948864
0,29139109999,10616783030062,1783482359606410030
3,29117216000,10616783148495,1783482359606528463
2,29118923999,10616783151503,1783482359606531439
1,29163674999,10616807594887,1783482359630974855
0,29171130999,10616815042933,1783482359638422901
1,29195708000,10616839618958,1783482359662999022
0,29203152000,10616847076156,1783482359670456124
0,29235172999,10616879089283,1783482359702469251
0,29267193999,10616911102025,1783482359734481961
3,29149258666,10616991707678,1783482359815087614
1,29227740999,10616991708670,1783482359815088606
2,29150952999,10616991715038,1783482359815095006
3,29181301332,10616991729246,1783482359815109182
2,29182982000,10616991733150,1783482359815113118
3,29213344000,10616991735774,1783482359815115710
3,29245386666,10616991742238,1783482359815122174
0,29299215000,10616991764350,1783482359815144286
0,29331235999,10616991824319,1783482359815204287
1,29259773999,10616991835359,1783482359815215295
2,29215010999,10616991852671,1783482359815232607
3,29373557332,10617017473918,1783482359840853886
0,29363256999,10617200475694,1783482360023855630
2,29247039999,10617200476078,1783482360023856014
1,29291807000,10617200487855,1783482360023867823
3,29405600000,10617200493711,1783482360023873679
2,29375156000,10617200501839,1783482360023881775
1,29323839999,10617200504143,1783482360023884111
3,29437642666,10617200506959,1783482360023886895
2,29407184999,10617200507375,1783482360023887343
1,29355872999,10617200510063,1783482360023889999
2,29439213999,10617200515343,1783482360023895311
0,29395278000,10617200590127,1783482360023970095
3,29469685332,10617200590543,1783482360023970511
1,29387906000,10617200592975,1783482360023972943
3,29501728000,10617200755568,1783482360024135536
0,29427298999,10617200770416,1783482360024150384
0,29459319999,10617200780752,1783482360024160720
3,29565813332,10617209733544,1783482360033113512
2,29567330000,10617211265841,1783482360034645809
1,29580104000,10617224029313,1783482360047409249
3,29597856000,10617241780079,1783482360065160047
2,29599358999,10617243280152,1783482360066660120
1,29612136999,10617256046856,1783482360079426792
3,29629898666,10617273847958,1783482360097227926
2,29631387999,10617275316191,1783482360098696159
1,29644169999,10617288109455,1783482360111489423
0,29651445999,10617295386236,1783482360118766172
3,29661941332,10617305868509,1783482360129248445
2,29663417000,10617307336454,1783482360130716422
1,29676203000,10617320106709,1783482360143486645
0,29683467000,10617327382339,1783482360150762307
2,29695445999,10617339361709,1783482360162741709
1,29708235999,10617352151676,1783482360175531612
0,29715487999,10617359403402,1783482360182783338
2,29727474999,10617371390836,1783482360194770772
0,29747508999,10617492442820,1783482360315822788
2,29759504000,10617492445028,1783482360315824964
0,29779530000,10617492468004,1783482360315847940
1,29740268999,10617492482916,1783482360315862884
0,29811550999,10617492491108,1783482360315871076
1,29772302000,10617492492548,1783482360315872516
3,29693984000,10617492547876,1783482360315927812
1,29804334999,10617701014739,1783482360524394707
2,29791532999,10617701019635,1783482360524399603
1,29836367999,10617701061715,1783482360524441619
2,29823561999,10617701075124,1783482360524455092
0,29843571999,10617701082484,1783482360524462420
2,29855591000,10617701083636,1783482360524463604
3,29726026666,10617701444438,1783482360524824374
3,29758069332,10617701461270,1783482360524841238
3,29790112000,10617701466966,1783482360524846934
3,29854197332,10617701521622,1783482360524901558
0,29875593000,10617701532534,1783482360524912470
1,29868401000,10617701596599,1783482360524976567
0,29907613999,10617701657495,1783482360525037463
2,29887619999,10617701675351,1783482360525055287
1,29900433999,10617701687511,1783482360525067447
0,29939634999,10617701740824,1783482360525120792
1,30060599000,10617704512841,1783482360527892809
0,30067719000,10617711631957,1783482360535011925
3,30078496000,10617722414200,1783482360545794168
2,30079793999,10617723710176,1783482360547090112
1,30092631999,10617736554384,1783482360559934320
0,30099739999,10617743655612,1783482360567035580
3,30110538666,10617754454047,1783482360577833951
2,30111822999,10617755736903,1783482360579116839
1,30124664999,10617768579031,1783482360591958967
3,30142581332,10617786489094,1783482360609869030
2,30143852000,10617787774062,1783482360611153998
3,30174624000,10617818538989,1783482360641918957
2,30175880999,10617819803413,1783482360643183381
3,30206666666,10617850581556,1783482360673961556
3,30238709332,10617882636027,1783482360706015995
1,30156698000,10617910426440,1783482360733806376
0,30131760999,10617910435656,1783482360733815592
1,30252797000,10617910444392,1783482360733824360
0,30163782000,10617910455624,1783482360733835560
2,30271967999,10617915891050,1783482360739270986
3,30270752000,10618119023607,1783482360942403575
2,30303996999,10618119030679,1783482360942410615
0,30195802999,10618119036215,1783482360942416151
2,30336026000,10618119046103,1783482360942426039
0,30227823999,10618119050679,1783482360942430615
1,30284829999,10618119064824,1783482360942444760
0,30291865999,10618119068728,1783482360942448664
1,30316862999,10618119072536,1783482360942452504
3,30302794666,10618119163576,1783482360942543544
0,30323886999,10618119178200,1783482360942558136
1,30348896000,10618119187736,1783482360942567704
2,30368054999,10618119194264,1783482360942574200
3,30334837332,10618119304729,1783482360942684697
2,30400083999,10618119316025,1783482360942695961
3,30366880000,10618119396698,1783482360942776634
1,30380928999,10618119719900,1783482360943099868
1,30477027999,10618120937059,1783482360944316995
0,30483991999,10618127906830,1783482360951286798
3,30495050666,10618138972499,1783482360962352467
2,30496170999,10618140083834,1783482360963463770
1,30509060999,10618152973226,1783482360976353162
0,30516012999,10618159923445,1783482360983303381
3,30527093332,10618171005978,1783482360994385914
2,30528200000,10618172113985,1783482360995493921
1,30541094000,10618185012049,1783482361008392017
0,30548034000,10618191968252,1783482361015348188
3,30559136000,10618203054017,1783482361026433985
2,30560228999,10618204136712,1783482361027516648
1,30573126999,10618217045208,1783482361040425176
0,30580054999,10618223977027,1783482361047356995
3,30591178666,10618235118536,1783482361058498504
2,30592257999,10618236179375,1783482361059559343
1,30605159999,10618249068511,1783482361072448479
0,30612075999,10618255993962,1783482361079373930
2,30624287000,10618268205366,1783482361091585302
0,30644097000,10618288038641,1783482361111418609
1,30637193000,10618421094571,1783482361244474539
3,30623221332,10618421101803,1783482361244481771
2,30656315999,10618421102027,1783482361244481995
0,30676117999,10618421118796,1783482361244498732
3,30655264000,10618421146380,1783482361244526348
0,30708138999,10618421195500,1783482361244575468
1,30669225999,10618421228396,1783482361244608364
3,30687306666,10618421278189,1783482361244658157
1,30701258999,10618421283021,1783482361244662957
3,30719349332,10618421286221,1783482361244666189
2,30688344999,10618421311181,1783482361244691149
2,30720374000,10618421328845,1783482361244708781
0,30740160000,10618421341773,1783482361244721741
3,30783434666,10618629962781,1783482361453342749
1,30733292000,10618629962877,1783482361453342845
2,30752402999,10618629963741,1783482361453343709
3,30815477332,10618630260735,1783482361453640671
0,30772180999,10618630266911,1783482361453646879
1,30797357999,10618630346239,1783482361453726175
1,30829391000,10618630402847,1783482361453782815
0,30804201999,10618630408224,1783482361453788192
3,30847520000,10618630414176,1783482361453794112
2,30784431999,10618630435872,1783482361453815808
2,30816461000,10618630445760,1783482361453825696
2,30848489999,10618630484128,1783482361453864064
3,30879562666,10618630491840,1783482361453871808
0,30836223000,10618630493408,1783482361453873376
1,30861423999,10618630498464,1783482361453878432
0,30868243999,10618630568385,1783482361453948321
1,30989555999,10618633473907,1783482361456853875
3,31007733332,10618651671044,1783482361475051012
2,31008635000,10618652555081,1783482361475935017
1,31021589000,10618665550010,1783482361488929946
3,31039776000,10618683693578,1783482361507073546
2,31040663999,10618684586224,1783482361507966160
1,31053621999,10618697553345,1783482361520933313
0,31060369999,10618704308683,1783482361527688651
3,31071818666,10618715734097,1783482361539114065
2,31072692999,10618716607319,1783482361539987287
1,31085654999,10618729559367,1783482361552939303
0,31092390999,10618736311025,1783482361559690993
3,31103861332,10618747776921,1783482361571157017
2,31104722000,10618748628254,1783482361572008222
1,31117688000,10618761590062,1783482361584969998
0,31124412000,10618768336408,1783482361591716408
3,31135904000,10618779827872,1783482361603207840
2,31136750999,10618780660549,1783482361604040485
1,31149720999,10618793656853,1783482361617036789
0,31156432999,10618800363711,1783482361623743679
3,31167946666,10618811874247,1783482361635254183
2,31168779999,10618812692780,1783482361636072716
0,31188453999,10618832380262,1783482361655760198
2,31200809000,10618944900353,1783482361768280321
1,31181753999,10618944902817,1783482361768282785
0,31220475000,10618944915649,1783482361768295585
3,31199989332,10618944922113,1783482361768302017
0,31252495999,10618944935681,1783482361768315649
3,31232032000,10618945011170,1783482361768391138
0,31284516999,10618945011394,1783482361768391330
1,31213787000,10618945020226,1783482361768400130
2,31232837999,10618945448804,1783482361768828740
0,31316538000,10619153599953,1783482361976979921
3,31264074666,10619153603057,1783482361976983025
1,31245819999,10619153609809,1783482361976989745
2,31264866999,10619153614353,1783482361976994321
3,31296117332,10619153623825,1783482361977003793
1,31277852999,10619153634513,1783482361977014449
2,31296896000,10619153641329,1783482361977021297
1,31309886000,10619153642417,1783482361977022353
2,31328924999,10619153692978,1783482361977072914
3,31328160000,10619153696818,1783482361977076786
1,31341918999,10619153699698,1783482361977079634
0,31348558999,10619153703794,1783482361977083762
3,31424288000,10619153775954,1783482361977155922
0,31380579999,10619153789458,1783482361977169394
2,31360953999,10619153852339,1783482361977232275
0,31412601000,10619153854227,1783482361977234195
3,31520416000,10619164335604,1783482361987715540
2,31521098999,10619165025720,1783482361988405688
1,31534116999,10619178027657,1783482362001407593
0,31540684999,10619184600882,1783482362007980850
3,31552458666,10619196391995,1783482362019771931
2,31553127999,10619197040031,1783482362020420095
1,31566149999,10619210080560,1783482362033460496
0,31572705999,10619216624185,1783482362040004121
3,31584501332,10619228436130,1783482362051816098
2,31585157000,10619229081510,1783482362052461478
0,31604727000,10619248663968,1783482362072043936
3,31616544000,10619260482089,1783482362083862057
0,31636747999,10619280680167,1783482362104060135
3,31648586666,10619292498160,1783482362115878096
1,31662248999,10619306182437,1783482362129562405
2,31681244000,10619325168315,1783482362148548251
1,31694282000,10619338199692,1783482362161579628
2,31713272999,10619357179554,1783482362180559490
1,31726314999,10619370226451,1783482362193606419
0,31668768999,10619378670695,1783482362202050631
3,31680629332,10619378671271,1783482362202051207
2,31745301999,10619389214889,1783482362212594825
1,31758347999,10619402267226,1783482362225647162
0,31700790000,10619410736846,1783482362234116782
3,31712672000,10619410743054,1783482362234123022
2,31777331000,10619421245360,1783482362244625296
1,31790381000,10619434292833,1783482362257672769
1,31822413999,10619466348360,1783482362289728296
1,31854446999,10619619327838,1783482362442707806
2,31809359999,10619619329630,1783482362442709598
3,31744714666,10619619342782,1783482362442722750
3,31776757332,10619619379646,1783482362442759582
2,31841388999,10619619389311,1783482362442769215
0,31732810999,10619619402431,1783482362442782367
3,31808800000,10619619438911,1783482362442818847
0,31764831999,10619619456831,1783482362442836767
0,31796853000,10619619462015,1783482362442841951
2,31873418000,10619619470143,1783482362442850111
0,31828873999,10619619537087,1783482362442917055
2,31905446999,10619619547648,1783482362442927616
3,31840842666,10619619575872,1783482362442955808
1,31886480000,10619619892162,1783482362443272130
1,31918512999,10619619917154,1783482362443297090
1,31950545999,10619619938754,1783482362443318722
0,31988979000,10619632918195,1783482362456298227
3,32001056000,10619644991294,1783482362468371262
2,32001533999,10619645464448,1783482362468844416
3,32033098666,10619828227536,1783482362651607504
2,32033562999,10619828228976,1783482362651608912
0,32020999999,10619828231792,1783482362651611760
1,31982579000,10619828245136,1783482362651625104
3,32065141332,10619828252016,1783482362651631984
3,32097184000,10619828257808,1783482362651637744
0,32053020999,10619828261392,1783482362651641328
0,32085042000,10619828284912,1783482362651664848
0,32117062999,10619828290384,1783482362651670320
2,32065592000,10619828327728,1783482362651707696
3,32129226666,10619828333104,1783482362651713072
1,32014611999,10619828347793,1783482362651727761
0,32213125999,10619857065987,1783482362680445923
2,32097620999,10620036952640,1783482362860332608
1,32046644999,10620036953248,1783482362860333184
0,32245146999,10620036954016,1783482362860333952
1,32078678000,10620036975904,1783482362860355840
1,32206809999,10620036981953,1783482362860361921
1,32238842999,10620036988545,1783482362860368449
2,32129649999,10620036989377,1783482362860369313
3,32193312000,10620037006657,1783482362860386625
2,32193707999,10620037020673,1783482362860400609
2,32225736999,10620037027489,1783482362860407457
3,32225354666,10620037030273,1783482362860410241
3,32257397332,10620037085889,1783482362860465857
0,32277168000,10620037090817,1783482362860470817
0,32309188999,10620037178498,1783482362860558466
0,32341209999,10620037241634,1783482362860621602
3,32289440000,10620037303363,1783482362860683299
1,32399007999,10620042923333,1783482362866303269
3,32417610666,10620061527193,1783482362884907161
2,32417910999,10620061822875,1783482362885202843
1,32431040999,10620074947308,1783482362898327276
3,32449653332,10620093583232,1783482362916963200
2,32449940000,10620093857282,1783482362917237218
1,32463074000,10620106976243,1783482362930356179
0,32469294000,10620113209466,1783482362936589434
3,32481696000,10620125610567,1783482362948990503
2,32481968999,10620125883561,1783482362949263465
1,32495106999,10620139026842,1783482362962406778
0,32501314999,10620145237057,1783482362968616993
2,32513997999,10620157918896,1783482362981298864
1,32527139999,10620171058561,1783482362994438497
2,32546027000,10620189949399,1783482363013329367
1,32559173000,10620203097896,1783482363026477832
0,32533335999,10620310879174,1783482363134259142
1,32591205999,10620310880454,1783482363134260390
2,32578055999,10620310879526,1783482363134259462
0,32565357000,10620310908294,1783482363134288262
3,32513738666,10620310926598,1783482363134306534
3,32545781332,10620310934694,1783482363134314662
2,32610084999,10620310946662,1783482363134326630
3,32577824000,10620310992679,1783482363134372647
0,32597377999,10620311002119,1783482363134382087
2,32642114000,10620311003303,1783482363134383271
1,32623238999,10620311016935,1783482363134396871
2,32674142999,10620519604887,1783482363342984855
1,32655272000,10620519604951,1783482363342984919
3,32609866666,10620519609719,1783482363342989687
0,32629398999,10620519614807,1783482363342994775
0,32693440999,10620519632919,1783482363343012887
3,32673952000,10620519649335,1783482363343029271
3,32705994666,10620519656855,1783482363343036823
2,32706171999,10620519704055,1783482363343083991
3,32738037332,10620519705303,1783482363343085271
0,32725461999,10620519708407,1783482363343088375
1,32687304999,10620519714391,1783482363343094327
0,32757483000,10620519788984,1783482363343168952
1,32719337999,10620519793048,1783482363343173016
2,32738201000,10620519796344,1783482363343176312
2,32770229999,10620519856088,1783482363343236056
1,32751371000,10620519864088,1783482363343244056
1,32879502999,10620523410094,1783482363346790030
0,32885566999,10620529480820,1783482363352860916
3,32898250666,10620542171619,1783482363365551587
2,32898345999,10620542256067,1783482363365636035
0,32917587999,10620561508251,1783482363384888187
3,32930293332,10620574203146,1783482363397583082
2,32930375000,10620574289738,1783482363397669706
