batch_idx,source_id,frame_num,buf_pts_ns,ntp_ns
0,0,0,64041999,1783482098054721000
1,0,1,192126000,1783482098063497000
2,0,2,416272999,1783482098458733000
2,3,0,567200000,1783482098409661000
3,0,3,608398999,1783482098546271000
3,3,1,631285332,1783482098473752000
4,0,4,832545999,1783482098875781000
4,3,2,823541332,1783482098875796000
5,0,5,1056693000,1783482098985831000
5,1,0,1134800000,1783482098977185000
5,3,3,1047840000,1783482099017604000
6,0,6,1248819000,1783482099290391000
6,1,1,1230899000,1783482099073264000
6,3,4,1240096000,1783482099290337000
7,0,7,1472965999,1783482099499474000
7,1,2,1455129999,1783482099553092000
7,3,5,1464394666,1783482099499499000
8,0,8,1665091999,1783482099507411000
8,1,3,1679360999,1783482099585062000
8,2,0,1702100000,1783482099544480000
8,3,6,1688693332,1783482099531053000
9,0,9,1697112999,1783482099561446000
9,1,4,1711394000,1783482099616941000
9,2,1,1734128999,1783482099576488000
9,3,7,1720736000,1783482099563081000
10,0,10,1729134000,1783482099707358000
10,1,5,1743426999,1783482099649002000
10,2,2,1766157999,1783482099608518000
10,3,8,1816864000,1783482099659209000
11,0,11,1761154999,1783482099915963000
11,1,6,1775459999,1783482099680991000
11,2,3,1798187000,1783482099640527000
11,3,9,1848906666,1783482099707358000
12,0,12,1793175999,1783482099915974000
12,1,7,1807493000,1783482099707353000
12,2,4,1830215999,1783482099672566000
12,3,10,1880949332,1783482099916164000
13,0,13,1825197000,1783482099915980000
13,1,8,1839525999,1783482099707362000
13,2,5,1862244999,1783482099704592000
13,3,11,1912992000,1783482099916172000
14,0,14,1889238999,1783482099916075000
14,1,9,1871558999,1783482099916101000
14,2,6,1894274000,1783482099915964000
14,3,12,1945034666,1783482099916178000
15,0,15,2081364999,1783482099923726000
15,1,10,1935624999,1783482099916552000
15,2,7,1926302999,1783482099916438000
15,3,13,1977077332,1783482099916450000
16,0,16,2113386000,1783482099955740000
16,1,11,1967657999,1783482099916614000
16,2,8,1958331999,1783482099916549000
16,3,14,2105248000,1783482099947601000
17,0,17,2145406999,1783482099987749000
17,1,12,2095790000,1783482099938159000
17,2,9,1990361000,1783482099916719000
17,3,15,2137290666,1783482099979647000
18,0,18,2177427999,1783482100019760000
18,1,13,2159855999,1783482100002195000
18,2,10,2150505999,1783482099992868000
18,3,16,2169333332,1783482100011676000
19,0,19,2209449000,1783482100051802000
19,1,14,2191889000,1783482100196582000
19,2,11,2182535000,1783482100196545000
19,3,17,2201376000,1783482100043734000
20,0,20,2241469999,1783482100083820000
20,1,15,2223921999,1783482100196594000
20,2,12,2214563999,1783482100196953000
20,3,18,2233418666,1783482100075784000
21,0,21,2273490999,1783482100196565000
21,1,16,2255954999,1783482100196965000
21,2,13,2246592999,1783482100197063000
21,3,19,2265461332,1783482100196546000
22,0,22,2305512000,1783482100196970000
22,1,17,2287988000,1783482100197136000
22,2,14,2278622000,1783482100405675000
22,3,20,2297504000,1783482100196953000
23,0,23,2337532999,1783482100197055000
23,1,18,2384087000,1783482100405664000
23,2,15,2374709000,1783482100405689000
23,3,21,2329546666,1783482100197082000
24,0,24,2369553999,1783482100405669000
24,1,19,2416119999,1783482100405676000
24,2,16,2406737999,1783482100405696000
24,3,22,2361589332,1783482100405668000
25,0,25,2401575000,1783482100405769000
25,1,20,2448152999,1783482100405782000
25,2,17,2438766999,1783482100405751000
25,3,23,2393632000,1783482100405769000
26,0,26,2433595999,1783482100405854000
26,1,21,2480186000,1783482100405865000
26,2,18,2566883000,1783482100409231000
26,3,24,2425674666,1783482100405931000
27,0,27,2465616999,1783482100405947000
27,1,22,2576285000,1783482100418665000
27,2,19,2598911999,1783482100441266000
27,3,25,2457717332,1783482100405939000
28,0,28,2593701000,1783482100436052000
28,1,23,2608317999,1783482100450666000
28,2,20,2630940999,1783482100473296000
28,3,26,2585888000,1783482100428253000
29,0,29,2657742999,1783482100500087000
29,1,24,2640350999,1783482100482697000
29,2,21,2662970000,1783482100505328000
29,3,27,2649973332,1783482100492311000
30,0,30,2689764000,1783482100532115000
30,1,25,2672384000,1783482100514741000
30,2,22,2694998999,1783482100537344000
30,3,28,2682016000,1783482100524392000
31,0,31,2721784999,1783482100699733000
31,1,26,2704416999,1783482100546773000
31,2,23,2727027999,1783482100569398000
31,3,29,2714058666,1783482100699730000
32,0,32,2753805999,1783482100699894000
32,1,27,2736449999,1783482100699731000
32,2,24,2759057000,1783482100699839000
32,3,30,2746101332,1783482100699903000
33,0,33,2785827000,1783482100699978000
33,1,28,2768483000,1783482100699982000
33,2,25,2791085999,1783482100699905000
33,3,31,2778144000,1783482100699968000
34,0,34,2881890000,1783482100908560000
34,1,29,2864582000,1783482100908657000
34,2,26,2855144000,1783482100908609000
34,3,32,2874272000,1783482100908605000
35,0,35,2913910999,1783482100908582000
35,1,30,2896614999,1783482100908787000
35,2,27,2887172999,1783482100908657000
35,3,33,2906314666,1783482100908657000
36,0,36,2945931999,1783482100908666000
36,1,31,2928647999,1783482100908999000
36,2,28,2919201999,1783482100908784000
36,3,34,2938357332,1783482100908891000
37,0,37,3074016000,1783482100916354000
37,1,32,3088812999,1783482100931171000
37,2,29,3079346999,1783482100921687000
37,3,35,3066528000,1783482100909234000
38,0,38,3106036999,1783482100948376000
38,1,33,3120845999,1783482101117712000
38,2,30,3111375999,1783482101117718000
38,3,36,3098570666,1783482100940917000
39,0,39,3138057999,1783482101117756000
39,1,34,3152879000,1783482101117729000
39,2,31,3143405000,1783482101117733000
39,3,37,3130613332,1783482101117777000
40,0,40,3170079000,1783482101117916000
40,1,35,3184911999,1783482101117911000
40,2,32,3175433999,1783482101117969000
40,3,38,3226741332,1783482101118053000
41,0,41,3202099999,1783482101118062000
41,1,36,3216944999,1783482101117919000
41,2,33,3207462999,1783482101118049000
41,3,39,3258784000,1783482101118069000
42,0,42,3234120999,1783482101327158000
42,1,37,3281010999,1783482101123422000
42,2,34,3303549999,1783482101327105000
42,3,40,3290826666,1783482101133183000
43,0,43,3298162999,1783482101327168000
43,1,38,3313043999,1783482101327152000
43,2,35,3335579000,1783482101327115000
43,3,41,3322869332,1783482101327171000
44,0,44,3330183999,1783482101327823000
44,1,39,3345077000,1783482101327895000
44,2,36,3367607999,1783482101327815000
44,3,42,3354912000,1783482101327814000
45,0,45,3362205000,1783482101327896000
45,1,40,3377109999,1783482101327904000
45,2,37,3399636999,1783482101327899000
45,3,43,3386954666,1783482101327972000
46,0,46,3490288999,1783482101332625000
46,1,41,3473208999,1783482101327984000
46,2,38,3495723999,1783482101338081000
46,3,44,3418997332,1783482101327984000
47,0,47,3522309999,1783482101364657000
47,1,42,3505241999,1783482101347590000
47,2,39,3527753000,1783482101370103000
47,3,45,3515125332,1783482101357468000
48,0,48,3554331000,1783482101396698000
48,1,43,3537275000,1783482101379620000
48,2,40,3559781999,1783482101402153000
48,3,46,3547168000,1783482101389536000
49,0,49,3586351999,1783482101428698000
49,1,44,3569307999,1783482101411671000
49,2,41,3591810999,1783482101434160000
49,3,47,3579210666,1783482101421557000
50,0,50,3618372999,1783482101460725000
50,1,45,3601340999,1783482101443684000
50,2,42,3623840000,1783482101466185000
50,3,48,3611253332,1783482101453598000
51,0,51,3650394000,1783482101492736000
51,1,46,3633374000,1783482101475711000
51,2,43,3655868999,1783482101498216000
51,3,49,3643296000,1783482101485634000
52,0,52,3682414999,1783482101651207000
52,1,47,3665406999,1783482101651198000
52,2,44,3687897999,1783482101651196000
52,3,50,3675338666,1783482101651197000
53,0,53,3714435999,1783482101651297000
53,1,48,3697439999,1783482101651306000
53,2,45,3719927000,1783482101651284000
53,3,51,3707381332,1783482101651292000
54,0,54,3746457000,1783482101651394000
54,1,49,3729473000,1783482101651431000
54,2,46,3751955999,1783482101651432000
54,3,52,3739424000,1783482101651375000
55,0,55,3778477999,1783482101651577000
55,1,50,3761505999,1783482101651555000
55,2,47,3783984999,1783482101651476000
55,3,53,3771466666,1783482101651677000
56,0,56,3810498999,1783482101860045000
56,1,51,3825572000,1783482101860056000
56,2,48,3816014000,1783482101860038000
56,3,54,3835552000,1783482101860042000
57,0,57,3842520000,1783482101860137000
57,1,52,3857604999,1783482101860573000
57,2,49,3848042999,1783482101860140000
57,3,55,3867594666,1783482101860140000
58,0,58,3874540999,1783482101860216000
58,1,53,3889637999,1783482101860579000
58,2,50,3880071999,1783482101860313000
58,3,56,3899637332,1783482101860222000
59,0,59,3906561999,1783482101860294000
59,1,54,3921671000,1783482101860585000
59,2,51,3912101000,1783482101860320000
59,3,57,3931680000,1783482101860289000
60,0,60,4034646000,1783482101876991000
60,1,55,4017770000,1783482101860589000
60,2,52,4040216999,1783482101882582000
60,3,58,4027808000,1783482101870155000
61,0,61,4066666999,1783482101909011000
61,1,56,4049802999,1783482101892160000
61,2,53,4072245999,1783482101914587000
61,3,59,4059850666,1783482101902206000
62,0,62,4098687999,1783482101941064000
62,1,57,4081835999,1783482101924196000
62,2,54,4104275000,1783482101946625000
62,3,60,4091893332,1783482101934250000
63,0,63,4130709000,1783482101973066000
63,1,58,4113869000,1783482101956229000
63,2,55,4136303999,1783482101978647000
63,3,61,4123936000,1783482101966277000
64,0,64,4162729999,1783482102005077000
64,1,59,4145901999,1783482101988252000
64,2,56,4168332999,1783482102010674000
64,3,62,4155978666,1783482101998324000
65,0,65,4194750999,1783482102037101000
65,1,60,4177934999,1783482102020282000
65,2,57,4200362000,1783482102042725000
65,3,63,4188021332,1783482102030365000
66,0,66,4290813999,1783482102187326000
66,1,61,4209968000,1783482102187475000
66,2,58,4232390999,1783482102187316000
66,3,64,4220064000,1783482102187316000
67,0,67,4322835000,1783482102187891000
67,1,62,4242000999,1783482102187488000
67,2,59,4264419999,1783482102187484000
67,3,65,4252106666,1783482102187484000
68,0,68,4354855999,1783482102197210000
68,1,63,4370132999,1783482102396381000
68,2,60,4360506999,1783482102396269000
68,3,66,4348234666,1783482102396310000
69,0,69,4386876999,1783482102229267000
69,1,64,4402166000,1783482102396391000
69,2,61,4392536000,1783482102396382000
69,3,67,4380277332,1783482102396386000
70,0,70,4418898000,1783482102396267000
70,1,65,4434198999,1783482102396502000
70,2,62,4424564999,1783482102396512000
70,3,68,4412320000,1783482102396508000
71,0,71,4450918999,1783482102396856000
71,1,66,4466231999,1783482102396684000
71,2,63,4456593999,1783482102396615000
71,3,69,4444362666,1783482102396619000
72,0,72,4579002999,1783482102605221000
72,1,67,4562330999,1783482102605223000
72,2,64,4584710000,1783482102605222000
72,3,70,4636618666,1783482102605250000
73,0,73,4611024000,1783482102605493000
73,1,68,4594364000,1783482102605240000
73,2,65,4616738999,1783482102605272000
73,3,71,4668661332,1783482102605257000
74,0,74,4643044999,1783482102605618000
74,1,69,4626396999,1783482102605246000
74,2,66,4648767999,1783482102605288000
74,3,72,4700704000,1783482102605261000
75,0,75,4675065999,1783482102605821000
75,1,70,4658429999,1783482102605493000
75,2,67,4680797000,1783482102605450000
75,3,73,4732746666,1783482102605438000
76,0,76,4771128999,1783482102814398000
76,1,71,4786562000,1783482102628931000
76,2,68,4776884000,1783482102619226000
76,3,74,4764789332,1783482102607126000
77,0,77,4803150000,1783482102814412000
77,1,72,4882661000,1783482102725000000
77,2,69,4808912999,1783482102651263000
77,3,75,4796832000,1783482102639185000
78,0,78,4835170999,1783482102814419000
78,1,73,4914693999,1783482102814380000
78,2,70,4904999999,1783482102814375000
78,3,76,4828874666,1783482102814375000
79,0,79,4867191999,1783482102814479000
79,1,74,4946726999,1783482102814490000
79,2,71,4937028999,1783482102814511000
79,3,77,4860917332,1783482102814650000
80,0,80,4995276000,1783482102837639000
80,1,75,4978760000,1783482102821105000
80,2,72,4969058000,1783482102814570000
80,3,78,4892960000,1783482102814659000
81,0,81,5027296999,1783482102869688000
81,1,76,5010792999,1783482102853151000
81,2,73,5001086999,1783482102843420000
81,3,79,4989088000,1783482102846109000
82,0,82,5059317999,1783482102901669000
82,1,77,5042825999,1783482102885192000
82,2,74,5033115999,1783482102875424000
82,3,80,5021130666,1783482103054850000
83,0,83,5091339000,1783482103054711000
83,1,78,5074859000,1783482103054712000
83,2,75,5065145000,1783482103054703000
83,3,81,5053173332,1783482103054864000
84,0,84,5123359999,1783482103054836000
84,1,79,5106891999,1783482103054834000
84,2,76,5097173999,1783482103054841000
84,3,82,5085216000,1783482103054918000
85,0,85,5155380999,1783482103054923000
85,1,80,5138924999,1783482103054922000
85,2,77,5129202999,1783482103054917000
85,3,83,5117258666,1783482103054999000
86,0,86,5187402000,1783482103054999000
86,1,81,5170958000,1783482103055000000
86,2,78,5161232000,1783482103054995000
86,3,84,5213386666,1783482103263540000
87,0,87,5219422999,1783482103263540000
87,1,82,5235023999,1783482103263539000
87,2,79,5225289999,1783482103263541000
87,3,85,5245429332,1783482103263560000
88,0,88,5251443999,1783482103263647000
88,1,83,5267057000,1783482103263675000
88,2,80,5257319000,1783482103263638000
88,3,86,5277472000,1783482103263651000
89,0,89,5283465000,1783482103263753000
89,1,84,5299089999,1783482103263748000
89,2,81,5289347999,1783482103263771000
89,3,87,5309514666,1783482103263758000
90,0,90,5315485999,1783482103263846000
90,1,85,5331122999,1783482103263858000
90,2,82,5321376999,1783482103263873000
90,3,88,5437685332,1783482103280026000
91,0,91,5443569999,1783482103285915000
91,1,86,5427221999,1783482103269578000
91,2,83,5449493000,1783482103291866000
91,3,89,5469728000,1783482103312077000
92,0,92,5475591000,1783482103317941000
92,1,87,5459255000,1783482103301609000
92,2,84,5481521999,1783482103323869000
92,3,90,5501770666,1783482103344136000
93,0,93,5507611999,1783482103349977000
93,1,88,5523320999,1783482103365688000
93,2,85,5513550999,1783482103355915000
93,3,91,5533813332,1783482103376177000
94,0,94,5539632999,1783482103382012000
94,1,89,5555354000,1783482103397703000
94,2,86,5545580000,1783482103387942000
94,3,92,5565856000,1783482103408206000
95,0,95,5571654000,1783482103413993000
95,1,90,5587386999,1783482103573012000
95,2,87,5577608999,1783482103419956000
95,3,93,5597898666,1783482103440280000
96,0,96,5603674999,1783482103573011000
96,1,91,5619419999,1783482103573123000
96,2,88,5609637999,1783482103573009000
96,3,94,5629941332,1783482103573031000
97,0,97,5699737999,1783482103573106000
97,1,92,5651453000,1783482103573190000
97,2,89,5641667000,1783482103573110000
97,3,95,5661984000,1783482103573109000
98,0,98,5731758999,1783482103574104000
98,1,93,5683485999,1783482103781754000
98,2,90,5673695999,1783482103573185000
98,3,96,5694026666,1783482103573182000
99,0,99,5763780000,1783482103781756000
99,1,94,5747552000,1783482103781787000
99,2,91,5705724999,1783482103781753000
99,3,97,5726069332,1783482103781753000
100,0,100,5795800999,1783482103781844000
100,1,95,5779584999,1783482103781840000
100,2,92,5737754000,1783482103782021000
100,3,98,5758112000,1783482103781845000
101,0,101,5827821999,1783482103781923000
101,1,96,5811617999,1783482103781930000
101,2,93,5769782999,1783482103782030000
101,3,99,5790154666,1783482103781918000
102,0,102,5859843000,1783482103782294000
102,1,97,5939750000,1783482103782331000
102,2,94,5961956999,1783482103804308000
102,3,100,5822197332,1783482103781999000
103,0,103,5955906000,1783482103798251000
103,1,98,5971782999,1783482103814129000
103,2,95,5993985999,1783482103836334000
103,3,101,5950368000,1783482103792739000
104,0,104,6019947999,1783482103862303000
104,1,99,6035849000,1783482103878203000
104,2,96,6026015000,1783482103868363000
104,3,102,6046496000,1783482103888874000
105,0,105,6051969000,1783482103894320000
105,1,100,6067881999,1783482103910236000
105,2,97,6058043999,1783482103900395000
105,3,103,6078538666,1783482103920870000
106,0,106,6083989999,1783482103926329000
106,1,101,6099914999,1783482103942276000
106,2,98,6090072999,1783482103932409000
106,3,104,6110581332,1783482103952915000
107,0,107,6116010999,1783482104085459000
107,1,102,6131948000,1783482104085412000
107,2,99,6122102000,1783482104085437000
107,3,105,6142624000,1783482103984983000
108,0,108,6148032000,1783482104085545000
108,1,103,6163980999,1783482104085551000
108,2,100,6154130999,1783482104085443000
108,3,106,6174666666,1783482104085410000
109,0,109,6180052999,1783482104294149000
109,1,104,6196013999,1783482104294145000
109,2,101,6186159999,1783482104085541000
109,3,107,6206709332,1783482104085556000
110,0,110,6212073999,1783482104294159000
110,1,105,6292112999,1783482104294155000
110,2,102,6218189000,1783482104294139000
110,3,108,6238752000,1783482104294139000
111,0,111,6244095000,1783482104294255000
111,1,106,6324146000,1783482104294258000
111,2,103,6314276000,1783482104294256000
111,3,109,6270794666,1783482104294661000
112,0,112,6276115999,1783482104294386000
112,1,107,6356178999,1783482104294364000
112,2,104,6346304999,1783482104294503000
112,3,110,6302837332,1783482104294685000
113,0,113,6468241999,1783482104310599000
113,1,108,6452277999,1783482104294651000
113,2,105,6378333999,1783482104294509000
113,3,111,6334880000,1783482104294698000
114,0,114,6500262999,1783482104342614000
114,1,109,6484310999,1783482104326670000
114,2,106,6474420999,1783482104316777000
114,3,112,6463050666,1783482104305428000
115,0,115,6532284000,1783482104374638000
115,1,110,6516344000,1783482104358699000
115,2,107,6506450000,1783482104348853000
115,3,113,6495093332,1783482104337444000
116,0,116,6564304999,1783482104406643000
116,1,111,6548376999,1783482104390714000
116,2,108,6538478999,1783482104380823000
116,3,114,6527136000,1783482104369487000
117,0,117,6596325999,1783482104438708000
117,1,112,6580409999,1783482104422750000
117,2,109,6570507999,1783482104412843000
117,3,115,6559178666,1783482104401526000
118,0,118,6628347000,1783482104470698000
118,1,113,6612443000,1783482104454796000
118,2,110,6602537000,1783482104444892000
118,3,116,6591221332,1783482104433584000
119,0,119,6660367999,1783482104607674000
119,1,114,6644475999,1783482104607664000
119,2,111,6634565999,1783482104607664000
119,3,117,6623264000,1783482104607665000
120,0,120,6692388999,1783482104607751000
120,1,115,6676508999,1783482104607759000
120,2,112,6666594999,1783482104607756000
120,3,118,6655306666,1783482104608261000
121,0,121,6724410000,1783482104607832000
121,1,116,6708542000,1783482104607843000
121,2,113,6698624000,1783482104607856000
121,3,119,6687349332,1783482104608281000
122,0,122,6756430999,1783482104608038000
122,1,117,6740574999,1783482104607927000
122,2,114,6730652999,1783482104608086000
122,3,120,6719392000,1783482104608296000
123,0,123,6788451999,1783482104816479000
123,1,118,6772607999,1783482104816473000
123,2,115,6794711000,1783482104816477000
123,3,121,6783477332,1783482104816487000
124,0,124,6820473000,1783482104816587000
124,1,119,6804641000,1783482104816589000
124,2,116,6826739999,1783482104816572000
124,3,122,6815520000,1783482104816575000
125,0,125,6852493999,1783482104816661000
125,1,120,6836673999,1783482104816672000
125,2,117,6858768999,1783482104816659000
125,3,123,6847562666,1783482104816657000
126,0,126,6884514999,1783482104816751000
126,1,121,6868706999,1783482104816822000
126,2,118,6890798000,1783482104816737000
126,3,124,6879605332,1783482104816736000
127,0,127,6980577999,1783482104822915000
127,1,122,6996839000,1783482104839183000
127,2,119,6986885000,1783482104829224000
127,3,125,6975733332,1783482104818082000
128,0,128,7012599000,1783482104854945000
128,1,123,7028871999,1783482104871217000
128,2,120,7018913999,1783482104861265000
128,3,126,7007776000,1783482104850121000
129,0,129,7108662000,1783482104951019000
129,1,124,7092938000,1783482104935280000
129,2,121,7082972000,1783482104925311000
129,3,127,7071861332,1783482104914202000
130,0,130,7140682999,1783482104983033000
130,1,125,7124970999,1783482104967335000
130,2,122,7115000999,1783482104957339000
130,3,128,7103904000,1783482104946276000
131,0,131,7172703999,1783482105015034000
131,1,126,7157003999,1783482104999342000
131,2,123,7147029999,1783482104989371000
131,3,129,7135946666,1783482104978306000
132,0,132,7204725000,1783482105047064000
132,1,127,7189037000,1783482105133922000
132,2,124,7179059000,1783482105133926000
132,3,130,7167989332,1783482105133920000
133,0,133,7236745999,1783482105133921000
133,1,128,7221069999,1783482105134508000
133,2,125,7211087999,1783482105134063000
133,3,131,7200032000,1783482105134066000
134,0,134,7268766999,1783482105134086000
134,1,129,7253102999,1783482105342716000
134,2,126,7243116999,1783482105342730000
134,3,132,7232074666,1783482105342986000
135,0,135,7300788000,1783482105343178000
135,1,130,7285136000,1783482105342730000
135,2,127,7275146000,1783482105342926000
135,3,133,7264117332,1783482105343009000
136,0,136,7332808999,1783482105343219000
136,1,131,7317168999,1783482105342796000
136,2,128,7307174999,1783482105343066000
136,3,134,7296160000,1783482105343016000
137,0,137,7364829999,1783482105343227000
137,1,132,7349201999,1783482105342882000
137,2,129,7339203999,1783482105343084000
137,3,135,7328202666,1783482105343044000
138,0,138,7396851000,1783482105343232000
138,1,133,7509366999,1783482105351754000
138,2,130,7531377999,1783482105373747000
138,3,136,7520458666,1783482105362828000
139,0,139,7524934999,1783482105367297000
139,1,134,7541399999,1783482105383756000
139,2,131,7563407000,1783482105405750000
139,3,137,7552501332,1783482105394864000
140,0,140,7556955999,1783482105399306000
140,1,135,7573433000,1783482105415785000
140,2,132,7595435999,1783482105437770000
140,3,138,7584544000,1783482105426900000
141,0,141,7588977000,1783482105431317000
141,1,136,7605465999,1783482105447801000
141,2,133,7627464999,1783482105469814000
141,3,139,7616586666,1783482105458988000
142,0,142,7620997999,1783482105463376000
142,1,137,7701564999,1783482105543961000
142,2,134,7723551999,1783482105565923000
142,3,140,7648629332,1783482105490983000
143,0,143,7653018999,1783482105495367000
143,1,138,7733597999,1783482105575939000
143,2,135,7755581000,1783482105597952000
143,3,141,7680672000,1783482105523047000
144,0,144,7685040000,1783482105574380000
144,1,139,7765631000,1783482105607974000
144,2,136,7787609999,1783482105629973000
144,3,142,7712714666,1783482105574395000
145,0,145,7717060999,1783482105606410000
145,1,140,7797663999,1783482105640011000
145,2,137,7819638999,1783482105662003000
145,3,143,7744757332,1783482105606425000
146,0,146,7813123999,1783482105879022000
146,1,141,7829696999,1783482105672044000
146,2,138,7851668000,1783482105694027000
146,3,144,7840885332,1783482105879027000
147,0,147,7845144999,1783482105879139000
147,1,142,7861730000,1783482105704076000
147,2,139,7883696999,1783482105726035000
147,3,145,7872928000,1783482105879113000
148,0,148,7877166000,1783482105879208000
148,1,143,7893762999,1783482105879018000
148,2,140,7915725999,1783482105879024000
148,3,146,7904970666,1783482105879191000
149,0,149,7909186999,1783482105879509000
149,1,144,7925795999,1783482105879148000
149,2,141,7947755000,1783482105879118000
149,3,147,7937013332,1783482105879269000
150,0,150,8037270999,1783482106087908000
150,1,145,8053928000,1783482106087906000
150,2,142,8043842000,1783482106087906000
150,3,148,8065184000,1783482106087904000
151,0,151,8069292000,1783482106087943000
151,1,146,8085960999,1783482106088006000
151,2,143,8075870999,1783482106088007000
151,3,149,8097226666,1783482106087924000
152,0,152,8101312999,1783482106087951000
152,1,147,8117993999,1783482106088091000
152,2,144,8107899999,1783482106088174000
152,3,150,8129269332,1783482106087943000
153,0,153,8133333999,1783482106088016000
153,1,148,8150027000,1783482106088159000
153,2,145,8139929000,1783482106088186000
153,3,151,8161312000,1783482106088004000
154,0,154,8261418000,1783482106103802000
154,1,149,8246126000,1783482106296877000
154,2,146,8268044999,1783482106296846000
154,3,152,8257440000,1783482106099785000
155,0,155,8293438999,1783482106135776000
155,1,150,8278158999,1783482106296886000
155,2,147,8300073999,1783482106296858000
155,3,153,8289482666,1783482106131852000
156,0,156,8325459999,1783482106296850000
156,1,151,8310191999,1783482106296906000
156,2,148,8332103000,1783482106296887000
156,3,154,8321525332,1783482106296835000
157,0,157,8357481000,1783482106296958000
157,1,152,8342225000,1783482106296977000
157,2,149,8364131999,1783482106296958000
157,3,155,8353568000,1783482106296973000
158,0,158,8389501999,1783482106297089000
158,1,153,8470356999,1783482106312708000
158,2,150,8460218999,1783482106302566000
158,3,156,8385610666,1783482106297075000
159,0,159,8421522999,1783482106297159000
159,1,154,8502389999,1783482106344742000
159,2,151,8492247999,1783482106334605000
159,3,157,8417653332,1783482106297150000
160,0,160,8517585999,1783482106359939000
160,1,155,8534423000,1783482106376775000
160,2,152,8524277000,1783482106366661000
160,3,158,8481738666,1783482106324085000
161,0,161,8549607000,1783482106391938000
161,1,156,8566455999,1783482106408804000
161,2,153,8556305999,1783482106398680000
161,3,159,8513781332,1783482106356165000
162,0,162,8581627999,1783482106423967000
162,1,157,8598488999,1783482106440847000
162,2,154,8588334999,1783482106430680000
162,3,160,8577866666,1783482106420199000
163,0,163,8613648999,1783482106455998000
163,1,158,8630522000,1783482106472881000
163,2,155,8620364000,1783482106462711000
163,3,161,8609909332,1783482106615677000
164,0,164,8645670000,1783482106615676000
164,1,159,8662554999,1783482106615675000
164,2,156,8652392999,1783482106615676000
164,3,162,8641952000,1783482106615768000
165,0,165,8677690999,1783482106615774000
165,1,160,8694587999,1783482106615788000
165,2,157,8684421999,1783482106615765000
165,3,163,8673994666,1783482106615849000
166,0,166,8709711999,1783482106615869000
166,1,161,8726621000,1783482106615859000
166,2,158,8716451000,1783482106615846000
166,3,164,8706037332,1783482106615924000
167,0,167,8773753999,1783482106824528000
167,1,162,8758653999,1783482106615933000
167,2,159,8780508999,1783482106824526000
167,3,165,8866250666,1783482106824535000
168,0,168,8805774999,1783482106824633000
168,1,163,8790686999,1783482106824519000
168,2,160,8812538000,1783482106824630000
168,3,166,8898293332,1783482106824545000
169,0,169,8837796000,1783482106824700000
169,1,164,8822720000,1783482106824622000
169,2,161,8844566999,1783482106824718000
169,3,167,8930336000,1783482106824620000
170,0,170,8869816999,1783482106824760000
170,1,165,8854752999,1783482106824713000
170,2,162,8876595999,1783482106824784000
170,3,168,8962378666,1783482106824693000
171,0,171,8997900999,1783482106840237000
171,1,166,8982884999,1783482106825230000
171,2,163,9004712000,1783482106847059000
171,3,169,8994421332,1783482106836757000
172,0,172,9029922000,1783482107033456000
172,1,167,9014918000,1783482107033432000
172,2,164,9036740999,1783482107033474000
172,3,170,9026464000,1783482106868803000
173,0,173,9061942999,1783482107033464000
173,1,168,9111017000,1783482107033538000
173,2,165,9132827999,1783482107033486000
173,3,171,9058506666,1783482107033431000
174,0,174,9093963999,1783482107033547000
174,1,169,9143049999,1783482107033626000
174,2,166,9164856999,1783482107033530000
174,3,172,9090549332,1783482107033527000
175,0,175,9125985000,1783482107033619000
175,1,170,9175082999,1783482107033693000
175,2,167,9196886000,1783482107039239000
175,3,173,9122592000,1783482107033607000
176,0,176,9222048000,1783482107064412000
176,1,171,9207116000,1783482107242333000
176,2,168,9228914999,1783482107071262000
176,3,174,9154634666,1783482107033681000
177,0,177,9254068999,1783482107242318000
177,1,172,9239148999,1783482107242339000
177,2,169,9260943999,1783482107242294000
177,3,175,9218720000,1783482107242297000
178,0,178,9286089999,1783482107242385000
178,1,173,9271181999,1783482107242384000
178,2,170,9292973000,1783482107242396000
178,3,176,9250762666,1783482107242394000
179,0,179,9318111000,1783482107242476000
179,1,174,9303215000,1783482107242484000
179,2,171,9325001999,1783482107242493000
179,3,177,9282805332,1783482107242463000
180,0,180,9350131999,1783482107242553000
180,1,175,9431346999,1783482107273708000
180,2,172,9357030999,1783482107242572000
180,3,178,9314848000,1783482107242541000
181,0,181,9414174000,1783482107256509000
181,1,176,9463379999,1783482107305729000
181,2,173,9421088999,1783482107263434000
181,3,179,9410976000,1783482107253320000
182,0,182,9446194999,1783482107288531000
182,1,177,9495413000,1783482107337758000
182,2,174,9453117999,1783482107295421000
182,3,180,9443018666,1783482107285364000
183,0,183,9478215999,1783482107320557000
183,1,178,9527445999,1783482107369829000
183,2,175,9485147000,1783482107327499000
183,3,181,9475061332,1783482107317400000
184,0,184,9542257999,1783482107384610000
184,1,179,9559478999,1783482107401849000
184,2,176,9549204999,1783482107391585000
184,3,182,9539146666,1783482107381511000
185,0,185,9574278999,1783482107586903000
185,1,180,9591512000,1783482107433863000
185,2,177,9581234000,1783482107586931000
185,3,183,9571189332,1783482107586930000
186,0,186,9606300000,1783482107586992000
186,1,181,9623544999,1783482107586934000
186,2,178,9613262999,1783482107586992000
186,3,184,9603232000,1783482107586995000
187,0,187,9638320999,1783482107587071000
187,1,182,9655577999,1783482107587024000
187,2,179,9645291999,1783482107587070000
187,3,185,9635274666,1783482107587074000
188,0,188,9670341999,1783482107587158000
188,1,183,9687611000,1783482107587084000
188,2,180,9677321000,1783482107587256000
188,3,186,9667317332,1783482107587169000
189,0,189,9766404999,1783482107795746000
189,1,184,9719643999,1783482107587225000
189,2,181,9773408000,1783482107795764000
189,3,187,9763445332,1783482107795756000
190,0,190,9798426000,1783482107795761000
190,1,185,9751676999,1783482107795761000
190,2,182,9805436999,1783482107795779000
190,3,188,9795488000,1783482107795785000
191,0,191,9830446999,1783482107795855000
191,1,186,9783710000,1783482107795854000
191,2,183,9837465999,1783482107795881000
191,3,189,9827530666,1783482107795855000
192,0,192,9926509999,1783482107796049000
192,1,187,9815742999,1783482107795952000
192,2,184,9869495000,1783482107795936000
192,3,190,9859573332,1783482107795954000
193,0,193,9958530999,1783482107800872000
193,1,188,9847775999,1783482107796020000
193,2,185,9965582000,1783482107807933000
193,3,191,9955701332,1783482107798056000
194,0,194,9990552000,1783482107832894000
194,1,189,9975908000,1783482107818253000
194,2,186,9997610999,1783482107839958000
194,3,192,9987744000,1783482107830095000
195,0,195,10022572999,1783482107864907000
195,1,190,10007940999,1783482107850291000
195,2,187,10029639999,1783482107871989000
195,3,193,10019786666,1783482107862132000
196,0,196,10054593999,1783482107896940000
196,1,191,10039973999,1783482107882348000
196,2,188,10061669000,1783482107904026000
196,3,194,10051829332,1783482107894184000
197,0,197,10086615000,1783482107928957000
197,1,192,10072007000,1783482107914362000
197,2,189,10093697999,1783482107936048000
197,3,195,10083872000,1783482107926227000
198,0,198,10118635999,1783482108089042000
198,1,193,10104039999,1783482108089039000
198,2,190,10125726999,1783482108089040000
198,3,196,10115914666,1783482108089040000
199,0,199,10150656999,1783482108089146000
199,1,194,10136072999,1783482108089149000
199,2,191,10157756000,1783482108089598000
199,3,197,10147957332,1783482108089151000
200,0,200,10182678000,1783482108089220000
200,1,195,10168106000,1783482108089217000
200,2,192,10189784999,1783482108089608000
200,3,198,10180000000,1783482108089218000
201,0,201,10246719999,1783482108297863000
201,1,196,10264205000,1783482108297865000
201,2,193,10253843000,1783482108297866000
201,3,199,10276128000,1783482108118497000
202,0,202,10278741000,1783482108297955000
202,1,197,10296237999,1783482108297970000
202,2,194,10285871999,1783482108298372000
202,3,200,10308170666,1783482108297865000
203,0,203,10310761999,1783482108298029000
203,1,198,10328270999,1783482108298028000
203,2,195,10317900999,1783482108298381000
203,3,201,10340213332,1783482108297955000
204,0,204,10342782999,1783482108298124000
204,1,199,10360304000,1783482108298193000
204,2,196,10349930000,1783482108298386000
204,3,202,10372256000,1783482108298030000
205,0,205,10470867000,1783482108313209000
205,1,200,10520468999,1783482108362854000
205,2,197,10542104000,1783482108384466000
205,3,203,10468384000,1783482108310739000
206,0,206,10502887999,1783482108506834000
206,1,201,10552502000,1783482108506837000
206,2,198,10574132999,1783482108506840000
206,3,204,10500426666,1783482108506812000
207,0,207,10534908999,1783482108506883000
207,1,202,10584534999,1783482108506849000
207,2,199,10606161999,1783482108506862000
207,3,205,10532469332,1783482108506908000
208,0,208,10566930000,1783482108506894000
208,1,203,10616567999,1783482108506884000
208,2,200,10638191000,1783482108506891000
208,3,206,10564512000,1783482108506979000
209,0,209,10598950999,1783482108506993000
209,1,204,10648601000,1783482108506987000
209,2,201,10670219999,1783482108512578000
209,3,207,10596554666,1783482108507214000
210,0,210,10695013999,1783482108537401000
210,1,205,10680633999,1783482108522989000
210,2,202,10702248999,1783482108544604000
210,3,208,10692682666,1783482108715654000
211,0,211,10727034999,1783482108715660000
211,1,206,10712666999,1783482108715669000
211,2,203,10734278000,1783482108715654000
211,3,209,10724725332,1783482108715667000
212,0,212,10759056000,1783482108715742000
212,1,207,10744700000,1783482108715751000
212,2,204,10766306999,1783482108715768000
212,3,210,10756768000,1783482108715742000
213,0,213,10791076999,1783482108715856000
213,1,208,10776732999,1783482108715838000
213,2,205,10798335999,1783482108715821000
213,3,211,10788810666,1783482108715826000
214,0,214,10887139999,1783482108729478000
214,1,209,10904864999,1783482108747207000
214,2,206,10894422999,1783482108736772000
214,3,212,10884938666,1783482108727283000
215,0,215,10919160999,1783482108924580000
215,1,210,10936898000,1783482108924596000
215,2,207,10926452000,1783482108924554000
215,3,213,10916981332,1783482108759342000
216,0,216,10951182000,1783482108924675000
216,1,211,10968930999,1783482108924689000
216,2,208,10958480999,1783482108924697000
216,3,214,10949024000,1783482108924554000
217,0,217,10983202999,1783482108924832000
217,1,212,11000963999,1783482108924761000
217,2,209,10990509999,1783482108924772000
217,3,215,10981066666,1783482108924658000
218,0,218,11015223999,1783482108924840000
218,1,213,11032997000,1783482108924850000
218,2,210,11022539000,1783482108924859000
218,3,216,11013109332,1783482108924756000
219,0,219,11111286999,1783482109133489000
219,1,214,11097062999,1783482109133472000
219,2,211,11086596999,1783482109133477000
219,3,217,11045152000,1783482108924942000
220,0,220,11143308000,1783482109133535000
220,1,215,11129096000,1783482109133486000
220,2,212,11118626000,1783482109133489000
220,3,218,11109237332,1783482109133582000
221,0,221,11175328999,1783482109133547000
221,1,216,11161128999,1783482109133548000
221,2,213,11150654999,1783482109133616000
221,3,219,11141280000,1783482109133589000
222,0,222,11207349999,1783482109133709000
222,1,217,11193161999,1783482109133735000
222,2,214,11182683999,1783482109133794000
222,3,220,11173322666,1783482109133777000
223,0,223,11335434000,1783482109177809000
223,1,218,11321294000,1783482109163649000
223,2,215,11310800000,1783482109153142000
223,3,221,11205365332,1783482109133788000
224,0,224,11367454999,1783482109209824000
224,1,219,11353326999,1783482109195688000
224,2,216,11342828999,1783482109185185000
224,3,222,11301493332,1783482109143852000
225,0,225,11399475999,1783482109241852000
225,1,220,11385359999,1783482109227724000
225,2,217,11374857999,1783482109217230000
225,3,223,11333536000,1783482109175906000
226,0,226,11431497000,1783482109273859000
226,1,221,11417393000,1783482109259740000
226,2,218,11406887000,1783482109249250000
226,3,224,11365578666,1783482109207969000
227,0,227,11463517999,1783482109305873000
227,1,222,11449425999,1783482109291781000
227,2,219,11438915999,1783482109281276000
227,3,225,11429664000,1783482109272020000
228,0,228,11495538999,1783482109337879000
228,1,223,11481458999,1783482109323798000
228,2,220,11470944999,1783482109313294000
228,3,226,11461706666,1783482109477011000
229,0,229,11527560000,1783482109476903000
229,1,224,11513492000,1783482109476902000
229,2,221,11502974000,1783482109476901000
229,3,227,11493749332,1783482109477185000
230,0,230,11559580999,1783482109477022000
230,1,225,11545524999,1783482109477486000
230,2,222,11535002999,1783482109477019000
230,3,228,11525792000,1783482109477198000
231,0,231,11591601999,1783482109477099000
231,1,226,11577557999,1783482109477506000
231,2,223,11567031999,1783482109477095000
231,3,229,11557834666,1783482109477204000
232,0,232,11623623000,1783482109477651000
232,1,227,11641623999,1783482109685847000
232,2,224,11663118999,1783482109685916000
232,3,230,11686005332,1783482109685849000
233,0,233,11655643999,1783482109685852000
233,1,228,11673656999,1783482109686382000
233,2,225,11695148000,1783482109685967000
233,3,231,11718048000,1783482109685869000
234,0,234,11687664999,1783482109686125000
234,1,229,11705690000,1783482109686394000
234,2,226,11727176999,1783482109686038000
234,3,232,11750090666,1783482109685955000
235,0,235,11719686000,1783482109686140000
235,1,230,11737722999,1783482109686400000
235,2,227,11759205999,1783482109686121000
235,3,233,11782133332,1783482109686071000
236,0,236,11847769999,1783482109690136000
236,1,231,11929920999,1783482109772329000
236,2,228,11855292999,1783482109697698000
236,3,234,11846218666,1783482109688579000
237,0,237,11879790999,1783482109894822000
237,1,232,11961953999,1783482109894826000
237,2,229,11951379999,1783482109894812000
237,3,235,11878261332,1783482109720644000
238,0,238,11911812000,1783482109894896000
238,1,233,11993987000,1783482109894839000
238,2,230,11983409000,1783482109894828000
238,3,236,11910304000,1783482109894821000
239,0,239,11943832999,1783482109894979000
239,1,234,12026019999,1783482109894895000
239,2,231,12015437999,1783482109894890000
239,3,237,11942346666,1783482109895407000
240,0,240,11975853999,1783482109895081000
240,1,235,12058052999,1783482109900403000
240,2,232,12047466999,1783482109894977000
240,3,238,11974389332,1783482109895423000
241,0,241,12071916999,1783482110103698000
241,1,236,12090086000,1783482109932436000
241,2,233,12079496000,1783482109921857000
241,3,239,12070517332,1783482110103699000
242,0,242,12103938000,1783482110103713000
242,1,237,12122118999,1783482110103698000
242,2,234,12111524999,1783482110103698000
242,3,240,12102560000,1783482110104018000
243,0,243,12135958999,1783482110103813000
243,1,238,12154151999,1783482110103792000
243,2,235,12143553999,1783482110103806000
243,3,241,12134602666,1783482110104027000
244,0,244,12167979999,1783482110103879000
244,1,239,12186185000,1783482110103881000
244,2,236,12175583000,1783482110103870000
244,3,242,12166645332,1783482110104033000
245,0,245,12264042999,1783482110106381000
245,1,240,12218217999,1783482110103967000
245,2,237,12207611999,1783482110103946000
245,3,243,12262773332,1783482110105117000
246,0,246,12296064000,1783482110138410000
246,1,241,12282284000,1783482110124645000
246,2,238,12271670000,1783482110114013000
246,3,244,12294816000,1783482110312892000
247,0,247,12328084999,1783482110312892000
247,1,242,12314316999,1783482110312893000
247,2,239,12303698999,1783482110312895000
247,3,245,12326858666,1783482110312909000
248,0,248,12360105999,1783482110313002000
248,1,243,12346349999,1783482110313006000
248,2,240,12335727999,1783482110312988000
248,3,246,12358901332,1783482110312991000
249,0,249,12392127000,1783482110313084000
249,1,244,12378383000,1783482110313112000
249,2,241,12367757000,1783482110313497000
249,3,247,12390944000,1783482110313071000
250,0,250,12488190000,1783482110330527000
250,1,245,12474482000,1783482110316822000
250,2,242,12495872999,1783482110338229000
250,3,248,12487072000,1783482110329412000
251,0,251,12520210999,1783482110521821000
251,1,246,12506514999,1783482110521822000
251,2,243,12527901999,1783482110521827000
251,3,249,12519114666,1783482110361485000
252,0,252,12552231999,1783482110521938000
252,1,247,12538547999,1783482110521952000
252,2,244,12559931000,1783482110521931000
252,3,250,12551157332,1783482110521824000
253,0,253,12584253000,1783482110522034000
253,1,248,12570581000,1783482110522048000
253,2,245,12591959999,1783482110522045000
253,3,251,12583200000,1783482110521932000
254,0,254,12616273999,1783482110522123000
254,1,249,12602613999,1783482110522339000
254,2,246,12623988999,1783482110522108000
254,3,252,12615242666,1783482110522256000
255,0,255,12744357999,1783482110730699000
255,1,250,12698712999,1783482110730693000
255,2,247,12688046999,1783482110730709000
255,3,253,12711370666,1783482110730757000
256,0,256,12776379000,1783482110730727000
256,1,251,12730745999,1783482110730707000
256,2,248,12720075999,1783482110730736000
256,3,254,12743413332,1783482110730806000
257,0,257,12808399999,1783482110730892000
257,1,252,12762779000,1783482110730802000
257,2,249,12752105000,1783482110730821000
257,3,255,12775456000,1783482110730969000
258,0,258,12840420999,1783482110730900000
258,1,253,12794811999,1783482110731020000
258,2,250,12784133999,1783482110731016000
258,3,256,12807498666,1783482110730974000
259,0,259,12904462999,1783482110746797000
259,1,254,12890910999,1783482110733257000
259,2,251,12912249999,1783482110754592000
259,3,257,12903626666,1783482110745967000
260,0,260,12936483999,1783482110778831000
260,1,255,12922943999,1783482110765306000
260,2,252,12944279000,1783482110786643000
260,3,258,12935669332,1783482110939670000
261,0,261,12968505000,1783482110939671000
261,1,256,12954977000,1783482110939671000
261,2,253,12976307999,1783482110939672000
261,3,259,12967712000,1783482110939683000
262,0,262,13000525999,1783482110939764000
262,1,257,12987009999,1783482110939779000
262,2,254,13008336999,1783482110939761000
262,3,260,12999754666,1783482110939772000
263,0,263,13032546999,1783482110939859000
263,1,258,13019042999,1783482110939870000
263,2,255,13040366000,1783482110939889000
263,3,261,13095882666,1783482110939846000
264,0,264,13128609999,1783482111148517000
264,1,259,13115141999,1783482111148518000
264,2,256,13104423999,1783482111148517000
264,3,262,13127925332,1783482110970295000
265,0,265,13160631000,1783482111148636000
265,1,260,13147175000,1783482111148617000
265,2,257,13136453000,1783482111148620000
265,3,263,13159968000,1783482111148521000
266,0,266,13192651999,1783482111148703000
266,1,261,13179207999,1783482111148717000
266,2,258,13168481999,1783482111148703000
266,3,264,13192010666,1783482111148626000
267,0,267,13224672999,1783482111148870000
267,1,262,13211240999,1783482111148928000
267,2,259,13200510999,1783482111148778000
267,3,265,13224053332,1783482111148699000
268,0,268,13320735999,1783482111163084000
268,1,263,13339373000,1783482111181761000
268,2,260,13360655999,1783482111203072000
268,3,266,13320181332,1783482111162556000
269,0,269,13352757000,1783482111357760000
269,1,264,13371405999,1783482111357675000
269,2,261,13392684999,1783482111358094000
269,3,267,13352224000,1783482111357712000
270,0,270,13384777999,1783482111357767000
270,1,265,13403438999,1783482111357693000
270,2,262,13424714000,1783482111358123000
270,3,268,13384266666,1783482111357773000
271,0,271,13416798999,1783482111357776000
271,1,266,13435472000,1783482111357753000
271,2,263,13456742999,1783482111358144000
271,3,269,13416309332,1783482111357852000
272,0,272,13448820000,1783482111357942000
272,1,267,13467504999,1783482111357970000
272,2,264,13488771999,1783482111358163000
272,3,270,13448352000,1783482111357912000
273,0,273,13544883000,1783482111387240000
273,1,268,13531571000,1783482111373967000
273,2,265,13520801000,1783482111363153000
273,3,271,13544480000,1783482111566535000
274,0,274,13576903999,1783482111566548000
274,1,269,13563603999,1783482111566688000
274,2,266,13552829999,1783482111566570000
274,3,272,13576522666,1783482111566546000
275,0,275,13608924999,1783482111566960000
275,1,270,13595636999,1783482111566991000
275,2,267,13584858999,1783482111566910000
275,3,273,13608565332,1783482111566928000
276,0,276,13640946000,1783482111566966000
276,1,271,13627670000,1783482111567000000
276,2,268,13616888000,1783482111566921000
276,3,274,13640608000,1783482111566981000
277,0,277,13672966999,1783482111566988000
277,1,272,13659702999,1783482111567006000
277,2,269,13648916999,1783482111566929000
277,3,275,13736736000,1783482111579137000
278,0,278,13737009000,1783482111579364000
278,1,273,13755801999,1783482111598166000
278,2,270,13745003999,1783482111587371000
278,3,276,13768778666,1783482111611138000
279,0,279,13769029999,1783482111611367000
279,1,274,13787834999,1783482111630194000
279,2,271,13777032999,1783482111619416000
279,3,277,13800821332,1783482111643183000
280,0,280,13801050999,1783482111643403000
280,1,275,13819868000,1783482111662227000
280,2,272,13809062000,1783482111651450000
280,3,278,13832864000,1783482111675212000
281,0,281,13833072000,1783482111675407000
281,1,276,13851900999,1783482111694261000
281,2,273,13841090999,1783482111683433000
281,3,279,13864906666,1783482111707255000
282,0,282,13865092999,1783482111707426000
282,1,277,13883933999,1783482111726278000
282,2,274,13873119999,1783482111715438000
282,3,280,13896949332,1783482111739311000
283,0,283,13897113999,1783482111892314000
283,1,278,13915967000,1783482111892236000
283,2,275,13905149000,1783482111892245000
283,3,281,13928992000,1783482111892231000
284,0,284,13929135000,1783482111892323000
284,1,279,13947999999,1783482111892329000
284,2,276,13937177999,1783482111892314000
284,3,282,13961034666,1783482111892307000
285,0,285,13961155999,1783482111892402000
285,1,280,13980032999,1783482111892401000
285,2,277,13969206999,1783482111892399000
285,3,283,13993077332,1783482111892414000
286,0,286,13993176999,1783482111892482000
286,1,281,14012066000,1783482111892475000
286,2,278,14001236000,1783482111892470000
286,3,284,14025120000,1783482111892471000
287,0,287,14057218999,1783482112101089000
287,1,282,14076131999,1783482112101063000
287,2,279,14065293999,1783482112101068000
287,3,285,14057162666,1783482112101062000
288,0,288,14153281999,1783482112101166000
288,1,283,14108165000,1783482112101168000
288,2,280,14097323000,1783482112101154000
288,3,286,14089205332,1783482112101185000
289,0,289,14185302999,1783482112101250000
289,1,284,14140197999,1783482112101238000
289,2,281,14129351999,1783482112101271000
289,3,287,14121248000,1783482112101235000
290,0,290,14217324000,1783482112101320000
290,1,285,14172230999,1783482112101346000
290,2,282,14161380999,1783482112101388000
290,3,288,14153290666,1783482112101310000
291,0,291,14281365999,1783482112123705000
291,1,286,14268329999,1783482112110686000
291,2,283,14289497000,1783482112131841000
291,3,289,14281461332,1783482112123792000
292,0,292,14313387000,1783482112155753000
292,1,287,14300363000,1783482112142719000
292,2,284,14321525999,1783482112163873000
292,3,290,14313504000,1783482112155852000
293,0,293,14345407999,1783482112187790000
293,1,288,14332395999,1783482112174787000
293,2,285,14353554999,1783482112195920000
293,3,291,14345546666,1783482112187893000
294,0,294,14377428999,1783482112327738000
294,1,289,14364428999,1783482112327716000
294,2,286,14385584000,1783482112327716000
294,3,292,14377589332,1783482112327718000
295,0,295,14409450000,1783482112327837000
295,1,290,14396462000,1783482112327841000
295,2,287,14417612999,1783482112327856000
295,3,293,14409632000,1783482112327875000
296,0,296,14473491999,1783482112536542000
296,1,291,14492561000,1783482112536639000
296,2,288,14481671000,1783482112536518000
296,3,294,14505760000,1783482112348102000
297,0,297,14505513000,1783482112536621000
297,1,292,14524593999,1783482112536715000
297,2,289,14513699999,1783482112536641000
297,3,295,14537802666,1783482112536517000
298,0,298,14537533999,1783482112536697000
298,1,293,14556626999,1783482112536782000
298,2,290,14545728999,1783482112536708000
298,3,296,14569845332,1783482112536622000
299,0,299,14697639000,1783482112539984000
299,1,294,14748824999,1783482112591230000
299,2,291,14769932000,1783482112612322000
299,3,297,14698016000,1783482112540348000
300,0,300,14729659999,1783482112745567000
300,1,295,14780858000,1783482112745588000
300,2,292,14801960999,1783482112745610000
300,3,298,14730058666,1783482112745529000
301,0,301,14761680999,1783482112745573000
301,1,296,14812890999,1783482112745601000
301,2,293,14833989999,1783482112745652000
301,3,299,14762101332,1783482112745641000
302,0,302,14793702000,1783482112745725000
302,1,297,14844923999,1783482112745605000
302,2,294,14866019000,1783482112745656000
302,3,300,14794144000,1783482112745880000
303,0,303,14825722999,1783482112745733000
303,1,298,14876957000,1783482112745677000
303,2,295,14898047999,1783482112745859000
303,3,301,14826186666,1783482112954369000
304,0,304,14921785999,1783482112954324000
304,1,299,14908989999,1783482112751339000
304,2,296,14930076999,1783482112954426000
304,3,302,14922314666,1783482112954455000
305,0,305,14953806999,1783482112954342000
305,1,300,14941022999,1783482112954321000
305,2,297,14962106000,1783482112954432000
305,3,303,14954357332,1783482112954527000
306,0,306,14985828000,1783482112954456000
306,1,301,14973056000,1783482112954414000
306,2,298,14994134999,1783482112954439000
306,3,304,14986400000,1783482112954534000
307,0,307,15017848999,1783482112954509000
307,1,302,15005088999,1783482112954551000
307,2,299,15026163999,1783482112954512000
307,3,305,15114570666,1783482112956907000
308,0,308,15113911999,1783482112956252000
308,1,303,15037121999,1783482112954681000
308,2,300,15122250999,1783482112964599000
308,3,306,15146613332,1783482112988960000
309,0,309,15145932999,1783482112988275000
309,1,304,15133220999,1783482112975600000
309,2,301,15154280000,1783482112996640000
309,3,307,15178656000,1783482113020998000
310,0,310,15177954000,1783482113020303000
310,1,305,15165254000,1783482113007603000
310,2,302,15186308999,1783482113028656000
310,3,308,15210698666,1783482113053053000
311,0,311,15209974999,1783482113052358000
311,1,306,15229319999,1783482113071689000
311,2,303,15218337999,1783482113060694000
311,3,309,15242741332,1783482113085092000
312,0,312,15241995999,1783482113084366000
312,1,307,15261353000,1783482113270152000
312,2,304,15250367000,1783482113092721000
312,3,310,15274784000,1783482113117128000
313,0,313,15274017000,1783482113270153000
313,1,308,15293385999,1783482113270264000
313,2,305,15282395999,1783482113270152000
313,3,311,15306826666,1783482113270159000
314,0,314,15306037999,1783482113270278000
314,1,309,15325418999,1783482113270366000
314,2,306,15314424999,1783482113270273000
314,3,312,15338869332,1783482113270276000
315,0,315,15338058999,1783482113270352000
315,1,310,15357452000,1783482113270493000
315,2,307,15346454000,1783482113270348000
315,3,313,15370912000,1783482113270352000
316,0,316,15370080000,1783482113270419000
316,1,311,15453551000,1783482113479010000
316,2,308,15378482999,1783482113270416000
316,3,314,15402954666,1783482113270507000
317,0,317,15434121999,1783482113479007000
317,1,312,15485583999,1783482113479020000
317,2,309,15442541000,1783482113479010000
317,3,315,15434997332,1783482113479015000
318,0,318,15466143000,1783482113479352000
318,1,313,15517616999,1783482113479105000
318,2,310,15474569999,1783482113479108000
318,3,316,15467040000,1783482113479123000
319,0,319,15562206000,1783482113479365000
319,1,314,15549650000,1783482113479212000
319,2,311,15506598999,1783482113479403000
319,3,317,15499082666,1783482113479196000
320,0,320,15594226999,1783482113479372000
320,1,315,15645749000,1783482113488104000
320,2,312,15538628000,1783482113479411000
320,3,318,15531125332,1783482113479359000
321,0,321,15658269000,1783482113500615000
321,1,316,15677781999,1783482113520127000
321,2,313,15666743999,1783482113509101000
321,3,319,15659296000,1783482113501643000
322,0,322,15690289999,1783482113532639000
322,1,317,15709814999,1783482113552150000
322,2,314,15698772999,1783482113541119000
322,3,320,15691338666,1783482113533695000
323,0,323,15722310999,1783482113564653000
323,1,318,15741848000,1783482113584229000
323,2,315,15730802000,1783482113573147000
323,3,321,15723381332,1783482113565718000
324,0,324,15754332000,1783482113596690000
324,1,319,15773880999,1783482113616264000
324,2,316,15762830999,1783482113605229000
324,3,322,15755424000,1783482113597781000
325,0,325,15786352999,1783482113769122000
325,1,320,15805913999,1783482113769093000
325,2,317,15794859999,1783482113769093000
325,3,323,15787466666,1783482113769112000
326,0,326,15818373999,1783482113769179000
326,1,321,15837947000,1783482113769198000
326,2,318,15826889000,1783482113769617000
326,3,324,15819509332,1783482113769650000
327,0,327,15850395000,1783482113769352000
327,1,322,15869979999,1783482113769253000
327,2,319,15858917999,1783482113769625000
327,3,325,15915637332,1783482113769659000
328,0,328,15946458000,1783482113977906000
328,1,323,15934046000,1783482113977907000
328,2,320,15955004999,1783482113977909000
328,3,326,15947680000,1783482113790034000
329,0,329,15978478999,1783482113978017000
329,1,324,15966078999,1783482113978026000
329,2,321,15987033999,1783482113978047000
329,3,327,15979722666,1783482113977913000
330,0,330,16010499999,1783482113978111000
330,1,325,15998111999,1783482113978108000
330,2,322,16019063000,1783482113978108000
330,3,328,16011765332,1783482113978428000
331,0,331,16042521000,1783482113978194000
331,1,326,16030145000,1783482113978325000
331,2,323,16051091999,1783482113978193000
331,3,329,16043808000,1783482113978438000
332,0,332,16138584000,1783482113980932000
332,1,327,16158276999,1783482114000623000
332,2,324,16179207999,1783482114021577000
332,3,330,16139936000,1783482113982286000
333,0,333,16170604999,1783482114187097000
333,1,328,16190309999,1783482114187000000
333,2,325,16211237000,1783482114187018000
333,3,331,16171978666,1783482114186967000
334,0,334,16202625999,1783482114187104000
334,1,329,16222343000,1783482114187025000
334,2,326,16243265999,1783482114187027000
334,3,332,16204021332,1783482114187555000
335,0,335,16234647000,1783482114187124000
335,1,330,16254375999,1783482114187230000
335,2,327,16275294999,1783482114187087000
335,3,333,16236064000,1783482114187566000
336,0,336,16266667999,1783482114187251000
336,1,331,16286408999,1783482114187239000
336,2,328,16307324000,1783482114187181000
336,3,334,16268106666,1783482114187571000
337,0,337,16362730999,1783482114205095000
337,1,332,16350474999,1783482114192851000
337,2,329,16371381999,1783482114213740000
337,3,335,16364234666,1783482114395844000
338,0,338,16394751999,1783482114395844000
338,1,333,16382507999,1783482114395846000
338,2,330,16403411000,1783482114395865000
338,3,336,16396277332,1783482114395861000
339,0,339,16426773000,1783482114395922000
339,1,334,16414541000,1783482114395942000
339,2,331,16435439999,1783482114395915000
339,3,337,16428320000,1783482114395919000
340,0,340,16458793999,1783482114396004000
340,1,335,16446573999,1783482114396012000
340,2,332,16467468999,1783482114396002000
340,3,338,16460362666,1783482114396004000
341,0,341,16490814999,1783482114396073000
341,1,336,16478606999,1783482114396376000
341,2,333,16499498000,1783482114396342000
341,3,339,16556490666,1783482114398838000
342,0,342,16554856999,1783482114397208000
342,1,337,16574705999,1783482114417086000
342,2,334,16563555999,1783482114405929000
342,3,340,16588533332,1783482114430881000
343,0,343,16586877999,1783482114604740000
343,1,338,16606739000,1783482114604736000
343,2,335,16595585000,1783482114604739000
343,3,341,16620576000,1783482114604752000
344,0,344,16618899000,1783482114604852000
344,1,339,16638771999,1783482114605029000
344,2,336,16627613999,1783482114604868000
344,3,342,16652618666,1783482114604857000
345,0,345,16650919999,1783482114604934000
345,1,340,16670804999,1783482114605040000
345,2,337,16659642999,1783482114604948000
345,3,343,16684661332,1783482114604942000
346,0,346,16682940999,1783482114605010000
346,1,341,16702838000,1783482114605186000
346,2,338,16691672000,1783482114605029000
346,3,344,16716704000,1783482114605036000
347,0,347,16779003999,1783482114621381000
347,1,342,16766903999,1783482114609292000
347,2,339,16787759000,1783482114630128000
347,3,345,16780789332,1783482114623137000
348,0,348,16811025000,1783482114813690000
348,1,343,16798937000,1783482114813680000
348,2,340,16819787999,1783482114813684000
348,3,346,16812832000,1783482114813703000
349,0,349,16843045999,1783482114813791000
349,1,344,16830969999,1783482114813804000
349,2,341,16851816999,1783482114813775000
349,3,347,16844874666,1783482114814045000
350,0,350,16875066999,1783482114813865000
350,1,345,16863002999,1783482114813883000
350,2,342,16883846000,1783482114813853000
350,3,348,16876917332,1783482114814054000
351,0,351,16971129999,1783482114813940000
351,1,346,16895036000,1783482114813958000
351,2,343,16915874999,1783482114813929000
351,3,349,16908960000,1783482114814058000
352,0,352,17003151000,1783482114845513000
352,1,347,16991135000,1783482114833492000
352,2,344,16979933000,1783482114822320000
352,3,350,16973045332,1783482114815423000
353,0,353,17035171999,1783482115022588000
353,1,348,17023167999,1783482115022581000
353,2,345,17011961999,1783482115022594000
353,3,351,17005088000,1783482115022584000
354,0,354,17067192999,1783482115022695000
354,1,349,17055200999,1783482115022694000
354,2,346,17043990999,1783482115022675000
354,3,352,17037130666,1783482115022682000
355,0,355,17099214000,1783482115022788000
355,1,350,17087234000,1783482115022773000
355,2,347,17076020000,1783482115022766000
355,3,353,17069173332,1783482115022773000
356,0,356,17131234999,1783482115022964000
356,1,351,17119266999,1783482115022851000
356,2,348,17108048999,1783482115023127000
356,3,354,17101216000,1783482115022929000
357,0,357,17195277000,1783482115037626000
357,1,352,17183333000,1783482115025679000
357,2,349,17204135999,1783482115046482000
357,3,355,17197344000,1783482115039695000
358,0,358,17227297999,1783482115231576000
358,1,353,17215365999,1783482115231552000
358,2,350,17236164999,1783482115231554000
358,3,356,17229386666,1783482115231553000
359,0,359,17259318999,1783482115231699000
359,1,354,17247398999,1783482115231677000
359,2,351,17268194000,1783482115231673000
359,3,357,17325514666,1783482115231674000
360,0,360,17291340000,1783482115231765000
360,1,355,17279432000,1783482115231768000
360,2,352,17300222999,1783482115231749000
360,3,358,17357557332,1783482115231756000
361,0,361,17323360999,1783482115231912000
361,1,356,17311464999,1783482115231827000
361,2,353,17332251999,1783482115232066000
361,3,359,17389600000,1783482115231981000
362,0,362,17419423999,1783482115261793000
362,1,357,17407563999,1783482115249955000
362,2,354,17396309999,1783482115238659000
362,3,360,17421642666,1783482115264004000
363,0,363,17451444999,1783482115440529000
363,1,358,17439596999,1783482115440520000
363,2,355,17428338999,1783482115440528000
363,3,361,17453685332,1783482115440521000
364,0,364,17483466000,1783482115440661000
364,1,359,17471630000,1783482115440644000
364,2,356,17460368000,1783482115440641000
364,3,362,17485728000,1783482115440651000
365,0,365,17515486999,1783482115440731000
365,1,360,17567729000,1783482115440731000
365,2,357,17492396999,1783482115440715000
365,3,363,17517770666,1783482115440719000
366,0,366,17547507999,1783482115440807000
366,1,361,17599761999,1783482115442105000
366,2,358,17588483999,1783482115440793000
366,3,364,17549813332,1783482115440794000
367,0,367,17611549999,1783482115453931000
367,1,362,17631794999,1783482115474141000
367,2,359,17620512999,1783482115462866000
367,3,365,17613898666,1783482115456253000
368,0,368,17643570999,1783482115649502000
368,1,363,17663828000,1783482115649501000
368,2,360,17652542000,1783482115649487000
368,3,366,17645941332,1783482115649503000
369,0,369,17675592000,1783482115649633000
369,1,364,17695860999,1783482115649634000
369,2,361,17684570999,1783482115649657000
369,3,367,17677984000,1783482115649620000
370,0,370,17707612999,1783482115649712000
370,1,365,17727893999,1783482115649720000
370,2,362,17716599999,1783482115649698000
370,3,368,17710026666,1783482115649701000
371,0,371,17739633999,1783482115649790000
371,1,366,17759927000,1783482115649794000
371,2,363,17748629000,1783482115649777000
371,3,369,17742069332,1783482115649779000
372,0,372,17835696999,1783482115678053000
372,1,367,17823992999,1783482115666352000
372,2,364,17812686999,1783482115655062000
372,3,370,17838197332,1783482115680542000
373,0,373,17867718000,1783482115850031000
373,1,368,17856026000,1783482115850042000
373,2,365,17844716000,1783482115850030000
373,3,371,17870240000,1783482115850038000
374,0,374,17899738999,1783482115850165000
374,1,369,17888058999,1783482115850185000
374,2,366,17876744999,1783482115850159000
374,3,372,17902282666,1783482115850165000
375,0,375,17931759999,1783482115850258000
375,1,370,17920091999,1783482115850269000
375,2,367,17908773999,1783482115850252000
375,3,373,17934325332,1783482115850253000
376,0,376,17963781000,1783482115850425000
376,1,371,17952125000,1783482115850409000
376,2,368,17940803000,1783482115850501000
376,3,374,17966368000,1783482115850332000
377,0,377,18027822999,1783482115870187000
377,1,372,18016190999,1783482115858539000
377,2,369,18036890000,1783482115879261000
377,3,375,18030453332,1783482115872798000
378,0,378,18059844000,1783482116050573000
378,1,373,18048224000,1783482116050571000
378,2,370,18068918999,1783482116050571000
378,3,376,18062496000,1783482116050571000
379,0,379,18091864999,1783482116050698000
379,1,374,18080256999,1783482116050702000
379,2,371,18100947999,1783482116050724000
379,3,377,18094538666,1783482116050706000
380,0,380,18123885999,1783482116050782000
380,1,375,18112289999,1783482116050789000
380,2,372,18132977000,1783482116050793000
380,3,378,18126581332,1783482116050779000
381,0,381,18155907000,1783482116050869000
381,1,376,18144323000,1783482116050879000
381,2,373,18165005999,1783482116050921000
381,3,379,18158624000,1783482116050868000
382,0,382,18219948999,1783482116062352000
382,1,377,18208388999,1783482116051076000
382,2,374,18229064000,1783482116071432000
382,3,380,18222709332,1783482116065092000
383,0,383,18251970000,1783482116251236000
383,1,378,18240422000,1783482116251235000
383,2,375,18261092999,1783482116251235000
383,3,381,18254752000,1783482116251235000
384,0,384,18283990999,1783482116251392000
384,1,379,18272454999,1783482116251414000
384,2,376,18293121999,1783482116251368000
384,3,382,18286794666,1783482116251423000
385,0,385,18380053999,1783482116251490000
385,1,380,18304487999,1783482116251506000
385,2,377,18325151000,1783482116251483000
385,3,383,18318837332,1783482116251493000
386,0,386,18412074999,1783482116254415000
386,1,381,18336521000,1783482116251771000
386,2,378,18357179999,1783482116251787000
386,3,384,18350880000,1783482116251732000
387,0,387,18444096000,1783482116286441000
387,1,382,18432620000,1783482116274990000
387,2,379,18421238000,1783482116263582000
387,3,385,18414965332,1783482116257307000
388,0,388,18476116999,1783482116460239000
388,1,383,18464652999,1783482116460239000
388,2,380,18453266999,1783482116460239000
388,3,386,18447008000,1783482116460239000
389,0,389,18508137999,1783482116460348000
389,1,384,18496685999,1783482116460363000
389,2,381,18485295999,1783482116460331000
389,3,387,18479050666,1783482116460341000
390,0,390,18540159000,1783482116460420000
390,1,385,18528719000,1783482116460432000
390,2,382,18517325000,1783482116460414000
390,3,388,18511093332,1783482116460417000
391,0,391,18572179999,1783482116460508000
391,1,386,18560751999,1783482116460498000
391,2,383,18549353999,1783482116460589000
391,3,389,18543136000,1783482116460494000
392,0,392,18636222000,1783482116478575000
392,1,387,18624818000,1783482116467167000
392,2,384,18645440999,1783482116487791000
392,3,390,18639264000,1783482116481606000
393,0,393,18668242999,1783482116669176000
393,1,388,18656850999,1783482116669174000
393,2,385,18677469999,1783482116669175000
393,3,391,18735392000,1783482116669174000
394,0,394,18700263999,1783482116669291000
394,1,389,18688883999,1783482116669309000
394,2,386,18709499000,1783482116669281000
394,3,392,18767434666,1783482116669287000
395,0,395,18732285000,1783482116669381000
395,1,390,18720917000,1783482116669396000
395,2,387,18741527999,1783482116669373000
395,3,393,18799477332,1783482116669376000
396,0,396,18764305999,1783482116669528000
396,1,391,18752949999,1783482116669632000
396,2,388,18773556999,1783482116669585000
396,3,394,18831520000,1783482116673858000
397,0,397,18828348000,1783482116670688000
397,1,392,18849048999,1783482116691412000
397,2,389,18837614999,1783482116679971000
397,3,395,18863562666,1783482116705901000
398,0,398,18860368999,1783482116878104000
398,1,393,18881081999,1783482116878092000
398,2,390,18869643999,1783482116878103000
398,3,396,18895605332,1783482116878092000
399,0,399,18892389999,1783482116878196000
399,1,394,18977180999,1783482116878205000
399,2,391,18901673000,1783482116878186000
399,3,397,18927648000,1783482116878669000
400,0,400,18924411000,1783482116878276000
400,1,395,19009214000,1783482116878278000
400,2,392,18997760000,1783482116878273000
400,3,398,18959690666,1783482116878680000
401,0,401,18956431999,1783482116878355000
401,1,396,19041246999,1783482116883595000
401,2,393,19029788999,1783482116878358000
401,3,399,18991733332,1783482116878684000
402,0,402,19052494999,1783482116894852000
402,1,397,19073279999,1783482116915632000
402,2,394,19061817999,1783482116904174000
402,3,400,19055818666,1783482116898169000
403,0,403,19084515999,1783482117087010000
403,1,398,19105313000,1783482117086997000
403,2,395,19093847000,1783482117086999000
403,3,401,19087861332,1783482117087002000
404,0,404,19116537000,1783482117087111000
404,1,399,19137345999,1783482117087098000
404,2,396,19125875999,1783482117087092000
404,3,402,19119904000,1783482117087098000
405,0,405,19148557999,1783482117087182000
405,1,400,19169378999,1783482117087200000
405,2,397,19157904999,1783482117087168000
405,3,403,19151946666,1783482117087171000
406,0,406,19180578999,1783482117087265000
406,1,401,19201412000,1783482117087272000
406,2,398,19189934000,1783482117087255000
406,3,404,19183989332,1783482117087253000
407,0,407,19276641999,1783482117119024000
407,1,402,19265477999,1783482117107846000
407,2,399,19253991999,1783482117096351000
407,3,405,19248074666,1783482117090455000
408,0,408,19308663000,1783482117287528000
408,1,403,19297511000,1783482117287514000
408,2,400,19286021000,1783482117287519000
408,3,406,19280117332,1783482117287519000
409,0,409,19340683999,1783482117287655000
409,1,404,19329543999,1783482117287678000
409,2,401,19318049999,1783482117287630000
409,3,407,19312160000,1783482117287638000
410,0,410,19372704999,1783482117287736000
410,1,405,19361576999,1783482117287767000
410,2,402,19350078999,1783482117287720000
410,3,408,19344202666,1783482117287723000
411,0,411,19404726000,1783482117287906000
411,1,406,19393610000,1783482117287926000
411,2,403,19382108000,1783482117287884000
411,3,409,19376245332,1783482117287888000
412,0,412,19468767999,1783482117311143000
412,1,407,19457675999,1783482117300023000
412,2,404,19446165999,1783482117288505000
412,3,410,19472373332,1783482117314716000
413,0,413,19500789000,1783482117488037000
413,1,408,19489709000,1783482117488037000
413,2,405,19478195000,1783482117488039000
413,3,411,19504416000,1783482117488038000
414,0,414,19532809999,1783482117488158000
414,1,409,19521741999,1783482117488174000
414,2,406,19510223999,1783482117488189000
414,3,412,19536458666,1783482117488166000
415,0,415,19564830999,1783482117488262000
415,1,410,19553774999,1783482117488273000
415,2,407,19542252999,1783482117488288000
415,3,413,19568501332,1783482117488247000
416,0,416,19596852000,1783482117488452000
416,1,411,19585808000,1783482117488414000
416,2,408,19574282000,1783482117488427000
416,3,414,19600544000,1783482117488471000
417,0,417,19660893999,1783482117503239000
417,1,412,19649873999,1783482117492220000
417,2,409,19670369000,1783482117512746000
417,3,415,19664629332,1783482117506964000
418,0,418,19692915000,1783482117697025000
418,1,413,19681907000,1783482117696996000
418,2,410,19702397999,1783482117697006000
418,3,416,19696672000,1783482117697002000
419,0,419,19788978000,1783482117697097000
419,1,414,19713939999,1783482117697112000
419,2,411,19734426999,1783482117697121000
419,3,417,19728714666,1783482117697097000
420,0,420,19820998999,1783482117697214000
420,1,415,19745972999,1783482117697223000
420,2,412,19766456000,1783482117697194000
420,3,418,19760757332,1783482117697198000
421,0,421,19853019999,1783482117697371000
421,1,416,19778006000,1783482117697293000
421,2,413,19798484999,1783482117697380000
421,3,419,19792800000,1783482117697360000
422,0,422,19885041000,1783482117727400000
422,1,417,19874105000,1783482117716447000
422,2,414,19862543000,1783482117704887000
422,3,420,19856885332,1783482117699225000
423,0,423,19917061999,1783482117905935000
423,1,418,19906137999,1783482117905935000
423,2,415,19894571999,1783482117905933000
423,3,421,19888928000,1783482117905935000
424,0,424,19949082999,1783482117906035000
424,1,419,19938170999,1783482117906047000
424,2,416,19926600999,1783482117906020000
424,3,422,19920970666,1783482117906035000
425,0,425,19981104000,1783482117906118000
425,1,420,19970204000,1783482117906137000
425,2,417,19958630000,1783482117906119000
425,3,423,19953013332,1783482117906121000
426,0,426,20013124999,1783482117906373000
426,1,421,20002236999,1783482117906210000
426,2,418,19990658999,1783482117906197000
426,3,424,19985056000,1783482117906197000
427,0,427,20077167000,1783482117919516000
427,1,422,20066303000,1783482117908643000
427,2,419,20086745999,1783482117929110000
427,3,425,20145269332,1783482117987634000
428,0,428,20109187999,1783482118114884000
428,1,423,20098335999,1783482118114888000
428,2,420,20118774999,1783482118114886000
428,3,426,20177312000,1783482118114886000
429,0,429,20141208999,1783482118115001000
429,1,424,20130368999,1783482118114993000
429,2,421,20150804000,1783482118114981000
429,3,427,20209354666,1783482118114977000
430,0,430,20173230000,1783482118115081000
430,1,425,20162402000,1783482118115070000
430,2,422,20182832999,1783482118115054000
430,3,428,20241397332,1783482118115059000
431,0,431,20205250999,1783482118115270000
431,1,426,20194434999,1783482118115140000
431,2,423,20214861999,1783482118115137000
431,3,429,20273440000,1783482118115790000
432,0,432,20301313999,1783482118143668000
432,1,427,20290533999,1783482118132914000
432,2,424,20278919999,1783482118121255000
432,3,430,20305482666,1783482118147834000
433,0,433,20333334999,1783482118323816000
433,1,428,20386632999,1783482118323786000
433,2,425,20310948999,1783482118323803000
433,3,431,20337525332,1783482118323868000
434,0,434,20365356000,1783482118323879000
434,1,429,20418665999,1783482118324226000
434,2,426,20407035999,1783482118323882000
434,3,432,20369568000,1783482118323885000
435,0,435,20397376999,1783482118323957000
435,1,430,20450699000,1783482118324414000
435,2,427,20439065000,1783482118323955000
435,3,433,20401610666,1783482118323952000
436,0,436,20429397999,1783482118324022000
436,1,431,20482731999,1783482118325077000
436,2,428,20471093999,1783482118324019000
436,3,434,20433653332,1783482118324024000
437,0,437,20493439999,1783482118335780000
437,1,432,20514764999,1783482118357115000
437,2,429,20503122999,1783482118345471000
437,3,435,20497738666,1783482118340078000
438,0,438,20525460999,1783482118532689000
438,1,433,20546798000,1783482118532686000
438,2,430,20535152000,1783482118532683000
438,3,436,20529781332,1783482118532687000
439,0,439,20557482000,1783482118532786000
439,1,434,20578830999,1783482118532774000
439,2,431,20567180999,1783482118532789000
439,3,437,20561824000,1783482118532776000
440,0,440,20589502999,1783482118532870000
440,1,435,20610863999,1783482118532890000
440,2,432,20599209999,1783482118532861000
440,3,438,20593866666,1783482118532892000
441,0,441,20621523999,1783482118532951000
441,1,436,20642897000,1783482118532960000
441,2,433,20631239000,1783482118532935000
441,3,439,20625909332,1783482118532939000
442,0,442,20717586999,1783482118559936000
442,1,437,20706962999,1783482118549316000
442,2,434,20695296999,1783482118537645000
442,3,440,20722037332,1783482118564379000
443,0,443,20749608000,1783482118733171000
443,1,438,20738996000,1783482118733169000
443,2,435,20727326000,1783482118733174000
443,3,441,20754080000,1783482118733182000
444,0,444,20781628999,1783482118733301000
444,1,439,20771028999,1783482118733308000
444,2,436,20759354999,1783482118733304000
444,3,442,20786122666,1783482118733322000
445,0,445,20813649999,1783482118733405000
445,1,440,20803061999,1783482118733479000
445,2,437,20791383999,1783482118733403000
445,3,443,20818165332,1783482118733427000
446,0,446,20845671000,1783482118733496000
446,1,441,20835095000,1783482118733488000
446,2,438,20823413000,1783482118733594000
446,3,444,20850208000,1783482118733565000
447,0,447,20909712999,1783482118752086000
447,1,442,20899160999,1783482118741507000
447,2,439,20919500000,1783482118761851000
447,3,445,20914293332,1783482118756662000
448,0,448,20941734000,1783482118933759000
448,1,443,20931194000,1783482118933733000
448,2,440,20951528999,1783482118933733000
448,3,446,20946336000,1783482118933734000
449,0,449,20973754999,1783482118933849000
449,1,444,20963226999,1783482118933857000
449,2,441,20983557999,1783482118933852000
449,3,447,20978378666,1783482118933859000
450,0,450,21005775999,1783482118933935000
450,1,445,20995259999,1783482118933946000
450,2,442,21015587000,1783482118934031000
450,3,448,21010421332,1783482118933955000
451,0,451,21037797000,1783482118934116000
451,1,446,21027293000,1783482118934129000
451,2,443,21047615999,1783482118934047000
451,3,449,21042464000,1783482118934156000
452,0,452,21101838999,1783482118944187000
452,1,447,21123392000,1783482118965740000
452,2,444,21111674000,1783482118954030000
452,3,450,21106549332,1783482118948909000
453,0,453,21197901999,1783482119134279000
453,1,448,21155424999,1783482119134278000
453,2,445,21143702999,1783482119134283000
453,3,451,21138592000,1783482119134309000
454,0,454,21229923000,1783482119134426000
454,1,449,21187457999,1783482119134425000
454,2,446,21175731999,1783482119134414000
454,3,452,21170634666,1783482119134446000
455,0,455,21261943999,1783482119134507000
455,1,450,21219491000,1783482119134528000
455,2,447,21207761000,1783482119134508000
455,3,453,21202677332,1783482119134521000
456,0,456,21293964999,1783482119136322000
456,1,451,21315590000,1783482119157935000
456,2,448,21303848000,1783482119146193000
456,3,454,21298805332,1783482119141144000
457,0,457,21325986000,1783482119168327000
457,1,452,21347622999,1783482119334962000
457,2,449,21335876999,1783482119334979000
457,3,455,21330848000,1783482119334968000
458,0,458,21358006999,1783482119334968000
458,1,453,21379655999,1783482119335147000
458,2,450,21367905999,1783482119335136000
458,3,456,21362890666,1783482119335124000
459,0,459,21390027999,1783482119335142000
459,1,454,21411689000,1783482119335465000
459,2,451,21399935000,1783482119335198000
459,3,457,21394933332,1783482119335209000
460,0,460,21422049000,1783482119335317000
460,1,455,21443721999,1783482119335600000
460,2,452,21431963999,1783482119335426000
460,3,458,21426976000,1783482119335422000
461,0,461,21454069999,1783482119335325000
461,1,456,21507788000,1783482119543904000
461,2,453,21496022000,1783482119543903000
461,3,459,21555146666,1783482119543911000
462,0,462,21518112000,1783482119543924000
462,1,457,21539820999,1783482119543918000
462,2,454,21528050999,1783482119543917000
462,3,460,21587189332,1783482119543922000
463,0,463,21550132999,1783482119543989000
463,1,458,21571853999,1783482119543993000
463,2,455,21560079999,1783482119543990000
463,3,461,21619232000,1783482119543989000
464,0,464,21582153999,1783482119544156000
464,1,459,21603887000,1783482119544178000
464,2,456,21592109000,1783482119544182000
464,3,462,21651274666,1783482119544087000
465,0,465,21710238000,1783482119552579000
465,1,460,21796085000,1783482119638449000
465,2,457,21720224999,1783482119562565000
465,3,463,21715360000,1783482119557707000
466,0,466,21742258999,1783482119646967000
466,1,461,21828117999,1783482119670488000
466,2,458,21816311999,1783482119658704000
466,3,464,21747402666,1783482119589755000
467,0,467,21774279999,1783482119647056000
467,1,462,21860150999,1783482119702496000
467,2,459,21848340999,1783482119690699000
467,3,465,21779445332,1783482119646986000
468,0,468,21870342999,1783482119907722000
468,1,463,21892184000,1783482119734526000
468,2,460,21880370000,1783482119722718000
468,3,466,21843530666,1783482119685890000
469,0,469,21902364000,1783482119907733000
469,1,464,21924216999,1783482119766555000
469,2,461,21912398999,1783482119754755000
469,3,467,21875573332,1783482119717914000
470,0,470,21934384999,1783482119907808000
470,1,465,21956249999,1783482119798586000
470,2,462,21944427999,1783482119786777000
470,3,468,21907616000,1783482119907723000
471,0,471,21966405999,1783482119907884000
471,1,466,21988283000,1783482119907729000
471,2,463,21976457000,1783482119907726000
471,3,469,21939658666,1783482119907823000
472,0,472,22094490000,1783482120116536000
472,1,467,22020315999,1783482119907811000
472,2,464,22008485999,1783482119907809000
472,3,470,21971701332,1783482119908025000
473,0,473,22126510999,1783482120116551000
473,1,468,22052348999,1783482119907887000
473,2,465,22040514999,1783482119908039000
473,3,471,22003744000,1783482120116534000
474,0,474,22158531999,1783482120116556000
474,1,469,22084382000,1783482120116518000
474,2,466,22072544000,1783482120116532000
474,3,472,22067829332,1783482120116545000
475,0,475,22190553000,1783482120116631000
475,1,470,22116414999,1783482120116619000
475,2,467,22104572999,1783482120116611000
475,3,473,22099872000,1783482120116615000
476,0,476,22286616000,1783482120128974000
476,1,471,22180481000,1783482120116773000
476,2,468,22168631000,1783482120116770000
476,3,474,22292128000,1783482120134482000
477,0,477,22318636999,1783482120160990000
477,1,472,22276580000,1783482120137438000
477,2,469,22296746999,1783482120139091000
477,3,475,22324170666,1783482120166515000
478,0,478,22350657999,1783482120193047000
478,1,473,22308612999,1783482120169454000
478,2,470,22328775999,1783482120171124000
478,3,476,22356213332,1783482120198603000
479,0,479,22382679000,1783482120225054000
479,1,474,22340645999,1783482120201553000
479,2,471,22360805000,1783482120203159000
479,3,477,22388256000,1783482120230621000
480,0,480,22414699999,1783482120257064000
480,1,475,22404711999,1783482120442265000
480,2,472,22392833999,1783482120235199000
480,3,478,22420298666,1783482120262645000
481,0,481,22446720999,1783482120289068000
481,1,476,22436744999,1783482120442313000
481,2,473,22424862999,1783482120442258000
481,3,479,22452341332,1783482120442252000
482,0,482,22478742000,1783482120442319000
482,1,477,22468778000,1783482120442386000
482,2,474,22456892000,1783482120442319000
482,3,480,22484384000,1783482120442292000
483,0,483,22510762999,1783482120442370000
483,1,478,22500810999,1783482120442478000
483,2,475,22488920999,1783482120442377000
483,3,481,22516426666,1783482120442385000
484,0,484,22606825999,1783482120449190000
484,1,479,22628942999,1783482120471293000
484,2,476,22617036999,1783482120459378000
484,3,482,22612554666,1783482120454907000
485,0,485,22638846999,1783482120481189000
485,1,480,22660976000,1783482120651172000
485,2,477,22649066000,1783482120651172000
485,3,483,22644597332,1783482120651172000
486,0,486,22670868000,1783482120651174000
486,1,481,22693008999,1783482120651187000
486,2,478,22681094999,1783482120651280000
486,3,484,22676640000,1783482120651273000
487,0,487,22702888999,1783482120651280000
487,1,482,22725041999,1783482120651272000
487,2,479,22713123999,1783482120651348000
487,3,485,22708682666,1783482120651359000
488,0,488,22734909999,1783482120651366000
488,1,483,22757075000,1783482120651357000
488,2,480,22745153000,1783482120651471000
488,3,486,22740725332,1783482120651468000
489,0,489,22830972999,1783482120860057000
489,1,484,22821140999,1783482120663509000
489,2,481,22809210999,1783482120860054000
489,3,487,22836853332,1783482120860054000
490,0,490,22862994000,1783482120860144000
490,1,485,22853174000,1783482120860054000
490,2,482,22841240000,1783482120860066000
490,3,488,22868896000,1783482120860089000
491,0,491,22895014999,1783482120860222000
491,1,486,22885206999,1783482120860155000
491,2,483,22873268999,1783482120860137000
491,3,489,22965024000,1783482120860142000
492,0,492,22927035999,1783482120860334000
492,1,487,22917239999,1783482120860231000
492,2,484,22905297999,1783482120860233000
492,3,490,22997066666,1783482120860393000
493,0,493,23023098999,1783482120865458000
493,1,488,23045372000,1783482120887732000
493,2,485,23033414000,1783482120875759000
493,3,491,23029109332,1783482120871435000
494,0,494,23055120000,1783482121069030000
494,1,489,23077404999,1783482121069039000
494,2,486,23065442999,1783482120907787000
494,3,492,23061152000,1783482120903504000
495,0,495,23087140999,1783482121069042000
495,1,490,23109437999,1783482121069121000
495,2,487,23097471999,1783482121069026000
495,3,493,23093194666,1783482121069025000
496,0,496,23119161999,1783482121069110000
496,1,491,23205536999,1783482121069231000
496,2,488,23129501000,1783482121069114000
496,3,494,23125237332,1783482121069121000
497,0,497,23247246000,1783482121089593000
497,1,492,23237570000,1783482121079954000
497,2,489,23225588000,1783482121069245000
497,3,495,23253408000,1783482121277895000
498,0,498,23279266999,1783482121277917000
498,1,493,23269602999,1783482121277885000
498,2,490,23257616999,1783482121100009000
498,3,496,23285450666,1783482121277994000
499,0,499,23311287999,1783482121277980000
499,1,494,23301635999,1783482121277900000
499,2,491,23289645999,1783482121277885000
499,3,497,23317493332,1783482121278065000
500,0,500,23343309000,1783482121278059000
500,1,495,23333669000,1783482121277985000
500,2,492,23321675000,1783482121278003000
500,3,498,23349536000,1783482121278214000
501,0,501,23375329999,1783482121278132000
501,1,496,23365701999,1783482121278162000
501,2,493,23353703999,1783482121278070000
501,3,499,23445664000,1783482121486780000
502,0,502,23439372000,1783482121486780000
502,1,497,23461800999,1783482121304165000
502,2,494,23385732999,1783482121278141000
502,3,500,23477706666,1783482121486799000
503,0,503,23471392999,1783482121486812000
503,1,498,23493833999,1783482121486780000
503,2,495,23449790999,1783482121486774000
503,3,501,23509749332,1783482121486817000
504,0,504,23503413999,1783482121486874000
504,1,499,23525867000,1783482121486888000
504,2,496,23481819999,1783482121486864000
504,3,502,23541792000,1783482121486903000
505,0,505,23535435000,1783482121486956000
505,1,500,23557899999,1783482121487045000
505,2,497,23545877999,1783482121487020000
505,3,503,23669962666,1783482121512310000
506,0,506,23663518999,1783482121505887000
506,1,501,23589932999,1783482121487052000
506,2,498,23673993999,1783482121520802000
506,3,504,23702005332,1783482121544352000
507,0,507,23695539999,1783482121537886000
507,1,502,23653998999,1783482121520793000
507,2,499,23706023000,1783482121548364000
507,3,505,23734048000,1783482121576390000
508,0,508,23727561000,1783482121569902000
508,1,503,23750097999,1783482121592441000
508,2,500,23738051999,1783482121584918000
508,3,506,23766090666,1783482121608445000
509,0,509,23759581999,1783482121601981000
509,1,504,23782130999,1783482121793552000
509,2,501,23770080999,1783482121612424000
509,3,507,23798133332,1783482121640490000
510,0,510,23791602999,1783482121633977000
510,1,505,23814164000,1783482121793636000
510,2,502,23802110000,1783482121793545000
510,3,508,23830176000,1783482121672539000
511,0,511,23823624000,1783482121793551000
511,1,506,23846196999,1783482121793710000
511,2,503,23834138999,1783482121793555000
511,3,509,23862218666,1783482121793573000
512,0,512,23855644999,1783482121793629000
512,1,507,23878229999,1783482122002363000
512,2,504,23866167999,1783482121793643000
512,3,510,23894261332,1783482121793654000
513,0,513,23887665999,1783482121793727000
513,1,508,23974328999,1783482122002371000
513,2,505,23898197000,1783482121793719000
513,3,511,23926304000,1783482121793705000
514,0,514,23919687000,1783482122002307000
514,1,509,24006362000,1783482122002375000
514,2,506,23962254999,1783482122002282000
514,3,512,23958346666,1783482122002282000
515,0,515,24015750000,1783482122002382000
515,1,510,24038394999,1783482122002381000
515,2,507,23994284000,1783482122002355000
515,3,513,23990389332,1783482122002362000
516,0,516,24047770999,1783482122002446000
516,1,511,24166526999,1783482122008876000
516,2,508,24026312999,1783482122002441000
516,3,514,24022432000,1783482122002455000
517,0,517,24079791999,1783482122002591000
517,1,512,24198560000,1783482122040915000
517,2,509,24058341999,1783482122002576000
517,3,515,24054474666,1783482122002604000
518,0,518,24175854999,1783482122018200000
518,1,513,24230592999,1783482122072950000
518,2,510,24186458000,1783482122028815000
518,3,516,24182645332,1783482122025008000
519,0,519,24239896999,1783482122082251000
519,1,514,24262625999,1783482122104974000
519,2,511,24250515999,1783482122092870000
519,3,517,24246730666,1783482122089085000
520,0,520,24271917999,1783482122114255000
520,1,515,24294659000,1783482122137014000
520,2,512,24282545000,1783482122124879000
520,3,518,24278773332,1783482122121122000
521,0,521,24303939000,1783482122289997000
521,1,516,24326691999,1783482122169038000
521,2,513,24314573999,1783482122289997000
521,3,519,24374901332,1783482122289997000
522,0,522,24335959999,1783482122290098000
522,1,517,24358724999,1783482122290023000
522,2,514,24346602999,1783482122290113000
522,3,520,24406944000,1783482122290719000
523,0,523,24367980999,1783482122290175000
523,1,518,24390758000,1783482122290103000
523,2,515,24378632000,1783482122290174000
523,3,521,24438986666,1783482122290746000
524,0,524,24400002000,1783482122498830000
524,1,519,24422790999,1783482122290184000
524,2,516,24410660999,1783482122498778000
524,3,522,24471029332,1783482122498796000
525,0,525,24464043999,1783482122498841000
525,1,520,24454823999,1783482122498778000
525,2,517,24474719000,1783482122498792000
525,3,523,24503072000,1783482122498826000
526,0,526,24496065000,1783482122498894000
526,1,521,24486857000,1783482122498895000
526,2,518,24506747999,1783482122498897000
526,3,524,24535114666,1783482122498909000
527,0,527,24528085999,1783482122499072000
527,1,522,24518889999,1783482122499078000
527,2,519,24538776999,1783482122499062000
527,3,525,24567157332,1783482122499095000
528,0,528,24688191000,1783482122530539000
528,1,523,24614988999,1783482122499185000
528,2,520,24666893000,1783482122509236000
528,3,526,24663285332,1783482122505636000
529,0,529,24720211999,1783482122562567000
529,1,524,24679055000,1783482122521408000
529,2,521,24698921999,1783482122541269000
529,3,527,24695328000,1783482122537674000
530,0,530,24752232999,1783482122594582000
530,1,525,24711087999,1783482122553452000
530,2,522,24730950999,1783482122573294000
530,3,528,24727370666,1783482122569719000
531,0,531,24784254000,1783482122626596000
531,1,526,24775154000,1783482122617514000
531,2,523,24762980000,1783482122605323000
531,3,529,24759413332,1783482122601757000
532,0,532,24816274999,1783482122658632000
532,1,527,24807186999,1783482122649530000
532,2,524,24795008999,1783482122637373000
532,3,530,24791456000,1783482122633796000
533,0,533,24848295999,1783482122690655000
533,1,528,24839219999,1783482122822356000
533,2,525,24827037999,1783482122669381000
533,3,531,24823498666,1783482122665838000
534,0,534,24880317000,1783482122822356000
534,1,529,24871253000,1783482122822469000
534,2,526,24859067000,1783482122822355000
534,3,532,24855541332,1783482122822356000
535,0,535,24912337999,1783482122822464000
535,1,530,24903285999,1783482122822546000
535,2,527,24891095999,1783482122822455000
535,3,533,24887584000,1783482122822998000
536,0,536,24944358999,1783482122822545000
536,1,531,24935318999,1783482123031136000
536,2,528,24923124999,1783482122822537000
536,3,534,24919626666,1783482122823312000
537,0,537,24976380000,1783482123031136000
537,1,532,24999384999,1783482123031150000
537,2,529,24955154000,1783482123031135000
537,3,535,24951669332,1783482123031136000
538,0,538,25008400999,1783482123031233000
538,1,533,25031417999,1783482123031222000
538,2,530,24987182999,1783482123031220000
538,3,536,24983712000,1783482123031236000
539,0,539,25040421999,1783482123031315000
539,1,534,25063451000,1783482123031341000
539,2,531,25019211999,1783482123031353000
539,3,537,25015754666,1783482123031406000
540,0,540,25072443000,1783482123031413000
540,1,535,25191582999,1783482123033932000
540,2,532,25051241000,1783482123031396000
540,3,538,25047797332,1783482123031421000
541,0,541,25200526999,1783482123042870000
541,1,536,25223615999,1783482123065970000
541,2,533,25211385999,1783482123053754000
541,3,539,25208010666,1783482123050360000
542,0,542,25232547999,1783482123074912000
542,1,537,25255649000,1783482123098025000
542,2,534,25243415000,1783482123085769000
542,3,540,25240053332,1783482123082415000
543,0,543,25264569000,1783482123106985000
543,1,538,25287681999,1783482123130046000
543,2,535,25275443999,1783482123117798000
543,3,541,25272096000,1783482123114469000
544,0,544,25296589999,1783482123138932000
544,1,539,25319714999,1783482123162049000
544,2,536,25307472999,1783482123149818000
544,3,542,25304138666,1783482123146477000
545,0,545,25328610999,1783482123170947000
545,1,540,25351748000,1783482123194112000
545,2,537,25339502000,1783482123181847000
545,3,543,25336181332,1783482123178554000
546,0,546,25424673999,1783482123315072000
546,1,541,25383780999,1783482123315071000
546,2,538,25371530999,1783482123315069000
546,3,544,25368224000,1783482123315082000
547,0,547,25456695000,1783482123315185000
547,1,542,25415813999,1783482123315200000
547,2,539,25403559999,1783482123315187000
547,3,545,25400266666,1783482123315661000
548,0,548,25488715999,1783482123331058000
548,1,543,25479879999,1783482123523877000
548,2,540,25467617999,1783482123523899000
548,3,546,25464352000,1783482123523879000
549,0,549,25520736999,1783482123523875000
549,1,544,25511912999,1783482123524427000
549,2,541,25499646999,1783482123523963000
549,3,547,25496394666,1783482123523972000
550,0,550,25552758000,1783482123523987000
550,1,545,25543946000,1783482123524449000
550,2,542,25531676000,1783482123524276000
550,3,548,25528437332,1783482123524055000
551,0,551,25584778999,1783482123524070000
551,1,546,25575978999,1783482123524467000
551,2,543,25563704999,1783482123524308000
551,3,549,25560480000,1783482123524271000
552,0,552,25712862999,1783482123555213000
552,1,547,25704110999,1783482123546491000
552,2,544,25691820999,1783482123534158000
552,3,550,25688650666,1783482123530997000
553,0,553,25744884000,1783482123732918000
553,1,548,25736144000,1783482123732812000
553,2,545,25723850000,1783482123732809000
553,3,551,25784778666,1783482123732868000
554,0,554,25776904999,1783482123732924000
554,1,549,25768176999,1783482123732827000
554,2,546,25755878999,1783482123732829000
554,3,552,25816821332,1783482123732937000
555,0,555,25808925999,1783482123733146000
555,1,550,25800209999,1783482123732959000
555,2,547,25787907999,1783482123732922000
555,3,553,25848864000,1783482123732947000
556,0,556,25840947000,1783482123733239000
556,1,551,25832243000,1783482123733153000
556,2,548,25819937000,1783482123733159000
556,3,554,25880906666,1783482123733167000
557,0,557,25904988999,1783482123941871000
557,1,552,25896308999,1783482123738649000
557,2,549,25916024000,1783482123758369000
557,3,555,25912949332,1783482123755291000
558,0,558,25937010000,1783482123941878000
558,1,553,25928342000,1783482123941867000
558,2,550,25948052999,1783482123941835000
558,3,556,25944992000,1783482123941837000
559,0,559,25969030999,1783482123942446000
559,1,554,26024441000,1783482123941936000
559,2,551,26044139999,1783482123941930000
559,3,557,25977034666,1783482123942448000
560,0,560,26001051999,1783482123942464000
560,1,555,26056473999,1783482123942011000
560,2,552,26076168999,1783482123942100000
560,3,558,26009077332,1783482123942487000
561,0,561,26129136000,1783482123971494000
561,1,556,26088506999,1783482123942074000
561,2,553,26108198000,1783482123950545000
561,3,559,26041120000,1783482123942505000
562,0,562,26161156999,1783482124003512000
562,1,557,26152572999,1783482123994919000
562,2,554,26140226999,1783482123982574000
562,3,560,26137248000,1783482123979593000
563,0,563,26193177999,1783482124035545000
563,1,558,26184605999,1783482124026985000
563,2,555,26172255999,1783482124014606000
563,3,561,26169290666,1783482124011624000
564,0,564,26225199000,1783482124067576000
564,1,559,26216639000,1783482124199661000
564,2,556,26204285000,1783482124046640000
564,3,562,26201333332,1783482124199661000
565,0,565,26257219999,1783482124199669000
565,1,560,26248671999,1783482124199792000
565,2,557,26236313999,1783482124199661000
565,3,563,26233376000,1783482124199778000
566,0,566,26289240999,1783482124199775000
566,1,561,26280704999,1783482124199892000
566,2,558,26268342999,1783482124200313000
566,3,564,26265418666,1783482124199855000
567,0,567,26321262000,1783482124199861000
567,1,562,26312738000,1783482124408440000
567,2,559,26300372000,1783482124200350000
567,3,565,26297461332,1783482124408439000
568,0,568,26353282999,1783482124408439000
568,1,563,26376803999,1783482124408453000
568,2,560,26332400999,1783482124408436000
568,3,566,26361546666,1783482124408457000
569,0,569,26385303999,1783482124408530000
569,1,564,26408837000,1783482124408547000
569,2,561,26364429999,1783482124408523000
569,3,567,26393589332,1783482124408534000
570,0,570,26417325000,1783482124408711000
570,1,565,26440869999,1783482124408719000
570,2,562,26396459000,1783482124408666000
570,3,568,26425632000,1783482124408798000
571,0,571,26449345999,1783482124408731000
571,1,566,26569001999,1783482124411349000
571,2,563,26428487999,1783482124408704000
571,3,569,26585845332,1783482124428222000
572,0,572,26577429999,1783482124419804000
572,1,567,26601035000,1783482124443411000
572,2,564,26588633000,1783482124430999000
572,3,570,26617888000,1783482124460240000
573,0,573,26609451000,1783482124451813000
573,1,568,26633067999,1783482124475490000
573,2,565,26620661999,1783482124463027000
573,3,571,26649930666,1783482124492281000
574,0,574,26641471999,1783482124483827000
574,1,569,26665100999,1783482124507422000
574,2,566,26652690999,1783482124495046000
574,3,572,26681973332,1783482124524311000
575,0,575,26673492999,1783482124515836000
575,1,570,26697134000,1783482124539472000
575,2,567,26684720000,1783482124527066000
575,3,573,26714016000,1783482124556349000
576,0,576,26705514000,1783482124547855000
576,1,571,26729166999,1783482124571504000
576,2,568,26716748999,1783482124559093000
576,3,574,26746058666,1783482124588396000
577,0,577,26737534999,1783482124692487000
577,1,572,26761199999,1783482124692487000
577,2,569,26748777999,1783482124692503000
577,3,575,26778101332,1783482124692498000
578,0,578,26833597999,1783482124692588000
578,1,573,26793233000,1783482124692591000
578,2,570,26780807000,1783482124692585000
578,3,576,26810144000,1783482124692597000
579,0,579,26865618999,1783482124707981000
579,1,574,26857298999,1783482124901256000
579,2,571,26844864999,1783482124901259000
579,3,577,26842186666,1783482124692703000
580,0,580,26897640000,1783482124901256000
580,1,575,26889332000,1783482124901535000
580,2,572,26876894000,1783482124901359000
580,3,578,26874229332,1783482124901255000
581,0,581,26929660999,1783482124901350000
581,1,576,26921364999,1783482124901545000
581,2,573,26908922999,1783482124901424000
581,3,579,26906272000,1783482124901370000
582,0,582,26961681999,1783482124901430000
582,1,577,26953397999,1783482124901676000
582,2,574,26940951999,1783482124901497000
582,3,580,26938314666,1783482124901436000
583,0,583,27089766000,1783482124932115000
583,1,578,27081530000,1783482124923893000
583,2,575,27069068000,1783482124911421000
583,3,581,27066485332,1783482124908827000
584,0,584,27121786999,1783482125110299000
584,1,579,27113562999,1783482125110297000
584,2,576,27101096999,1783482125110263000
584,3,582,27098528000,1783482125110236000
585,0,585,27153807999,1783482125110357000
585,1,580,27145595999,1783482125110353000
585,2,577,27133125999,1783482125110292000
585,3,583,27194656000,1783482125110368000
586,0,586,27185829000,1783482125110440000
586,1,581,27177629000,1783482125110363000
586,2,578,27165155000,1783482125110349000
586,3,584,27226698666,1783482125110705000
587,0,587,27217849999,1783482125110519000
587,1,582,27209661999,1783482125110451000
587,2,579,27197183999,1783482125110578000
587,3,585,27258741332,1783482125110712000
588,0,588,27281892000,1783482125319106000
588,1,583,27273728000,1783482125116078000
588,2,580,27293270999,1783482125135631000
588,3,586,27290784000,1783482125319094000
589,0,589,27313912999,1783482125319116000
589,1,584,27305760999,1783482125319113000
589,2,581,27325299999,1783482125319094000
589,3,587,27322826666,1783482125319111000
590,0,590,27345933999,1783482125319189000
590,1,585,27337793999,1783482125319705000
590,2,582,27357329000,1783482125319182000
590,3,588,27354869332,1783482125319203000
591,0,591,27377955000,1783482125319432000
591,1,586,27433892999,1783482125319728000
591,2,583,27453416000,1783482125319339000
591,3,589,27386912000,1783482125319449000
592,0,592,27506038999,1783482125348381000
592,1,587,27465926000,1783482125319747000
592,2,584,27485444999,1783482125327786000
592,3,590,27483040000,1783482125325386000
593,0,593,27538059999,1783482125380405000
593,1,588,27497958999,1783482125340303000
593,2,585,27517473999,1783482125359818000
593,3,591,27515082666,1783482125357422000
594,0,594,27570081000,1783482125412438000
594,1,589,27529991999,1783482125372346000
594,2,586,27549503000,1783482125391858000
594,3,592,27547125332,1783482125389473000
595,0,595,27602101999,1783482125444463000
595,1,590,27594057999,1783482125436457000
595,2,587,27581531999,1783482125423873000
595,3,593,27579168000,1783482125421529000
596,0,596,27634122999,1783482125476487000
596,1,591,27626090999,1783482125629473000
596,2,588,27613560999,1783482125455909000
596,3,594,27611210666,1783482125453570000
597,0,597,27666144000,1783482125629471000
597,1,592,27658124000,1783482125629784000
597,2,589,27645590000,1783482125629471000
597,3,595,27643253332,1783482125629476000
598,0,598,27698164999,1783482125629563000
598,1,593,27690156999,1783482125629793000
598,2,590,27677618999,1783482125629581000
598,3,596,27675296000,1783482125629566000
599,0,599,27730185999,1783482125629668000
599,1,594,27722189999,1783482125629798000
599,2,591,27709647999,1783482125629658000
599,3,597,27707338666,1783482125629659000
600,0,600,27762207000,1783482125629751000
600,1,595,27818288999,1783482125838320000
600,2,592,27741677000,1783482125629760000
600,3,598,27739381332,1783482125629733000
601,0,601,27794227999,1783482125838311000
601,1,596,27850322000,1783482125838351000
601,2,593,27805734999,1783482125838301000
601,3,599,27803466666,1783482125838300000
602,0,602,27826248999,1783482125838402000
602,1,597,27882354999,1783482125838405000
602,2,594,27837764000,1783482125838435000
602,3,600,27835509332,1783482125839037000
603,0,603,27858270000,1783482125838644000
603,1,598,27914387999,1783482125838485000
603,2,595,27869792999,1783482125838482000
603,3,601,27867552000,1783482125839056000
604,0,604,27890290999,1783482125838679000
604,1,599,28010486999,1783482125852831000
604,2,596,27901821999,1783482125838679000
604,3,602,27899594666,1783482125839074000
605,0,605,28018374999,1783482125860715000
605,1,600,28042520000,1783482125884874000
605,2,597,27997908999,1783482125840252000
605,3,603,28027765332,1783482125870114000
606,0,606,28050396000,1783482125892738000
606,1,601,28074552999,1783482125916906000
606,2,598,28029938000,1783482125872278000
606,3,604,28059808000,1783482125902177000
607,0,607,28082416999,1783482125924761000
607,1,602,28106585999,1783482125948932000
607,2,599,28061966999,1783482125904315000
607,3,605,28091850666,1783482125934211000
608,0,608,28114437999,1783482125956779000
608,1,603,28138619000,1783482125980962000
608,2,600,28126025000,1783482125968368000
608,3,606,28123893332,1783482125966243000
609,0,609,28146459000,1783482125988808000
609,1,604,28170651999,1783482126012997000
609,2,601,28158053999,1783482126165945000
609,3,607,28155936000,1783482125998284000
610,0,610,28242522000,1783482126165942000
610,1,605,28202684999,1783482126165943000
610,2,602,28190082999,1783482126166043000
610,3,608,28187978666,1783482126165943000
611,0,611,28274542999,1783482126166071000
611,1,606,28234718000,1783482126166058000
611,2,603,28222112000,1783482126166135000
611,3,609,28220021332,1783482126166058000
612,0,612,28306563999,1783482126166147000
612,1,607,28266750999,1783482126166155000
612,2,604,28254140999,1783482126166376000
612,3,610,28252064000,1783482126166138000
613,0,613,28338585000,1783482126180970000
613,1,608,28298783999,1783482126166229000
613,2,605,28350227999,1783482126374797000
613,3,611,28284106666,1783482126166213000
614,0,614,28370605999,1783482126374796000
614,1,609,28330817000,1783482126374826000
614,2,606,28382256999,1783482126374827000
614,3,612,28348192000,1783482126374841000
615,0,615,28402626999,1783482126375190000
615,1,610,28362849999,1783482126375175000
615,2,607,28414286000,1783482126375169000
615,3,613,28380234666,1783482126375540000
616,0,616,28434648000,1783482126375423000
616,1,611,28394882999,1783482126375313000
616,2,608,28446314999,1783482126375316000
616,3,614,28412277332,1783482126375567000
617,0,617,28466668999,1783482126375430000
617,1,612,28555047999,1783482126397406000
617,2,609,28542401999,1783482126384768000
617,3,615,28604533332,1783482126446881000
618,0,618,28562731999,1783482126405083000
618,1,613,28587080999,1783482126429441000
618,2,610,28574430999,1783482126416781000
618,3,616,28636576000,1783482126478925000
619,0,619,28594752999,1783482126437118000
619,1,614,28619114000,1783482126461483000
619,2,611,28606460000,1783482126448833000
619,3,617,28668618666,1783482126510956000
620,0,620,28690815999,1783482126533163000
620,1,615,28683179999,1783482126525533000
620,2,612,28670517999,1783482126512892000
620,3,618,28700661332,1783482126543001000
621,0,621,28722837000,1783482126728016000
621,1,616,28715213000,1783482126728019000
621,2,613,28702547000,1783482126544973000
621,3,619,28732704000,1783482126575059000
622,0,622,28754857999,1783482126728110000
622,1,617,28747245999,1783482126728036000
622,2,614,28734575999,1783482126728016000
622,3,620,28764746666,1783482126728027000
623,0,623,28786878999,1783482126728342000
623,1,618,28843344999,1783482126728106000
623,2,615,28766604999,1783482126728111000
623,3,621,28796789332,1783482126728094000
624,0,624,28818900000,1783482126936793000
624,1,619,28875377999,1783482126728471000
624,2,616,28862691999,1783482126728301000
624,3,622,28828832000,1783482126728105000
625,0,625,28914963000,1783482126936807000
625,1,620,28907411000,1783482126936799000
625,2,617,28894721000,1783482126936802000
625,3,623,28860874666,1783482126728199000
626,0,626,28946983999,1783482126936813000
626,1,621,28939443999,1783482126936812000
626,2,618,28926749999,1783482126936812000
626,3,624,28892917332,1783482126936811000
627,0,627,28979004999,1783482126936934000
627,1,622,28971476999,1783482126936904000
627,2,619,28958778999,1783482126936934000
627,3,625,28924960000,1783482126936903000
628,0,628,29107089000,1783482126949437000
628,1,623,29003510000,1783482126937086000
628,2,620,28990808000,1783482126936988000
628,3,626,28957002666,1783482126936985000
629,0,629,29139109999,1783482126981455000
629,1,624,29099609000,1783482126941965000
629,2,621,29118923999,1783482126961271000
629,3,627,28989045332,1783482126937071000
630,0,630,29171130999,1783482127013477000
630,1,625,29131641999,1783482126973999000
630,2,622,29150952999,1783482126993305000
630,3,628,29117216000,1783482126959563000
631,0,631,29203152000,1783482127045511000
631,1,626,29163674999,1783482127006028000
631,2,623,29182982000,1783482127025345000
631,3,629,29181301332,1783482127023656000
632,0,632,29235172999,1783482127077534000
632,1,627,29195708000,1783482127038052000
632,2,624,29215010999,1783482127057383000
632,3,630,29213344000,1783482127055707000
633,0,633,29267193999,1783482127109556000
633,1,628,29227740999,1783482127070091000
633,2,625,29247039999,1783482127089392000
633,3,631,29245386666,1783482127230759000
634,0,634,29299215000,1783482127230501000
634,1,629,29259773999,1783482127230508000
634,2,626,29279069000,1783482127230500000
634,3,632,29277429332,1783482127230766000
635,0,635,29331235999,1783482127230608000
635,1,630,29291807000,1783482127230692000
635,2,627,29311097999,1783482127230593000
635,3,633,29309472000,1783482127230771000
636,0,636,29363256999,1783482127230684000
636,1,631,29323839999,1783482127230700000
636,2,628,29343126999,1783482127230672000
636,3,634,29341514666,1783482127439288000
637,0,637,29395278000,1783482127439289000
637,1,632,29355872999,1783482127439287000
637,2,629,29375156000,1783482127439289000
637,3,635,29405600000,1783482127439310000
638,0,638,29427298999,1783482127439441000
638,1,633,29419938999,1783482127439418000
638,2,630,29407184999,1783482127439407000
638,3,636,29437642666,1783482127439426000
639,0,639,29459319999,1783482127439494000
639,1,634,29451971999,1783482127439507000
639,2,631,29439213999,1783482127439496000
639,3,637,29469685332,1783482127439496000
640,0,640,29491341000,1783482127439587000
640,1,635,29484005000,1783482127439576000
640,2,632,29471243000,1783482127439572000
640,3,638,29597856000,1783482127440218000
641,0,641,29651445999,1783482127493820000
641,1,636,29612136999,1783482127454498000
641,2,633,29599358999,1783482127441720000
641,3,639,29629898666,1783482127472239000
642,0,642,29683467000,1783482127525859000
642,1,637,29644169999,1783482127486514000
642,2,634,29631387999,1783482127473751000
642,3,640,29661941332,1783482127504293000
643,0,643,29715487999,1783482127557838000
643,1,638,29676203000,1783482127518563000
643,2,635,29695445999,1783482127537808000
643,3,641,29693984000,1783482127536341000
644,0,644,29747508999,1783482127589853000
644,1,639,29708235999,1783482127550580000
644,2,636,29727474999,1783482127569815000
644,3,642,29726026666,1783482127568370000
645,0,645,29779530000,1783482127621870000
645,1,640,29740268999,1783482127582604000
645,2,637,29759504000,1783482127734483000
645,3,643,29758069332,1783482127600412000
646,0,646,29811550999,1783482127734481000
646,1,641,29772302000,1783482127734468000
646,2,638,29791532999,1783482127734581000
646,3,644,29790112000,1783482127734471000
647,0,647,29843571999,1783482127734567000
647,1,642,29804334999,1783482127734586000
647,2,639,29823561999,1783482127734685000
647,3,645,29822154666,1783482127734572000
648,0,648,29875593000,1783482127734680000
648,1,643,29836367999,1783482127734688000
648,2,640,29855591000,1783482127943250000
648,3,646,29854197332,1783482127734664000
649,0,649,29907613999,1783482127943249000
649,1,644,29868401000,1783482127943233000
649,2,641,29919648999,1783482127943268000
649,3,647,29886240000,1783482127943234000
650,0,650,29939634999,1783482127943361000
650,1,645,29900433999,1783482127943371000
650,2,642,29951678000,1783482127943343000
650,3,648,29918282666,1783482127943366000
651,0,651,29971656000,1783482127943472000
651,1,646,29932466999,1783482127943495000
651,2,643,29983706999,1783482127943517000
651,3,649,30014410666,1783482127943534000
652,0,652,30003676999,1783482127943582000
652,1,647,29964500000,1783482127943595000
652,2,644,30111822999,1783482127954175000
652,3,650,30046453332,1783482127943792000
653,0,653,30131760999,1783482127974148000
653,1,648,30124664999,1783482127967024000
653,2,645,30143852000,1783482127986202000
653,3,651,30110538666,1783482127952886000
654,0,654,30163782000,1783482128006121000
654,1,649,30156698000,1783482127999039000
654,2,646,30175880999,1783482128018261000
654,3,652,30142581332,1783482127984937000
655,0,655,30195802999,1783482128038163000
655,1,650,30252797000,1783482128095175000
655,2,647,30271967999,1783482128114335000
655,3,653,30174624000,1783482128016974000
656,0,656,30227823999,1783482128070209000
656,1,651,30284829999,1783482128127173000
656,2,648,30303996999,1783482128146341000
656,3,654,30206666666,1783482128049009000
657,0,657,30259845000,1783482128103654000
657,1,652,30316862999,1783482128159212000
657,2,649,30336026000,1783482128178421000
657,3,655,30238709332,1783482128103664000
658,0,658,30291865999,1783482128154781000
658,1,653,30348896000,1783482128191268000
658,2,650,30368054999,1783482128210434000
658,3,656,30270752000,1783482128154789000
659,0,659,30387928999,1783482128427528000
659,1,654,30380928999,1783482128223289000
659,2,651,30400083999,1783482128242477000
659,3,657,30366880000,1783482128427541000
660,0,660,30419949999,1783482128427638000
660,1,655,30412961999,1783482128255328000
660,2,652,30432113000,1783482128274461000
660,3,658,30398922666,1783482128427621000
661,0,661,30451971000,1783482128427698000
661,1,656,30444995000,1783482128427529000
661,2,653,30464141999,1783482128427528000
661,3,659,30430965332,1783482128427715000
662,0,662,30483991999,1783482128427892000
662,1,657,30477027999,1783482128428119000
662,2,654,30496170999,1783482128427621000
662,3,660,30463008000,1783482128427882000
663,0,663,30612075999,1783482128636476000
663,1,658,30509060999,1783482128428146000
663,2,655,30528200000,1783482128427713000
663,3,661,30591178666,1783482128636474000
664,0,664,30644097000,1783482128636495000
664,1,659,30541094000,1783482128428244000
664,2,656,30560228999,1783482128427909000
664,3,662,30623221332,1783482128636487000
665,0,665,30676117999,1783482128636504000
665,1,660,30605159999,1783482128636477000
665,2,657,30592257999,1783482128636523000
665,3,663,30655264000,1783482128636508000
666,0,666,30708138999,1783482128636585000
666,1,661,30637193000,1783482128636576000
666,2,658,30624287000,1783482128636567000
666,3,664,30687306666,1783482128636569000
667,0,667,30804201999,1783482128646550000
667,1,662,30701258999,1783482128636750000
667,2,659,30688344999,1783482128636737000
667,3,665,30815477332,1783482128657829000
668,0,668,30836223000,1783482128678571000
668,1,663,30797357999,1783482128655037000
668,2,660,30816461000,1783482128658803000
668,3,666,30847520000,1783482128689866000
669,0,669,30868243999,1783482128710606000
669,1,664,30829391000,1783482128687014000
669,2,661,30848489999,1783482128690842000
669,3,667,30879562666,1783482128721941000
670,0,670,30900264999,1783482128742628000
670,1,665,30861423999,1783482128719089000
670,2,662,30880518999,1783482128722887000
670,3,668,30911605332,1783482128753956000
671,0,671,30932286000,1783482128774637000
671,1,666,30893456999,1783482128751114000
671,2,663,30912548000,1783482128754896000
671,3,669,30943648000,1783482128785992000
672,0,672,30964306999,1783482128806647000
672,1,667,30925490000,1783482128959695000
672,2,664,30944576999,1783482128959684000
672,3,670,30975690666,1783482128818038000
673,0,673,31060369999,1783482128959690000
673,1,668,30957522999,1783482128959706000
673,2,665,30976605999,1783482128959700000
673,3,671,31007733332,1783482128959683000
674,0,674,31092390999,1783482128959800000
674,1,669,30989555999,1783482128959789000
674,2,666,31008635000,1783482128959788000
674,3,672,31039776000,1783482128959795000
675,0,675,31124412000,1783482128966748000
675,1,670,31021589000,1783482128960407000
675,2,667,31040663999,1783482128960401000
675,3,673,31071818666,1783482128959937000
676,0,676,31156432999,1783482128998773000
676,1,671,31117688000,1783482128960427000
676,2,668,31136750999,1783482128979107000
676,3,674,31103861332,1783482128959972000
677,0,677,31188453999,1783482129168552000
677,1,672,31149720999,1783482129168552000
677,2,669,31168779999,1783482129168553000
677,3,675,31135904000,1783482129168550000
678,0,678,31220475000,1783482129169115000
678,1,673,31181753999,1783482129168643000
678,2,670,31200809000,1783482129168630000
678,3,676,31167946666,1783482129168637000
679,0,679,31252495999,1783482129169143000
679,1,674,31213787000,1783482129168721000
679,2,671,31232837999,1783482129168709000
679,3,677,31199989332,1783482129168706000
680,0,680,31284516999,1783482129169164000
680,1,675,31245819999,1783482129168788000
680,2,672,31264866999,1783482129168777000
680,3,678,31232032000,1783482129168780000
681,0,681,31348558999,1783482129190928000
681,1,676,31341918999,1783482129184299000
681,2,673,31328924999,1783482129171276000
681,3,679,31328160000,1783482129170503000
682,0,682,31380579999,1783482129377534000
682,1,677,31373951999,1783482129377537000
682,2,674,31360953999,1783482129377537000
682,3,680,31424288000,1783482129377533000
683,0,683,31412601000,1783482129377664000
683,1,678,31405985000,1783482129377674000
683,2,675,31392983000,1783482129377643000
683,3,681,31456330666,1783482129377638000
684,0,684,31444621999,1783482129377742000
684,1,679,31438017999,1783482129377763000
684,2,676,31425011999,1783482129377732000
684,3,682,31488373332,1783482129377730000
685,0,685,31476642999,1783482129378052000
685,1,680,31470050999,1783482129377956000
685,2,677,31457040999,1783482129377953000
685,3,683,31520416000,1783482129378038000
686,0,686,31540684999,1783482129383048000
686,1,681,31566149999,1783482129408579000
686,2,678,31553127999,1783482129395491000
686,3,684,31552458666,1783482129394807000
687,0,687,31572705999,1783482129586745000
687,1,682,31662248999,1783482129586745000
687,2,679,31585157000,1783482129586755000
687,3,685,31584501332,1783482129586749000
688,0,688,31604727000,1783482129586870000
688,1,683,31694282000,1783482129586883000
688,2,680,31681244000,1783482129586841000
688,3,686,31616544000,1783482129586848000
689,0,689,31636747999,1783482129586958000
689,1,684,31726314999,1783482129586965000
689,2,681,31713272999,1783482129586944000
689,3,687,31648586666,1783482129586946000
690,0,690,31668768999,1783482129587149000
690,1,685,31758347999,1783482129600691000
690,2,682,31745301999,1783482129587644000
690,3,688,31680629332,1783482129587158000
691,0,691,31764831999,1783482129607182000
691,1,686,31790381000,1783482129632740000
691,2,683,31777331000,1783482129619673000
691,3,689,31776757332,1783482129619105000
692,0,692,31796853000,1783482129639195000
692,1,687,31822413999,1783482129664767000
692,2,684,31809359999,1783482129651740000
692,3,690,31808800000,1783482129817716000
693,0,693,31828873999,1783482129817738000
693,1,688,31854446999,1783482129817718000
693,2,685,31841388999,1783482129817719000
693,3,691,31840842666,1783482129817825000
694,0,694,31860894999,1783482129817853000
694,1,689,31886480000,1783482129817890000
694,2,686,31873418000,1783482129817821000
694,3,692,31872885332,1783482129817897000
695,0,695,31892916000,1783482129817909000
695,1,690,31918512999,1783482129817900000
695,2,687,31905446999,1783482129817892000
695,3,693,31904928000,1783482129817996000
696,0,696,31924936999,1783482129817981000
696,1,691,31950545999,1783482129818002000
696,2,688,31937475999,1783482129817976000
696,3,694,32001056000,1783482130026567000
697,0,697,31988979000,1783482130026563000
697,1,692,31982579000,1783482130026564000
697,2,689,32001533999,1783482130026595000
697,3,695,32033098666,1783482130026577000
698,0,698,32020999999,1783482130026660000
698,1,693,32014611999,1783482130026672000
698,2,690,32033562999,1783482130026642000
698,3,696,32065141332,1783482130026647000
699,0,699,32053020999,1783482130026841000
699,1,694,32046644999,1783482130026731000
699,2,691,32065592000,1783482130026732000
699,3,697,32097184000,1783482130026813000
700,0,700,32085042000,1783482130026846000
700,1,695,32078678000,1783482130026831000
700,2,692,32097620999,1783482130026860000
700,3,698,32193312000,1783482130035658000
701,0,701,32213125999,1783482130055483000
701,1,696,32206809999,1783482130049177000
701,2,693,32193707999,1783482130036053000
701,3,699,32225354666,1783482130067709000
702,0,702,32245146999,1783482130087492000
702,1,697,32238842999,1783482130081198000
702,2,694,32225736999,1783482130068120000
702,3,700,32257397332,1783482130099759000
703,0,703,32277168000,1783482130119517000
703,1,698,32270876000,1783482130113238000
703,2,695,32257766000,1783482130100141000
703,3,701,32289440000,1783482130131793000
704,0,704,32309188999,1783482130151536000
704,1,699,32302908999,1783482130145255000
704,2,696,32289794999,1783482130132166000
704,3,702,32321482666,1783482130163818000
705,0,705,32341209999,1783482130183550000
705,1,700,32334941999,1783482130177285000
705,2,697,32321823999,1783482130164162000
705,3,703,32353525332,1783482130195866000
706,0,706,32373231000,1783482130348815000
706,1,701,32366975000,1783482130348828000
706,2,698,32353853000,1783482130348815000
706,3,704,32385568000,1783482130348820000
707,0,707,32469294000,1783482130348905000
707,1,702,32399007999,1783482130348908000
707,2,699,32385881999,1783482130348904000
707,3,705,32417610666,1783482130348908000
708,0,708,32501314999,1783482130348981000
708,1,703,32431040999,1783482130348983000
708,2,700,32417910999,1783482130348979000
708,3,706,32449653332,1783482130348982000
709,0,709,32533335999,1783482130375676000
709,1,704,32527139999,1783482130557631000
709,2,701,32513997999,1783482130557632000
709,3,707,32513738666,1783482130557631000
710,0,710,32565357000,1783482130557631000
710,1,705,32559173000,1783482130557713000
710,2,702,32546027000,1783482130557710000
710,3,708,32545781332,1783482130557710000
711,0,711,32597377999,1783482130557710000
711,1,706,32591205999,1783482130557785000
711,2,703,32578055999,1783482130557777000
711,3,709,32577824000,1783482130557783000
712,0,712,32629398999,1783482130557782000
712,1,707,32623238999,1783482130557861000
712,2,704,32610084999,1783482130557852000
712,3,710,32609866666,1783482130557866000
713,0,713,32725461999,1783482130567791000
713,1,708,32719337999,1783482130561666000
713,2,705,32738201000,1783482130580557000
713,3,711,32738037332,1783482130580365000
714,0,714,32757483000,1783482130766537000
714,1,709,32751371000,1783482130766558000
714,2,706,32770229999,1783482130766553000
714,3,712,32834165332,1783482130766543000
715,0,715,32789503999,1783482130766611000
715,1,710,32783403999,1783482130766601000
715,2,707,32802258999,1783482130766566000
715,3,713,32866208000,1783482130766563000
716,0,716,32821524999,1783482130766672000
716,1,711,32815436999,1783482130766608000
716,2,708,32834288000,1783482130766606000
716,3,714,32898250666,1783482130766607000
717,0,717,32853546000,1783482130766753000
717,1,712,32847470000,1783482130766675000
717,2,709,32866316999,1783482130766666000
