batch_idx,t_mono,n_in_batch,n_real,n_active,active_mask,timeout_us,mux_batch,compute_ms,e2e_ms,total_dets,new_ids_cum,dets_cam0,dets_cam1,dets_cam2,dets_cam3,drops_cum,arrivals_cum
0,1.7267,1,1,4,1111,20000,4,1173.138,1195.518,0,0,0,0,0,0,0,58
1,1.7273,1,1,4,1111,20000,4,1150.209,1193.829,0,0,0,0,0,0,0,58
2,1.7274,1,1,4,1111,20000,4,1121.685,1182.466,0,0,0,0,0,0,0,58
3,1.7275,1,1,4,1111,20000,4,1093.218,1150.509,0,0,0,0,0,0,0,58
4,1.7276,1,1,4,1111,20000,4,1064.725,1118.567,0,0,0,0,0,0,0,58
5,1.7277,1,1,4,1111,20000,4,1036.326,1086.592,0,0,0,0,0,0,0,58
6,1.7277,1,1,4,1111,20000,4,1014.034,1054.670,0,0,0,0,0,0,0,58
7,1.7278,1,1,4,1111,20000,4,994.046,1022.713,0,0,0,0,0,0,0,58
8,1.7279,1,1,4,1111,20000,4,965.617,990.824,0,0,0,0,0,0,0,58
9,1.7280,1,1,4,1111,20000,4,937.198,958.873,0,0,0,0,0,0,0,58
10,1.7281,1,1,4,1111,20000,4,900.394,926.924,0,0,0,0,0,0,0,58
11,1.7281,1,1,4,1111,20000,4,872.001,894.986,0,0,0,0,0,0,0,58
12,1.7282,1,1,4,1111,20000,4,835.254,863.044,0,0,0,0,0,0,0,58
13,1.7283,1,1,4,1111,20000,4,808.137,831.094,0,0,0,0,0,0,0,58
14,1.7283,1,1,4,1111,20000,4,788.137,808.302,0,0,0,0,0,0,0,58
15,1.7284,1,1,4,1111,20000,4,767.144,799.229,0,0,0,0,0,0,0,58
16,1.7285,2,2,4,1111,20000,4,747.110,776.450,0,0,0,0,0,0,0,58
17,1.7286,1,1,4,1111,20000,4,718.617,744.453,0,0,0,0,0,0,0,58
18,1.7287,1,1,4,1111,20000,4,694.910,735.411,0,0,0,0,0,0,0,58
19,1.7287,2,2,4,1111,20000,4,671.343,712.549,0,0,0,0,0,0,0,58
20,1.7288,2,2,4,1111,20000,4,651.282,680.597,0,0,0,0,0,0,0,58
21,1.7289,1,1,4,1111,20000,4,622.800,648.632,0,0,0,0,0,0,0,58
22,1.7290,1,1,4,1111,20000,4,599.150,639.631,0,0,0,0,0,0,0,58
23,1.7290,2,2,4,1111,20000,4,575.580,616.723,0,0,0,0,0,0,0,58
24,1.7291,2,2,4,1111,20000,4,555.538,584.777,1,1,0,0,0,1,0,58
25,1.7292,1,1,4,1111,20000,4,527.083,552.799,1,1,0,0,0,1,0,58
26,1.7293,1,1,4,1111,20000,4,503.373,543.881,0,1,0,0,0,0,0,58
27,1.7294,2,2,4,1111,20000,4,474.928,520.954,1,1,0,0,0,1,0,58
28,1.7295,1,1,4,1111,20000,4,446.499,488.983,1,1,0,0,0,1,0,58
29,1.7295,1,1,4,1111,20000,4,426.472,457.012,1,1,0,0,0,1,0,58
30,1.7296,1,1,4,1111,20000,4,398.040,425.035,1,1,0,0,0,1,0,58
31,1.7297,1,1,4,1111,20000,4,369.623,393.081,1,1,0,0,0,1,0,58
32,1.7297,1,1,4,1111,20000,4,332.838,361.113,1,1,0,0,0,1,0,58
33,1.7298,1,1,4,1111,20000,4,304.325,329.133,1,1,0,0,0,1,0,58
34,1.7299,1,1,4,1111,20000,4,274.600,297.144,1,1,0,0,0,1,0,58
35,1.7299,1,1,4,1111,20000,4,242.140,265.162,1,1,0,0,0,1,0,58
36,1.7303,1,1,4,1111,20000,4,222.370,242.629,0,1,0,0,0,0,0,58
37,1.7304,1,1,4,1111,20000,4,201.425,233.555,1,1,0,0,0,1,0,58
38,1.7305,2,2,4,1111,20000,4,181.397,210.775,1,1,0,0,0,1,0,58
39,1.7305,1,1,4,1111,20000,4,152.927,178.792,0,1,0,0,0,0,0,58
40,1.7306,1,1,4,1111,20000,4,129.237,169.712,1,1,0,0,0,1,0,58
41,1.7307,2,2,4,1111,20000,4,105.590,146.942,1,1,0,0,0,1,0,58
42,1.7308,2,2,4,1111,20000,4,85.542,114.966,1,1,0,0,0,1,0,58
43,1.7310,1,1,4,1111,20000,4,57.142,83.139,0,1,0,0,0,0,0,58
44,1.7310,2,2,4,1111,20000,4,28.717,74.009,1,1,0,0,0,1,0,58
45,1.7526,2,2,4,1111,20000,4,16.253,40.745,1,1,0,0,0,1,0,76
46,1.7873,3,3,4,1111,20000,4,22.389,49.944,1,1,0,0,0,1,0,80
47,1.8009,2,2,4,1111,20000,4,15.679,48.058,1,1,0,0,0,1,0,80
48,1.8214,2,2,4,1111,20000,4,16.041,45.474,1,1,0,0,0,1,0,82
49,1.8431,1,1,4,1111,20000,4,8.787,35.147,0,1,0,0,0,0,0,84
50,1.8739,2,2,4,1111,20000,4,16.112,56.701,1,1,0,0,0,1,0,87
51,1.9294,3,3,4,1111,20000,4,47.884,89.375,1,1,0,0,0,1,0,92
52,1.9314,2,2,4,1111,20000,4,29.860,59.349,1,1,0,0,0,1,0,92
53,1.9376,1,1,4,1111,20000,4,15.632,47.727,0,1,0,0,0,0,0,93
54,1.9679,3,3,4,1111,20000,4,23.245,63.820,1,1,0,0,0,1,0,95
55,1.9738,1,1,4,1111,20000,4,9.118,37.744,0,1,0,0,0,0,0,96
56,2.0018,2,2,4,1111,20000,4,15.864,56.398,1,1,0,0,0,1,0,99
57,2.0318,3,3,4,1111,20000,4,22.207,63.679,1,1,0,0,0,1,0,101
58,2.0455,2,2,4,1111,20000,4,15.853,45.388,1,1,0,0,0,1,0,103
59,2.0588,1,1,4,1111,20000,4,8.776,40.896,0,1,0,0,0,0,0,105
60,2.0949,3,3,4,1111,20000,4,22.167,62.674,2,2,1,0,0,1,0,109
61,2.1195,3,3,4,1111,20000,4,24.124,64.617,1,2,0,0,0,1,0,112
62,2.1413,3,3,4,1111,20000,4,22.168,59.291,1,2,1,0,0,0,0,113
63,2.1548,2,2,4,1111,20000,4,15.597,40.781,0,2,0,0,0,0,0,115
64,2.1691,1,1,4,1111,20000,4,8.728,40.857,0,2,0,0,0,0,0,116
65,2.2052,3,3,4,1111,20000,4,22.050,59.162,0,2,0,0,0,0,0,121
66,2.2323,3,3,4,1111,20000,4,22.124,62.612,1,2,0,0,0,1,0,124
67,2.2553,3,3,4,1111,20000,4,22.365,63.004,1,2,0,0,0,1,0,127
68,2.3125,3,3,4,1111,20000,4,56.807,97.400,1,2,0,0,0,1,0,135
69,2.3135,3,3,4,1111,20000,4,34.319,71.466,0,2,0,0,0,0,0,135
70,2.3447,3,3,4,1111,20000,4,38.430,78.858,1,2,0,0,0,1,0,139
71,2.3526,3,3,4,1111,20000,4,23.575,64.161,1,2,0,0,0,1,0,139
72,2.3738,3,3,4,1111,20000,4,22.082,62.630,1,2,0,0,0,1,0,141
73,2.3944,2,2,4,1111,20000,4,15.775,56.301,0,2,0,0,0,0,0,142
74,2.4181,2,2,4,1111,20000,4,15.765,56.090,1,2,0,0,0,1,0,144
75,2.4419,2,2,4,1111,20000,4,15.764,47.894,1,2,0,0,0,1,0,147
76,2.4648,2,2,4,1111,20000,4,16.049,48.227,1,2,0,0,0,1,0,149
77,2.5264,3,3,4,1111,20000,4,54.942,92.222,1,3,0,0,1,0,0,157
78,2.5276,3,3,4,1111,20000,4,29.198,69.484,2,3,0,0,1,1,0,157
79,2.5477,3,3,4,1111,20000,4,26.387,67.008,2,3,1,0,0,1,0,160
80,2.5669,3,3,4,1111,20000,4,22.146,63.574,2,3,0,0,1,1,0,162
81,2.5896,3,3,4,1111,20000,4,22.000,59.294,2,3,1,0,1,0,0,165
82,2.6166,3,3,4,1111,20000,4,22.118,62.346,3,3,1,0,1,1,0,168
83,2.6401,3,3,4,1111,20000,4,22.785,63.360,2,3,1,0,0,1,0,171
84,2.6622,3,3,4,1111,20000,4,22.312,62.824,2,3,0,0,1,1,0,174
85,2.7129,3,3,4,1111,20000,4,49.265,86.546,1,3,1,0,0,0,0,180
86,2.7392,3,3,4,1111,20000,4,48.752,88.851,2,3,1,0,0,1,0,184
87,2.7406,3,3,4,1111,20000,4,27.098,67.754,2,3,1,0,0,1,0,184
88,2.7602,3,3,4,1111,20000,4,24.232,64.714,2,3,0,0,1,1,0,187
89,2.7818,3,3,4,1111,20000,4,22.123,59.413,1,3,1,0,0,0,0,189
90,2.8087,3,3,4,1111,20000,4,22.122,62.187,3,3,1,0,1,1,0,192
91,2.8317,3,3,4,1111,20000,4,22.119,62.708,2,3,1,0,0,1,0,195
92,2.8545,3,3,4,1111,20000,4,22.403,62.909,1,3,0,0,0,1,0,198
93,2.8782,3,3,4,1111,20000,4,22.402,59.767,2,3,1,0,1,0,0,201
94,2.9328,3,3,4,1111,20000,4,50.122,90.221,2,3,1,0,0,1,0,208
95,2.9340,3,3,4,1111,20000,4,28.358,68.965,2,3,1,0,0,1,0,208
96,2.9536,3,3,4,1111,20000,4,25.430,65.925,1,3,0,0,0,1,0,211
97,2.9739,3,3,4,1111,20000,4,22.015,59.378,1,3,1,0,0,0,0,213
98,3.0010,3,3,4,1111,20000,4,22.256,62.252,3,3,1,0,1,1,0,216
99,3.0238,3,3,4,1111,20000,4,22.110,62.681,2,3,1,0,0,1,0,219
100,3.0464,3,3,4,1111,20000,4,22.130,62.617,1,3,0,0,0,1,0,222
101,3.0702,3,3,4,1111,20000,4,22.281,59.607,2,3,1,0,1,0,0,225
102,3.1320,3,3,4,1111,20000,4,57.268,97.171,2,3,1,0,0,1,0,233
103,3.1334,3,3,4,1111,20000,4,35.499,76.151,2,3,1,0,0,1,0,233
104,3.1697,3,3,4,1111,20000,4,49.305,89.789,1,3,0,0,0,1,0,237
105,3.1708,3,3,4,1111,20000,4,26.793,64.181,1,3,1,0,0,0,0,237
106,3.1936,3,3,4,1111,20000,4,22.038,62.621,3,3,1,0,1,1,0,239
107,3.2099,2,2,4,1111,20000,4,16.003,56.544,1,3,0,0,0,1,0,241
108,3.2397,3,3,4,1111,20000,4,22.149,63.765,1,3,0,0,0,1,0,244
109,3.2559,2,2,4,1111,20000,4,15.792,47.897,0,3,0,0,0,0,0,246
110,3.3087,3,3,4,1111,20000,4,41.717,81.545,3,3,1,0,1,1,0,253
111,3.3410,3,3,4,1111,20000,4,50.887,91.526,3,4,1,1,0,1,0,257
112,3.3421,3,3,4,1111,20000,4,29.473,69.961,3,4,0,1,1,1,0,257
113,3.3619,3,3,4,1111,20000,4,25.736,63.150,2,4,1,1,0,0,0,259
114,3.3854,3,3,4,1111,20000,4,22.348,62.181,2,4,1,0,0,1,0,262
115,3.4086,3,3,4,1111,20000,4,22.413,63.006,3,4,1,1,0,1,0,265
116,3.4310,3,3,4,1111,20000,4,22.292,62.866,2,4,0,1,0,1,0,268
117,3.4547,3,3,4,1111,20000,4,22.442,59.903,2,4,1,1,0,0,0,271
118,3.4816,3,3,4,1111,20000,4,22.555,62.249,2,4,1,0,0,1,0,274
119,3.5392,3,3,4,1111,20000,4,56.807,97.470,3,4,1,1,0,1,0,281
120,3.5403,3,3,4,1111,20000,4,35.582,76.095,2,4,0,1,0,1,0,281
121,3.5720,3,3,4,1111,20000,4,43.642,81.112,2,4,1,1,0,0,0,284
122,3.5739,2,2,4,1111,20000,4,25.461,50.988,1,4,1,0,0,0,0,284
123,3.5801,1,1,4,1111,20000,4,10.267,42.369,1,4,0,1,0,0,0,285
124,3.6148,3,3,4,1111,20000,4,22.328,59.821,2,4,1,1,0,0,0,289
125,3.6415,3,3,4,1111,20000,4,22.419,61.960,3,5,1,0,1,1,0,292
126,3.6646,3,3,4,1111,20000,4,22.207,62.818,3,5,1,1,0,1,0,295
127,3.6871,3,3,4,1111,20000,4,22.210,62.698,3,5,0,1,1,1,0,298
128,3.7155,3,3,4,1111,20000,4,27.020,64.541,3,5,1,1,1,0,0,302
129,3.7374,3,3,4,1111,20000,4,22.228,61.653,1,5,0,0,0,1,0,304
130,3.7606,3,3,4,1111,20000,4,22.096,62.674,2,5,0,1,0,1,0,307
131,3.7830,3,3,4,1111,20000,4,22.062,62.569,3,5,0,1,1,1,0,309
132,3.8034,2,2,4,1111,20000,4,15.777,56.312,1,5,0,0,1,0,0,309
133,3.8270,2,2,4,1111,20000,4,15.761,55.152,1,5,0,0,0,1,0,312
134,3.8519,2,2,4,1111,20000,4,15.910,48.053,1,5,0,0,0,1,0,315
135,3.8745,2,2,4,1111,20000,4,16.227,48.429,2,5,0,1,0,1,0,317
136,3.9099,3,3,4,1111,20000,4,28.919,66.775,1,5,0,1,0,0,0,322
137,3.9295,3,3,4,1111,20000,4,22.247,61.518,1,5,0,0,0,1,0,324
138,3.9530,3,3,4,1111,20000,4,22.232,62.866,3,5,1,1,0,1,0,327
139,3.9754,3,3,4,1111,20000,4,22.228,62.767,2,5,0,1,0,1,0,330
140,3.9990,3,3,4,1111,20000,4,22.199,59.800,2,5,1,1,0,0,0,333
141,4.0254,3,3,4,1111,20000,4,22.070,61.357,2,5,1,0,0,1,0,336
142,4.0489,3,3,4,1111,20000,4,22.087,62.675,3,5,1,1,0,1,0,339
143,4.0718,3,3,4,1111,20000,4,22.568,63.085,2,5,0,1,0,1,0,342
144,4.1287,3,3,4,1111,20000,4,55.817,93.486,1,5,0,1,0,0,0,349
145,4.1315,3,3,4,1111,20000,4,31.986,71.225,2,5,1,0,0,1,0,350
146,4.1549,3,3,4,1111,20000,4,31.907,72.609,3,5,1,1,0,1,0,352
147,4.1677,3,3,4,1111,20000,4,22.328,62.852,2,5,0,1,0,1,0,354
148,4.1910,3,3,4,1111,20000,4,22.083,59.744,2,5,1,1,0,0,0,357
149,4.2176,3,3,4,1111,20000,4,22.131,61.244,2,5,1,0,0,1,0,360
150,4.2414,3,3,4,1111,20000,4,22.445,63.043,2,5,0,1,0,1,0,363
151,4.2639,3,3,4,1111,20000,4,22.505,63.009,1,5,0,0,0,1,0,366
152,4.3122,3,3,4,1111,20000,4,47.071,84.777,1,5,1,0,0,0,0,372
153,4.3409,3,3,4,1111,20000,4,49.375,88.386,3,5,1,0,1,1,0,376
154,4.3423,3,3,4,1111,20000,4,27.177,67.783,1,5,0,0,0,1,0,376
155,4.3620,3,3,4,1111,20000,4,24.514,65.042,2,5,0,0,1,1,0,379
156,4.3837,3,3,4,1111,20000,4,22.499,60.269,2,6,1,1,0,0,0,381
157,4.4098,3,3,4,1111,20000,4,22.214,61.221,1,6,0,0,0,1,0,384
158,4.4335,3,3,4,1111,20000,4,22.285,62.846,3,6,1,1,0,1,0,387
159,4.4557,3,3,4,1111,20000,4,22.138,62.649,2,6,0,1,0,1,0,390
160,4.4794,3,3,4,1111,20000,4,22.169,59.913,2,6,1,1,0,0,0,393
161,4.5412,3,3,4,1111,20000,4,57.439,96.411,2,6,1,0,0,1,0,401
162,4.5566,3,3,4,1111,20000,4,49.269,89.927,3,6,1,1,0,1,0,403
163,4.5878,3,3,4,1111,20000,4,58.180,98.545,2,6,0,1,0,1,0,406
164,4.5891,3,3,4,1111,20000,4,35.828,73.565,2,6,1,1,0,0,0,406
165,4.6133,3,3,4,1111,20000,4,31.890,72.466,2,6,1,0,0,1,0,408
166,4.6209,2,2,4,1111,20000,4,17.577,58.110,2,6,0,1,0,1,0,409
167,4.6491,3,3,4,1111,20000,4,22.148,63.936,1,6,0,0,0,1,0,412
168,4.6653,2,2,4,1111,20000,4,15.955,48.093,0,6,0,0,0,0,0,414
169,4.6981,3,3,4,1111,20000,4,22.274,61.121,2,6,1,0,0,1,0,418
170,4.7217,3,3,4,1111,20000,4,22.180,62.789,2,6,1,0,0,1,0,421
171,4.7440,3,3,4,1111,20000,4,22.120,62.687,1,6,0,0,0,1,0,424
172,4.7675,3,3,4,1111,20000,4,22.059,59.848,0,6,0,0,0,0,0,427
173,4.7966,3,3,4,1111,20000,4,24.751,63.520,2,6,1,0,0,1,0,430
174,4.8179,3,3,4,1111,20000,4,22.346,62.916,2,6,1,0,0,1,0,433
175,4.8406,3,3,4,1111,20000,4,22.647,63.231,1,6,0,0,0,1,0,436
176,4.8638,3,3,4,1111,20000,4,22.197,60.025,1,6,1,0,0,0,0,439
177,4.8901,3,3,4,1111,20000,4,22.141,60.868,2,6,1,0,0,1,0,442
178,4.9138,3,3,4,1111,20000,4,22.105,62.681,2,6,1,0,0,1,0,445
179,4.9361,3,3,4,1111,20000,4,22.117,62.618,2,6,0,1,0,1,0,447
180,4.9708,3,3,4,1111,20000,4,33.178,71.008,1,6,1,0,0,0,0,451
181,4.9766,2,2,4,1111,20000,4,18.853,44.769,1,6,1,0,0,0,0,451
182,4.9882,1,1,4,1111,20000,4,8.850,40.982,1,6,0,1,0,0,0,452
183,5.0240,3,3,4,1111,20000,4,22.276,60.171,2,6,1,1,0,0,0,457
184,5.0501,3,3,4,1111,20000,4,22.069,60.640,2,6,1,0,0,1,0,460
185,5.0741,3,3,4,1111,20000,4,22.200,62.792,2,6,1,0,0,1,0,463
186,5.1002,3,3,4,1111,20000,4,26.065,66.553,2,6,0,1,0,1,0,467
187,5.1442,3,3,4,1111,20000,4,46.404,84.329,2,6,1,1,0,0,0,472
188,5.1737,3,3,4,1111,20000,4,49.571,88.061,1,6,0,0,0,1,0,475
189,5.1748,3,3,4,1111,20000,4,26.747,67.398,2,6,0,1,0,1,0,475
190,5.1945,3,3,4,1111,20000,4,24.349,64.802,2,6,0,1,0,1,0,477
191,5.2123,2,2,4,1111,20000,4,15.817,56.303,0,6,0,0,0,0,0,477
192,5.2358,2,2,4,1111,20000,4,15.741,54.149,1,6,0,0,0,1,0,480
193,5.2619,2,2,4,1111,20000,4,16.067,48.191,1,6,0,0,0,1,0,483
194,5.2838,2,2,4,1111,20000,4,16.114,48.314,2,6,0,1,0,1,0,485
195,5.3309,3,3,4,1111,20000,4,40.789,78.862,2,6,1,1,0,0,0,491
196,5.3409,3,3,4,1111,20000,4,24.653,63.015,2,6,1,0,0,1,0,492
197,5.3623,3,3,4,1111,20000,4,22.099,62.683,2,6,0,1,0,1,0,495
198,5.3845,3,3,4,1111,20000,4,22.052,62.546,2,6,0,1,0,1,0,498
199,5.4082,3,3,4,1111,20000,4,22.103,60.058,2,6,1,1,0,0,0,501
200,5.4343,3,3,4,1111,20000,4,22.073,60.360,2,6,1,0,0,1,0,504
201,5.4586,3,3,4,1111,20000,4,22.339,62.957,3,6,1,1,0,1,0,507
202,5.5046,3,3,4,1111,20000,4,46.008,86.624,2,6,0,1,0,1,0,513
203,5.5477,3,3,4,1111,20000,4,65.521,103.539,2,6,1,1,0,0,0,519
204,5.5489,3,3,4,1111,20000,4,40.508,78.796,2,6,1,0,0,1,0,519
205,5.5894,3,3,4,1111,20000,4,57.038,97.613,3,6,1,1,0,1,0,524
206,5.5906,3,3,4,1111,20000,4,34.624,76.534,3,7,0,2,0,1,0,524
207,5.6274,3,3,4,1111,20000,4,49.168,87.133,1,7,0,1,0,0,0,528
208,5.6284,3,3,4,1111,20000,4,29.951,62.154,1,7,0,0,0,1,0,528
209,5.6417,2,2,4,1111,20000,4,21.765,53.898,3,7,0,2,0,1,0,530
210,5.6645,3,3,4,1111,20000,4,22.182,60.195,2,7,0,2,0,0,0,533
211,5.6847,3,3,4,1111,20000,4,22.214,54.422,1,7,0,0,0,1,0,536
212,5.7000,2,2,4,1111,20000,4,15.892,48.035,2,7,0,1,0,1,0,537
213,5.7284,3,3,4,1111,20000,4,22.104,60.100,1,7,0,1,0,0,0,541
214,5.7487,3,3,4,1111,20000,4,22.128,54.281,1,7,0,0,0,1,0,544
215,5.7641,2,2,4,1111,20000,4,16.016,48.151,3,7,0,2,0,1,0,545
216,5.7928,3,3,4,1111,20000,4,22.296,60.394,1,7,0,1,0,0,0,549
217,5.8187,3,3,4,1111,20000,4,28.016,60.215,1,7,0,0,0,1,0,552
218,5.8284,2,2,4,1111,20000,4,16.247,48.387,2,7,0,1,0,1,0,554
219,5.8568,3,3,4,1111,20000,4,22.314,60.397,2,7,0,2,0,0,0,557
220,5.8769,3,3,4,1111,20000,4,22.232,54.378,2,7,1,0,0,1,0,560
221,5.8921,2,2,4,1111,20000,4,15.874,48.006,3,7,0,2,0,1,0,561
222,5.9207,3,3,4,1111,20000,4,22.162,60.230,3,7,1,2,0,0,0,565
223,5.9478,3,3,4,1111,20000,4,29.001,61.131,2,7,1,0,0,1,0,568
224,5.9575,2,2,4,1111,20000,4,17.108,49.267,3,7,0,2,0,1,0,570
225,5.9846,3,3,4,1111,20000,4,22.019,60.102,3,7,1,2,0,0,0,573
226,6.0052,3,3,4,1111,20000,4,22.304,54.439,2,7,1,0,0,1,0,575
227,6.0203,2,2,4,1111,20000,4,15.845,48.007,3,7,0,2,0,1,0,576
228,6.0424,2,2,4,1111,20000,4,15.821,47.944,2,7,0,2,0,0,0,578
229,6.0628,2,2,4,1111,20000,4,15.816,47.961,1,7,0,0,0,1,0,581
230,6.0842,2,2,4,1111,20000,4,15.753,47.889,3,7,0,2,0,1,0,583
231,6.1127,3,3,4,1111,20000,4,22.018,60.114,3,7,1,2,0,0,0,587
232,6.1335,3,3,4,1111,20000,4,22.463,54.582,1,7,0,0,0,1,0,590
233,6.1487,2,2,4,1111,20000,4,16.167,48.323,3,7,0,2,0,1,0,592
234,6.1773,3,3,4,1111,20000,4,22.479,60.649,2,8,0,1,1,0,0,595
235,6.2027,3,3,4,1111,20000,4,27.475,59.664,2,8,0,0,1,1,0,598
236,6.2134,2,2,4,1111,20000,4,16.747,48.945,2,8,0,1,0,1,0,600
237,6.2421,3,3,4,1111,20000,4,22.617,61.475,2,8,0,1,1,0,0,603
238,6.2673,3,3,4,1111,20000,4,22.444,60.173,3,9,0,0,2,1,0,606
239,6.2918,3,3,4,1111,20000,4,22.606,63.231,2,9,0,1,0,1,0,609
240,6.3490,3,3,4,1111,20000,4,57.573,98.232,4,9,0,1,2,1,0,616
241,6.3502,3,3,4,1111,20000,4,35.249,73.430,3,9,0,1,2,0,0,616
242,6.3736,3,3,4,1111,20000,4,32.653,70.334,3,9,0,0,2,1,0,618
243,6.3822,2,2,4,1111,20000,4,16.918,57.539,1,9,0,1,0,0,0,619
244,6.4037,2,2,4,1111,20000,4,16.164,56.817,3,9,0,1,2,0,0,621
245,6.4336,3,3,4,1111,20000,4,22.587,60.790,3,9,0,1,2,0,0,625
246,6.4541,3,3,4,1111,20000,4,22.631,54.775,3,9,0,0,2,1,0,628
247,6.4693,2,2,4,1111,20000,4,16.393,48.535,2,9,0,1,0,1,0,630
248,6.5237,3,3,4,1111,20000,4,48.498,86.729,2,9,0,1,1,0,0,636
249,6.5609,3,3,4,1111,20000,4,65.112,97.448,2,9,0,0,1,1,0,641
250,6.5622,2,2,4,1111,20000,4,45.235,77.396,1,9,0,0,0,1,0,641
251,6.5926,3,3,4,1111,20000,4,53.470,91.723,1,9,0,1,0,0,0,644
252,6.5937,3,3,4,1111,20000,4,33.978,66.194,1,9,0,0,0,1,0,644
253,6.6135,3,3,4,1111,20000,4,25.213,64.667,1,9,0,0,0,1,0,645
254,6.6327,2,2,4,1111,20000,4,15.832,61.628,1,9,0,0,0,1,0,647
255,6.6462,1,1,4,1111,20000,4,8.775,49.262,0,9,0,0,0,0,0,648
256,6.6771,2,2,4,1111,20000,4,15.990,53.300,1,9,0,0,0,1,0,652
257,6.7428,3,3,4,1111,20000,4,57.099,97.802,0,9,0,0,0,0,0,660
258,6.7443,3,3,4,1111,20000,4,36.668,77.211,1,10,0,1,0,0,0,660
259,6.7805,3,3,4,1111,20000,4,49.265,87.528,1,10,0,1,0,0,0,664
260,6.7818,3,3,4,1111,20000,4,29.879,62.039,1,10,0,0,1,0,0,664
261,6.7950,2,2,4,1111,20000,4,21.828,53.968,1,10,0,1,0,0,0,666
262,6.8177,3,3,4,1111,20000,4,22.331,60.698,1,10,0,1,0,0,0,669
263,6.8384,3,3,4,1111,20000,4,22.294,54.557,0,10,0,0,0,0,0,672
264,6.8531,2,2,4,1111,20000,4,15.836,47.942,1,10,0,1,0,0,0,673
265,6.8815,3,3,4,1111,20000,4,22.163,60.466,2,10,0,1,1,0,0,677
266,6.9023,3,3,4,1111,20000,4,22.222,54.332,1,10,0,0,1,0,0,680
267,6.9171,2,2,4,1111,20000,4,15.771,47.893,1,10,0,1,0,0,0,681
268,6.9458,3,3,4,1111,20000,4,22.270,60.638,2,10,0,1,1,0,0,685
269,6.9662,3,3,4,1111,20000,4,22.099,54.220,0,10,0,0,0,0,0,688
270,6.9812,2,2,4,1111,20000,4,15.784,47.911,1,10,0,1,0,0,0,689
271,7.0097,3,3,4,1111,20000,4,22.196,60.527,1,10,0,1,0,0,0,693
272,7.0304,3,3,4,1111,20000,4,22.150,54.297,0,10,0,0,0,0,0,696
273,7.0454,2,2,4,1111,20000,4,15.940,48.089,2,10,0,1,0,1,0,698
274,7.0741,3,3,4,1111,20000,4,22.429,60.869,3,10,0,1,2,0,0,701
275,7.0946,3,3,4,1111,20000,4,22.198,54.361,2,10,0,0,1,1,0,704
276,7.1092,2,2,4,1111,20000,4,15.692,47.827,2,10,0,1,0,1,0,705
277,7.1519,3,3,4,1111,20000,4,36.276,74.672,2,10,0,1,1,0,0,711
278,7.1599,3,3,4,1111,20000,4,23.489,55.634,3,10,0,0,2,1,0,712
279,7.1731,2,2,4,1111,20000,4,15.493,47.603,1,10,0,1,0,0,0,713
280,7.2017,3,3,4,1111,20000,4,22.014,60.406,3,10,0,1,2,0,0,717
281,7.2227,3,3,4,1111,20000,4,22.251,54.374,1,10,0,0,1,0,0,720
282,7.2380,2,2,4,1111,20000,4,16.313,48.441,1,10,0,1,0,0,0,722
283,7.2659,3,3,4,1111,20000,4,22.162,60.591,3,10,0,1,2,0,0,725
284,7.2870,3,3,4,1111,20000,4,22.408,54.605,3,10,0,0,2,1,0,728
285,7.3018,2,2,4,1111,20000,4,16.084,48.232,1,10,0,1,0,0,0,730
286,7.3632,3,3,4,1111,20000,4,55.264,93.806,2,10,0,1,1,0,0,737
287,7.3643,3,3,4,1111,20000,4,35.604,67.756,3,10,0,0,2,1,0,737
288,7.3870,2,2,4,1111,20000,4,37.274,69.377,1,10,0,1,0,0,0,740
289,7.3970,3,3,4,1111,20000,4,25.027,63.532,3,10,0,1,2,0,0,741
290,7.4146,3,3,4,1111,20000,4,21.881,54.035,2,10,0,0,2,0,0,743
291,7.4298,2,2,4,1111,20000,4,15.904,48.044,2,10,0,1,0,1,0,744
292,7.4519,2,2,4,1111,20000,4,15.955,48.094,3,10,0,1,2,0,0,746
293,7.4728,2,2,4,1111,20000,4,15.978,48.139,1,10,0,0,1,0,0,749
294,7.4940,2,2,4,1111,20000,4,16.095,48.186,1,10,0,1,0,0,0,752
295,7.5615,3,3,4,1111,20000,4,61.479,100.036,1,10,0,1,0,0,0,760
296,7.5868,3,3,4,1111,20000,4,65.790,97.970,1,10,0,0,0,1,0,763
297,7.5886,2,2,4,1111,20000,4,46.600,78.712,1,10,0,1,0,0,0,763
298,7.6187,3,3,4,1111,20000,4,54.645,93.091,1,10,0,1,0,0,0,767
299,7.6199,3,3,4,1111,20000,4,34.930,67.077,1,10,0,0,1,0,0,767
300,7.6380,2,2,4,1111,20000,4,31.974,64.090,1,10,0,1,0,0,0,770
301,7.6508,3,3,4,1111,20000,4,22.657,61.237,3,10,0,1,2,0,0,771
302,7.6712,3,3,4,1111,20000,4,22.138,54.298,0,10,0,0,0,0,0,774
303,7.6862,2,2,4,1111,20000,4,16.103,48.234,1,10,0,1,0,0,0,776
304,7.7321,3,3,4,1111,20000,4,39.880,78.448,2,10,0,1,1,0,0,781
305,7.7596,3,3,4,1111,20000,4,46.398,78.561,1,10,0,0,1,0,0,784
306,7.7606,2,2,4,1111,20000,4,26.397,58.527,1,10,0,1,0,0,0,784
307,7.7867,3,3,4,1111,20000,4,30.527,69.075,2,10,0,1,1,0,0,786
308,7.7939,2,2,4,1111,20000,4,17.607,44.214,1,10,0,0,1,0,0,787
309,7.8072,1,1,4,1111,20000,4,8.896,41.045,1,10,0,1,0,0,0,788
310,7.8426,3,3,4,1111,20000,4,22.254,60.847,2,10,0,1,1,0,0,793
311,7.8635,3,3,4,1111,20000,4,22.120,54.266,1,10,0,0,1,0,0,796
312,7.8781,2,2,4,1111,20000,4,15.804,47.903,1,10,0,1,0,0,0,798
313,7.9069,3,3,4,1111,20000,4,22.523,61.141,2,10,0,1,1,0,0,801
314,7.9570,3,3,4,1111,20000,4,51.502,83.693,1,10,0,0,1,0,0,807
315,7.9577,2,2,4,1111,20000,4,31.282,63.424,1,10,0,1,0,0,0,807
316,7.9956,3,3,4,1111,20000,4,47.181,85.727,2,10,0,1,1,0,0,811
317,7.9966,3,3,4,1111,20000,4,27.091,59.251,1,10,0,0,1,0,0,811
318,8.0203,3,3,4,1111,20000,4,22.143,61.993,2,10,0,1,0,1,0,813
319,8.0490,3,3,4,1111,20000,4,22.306,68.684,2,10,0,0,1,1,0,815
320,8.0635,1,1,4,1111,20000,4,8.987,29.996,1,10,0,0,0,1,0,816
321,8.0923,2,2,4,1111,20000,4,15.835,54.454,1,10,0,1,0,0,0,820
322,8.1198,3,3,4,1111,20000,4,22.083,54.247,2,10,0,0,1,1,0,824
323,8.1343,2,2,4,1111,20000,4,15.795,47.917,1,10,0,1,0,0,0,826
324,8.1627,3,3,4,1111,20000,4,22.107,60.776,2,10,0,1,1,0,0,829
325,8.1839,3,3,4,1111,20000,4,22.081,54.212,2,10,0,0,1,1,0,832
326,8.1983,2,2,4,1111,20000,4,15.692,47.805,1,10,0,1,0,0,0,834
327,8.2266,3,3,4,1111,20000,4,21.994,60.656,2,10,0,1,1,0,0,837
328,8.2481,3,3,4,1111,20000,4,22.120,54.351,1,10,0,0,1,0,0,840
329,8.2624,2,2,4,1111,20000,4,15.751,47.861,2,10,0,1,0,1,0,842
330,8.2911,3,3,4,1111,20000,4,22.364,61.079,2,10,0,1,1,0,0,845
331,8.3125,3,3,4,1111,20000,4,22.478,54.677,1,10,0,0,1,0,0,848
332,8.3497,2,2,4,1111,20000,4,38.912,71.105,1,10,0,1,0,0,0,852
333,8.3795,3,3,4,1111,20000,4,46.775,85.447,2,10,0,1,1,0,0,856
334,8.3805,3,3,4,1111,20000,4,26.485,58.627,2,10,0,0,1,1,0,856
335,8.3938,2,2,4,1111,20000,4,19.039,51.129,2,10,0,1,0,1,0,858
336,8.4188,3,3,4,1111,20000,4,22.010,60.683,2,10,0,1,1,0,0,861
337,8.4403,3,3,4,1111,20000,4,22.169,54.313,2,10,0,0,1,1,0,864
338,8.4546,2,2,4,1111,20000,4,15.732,47.843,1,10,0,1,0,0,0,866
339,8.4833,3,3,4,1111,20000,4,22.444,61.170,2,10,0,1,1,0,0,869
340,8.5047,3,3,4,1111,20000,4,22.480,54.640,0,10,0,0,0,0,0,872
341,8.5192,2,2,4,1111,20000,4,16.200,48.365,1,10,0,1,0,0,0,874
342,8.5620,3,3,4,1111,20000,4,37.015,75.829,1,10,0,1,0,0,0,879
343,8.5714,3,3,4,1111,20000,4,25.060,57.198,1,10,0,0,0,1,0,880
344,8.5828,2,2,4,1111,20000,4,15.783,47.901,1,10,0,0,0,1,0,882
345,8.6109,3,3,4,1111,20000,4,21.907,60.668,0,10,0,0,0,0,0,885
346,8.6323,3,3,4,1111,20000,4,21.910,54.038,1,10,0,0,0,1,0,888
347,8.6467,2,2,4,1111,20000,4,15.646,47.757,1,10,0,1,0,0,0,890
348,8.6748,3,3,4,1111,20000,4,21.748,60.508,1,10,0,1,0,0,0,893
349,8.6969,3,3,4,1111,20000,4,22.421,54.557,0,10,0,0,0,0,0,896
350,8.7113,2,2,4,1111,20000,4,16.135,48.312,1,10,0,1,0,0,0,898
351,8.7625,3,3,4,1111,20000,4,45.360,84.211,2,11,0,1,1,0,0,904
352,8.7636,3,3,4,1111,20000,4,24.993,57.149,1,11,0,0,1,0,0,904
353,8.7772,2,2,4,1111,20000,4,17.981,50.062,1,11,0,1,0,0,0,906
354,8.8032,3,3,4,1111,20000,4,22.093,60.910,2,11,0,1,1,0,0,909
355,8.8249,3,3,4,1111,20000,4,22.292,54.461,1,11,0,0,1,0,0,911
356,8.8392,2,2,4,1111,20000,4,15.923,48.068,2,11,0,1,0,1,0,912
357,8.8609,2,2,4,1111,20000,4,15.730,47.872,2,11,0,1,1,0,0,914
358,8.8825,2,2,4,1111,20000,4,15.744,47.885,1,11,0,0,1,0,0,917
359,8.9033,2,2,4,1111,20000,4,15.916,48.039,1,11,0,1,0,0,0,920
360,8.9669,3,3,4,1111,20000,4,57.607,96.478,2,11,0,1,1,0,0,928
361,8.9680,3,3,4,1111,20000,4,37.214,69.370,1,11,0,0,1,0,0,928
362,8.9987,2,2,4,1111,20000,4,47.316,79.432,1,11,0,1,0,0,0,932
363,9.0000,3,3,4,1111,20000,4,26.679,65.577,2,11,0,1,1,0,0,932
364,9.0250,3,3,4,1111,20000,4,30.091,62.236,2,11,0,0,1,1,0,934
365,9.0329,2,2,4,1111,20000,4,17.395,49.525,2,11,0,1,0,1,0,936
366,9.0597,3,3,4,1111,20000,4,22.314,61.207,2,11,0,1,1,0,0,939
367,9.0813,3,3,4,1111,20000,4,22.325,54.495,2,11,0,0,1,1,0,942
368,9.0956,2,2,4,1111,20000,4,16.011,48.127,1,11,0,1,0,0,0,944
369,9.1564,3,3,4,1111,20000,4,54.944,93.888,2,11,0,1,1,0,0,950
370,9.1576,3,3,4,1111,20000,4,34.457,66.707,2,11,0,0,1,1,0,950
371,9.1814,2,2,4,1111,20000,4,37.760,69.925,2,11,0,1,0,1,0,953
372,9.1938,3,3,4,1111,20000,4,28.276,67.170,2,11,0,1,1,0,0,954
373,9.2024,2,2,4,1111,20000,4,16.766,43.754,1,11,0,0,1,0,0,955
374,9.2165,1,1,4,1111,20000,4,8.865,40.994,1,11,0,1,0,0,0,956
375,9.2518,3,3,4,1111,20000,4,22.265,61.174,2,11,0,1,1,0,0,961
376,9.2734,3,3,4,1111,20000,4,22.188,54.347,2,11,0,0,1,1,0,964
377,9.2877,2,2,4,1111,20000,4,15.932,48.093,2,11,0,1,0,1,0,966
378,9.3160,3,3,4,1111,20000,4,22.370,61.340,2,11,0,1,1,0,0,969
379,9.3673,3,3,4,1111,20000,4,51.932,84.103,2,11,0,0,1,1,0,975
380,9.3681,2,2,4,1111,20000,4,32.206,64.365,2,11,0,1,0,1,0,976
381,9.4049,3,3,4,1111,20000,4,47.195,86.171,2,11,0,1,1,0,0,979
382,9.4062,3,3,4,1111,20000,4,26.811,58.957,2,11,0,0,1,1,0,979
383,9.4301,3,3,4,1111,20000,4,22.142,62.384,1,11,0,1,0,0,0,981
384,9.4586,3,3,4,1111,20000,4,22.115,69.031,2,11,0,0,1,1,0,983
385,9.4728,1,1,4,1111,20000,4,8.885,29.445,1,11,0,0,0,1,0,984
386,9.5019,2,2,4,1111,20000,4,16.117,55.140,1,11,0,1,0,0,0,988
387,9.5547,3,3,4,1111,20000,4,47.122,79.286,2,11,0,0,1,1,0,995
388,9.5555,2,2,4,1111,20000,4,27.447,59.604,2,11,0,1,0,1,0,995
389,9.5979,3,3,4,1111,20000,4,48.073,87.077,1,11,0,0,1,0,0,1000
390,9.5991,3,3,4,1111,20000,4,27.405,59.552,2,11,0,0,1,1,0,1000
391,9.6156,2,2,4,1111,20000,4,23.507,55.614,1,11,0,0,0,1,0,1003
392,9.6360,3,3,4,1111,20000,4,22.171,61.145,1,11,0,0,1,0,0,1005
393,9.6579,3,3,4,1111,20000,4,22.148,54.339,2,11,0,0,1,1,0,1008
394,9.6719,2,2,4,1111,20000,4,15.782,47.898,1,11,0,0,0,1,0,1010
395,9.7000,3,3,4,1111,20000,4,22.082,61.123,1,11,0,0,1,0,0,1013
396,9.7221,3,3,4,1111,20000,4,22.286,54.445,2,11,0,0,1,1,0,1016
397,9.7360,2,2,4,1111,20000,4,15.837,47.946,1,11,0,0,0,1,0,1018
398,9.7748,3,3,4,1111,20000,4,32.787,71.811,1,11,0,0,1,0,0,1023
399,9.7863,3,3,4,1111,20000,4,22.369,54.483,2,11,0,0,1,1,0,1024
400,9.8004,2,2,4,1111,20000,4,16.111,48.264,1,11,0,0,0,1,0,1026
401,9.8282,3,3,4,1111,20000,4,22.120,61.192,1,11,0,0,1,0,0,1029
402,9.8500,3,3,4,1111,20000,4,22.036,54.177,2,11,0,0,1,1,0,1032
403,9.8640,2,2,4,1111,20000,4,15.665,47.757,1,11,0,0,0,1,0,1034
404,9.8924,3,3,4,1111,20000,4,22.296,61.371,1,11,0,0,1,0,0,1037
405,9.9320,3,3,4,1111,20000,4,39.864,72.080,2,11,0,0,1,1,0,1042
406,9.9611,2,2,4,1111,20000,4,48.722,80.820,1,11,0,0,0,1,0,1046
407,9.9622,3,3,4,1111,20000,4,27.946,67.080,1,11,0,0,1,0,0,1046
408,9.9874,3,3,4,1111,20000,4,31.225,63.110,2,11,0,0,1,1,0,1048
409,9.9943,2,2,4,1111,20000,4,17.837,49.961,1,11,0,0,0,1,0,1050
410,10.0204,3,3,4,1111,20000,4,22.120,61.247,1,11,0,0,1,0,0,1053
411,10.0424,3,3,4,1111,20000,4,22.133,54.282,1,11,0,0,1,0,0,1056
412,10.0565,2,2,4,1111,20000,4,15.935,48.042,1,11,0,0,0,1,0,1058
413,10.0847,3,3,4,1111,20000,4,22.354,61.551,1,11,0,0,1,0,0,1061
414,10.1067,3,3,4,1111,20000,4,22.364,54.520,2,11,0,0,1,1,0,1064
415,10.1356,2,2,4,1111,20000,4,30.933,63.110,0,11,0,0,0,0,0,1067
416,10.1733,3,3,4,1111,20000,4,46.975,86.125,1,11,0,0,1,0,0,1072
417,10.1744,3,3,4,1111,20000,4,25.959,58.098,1,11,0,0,1,0,0,1072
418,10.1877,2,2,4,1111,20000,4,19.062,51.164,0,11,0,0,0,0,0,1074
419,10.2124,3,3,4,1111,20000,4,22.034,61.201,1,11,0,0,1,0,0,1077
420,10.2344,3,3,4,1111,20000,4,21.962,54.081,1,11,0,0,1,0,0,1079
421,10.2484,2,2,4,1111,20000,4,15.695,47.799,0,11,0,0,0,0,0,1080
422,10.2703,2,2,4,1111,20000,4,15.790,47.926,1,11,0,0,1,0,0,1082
423,10.2927,2,2,4,1111,20000,4,16.052,48.226,1,11,0,0,1,0,0,1085
424,10.3131,2,2,4,1111,20000,4,16.239,48.409,1,12,0,0,0,1,0,1088
425,10.3809,3,3,4,1111,20000,4,62.270,101.578,3,14,0,2,1,0,0,1096
426,10.3906,3,3,4,1111,20000,4,49.835,82.019,1,14,0,0,1,0,0,1097
427,10.4144,3,3,4,1111,20000,4,45.066,85.640,2,14,0,2,0,0,0,1100
428,10.4152,2,2,4,1111,20000,4,24.167,64.750,3,14,0,2,1,0,0,1101
429,10.4489,4,4,4,1111,20000,4,34.041,76.284,3,14,0,2,1,0,0,1105
430,10.4631,3,3,4,1111,20000,4,26.295,58.430,1,14,0,0,1,0,0,1106
431,10.4731,2,2,4,1111,20000,4,16.067,48.231,2,14,0,2,0,0,0,1108
432,10.5010,3,3,4,1111,20000,4,22.288,61.528,3,14,0,2,1,0,0,1111
433,10.5232,3,3,4,1111,20000,4,22.336,54.502,2,15,0,0,1,1,0,1114
434,10.5372,2,2,4,1111,20000,4,16.098,48.288,3,15,0,2,0,1,0,1116
435,10.5950,3,3,4,1111,20000,4,52.210,91.539,2,15,0,2,0,0,0,1121
436,10.5960,3,3,4,1111,20000,4,28.414,63.197,1,15,0,0,0,1,0,1121
437,10.6097,2,2,4,1111,20000,4,16.144,56.741,2,15,0,2,0,0,0,1123
438,10.6309,2,2,4,1111,20000,4,15.691,56.274,2,15,0,2,0,0,0,1125
439,10.6609,3,3,4,1111,20000,4,22.077,61.330,2,15,0,2,0,0,0,1128
440,10.6834,3,3,4,1111,20000,4,22.259,54.421,1,15,0,0,0,1,0,1132
441,10.7151,3,3,4,1111,20000,4,25.471,66.078,3,15,0,2,0,1,0,1136
442,10.7285,2,2,4,1111,20000,4,16.953,57.756,1,15,0,1,0,0,0,1138
443,10.7849,4,4,4,1111,20000,4,49.988,91.734,3,15,0,1,1,1,0,1144
444,10.7859,3,3,4,1111,20000,4,28.668,60.799,2,15,0,0,1,1,0,1144
445,10.8080,3,3,4,1111,20000,4,22.180,62.830,2,15,0,1,0,1,0,1147
446,10.8233,2,2,4,1111,20000,4,15.877,56.415,2,16,0,1,1,0,0,1148
447,10.8546,3,3,4,1111,20000,4,22.275,65.380,3,16,0,0,2,1,0,1150
448,10.8683,2,2,4,1111,20000,4,15.907,47.062,1,16,0,0,0,1,0,1151
449,10.8823,1,1,4,1111,20000,4,8.851,29.003,1,16,0,0,0,1,0,1152
450,10.9111,2,2,4,1111,20000,4,16.090,55.413,1,16,0,1,0,0,0,1156
451,10.9647,3,3,4,1111,20000,4,47.192,79.412,3,16,0,0,2,1,0,1163
452,10.9839,3,3,4,1111,20000,4,37.954,78.591,2,16,0,1,0,1,0,1166
453,10.9875,2,2,4,1111,20000,4,19.905,60.539,4,16,0,2,2,0,0,1166
454,11.0250,4,4,4,1111,20000,4,33.886,75.601,4,16,0,1,2,1,0,1171
455,11.0367,3,3,4,1111,20000,4,23.092,55.245,3,16,0,0,2,1,0,1172
456,11.0644,3,3,4,1111,20000,4,22.341,62.973,3,16,0,2,0,1,0,1175
457,11.0794,2,2,4,1111,20000,4,15.871,56.356,3,16,0,1,2,0,0,1177
458,11.1204,4,4,4,1111,20000,4,33.236,74.885,5,16,0,2,2,1,0,1183
459,11.1540,3,3,4,1111,20000,4,44.237,76.459,3,16,0,0,2,1,0,1187
460,11.1741,3,3,4,1111,20000,4,35.815,76.541,3,16,0,2,0,1,0,1189
461,11.1800,2,2,4,1111,20000,4,20.233,60.820,3,16,0,1,2,0,0,1190
462,11.2167,4,4,4,1111,20000,4,33.431,75.065,3,16,0,1,1,1,0,1195
463,11.2287,3,3,4,1111,20000,4,22.909,55.049,3,16,0,0,2,1,0,1196
464,11.2564,3,3,4,1111,20000,4,22.195,62.808,2,16,0,1,0,1,0,1199
465,11.2716,2,2,4,1111,20000,4,15.917,56.368,2,16,0,1,1,0,0,1201
466,11.3126,4,4,4,1111,20000,4,33.277,74.857,3,16,0,1,1,1,0,1207
467,11.3248,3,3,4,1111,20000,4,22.797,54.959,2,16,0,0,1,1,0,1208
468,11.4027,3,3,4,1111,20000,4,72.221,112.979,2,16,0,1,0,1,0,1218
469,11.4049,2,2,4,1111,20000,4,53.088,93.576,2,16,0,1,1,0,0,1218
470,11.4344,4,4,4,1111,20000,4,58.939,100.414,2,16,0,1,0,1,0,1222
471,11.4355,3,3,4,1111,20000,4,37.351,69.527,2,16,0,0,1,1,0,1222
472,11.4615,3,3,4,1111,20000,4,34.926,75.586,2,16,0,1,0,1,0,1224
473,11.4672,2,2,4,1111,20000,4,19.163,59.755,2,16,0,1,1,0,0,1226
474,11.5052,4,4,4,1111,20000,4,33.681,75.211,3,16,0,2,0,1,0,1231
475,11.5175,3,3,4,1111,20000,4,23.247,55.376,3,17,1,0,1,1,0,1232
476,11.5667,3,3,4,1111,20000,4,44.048,84.733,4,17,1,2,0,1,0,1238
477,11.5809,2,2,4,1111,20000,4,36.965,77.437,2,17,0,2,0,0,0,1240
478,11.6130,4,4,4,1111,20000,4,45.332,86.829,3,17,1,1,0,1,0,1244
479,11.6141,3,3,4,1111,20000,4,26.308,55.889,2,17,1,0,0,1,0,1244
480,11.6284,2,2,4,1111,20000,4,18.239,50.389,2,17,0,1,0,1,0,1245
481,11.6541,3,3,4,1111,20000,4,23.228,61.892,4,17,1,2,1,0,0,1247
482,11.6601,1,1,4,1111,20000,4,9.162,37.817,1,17,0,0,0,1,0,1248
483,11.6883,2,2,4,1111,20000,4,15.989,56.680,2,17,0,2,0,0,0,1252
484,11.7180,3,3,4,1111,20000,4,22.192,63.656,2,17,0,2,0,0,0,1254
485,11.7380,3,3,4,1111,20000,4,22.104,51.619,1,17,1,0,0,0,0,1257
486,11.7515,1,1,4,1111,20000,4,13.191,45.278,2,17,0,2,0,0,0,1259
487,11.7979,4,4,4,1111,20000,4,38.066,79.432,2,17,1,1,0,0,0,1265
488,11.8067,3,3,4,1111,20000,4,26.770,56.217,1,17,1,0,0,0,0,1266
489,11.8125,1,1,4,1111,20000,4,10.093,42.254,1,17,0,1,0,0,0,1266
490,11.8615,4,4,4,1111,20000,4,37.662,79.042,3,17,1,2,0,0,0,1273
491,11.8708,3,3,4,1111,20000,4,26.885,56.298,1,17,1,0,0,0,0,1274
492,11.8764,1,1,4,1111,20000,4,9.942,42.077,2,17,0,2,0,0,0,1274
493,11.9253,4,4,4,1111,20000,4,37.389,78.683,2,17,1,1,0,0,0,1281
494,11.9347,3,3,4,1111,20000,4,26.728,56.060,1,17,1,0,0,0,0,1282
495,11.9404,1,1,4,1111,20000,4,9.876,42.046,1,17,0,1,0,0,0,1282
496,11.9900,4,4,4,1111,20000,4,37.979,79.343,3,17,1,2,0,0,0,1288
497,11.9994,3,3,4,1111,20000,4,27.284,56.718,1,17,1,0,0,0,0,1289
498,12.0047,1,1,4,1111,20000,4,10.128,42.232,1,17,0,1,0,0,0,1289
499,12.0382,3,3,4,1111,20000,4,22.147,61.742,2,17,1,1,0,0,0,1292
500,12.0520,2,2,4,1111,20000,4,15.790,43.492,1,17,1,0,0,0,0,1295
501,12.0675,1,1,4,1111,20000,4,8.893,41.036,1,17,0,1,0,0,0,1296
502,12.1176,4,4,4,1111,20000,4,37.562,78.778,3,17,1,2,0,0,0,1303
503,12.1272,3,3,4,1111,20000,4,27.017,56.290,1,17,1,0,0,0,0,1304
504,12.1388,1,1,4,1111,20000,4,15.979,48.267,2,17,0,2,0,0,0,1306
505,12.1830,4,4,4,1111,20000,4,38.847,80.098,3,17,1,2,0,0,0,1311
506,12.1935,3,3,4,1111,20000,4,29.211,58.514,1,17,1,0,0,0,0,1312
507,12.1978,1,1,4,1111,20000,4,11.013,43.128,2,17,0,2,0,0,0,1312
508,12.2456,4,4,4,1111,20000,4,37.398,78.593,2,17,1,1,0,0,0,1317
509,12.2534,3,3,4,1111,20000,4,25.099,54.353,1,17,1,0,0,0,0,1317
510,12.2730,2,2,4,1111,20000,4,16.055,41.855,1,17,1,0,0,0,0,1319
511,12.3070,2,2,4,1111,20000,4,15.719,43.886,1,17,1,0,0,0,0,1323
512,12.3241,1,1,4,1111,20000,4,9.111,41.319,1,17,0,1,0,0,0,1324
513,12.4081,4,4,4,1111,20000,4,71.614,112.875,3,18,1,1,1,0,0,1335
514,12.4092,3,3,4,1111,20000,4,52.674,81.989,1,18,1,0,0,0,0,1335
515,12.4206,1,1,4,1111,20000,4,41.597,73.730,2,18,0,2,0,0,0,1336
516,12.4533,4,4,4,1111,20000,4,52.914,94.023,4,18,1,2,1,0,0,1340
517,12.4557,3,3,4,1111,20000,4,35.248,64.416,1,18,0,0,1,0,0,1341
518,12.4615,1,1,4,1111,20000,4,18.504,50.621,1,18,0,1,0,0,0,1342
519,12.5013,4,4,4,1111,20000,4,36.808,77.923,4,18,1,2,1,0,0,1347
520,12.5104,3,3,4,1111,20000,4,25.858,55.024,2,18,1,0,1,0,0,1348
521,12.5168,1,1,4,1111,20000,4,9.697,41.892,2,18,0,2,0,0,0,1348
522,12.5932,4,4,4,1111,20000,4,64.708,105.814,3,18,1,1,1,0,0,1359
523,12.5959,3,3,4,1111,20000,4,47.228,76.417,2,18,1,0,1,0,0,1359
524,12.6098,1,1,4,1111,20000,4,38.596,70.710,1,18,0,1,0,0,0,1360
525,12.6378,4,4,4,1111,20000,4,45.649,86.246,3,18,1,1,1,0,0,1364
526,12.6383,2,2,4,1111,20000,4,26.043,54.692,1,18,1,0,0,0,0,1364
527,12.6520,2,2,4,1111,20000,4,19.018,59.577,2,18,0,1,1,0,0,1366
528,12.6944,4,4,4,1111,20000,4,37.808,78.834,3,18,1,1,1,0,0,1371
529,12.7037,3,3,4,1111,20000,4,26.915,55.990,2,18,1,0,1,0,0,1372
530,12.7092,1,1,4,1111,20000,4,9.856,42.032,1,18,0,1,0,0,0,1372
531,12.7855,4,4,4,1111,20000,4,64.783,105.843,3,18,1,1,1,0,0,1383
532,12.7868,3,3,4,1111,20000,4,45.961,75.034,2,18,1,0,1,0,0,1383
533,12.7986,1,1,4,1111,20000,4,35.299,67.398,1,18,0,1,0,0,0,1384
534,12.8310,4,4,4,1111,20000,4,46.284,87.231,3,18,1,1,1,0,0,1388
535,12.8338,3,3,4,1111,20000,4,28.930,57.968,2,18,1,0,1,0,0,1388
536,12.8397,1,1,4,1111,20000,4,12.261,44.405,1,18,0,1,0,0,0,1388
537,12.8869,4,4,4,1111,20000,4,38.112,79.056,3,18,1,1,1,0,0,1395
538,12.8960,3,3,4,1111,20000,4,27.065,56.063,2,18,1,0,1,0,0,1396
539,12.9012,1,1,4,1111,20000,4,9.697,41.832,1,18,0,1,0,0,0,1396
540,12.9509,4,4,4,1111,20000,4,38.063,78.980,4,19,1,1,2,0,0,1403
541,12.9688,3,3,4,1111,20000,4,35.814,64.781,3,19,1,0,2,0,0,1405
542,12.9691,1,1,4,1111,20000,4,13.504,45.656,1,19,0,1,0,0,0,1405
543,13.0145,4,4,4,1111,20000,4,37.546,78.425,3,19,1,1,1,0,0,1411
544,13.0240,3,3,4,1111,20000,4,26.980,55.894,3,19,1,0,2,0,0,1412
545,13.0295,1,1,4,1111,20000,4,9.846,41.966,1,19,0,1,0,0,0,1412
546,13.0807,4,4,4,1111,20000,4,39.940,80.554,4,19,1,1,2,0,0,1417
547,13.0814,2,2,4,1111,20000,4,20.553,49.221,2,19,0,0,2,0,0,1417
548,13.0926,1,1,4,1111,20000,4,8.930,41.058,1,19,0,1,0,0,0,1418
549,13.1271,3,3,4,1111,20000,4,22.081,62.894,4,19,0,2,2,0,0,1422
550,13.1471,3,3,4,1111,20000,4,22.009,50.877,3,19,1,0,2,0,0,1425
551,13.1610,1,1,4,1111,20000,4,13.251,45.404,2,19,0,2,0,0,0,1427
552,13.2072,4,4,4,1111,20000,4,38.128,78.934,5,19,1,2,2,0,0,1433
553,13.2162,3,3,4,1111,20000,4,27.061,55.889,3,19,1,0,2,0,0,1434
554,13.2215,1,1,4,1111,20000,4,9.663,41.799,2,19,0,2,0,0,0,1434
555,13.2714,4,4,4,1111,20000,4,38.342,79.072,3,19,1,1,1,0,0,1441
556,13.2802,3,3,4,1111,20000,4,26.958,55.746,3,19,1,0,2,0,0,1442
557,13.2855,1,1,4,1111,20000,4,9.648,41.773,2,19,0,2,0,0,0,1442
558,13.3608,4,4,4,1111,20000,4,63.641,104.298,4,19,1,2,1,0,0,1452
559,13.3632,3,3,4,1111,20000,4,45.888,74.663,3,19,1,0,2,0,0,1453
560,13.3660,1,1,4,1111,20000,4,26.096,58.215,2,19,0,2,0,0,0,1453
561,13.4224,4,4,4,1111,20000,4,60.970,101.850,5,19,1,2,2,0,0,1458
562,13.4250,3,3,4,1111,20000,4,43.424,72.365,3,19,1,0,2,0,0,1458
563,13.4358,1,1,4,1111,20000,4,31.775,63.928,1,19,0,1,0,0,0,1459
564,13.4493,3,3,4,1111,20000,4,23.960,63.937,5,19,1,2,2,0,0,1461
565,13.4610,2,2,4,1111,20000,4,15.586,43.627,2,19,1,0,1,0,0,1463
566,13.4769,1,1,4,1111,20000,4,8.836,40.973,2,19,0,2,0,0,0,1464
567,13.5299,4,4,4,1111,20000,4,40.564,81.217,5,19,1,2,2,0,0,1471
568,13.5416,3,3,4,1111,20000,4,32.081,60.849,3,19,1,0,2,0,0,1472
569,13.5486,1,1,4,1111,20000,4,16.401,48.552,2,19,0,2,0,0,0,1474
570,13.5992,4,4,4,1111,20000,4,45.665,86.335,5,19,1,2,2,0,0,1480
571,13.6014,3,3,4,1111,20000,4,27.843,56.581,3,19,1,0,2,0,0,1480
572,13.6077,1,1,4,1111,20000,4,11.520,43.624,2,19,0,2,0,0,0,1480
573,13.6582,4,4,4,1111,20000,4,40.741,81.247,5,19,1,2,2,0,0,1485
574,13.6660,3,3,4,1111,20000,4,28.470,57.087,3,19,1,0,2,0,0,1485
575,13.6820,2,2,4,1111,20000,4,15.727,40.979,1,19,1,0,0,0,0,1487
576,13.7170,2,2,4,1111,20000,4,16.162,43.998,1,19,1,0,0,0,0,1491
577,13.7370,1,1,4,1111,20000,4,12.623,44.815,2,19,0,2,0,0,0,1492
578,13.7843,4,4,4,1111,20000,4,38.624,79.190,5,19,1,2,2,0,0,1499
579,13.7948,3,3,4,1111,20000,4,29.110,57.699,3,19,1,0,2,0,0,1500
580,13.7997,1,1,4,1111,20000,4,11.315,43.442,2,19,0,2,0,0,0,1500
581,13.8476,4,4,4,1111,20000,4,37.883,78.399,5,19,1,2,2,0,0,1507
582,13.8568,3,3,4,1111,20000,4,27.026,55.621,3,19,1,0,2,0,0,1508
583,13.8621,1,1,4,1111,20000,4,9.676,41.786,2,19,0,2,0,0,0,1508
584,13.9113,4,4,4,1111,20000,4,37.563,78.042,6,20,1,3,2,0,0,1515
585,13.9207,3,3,4,1111,20000,4,26.936,55.468,3,20,1,0,2,0,0,1516
586,13.9264,1,1,4,1111,20000,4,9.873,42.050,3,20,0,3,0,0,0,1516
587,13.9885,4,4,4,1111,20000,4,50.649,91.168,6,20,1,3,2,0,0,1524
588,13.9911,3,3,4,1111,20000,4,33.165,61.734,3,20,1,0,2,0,0,1524
589,13.9968,1,1,4,1111,20000,4,16.182,48.276,3,20,0,3,0,0,0,1526
590,14.0403,4,4,4,1111,20000,4,38.445,78.924,5,20,1,3,1,0,0,1531
591,14.0493,3,3,4,1111,20000,4,27.334,55.865,3,20,1,0,2,0,0,1532
592,14.0547,1,1,4,1111,20000,4,10.055,42.174,3,20,0,3,0,0,0,1532
593,14.1039,4,4,4,1111,20000,4,37.963,78.405,5,20,1,3,1,0,0,1539
594,14.1130,3,3,4,1111,20000,4,27.023,55.520,2,20,1,0,1,0,0,1540
595,14.1183,1,1,4,1111,20000,4,9.547,41.684,3,20,0,3,0,0,0,1540
596,14.1674,4,4,4,1111,20000,4,37.442,77.825,5,20,1,3,1,0,0,1547
597,14.1768,3,3,4,1111,20000,4,26.704,55.154,3,20,1,0,2,0,0,1548
598,14.1824,1,1,4,1111,20000,4,9.645,41.752,3,20,0,3,0,0,0,1548
599,14.2421,4,4,4,1111,20000,4,48.066,88.418,5,20,1,3,1,0,0,1556
600,14.2448,3,3,4,1111,20000,4,30.671,59.080,3,20,1,0,2,0,0,1556
601,14.2500,1,1,4,1111,20000,4,13.172,45.274,3,20,0,3,0,0,0,1558
602,14.2955,4,4,4,1111,20000,4,37.455,77.783,5,20,1,3,1,0,0,1563
603,14.3052,3,3,4,1111,20000,4,26.982,55.376,3,20,1,0,2,0,0,1564
604,14.3107,1,1,4,1111,20000,4,9.803,41.921,3,20,0,3,0,0,0,1564
605,14.3865,4,4,4,1111,20000,4,64.334,104.695,6,20,1,3,2,0,0,1575
606,14.3881,3,3,4,1111,20000,4,45.779,74.246,3,20,1,0,2,0,0,1575
607,14.3949,1,1,4,1111,20000,4,29.817,61.999,3,20,0,3,0,0,0,1575
608,14.4322,4,4,4,1111,20000,4,46.015,86.270,6,20,1,3,2,0,0,1580
609,14.4351,3,3,4,1111,20000,4,28.821,57.126,3,20,1,0,2,0,0,1580
610,14.4408,1,1,4,1111,20000,4,11.753,43.872,3,20,0,3,0,0,0,1580
611,14.4899,4,4,4,1111,20000,4,39.603,79.902,5,20,1,3,1,0,0,1585
612,14.4905,2,2,4,1111,20000,4,20.124,48.496,0,20,0,0,0,0,0,1585
613,14.5020,1,1,4,1111,20000,4,8.832,40.975,3,20,0,3,0,0,0,1586
614,14.5464,3,3,4,1111,20000,4,31.984,72.272,3,20,0,2,1,0,0,1592
615,14.5569,3,3,4,1111,20000,4,22.369,50.759,1,20,1,0,0,0,0,1593
616,14.5752,1,1,4,1111,20000,4,17.486,50.090,3,20,0,3,0,0,0,1596
617,14.6167,4,4,4,1111,20000,4,38.324,78.555,5,20,1,3,1,0,0,1601
618,14.6262,3,3,4,1111,20000,4,27.716,56.005,1,20,1,0,0,0,0,1602
619,14.6314,1,1,4,1111,20000,4,10.188,42.317,3,20,0,3,0,0,0,1602
620,14.6909,4,4,4,1111,20000,4,48.408,88.687,5,20,1,3,1,0,0,1610
621,14.6938,3,3,4,1111,20000,4,31.228,59.602,1,20,1,0,0,0,0,1610
622,14.6995,1,1,4,1111,20000,4,14.202,46.311,3,20,0,3,0,0,0,1612
623,14.7436,4,4,4,1111,20000,4,37.094,77.387,3,20,1,2,0,0,0,1617
624,14.7738,3,3,4,1111,20000,4,47.075,75.548,2,20,1,0,1,0,0,1621
625,14.7741,1,1,4,1111,20000,4,24.634,56.791,3,20,0,3,0,0,0,1621
626,14.8080,4,4,4,1111,20000,4,37.388,77.718,4,20,1,3,0,0,0,1624
627,14.8174,3,3,4,1111,20000,4,26.662,55.071,1,20,1,0,0,0,0,1625
628,14.8232,1,1,4,1111,20000,4,9.705,41.845,3,20,0,3,0,0,0,1625
629,14.8568,3,3,4,1111,20000,4,22.219,62.539,4,20,1,3,0,0,0,1628
630,14.8704,2,2,4,1111,20000,4,15.688,44.076,1,20,1,0,0,0,0,1631
631,14.8863,1,1,4,1111,20000,4,8.777,40.922,3,20,0,3,0,0,0,1632
632,14.9362,4,4,4,1111,20000,4,37.516,77.856,5,20,1,3,1,0,0,1639
633,14.9459,3,3,4,1111,20000,4,27.082,55.518,2,20,1,0,1,0,0,1640
634,14.9537,1,1,4,1111,20000,4,12.073,44.271,3,20,0,3,0,0,0,1640
635,15.0087,4,4,4,1111,20000,4,45.852,86.263,5,20,1,3,1,0,0,1648
636,15.0121,3,3,4,1111,20000,4,29.206,57.671,2,20,1,0,1,0,0,1648
637,15.0179,1,1,4,1111,20000,4,12.271,44.423,3,20,0,3,0,0,0,1648
638,15.0643,4,4,4,1111,20000,4,37.564,77.896,4,20,1,3,0,0,0,1653
639,15.0724,3,3,4,1111,20000,4,25.488,53.911,1,20,1,0,0,0,0,1653
640,15.0914,2,2,4,1111,20000,4,15.938,40.942,1,20,1,0,0,0,0,1655
641,15.1261,2,2,4,1111,20000,4,15.843,43.532,1,20,1,0,0,0,0,1659
642,15.1428,1,1,4,1111,20000,4,9.019,41.179,3,20,0,3,0,0,0,1660
643,15.2092,4,4,4,1111,20000,4,54.183,94.662,5,20,1,3,1,0,0,1668
644,15.2118,3,3,4,1111,20000,4,36.669,65.212,2,20,1,0,1,0,0,1670
645,15.2174,1,1,4,1111,20000,4,19.522,51.614,3,20,0,3,0,0,0,1670
646,15.2564,4,4,4,1111,20000,4,37.469,77.886,5,20,1,3,1,0,0,1675
647,15.2657,3,3,4,1111,20000,4,26.627,55.140,2,20,1,0,1,0,0,1676
648,15.2715,1,1,4,1111,20000,4,9.625,41.769,2,20,0,2,0,0,0,1676
649,15.3207,4,4,4,1111,20000,4,37.632,78.062,6,20,1,3,2,0,0,1683
650,15.3301,3,3,4,1111,20000,4,27.013,55.507,2,20,1,0,1,0,0,1684
651,15.3358,1,1,4,1111,20000,4,9.805,41.969,3,20,0,3,0,0,0,1684
652,15.4121,4,4,4,1111,20000,4,64.992,105.454,5,20,1,3,1,0,0,1695
653,15.4135,3,3,4,1111,20000,4,46.235,74.783,2,20,1,0,1,0,0,1695
654,15.4252,1,1,4,1111,20000,4,35.111,67.208,3,20,0,3,0,0,0,1696
655,15.4610,4,4,4,1111,20000,4,49.907,90.329,5,20,1,3,1,0,0,1700
656,15.4638,3,3,4,1111,20000,4,32.632,61.123,2,20,1,0,1,0,0,1700
657,15.4696,1,1,4,1111,20000,4,15.476,47.583,3,20,0,3,0,0,0,1702
658,15.5131,4,4,4,1111,20000,4,37.890,78.354,5,20,1,3,1,0,0,1707
659,15.5227,3,3,4,1111,20000,4,27.407,55.948,2,20,1,0,1,0,0,1708
660,15.5284,1,1,4,1111,20000,4,10.152,42.342,3,20,0,3,0,0,0,1708
661,15.5975,4,4,4,1111,20000,4,58.299,98.784,4,20,1,2,1,0,0,1718
662,15.6005,3,3,4,1111,20000,4,41.075,69.663,2,20,1,0,1,0,0,1718
663,15.6058,1,1,4,1111,20000,4,23.464,55.623,3,20,0,3,0,0,0,1719
664,15.6416,4,4,4,1111,20000,4,38.260,78.759,5,20,1,3,1,0,0,1723
665,15.6515,3,3,4,1111,20000,4,28.079,56.672,3,20,1,0,2,0,0,1724
666,15.6566,1,1,4,1111,20000,4,10.288,42.435,3,20,0,3,0,0,0,1724
667,15.7048,4,4,4,1111,20000,4,37.473,77.997,4,20,1,2,1,0,0,1731
668,15.7145,3,3,4,1111,20000,4,27.068,55.637,2,20,1,0,1,0,0,1732
669,15.7206,1,1,4,1111,20000,4,10.156,42.305,3,20,0,3,0,0,0,1732
670,15.7945,4,4,4,1111,20000,4,63.087,103.641,5,20,1,3,1,0,0,1742
671,15.7978,3,3,4,1111,20000,4,46.250,74.909,3,20,1,0,2,0,0,1743
672,15.8097,1,1,4,1111,20000,4,35.233,67.378,3,20,0,3,0,0,0,1744
673,15.8427,4,4,4,1111,20000,4,47.179,87.741,5,20,0,3,2,0,0,1748
674,15.8453,3,3,4,1111,20000,4,29.476,58.373,2,20,0,0,2,0,0,1748
675,15.8509,1,1,4,1111,20000,4,12.437,44.547,3,20,0,3,0,0,0,1748
676,15.8999,4,4,4,1111,20000,4,40.284,80.873,5,20,1,2,2,0,0,1753
677,15.9006,2,2,4,1111,20000,4,20.928,48.691,2,20,0,0,2,0,0,1753
678,15.9114,1,1,4,1111,20000,4,8.792,40.922,3,20,0,3,0,0,0,1754
679,15.9461,3,3,4,1111,20000,4,22.437,62.136,4,20,0,3,1,0,0,1758
680,15.9898,3,3,4,1111,20000,4,46.022,74.727,1,20,0,0,1,0,0,1765
681,15.9901,1,1,4,1111,20000,4,23.442,55.593,3,20,0,3,0,0,0,1765
682,16.0331,4,4,4,1111,20000,4,45.427,86.008,5,20,0,3,2,0,0,1770
683,16.0346,3,3,4,1111,20000,4,26.825,55.510,1,20,0,0,1,0,0,1770
684,16.0415,1,1,4,1111,20000,4,10.833,42.936,3,20,0,3,0,0,0,1770
685,16.0895,4,4,4,1111,20000,4,37.860,78.438,4,20,0,3,1,0,0,1777
686,16.0989,3,3,4,1111,20000,4,27.095,55.751,1,20,0,0,1,0,0,1778
687,16.1047,1,1,4,1111,20000,4,9.870,42.022,3,20,0,3,0,0,0,1778
688,16.1531,4,4,4,1111,20000,4,37.340,77.988,7,23,3,3,1,0,0,1785
689,16.1759,3,3,4,1111,20000,4,40.046,68.699,4,23,3,0,1,0,0,1788
690,16.1860,1,1,4,1111,20000,4,27.120,59.267,3,23,0,3,0,0,0,1789
691,16.2321,4,4,4,1111,20000,4,52.214,92.910,7,23,3,3,1,0,0,1793
692,16.2344,3,3,4,1111,20000,4,34.319,63.133,4,23,3,0,1,0,0,1793
693,16.2397,1,1,4,1111,20000,4,16.850,48.971,3,23,0,3,0,0,0,1794
694,16.2661,3,3,4,1111,20000,4,22.317,62.902,8,23,3,3,2,0,0,1796
695,16.2797,2,2,4,1111,20000,4,15.792,44.454,4,23,2,0,2,0,0,1799
696,16.2959,1,1,4,1111,20000,4,8.954,41.088,3,23,0,3,0,0,0,1800
697,16.3454,4,4,4,1111,20000,4,37.465,78.101,7,23,2,3,2,0,0,1807
698,16.3560,3,3,4,1111,20000,4,27.993,56.722,3,23,2,0,1,0,0,1808
699,16.3690,1,1,4,1111,20000,4,17.836,50.038,3,23,0,3,0,0,0,1810
700,16.4327,4,4,4,1111,20000,4,60.664,101.422,8,23,3,3,2,0,0,1818
701,16.4357,3,3,4,1111,20000,4,43.424,72.299,4,23,3,0,1,0,0,1818
702,16.4415,1,1,4,1111,20000,4,26.403,58.532,2,23,0,2,0,0,0,1819
703,16.4854,4,4,4,1111,20000,4,49.273,89.998,4,23,1,2,1,0,0,1821
704,16.4864,3,3,4,1111,20000,4,30.237,59.053,3,23,2,0,1,0,0,1821
705,16.5009,2,2,4,1111,20000,4,16.086,41.463,2,23,2,0,0,0,0,1823
706,16.5358,2,2,4,1111,20000,4,16.122,44.398,2,23,2,0,0,0,0,1827
707,16.5524,1,1,4,1111,20000,4,9.145,41.307,3,23,0,3,0,0,0,1828
708,16.6152,4,4,4,1111,20000,4,51.025,91.771,6,23,2,3,1,0,0,1836
709,16.6183,3,3,4,1111,20000,4,33.961,62.779,5,23,3,0,2,0,0,1836
710,16.6233,1,1,4,1111,20000,4,15.970,48.081,3,23,0,3,0,0,0,1838
711,16.6657,4,4,4,1111,20000,4,37.469,78.227,7,23,3,3,1,0,0,1843
712,16.6751,3,3,4,1111,20000,4,26.747,55.582,2,23,1,0,1,0,0,1844
713,16.6811,1,1,4,1111,20000,4,9.749,41.875,3,23,0,3,0,0,0,1844
714,16.7299,4,4,4,1111,20000,4,37.576,78.361,7,23,3,3,1,0,0,1851
715,16.7395,3,3,4,1111,20000,4,27.064,55.933,4,23,3,0,1,0,0,1852
716,16.7451,1,1,4,1111,20000,4,9.621,41.764,3,23,0,3,0,0,0,1852
717,16.8065,4,4,4,1111,20000,4,50.150,90.910,5,23,2,3,0,0,0,1860
718,16.8093,3,3,4,1111,20000,4,32.849,61.703,2,23,2,0,0,0,0,1860
719,16.8148,1,1,4,1111,20000,4,15.290,47.380,1,23,0,1,0,0,0,1862
720,16.8581,4,4,4,1111,20000,4,37.695,78.492,7,23,2,3,2,0,0,1867
721,16.8660,3,3,4,1111,20000,4,25.481,54.356,3,23,2,0,1,0,0,1868
722,16.8794,2,2,4,1111,20000,4,15.812,47.975,5,23,2,3,0,0,0,1870
723,16.9065,3,3,4,1111,20000,4,22.032,61.280,4,23,0,3,1,0,0,1872
724,16.9301,3,3,4,1111,20000,4,22.333,54.450,2,23,2,0,0,0,0,1876
725,16.9889,3,3,4,1111,20000,4,52.673,93.371,3,23,2,1,0,0,0,1883
726,16.9897,2,2,4,1111,20000,4,32.807,73.354,3,23,0,3,0,0,0,1883
727,17.0330,4,4,4,1111,20000,4,52.371,93.190,5,23,2,2,1,0,0,1888
728,17.0341,3,3,4,1111,20000,4,30.129,62.306,3,23,2,0,1,0,0,1888
729,17.0546,3,3,4,1111,20000,4,22.403,62.986,5,23,2,3,0,0,0,1891
730,17.0691,2,2,4,1111,20000,4,16.040,56.589,2,23,0,2,0,0,0,1893
731,17.1098,4,4,4,1111,20000,4,33.207,74.018,6,23,2,3,1,0,0,1899
732,17.1225,3,3,4,1111,20000,4,22.613,54.713,4,23,2,0,2,0,0,1900
733,17.1680,3,3,4,1111,20000,4,39.525,80.240,4,23,2,2,0,0,0,1906
734,17.1901,2,2,4,1111,20000,4,40.990,81.572,5,23,0,3,2,0,0,1908
735,17.2119,4,4,4,1111,20000,4,39.134,80.057,4,23,2,2,0,0,0,1911
736,17.2206,3,3,4,1111,20000,4,24.614,56.723,4,23,2,0,2,0,0,1912
737,17.2465,3,3,4,1111,20000,4,22.122,62.685,5,23,2,3,0,0,0,1915
738,17.2609,2,2,4,1111,20000,4,15.714,56.215,4,23,0,3,1,0,0,1916
739,17.3085,4,4,4,1111,20000,4,39.692,80.614,6,23,2,3,1,0,0,1921
740,17.3098,2,2,4,1111,20000,4,20.927,48.047,1,23,0,0,1,0,0,1921
741,17.3211,1,1,4,1111,20000,4,9.040,41.194,3,23,0,3,0,0,0,1922
742,17.3939,3,3,4,1111,20000,4,60.946,100.091,4,23,0,3,1,0,0,1932
743,17.4103,3,3,4,1111,20000,4,54.167,86.333,3,23,2,0,1,0,0,1934
744,17.4353,3,3,4,1111,20000,4,50.639,91.337,5,23,2,3,0,0,0,1937
745,17.4360,2,2,4,1111,20000,4,30.665,71.214,3,23,0,1,2,0,0,1937
746,17.4820,4,4,4,1111,20000,4,53.099,94.020,7,23,2,3,2,0,0,1942
747,17.4833,3,3,4,1111,20000,4,31.062,63.249,4,23,2,0,2,0,0,1942
748,17.5029,3,3,4,1111,20000,4,22.254,62.854,5,23,2,3,0,0,0,1945
749,17.5173,2,2,4,1111,20000,4,15.868,56.377,4,23,0,3,1,0,0,1947
750,17.5585,4,4,4,1111,20000,4,33.441,74.429,7,23,2,3,2,0,0,1953
751,17.6057,3,3,4,1111,20000,4,57.436,89.606,5,23,3,0,2,0,0,1958
752,17.6071,3,3,4,1111,20000,4,30.287,70.916,5,23,3,2,0,0,0,1958
753,17.6217,2,2,4,1111,20000,4,24.176,64.645,5,23,0,3,2,0,0,1960
754,17.6525,4,4,4,1111,20000,4,31.878,72.390,7,23,2,3,2,0,0,1962
755,17.6609,2,2,4,1111,20000,4,16.643,48.795,3,23,1,0,2,0,0,1963
756,17.6887,2,2,4,1111,20000,4,15.857,56.426,5,23,2,3,0,0,0,1967
757,17.7094,2,2,4,1111,20000,4,15.891,56.345,5,23,0,3,2,0,0,1969
758,17.7510,4,4,4,1111,20000,4,33.831,74.839,5,23,2,2,1,0,0,1975
759,17.7628,3,3,4,1111,20000,4,22.474,54.598,5,23,3,0,2,0,0,1976
760,17.7765,2,2,4,1111,20000,4,15.983,48.174,6,23,3,3,0,0,0,1978
761,17.8069,3,3,4,1111,20000,4,25.584,64.454,3,23,0,3,0,0,0,1982
762,17.8266,3,3,4,1111,20000,4,22.222,54.350,3,23,3,0,0,0,0,1984
763,17.8405,2,2,4,1111,20000,4,15.907,48.077,6,23,3,3,0,0,0,1986
764,17.8675,3,3,4,1111,20000,4,22.135,60.974,4,23,0,3,1,0,0,1987
765,17.8876,3,3,4,1111,20000,4,22.089,51.265,4,23,3,0,1,0,0,1989
766,17.9099,2,2,4,1111,20000,4,15.792,41.553,3,23,3,0,0,0,0,1991
767,17.9295,1,1,4,1111,20000,4,8.818,29.146,3,23,3,0,0,0,0,1992
768,17.9571,2,2,4,1111,20000,4,15.714,54.483,3,23,0,3,0,0,0,1996
769,17.9962,3,3,4,1111,20000,4,31.688,63.855,5,23,3,0,2,0,0,2000
770,18.0037,2,2,4,1111,20000,4,18.938,51.090,5,23,3,2,0,0,0,2002
771,18.0277,3,3,4,1111,20000,4,22.209,60.977,4,23,0,2,2,0,0,2004
772,18.0506,3,3,4,1111,20000,4,22.062,54.160,4,23,3,0,1,0,0,2008
773,18.0646,2,2,4,1111,20000,4,15.815,47.910,5,23,3,2,0,0,0,2010
774,18.0916,3,3,4,1111,20000,4,22.101,60.837,4,23,0,3,1,0,0,2012
775,18.1146,3,3,4,1111,20000,4,22.056,54.175,4,23,3,0,1,0,0,2016
776,18.1288,2,2,4,1111,20000,4,15.949,48.062,6,23,3,3,0,0,0,2018
777,18.1904,3,3,4,1111,20000,4,56.720,95.513,4,23,0,3,1,0,0,2025
778,18.1917,3,3,4,1111,20000,4,34.974,67.145,5,23,3,0,2,0,0,2026
779,18.2147,2,2,4,1111,20000,4,37.686,69.844,3,23,1,2,0,0,0,2028
780,18.2230,3,3,4,1111,20000,4,25.302,64.013,4,23,0,3,1,0,0,2029
781,18.2427,3,3,4,1111,20000,4,22.045,54.186,4,23,2,0,2,0,0,2032
782,18.2568,2,2,4,1111,20000,4,15.830,47.954,4,23,1,3,0,0,0,2034
783,18.2839,3,3,4,1111,20000,4,22.183,60.856,5,23,0,3,2,0,0,2036
784,18.3068,3,3,4,1111,20000,4,22.095,54.213,4,23,2,0,2,0,0,2040
785,18.3209,2,2,4,1111,20000,4,15.851,47.948,5,23,2,3,0,0,0,2042
786,18.3482,3,3,4,1111,20000,4,22.436,61.082,4,23,0,2,2,0,0,2044
787,18.3991,3,3,4,1111,20000,4,50.314,82.495,6,24,3,0,3,0,0,2051
788,18.3999,2,2,4,1111,20000,4,30.787,62.877,6,24,3,3,0,0,0,2051
789,18.4566,3,3,4,1111,20000,4,66.712,105.299,5,24,0,2,3,0,0,2059
790,18.4615,3,3,4,1111,20000,4,48.651,80.836,4,24,2,0,2,0,0,2059
791,18.4884,2,2,4,1111,20000,4,55.231,87.371,4,24,2,2,0,0,0,2063
792,18.4955,3,3,4,1111,20000,4,39.439,80.131,5,24,0,3,2,0,0,2063
793,18.5192,3,3,4,1111,20000,4,42.325,74.499,5,24,3,0,2,0,0,2067
794,18.5203,2,2,4,1111,20000,4,23.031,55.173,5,24,2,3,0,0,0,2067
795,18.5404,3,3,4,1111,20000,4,22.410,60.977,5,24,0,3,2,0,0,2068
796,18.5864,3,3,4,1111,20000,4,45.429,77.602,4,24,2,0,2,0,0,2075
797,18.6013,2,2,4,1111,20000,4,39.903,72.057,5,24,2,3,0,0,0,2076
798,18.6213,3,3,4,1111,20000,4,39.228,77.755,5,24,0,3,2,0,0,2079
799,18.6283,3,3,4,1111,20000,4,23.426,55.551,4,24,2,0,2,0,0,2080
800,18.6412,2,2,4,1111,20000,4,15.846,47.963,5,24,2,3,0,0,0,2082
801,18.6683,3,3,4,1111,20000,4,22.207,60.710,5,24,0,3,2,0,0,2084
802,18.6941,3,3,4,1111,20000,4,22.241,57.220,4,24,2,0,2,0,0,2087
803,18.7138,2,2,4,1111,20000,4,15.873,56.437,3,24,0,3,0,0,0,2089
804,18.7347,2,2,4,1111,20000,4,16.163,56.736,4,24,0,3,1,0,0,2091
805,18.8006,3,3,4,1111,20000,4,58.411,96.870,4,24,0,3,1,0,0,2100
806,18.8018,3,3,4,1111,20000,4,36.749,68.838,4,24,3,0,1,0,0,2100
807,18.8321,2,2,4,1111,20000,4,46.494,78.639,6,24,3,3,0,0,0,2104
808,18.8330,3,3,4,1111,20000,4,26.802,65.244,4,24,0,3,1,0,0,2104
809,18.8569,3,3,4,1111,20000,4,27.807,59.948,4,24,3,0,1,0,0,2106
810,18.8659,2,2,4,1111,20000,4,16.234,48.349,6,24,3,3,0,0,0,2108
811,18.8924,3,3,4,1111,20000,4,22.114,60.522,4,24,0,3,1,0,0,2110
812,18.9153,3,3,4,1111,20000,4,22.173,54.307,4,24,3,0,1,0,0,2114
813,18.9296,2,2,4,1111,20000,4,15.887,47.996,6,24,3,3,0,0,0,2116
814,18.9563,3,3,4,1111,20000,4,21.955,60.341,4,24,0,3,1,0,0,2118
815,18.9888,3,3,4,1111,20000,4,31.623,63.737,4,24,3,0,1,0,0,2122
816,18.9961,2,2,4,1111,20000,4,18.399,50.517,6,24,3,3,0,0,0,2124
817,19.0207,3,3,4,1111,20000,4,22.263,60.628,4,24,0,3,1,0,0,2126
818,19.0434,3,3,4,1111,20000,4,22.195,54.329,5,24,3,0,2,0,0,2129
819,19.0577,2,2,4,1111,20000,4,15.901,48.035,6,24,3,3,0,0,0,2130
820,19.0781,2,2,4,1111,20000,4,15.669,47.806,4,24,0,3,1,0,0,2132
821,19.1009,2,2,4,1111,20000,4,15.692,47.794,3,24,2,0,1,0,0,2135
822,19.1218,2,2,4,1111,20000,4,15.896,48.043,5,24,2,3,0,0,0,2138
823,19.1485,3,3,4,1111,20000,4,22.029,60.317,4,24,0,3,1,0,0,2140
824,19.1713,3,3,4,1111,20000,4,22.066,54.178,2,24,1,0,1,0,0,2144
825,19.1905,2,2,4,1111,20000,4,20.531,52.632,4,24,1,3,0,0,0,2147
826,19.2126,3,3,4,1111,20000,4,21.981,60.288,4,24,0,3,1,0,0,2148
827,19.2354,3,3,4,1111,20000,4,22.104,54.204,2,24,1,0,1,0,0,2152
828,19.2498,2,2,4,1111,20000,4,15.825,47.910,4,24,1,3,0,0,0,2154
829,19.2769,3,3,4,1111,20000,4,22.265,60.515,4,24,0,3,1,0,0,2155
830,19.2968,3,3,4,1111,20000,4,22.073,51.593,0,24,0,0,0,0,0,2157
831,19.3191,2,2,4,1111,20000,4,15.689,41.808,0,24,0,0,0,0,0,2159
832,19.3393,1,1,4,1111,20000,4,9.116,30.025,1,24,1,0,0,0,0,2160
833,19.3870,2,2,4,1111,20000,4,36.297,74.488,3,24,0,3,0,0,0,2167
834,19.4017,3,3,4,1111,20000,4,28.289,60.440,1,24,1,0,0,0,0,2168
835,19.4108,2,2,4,1111,20000,4,16.623,48.782,3,24,0,3,0,0,0,2170
836,19.4704,3,3,4,1111,20000,4,55.641,93.809,3,24,0,3,0,0,0,2177
837,19.4715,3,3,4,1111,20000,4,34.070,66.170,0,24,0,0,0,0,0,2177
838,19.4955,2,2,4,1111,20000,4,37.255,69.348,3,24,0,3,0,0,0,2180
839,19.5043,3,3,4,1111,20000,4,25.475,63.596,3,24,0,3,0,0,0,2181
840,19.5236,3,3,4,1111,20000,4,22.080,54.222,0,24,0,0,0,0,0,2184
841,19.5386,2,2,4,1111,20000,4,16.229,48.383,3,24,0,3,0,0,0,2186
842,19.5992,3,3,4,1111,20000,4,56.284,94.454,3,24,0,3,0,0,0,2193
843,19.6004,3,3,4,1111,20000,4,34.805,66.938,0,24,0,0,0,0,0,2193
844,19.6244,2,2,4,1111,20000,4,38.019,70.125,3,24,0,3,0,0,0,2196
845,19.6332,3,3,4,1111,20000,4,26.201,64.132,3,24,0,3,0,0,0,2198
846,19.6513,3,3,4,1111,20000,4,21.689,53.833,0,24,0,0,0,0,0,2200
847,19.6666,2,2,4,1111,20000,4,16.088,48.244,3,24,0,3,0,0,0,2202
848,19.6933,3,3,4,1111,20000,4,22.284,60.336,3,24,0,3,0,0,0,2204
849,19.7159,3,3,4,1111,20000,4,22.267,54.413,0,24,0,0,0,0,0,2208
850,19.7305,2,2,4,1111,20000,4,15.989,48.099,3,24,0,3,0,0,0,2210
851,19.7918,3,3,4,1111,20000,4,56.695,94.753,4,24,0,3,1,0,0,2217
852,19.7928,3,3,4,1111,20000,4,35.173,67.259,1,24,0,0,1,0,0,2217
853,19.8143,2,2,4,1111,20000,4,35.742,67.870,3,24,0,3,0,0,0,2220
854,19.8238,3,3,4,1111,20000,4,24.705,62.698,3,24,0,3,0,0,0,2221
855,19.8438,3,3,4,1111,20000,4,22.099,54.251,0,24,0,0,0,0,0,2224
856,19.8585,2,2,4,1111,20000,4,15.860,47.980,2,24,0,2,0,0,0,2226
857,19.8854,3,3,4,1111,20000,4,22.195,60.198,2,24,0,2,0,0,0,2228
858,19.9078,3,3,4,1111,20000,4,22.093,54.225,0,24,0,0,0,0,0,2232
859,19.9226,2,2,4,1111,20000,4,15.913,48.010,3,24,0,3,0,0,0,2234
860,19.9496,3,3,4,1111,20000,4,22.342,60.310,3,24,0,3,0,0,0,2236
861,19.9959,3,3,4,1111,20000,4,46.123,78.276,0,24,0,0,0,0,0,2243
862,19.9967,2,2,4,1111,20000,4,25.911,58.010,3,24,0,3,0,0,0,2243
863,20.0169,3,3,4,1111,20000,4,25.626,63.509,3,24,0,3,0,0,0,2245
864,20.0361,3,3,4,1111,20000,4,22.203,54.332,0,24,0,0,0,0,0,2248
865,20.0510,2,2,4,1111,20000,4,16.146,48.285,3,24,0,3,0,0,0,2250
866,20.0774,3,3,4,1111,20000,4,22.029,59.911,1,24,0,1,0,0,0,2252
867,20.1037,3,3,4,1111,20000,4,22.065,57.963,0,24,0,0,0,0,0,2255
868,20.1295,3,3,4,1111,20000,4,22.206,62.770,4,24,0,3,1,0,0,2257
869,20.1398,1,1,4,1111,20000,4,8.900,41.050,3,24,0,3,0,0,0,2258
870,20.1841,3,3,4,1111,20000,4,32.638,70.447,4,24,0,3,1,0,0,2265
871,20.1963,3,3,4,1111,20000,4,22.334,54.475,1,24,0,0,1,0,0,2266
872,20.2109,2,2,4,1111,20000,4,15.915,48.056,3,24,0,3,0,0,0,2268
873,20.2376,3,3,4,1111,20000,4,22.114,59.933,4,24,0,3,1,0,0,2270
874,20.2599,3,3,4,1111,20000,4,21.966,54.067,0,24,0,0,0,0,0,2274
875,20.2748,2,2,4,1111,20000,4,15.748,47.843,3,24,0,3,0,0,0,2276
876,20.3017,3,3,4,1111,20000,4,22.163,59.983,3,24,0,3,0,0,0,2278
877,20.3242,3,3,4,1111,20000,4,22.212,54.320,0,24,0,0,0,0,0,2282
878,20.3390,2,2,4,1111,20000,4,15.832,47.941,3,24,0,3,0,0,0,2284
879,20.3727,3,3,4,1111,20000,4,29.057,66.826,3,24,0,3,0,0,0,2288
880,20.3881,3,3,4,1111,20000,4,22.074,54.174,0,24,0,0,0,0,0,2290
881,20.4034,2,2,4,1111,20000,4,16.142,48.277,3,24,0,3,0,0,0,2292
882,20.4663,3,3,4,1111,20000,4,58.598,96.383,3,24,0,3,0,0,0,2298
883,20.4681,3,3,4,1111,20000,4,38.030,70.138,0,24,0,0,0,0,0,2298
884,20.4821,2,2,4,1111,20000,4,30.800,62.898,2,24,0,2,0,0,0,2299
885,20.4886,2,2,4,1111,20000,4,16.931,49.038,3,24,0,3,0,0,0,2300
886,20.5098,2,2,4,1111,20000,4,15.663,47.779,0,24,0,0,0,0,0,2303
887,20.5313,2,2,4,1111,20000,4,16.023,48.145,3,24,0,3,0,0,0,2306
888,20.5582,3,3,4,1111,20000,4,22.407,60.147,2,24,0,2,0,0,0,2309
889,20.6085,3,3,4,1111,20000,4,50.263,82.390,0,24,0,0,0,0,0,2315
890,20.6098,2,2,4,1111,20000,4,30.379,62.548,3,24,0,3,0,0,0,2315
891,20.6477,3,3,4,1111,20000,4,47.859,85.506,3,24,0,3,0,0,0,2320
892,20.6489,3,3,4,1111,20000,4,26.609,58.748,0,24,0,0,0,0,0,2320
893,20.6621,2,2,4,1111,20000,4,18.685,50.749,3,24,0,3,0,0,0,2322
894,20.6864,3,3,4,1111,20000,4,22.482,60.148,3,24,0,3,0,0,0,2324
895,20.7062,3,3,4,1111,20000,4,22.100,52.004,0,24,0,0,0,0,0,2325
896,20.7285,2,2,4,1111,20000,4,15.820,42.321,0,24,0,0,0,0,0,2327
897,20.7487,1,1,4,1111,20000,4,9.110,30.539,1,25,1,0,0,0,0,2328
898,20.7909,2,2,4,1111,20000,4,30.928,68.537,3,25,0,3,0,0,0,2334
899,20.8261,3,3,4,1111,20000,4,43.758,75.889,1,25,1,0,0,0,0,2339
900,20.8269,2,2,4,1111,20000,4,23.236,55.395,3,25,1,2,0,0,0,2339
901,20.8471,3,3,4,1111,20000,4,23.057,60.635,3,25,0,3,0,0,0,2341
902,20.8684,3,3,4,1111,20000,4,22.063,54.186,1,25,1,0,0,0,0,2344
903,20.8836,2,2,4,1111,20000,4,15.881,47.999,4,25,1,3,0,0,0,2346
904,20.9101,3,3,4,1111,20000,4,22.016,59.572,3,25,0,3,0,0,0,2348
905,20.9326,3,3,4,1111,20000,4,22.171,54.261,1,25,1,0,0,0,0,2352
906,20.9479,2,2,4,1111,20000,4,16.121,48.218,4,25,1,3,0,0,0,2354
907,21.0005,3,3,4,1111,20000,4,48.359,85.888,3,25,0,3,0,0,0,2360
908,21.0213,3,3,4,1111,20000,4,46.858,78.970,1,25,1,0,0,0,0,2363
909,21.0221,2,2,4,1111,20000,4,26.305,58.408,4,25,1,3,0,0,0,2363
910,21.0448,3,3,4,1111,20000,4,28.579,66.016,3,25,0,3,0,0,0,2366
911,21.0605,3,3,4,1111,20000,4,21.965,54.110,1,25,1,0,0,0,0,2368
912,21.0758,2,2,4,1111,20000,4,15.920,48.026,4,25,1,3,0,0,0,2370
913,21.1024,3,3,4,1111,20000,4,22.078,59.521,3,25,0,3,0,0,0,2372
914,21.1246,3,3,4,1111,20000,4,22.084,54.208,1,25,1,0,0,0,0,2376
915,21.1398,2,2,4,1111,20000,4,15.854,48.024,4,25,1,3,0,0,0,2378
916,21.1667,3,3,4,1111,20000,4,22.395,59.823,3,25,0,3,0,0,0,2381
917,21.2183,3,3,4,1111,20000,4,51.643,83.805,1,25,1,0,0,0,0,2387
918,21.2190,2,2,4,1111,20000,4,31.010,63.104,4,25,1,3,0,0,0,2387
919,21.2560,3,3,4,1111,20000,4,47.672,85.018,3,25,0,3,0,0,0,2392
920,21.2570,3,3,4,1111,20000,4,26.365,58.540,0,25,0,0,0,0,0,2392
921,21.2705,2,2,4,1111,20000,4,18.431,50.538,3,25,0,3,0,0,0,2394
922,21.2945,3,3,4,1111,20000,4,22.055,59.375,3,25,0,3,0,0,0,2396
923,21.3168,3,3,4,1111,20000,4,22.104,54.231,0,25,0,0,0,0,0,2400
924,21.3319,2,2,4,1111,20000,4,15.777,47.881,4,25,1,3,0,0,0,2402
925,21.3586,3,3,4,1111,20000,4,22.107,59.424,3,25,0,3,0,0,0,2405
926,21.3808,3,3,4,1111,20000,4,22.093,54.214,1,25,1,0,0,0,0,2408
927,21.4011,2,2,4,1111,20000,4,20.881,52.990,4,25,1,3,0,0,0,2411
928,21.4428,3,3,4,1111,20000,4,42.157,79.551,3,25,0,3,0,0,0,2415
929,21.4658,3,3,4,1111,20000,4,43.040,75.145,1,25,1,0,0,0,0,2419
930,21.4666,2,2,4,1111,20000,4,22.221,54.375,4,25,1,3,0,0,0,2419
931,21.4897,3,3,4,1111,20000,4,25.079,62.314,3,25,0,3,0,0,0,2420
932,21.5135,3,3,4,1111,20000,4,21.978,58.868,1,25,1,0,0,0,0,2423
933,21.5391,3,3,4,1111,20000,4,22.336,62.899,3,25,0,3,0,0,0,2425
934,21.5495,1,1,4,1111,20000,4,9.027,41.218,3,25,0,3,0,0,0,2426
935,21.6189,3,3,4,1111,20000,4,58.058,95.377,3,25,0,3,0,0,0,2435
936,21.6217,3,3,4,1111,20000,4,38.797,70.953,1,25,1,0,0,0,0,2436
937,21.6360,2,2,4,1111,20000,4,31.495,63.693,4,25,1,3,0,0,0,2437
938,21.6482,3,3,4,1111,20000,4,23.443,60.671,3,25,0,3,0,0,0,2439
939,21.6691,3,3,4,1111,20000,4,22.148,54.322,1,25,1,0,0,0,0,2442
940,21.6844,2,2,4,1111,20000,4,15.924,48.053,4,25,1,3,0,0,0,2444
941,21.7110,3,3,4,1111,20000,4,22.197,59.365,3,25,0,3,0,0,0,2447
942,21.7331,3,3,4,1111,20000,4,22.145,54.245,1,25,1,0,0,0,0,2450
943,21.7486,2,2,4,1111,20000,4,15.989,48.095,4,25,1,3,0,0,0,2452
944,21.8048,3,3,4,1111,20000,4,51.911,89.079,3,25,0,3,0,0,0,2458
945,21.8058,3,3,4,1111,20000,4,30.791,62.906,1,25,1,0,0,0,0,2458
946,21.8303,2,2,4,1111,20000,4,33.630,65.723,3,25,1,2,0,0,0,2462
947,21.8410,3,3,4,1111,20000,4,24.105,61.217,3,25,0,3,0,0,0,2463
948,21.8611,3,3,4,1111,20000,4,22.034,54.157,1,25,1,0,0,0,0,2465
949,21.8766,2,2,4,1111,20000,4,15.898,48.008,4,25,1,3,0,0,0,2466
950,21.8968,2,2,4,1111,20000,4,15.866,47.980,3,25,0,3,0,0,0,2468
951,21.9187,2,2,4,1111,20000,4,15.681,47.797,0,25,0,0,0,0,0,2471
952,21.9407,2,2,4,1111,20000,4,15.901,48.002,3,25,0,3,0,0,0,2474
953,21.9922,3,3,4,1111,20000,4,47.127,84.186,3,25,0,3,0,0,0,2480
954,22.0156,3,3,4,1111,20000,4,48.522,80.650,0,25,0,0,0,0,0,2483
955,22.0166,2,2,4,1111,20000,4,27.722,59.825,4,25,1,3,0,0,0,2483
956,22.0430,3,3,4,1111,20000,4,33.875,70.895,3,25,0,3,0,0,0,2487
957,22.0539,3,3,4,1111,20000,4,22.660,54.818,1,25,1,0,0,0,0,2488
958,22.0690,2,2,4,1111,20000,4,16.030,48.169,4,25,1,3,0,0,0,2490
959,22.0955,3,3,4,1111,20000,4,22.359,59.374,3,25,0,3,0,0,0,2492
960,22.1153,3,3,4,1111,20000,4,22.077,52.266,1,25,1,0,0,0,0,2493
961,22.1377,2,2,4,1111,20000,4,15.816,42.593,1,25,1,0,0,0,0,2495
962,22.1581,1,1,4,1111,20000,4,9.031,30.937,0,25,0,0,0,0,0,2496
963,22.2050,2,2,4,1111,20000,4,35.747,72.769,3,25,0,3,0,0,0,2503
964,22.2173,3,3,4,1111,20000,4,26.064,58.173,0,25,0,0,0,0,0,2504
965,22.2298,2,2,4,1111,20000,4,16.768,48.887,3,25,0,3,0,0,0,2506
966,22.2553,3,3,4,1111,20000,4,21.982,58.913,3,25,0,3,0,0,0,2509
967,22.2773,3,3,4,1111,20000,4,21.999,54.097,0,25,0,0,0,0,0,2512
968,22.2930,2,2,4,1111,20000,4,15.818,47.931,3,25,0,3,0,0,0,2514
969,22.3194,3,3,4,1111,20000,4,22.034,58.934,3,25,0,3,0,0,0,2517
970,22.3418,3,3,4,1111,20000,4,22.409,54.527,0,25,0,0,0,0,0,2520
971,22.3573,2,2,4,1111,20000,4,16.043,48.175,3,25,0,3,0,0,0,2522
972,22.4188,3,3,4,1111,20000,4,57.356,94.260,3,25,0,3,0,0,0,2529
973,22.4199,3,3,4,1111,20000,4,36.504,68.620,1,26,0,0,1,0,0,2529
974,22.4423,2,2,4,1111,20000,4,36.985,69.120,3,26,0,3,0,0,0,2532
975,22.4808,3,3,4,1111,20000,4,55.247,92.191,4,26,0,3,1,0,0,2537
976,22.4818,3,3,4,1111,20000,4,34.319,66.500,1,26,0,0,1,0,0,2537
977,22.5163,2,2,4,1111,20000,4,46.912,79.068,2,26,0,2,0,0,0,2541
978,22.5173,3,3,4,1111,20000,4,27.718,64.639,4,26,0,3,1,0,0,2542
979,22.5406,3,3,4,1111,20000,4,29.142,61.266,1,26,0,0,1,0,0,2544
980,22.5498,2,2,4,1111,20000,4,16.341,48.507,3,26,0,3,0,0,0,2546
981,22.5760,3,3,4,1111,20000,4,22.393,59.237,3,26,0,3,0,0,0,2549
982,22.6241,3,3,4,1111,20000,4,48.563,80.710,0,26,0,0,0,0,0,2555
983,22.6252,2,2,4,1111,20000,4,27.727,59.821,3,26,0,3,0,0,0,2555
984,22.6517,3,3,4,1111,20000,4,34.022,70.778,3,26,0,3,0,0,0,2559
985,22.6623,3,3,4,1111,20000,4,22.749,54.853,0,26,0,0,0,0,0,2560
986,22.6774,2,2,4,1111,20000,4,15.872,48.013,3,26,0,3,0,0,0,2562
987,22.7038,3,3,4,1111,20000,4,22.074,58.839,3,26,0,3,0,0,0,2565
988,22.7256,3,3,4,1111,20000,4,22.050,54.156,0,26,0,0,0,0,0,2568
989,22.7414,2,2,4,1111,20000,4,15.869,47.955,4,26,1,3,0,0,0,2570
990,22.7679,3,3,4,1111,20000,4,22.080,58.814,2,26,0,2,0,0,0,2573
991,22.7896,3,3,4,1111,20000,4,22.026,54.118,0,26,0,0,0,0,0,2576
992,22.8054,2,2,4,1111,20000,4,15.753,47.883,2,26,0,2,0,0,0,2578
993,22.8335,3,3,4,1111,20000,4,23.705,60.390,2,26,0,2,0,0,0,2581
994,22.8536,3,3,4,1111,20000,4,21.985,54.086,1,26,1,0,0,0,0,2584
995,22.8695,2,2,4,1111,20000,4,15.677,47.856,3,26,1,2,0,0,0,2586
996,22.8958,3,3,4,1111,20000,4,21.932,58.591,2,26,0,2,0,0,0,2588
997,22.9234,3,3,4,1111,20000,4,22.013,59.863,1,26,1,0,0,0,0,2591
998,22.9487,3,3,4,1111,20000,4,22.392,62.995,2,26,0,2,0,0,0,2593
999,22.9592,1,1,4,1111,20000,4,9.343,41.501,3,26,0,3,0,0,0,2594
1000,22.9935,3,3,4,1111,20000,4,23.533,60.154,2,26,0,2,0,0,0,2599
1001,23.0140,3,3,4,1111,20000,4,22.227,54.314,1,26,1,0,0,0,0,2602
1002,23.0300,2,2,4,1111,20000,4,16.074,48.251,4,26,1,3,0,0,0,2604
1003,23.0563,3,3,4,1111,20000,4,22.248,58.875,3,26,0,3,0,0,0,2607
1004,23.0779,3,3,4,1111,20000,4,22.083,54.190,1,26,1,0,0,0,0,2610
1005,23.0937,2,2,4,1111,20000,4,15.774,47.885,4,26,1,3,0,0,0,2612
1006,23.1201,3,3,4,1111,20000,4,21.997,58.547,2,26,0,2,0,0,0,2615
1007,23.1420,3,3,4,1111,20000,4,22.190,54.311,1,26,1,0,0,0,0,2618
1008,23.1583,2,2,4,1111,20000,4,16.291,48.433,3,26,1,2,0,0,0,2620
1009,23.2151,3,3,4,1111,20000,4,52.873,89.464,3,26,0,3,0,0,0,2626
1010,23.2162,3,3,4,1111,20000,4,32.263,64.332,1,26,1,0,0,0,0,2627
1011,23.2306,2,2,4,1111,20000,4,24.496,56.588,4,26,1,3,0,0,0,2629
1012,23.2568,3,3,4,1111,20000,4,22.150,67.067,3,26,0,3,0,0,0,2631
1013,23.2784,3,3,4,1111,20000,4,22.079,62.651,1,26,1,0,0,0,0,2633
1014,23.3008,3,3,4,1111,20000,4,22.204,62.767,4,26,1,3,0,0,0,2635
1015,23.3179,2,2,4,1111,20000,4,15.737,47.883,4,26,1,3,0,0,0,2638
1016,23.3381,2,2,4,1111,20000,4,15.792,47.891,2,26,0,2,0,0,0,2640
1017,23.3664,3,3,4,1111,20000,4,22.315,54.499,1,26,1,0,0,0,0,2644
1018,23.4024,2,2,4,1111,20000,4,36.105,68.266,4,26,1,3,0,0,0,2648
1019,23.4212,3,3,4,1111,20000,4,34.869,71.276,3,26,0,3,0,0,0,2651
1020,23.4318,3,3,4,1111,20000,4,23.700,55.877,1,26,1,0,0,0,0,2652
1021,23.4544,2,2,4,1111,20000,4,23.988,56.191,4,26,1,3,0,0,0,2655
1022,23.4808,3,3,4,1111,20000,4,21.853,66.816,3,26,0,3,0,0,0,2658
1023,23.5305,4,4,4,1111,20000,4,48.107,90.553,4,26,1,3,0,0,0,2661
1024,23.5316,3,3,4,1111,20000,4,29.091,59.645,1,26,1,0,0,0,0,2661
1025,23.5472,2,2,4,1111,20000,4,15.875,43.200,1,26,1,0,0,0,0,2663
1026,23.5679,1,1,4,1111,20000,4,9.362,31.838,1,26,1,0,0,0,0,2664
1027,23.6098,2,2,4,1111,20000,4,31.202,67.626,3,26,0,3,0,0,0,2670
1028,23.6237,3,3,4,1111,20000,4,23.475,55.579,1,26,1,0,0,0,0,2672
1029,23.6384,2,2,4,1111,20000,4,15.847,47.949,4,26,1,3,0,0,0,2674
1030,23.6648,3,3,4,1111,20000,4,22.243,58.588,3,26,0,3,0,0,0,2677
1031,23.6863,3,3,4,1111,20000,4,22.103,54.239,1,26,1,0,0,0,0,2679
1032,23.7024,2,2,4,1111,20000,4,15.833,47.952,3,26,1,2,0,0,0,2682
1033,23.7288,3,3,4,1111,20000,4,22.204,58.518,3,26,0,3,0,0,0,2685
1034,23.7504,3,3,4,1111,20000,4,22.104,54.202,1,26,1,0,0,0,0,2687
1035,23.7664,2,2,4,1111,20000,4,15.723,47.853,4,26,1,3,0,0,0,2689
1036,23.8063,3,3,4,1111,20000,4,27.101,71.860,3,26,0,3,0,0,0,2695
1037,23.8373,4,4,4,1111,20000,4,34.635,77.167,4,26,1,3,0,0,0,2699
1038,23.8484,3,3,4,1111,20000,4,23.988,56.123,1,26,1,0,0,0,0,2700
1039,23.8626,2,2,4,1111,20000,4,15.816,47.954,4,26,1,3,0,0,0,2702
1040,23.8973,3,3,4,1111,20000,4,21.947,66.709,3,26,0,3,0,0,0,2706
1041,23.9335,4,4,4,1111,20000,4,34.735,77.299,4,26,1,3,0,0,0,2711
1042,23.9441,3,3,4,1111,20000,4,23.635,55.816,1,26,1,0,0,0,0,2712
1043,23.9588,2,2,4,1111,20000,4,15.909,48.075,4,26,1,3,0,0,0,2714
1044,23.9979,3,3,4,1111,20000,4,26.552,71.280,3,26,0,3,0,0,0,2719
1045,24.0294,4,4,4,1111,20000,4,34.570,77.143,3,26,0,3,0,0,0,2723
1046,24.0405,3,3,4,1111,20000,4,23.980,56.129,1,26,1,0,0,0,0,2724
1047,24.0549,2,2,4,1111,20000,4,15.877,48.056,3,26,0,3,0,0,0,2726
1048,24.0898,3,3,4,1111,20000,4,22.195,66.969,3,26,0,3,0,0,0,2730
1049,24.1261,4,4,4,1111,20000,4,35.094,77.692,3,26,0,3,0,0,0,2735
1050,24.1363,3,3,4,1111,20000,4,23.856,55.955,0,26,0,0,0,0,0,2736
1051,24.1512,2,2,4,1111,20000,4,16.091,48.270,3,26,0,3,0,0,0,2738
1052,24.2223,3,3,4,1111,20000,4,58.593,103.379,3,26,0,3,0,0,0,2747
1053,24.2238,4,4,4,1111,20000,4,36.803,79.391,3,26,0,3,0,0,0,2747
1054,24.2550,3,3,4,1111,20000,4,46.488,78.603,0,26,0,0,0,0,0,2751
1055,24.2558,2,2,4,1111,20000,4,24.649,56.798,3,26,0,3,0,0,0,2751
1056,24.2822,3,3,4,1111,20000,4,22.434,67.099,3,26,0,3,0,0,0,2754
1057,24.3115,4,4,4,1111,20000,4,28.327,71.016,3,26,0,3,0,0,0,2757
1058,24.3333,3,3,4,1111,20000,4,22.032,60.803,0,26,0,0,0,0,0,2759
1059,24.3581,3,3,4,1111,20000,4,22.371,62.930,3,26,0,3,0,0,0,2761
1060,24.3702,1,1,4,1111,20000,4,10.885,43.057,3,26,0,3,0,0,0,2763
1061,24.4102,3,3,4,1111,20000,4,22.383,66.974,3,26,0,3,0,0,0,2768
1062,24.4464,4,4,4,1111,20000,4,35.144,77.829,3,26,0,3,0,0,0,2773
1063,24.4570,3,3,4,1111,20000,4,24.187,56.367,0,26,0,0,0,0,0,2774
1064,24.4839,2,2,4,1111,20000,4,28.477,60.664,3,26,0,3,0,0,0,2777
1065,24.5073,3,3,4,1111,20000,4,23.326,67.957,3,26,0,3,0,0,0,2781
1066,24.5426,4,4,4,1111,20000,4,35.207,77.907,4,26,1,3,0,0,0,2785
1067,24.5531,3,3,4,1111,20000,4,24.331,56.427,0,26,0,0,0,0,0,2786
1068,24.5677,2,2,4,1111,20000,4,16.143,48.338,4,26,1,3,0,0,0,2788
1069,24.6157,3,3,4,1111,20000,4,35.562,80.176,3,26,0,3,0,0,0,2794
1070,24.6432,4,4,4,1111,20000,4,39.766,82.481,3,26,0,3,0,0,0,2797
1071,24.6514,3,3,4,1111,20000,4,26.496,58.635,0,26,0,0,0,0,0,2798
1072,24.6633,2,2,4,1111,20000,4,15.683,47.807,4,26,1,3,0,0,0,2799
1073,24.6983,3,3,4,1111,20000,4,22.332,66.660,3,26,0,3,0,0,0,2802
1074,24.7132,2,2,4,1111,20000,4,15.878,56.455,1,26,1,0,0,0,0,2804
1075,24.7424,3,3,4,1111,20000,4,22.296,62.778,4,26,1,3,0,0,0,2807
1076,24.7598,2,2,4,1111,20000,4,16.091,48.246,4,26,1,3,0,0,0,2810
1077,24.7967,3,3,4,1111,20000,4,24.482,68.969,3,26,0,3,0,0,0,2815
1078,24.8309,4,4,4,1111,20000,4,35.298,78.065,3,26,0,3,0,0,0,2819
1079,24.8411,3,3,4,1111,20000,4,24.122,56.261,0,26,0,0,0,0,0,2820
1080,24.8557,2,2,4,1111,20000,4,15.864,48.022,3,26,0,3,0,0,0,2821
1081,24.8906,3,3,4,1111,20000,4,22.215,66.711,3,26,0,3,0,0,0,2826
1082,24.9299,4,4,4,1111,20000,4,38.186,80.985,3,26,0,3,0,0,0,2829
1083,24.9373,3,3,4,1111,20000,4,25.431,56.339,0,26,0,0,0,0,0,2829
1084,24.9562,2,2,4,1111,20000,4,15.721,43.220,0,26,0,0,0,0,0,2831
1085,24.9813,1,1,4,1111,20000,4,13.368,36.320,0,26,0,0,0,0,0,2833
1086,25.0123,2,2,4,1111,20000,4,15.867,60.249,3,26,0,3,0,0,0,2837
1087,25.0549,4,4,4,1111,20000,4,35.055,77.875,2,26,0,2,0,0,0,2843
1088,25.0652,3,3,4,1111,20000,4,24.066,56.203,0,26,0,0,0,0,0,2844
1089,25.0800,2,2,4,1111,20000,4,15.909,48.074,2,26,0,2,0,0,0,2845
1090,25.1147,3,3,4,1111,20000,4,22.113,66.510,2,26,0,2,0,0,0,2850
1091,25.1517,4,4,4,1111,20000,4,35.806,78.644,2,26,0,2,0,0,0,2855
1092,25.1647,3,3,4,1111,20000,4,27.498,59.595,1,26,1,0,0,0,0,2856
1093,25.1736,2,2,4,1111,20000,4,16.312,45.602,3,26,1,2,0,0,0,2857
1094,25.2021,3,3,4,1111,20000,4,22.138,57.805,3,26,0,3,0,0,0,2861
1095,25.2233,3,3,4,1111,20000,4,22.152,54.241,1,26,1,0,0,0,0,2863
1096,25.2370,2,2,4,1111,20000,4,15.724,44.949,4,26,1,3,0,0,0,2865
1097,25.2597,2,2,4,1111,20000,4,15.703,51.330,0,26,0,0,0,0,0,2868
1098,25.2992,4,4,4,1111,20000,4,34.513,75.095,4,26,1,3,0,0,0,2873
1099,25.2997,1,1,4,1111,20000,4,14.929,43.580,2,26,0,2,0,0,0,2873
1100,25.3304,3,3,4,1111,20000,4,22.305,65.207,1,26,1,0,0,0,0,2877
1101,25.3635,4,4,4,1111,20000,4,34.742,75.305,3,26,1,2,0,0,0,2881
1102,25.3642,1,1,4,1111,20000,4,15.395,44.036,3,26,0,3,0,0,0,2881
1103,25.4103,3,3,4,1111,20000,4,38.219,81.143,1,26,1,0,0,0,0,2887
1104,25.4297,4,4,4,1111,20000,4,36.814,77.435,4,26,1,3,0,0,0,2889
1105,25.4303,1,1,4,1111,20000,4,17.328,46.009,2,26,0,2,0,0,0,2889
1106,25.4585,3,3,4,1111,20000,4,22.322,65.252,1,26,1,0,0,0,0,2893
1107,25.5157,4,4,4,1111,20000,4,58.772,99.410,2,26,1,1,0,0,0,2900
1108,25.5164,1,1,4,1111,20000,4,39.400,68.110,1,26,0,1,0,0,0,2900
1109,25.5411,3,3,4,1111,20000,4,40.845,83.768,1,26,1,0,0,0,0,2903
1110,25.5584,4,4,4,1111,20000,4,37.424,78.003,3,26,1,2,0,0,0,2905
1111,25.5586,1,1,4,1111,20000,4,17.547,46.201,2,26,0,2,0,0,0,2905
1112,25.6080,3,3,4,1111,20000,4,43.658,86.637,1,26,1,0,0,0,0,2911
1113,25.6298,4,4,4,1111,20000,4,44.715,85.415,3,26,1,2,0,0,0,2915
1114,25.6301,1,1,4,1111,20000,4,24.863,53.621,3,26,0,3,0,0,0,2915
1115,25.6534,3,3,4,1111,20000,4,25.104,68.065,1,26,1,0,0,0,0,2917
1116,25.6839,4,4,4,1111,20000,4,34.729,75.253,4,26,1,3,0,0,0,2921
1117,25.6842,1,1,4,1111,20000,4,14.935,43.630,2,26,0,2,0,0,0,2921
1118,25.7148,3,3,4,1111,20000,4,22.338,65.345,1,26,1,0,0,0,0,2924
1119,25.7482,4,4,4,1111,20000,4,35.010,75.627,3,26,1,2,0,0,0,2927
1120,25.7485,1,1,4,1111,20000,4,15.202,43.866,2,26,0,2,0,0,0,2927
1121,25.7924,2,2,4,1111,20000,4,35.921,71.374,0,26,0,0,0,0,0,2933
1122,25.8144,3,3,4,1111,20000,4,37.119,77.729,4,27,0,3,0,1,0,2935
1123,25.8146,1,1,4,1111,20000,4,17.290,45.976,3,27,0,3,0,0,0,2935
1124,25.8428,3,3,4,1111,20000,4,22.289,65.342,2,27,1,0,0,1,0,2939
1125,25.8761,4,4,4,1111,20000,4,34.756,75.412,5,27,1,3,0,1,0,2943
1126,25.8763,1,1,4,1111,20000,4,14.904,43.587,3,27,0,3,0,0,0,2943
1127,25.9068,3,3,4,1111,20000,4,22.235,65.263,2,27,1,0,0,1,0,2947
1128,25.9403,4,4,4,1111,20000,4,34.938,75.520,5,27,1,3,0,1,0,2951
1129,25.9405,1,1,4,1111,20000,4,15.058,43.698,3,27,0,3,0,0,0,2951
1130,25.9932,3,3,4,1111,20000,4,47.637,87.600,2,27,1,0,0,1,0,2958
1131,26.0202,4,4,4,1111,20000,4,50.423,91.371,5,27,1,3,0,1,0,2961
1132,26.0209,2,2,4,1111,20000,4,31.043,60.013,3,27,1,2,0,0,0,2961
1133,26.0343,2,2,4,1111,20000,4,21.544,56.844,1,27,0,0,0,1,0,2963
1134,26.0684,4,4,4,1111,20000,4,34.864,75.489,5,27,1,3,0,1,0,2967
1135,26.0691,1,1,4,1111,20000,4,15.485,44.147,2,27,0,2,0,0,0,2967
1136,26.0963,3,3,4,1111,20000,4,22.127,62.637,3,28,1,0,1,1,0,2969
1137,26.1199,3,3,4,1111,20000,4,22.058,62.920,5,28,1,3,1,0,0,2971
1138,26.1337,2,2,4,1111,20000,4,15.783,44.688,3,28,1,2,0,0,0,2973
1139,26.1496,1,1,4,1111,20000,4,8.754,40.860,0,28,0,0,0,0,0,2975
1140,26.2068,4,4,4,1111,20000,4,45.258,85.850,5,28,1,3,0,1,0,2983
1141,26.2076,2,2,4,1111,20000,4,25.884,54.537,4,28,1,3,0,0,0,2983
1142,26.2207,2,2,4,1111,20000,4,15.877,51.087,1,28,0,0,0,1,0,2984
1143,26.2653,4,4,4,1111,20000,4,39.635,80.241,5,28,1,3,0,1,0,2989
1144,26.2661,2,2,4,1111,20000,4,20.287,48.958,4,28,1,3,0,0,0,2990
1145,26.2849,2,2,4,1111,20000,4,15.976,51.208,1,28,0,0,0,1,0,2992
1146,26.3297,4,4,4,1111,20000,4,39.912,80.584,5,28,1,3,0,1,0,2996
1147,26.3304,2,2,4,1111,20000,4,20.481,49.179,4,28,1,3,0,0,0,2997
1148,26.3543,2,2,4,1111,20000,4,15.866,56.495,1,28,0,0,0,1,0,2998
1149,26.3778,2,2,4,1111,20000,4,15.794,55.926,1,28,0,0,0,1,0,3000
1150,26.4019,2,2,4,1111,20000,4,15.833,47.988,2,28,1,0,0,1,0,3003
1151,26.4219,2,2,4,1111,20000,4,15.760,44.622,4,28,1,3,0,0,0,3005
1152,26.4450,2,2,4,1111,20000,4,15.896,51.022,1,28,0,0,0,1,0,3008
1153,26.5071,4,4,4,1111,20000,4,57.173,97.812,5,28,1,3,0,1,0,3016
1154,26.5080,2,2,4,1111,20000,4,37.892,66.619,4,28,1,3,0,0,0,3016
1155,26.5297,2,2,4,1111,20000,4,39.404,71.624,1,28,0,0,0,1,0,3019
1156,26.5570,4,4,4,1111,20000,4,42.855,83.591,5,28,1,3,0,1,0,3022
1157,26.5579,2,2,4,1111,20000,4,23.668,52.480,4,28,1,3,0,0,0,3023
1158,26.5734,2,2,4,1111,20000,4,16.145,51.301,1,28,0,0,0,1,0,3024
1159,26.6368,4,4,4,1111,20000,4,58.647,99.345,4,28,1,3,0,0,0,3032
1160,26.6376,2,2,4,1111,20000,4,39.363,68.106,4,28,1,3,0,0,0,3032
1161,26.6634,2,2,4,1111,20000,4,42.111,77.163,1,28,0,0,0,1,0,3035
1162,26.6867,4,4,4,1111,20000,4,44.539,85.226,5,28,1,3,0,1,0,3039
1163,26.6874,2,2,4,1111,20000,4,25.150,53.892,4,28,1,3,0,0,0,3039
1164,26.7013,2,2,4,1111,20000,4,18.793,50.948,1,28,0,0,0,1,0,3040
1165,26.7464,4,4,4,1111,20000,4,40.168,80.838,4,28,1,2,0,1,0,3045
1166,26.7474,2,2,4,1111,20000,4,21.047,49.744,4,28,1,3,0,0,0,3046
1167,26.7627,2,2,4,1111,20000,4,15.939,48.328,1,28,0,0,0,1,0,3048
1168,26.8411,4,4,4,1111,20000,4,70.819,111.498,5,28,1,3,0,1,0,3057
1169,26.8419,2,2,4,1111,20000,4,51.468,80.174,4,28,1,3,0,0,0,3057
1170,26.8429,2,2,4,1111,20000,4,32.329,64.440,1,28,0,0,0,1,0,3058
1171,26.8798,4,4,4,1111,20000,4,45.485,86.092,5,28,1,3,0,1,0,3063
1172,26.8805,2,2,4,1111,20000,4,26.115,54.775,3,28,1,2,0,0,0,3063
1173,26.8939,2,2,4,1111,20000,4,19.224,51.353,1,28,0,0,0,1,0,3064
1174,26.9379,4,4,4,1111,20000,4,39.534,80.137,4,28,0,3,0,1,0,3069
1175,26.9386,2,2,4,1111,20000,4,20.181,48.827,3,28,0,3,0,0,0,3069
1176,26.9547,2,2,4,1111,20000,4,15.894,48.067,1,28,0,0,0,1,0,3072
1177,27.0195,4,4,4,1111,20000,4,57.109,97.699,4,28,0,3,0,1,0,3080
1178,27.0203,2,2,4,1111,20000,4,37.744,66.402,4,28,1,3,0,0,0,3080
1179,27.0448,2,2,4,1111,20000,4,41.932,74.089,2,28,0,0,1,1,0,3083
1180,27.0693,4,4,4,1111,20000,4,42.841,83.367,5,28,0,3,1,1,0,3086
1181,27.0700,2,2,4,1111,20000,4,23.450,52.077,3,28,0,3,0,0,0,3087
1182,27.0837,2,2,4,1111,20000,4,16.698,48.845,2,28,0,0,1,1,0,3088
1183,27.1300,4,4,4,1111,20000,4,39.457,79.985,5,28,1,2,1,1,0,3092
1184,27.1307,2,2,4,1111,20000,4,20.127,48.695,4,28,1,3,0,0,0,3092
1185,27.1465,2,2,4,1111,20000,4,15.864,47.636,2,28,0,0,1,1,0,3095
1186,27.1819,3,3,4,1111,20000,4,22.536,67.828,5,28,0,3,1,1,0,3098
1187,27.2340,3,3,4,1111,20000,4,47.458,87.960,5,28,0,3,1,1,0,3105
1188,27.2348,2,2,4,1111,20000,4,28.076,56.623,3,28,0,3,0,0,0,3105
1189,27.2487,2,2,4,1111,20000,4,21.508,53.578,1,28,0,0,1,0,0,3106
1190,27.2904,4,4,4,1111,20000,4,39.839,80.282,3,28,0,3,0,0,0,3111
1191,27.2911,2,2,4,1111,20000,4,20.470,48.971,3,28,0,3,0,0,0,3112
1192,27.3070,2,2,4,1111,20000,4,15.720,47.908,0,28,0,0,0,0,0,3114
1193,27.3546,4,4,4,1111,20000,4,39.929,80.402,4,28,1,3,0,0,0,3119
1194,27.3553,2,2,4,1111,20000,4,20.598,49.120,3,28,0,3,0,0,0,3120
1195,27.3711,2,2,4,1111,20000,4,15.719,47.865,0,28,0,0,0,0,0,3122
1196,27.4235,4,4,4,1111,20000,4,44.828,85.208,3,28,0,3,0,0,0,3129
1197,27.4242,2,2,4,1111,20000,4,25.431,53.896,3,28,0,3,0,0,0,3129
1198,27.4377,2,2,4,1111,20000,4,18.278,50.400,1,28,0,0,0,1,0,3130
1199,27.4958,4,4,4,1111,20000,4,52.999,93.441,5,28,1,3,0,1,0,3136
1200,27.4966,2,2,4,1111,20000,4,33.726,62.270,3,28,0,3,0,0,0,3136
1201,27.5101,2,2,4,1111,20000,4,24.099,58.745,1,28,0,0,0,1,0,3138
1202,27.5375,3,3,4,1111,20000,4,30.665,71.036,4,28,1,3,0,0,0,3140
1203,27.5449,2,2,4,1111,20000,4,18.037,46.421,3,28,0,3,0,0,0,3141
1204,27.5564,1,1,4,1111,20000,4,8.793,38.387,0,28,0,0,0,0,0,3143
1205,27.6252,4,4,4,1111,20000,4,54.429,94.766,4,28,0,3,0,1,0,3151
1206,27.6270,2,2,4,1111,20000,4,36.117,64.557,4,28,1,3,0,0,0,3152
1207,27.6394,2,2,4,1111,20000,4,27.686,59.822,1,28,0,0,0,1,0,3153
1208,27.6777,4,4,4,1111,20000,4,42.911,83.202,6,30,0,3,0,3,0,3158
1209,27.6787,2,2,4,1111,20000,4,23.774,52.129,2,30,0,2,0,0,0,3159
1210,27.6920,2,2,4,1111,20000,4,16.273,48.411,2,30,0,0,0,2,0,3160
1211,27.7387,4,4,4,1111,20000,4,39.792,80.112,7,30,1,3,0,3,0,3164
1212,27.7394,2,2,4,1111,20000,4,20.430,48.789,3,30,0,3,0,0,0,3164
1213,27.7560,2,2,4,1111,20000,4,16.110,48.291,3,30,0,0,0,3,0,3165
1214,27.7761,2,2,4,1111,20000,4,16.131,45.326,3,30,0,0,0,3,0,3167
1215,27.8017,1,1,4,1111,20000,4,14.829,38.874,0,30,0,0,0,0,0,3169
1216,27.8391,3,3,4,1111,20000,4,23.754,67.328,4,30,0,3,0,1,0,3175
1217,27.8517,2,2,4,1111,20000,4,15.694,47.844,3,30,0,0,0,3,0,3176
1218,27.8988,4,4,4,1111,20000,4,39.781,80.003,6,30,1,3,0,2,0,3181
1219,27.8995,2,2,4,1111,20000,4,20.469,48.726,3,30,0,3,0,0,0,3181
1220,27.9159,2,2,4,1111,20000,4,15.729,48.006,0,30,0,0,0,0,0,3184
1221,27.9625,4,4,4,1111,20000,4,39.522,79.702,4,30,0,3,0,1,0,3189
1222,27.9636,2,2,4,1111,20000,4,20.511,48.786,4,30,1,3,0,0,0,3189
1223,27.9802,2,2,4,1111,20000,4,16.055,48.226,1,30,0,0,0,1,0,3192
1224,28.0343,4,4,4,1111,20000,4,47.178,87.385,3,30,0,3,0,0,0,3199
1225,28.0353,2,2,4,1111,20000,4,28.040,56.319,3,30,0,3,0,0,0,3199
1226,28.0486,2,2,4,1111,20000,4,20.364,52.497,0,30,0,0,0,0,0,3200
1227,28.0911,4,4,4,1111,20000,4,39.931,80.121,4,30,0,3,0,1,0,3205
1228,28.0919,2,2,4,1111,20000,4,20.668,48.923,2,30,0,2,0,0,0,3205
1229,28.1083,2,2,4,1111,20000,4,16.006,48.173,1,30,0,0,0,1,0,3208
1230,28.1552,4,4,4,1111,20000,4,40.012,80.149,4,30,0,3,0,1,0,3213
1231,28.1561,2,2,4,1111,20000,4,20.825,48.986,3,30,0,3,0,0,0,3213
1232,28.1727,2,2,4,1111,20000,4,16.226,48.454,2,30,0,0,0,2,0,3216
1233,28.2478,4,4,4,1111,20000,4,68.561,108.707,6,31,0,3,0,3,0,3225
1234,28.2585,2,2,4,1111,20000,4,59.171,87.348,3,31,0,3,0,0,0,3227
1235,28.2603,2,2,4,1111,20000,4,39.775,71.911,3,31,0,0,0,3,0,3227
1236,28.2861,4,4,4,1111,20000,4,42.876,82.926,6,31,0,3,0,3,0,3230
1237,28.2869,2,2,4,1111,20000,4,23.559,51.677,3,31,0,3,0,0,0,3231
1238,28.3007,2,2,4,1111,20000,4,16.069,48.222,3,31,0,0,0,3,0,3232
1239,28.3473,4,4,4,1111,20000,4,40.025,80.080,6,31,0,3,0,3,0,3237
1240,28.3481,2,2,4,1111,20000,4,20.747,48.851,4,31,1,3,0,0,0,3237
1241,28.3647,2,2,4,1111,20000,4,16.064,48.213,3,31,0,0,0,3,0,3240
1242,28.4295,4,4,4,1111,20000,4,58.115,98.180,8,32,1,3,0,4,0,3248
1243,28.4300,2,2,4,1111,20000,4,38.567,66.674,4,32,1,3,0,0,0,3248
1244,28.4538,2,2,4,1111,20000,4,41.015,73.168,2,32,0,0,0,2,0,3251
1245,28.4782,4,4,4,1111,20000,4,42.837,82.840,5,32,0,3,0,2,0,3254
1246,28.4789,2,2,4,1111,20000,4,23.460,51.560,3,32,0,3,0,0,0,3255
1247,28.5048,2,2,4,1111,20000,4,27.981,60.135,3,32,0,0,0,3,0,3257
1248,28.5484,4,4,4,1111,20000,4,48.864,88.928,5,32,0,3,0,2,0,3262
1249,28.5491,2,2,4,1111,20000,4,29.491,57.588,3,32,0,3,0,0,0,3262
1250,28.5624,2,2,4,1111,20000,4,22.693,53.608,2,32,0,0,0,2,0,3263
1251,28.5878,3,3,4,1111,20000,4,23.681,64.348,6,32,0,3,0,3,0,3266
1252,28.5984,1,1,4,1111,20000,4,14.159,42.883,3,32,0,3,0,0,0,3267
1253,28.6208,2,2,4,1111,20000,4,15.783,47.975,3,32,0,0,0,3,0,3270
1254,28.6709,4,4,4,1111,20000,4,43.353,83.215,6,32,0,3,0,3,0,3276
1255,28.6718,2,2,4,1111,20000,4,24.229,52.205,3,32,0,3,0,0,0,3277
1256,28.6848,2,2,4,1111,20000,4,15.681,47.832,3,33,0,0,0,3,0,3278
1257,28.7318,4,4,4,1111,20000,4,40.301,80.209,7,33,0,3,0,4,0,3283
1258,28.7324,2,2,4,1111,20000,4,20.770,48.751,3,33,0,3,0,0,0,3283
1259,28.7493,2,2,4,1111,20000,4,16.139,48.293,4,33,0,0,0,4,0,3286
1260,28.7956,4,4,4,1111,20000,4,39.972,79.923,7,33,0,3,0,4,0,3291
1261,28.7962,2,2,4,1111,20000,4,20.382,48.412,3,33,0,3,0,0,0,3291
1262,28.8181,2,2,4,1111,20000,4,20.776,52.923,5,34,0,0,0,5,0,3294
1263,28.8598,4,4,4,1111,20000,4,40.140,79.972,8,34,0,3,0,5,0,3299
1264,28.8603,2,2,4,1111,20000,4,20.553,48.486,3,34,0,3,0,0,0,3299
1265,28.8773,2,2,4,1111,20000,4,15.892,48.069,5,34,0,0,0,5,0,3302
1266,28.9233,4,4,4,1111,20000,4,39.670,79.534,8,34,0,3,0,5,0,3306
1267,28.9241,2,2,4,1111,20000,4,20.329,48.266,3,34,0,3,0,0,0,3306
1268,28.9361,1,1,4,1111,20000,4,8.721,40.849,0,34,0,0,0,0,0,3307
1269,28.9702,3,3,4,1111,20000,4,22.488,62.365,2,34,0,2,0,0,0,3311
1270,28.9931,2,2,4,1111,20000,4,25.236,53.159,3,34,0,3,0,0,0,3315
1271,29.0143,2,2,4,1111,20000,4,24.759,56.911,5,34,0,0,0,5,0,3317
1272,29.0530,4,4,4,1111,20000,4,41.206,81.027,6,34,0,2,0,4,0,3321
1273,29.0546,2,2,4,1111,20000,4,22.662,50.582,2,34,0,2,0,0,0,3322
1274,29.0696,2,2,4,1111,20000,4,15.932,48.163,5,34,0,0,0,5,0,3324
1275,29.1158,4,4,4,1111,20000,4,39.979,79.730,6,34,0,2,0,4,0,3329
1276,29.1164,2,2,4,1111,20000,4,20.570,48.390,2,34,0,2,0,0,0,3329
1277,29.1335,2,2,4,1111,20000,4,15.824,47.978,4,34,0,0,0,4,0,3331
1278,29.1605,3,3,4,1111,20000,4,22.707,60.426,6,34,0,2,0,4,0,3333
1279,29.1672,1,1,4,1111,20000,4,8.934,47.729,0,34,0,0,0,0,0,3333
1280,29.2223,2,2,4,1111,20000,4,40.452,82.582,5,34,0,0,0,5,0,3339
1281,29.2230,2,2,4,1111,20000,4,19.143,51.250,4,34,0,0,0,4,0,3339
1282,29.2397,2,2,4,1111,20000,4,15.756,43.512,2,34,0,2,0,0,0,3341
1283,29.2617,2,2,4,1111,20000,4,15.847,47.970,2,34,0,0,0,2,0,3344
1284,29.3075,4,4,4,1111,20000,4,39.585,79.264,5,34,0,2,0,3,0,3349
1285,29.3085,2,2,4,1111,20000,4,20.470,48.214,3,34,0,3,0,0,0,3349
1286,29.3258,2,2,4,1111,20000,4,15.853,48.028,1,34,0,0,0,1,0,3352
1287,29.3717,4,4,4,1111,20000,4,39.781,79.388,5,34,0,3,0,2,0,3357
1288,29.3725,2,2,4,1111,20000,4,20.495,48.175,3,34,0,3,0,0,0,3357
1289,29.4060,2,2,4,1111,20000,4,31.973,64.169,1,34,0,0,0,1,0,3362
1290,29.4421,4,4,4,1111,20000,4,46.090,85.725,4,34,0,3,0,1,0,3367
1291,29.4438,2,2,4,1111,20000,4,27.721,55.396,3,34,0,3,0,0,0,3367
1292,29.4564,2,2,4,1111,20000,4,18.317,50.454,1,34,0,0,0,1,0,3368
1293,29.4999,4,4,4,1111,20000,4,39.868,79.504,4,34,0,3,0,1,0,3373
1294,29.5006,2,2,4,1111,20000,4,20.476,48.180,3,34,0,3,0,0,0,3373
1295,29.5429,2,2,4,1111,20000,4,40.658,72.841,2,34,0,0,0,2,0,3379
1296,29.5715,4,4,4,1111,20000,4,47.415,86.991,5,34,0,3,0,2,0,3383
1297,29.5724,2,2,4,1111,20000,4,28.252,55.895,3,34,0,3,0,0,0,3383
1298,29.5864,2,2,4,1111,20000,4,20.054,52.289,2,34,0,0,0,2,0,3384
1299,29.6588,4,4,4,1111,20000,4,70.607,110.206,5,34,0,3,0,2,0,3393
1300,29.6596,2,2,4,1111,20000,4,51.358,79.050,3,34,0,3,0,0,0,3393
1301,29.6607,2,2,4,1111,20000,4,30.253,62.408,2,34,0,0,0,2,0,3393
1302,29.6973,4,4,4,1111,20000,4,45.208,84.734,4,34,0,2,0,2,0,3399
1303,29.6981,2,2,4,1111,20000,4,25.869,53.440,3,34,0,3,0,0,0,3399
1304,29.7118,2,2,4,1111,20000,4,17.345,49.483,2,34,0,0,0,2,0,3400
1305,29.7513,4,4,4,1111,20000,4,35.054,74.614,5,34,0,3,0,2,0,3405
1306,29.7558,2,2,4,1111,20000,4,19.533,47.138,3,34,0,3,0,0,0,3405
1307,29.7741,2,2,4,1111,20000,4,15.547,47.732,2,34,0,0,0,2,0,3408
1308,29.8248,4,4,4,1111,20000,4,44.521,84.026,5,34,0,3,0,2,0,3415
1309,29.8256,2,2,4,1111,20000,4,25.237,52.792,3,34,0,3,0,0,0,3415
1310,29.8397,2,2,4,1111,20000,4,17.056,49.219,2,34,0,0,0,2,0,3416
1311,29.8839,4,4,4,1111,20000,4,39.586,79.074,5,34,0,3,0,2,0,3421
1312,29.8847,2,2,4,1111,20000,4,20.333,47.876,3,34,0,3,0,0,0,3421
1313,29.9026,2,2,4,1111,20000,4,15.847,47.998,2,34,0,0,0,2,0,3424
1314,29.9481,4,4,4,1111,20000,4,39.774,79.238,5,34,0,3,0,2,0,3428
1315,29.9489,2,2,4,1111,20000,4,20.441,47.938,3,34,0,3,0,0,0,3428
1316,29.9645,2,2,4,1111,20000,4,15.937,45.817,2,34,0,0,0,2,0,3430
1317,29.9995,3,3,4,1111,20000,4,22.367,66.568,4,34,0,2,0,2,0,3434
1318,30.0378,3,3,4,1111,20000,4,33.372,72.823,5,34,0,3,0,2,0,3439
1319,30.0435,2,2,4,1111,20000,4,18.953,46.458,3,34,0,3,0,0,0,3439
1320,30.0626,2,2,4,1111,20000,4,15.707,47.858,2,34,0,0,0,2,0,3442
1321,30.1053,4,4,4,1111,20000,4,36.869,76.250,5,34,0,3,0,2,0,3447
1322,30.1086,2,2,4,1111,20000,4,20.127,47.569,3,34,0,3,0,0,0,3447
1323,30.1269,2,2,4,1111,20000,4,15.850,48.016,3,34,0,0,0,3,0,3450
1324,30.1721,4,4,4,1111,20000,4,39.672,79.026,6,34,0,3,0,3,0,3455
1325,30.1729,2,2,4,1111,20000,4,20.369,47.783,2,34,0,2,0,0,0,3455
1326,30.2002,2,2,4,1111,20000,4,25.102,57.263,4,35,0,0,0,4,0,3459
1327,30.2454,4,4,4,1111,20000,4,48.942,88.249,6,35,0,3,0,3,0,3465
1328,30.2462,2,2,4,1111,20000,4,29.589,56.936,3,35,0,3,0,0,0,3465
1329,30.2593,2,2,4,1111,20000,4,20.161,52.277,3,35,0,0,0,3,0,3466
1330,30.3005,4,4,4,1111,20000,4,39.908,79.223,5,35,0,3,0,2,0,3471
1331,30.3012,2,2,4,1111,20000,4,20.578,47.955,3,35,0,3,0,0,0,3471
1332,30.3205,2,2,4,1111,20000,4,15.876,49.383,2,35,0,0,0,2,0,3473
1333,30.3553,3,3,4,1111,20000,4,22.134,70.001,3,35,0,3,0,0,0,3476
1334,30.3789,3,3,4,1111,20000,4,22.261,61.566,3,35,0,3,0,0,0,3479
1335,30.4050,2,2,4,1111,20000,4,28.260,55.632,3,35,0,3,0,0,0,3483
1336,30.4222,2,2,4,1111,20000,4,22.757,54.931,0,35,0,0,0,0,0,3485
1337,30.4601,4,4,4,1111,20000,4,39.409,78.650,3,35,0,3,0,0,0,3489
1338,30.4609,2,2,4,1111,20000,4,20.200,47.497,3,35,0,3,0,0,0,3489
1339,30.4792,2,2,4,1111,20000,4,15.752,47.896,0,35,0,0,0,0,0,3492
1340,30.5415,4,4,4,1111,20000,4,56.776,96.045,3,35,0,3,0,0,0,3499
1341,30.5429,2,2,4,1111,20000,4,38.087,65.407,2,35,0,2,0,0,0,3499
1342,30.5641,2,2,4,1111,20000,4,36.549,68.705,0,35,0,0,0,0,0,3501
1343,30.5866,4,4,4,1111,20000,4,37.814,77.010,3,35,0,3,0,0,0,3502
1344,30.5868,1,1,4,1111,20000,4,17.921,38.157,0,35,0,0,0,0,0,3502
1345,30.6018,1,1,4,1111,20000,4,10.104,42.315,0,35,0,0,0,0,0,3503
1346,30.6356,2,2,4,1111,20000,4,22.737,54.951,0,35,0,0,0,0,0,3507
1347,30.6522,2,2,4,1111,20000,4,19.246,46.502,3,35,0,3,0,0,0,3509
1348,30.6722,2,2,4,1111,20000,4,16.457,48.634,0,35,0,0,0,0,0,3512
1349,30.7169,4,4,4,1111,20000,4,40.071,79.244,3,35,0,3,0,0,0,3517
1350,30.7177,2,2,4,1111,20000,4,20.759,48.008,3,35,0,3,0,0,0,3517
1351,30.7360,2,2,4,1111,20000,4,16.085,48.256,0,35,0,0,0,0,0,3520
1352,30.7781,4,4,4,1111,20000,4,37.250,76.379,3,35,0,3,0,0,0,3525
1353,30.7815,2,2,4,1111,20000,4,20.476,47.697,3,35,0,3,0,0,0,3525
1354,30.8128,2,2,4,1111,20000,4,28.872,61.035,0,35,0,0,0,0,0,3529
1355,30.8569,4,4,4,1111,20000,4,51.988,91.116,2,35,0,2,0,0,0,3535
1356,30.8579,2,2,4,1111,20000,4,32.891,60.073,3,35,0,3,0,0,0,3535
1357,30.8716,2,2,4,1111,20000,4,23.547,55.689,0,35,0,0,0,0,0,3537
1358,30.9094,4,4,4,1111,20000,4,40.446,79.527,3,35,0,3,0,0,0,3541
1359,30.9102,2,2,4,1111,20000,4,21.110,48.275,3,35,0,3,0,0,0,3541
1360,30.9283,2,2,4,1111,20000,4,16.118,48.307,0,35,0,0,0,0,0,3544
1361,30.9730,4,4,4,1111,20000,4,39.944,79.006,3,35,0,3,0,0,0,3549
1362,30.9737,2,2,4,1111,20000,4,20.596,47.764,3,35,0,3,0,0,0,3549
1363,30.9924,2,2,4,1111,20000,4,16.181,48.335,0,35,0,0,0,0,0,3552
1364,31.0442,4,4,4,1111,20000,4,47.126,86.173,3,35,0,3,0,0,0,3559
1365,31.0457,2,2,4,1111,20000,4,28.476,55.610,3,35,0,3,0,0,0,3559
1366,31.0583,2,2,4,1111,20000,4,17.993,50.156,0,35,0,0,0,0,0,3560
1367,31.0833,3,3,4,1111,20000,4,22.227,61.250,3,35,0,3,0,0,0,3563
1368,31.1085,3,3,4,1111,20000,4,22.272,67.333,3,35,0,3,0,0,0,3567
1369,31.1497,4,4,4,1111,20000,4,34.891,77.489,3,35,0,3,0,0,0,3571
1370,31.1551,2,2,4,1111,20000,4,18.685,50.851,0,35,0,0,0,0,0,3572
1371,31.1793,3,3,4,1111,20000,4,22.114,61.093,3,35,0,3,0,0,0,3575
1372,31.2044,3,3,4,1111,20000,4,22.106,67.179,3,35,0,3,0,0,0,3579
1373,31.2457,4,4,4,1111,20000,4,34.834,77.407,2,35,0,2,0,0,0,3583
1374,31.2513,2,2,4,1111,20000,4,18.819,50.963,0,35,0,0,0,0,0,3584
1375,31.2754,3,3,4,1111,20000,4,22.172,61.123,3,35,0,3,0,0,0,3587
1376,31.3006,3,3,4,1111,20000,4,22.218,67.302,3,35,0,3,0,0,0,3591
1377,31.3414,4,4,4,1111,20000,4,34.463,76.984,3,35,0,3,0,0,0,3595
1378,31.3472,2,2,4,1111,20000,4,18.567,50.688,0,35,0,0,0,0,0,3596
1379,31.3858,4,4,4,1111,20000,4,28.634,75.479,3,35,0,3,0,0,0,3599
1380,31.4177,3,3,4,1111,20000,4,31.682,75.316,3,35,0,3,0,0,0,3603
1381,31.4289,1,1,4,1111,20000,4,22.727,54.430,2,35,0,2,0,0,0,3605
1382,31.4703,4,4,4,1111,20000,4,35.624,77.696,3,35,0,3,0,0,0,3609
1383,31.4758,2,2,4,1111,20000,4,19.024,51.142,0,35,0,0,0,0,0,3610
1384,31.4997,3,3,4,1111,20000,4,22.302,61.183,3,35,0,3,0,0,0,3613
1385,31.5475,3,3,4,1111,20000,4,44.836,90.003,3,35,0,3,0,0,0,3619
1386,31.5752,4,4,4,1111,20000,4,43.983,86.444,3,35,0,3,0,0,0,3623
1387,31.5759,2,2,4,1111,20000,4,22.917,55.087,0,35,0,0,0,0,0,3623
1388,31.5959,3,3,4,1111,20000,4,22.539,61.357,3,35,0,3,0,0,0,3625
1389,31.6370,3,3,4,1111,20000,4,38.218,83.395,3,35,0,3,0,0,0,3630
1390,31.6730,4,4,4,1111,20000,4,45.612,88.098,3,35,0,3,0,0,0,3635
1391,31.6735,2,2,4,1111,20000,4,24.403,56.564,0,35,0,0,0,0,0,3635
1392,31.6937,3,3,4,1111,20000,4,24.220,62.967,4,36,1,3,0,0,0,3637
1393,31.7171,3,3,4,1111,20000,4,22.219,67.386,4,36,1,3,0,0,0,3640
1394,31.7569,4,4,4,1111,20000,4,34.562,75.926,4,36,1,3,0,0,0,3643
1395,31.7571,1,1,4,1111,20000,4,14.680,43.329,0,36,0,0,0,0,0,3643
1396,31.7817,2,2,4,1111,20000,4,16.105,54.916,4,36,1,3,0,0,0,3647
1397,31.8368,3,3,4,1111,20000,4,45.771,90.968,4,36,1,3,0,0,0,3653
1398,31.8633,4,4,4,1111,20000,4,43.725,86.171,4,36,1,3,0,0,0,3657
1399,31.8641,2,2,4,1111,20000,4,22.827,54.981,0,36,0,0,0,0,0,3657
1400,31.8839,3,3,4,1111,20000,4,22.387,61.083,4,36,1,3,0,0,0,3659
1401,31.9093,3,3,4,1111,20000,4,22.227,67.424,3,36,1,2,0,0,0,3663
1402,31.9504,4,4,4,1111,20000,4,34.770,77.173,3,36,1,2,0,0,0,3667
1403,31.9558,2,2,4,1111,20000,4,18.422,50.541,0,36,0,0,0,0,0,3667
1404,31.9798,3,3,4,1111,20000,4,22.262,60.789,4,36,1,3,0,0,0,3669
1405,31.9939,2,2,4,1111,20000,4,15.918,55.922,1,36,1,0,0,0,0,3670
1406,32.0190,1,1,4,1111,20000,4,17.368,49.570,0,36,0,0,0,0,0,3672
1407,32.0460,2,2,4,1111,20000,4,15.809,56.368,1,36,1,0,0,0,0,3675
1408,32.0759,3,3,4,1111,20000,4,22.137,60.755,4,36,1,3,0,0,0,3679
1409,32.1013,3,3,4,1111,20000,4,22.069,67.263,4,36,1,3,0,0,0,3683
1410,32.1424,4,4,4,1111,20000,4,34.612,76.909,4,36,1,3,0,0,0,3687
1411,32.1479,2,2,4,1111,20000,4,18.260,50.398,0,36,0,0,0,0,0,3688
1412,32.1919,4,4,4,1111,20000,4,33.676,80.738,4,36,1,3,0,0,0,3693
1413,32.2040,3,3,4,1111,20000,4,22.182,60.749,5,37,2,3,0,0,0,3695
1414,32.2296,3,3,4,1111,20000,4,22.182,67.383,5,37,2,3,0,0,0,3699
1415,32.2704,4,4,4,1111,20000,4,34.406,76.713,4,37,1,3,0,0,0,3703
1416,32.2761,2,2,4,1111,20000,4,18.249,50.359,0,37,0,0,0,0,0,3704
1417,32.3201,4,4,4,1111,20000,4,33.741,80.742,4,37,1,3,0,0,0,3709
1418,32.3320,3,3,4,1111,20000,4,22.158,60.694,5,37,2,3,0,0,0,3711
1419,32.3576,3,3,4,1111,20000,4,22.086,67.308,3,37,1,2,0,0,0,3715
1420,32.3982,4,4,4,1111,20000,4,34.089,76.326,4,37,1,3,0,0,0,3719
1421,32.4041,2,2,4,1111,20000,4,18.146,50.265,0,37,0,0,0,0,0,3720
1422,32.4480,4,4,4,1111,20000,4,33.615,80.600,4,37,1,3,0,0,0,3725
1423,32.4601,3,3,4,1111,20000,4,22.177,60.656,5,38,1,3,0,1,0,3727
1424,32.4857,3,3,4,1111,20000,4,22.063,67.274,4,38,1,3,0,0,0,3731
1425,32.5426,4,4,4,1111,20000,4,50.458,92.624,6,38,2,3,0,1,0,3737
1426,32.5468,2,2,4,1111,20000,4,32.557,64.724,1,38,0,0,0,1,0,3739
1427,32.5767,4,4,4,1111,20000,4,34.147,81.073,6,38,2,3,0,1,0,3741
1428,32.5888,3,3,4,1111,20000,4,22.734,61.197,5,38,1,3,0,1,0,3743
1429,32.6143,3,3,4,1111,20000,4,22.448,67.779,4,38,1,3,0,0,0,3747
1430,32.6752,4,4,4,1111,20000,4,55.962,96.962,4,38,1,3,0,0,0,3755
1431,32.6760,2,2,4,1111,20000,4,36.678,65.707,1,38,0,0,0,1,0,3755
1432,32.6891,2,2,4,1111,20000,4,26.943,65.308,3,38,1,2,0,0,0,3756
1433,32.7174,4,4,4,1111,20000,4,29.485,75.134,4,38,1,2,0,1,0,3759
1434,32.7549,4,4,4,1111,20000,4,39.673,80.548,3,38,1,2,0,0,0,3764
1435,32.7555,2,2,4,1111,20000,4,20.246,49.163,1,38,0,0,0,1,0,3764
1436,32.7986,4,4,4,1111,20000,4,34.754,78.812,4,38,1,3,0,0,0,3767
1437,32.7990,1,1,4,1111,20000,4,15.023,47.125,3,38,0,3,0,0,0,3767
1438,32.8580,3,3,4,1111,20000,4,46.691,87.525,3,38,0,3,0,0,0,3775
1439,32.8589,2,2,4,1111,20000,4,27.477,56.371,0,38,0,0,0,0,0,3775
1440,32.8738,2,2,4,1111,20000,4,19.562,57.878,2,38,0,2,0,0,0,3777
1441,32.9085,4,4,4,1111,20000,4,28.374,73.966,4,38,0,3,0,1,0,3781
1442,32.9467,4,4,4,1111,20000,4,39.294,80.089,5,38,1,3,0,1,0,3786
1443,32.9475,2,2,4,1111,20000,4,19.982,48.849,0,38,0,0,0,0,0,3786
1444,32.9661,2,2,4,1111,20000,4,15.767,54.080,4,38,1,3,0,0,0,3789
1445,33.0048,4,4,4,1111,20000,4,28.632,74.158,4,38,1,3,0,0,0,3793
1446,33.0607,4,4,4,1111,20000,4,57.142,97.978,5,38,1,3,0,1,0,3801
1447,33.0663,2,2,4,1111,20000,4,42.575,71.499,1,38,0,0,0,1,0,3801
1448,33.0747,2,2,4,1111,20000,4,28.386,66.643,4,38,1,3,0,0,0,3802
1449,33.1006,4,4,4,1111,20000,4,28.282,73.796,4,38,1,3,0,0,0,3805
1450,33.1392,4,4,4,1111,20000,4,39.652,80.394,4,38,1,3,0,0,0,3809
1451,33.1400,2,2,4,1111,20000,4,20.326,49.125,0,38,0,0,0,0,0,3809
1452,33.1585,2,2,4,1111,20000,4,15.991,54.275,4,38,1,3,0,0,0,3811
1453,33.1874,3,3,4,1111,20000,4,23.747,64.331,3,38,1,2,0,0,0,3815
1454,33.1932,1,1,4,1111,20000,4,9.443,38.107,0,38,0,0,0,0,0,3815
1455,33.2223,2,2,4,1111,20000,4,15.789,53.980,4,38,1,3,0,0,0,3819
1456,33.2607,4,4,4,1111,20000,4,28.236,73.691,4,38,1,3,0,0,0,3823
1457,33.2994,4,4,4,1111,20000,4,39.745,80.356,5,38,1,3,0,1,0,3828
1458,33.3003,2,2,4,1111,20000,4,20.569,49.215,1,38,0,0,0,1,0,3828
1459,33.3184,2,2,4,1111,20000,4,15.798,54.007,4,38,1,3,0,0,0,3831
1460,33.3568,4,4,4,1111,20000,4,28.244,73.657,4,38,1,3,0,0,0,3835
1461,33.3956,4,4,4,1111,20000,4,39.921,80.481,3,38,1,2,0,0,0,3837
1462,33.3964,2,2,4,1111,20000,4,20.580,49.152,0,38,0,0,0,0,0,3837
1463,33.4047,1,1,4,1111,20000,4,8.866,38.247,1,38,1,0,0,0,0,3838
1464,33.4401,2,2,4,1111,20000,4,15.728,60.827,2,38,1,0,0,1,0,3841
1465,33.4739,3,3,4,1111,20000,4,22.096,62.615,5,38,1,3,0,1,0,3845
1466,33.4876,2,2,4,1111,20000,4,15.674,44.243,1,38,0,0,0,1,0,3847
1467,33.5107,2,2,4,1111,20000,4,16.057,54.181,4,38,1,3,0,0,0,3851
1468,33.5724,4,4,4,1111,20000,4,56.393,97.054,5,38,1,3,0,1,0,3859
1469,33.5730,2,2,4,1111,20000,4,36.913,65.597,0,38,0,0,0,0,0,3859
1470,33.5864,2,2,4,1111,20000,4,27.703,65.507,3,38,1,2,0,0,0,3860
1471,33.6133,4,4,4,1111,20000,4,28.510,73.911,4,38,1,3,0,0,0,3863
1472,33.6697,4,4,4,1111,20000,4,56.253,98.233,4,38,1,3,0,0,0,3871
1473,33.6704,2,2,4,1111,20000,4,36.846,66.882,0,38,0,0,0,0,0,3871
1474,33.6838,2,2,4,1111,20000,4,29.062,67.105,4,38,1,3,0,0,0,3872
1475,33.7094,4,4,4,1111,20000,4,28.498,73.894,4,38,1,2,0,1,0,3875
1476,33.7479,4,4,4,1111,20000,4,39.691,80.342,5,38,1,3,0,1,0,3880
1477,33.7487,2,2,4,1111,20000,4,20.373,49.091,1,38,0,0,0,1,0,3880
1478,33.7667,2,2,4,1111,20000,4,15.813,53.836,4,38,1,3,0,0,0,3883
1479,33.8119,4,4,4,1111,20000,4,39.611,80.291,5,38,1,3,0,1,0,3888
1480,33.8127,2,2,4,1111,20000,4,20.251,49.009,2,39,0,0,1,1,0,3888
1481,33.8397,2,2,4,1111,20000,4,24.731,62.765,3,39,1,2,0,0,0,3891
1482,33.8704,4,4,4,1111,20000,4,29.342,74.741,6,39,1,3,1,1,0,3895
1483,33.9080,4,4,4,1111,20000,4,39.660,80.323,4,39,1,2,0,1,0,3900
1484,33.9088,2,2,4,1111,20000,4,20.355,49.087,1,39,0,0,0,1,0,3900
1485,33.9267,2,2,4,1111,20000,4,15.737,53.694,4,39,1,3,0,0,0,3903
1486,33.9719,4,4,4,1111,20000,4,39.458,80.167,5,39,1,3,0,1,0,3908
1487,33.9727,2,2,4,1111,20000,4,20.088,48.887,1,39,0,0,0,1,0,3908
1488,33.9911,2,2,4,1111,20000,4,16.119,54.058,4,39,1,3,0,0,0,3911
1489,34.0592,4,4,4,1111,20000,4,57.847,103.382,5,39,1,3,0,1,0,3919
1490,34.0802,4,4,4,1111,20000,4,51.597,92.352,5,39,1,3,0,1,0,3921
1491,34.0809,2,2,4,1111,20000,4,32.226,61.051,1,39,0,0,0,1,0,3921
1492,34.0941,2,2,4,1111,20000,4,23.069,60.942,3,39,1,2,0,0,0,3923
1493,34.1258,4,4,4,1111,20000,4,28.439,73.852,4,39,1,3,0,0,0,3927
1494,34.1646,4,4,4,1111,20000,4,39.826,80.670,4,39,1,3,0,0,0,3932
1495,34.1653,2,2,4,1111,20000,4,20.367,49.299,0,39,0,0,0,0,0,3932
1496,34.2081,4,4,4,1111,20000,4,34.722,78.888,4,39,1,3,0,0,0,3935
1497,34.2084,1,1,4,1111,20000,4,14.987,47.153,3,39,0,3,0,0,0,3935
1498,34.2640,3,3,4,1111,20000,4,43.175,83.986,2,39,0,2,0,0,0,3943
1499,34.2653,2,2,4,1111,20000,4,24.331,53.230,0,39,0,0,0,0,0,3943
1500,34.2789,2,2,4,1111,20000,4,15.788,53.561,4,39,1,3,0,0,0,3945
1501,34.3247,4,4,4,1111,20000,4,39.681,80.577,4,39,1,3,0,0,0,3950
1502,34.3253,2,2,4,1111,20000,4,20.250,49.224,0,39,0,0,0,0,0,3950
1503,34.3431,2,2,4,1111,20000,4,15.866,53.650,4,39,1,3,0,0,0,3953
1504,34.3887,4,4,4,1111,20000,4,39.699,80.618,3,39,1,2,0,0,0,3958
1505,34.3895,2,2,4,1111,20000,4,20.321,49.304,0,39,0,0,0,0,0,3958
1506,34.4071,2,2,4,1111,20000,4,15.811,53.593,4,39,1,3,0,0,0,3961
1507,34.4526,4,4,4,1111,20000,4,39.473,80.396,4,39,1,3,0,0,0,3966
1508,34.4532,2,2,4,1111,20000,4,20.002,48.988,0,39,0,0,0,0,0,3966
1509,34.4711,2,2,4,1111,20000,4,15.753,53.510,4,39,1,3,0,0,0,3969
1510,34.5170,4,4,4,1111,20000,4,39.777,80.726,4,39,1,3,0,0,0,3974
1511,34.5176,2,2,4,1111,20000,4,20.307,49.319,0,39,0,0,0,0,0,3974
1512,34.5353,2,2,4,1111,20000,4,15.914,53.697,4,39,1,3,0,0,0,3976
1513,34.5746,4,4,4,1111,20000,4,28.791,74.316,4,39,1,3,0,0,0,3979
1514,34.5979,3,3,4,1111,20000,4,23.518,65.574,4,39,1,3,0,0,0,3983
1515,34.6043,1,1,4,1111,20000,4,9.838,39.968,0,39,0,0,0,0,0,3983
1516,34.6377,2,2,4,1111,20000,4,22.262,59.989,4,39,1,3,0,0,0,3987
1517,34.6800,4,4,4,1111,20000,4,42.515,83.572,5,40,1,3,1,0,0,3993
1518,34.6808,2,2,4,1111,20000,4,23.264,52.384,1,40,0,0,1,0,0,3993
1519,34.6952,2,2,4,1111,20000,4,15.801,53.408,4,40,1,3,0,0,0,3995
1520,34.7412,4,4,4,1111,20000,4,39.667,80.784,5,40,1,3,1,0,0,4000
1521,34.7419,2,2,4,1111,20000,4,20.279,49.459,1,40,0,0,1,0,0,4000
1522,34.7593,2,2,4,1111,20000,4,15.789,53.445,4,40,1,3,0,0,0,4003
1523,34.8053,4,4,4,1111,20000,4,39.642,80.745,5,40,1,3,1,0,0,4005
1524,34.8058,2,2,4,1111,20000,4,20.135,49.296,1,40,0,0,1,0,0,4005
1525,34.8147,1,1,4,1111,20000,4,8.888,39.279,1,40,1,0,0,0,0,4006
1526,34.8500,2,2,4,1111,20000,4,15.895,60.855,1,40,1,0,0,0,0,4009
1527,34.8839,3,3,4,1111,20000,4,22.141,62.689,4,40,1,3,0,0,0,4013
1528,34.8976,2,2,4,1111,20000,4,15.735,44.930,1,40,0,0,1,0,0,4015
1529,34.9193,2,2,4,1111,20000,4,15.722,53.280,4,40,1,3,0,0,0,4019
1530,34.9655,4,4,4,1111,20000,4,39.710,80.856,5,40,1,3,1,0,0,4024
1531,34.9662,2,2,4,1111,20000,4,20.314,49.519,1,40,0,0,1,0,0,4024
1532,34.9835,2,2,4,1111,20000,4,15.889,53.461,4,40,1,3,0,0,0,4027
1533,35.0506,4,4,4,1111,20000,4,60.686,101.905,5,40,1,3,1,0,0,4035
1534,35.0525,2,2,4,1111,20000,4,42.472,71.775,1,40,0,0,1,0,0,4035
1535,35.0574,2,2,4,1111,20000,4,25.672,63.173,4,40,1,3,0,0,0,4035
1536,35.0873,4,4,4,1111,20000,4,28.953,74.507,5,40,1,3,1,0,0,4039
1537,35.1259,4,4,4,1111,20000,4,39.876,81.073,5,40,1,3,1,0,0,4044
1538,35.1266,2,2,4,1111,20000,4,20.478,49.757,1,40,0,0,1,0,0,4044
1539,35.1435,2,2,4,1111,20000,4,15.708,53.216,3,40,1,2,0,0,0,4047
1540,35.1899,4,4,4,1111,20000,4,39.738,81.006,4,40,1,2,1,0,0,4052
1541,35.1903,2,2,4,1111,20000,4,20.076,49.403,1,40,0,0,1,0,0,4052
1542,35.2080,2,2,4,1111,20000,4,16.197,53.712,3,40,1,2,0,0,0,4055
1543,35.2624,4,4,4,1111,20000,4,48.203,89.524,4,40,1,2,1,0,0,4061
1544,35.2632,2,2,4,1111,20000,4,28.873,58.226,1,40,0,0,1,0,0,4061
1545,35.2771,2,2,4,1111,20000,4,21.290,58.701,3,40,1,2,0,0,0,4063
1546,35.3110,4,4,4,1111,20000,4,28.415,73.994,4,40,1,2,1,0,0,4067
1547,35.3505,4,4,4,1111,20000,4,40.120,81.463,5,40,1,3,1,0,0,4072
1548,35.3511,2,2,4,1111,20000,4,20.710,50.097,1,40,0,0,1,0,0,4072
1549,35.3678,2,2,4,1111,20000,4,15.851,53.297,4,40,1,3,0,0,0,4075
1550,35.4143,4,4,4,1111,20000,4,39.824,81.202,5,40,1,3,1,0,0,4080
1551,35.4148,2,2,4,1111,20000,4,20.297,49.730,1,40,0,0,1,0,0,4080
1552,35.4404,2,2,4,1111,20000,4,24.472,61.832,4,40,1,3,0,0,0,4083
1553,35.4853,4,4,4,1111,20000,4,46.830,88.166,5,40,1,3,1,0,0,4089
1554,35.4860,2,2,4,1111,20000,4,27.416,56.848,1,40,0,0,1,0,0,4089
1555,35.4996,2,2,4,1111,20000,4,19.711,57.041,3,40,1,2,0,0,0,4091
1556,35.5355,4,4,4,1111,20000,4,28.692,74.312,5,40,1,3,1,0,0,4095
1557,35.5904,4,4,4,1111,20000,4,55.710,97.214,4,40,1,3,0,0,0,4102
1558,35.5912,2,2,4,1111,20000,4,36.351,65.910,0,40,0,0,0,0,0,4102
1559,35.6235,4,4,4,1111,20000,4,40.179,84.810,5,40,1,3,1,0,0,4105
1560,35.6366,3,3,4,1111,20000,4,24.682,65.832,4,40,0,3,1,0,0,4106
1561,35.6419,1,1,4,1111,20000,4,9.867,39.110,3,40,0,3,0,0,0,4107
1562,35.6696,2,2,4,1111,20000,4,17.469,48.266,1,40,0,0,1,0,0,4110
1563,35.7121,4,4,4,1111,20000,4,31.595,77.233,5,40,1,3,1,0,0,4115
1564,35.7204,2,2,4,1111,20000,4,16.253,53.495,3,40,1,2,0,0,0,4117
1565,35.7665,4,4,4,1111,20000,4,39.624,81.158,5,40,1,3,1,0,0,4122
1566,35.7673,2,2,4,1111,20000,4,20.275,49.887,1,40,0,0,1,0,0,4122
1567,35.7839,2,2,4,1111,20000,4,15.752,53.022,4,40,1,3,0,0,0,4125
1568,35.8310,4,4,4,1111,20000,4,39.978,81.541,4,40,1,2,1,0,0,4130
1569,35.8318,2,2,4,1111,20000,4,20.673,50.291,1,40,0,0,1,0,0,4130
1570,35.8481,2,2,4,1111,20000,4,15.880,53.130,3,40,1,2,0,0,0,4133
1571,35.8944,4,4,4,1111,20000,4,39.359,80.922,5,40,1,3,1,0,0,4138
1572,35.8953,2,2,4,1111,20000,4,20.112,49.743,1,40,0,0,1,0,0,4138
1573,35.9123,2,2,4,1111,20000,4,15.990,53.249,4,40,1,3,0,0,0,4141
1574,35.9591,4,4,4,1111,20000,4,39.901,81.521,5,40,1,3,1,0,0,4145
1575,35.9597,2,2,4,1111,20000,4,20.462,50.137,1,40,0,0,1,0,0,4145
1576,35.9763,2,2,4,1111,20000,4,15.973,53.150,3,40,1,2,0,0,0,4147
1577,36.0095,3,3,4,1111,20000,4,22.170,67.844,4,40,1,2,1,0,0,4151
1578,36.0375,3,3,4,1111,20000,4,22.146,63.835,4,40,1,2,1,0,0,4153
1579,36.0511,2,2,4,1111,20000,4,15.708,45.452,1,40,0,0,1,0,0,4155
1580,36.0720,2,2,4,1111,20000,4,15.686,52.802,3,40,1,2,0,0,0,4159
1581,36.1189,4,4,4,1111,20000,4,39.573,81.190,3,40,1,2,0,0,0,4164
1582,36.1198,2,2,4,1111,20000,4,20.325,50.040,1,40,0,0,1,0,0,4164
1583,36.1362,2,2,4,1111,20000,4,15.808,52.918,3,40,1,2,0,0,0,4167
1584,36.1831,4,4,4,1111,20000,4,39.653,81.329,4,40,1,3,0,0,0,4171
1585,36.1838,2,2,4,1111,20000,4,20.283,50.014,0,40,0,0,0,0,0,4171
1586,36.1997,2,2,4,1111,20000,4,16.009,52.333,4,40,1,3,0,0,0,4173
1587,36.2433,3,3,4,1111,20000,4,31.087,77.535,1,40,1,0,0,0,0,4175
1588,36.2606,2,2,4,1111,20000,4,19.811,61.596,1,40,1,0,0,0,0,4177
1589,36.2708,1,1,4,1111,20000,4,9.917,39.736,0,40,0,0,0,0,0,4179
1590,36.3211,4,4,4,1111,20000,4,32.225,77.575,2,40,1,1,0,0,0,4185
1591,36.3293,2,2,4,1111,20000,4,16.773,53.830,2,40,1,1,0,0,0,4187
1592,36.3754,4,4,4,1111,20000,4,39.685,81.471,3,40,1,2,0,0,0,4192
1593,36.3761,2,2,4,1111,20000,4,20.357,50.161,0,40,0,0,0,0,0,4192
1594,36.3924,2,2,4,1111,20000,4,15.862,52.886,3,40,0,3,0,0,0,4195
1595,36.4430,4,4,4,1111,20000,4,43.183,84.994,3,40,0,3,0,0,0,4201
1596,36.4602,2,2,4,1111,20000,4,40.248,70.172,0,40,0,0,0,0,0,4203
1597,36.4674,2,2,4,1111,20000,4,26.768,63.777,3,40,0,3,0,0,0,4203
1598,36.5036,4,4,4,1111,20000,4,39.634,81.495,4,40,1,3,0,0,0,4208
1599,36.5041,2,2,4,1111,20000,4,20.121,49.986,0,40,0,0,0,0,0,4208
1600,36.5208,2,2,4,1111,20000,4,16.050,53.104,3,40,0,3,0,0,0,4211
1601,36.5834,4,4,4,1111,20000,4,55.310,97.253,3,40,1,2,0,0,0,4218
1602,36.5840,2,2,4,1111,20000,4,35.804,65.796,0,40,0,0,0,0,0,4219
1603,36.6061,2,2,4,1111,20000,4,37.479,74.382,3,40,1,2,0,0,0,4221
1604,36.6336,4,4,4,1111,20000,4,41.487,83.416,4,40,1,3,0,0,0,4225
1605,36.6344,2,2,4,1111,20000,4,22.142,52.172,0,40,0,0,0,0,0,4225
1606,36.6532,2,2,4,1111,20000,4,20.464,57.368,4,40,1,3,0,0,0,4227
1607,36.6977,4,4,4,1111,20000,4,41.470,83.442,4,40,1,3,0,0,0,4233
1608,36.6995,2,2,4,1111,20000,4,23.200,53.231,0,40,0,0,0,0,0,4233
1609,36.7126,2,2,4,1111,20000,4,15.873,52.750,4,40,1,3,0,0,0,4235
1610,36.7599,4,4,4,1111,20000,4,39.618,81.588,4,40,1,3,0,0,0,4240
1611,36.7605,2,2,4,1111,20000,4,20.165,50.177,0,40,0,0,0,0,0,4240
1612,36.7765,2,2,4,1111,20000,4,15.695,52.617,4,40,1,3,0,0,0,4243
1613,36.8238,4,4,4,1111,20000,4,39.424,81.447,3,40,1,2,0,0,0,4248
1614,36.8245,2,2,4,1111,20000,4,20.044,50.132,0,40,0,0,0,0,0,4248
1615,36.8407,2,2,4,1111,20000,4,15.812,52.685,3,40,1,2,0,0,0,4251
1616,36.8880,4,4,4,1111,20000,4,39.573,81.591,3,40,1,2,0,0,0,4256
1617,36.8887,2,2,4,1111,20000,4,20.192,50.266,0,40,0,0,0,0,0,4256
1618,36.9048,2,2,4,1111,20000,4,15.856,52.700,4,40,1,3,0,0,0,4259
1619,36.9520,4,4,4,1111,20000,4,39.521,81.563,3,40,1,2,0,0,0,4264
1620,36.9528,2,2,4,1111,20000,4,20.181,50.267,0,40,0,0,0,0,0,4264
1621,36.9687,2,2,4,1111,20000,4,15.768,52.578,3,40,1,2,0,0,0,4267
1622,37.0162,4,4,4,1111,20000,4,39.668,81.720,5,41,2,3,0,0,0,4271
1623,37.0167,2,2,4,1111,20000,4,20.062,50.189,0,41,0,0,0,0,0,4271
1624,37.0428,3,3,4,1111,20000,4,22.009,62.575,2,41,0,2,0,0,0,4273
1625,37.0532,1,1,4,1111,20000,4,8.808,40.950,2,41,0,2,0,0,0,4275
1626,37.1122,4,4,4,1111,20000,4,39.506,81.591,4,41,2,2,0,0,0,4282
1627,37.1129,2,2,4,1111,20000,4,20.120,50.284,0,41,0,0,0,0,0,4282
1628,37.1288,2,2,4,1111,20000,4,15.680,52.481,4,41,2,2,0,0,0,4285
1629,37.1763,4,4,4,1111,20000,4,39.516,81.659,4,41,2,2,0,0,0,4290
1630,37.1770,2,2,4,1111,20000,4,20.060,50.345,0,41,0,0,0,0,0,4291
1631,37.1930,2,2,4,1111,20000,4,15.886,52.677,4,41,2,2,0,0,0,4293
1632,37.2412,4,4,4,1111,20000,4,40.358,82.544,4,41,2,2,0,0,0,4299
1633,37.2419,2,2,4,1111,20000,4,20.944,51.183,0,41,0,0,0,0,0,4299
1634,37.2568,2,2,4,1111,20000,4,15.649,52.335,4,41,2,2,0,0,0,4301
1635,37.3044,4,4,4,1111,20000,4,39.379,81.586,4,41,2,2,0,0,0,4306
1636,37.3049,2,2,4,1111,20000,4,19.860,50.110,0,41,0,0,0,0,0,4306
1637,37.3210,2,2,4,1111,20000,4,15.733,52.476,4,41,2,2,0,0,0,4309
1638,37.3688,4,4,4,1111,20000,4,39.796,82.015,4,41,2,2,0,0,0,4313
1639,37.3695,2,2,4,1111,20000,4,20.403,50.682,0,41,0,0,0,0,0,4314
1640,37.3997,3,3,4,1111,20000,4,22.075,67.172,4,41,2,2,0,0,0,4316
1641,37.4171,2,2,4,1111,20000,4,15.923,52.553,4,41,2,2,0,0,0,4319
1642,37.4739,3,3,4,1111,20000,4,48.653,91.006,4,41,2,2,0,0,0,4325
1643,37.4745,2,2,4,1111,20000,4,29.136,59.537,0,41,0,0,0,0,0,4325
1644,37.5090,4,4,4,1111,20000,4,35.114,80.354,5,41,2,3,0,0,0,4329
1645,37.5156,2,2,4,1111,20000,4,18.293,54.942,5,41,2,3,0,0,0,4331
1646,37.5823,4,4,4,1111,20000,4,60.995,103.342,6,42,3,3,0,0,0,4339
1647,37.5838,2,2,4,1111,20000,4,42.312,72.745,0,42,0,0,0,0,0,4339
1648,37.6059,4,4,4,1111,20000,4,35.918,81.131,5,42,3,2,0,0,0,4340
1649,37.6126,2,2,4,1111,20000,4,19.275,55.847,6,42,3,3,0,0,0,4341
1650,37.6447,3,3,4,1111,20000,4,22.618,69.544,2,42,2,0,0,0,0,4343
1651,37.6747,2,2,4,1111,20000,4,24.154,65.839,2,42,2,0,0,0,0,4347
1652,37.6803,1,1,4,1111,20000,4,9.615,39.323,0,42,0,0,0,0,0,4347
1653,37.7332,4,4,4,1111,20000,4,33.944,80.282,6,42,3,3,0,0,0,4353
1654,37.7394,2,2,4,1111,20000,4,18.012,54.519,5,42,2,3,0,0,0,4355
1655,37.7852,4,4,4,1111,20000,4,39.633,82.028,7,44,3,2,2,0,0,4360
1656,37.7859,2,2,4,1111,20000,4,20.241,50.701,3,45,0,0,3,0,0,4361
1657,37.8264,4,4,4,1111,20000,4,32.103,77.449,8,45,3,2,3,0,0,4365
1658,37.8454,2,2,4,1111,20000,4,27.820,64.356,6,45,3,3,0,0,0,4368
1659,37.8862,4,4,4,1111,20000,4,44.484,86.929,6,45,2,3,1,0,0,4373
1660,37.8868,2,2,4,1111,20000,4,24.998,55.502,2,45,0,0,2,0,0,4373
1661,37.9230,4,4,4,1111,20000,4,32.622,77.954,8,45,2,3,3,0,0,4377
1662,37.9308,2,2,4,1111,20000,4,17.194,53.636,4,45,2,2,0,0,0,4379
1663,37.9776,4,4,4,1111,20000,4,39.758,82.235,7,45,2,2,3,0,0,4385
1664,37.9783,2,2,4,1111,20000,4,20.359,50.904,2,45,0,0,2,0,0,4385
1665,38.0190,4,4,4,1111,20000,4,32.465,77.833,7,45,2,3,2,0,0,4389
1666,38.0270,2,2,4,1111,20000,4,17.360,53.758,4,45,2,2,0,0,0,4391
1667,38.0741,4,4,4,1111,20000,4,40.065,82.586,7,45,2,3,2,0,0,4397
1668,38.0748,2,2,4,1111,20000,4,20.692,51.274,2,45,0,0,2,0,0,4397
1669,38.1152,4,4,4,1111,20000,4,32.556,77.946,7,45,2,3,2,0,0,4401
1670,38.1229,2,2,4,1111,20000,4,17.205,53.523,5,45,2,3,0,0,0,4403
1671,38.1698,4,4,4,1111,20000,4,39.709,82.267,9,47,2,3,3,1,0,4409
1672,38.1706,2,2,4,1111,20000,4,20.420,51.041,4,47,0,0,3,1,0,4409
1673,38.2113,4,4,4,1111,20000,4,32.464,77.894,9,47,2,3,3,1,0,4413
1674,38.2189,2,2,4,1111,20000,4,17.179,53.507,4,47,2,2,0,0,0,4415
1675,38.2659,4,4,4,1111,20000,4,39.687,82.276,9,47,2,3,3,1,0,4421
1676,38.2667,2,2,4,1111,20000,4,20.370,51.023,4,47,0,0,3,1,0,4421
1677,38.3074,4,4,4,1111,20000,4,32.450,77.885,8,47,2,2,3,1,0,4425
1678,38.3152,2,2,4,1111,20000,4,17.363,53.668,2,47,2,0,0,0,0,4427
1679,38.3621,4,4,4,1111,20000,4,39.721,82.342,6,47,2,0,3,1,0,4433
1680,38.3630,2,2,4,1111,20000,4,20.561,51.277,4,47,0,0,3,1,0,4433
1681,38.3998,4,4,4,1111,20000,4,28.495,74.212,6,47,2,0,3,1,0,4436
1682,38.4292,4,4,4,1111,20000,4,31.123,71.629,6,47,2,0,3,1,0,4439
1683,38.4328,1,1,4,1111,20000,4,11.022,43.142,0,47,0,0,0,0,0,4439
1684,38.4641,3,3,4,1111,20000,4,22.068,56.294,4,47,0,0,3,1,0,4443
1685,38.4780,2,2,4,1111,20000,4,15.843,38.126,3,47,0,0,2,1,0,4445
1686,38.5017,2,2,4,1111,20000,4,15.837,47.971,1,47,1,0,0,0,0,4447
1687,38.5286,3,3,4,1111,20000,4,22.453,56.715,4,47,0,0,3,1,0,4451
1688,38.5706,3,3,4,1111,20000,4,40.131,80.739,6,47,2,0,3,1,0,4457
1689,38.5869,2,2,4,1111,20000,4,32.926,69.099,2,47,2,0,0,0,0,4459
1690,38.6230,4,4,4,1111,20000,4,44.241,87.009,6,49,2,2,1,1,0,4463
1691,38.6241,2,2,4,1111,20000,4,25.181,55.971,4,49,0,0,3,1,0,4463
1692,38.6607,4,4,4,1111,20000,4,33.193,78.813,8,49,2,2,3,1,0,4467
1693,38.6737,2,2,4,1111,20000,4,23.605,59.763,3,49,2,1,0,0,0,4469
1694,38.7210,4,4,4,1111,20000,4,46.152,88.950,7,49,2,1,3,1,0,4475
1695,38.7218,2,2,4,1111,20000,4,26.805,57.683,2,49,0,0,1,1,0,4475
1696,38.7566,4,4,4,1111,20000,4,33.082,78.661,7,49,2,1,3,1,0,4479
1697,38.7638,2,2,4,1111,20000,4,17.746,53.845,3,49,2,1,0,0,0,4480
1698,38.8025,4,4,4,1111,20000,4,28.347,74.347,8,49,2,2,3,1,0,4483
1699,38.8264,3,3,4,1111,20000,4,23.697,66.240,6,49,2,2,2,0,0,4486
1700,38.8328,1,1,4,1111,20000,4,9.923,40.589,2,49,0,0,2,0,0,4487
1701,38.8978,4,4,4,1111,20000,4,46.352,91.705,7,49,2,2,2,1,0,4495
1702,38.8985,2,2,4,1111,20000,4,24.350,60.415,3,49,2,1,0,0,0,4495
1703,38.9390,4,4,4,1111,20000,4,39.914,82.783,7,49,2,2,2,1,0,4501
1704,38.9398,2,2,4,1111,20000,4,20.609,51.561,4,49,0,0,3,1,0,4501
1705,38.9816,4,4,4,1111,20000,4,33.785,79.463,7,49,2,2,2,1,0,4505
1706,38.9880,2,2,4,1111,20000,4,17.763,53.799,4,49,2,2,0,0,0,4507
1707,39.0352,4,4,4,1111,20000,4,40.001,82.903,7,49,2,1,3,1,0,4510
1708,39.0361,2,2,4,1111,20000,4,20.739,51.718,4,49,0,0,3,1,0,4510
1709,39.0714,2,2,4,1111,20000,4,27.519,69.217,3,49,2,0,0,1,0,4513
1710,39.0804,1,1,4,1111,20000,4,14.041,46.120,2,49,2,0,0,0,0,4513
1711,39.1174,3,3,4,1111,20000,4,25.985,66.535,4,49,2,1,0,1,0,4519
1712,39.1271,2,2,4,1111,20000,4,15.615,46.626,4,49,0,0,3,1,0,4520
1713,39.1735,4,4,4,1111,20000,4,33.524,79.161,8,49,2,2,3,1,0,4525
1714,39.1806,2,2,4,1111,20000,4,18.217,54.175,3,49,2,1,0,0,0,4527
1715,39.2280,4,4,4,1111,20000,4,40.533,83.329,7,50,1,1,4,1,0,4533
1716,39.2282,2,2,4,1111,20000,4,20.655,51.705,4,50,0,0,3,1,0,4533
1717,39.2703,4,4,4,1111,20000,4,34.110,79.805,6,50,1,2,2,1,0,4537
1718,39.2765,2,2,4,1111,20000,4,18.115,54.015,4,50,2,2,0,0,0,4539
1719,39.3237,4,4,4,1111,20000,4,40.025,83.050,7,50,2,2,2,1,0,4545
1720,39.3244,2,2,4,1111,20000,4,20.679,51.788,2,50,0,0,2,0,0,4545
1721,39.3664,4,4,4,1111,20000,4,34.146,79.833,6,50,2,2,2,0,0,4549
1722,39.3725,2,2,4,1111,20000,4,18.012,53.894,4,50,2,2,0,0,0,4551
1723,39.4195,4,4,4,1111,20000,4,39.674,82.796,6,50,2,2,2,0,0,4557
1724,39.4202,2,2,4,1111,20000,4,20.307,51.491,2,50,0,0,2,0,0,4557
1725,39.4629,4,4,4,1111,20000,4,34.244,80.191,7,50,2,2,3,0,0,4561
1726,39.4688,2,2,4,1111,20000,4,18.311,54.148,4,50,2,2,0,0,0,4563
1727,39.5162,4,4,4,1111,20000,4,40.289,83.407,7,50,2,2,3,0,0,4569
1728,39.5169,2,2,4,1111,20000,4,20.920,52.133,3,50,0,0,3,0,0,4569
1729,39.5801,4,4,4,1111,20000,4,55.452,101.343,7,50,2,2,3,0,0,4577
1730,39.5808,2,2,4,1111,20000,4,34.222,70.015,4,50,2,2,0,0,0,4577
1731,39.6198,4,4,4,1111,20000,4,47.717,90.881,8,51,2,2,4,0,0,4581
1732,39.6205,2,2,4,1111,20000,4,28.304,59.558,4,51,0,0,4,0,0,4581
1733,39.6547,4,4,4,1111,20000,4,34.023,79.855,9,52,2,2,4,1,0,4585
1734,39.6612,2,2,4,1111,20000,4,18.489,54.294,4,52,2,2,0,0,0,4587
1735,39.7239,4,4,4,1111,20000,4,55.703,98.980,9,52,2,2,4,1,0,4595
1736,39.7248,2,2,4,1111,20000,4,36.516,67.864,5,52,0,0,4,1,0,4595
1737,39.7634,4,4,4,1111,20000,4,46.567,92.432,8,52,2,2,3,1,0,4599
1738,39.7646,2,2,4,1111,20000,4,25.878,61.613,4,52,2,2,0,0,0,4599
1739,39.8038,4,4,4,1111,20000,4,39.504,82.754,8,52,2,2,3,1,0,4604
1740,39.8045,2,2,4,1111,20000,4,20.068,51.410,4,52,0,0,3,1,0,4604
1741,39.8299,3,3,4,1111,20000,4,22.249,62.813,6,52,2,2,2,0,0,4606
1742,39.8472,2,2,4,1111,20000,4,15.953,59.392,3,52,0,2,0,1,0,4607
1743,39.9000,3,3,4,1111,20000,4,48.011,82.833,5,52,0,2,2,1,0,4615
1744,39.9009,2,2,4,1111,20000,4,28.854,51.727,2,52,0,0,2,0,0,4615
1745,39.9153,2,2,4,1111,20000,4,19.950,52.083,4,52,2,2,0,0,0,4616
1746,39.9382,3,3,4,1111,20000,4,22.090,56.972,5,52,0,2,2,1,0,4619
1747,39.9614,3,3,4,1111,20000,4,22.043,62.618,5,52,2,0,2,1,0,4622
1748,39.9789,2,2,4,1111,20000,4,15.933,51.615,3,52,2,1,0,0,0,4624
1749,40.0281,4,4,4,1111,20000,4,39.541,82.885,6,52,1,2,2,1,0,4631
1750,40.0288,2,2,4,1111,20000,4,20.086,51.487,3,52,0,0,2,1,0,4631
1751,40.0833,4,4,4,1111,20000,4,46.036,92.039,5,52,1,1,2,1,0,4637
1752,40.0940,2,2,4,1111,20000,4,34.969,70.621,3,52,1,2,0,0,0,4639
1753,40.1274,4,4,4,1111,20000,4,42.095,86.067,6,52,1,2,2,1,0,4643
1754,40.1281,2,2,4,1111,20000,4,22.671,54.709,3,52,0,0,2,1,0,4643
1755,40.1695,4,4,4,1111,20000,4,35.474,82.066,6,52,1,2,2,1,0,4648
1756,40.1743,2,2,4,1111,20000,4,19.241,54.829,3,52,1,2,0,0,0,4648
1757,40.2119,4,4,4,1111,20000,4,28.310,74.522,6,52,1,2,2,1,0,4651
1758,40.2355,3,3,4,1111,20000,4,23.346,66.009,5,52,1,2,2,0,0,4654
1759,40.2415,1,1,4,1111,20000,4,9.332,40.070,1,52,0,0,1,0,0,4655
1760,40.3161,4,4,4,1111,20000,4,55.313,100.606,4,52,1,2,1,0,0,4665
1761,40.3169,2,2,4,1111,20000,4,33.751,69.292,3,52,1,2,0,0,0,4665
1762,40.3556,4,4,4,1111,20000,4,46.628,90.101,6,52,1,2,2,1,0,4669
1763,40.3564,2,2,4,1111,20000,4,27.217,58.811,2,52,0,0,1,1,0,4669
1764,40.3925,4,4,4,1111,20000,4,34.749,80.850,4,52,1,2,0,1,0,4673
1765,40.3980,2,2,4,1111,20000,4,18.798,54.315,3,52,1,2,0,0,0,4675
1766,40.4452,4,4,4,1111,20000,4,40.025,83.570,4,52,1,2,0,1,0,4678
1767,40.4458,2,2,4,1111,20000,4,20.597,52.200,0,52,0,0,0,0,0,4678
1768,40.4695,2,2,4,1111,20000,4,15.709,58.363,2,52,1,0,0,1,0,4679
1769,40.4840,1,1,4,1111,20000,4,8.759,40.843,1,52,1,0,0,0,0,4681
1770,40.5236,3,3,4,1111,20000,4,22.358,62.879,4,52,1,2,0,1,0,4686
1771,40.5420,2,2,4,1111,20000,4,20.684,52.300,0,52,0,0,0,0,0,4689
1772,40.5905,4,4,4,1111,20000,4,40.576,86.706,4,52,1,2,0,1,0,4695
1773,40.5912,2,2,4,1111,20000,4,19.932,55.336,3,52,1,2,0,0,0,4695
1774,40.6371,4,4,4,1111,20000,4,39.708,83.289,4,52,1,2,0,1,0,4701
1775,40.6378,2,2,4,1111,20000,4,20.358,52.011,1,52,0,0,0,1,0,4701
1776,40.6948,4,4,4,1111,20000,4,48.674,94.864,3,52,1,2,0,0,0,4707
1777,40.7080,2,2,4,1111,20000,4,40.642,76.034,3,52,1,2,0,0,0,4709
1778,40.7370,4,4,4,1111,20000,4,43.453,87.092,3,52,1,2,0,0,0,4713
1779,40.7377,2,2,4,1111,20000,4,24.066,55.770,0,52,0,0,0,0,0,4713
1780,40.7769,4,4,4,1111,20000,4,34.745,80.918,3,52,1,2,0,0,0,4717
1781,40.7823,2,2,4,1111,20000,4,18.943,54.273,3,52,1,2,0,0,0,4719
1782,40.8298,4,4,4,1111,20000,4,40.175,83.834,4,52,1,2,0,1,0,4725
1783,40.8306,2,2,4,1111,20000,4,20.936,52.649,1,52,0,0,0,1,0,4725
1784,40.8751,4,4,4,1111,20000,4,36.867,83.019,4,52,1,2,0,1,0,4730
1785,40.8786,2,2,4,1111,20000,4,19.122,54.398,3,52,1,2,0,0,0,4731
1786,40.9255,4,4,4,1111,20000,4,39.803,83.501,4,52,1,2,1,0,0,4737
1787,40.9265,2,2,4,1111,20000,4,20.687,52.440,2,52,0,0,1,1,0,4737
1788,40.9693,4,4,4,1111,20000,4,34.862,81.074,4,52,1,2,1,0,0,4741
1789,40.9747,2,2,4,1111,20000,4,19.022,54.426,2,52,0,2,0,0,0,4743
1790,41.0218,4,4,4,1111,20000,4,39.861,83.625,4,53,0,2,2,0,0,4749
1791,41.0226,2,2,4,1111,20000,4,20.618,52.456,3,53,0,0,2,1,0,4749
1792,41.0778,4,4,4,1111,20000,4,46.982,93.429,5,53,0,2,2,1,0,4755
1793,41.0933,2,2,4,1111,20000,4,41.644,76.948,3,53,1,2,0,0,0,4757
1794,41.1217,4,4,4,1111,20000,4,43.298,87.442,6,53,1,2,2,1,0,4761
1795,41.1274,3,3,4,1111,20000,4,25.787,61.155,4,53,0,2,1,1,0,4761
1796,41.1464,3,3,4,1111,20000,4,22.234,62.562,4,54,1,0,2,1,0,4764
1797,41.1604,2,2,4,1111,20000,4,15.855,47.989,3,54,1,2,0,0,0,4765
1798,41.1879,3,3,4,1111,20000,4,22.168,57.578,4,54,0,2,2,0,0,4769
1799,41.2102,3,3,4,1111,20000,4,22.056,62.608,3,54,1,0,2,0,0,4772
1800,41.2245,2,2,4,1111,20000,4,15.895,48.017,3,54,1,2,0,0,0,4772
1801,41.2522,3,3,4,1111,20000,4,22.366,57.805,4,54,0,2,2,0,0,4775
1802,41.2662,2,2,4,1111,20000,4,16.274,39.790,3,55,0,0,3,0,0,4777
1803,41.2830,1,1,4,1111,20000,4,10.263,42.424,2,55,0,2,0,0,0,4779
1804,41.3173,3,3,4,1111,20000,4,23.319,58.822,5,55,0,2,3,0,0,4783
1805,41.3384,3,3,4,1111,20000,4,22.161,62.677,4,55,1,0,3,0,0,4786
1806,41.3526,2,2,4,1111,20000,4,15.809,47.962,3,55,1,2,0,0,0,4787
1807,41.3801,3,3,4,1111,20000,4,22.182,57.665,5,55,0,2,3,0,0,4791
1808,41.4025,3,3,4,1111,20000,4,22.144,62.781,4,55,1,0,3,0,0,4794
1809,41.4167,2,2,4,1111,20000,4,15.849,47.961,3,55,1,2,0,0,0,4795
1810,41.4442,3,3,4,1111,20000,4,22.098,57.624,5,55,0,2,3,0,0,4799
1811,41.4670,3,3,4,1111,20000,4,22.605,63.208,4,55,1,0,3,0,0,4802
1812,41.4968,2,2,4,1111,20000,4,31.810,63.977,3,55,1,2,0,0,0,4805
1813,41.5209,3,3,4,1111,20000,4,34.700,70.250,4,55,0,2,2,0,0,4809
1814,41.5317,3,3,4,1111,20000,4,23.324,63.847,3,55,1,0,1,1,0,4810
1815,41.5525,2,2,4,1111,20000,4,23.435,55.608,3,55,1,2,0,0,0,4813
1816,41.5812,3,3,4,1111,20000,4,30.967,66.516,5,55,0,2,2,1,0,4816
1817,41.5946,3,3,4,1111,20000,4,22.139,62.740,2,55,1,0,1,0,0,4817
1818,41.6083,2,2,4,1111,20000,4,15.733,47.342,3,55,1,2,0,0,0,4818
1819,41.6445,3,3,4,1111,20000,4,23.443,65.750,7,56,1,2,4,0,0,4822
1820,41.6508,1,1,4,1111,20000,4,9.722,40.095,2,56,0,0,2,0,0,4823
1821,41.7241,4,4,4,1111,20000,4,54.330,99.088,6,56,1,2,3,0,0,4833
1822,41.7248,2,2,4,1111,20000,4,32.716,67.740,3,56,1,2,0,0,0,4833
1823,41.7685,4,4,4,1111,20000,4,49.605,93.719,5,56,1,2,2,0,0,4837
1824,41.7696,3,3,4,1111,20000,4,27.155,62.799,5,56,0,2,2,1,0,4837
1825,41.7932,3,3,4,1111,20000,4,28.635,69.191,4,56,1,0,2,1,0,4841
1826,41.8017,2,2,4,1111,20000,4,16.420,48.577,3,56,1,2,0,0,0,4841
1827,41.8287,3,3,4,1111,20000,4,22.174,57.862,4,56,0,2,2,0,0,4844
1828,41.8573,3,3,4,1111,20000,4,22.106,69.258,3,56,1,0,2,0,0,4846
1829,41.8794,2,2,4,1111,20000,4,15.717,59.352,1,56,1,0,0,0,0,4847
1830,41.8929,1,1,4,1111,20000,4,8.729,40.800,1,56,1,0,0,0,0,4849
1831,41.9331,3,3,4,1111,20000,4,21.990,62.562,3,56,1,2,0,0,0,4854
1832,41.9569,3,3,4,1111,20000,4,22.111,57.858,5,57,0,3,2,0,0,4857
1833,41.9788,3,3,4,1111,20000,4,22.176,62.709,3,57,1,0,2,0,0,4860
1834,41.9933,2,2,4,1111,20000,4,15.824,47.951,2,57,0,2,0,0,0,4861
1835,42.0211,3,3,4,1111,20000,4,22.286,58.057,5,57,0,3,2,0,0,4865
1836,42.0429,3,3,4,1111,20000,4,22.222,62.790,3,57,1,0,2,0,0,4868
1837,42.0573,2,2,4,1111,20000,4,15.788,47.909,4,57,1,3,0,0,0,4869
1838,42.0849,3,3,4,1111,20000,4,22.040,57.832,5,57,0,3,2,0,0,4873
1839,42.1068,3,3,4,1111,20000,4,22.088,62.616,3,57,1,0,2,0,0,4876
1840,42.1212,2,2,4,1111,20000,4,15.681,47.787,3,57,1,2,0,0,0,4877
1841,42.1490,3,3,4,1111,20000,4,22.056,57.856,5,57,0,3,2,0,0,4881
1842,42.1713,3,3,4,1111,20000,4,22.560,63.087,3,57,1,0,2,0,0,4884
1843,42.1855,2,2,4,1111,20000,4,15.859,48.005,3,57,1,2,0,0,0,4885
1844,42.2132,3,3,4,1111,20000,4,22.092,57.926,5,58,0,2,3,0,0,4889
1845,42.2350,3,3,4,1111,20000,4,22.200,62.704,3,58,1,0,2,0,0,4892
1846,42.2493,2,2,4,1111,20000,4,15.644,47.750,4,58,1,3,0,0,0,4893
1847,42.2776,3,3,4,1111,20000,4,22.442,58.317,2,58,0,0,2,0,0,4897
1848,42.3263,3,3,4,1111,20000,4,49.456,90.057,4,58,1,0,3,0,0,4903
1849,42.3270,2,2,4,1111,20000,4,29.149,61.297,1,58,1,0,0,0,0,4903
1850,42.3482,3,3,4,1111,20000,4,28.960,64.822,5,58,0,2,3,0,0,4906
1851,42.3698,3,3,4,1111,20000,4,22.286,69.439,3,58,0,0,3,0,0,4909
1852,42.4155,4,4,4,1111,20000,4,39.489,85.820,5,58,1,1,3,0,0,4915
1853,42.4161,2,2,4,1111,20000,4,19.649,54.382,1,58,1,0,0,0,0,4915
1854,42.4573,4,4,4,1111,20000,4,33.496,77.897,4,58,1,0,3,0,0,4919
1855,42.4702,3,3,4,1111,20000,4,22.766,58.700,3,58,0,0,3,0,0,4921
1856,42.5084,3,3,4,1111,20000,4,39.289,79.950,2,58,1,0,1,0,0,4926
1857,42.5271,2,2,4,1111,20000,4,37.064,69.120,1,58,1,0,0,0,0,4929
1858,42.5367,3,3,4,1111,20000,4,25.201,61.206,1,58,0,0,1,0,0,4929
1859,42.5830,3,3,4,1111,20000,4,43.205,90.532,1,58,1,0,0,0,0,4935
1860,42.6118,4,4,4,1111,20000,4,43.476,89.869,1,58,1,0,0,0,0,4939
1861,42.6124,2,2,4,1111,20000,4,23.821,58.512,1,58,1,0,0,0,0,4939
1862,42.6488,4,4,4,1111,20000,4,32.707,76.993,1,58,1,0,0,0,0,4942
1863,42.6619,3,3,4,1111,20000,4,22.212,58.217,0,58,0,0,0,0,0,4943
1864,42.6756,2,2,4,1111,20000,4,15.847,39.912,0,58,0,0,0,0,0,4945
1865,42.6912,1,1,4,1111,20000,4,9.028,41.188,0,58,0,0,0,0,0,4947
1866,42.7257,3,3,4,1111,20000,4,21.914,58.000,0,58,0,0,0,0,0,4951
1867,42.7548,3,3,4,1111,20000,4,22.942,70.232,1,58,1,0,0,0,0,4955
1868,42.8002,4,4,4,1111,20000,4,39.728,86.066,1,58,1,0,0,0,0,4961
1869,42.8009,2,2,4,1111,20000,4,20.129,54.741,2,59,1,1,0,0,0,4961
1870,42.8420,4,4,4,1111,20000,4,33.686,78.235,1,59,1,0,0,0,0,4965
1871,42.8541,3,3,4,1111,20000,4,22.201,58.289,0,59,0,0,0,0,0,4967
1872,42.8821,3,3,4,1111,20000,4,22.096,69.393,1,59,1,0,0,0,0,4971
1873,42.9278,4,4,4,1111,20000,4,39.274,85.557,0,59,0,0,0,0,0,4976
1874,42.9286,2,2,4,1111,20000,4,19.826,54.357,1,59,0,1,0,0,0,4977
1875,42.9705,4,4,4,1111,20000,4,33.965,78.594,1,59,0,1,0,0,0,4982
1876,42.9827,3,3,4,1111,20000,4,22.578,58.727,1,59,0,1,0,0,0,4983
1877,43.0103,3,3,4,1111,20000,4,22.164,69.542,0,59,0,0,0,0,0,4986
1878,43.0355,3,3,4,1111,20000,4,22.134,65.113,2,59,1,1,0,0,0,4988
1879,43.0492,2,2,4,1111,20000,4,15.753,46.772,1,59,0,1,0,0,0,4989
1880,43.0722,2,2,4,1111,20000,4,15.909,52.152,1,59,0,1,0,0,0,4993
1881,43.1062,3,3,4,1111,20000,4,21.998,69.352,0,59,0,0,0,0,0,4997
1882,43.1524,4,4,4,1111,20000,4,39.720,85.948,2,59,1,1,0,0,0,5003
1883,43.1530,2,2,4,1111,20000,4,20.050,54.492,2,59,1,1,0,0,0,5003
1884,43.1938,4,4,4,1111,20000,4,33.058,77.744,1,59,0,1,0,0,0,5007
1885,43.2064,3,3,4,1111,20000,4,21.999,58.232,2,60,0,1,0,1,0,5009
1886,43.2344,3,3,4,1111,20000,4,22.034,69.468,2,60,1,0,0,1,0,5012
1887,43.2723,4,4,4,1111,20000,4,34.736,77.663,1,60,0,1,0,0,0,5014
1888,43.2724,1,1,4,1111,20000,4,14.822,43.495,0,60,0,0,0,0,0,5014
1889,43.2865,1,1,4,1111,20000,4,8.813,38.137,0,60,0,0,0,0,0,5015
1890,43.3175,2,2,4,1111,20000,4,16.044,56.536,1,60,0,0,0,1,0,5019
1891,43.3387,2,2,4,1111,20000,4,15.881,48.021,1,60,0,1,0,0,0,5021
1892,43.3667,3,3,4,1111,20000,4,22.123,58.418,2,60,0,1,0,1,0,5025
1893,43.3946,3,3,4,1111,20000,4,22.178,69.651,2,61,0,0,1,1,0,5029
1894,43.4406,4,4,4,1111,20000,4,39.639,85.880,4,61,1,1,1,1,0,5035
1895,43.4413,2,2,4,1111,20000,4,20.203,54.546,2,61,1,1,0,0,0,5035
1896,43.4820,4,4,4,1111,20000,4,32.800,77.641,3,61,0,1,1,1,0,5039
1897,43.5145,3,3,4,1111,20000,4,41.721,78.135,2,61,0,1,1,0,0,5043
1898,43.5271,3,3,4,1111,20000,4,26.485,73.996,1,61,0,0,1,0,0,5045
1899,43.5921,4,4,4,1111,20000,4,62.887,109.153,3,61,1,1,1,0,0,5053
1900,43.5938,2,2,4,1111,20000,4,44.507,78.854,1,61,0,1,0,0,0,5053
1901,43.6185,4,4,4,1111,20000,4,41.079,86.009,4,61,1,1,1,1,0,5057
1902,43.6265,3,3,4,1111,20000,4,25.503,61.917,2,61,0,1,1,0,0,5057
1903,43.6508,3,3,4,1111,20000,4,22.092,69.633,2,61,1,0,1,0,0,5061
1904,43.6971,4,4,4,1111,20000,4,39.789,86.045,3,61,1,1,1,0,0,5067
1905,43.6985,2,2,4,1111,20000,4,21.120,55.406,2,61,1,1,0,0,0,5067
1906,43.7664,4,4,4,1111,20000,4,60.578,105.745,3,61,1,1,1,0,0,5075
1907,43.7674,3,3,4,1111,20000,4,38.235,74.741,2,61,0,1,1,0,0,5075
1908,43.7879,3,3,4,1111,20000,4,31.129,78.645,2,61,1,0,1,0,0,5077
1909,43.8251,4,4,4,1111,20000,4,39.721,85.893,3,61,1,1,1,0,0,5082
1910,43.8258,2,2,4,1111,20000,4,20.424,54.632,2,61,1,1,0,0,0,5083
1911,43.8630,4,4,4,1111,20000,4,29.234,74.306,3,61,1,1,1,0,0,5087
1912,43.8939,4,4,4,1111,20000,4,36.577,73.129,3,61,1,1,1,0,0,5091
1913,43.8978,2,2,4,1111,20000,4,20.348,45.002,1,61,0,0,1,0,0,5091
1914,43.9242,2,2,4,1111,20000,4,24.720,56.899,2,61,1,1,0,0,0,5095
1915,43.9623,4,4,4,1111,20000,4,40.904,77.459,3,61,1,1,1,0,0,5099
1916,43.9631,2,2,4,1111,20000,4,21.668,46.295,1,61,0,0,1,0,0,5099
1917,43.9794,2,2,4,1111,20000,4,15.854,47.996,2,61,1,1,0,0,0,5101
1918,44.0248,4,4,4,1111,20000,4,39.370,75.972,3,61,1,1,1,0,0,5107
1919,44.0255,2,2,4,1111,20000,4,19.908,44.597,1,61,0,0,1,0,0,5107
1920,44.0434,2,2,4,1111,20000,4,15.843,47.987,2,61,1,1,0,0,0,5108
1921,44.0716,3,3,4,1111,20000,4,22.059,58.699,2,61,0,1,1,0,0,5111
1922,44.0855,2,2,4,1111,20000,4,15.869,40.556,1,61,0,0,1,0,0,5113
1923,44.1005,1,1,4,1111,20000,4,8.856,40.991,1,61,0,1,0,0,0,5115
1924,44.1533,4,4,4,1111,20000,4,39.620,76.279,3,61,1,1,1,0,0,5121
1925,44.1540,2,2,4,1111,20000,4,20.265,44.999,1,61,0,0,1,0,0,5121
1926,44.1714,2,2,4,1111,20000,4,15.706,47.849,1,61,0,1,0,0,0,5123
1927,44.2173,4,4,4,1111,20000,4,39.542,76.234,3,61,1,1,1,0,0,5129
1928,44.2180,2,2,4,1111,20000,4,20.160,44.905,1,61,0,0,1,0,0,5129
1929,44.2356,2,2,4,1111,20000,4,15.799,47.972,2,61,1,1,0,0,0,5130
1930,44.2637,3,3,4,1111,20000,4,21.898,58.591,2,61,0,1,1,0,0,5133
1931,44.2776,2,2,4,1111,20000,4,15.665,40.430,1,61,0,0,1,0,0,5135
1932,44.2926,1,1,4,1111,20000,4,8.741,40.887,1,61,0,1,0,0,0,5136
1933,44.3281,3,3,4,1111,20000,4,22.160,58.920,2,61,0,1,1,0,0,5139
1934,44.3417,2,2,4,1111,20000,4,15.695,40.505,1,61,0,0,1,0,0,5141
1935,44.3566,1,1,4,1111,20000,4,8.718,40.838,1,61,0,1,0,0,0,5142
1936,44.3921,3,3,4,1111,20000,4,22.101,58.890,2,61,0,1,1,0,0,5145
1937,44.4058,2,2,4,1111,20000,4,15.689,40.543,1,61,0,0,1,0,0,5146
1938,44.4190,1,1,4,1111,20000,4,8.768,39.149,1,61,0,1,0,0,0,5147
1939,44.4544,2,2,4,1111,20000,4,15.667,57.128,2,61,0,1,1,0,0,5149
1940,44.4676,1,1,4,1111,20000,4,8.739,38.271,1,61,0,0,1,0,0,5151
1941,44.5003,2,2,4,1111,20000,4,15.853,56.392,2,61,0,1,1,0,0,5154
1942,44.5223,2,2,4,1111,20000,4,15.711,56.244,1,61,0,1,0,0,0,5155
1943,44.5526,3,3,4,1111,20000,4,22.380,59.225,2,61,0,1,1,0,0,5158
1944,44.5827,2,2,4,1111,20000,4,32.359,57.279,1,61,0,0,1,0,0,5161
1945,44.5873,1,1,4,1111,20000,4,15.091,47.274,1,61,0,1,0,0,0,5161
1946,44.6186,3,3,4,1111,20000,4,24.334,61.194,2,61,0,1,1,0,0,5164
1947,44.6299,2,2,4,1111,20000,4,15.560,40.499,1,61,0,0,1,0,0,5166
1948,44.6589,2,2,4,1111,20000,4,15.870,54.825,2,61,0,1,1,0,0,5167
1949,44.6806,1,1,4,1111,20000,4,9.011,54.363,0,61,0,0,0,0,0,5167
1950,44.7092,1,1,4,1111,20000,4,9.074,50.918,0,61,0,0,0,0,0,5169
1951,44.7383,2,2,4,1111,20000,4,15.827,47.986,1,61,0,1,0,0,0,5172
1952,44.7584,2,2,4,1111,20000,4,15.786,40.798,1,61,0,0,1,0,0,5174
1953,44.7731,1,1,4,1111,20000,4,8.786,40.910,1,61,0,1,0,0,0,5175
1954,44.8085,3,3,4,1111,20000,4,22.018,58.950,2,61,0,1,1,0,0,5178
1955,44.8223,2,2,4,1111,20000,4,15.724,40.720,1,61,0,0,1,0,0,5180
1956,44.8373,1,1,4,1111,20000,4,8.947,41.096,1,61,0,1,0,0,0,5181
1957,44.8729,3,3,4,1111,20000,4,22.262,59.220,1,61,0,1,0,0,0,5184
1958,44.8865,2,2,4,1111,20000,4,15.844,40.862,0,61,0,0,0,0,0,5186
1959,44.9042,1,1,4,1111,20000,4,11.676,43.861,1,61,0,1,0,0,0,5187
1960,44.9365,3,3,4,1111,20000,4,21.765,58.801,2,61,0,1,1,0,0,5190
1961,44.9514,2,2,4,1111,20000,4,16.627,41.696,1,61,0,0,1,0,0,5192
1962,44.9653,1,1,4,1111,20000,4,8.761,40.889,1,61,0,1,0,0,0,5193
1963,45.0010,3,3,4,1111,20000,4,22.226,59.230,1,61,0,1,0,0,0,5196
1964,45.0147,2,2,4,1111,20000,4,15.878,40.948,1,61,0,0,1,0,0,5198
1965,45.0296,1,1,4,1111,20000,4,9.002,41.159,1,61,0,1,0,0,0,5199
1966,45.0653,3,3,4,1111,20000,4,22.462,59.512,2,61,0,1,1,0,0,5202
1967,45.0790,2,2,4,1111,20000,4,16.042,41.158,1,61,0,0,1,0,0,5204
1968,45.0940,1,1,4,1111,20000,4,9.284,41.453,1,61,0,1,0,0,0,5205
1969,45.1318,3,3,4,1111,20000,4,24.812,61.938,2,61,0,1,1,0,0,5208
1970,45.1441,2,2,4,1111,20000,4,16.935,42.115,0,61,0,0,0,0,0,5210
1971,45.1578,1,1,4,1111,20000,4,9.040,41.172,1,61,0,1,0,0,0,5211
1972,45.1935,3,3,4,1111,20000,4,22.447,59.553,2,61,0,1,1,0,0,5214
1973,45.2072,2,2,4,1111,20000,4,16.055,41.237,1,61,0,0,1,0,0,5216
1974,45.2219,1,1,4,1111,20000,4,9.077,41.218,1,61,0,1,0,0,0,5217
1975,45.2576,3,3,4,1111,20000,4,22.438,59.572,2,61,0,1,1,0,0,5220
1976,45.2714,2,2,4,1111,20000,4,16.165,41.376,1,61,0,0,1,0,0,5222
1977,45.2862,1,1,4,1111,20000,4,9.264,41.425,1,61,0,1,0,0,0,5223
1978,45.3217,3,3,4,1111,20000,4,22.423,59.637,2,61,0,1,1,0,0,5226
1979,45.3351,2,2,4,1111,20000,4,15.783,41.045,1,61,0,0,1,0,0,5228
1980,45.3499,1,1,4,1111,20000,4,8.917,41.082,1,61,0,1,0,0,0,5229
1981,45.3855,3,3,4,1111,20000,4,22.152,59.336,2,61,0,1,1,0,0,5232
1982,45.3991,2,2,4,1111,20000,4,15.653,40.916,1,61,0,0,1,0,0,5234
1983,45.4137,1,1,4,1111,20000,4,8.686,40.817,1,61,0,1,0,0,0,5235
1984,45.4493,3,3,4,1111,20000,4,21.945,59.122,2,61,0,1,1,0,0,5238
1985,45.4630,2,2,4,1111,20000,4,15.541,40.795,0,61,0,0,0,0,0,5240
1986,45.4777,1,1,4,1111,20000,4,8.709,40.830,1,61,0,1,0,0,0,5241
1987,45.5136,3,3,4,1111,20000,4,22.103,59.334,2,61,0,1,1,0,0,5244
1988,45.5275,2,2,4,1111,20000,4,15.905,41.211,1,61,0,0,1,0,0,5246
1989,45.5425,1,1,4,1111,20000,4,9.265,41.488,1,61,0,1,0,0,0,5247
1990,45.5954,3,3,4,1111,20000,4,39.802,77.126,1,62,0,0,0,1,0,5252
1991,45.5961,2,2,4,1111,20000,4,20.359,45.736,1,62,0,0,0,1,0,5252
1992,45.6058,1,1,4,1111,20000,4,8.676,40.799,0,62,0,0,0,0,0,5253
1993,45.6418,3,3,4,1111,20000,4,22.159,59.441,1,62,0,0,0,1,0,5256
1994,45.6553,2,2,4,1111,20000,4,15.582,40.940,1,62,0,0,0,1,0,5258
1995,45.6701,1,1,4,1111,20000,4,8.864,40.988,0,62,0,0,0,0,0,5259
1996,45.7062,3,3,4,1111,20000,4,22.442,59.831,1,62,0,0,0,1,0,5262
1997,45.7258,2,2,4,1111,20000,4,21.853,47.337,1,62,0,0,0,1,0,5265
1998,45.7381,1,1,4,1111,20000,4,12.734,44.929,0,62,0,0,0,0,0,5265
1999,45.7695,3,3,4,1111,20000,4,21.701,59.056,1,62,0,0,0,1,0,5268
2000,45.7846,2,2,4,1111,20000,4,16.704,42.018,1,62,0,0,0,1,0,5270
2001,45.7980,1,1,4,1111,20000,4,8.652,40.764,0,62,0,0,0,0,0,5271
2002,45.8412,3,3,4,1111,20000,4,23.317,66.713,1,62,0,0,0,1,0,5274
2003,45.8471,1,1,4,1111,20000,4,9.079,40.569,1,62,0,0,1,0,0,5274
2004,45.8825,2,2,4,1111,20000,4,15.949,61.201,0,62,0,0,0,0,0,5277
2005,45.9363,2,2,4,1111,20000,4,42.344,82.916,1,62,0,0,1,0,0,5282
2006,45.9370,2,2,4,1111,20000,4,20.622,61.126,1,62,0,0,0,1,0,5282
2007,45.9622,3,3,4,1111,20000,4,22.130,59.565,2,62,0,0,1,1,0,5284
2008,45.9760,2,2,4,1111,20000,4,15.796,41.293,2,62,0,0,1,1,0,5286
2009,45.9905,1,1,4,1111,20000,4,8.886,41.042,0,62,0,0,0,0,0,5287
2010,46.0264,3,3,4,1111,20000,4,22.183,59.664,2,62,0,0,1,1,0,5290
2011,46.0401,2,2,4,1111,20000,4,15.804,41.337,2,62,0,0,1,1,0,5292
2012,46.0535,1,1,4,1111,20000,4,8.764,39.982,0,62,0,0,0,0,0,5292
2013,46.0896,2,2,4,1111,20000,4,16.255,58.793,2,62,0,0,1,1,0,5292
