cam,pts_ns,mono_ns,real_ns
1,0,408920820749830,1783444530713475471
1,33333333,408920820830756,1783444530713556333
1,66666666,408920824042071,1783444530716767712
1,99999999,408920824077462,1783444530716803103
1,133333332,408920824083062,1783444530716808703
1,166666665,408920824087894,1783444530716813535
0,632053332,408920948358302,1783444530841083975
0,665386665,408920980309531,1783444530873035140
0,698719998,408921012357589,1783444530905083198
1,199999998,408921020952741,1783444530913678350
0,732053331,408921044381552,1783444530937107225
0,765386664,408921076414635,1783444530969140340
0,798719997,408921108425574,1783444531001151247
0,832053330,408921140501982,1783444531033227591
1,233333331,408921229737905,1783444531122463546
0,865386663,408921229781392,1783444531122507097
0,898719996,408921438350461,1783444531331076070
1,266666664,408921438503737,1783444531331229442
3,1137000000,408921453304307,1783444531346029980
3,1170333333,408921485282318,1783444531378008023
3,1203666666,408921517292584,1783444531410018161
2,1217000000,408921533258886,1783444531425984495
0,932053329,408921542021682,1783444531434747323
1,299999997,408921542054769,1783444531434780442
3,1236999999,408921549354945,1783444531442080650
2,1250333333,408921565326943,1783444531458052552
1,333333330,408921574490785,1783444531467216490
0,965386662,408921574892855,1783444531467618496
3,1270333332,408921581617109,1783444531474342814
2,1283666666,408921597325081,1783444531490050754
1,366666663,408921606155363,1783444531498881036
0,998719995,408921606161667,1783444531498887308
3,1303666665,408921613416788,1783444531506142461
2,1316999999,408921629343347,1783444531522069052
1,399999996,408921638109215,1783444531530834824
0,1032053328,408921638112799,1783444531530838440
3,1336999998,408921645417262,1783444531538142967
2,1350333332,408921661368077,1783444531554093686
0,1065386661,408921670034651,1783444531562760292
1,433333329,408921670060058,1783444531562785763
3,1370333331,408921677559301,1783444531570285006
2,1383666665,408921693363399,1783444531586089040
0,1098719994,408921701953687,1783444531594679296
1,466666662,408921701954775,1783444531594680384
3,1403666664,408921709444610,1783444531602170283
2,1416999998,408921725440447,1783444531618166152
1,499999995,408921734145197,1783444531626870902
0,1132053327,408921734181260,1783444531626906933
3,1436999997,408921741506587,1783444531634232292
2,1450333331,408921757438938,1783444531650164643
0,1165386660,408921766221253,1783444531658946894
1,533333328,408921766222725,1783444531658948334
3,1470333330,408921773509109,1783444531666234718
2,1483666664,408921789502738,1783444531682228379
0,1198719993,408921798048292,1783444531690773933
1,566666661,408921798204960,1783444531690930601
3,1503666663,408921805543599,1783444531698269336
2,1516999997,408921821445166,1783444531714170743
1,599999994,408921829954304,1783444531722679913
0,1232053326,408921829991231,1783444531722716904
3,1536999996,408921837535977,1783444531730261618
2,1550333330,408921853526246,1783444531746251919
0,1265386659,408921862270323,1783444531754995932
1,633333327,408921862523213,1783444531755248854
3,1570333329,408921869575586,1783444531762301195
2,1583666663,408921885513505,1783444531778239402
0,1298719992,408921894062994,1783444531786788603
1,666666660,408921894065234,1783444531786790843
3,1603666662,408921901590908,1783444531794316549
2,1616999996,408921917518491,1783444531810244100
1,699999993,408921926003630,1783444531818729271
0,1332053325,408921926179082,1783444531818904755
3,1636999995,408921933646357,1783444531826372350
2,1650333329,408921949584020,1783444531842309725
1,733333326,408921958177252,1783444531850902957
0,1365386658,408921958189316,1783444531850914925
3,1670333328,408921965646447,1783444531858372088
2,1683666662,408921981608429,1783444531874334038
0,1398719991,408921990246589,1783444531882972262
1,766666659,408921990266940,1783444531882992677
3,1703666661,408921997700584,1783444531890426257
2,1716999995,408922013604776,1783444531906330417
1,799999992,408922022148057,1783444531914873666
0,1432053324,408922022181144,1783444531914906817
3,1736999994,408922029749633,1783444531922475242
2,1750333328,408922045662977,1783444531938388618
1,833333325,408922054274449,1783444531947000058
0,1465386657,408922054280016,1783444531947005657
2,1783666661,408922077707642,1783444531970433283
1,866666658,408922086318474,1783444531979044083
0,1498719990,408922086352841,1783444531979078514
2,1816999994,408922109728532,1783444532002454237
1,899999991,408922118302500,1783444532011028141
0,1532053323,408922118308676,1783444532011034349
3,1770333327,408922125794031,1783444532018519640
2,1850333327,408922141733101,1783444532034458774
0,1565386656,408922150451417,1783444532043177026
1,933333324,408922150456601,1783444532043182274
3,1803666660,408922157822439,1783444532050548048
2,1883666660,408922173792996,1783444532066518701
0,1598719989,408922182434547,1783444532075160156
1,966666657,408922182455602,1783444532075181307
3,1836999993,408922189913118,1783444532082638727
2,1916999993,408922205821852,1783444532098547557
1,999999990,408922214407404,1783444532107133045
0,1632053322,408922214411660,1783444532107137269
3,1870333326,408922221835353,1783444532114560994
2,1950333326,408922237856245,1783444532130581918
1,1033333323,408922246442757,1783444532139168398
0,1665386655,408922246447940,1783444532139173549
3,1903666659,408922253893168,1783444532146618873
2,1983666659,408922269920812,1783444532162646453
1,1066666656,408922278532891,1783444532171258500
0,1698719988,408922278590874,1783444532171316547
3,1936999992,408922285941096,1783444532178666737
2,2016999992,408922301893382,1783444532194619055
1,1099999989,408922310537876,1783444532203263485
0,1732053321,408922310550868,1783444532203276477
3,1970333325,408922317947969,1783444532210673642
2,2050333325,408922333910462,1783444532226636103
1,1133333322,408922342564333,1783444532235290038
0,1765386654,408922342581260,1783444532235306933
3,2003666658,408922349978969,1783444532242704674
2,2083666658,408922366146897,1783444532258872602
0,1798719987,408922374804896,1783444532267530505
1,1166666655,408922374813376,1783444532267539081
3,2036999991,408922382048240,1783444532274773913
2,2116999991,408922397986926,1783444532290712599
0,1832053320,408922406685980,1783444532299411621
1,1199999988,408922407498088,1783444532300223729
3,2070333324,408922414063689,1783444532306789362
2,2150333324,408922430112580,1783444532322838189
1,1233333321,408922438802194,1783444532331527867
0,1865386653,408922438817969,1783444532331543642
3,2103666657,408922446045218,1783444532338770827
2,2183666657,408922461981408,1783444532354707049
1,1266666654,408922470499442,1783444532363225051
0,1898719986,408922470506066,1783444532363231675
3,2136999990,408922478064091,1783444532370789924
2,2216999990,408922494053016,1783444532386778689
1,1299999987,408922502688103,1783444532395413744
0,1932053319,408922502695174,1783444532395420783
3,2170333323,408922510115603,1783444532402841276
2,2250333323,408922526029009,1783444532418754650
1,1333333320,408922534551779,1783444532427277420
0,1965386652,408922534557987,1783444532427283596
3,2203666656,408922542132267,1783444532434857908
2,2283666656,408922558059882,1783444532450785523
0,1998719985,408922566731576,1783444532459457217
1,1366666653,408922567554660,1783444532460280429
3,2236999989,408922574180771,1783444532466906444
2,2316999989,408922590175392,1783444532482901065
0,2032053318,408922598905548,1783444532491631253
1,1399999986,408922598923980,1783444532491649589
3,2270333322,408922606250554,1783444532498976259
2,2350333322,408922622159961,1783444532514885666
1,1433333319,408922630917061,1783444532523642670
0,2065386651,408922630919237,1783444532523644910
3,2303666655,408922638288211,1783444532531013820
2,2383666655,408922654209105,1783444532546934778
0,2098719984,408922662866591,1783444532555592232
1,1466666652,408922662885791,1783444532555611464
3,2336999988,408922670254860,1783444532562980501
3,2370333321,408922702337315,1783444532595062988
3,2403666654,408922734335420,1783444532627061125
2,2416999988,408922750266939,1783444532642992580
0,2132053317,408922759162563,1783444532651888236
1,1499999985,408922759194690,1783444532651920363
3,2436999987,408922766336053,1783444532659061758
2,2450333321,408922782246004,1783444532674971645
0,2165386650,408922790792101,1783444532683517742
1,1533333318,408922790819492,1783444532683545101
3,2470333320,408922798345326,1783444532691070967
2,2483666654,408922814289964,1783444532707015605
0,2198719983,408922822815485,1783444532715541126
1,1566666651,408922822837597,1783444532715563238
3,2503666653,408922830367047,1783444532723092752
2,2516999987,408922846321540,1783444532739047213
1,1599999984,408922854915028,1783444532747640637
0,2232053316,408922854917332,1783444532747643005
3,2536999986,408922862382783,1783444532755108424
2,2550333320,408922878311549,1783444532771037190
1,1633333317,408922886844399,1783444532779570040
0,2265386649,408922886999499,1783444532779725140
3,2570333319,408922894388376,1783444532787114017
2,2583666653,408922910338774,1783444532803064447
0,2298719982,408922918874951,1783444532811600688
1,1666666650,408922918889383,1783444532811614992
3,2603666652,408922926442960,1783444532819168633
2,2616999986,408922942380174,1783444532835105847
0,2332053315,408922950942686,1783444532843668391
1,1699999983,408922950966782,1783444532843692391
3,2636999985,408922958450505,1783444532851176114
2,2650333319,408922974416038,1783444532867141647
1,1733333316,408922982967063,1783444532875692672
0,2365386648,408922983066420,1783444532875792029
3,2670333318,408922990513152,1783444532883238825
2,2683666652,408923006423007,1783444532899148616
1,1766666649,408923015067757,1783444532907793398
0,2398719981,408923015293608,1783444532908019313
3,2703666651,408923022511033,1783444532915236642
2,2716999985,408923038483926,1783444532931209535
1,1799999982,408923047109349,1783444532939834990
0,2432053314,408923047328544,1783444532940054217
3,2736999984,408923054666062,1783444532947391959
2,2750333318,408923070525774,1783444532963251383
0,2465386647,408923079150973,1783444532971876614
1,1833333315,408923079171261,1783444532971896902
3,2770333317,408923086612233,1783444532979337906
2,2783666651,408923102563302,1783444532995288911
0,2498719980,408923111214069,1783444533003939774
1,1866666648,408923111244948,1783444533003970653
3,2803666650,408923118670528,1783444533011396201
2,2816999984,408923134591806,1783444533027317479
0,2532053313,408923143261675,1783444533035987348
1,1899999981,408923143280139,1783444533036005780
3,2836999983,408923150648888,1783444533043374625
2,2850333317,408923166885742,1783444533059611383
0,2565386646,408923175533788,1783444533068259461
1,1933333314,408923175569563,1783444533068295268
3,2870333316,408923182684943,1783444533075410616
2,2883666650,408923198754153,1783444533091479858
0,2598719979,408923207298010,1783444533100023651
1,1966666647,408923207338873,1783444533100064546
3,2903666649,408923214691910,1783444533107417519
2,2916999983,408923230631588,1783444533123357261
0,2632053312,408923239237299,1783444533131962940
1,1999999980,408923239242003,1783444533131967644
3,2936999982,408923246724989,1783444533139450694
2,2950333316,408923262675962,1783444533155401603
1,2033333313,408923271237963,1783444533163963572
0,2665386645,408923271239595,1783444533163965236
3,2970333315,408923278777908,1783444533171503613
2,2983666649,408923294713617,1783444533187439258
0,2698719978,408923303337760,1783444533196063465
1,2066666646,408923303344352,1783444533196070057
3,3003666648,408923310797771,1783444533203523476
2,3016999982,408923326701097,1783444533219426738
1,2099999979,408923335326808,1783444533228052449
0,2732053311,408923335327032,1783444533228052641
3,3036999981,408923342789219,1783444533235514828
2,3050333315,408923358733824,1783444533251459465
0,2765386644,408923367284433,1783444533260010074
1,2133333312,408923367285041,1783444533260010650
3,3070333314,408923374868889,1783444533267594594
2,3083666648,408923390754135,1783444533283479776
1,2166666645,408923399327879,1783444533292053520
0,2798719977,408923399338023,1783444533292063664
3,3103666647,408923406861905,1783444533299587514
2,3116999981,408923422881132,1783444533315606837
0,2832053310,408923431761429,1783444533324487038
1,2199999978,408923431802132,1783444533324527741
3,3136999980,408923438879112,1783444533331604721
2,3150333314,408923454835045,1783444533347560750
0,2865386643,408923463371446,1783444533356097055
1,2233333311,408923463373398,1783444533356099007
3,3170333313,408923470920639,1783444533363646248
2,3183666647,408923486853308,1783444533379578981
0,2898719976,408923495439884,1783444533388165493
1,2266666644,408923495639623,1783444533388365232
3,3203666646,408923502969493,1783444533395695230
2,3216999980,408923518929138,1783444533411654747
1,2299999977,408923527547361,1783444533420272970
0,2932053309,408923527552001,1783444533420277642
3,3236999979,408923534989484,1783444533427715221
2,3250333313,408923550901162,1783444533443626803
0,2965386642,408923559536217,1783444533452261922
1,2333333310,408923559615991,1783444533452341696
3,3270333312,408923567023587,1783444533459749196
2,3283666646,408923583017823,1783444533475743432
0,2998719975,408923591694285,1783444533484419926
1,2366666643,408923591944039,1783444533484669680
3,3303666645,408923599012795,1783444533491738436
2,3316999979,408923615023575,1783444533507749248
0,3032053308,408923623688837,1783444533516414446
1,2399999976,408923624251287,1783444533516976896
3,3336999978,408923631082769,1783444533523808442
2,3350333312,408923647009935,1783444533539735544
1,2433333309,408923655706492,1783444533548432197
0,3065386641,408923655721468,1783444533548447173
3,3370333311,408923663139240,1783444533555864913
2,3383666645,408923679026502,1783444533571752175
1,2466666642,408923687692500,1783444533580418173
0,3098719974,408923687694804,1783444533580420477
3,3403666644,408923695122848,1783444533587848521
2,3416999978,408923711039486,1783444533603765127
0,3132053307,408923719663660,1783444533612389333
1,2499999975,408923719675020,1783444533612400693
3,3436999977,408923727212021,1783444533619937726
2,3450333311,408923743081428,1783444533635807133
0,3165386640,408923751640869,1783444533644366478
1,2533333308,408923751640933,1783444533644366542
3,3470333310,408923759164494,1783444533651890103
2,3483666644,408923775103947,1783444533667829620
0,3198719973,408923783898742,1783444533676624415
1,2566666641,408923783918838,1783444533676644511
3,3503666643,408923791176422,1783444533683902095
2,3516999977,408923807141410,1783444533699867019
0,3232053306,408923815802864,1783444533708528537
1,2599999974,408923815811696,1783444533708537369
3,3536999976,408923823239196,1783444533715964837
2,3550333310,408923839204696,1783444533731930337
0,3265386639,408923847852199,1783444533740577840
1,2633333307,408923847899430,1783444533740625007
3,3570333309,408923855247507,1783444533747973148
2,3583666643,408923871215664,1783444533763941305
0,3298719972,408923879900989,1783444533772626598
1,2666666640,408923879905981,1783444533772631622
3,3603666642,408923887284202,1783444533780009875
2,3616999976,408923903286278,1783444533796011951
1,2699999973,408923912190222,1783444533804915895
0,3332053305,408923912192750,1783444533804918423
3,3636999975,408923919380287,1783444533812105960
2,3650333309,408923935237343,1783444533827963048
1,2733333306,408923943808271,1783444533836533912
0,3365386638,408923943813999,1783444533836539608
3,3670333308,408923951326489,1783444533844052162
2,3683666642,408923967257878,1783444533859983487
1,2766666639,408923975879493,1783444533868605166
0,3398719971,408923975891173,1783444533868616846
3,3703666641,408923983328112,1783444533876054009
2,3716999975,408923999285613,1783444533892011318
1,2799999972,408924007821758,1783444533900547399
0,3432053304,408924007822494,1783444533900548103
3,3736999974,408924015334888,1783444533908060497
2,3750333308,408924031298276,1783444533924023981
1,2833333305,408924039803446,1783444533932529087
0,3465386637,408924039815542,1783444533932541151
3,3770333307,408924047390910,1783444533940116615
2,3783666641,408924063368634,1783444533956094275
1,2866666638,408924072128902,1783444533964854607
0,3498719970,408924072178757,1783444533964904430
3,3803666640,408924079437141,1783444533972162846
2,3816999974,408924095377970,1783444533988103707
1,2899999971,408924103949794,1783444533996675403
0,3532053303,408924103950306,1783444533996675947
3,3836999973,408924111432012,1783444534004157621
2,3850333307,408924127368873,1783444534020094546
0,3565386636,408924135931705,1783444534028657314
1,2933333304,408924135936569,1783444534028662178
3,3870333306,408924143444899,1783444534036170540
2,3883666640,408924159442590,1783444534052168327
0,3598719969,408924168023373,1783444534060749014
1,2966666637,408924168024493,1783444534060750102
3,3903666639,408924175486840,1783444534068212481
2,3916999973,408924191440276,1783444534084165949
0,3632053302,408924200073251,1783444534092798956
1,2999999970,408924200086946,1783444534092812651
3,3936999972,408924207515630,1783444534100241527
2,3950333306,408924223461162,1783444534116186803
0,3665386635,408924232037210,1783444534124762851
1,3033333303,408924232039834,1783444534124765443
3,3970333305,408924239527012,1783444534132252653
2,3983666639,408924255514815,1783444534148240520
1,3066666636,408924264072943,1783444534156798584
0,3698719968,408924264073423,1783444534156799032
3,4003666638,408924271601912,1783444534164327521
2,4016999972,408924287519318,1783444534180244991
1,3099999969,408924296216130,1783444534188941803
0,3732053301,408924296237570,1783444534188963243
2,4050333305,408924319538316,1783444534212264277
1,3133333302,408924328095868,1783444534220821509
0,3765386634,408924328100988,1783444534220826629
2,4083666638,408924351564001,1783444534244289770
1,3166666635,408924360252558,1783444534252978263
0,3798719967,408924360303245,1783444534253028918
3,4036999971,408924368128047,1783444534260853848
2,4116999971,408924383611511,1783444534276337216
1,3199999968,408924392270116,1783444534284995789
0,3832053300,408924392278724,1783444534285004429
3,4070333304,408924399691344,1783444534292417017
2,4150333304,408924415672108,1783444534308397717
0,3865386633,408924424297626,1783444534317023299
1,3233333301,408924424307354,1783444534317033027
3,4103666637,408924431739269,1783444534324464974
2,4183666637,408924447695394,1783444534340421099
0,3898719966,408924456417102,1783444534349142775
1,3266666634,408924456439117,1783444534349164790
3,4136999970,408924463763707,1783444534356489348
2,4216999970,408924479713048,1783444534372438721
1,3299999967,408924488351206,1783444534381076815
0,3932053299,408924488353446,1783444534381079055
3,4170333303,408924495741042,1783444534388466683
2,4250333303,408924511769101,1783444534404494774
0,3965386632,408924520908303,1783444534413633912
1,3333333300,408924520908719,1783444534413634328
3,4203666636,408924527786983,1783444534420512592
2,4283666636,408924543771715,1783444534436497420
1,3366666633,408924552286420,1783444534445012029
0,3998719965,408924552287284,1783444534445012925
3,4236999969,408924559837053,1783444534452562694
2,4316999969,408924575859543,1783444534468585248
1,3399999966,408924584762495,1783444534477488136
0,4032053298,408924584765919,1783444534477491592
3,4270333302,408924591847411,1783444534484573020
2,4350333302,408924607856398,1783444534500582007
1,3433333299,408924616613273,1783444534509338946
0,4065386631,408924616615801,1783444534509341474
3,4303666635,408924623942983,1783444534516668656
2,4383666635,408924639827365,1783444534532553070
1,3466666632,408924648422260,1783444534541147933
0,4098719964,408924648426548,1783444534541152189
3,4336999968,408924655907678,1783444534548633319
2,4416999968,408924671861051,1783444534564586692
0,4132053297,408924680503305,1783444534573228946
1,3499999965,408924680521896,1783444534573247537
3,4370333301,408924687914677,1783444534580640286
2,4450333301,408924703844785,1783444534596570394
0,4165386630,408924712363746,1783444534605089355
1,3533333298,408924712415233,1783444534605140874
3,4403666634,408924719983401,1783444534612709074
2,4483666634,408924735946277,1783444534628671982
0,4198719963,408924744593491,1783444534637319164
1,3566666631,408924744692977,1783444534637418618
3,4436999967,408924752065886,1783444534644791527
2,4516999967,408924767893597,1783444534660619238
1,3599999964,408924776396175,1783444534669121784
0,4232053296,408924776427630,1783444534669153239
3,4470333300,408924783991094,1783444534676716703
2,4550333300,408924799958482,1783444534692684123
1,3633333297,408924808582848,1783444534701308489
0,4265386629,408924808612672,1783444534701338345
3,4503666633,408924816076298,1783444534708801971
2,4583666633,408924831946025,1783444534724671666
1,3666666630,408924840539768,1783444534733265377
0,4298719962,408924840546328,1783444534733271937
3,4536999966,408924848070401,1783444534740796042
2,4616999966,408924864133627,1783444534756859300
1,3699999963,408924872803816,1783444534765529457
0,4332053295,408924872831591,1783444534765557232
3,4570333299,408924880080759,1783444534772806400
2,4650333299,408924896048051,1783444534788773660
1,3733333296,408924904688289,1783444534797413898
0,4365386628,408924904706081,1783444534797431754
3,4603666632,408924912054542,1783444534804780151
3,4636999965,408924944193633,1783444534836919274
3,4670333298,408924976196632,1783444534868922305
2,4683666632,408924992082870,1783444534884808511
1,3766666629,408925000545736,1783444534893271409
0,4398719961,408925000588647,1783444534893314320
3,4703666631,408925008192366,1783444534900918007
2,4716999965,408925024100524,1783444534916826165
1,3799999962,408925032633052,1783444534925358693
0,4432053294,408925032643036,1783444534925368645
3,4736999964,408925040209668,1783444534932935341
2,4750333298,408925056128513,1783444534948854122
1,3833333295,408925064703217,1783444534957428890
0,4465386627,408925064708625,1783444534957434266
3,4770333297,408925072307192,1783444534965032865
2,4783666631,408925088222902,1783444534980948575
0,4498719960,408925096961281,1783444534989686922
1,3866666628,408925096961505,1783444534989687178
3,4803666630,408925104320622,1783444534997046199
2,4816999964,408925120208460,1783444535012934069
1,3899999961,408925128840730,1783444535021566371
0,4532053293,408925128867801,1783444535021593442
3,4836999963,408925136314756,1783444535029040429
2,4850333297,408925152306687,1783444535045032360
1,3933333294,408925160895566,1783444535053621175
0,4565386626,408925160935885,1783444535053661590
3,4870333296,408925168327097,1783444535061052738
2,4883666630,408925184287732,1783444535077013437
1,3966666627,408925192890083,1783444535085615724
0,4598719959,408925192900131,1783444535085625740
3,4903666629,408925200340686,1783444535093066327
2,4916999963,408925216303401,1783444535109029106
1,3999999960,408925224863801,1783444535117589474
0,4632053292,408925224887160,1783444535117612769
3,4936999962,408925232334531,1783444535125060140
2,4950333296,408925248320830,1783444535141046567
0,4665386625,408925256915245,1783444535149640886
1,4033333293,408925256916461,1783444535149642134
3,4970333295,408925264382871,1783444535157108480
2,4983666629,408925280334643,1783444535173060252
1,4066666626,408925288886434,1783444535181612043
0,4698719958,408925288897570,1783444535181623211
3,5003666628,408925296439211,1783444535189164884
2,5016999962,408925312352871,1783444535205078864
0,4732053291,408925320909335,1783444535213635040
1,4099999959,408925321071507,1783444535213797180
3,5036999961,408925328433184,1783444535221158857
2,5050333295,408925344416315,1783444535237142020
1,4133333292,408925353068392,1783444535245794097
0,4765386624,408925353072648,1783444535245798321
3,5070333294,408925360506771,1783444535253232380
2,5083666628,408925376461455,1783444535269187128
1,4166666625,408925385208538,1783444535277934211
0,4798719957,408925385209722,1783444535277935363
3,5103666627,408925392516232,1783444535285241937
2,5116999961,408925408503011,1783444535301228652
1,4199999958,408925417209999,1783444535309935672
0,4832053290,408925417213519,1783444535309939192
3,5136999960,408925424566364,1783444535317292037
2,5150333294,408925440524376,1783444535333250049
1,4233333291,408925449222660,1783444535341948365
0,4865386623,408925449278339,1783444535342003948
3,5170333293,408925456577425,1783444535349303098
2,5183666627,408925472518349,1783444535365244438
1,4266666624,408925481119484,1783444535373845093
0,4898719956,408925481126940,1783444535373852581
3,5203666626,408925488567686,1783444535381293295
2,5216999960,408925504540930,1783444535397266603
1,4299999957,408925513185871,1783444535405911544
0,4932053289,408925513192143,1783444535405917784
3,5236999959,408925520614011,1783444535413339652
2,5250333293,408925536548215,1783444535429273856
1,4333333290,408925545081319,1783444535437806960
0,4965386622,408925545088039,1783444535437813648
3,5270333292,408925552675022,1783444535445400695
2,5283666626,408925568706120,1783444535461431729
0,4998719955,408925577415604,1783444535470141213
1,4366666623,408925577472691,1783444535470198364
3,5303666625,408925584684387,1783444535477410060
2,5316999959,408925600757052,1783444535493482725
0,5032053288,408925609534150,1783444535502259727
1,4399999956,408925609535366,1783444535502261039
3,5336999958,408925616781878,1783444535509507519
2,5350333292,408925632656116,1783444535525381885
1,4433333289,408925641273218,1783444535533998827
0,5065386621,408925641286114,1783444535534011755
3,5370333291,408925648916552,1783444535541642257
2,5383666625,408925664669736,1783444535557395345
1,4466666622,408925673321398,1783444535566047071
0,5098719954,408925673327414,1783444535566053055
3,5403666624,408925680727522,1783444535573453131
2,5416999958,408925696721116,1783444535589446821
0,5132053287,408925705358858,1783444535598084467
1,4499999955,408925705370282,1783444535598095955
3,5436999957,408925712810709,1783444535605536350
2,5450333291,408925728741841,1783444535621467578
1,4533333288,408925737370719,1783444535630096360
0,5165386620,408925737420222,1783444535630145927
3,5470333290,408925744958086,1783444535637683759
2,5483666624,408925760778597,1783444535653504270
1,4566666621,408925769486225,1783444535662211898
0,5198719953,408925769513873,1783444535662239514
3,5503666623,408925776810175,1783444535669535816
2,5516999957,408925792748411,1783444535685474052
1,4599999954,408925801254092,1783444535693979733
0,5232053286,408925801287403,1783444535694013076
3,5536999956,408925808868595,1783444535701594236
2,5550333290,408925824808175,1783444535717533880
1,4633333287,408925833346431,1783444535726072072
0,5265386619,408925833380862,1783444535726106503
3,5570333289,408925840863784,1783444535733589393
2,5583666623,408925856822212,1783444535749547853
1,4666666620,408925865426162,1783444535758151835
0,5298719952,408925865455314,1783444535758180987
3,5603666622,408925872885437,1783444535765611078
2,5616999956,408925888819769,1783444535781545410
1,4699999953,408925897493382,1783444535790219023
0,5332053285,408925897508645,1783444535790234350
3,5636999955,408925904926097,1783444535797651802
2,5650333289,408925920882029,1783444535813607702
1,4733333286,408925929585561,1783444535822311170
0,5365386618,408925929590329,1783444535822315938
3,5670333288,408925936944902,1783444535829670543
2,5683666622,408925952902593,1783444535845628234
1,4766666619,408925961560654,1783444535854286327
0,5398719951,408925961562766,1783444535854288439
3,5703666621,408925968964858,1783444535861690499
2,5716999955,408925984932662,1783444535877658399
0,5432053284,408925993465510,1783444535886191119
1,4799999952,408925993474630,1783444535886200303
3,5736999954,408926001011598,1783444535893737239
2,5750333288,408926016931499,1783444535909657140
1,4833333285,408926025484987,1783444535918210628
0,5465386617,408926025503066,1783444535918228675
3,5770333287,408926033009924,1783444535925735629
2,5783666621,408926048961631,1783444535941687272
1,4866666618,408926057526959,1783444535950252600
0,5498719950,408926057528463,1783444535950254072
3,5803666620,408926065074039,1783444535957799712
2,5816999954,408926080982260,1783444535973707869
0,5532053283,408926089544388,1783444535982270029
1,4899999951,408926089556547,1783444535982282252
3,5836999953,408926097082700,1783444535989808437
2,5850333287,408926113017864,1783444536005743473
1,4933333284,408926121624950,1783444536014350559
0,5565386616,408926121695796,1783444536014421437
3,5870333286,408926129113312,1783444536021838985
2,5883666620,408926145067707,1783444536037793316
1,4966666617,408926153656329,1783444536046382002
0,5598719949,408926153659561,1783444536046385170
3,5903666619,408926161138067,1783444536053863740
2,5916999953,408926177070447,1783444536069796088
1,4999999950,408926185649885,1783444536078375526
0,5632053282,408926185659933,1783444536078385606
3,5936999952,408926193164806,1783444536085890703
2,5950333286,408926209086018,1783444536101811627
1,5033333283,408926217691760,1783444536110417401
0,5665386615,408926217715472,1783444536110441113
3,5970333285,408926225191097,1783444536117916802
2,5983666619,408926241150164,1783444536133875869
1,5066666616,408926249658149,1783444536142383758
0,5698719948,408926249673925,1783444536142399566
3,6003666618,408926257241644,1783444536149967349
2,6016999952,408926273191559,1783444536165917264
0,5732053281,408926281779542,1783444536174505183
1,5099999949,408926281802389,1783444536174528062
3,6036999951,408926289227712,1783444536181953321
2,6050333285,408926305164924,1783444536197890597
1,5133333282,408926313729835,1783444536206455476
0,5765386614,408926313747147,1783444536206472788
3,6070333284,408926321294355,1783444536214020060
2,6083666618,408926337282349,1783444536230007990
0,5798719947,408926345900443,1783444536238626052
1,5166666615,408926345905723,1783444536238631428
3,6103666617,408926353345413,1783444536246071118
2,6116999951,408926369288065,1783444536262013738
1,5199999948,408926377966477,1783444536270692086
0,5832053280,408926377988268,1783444536270713941
3,6136999950,408926385347577,1783444536278073186
2,6150333284,408926401293140,1783444536294018877
1,5233333281,408926409961185,1783444536302686826
0,5865386613,408926409976801,1783444536302702442
3,6170333283,408926417387180,1783444536310112885
2,6183666617,408926433436645,1783444536326162318
0,5898719946,408926442121041,1783444536334846746
1,5266666614,408926442129457,1783444536334855130
3,6203666616,408926449393920,1783444536342119593
2,6216999950,408926465357339,1783444536358083012
0,5932053279,408926473940809,1783444536366666450
1,5299999947,408926473968777,1783444536366694450
3,6236999949,408926481411635,1783444536374137244
2,6250333283,408926497328335,1783444536390053944
0,5965386612,408926506001148,1783444536398726789
1,5333333280,408926506008284,1783444536398733925
3,6270333282,408926513413031,1783444536406138672
2,6283666616,408926529363330,1783444536422088939
0,5998719945,408926538017135,1783444536430742840
1,5366666613,408926538030191,1783444536430755864
2,6316999949,408926561414101,1783444536454139774
1,5399999946,408926570133024,1783444536462858665
0,6032053278,408926570132672,1783444536462858281
2,6350333282,408926593528998,1783444536486254639
0,6065386611,408926602233138,1783444536494958747
1,5433333279,408926602234706,1783444536494960347
3,6303666615,408926609653853,1783444536502379558
2,6383666615,408926625463291,1783444536518188932
0,6098719944,408926634119816,1783444536526845457
1,5466666612,408926634136872,1783444536526862545
3,6336999948,408926641590930,1783444536534316539
2,6416999948,408926657495855,1783444536550221464
1,5499999945,408926666256857,1783444536558982498
0,6132053277,408926666267033,1783444536558992706
3,6370333281,408926673632901,1783444536566358542
2,6450333281,408926689519746,1783444536582245387
1,5533333278,408926698120912,1783444536590846553
0,6165386610,408926698125104,1783444536590850745
3,6403666614,408926705644313,1783444536598370018
2,6483666614,408926721517238,1783444536614242847
0,6198719943,408926730130980,1783444536622856685
1,5566666611,408926730145283,1783444536622870988
3,6436999947,408926737691627,1783444536630417236
2,6516999947,408926753711589,1783444536646437262
1,5599999944,408926762317075,1783444536655042780
0,6232053276,408926762321907,1783444536655047548
3,6470333280,408926769643457,1783444536662369066
2,6550333280,408926785610939,1783444536678336580
1,5633333277,408926794117900,1783444536686843509
0,6265386609,408926794121868,1783444536686847477
3,6503666613,408926801671668,1783444536694397309
2,6583666613,408926817627823,1783444536710353464
0,6298719942,408926826270812,1783444536718996453
1,5666666610,408926826288988,1783444536719014693
3,6536999946,408926833739558,1783444536726465199
2,6616999946,408926849686465,1783444536742412170
0,6332053275,408926858333390,1783444536751059031
1,5699999943,408926858541449,1783444536751267058
3,6570333279,408926865746298,1783444536758471971
2,6650333279,408926881682933,1783444536774408542
0,6365386608,408926890260932,1783444536782986541
1,5733333276,408926890431424,1783444536783157065
3,6603666612,408926897810412,1783444536790536117
2,6683666612,408926913687497,1783444536806413138
1,5766666609,408926922395829,1783444536815121470
0,6398719941,408926922397365,1783444536815123070
3,6636999945,408926929852831,1783444536822578440
2,6716999945,408926945783739,1783444536838509412
0,6432053274,408926954519782,1783444536847245391
1,5799999942,408926954523973,1783444536847249614
3,6670333278,408926961833779,1783444536854559452
2,6750333278,408926977805422,1783444536870531063
1,5833333275,408926986479674,1783444536879205315
0,6465386607,408926986654806,1783444536879380383
3,6703666611,408926993862086,1783444536886587727
2,6783666611,408927009823873,1783444536902549578
0,6498719940,408927018364657,1783444536911090266
1,5866666608,408927018384241,1783444536911109946
3,6736999944,408927025853275,1783444536918578884
2,6816999944,408927041845813,1783444536934571486
1,5899999941,408927050404420,1783444536943130061
0,6532053273,408927050415620,1783444536943141261
3,6770333277,408927057917773,1783444536950643478
2,6850333277,408927073854600,1783444536966580241
1,5933333274,408927082470902,1783444536975196607
0,6565386606,408927082481398,1783444536975207039
3,6803666610,408927089921761,1783444536982647434
2,6883666610,408927105908667,1783444536998634372
0,6598719939,408927114478826,1783444537007204467
1,5966666607,408927114499785,1783444537007225490
3,6836999943,408927121960019,1783444537014685628
2,6916999943,408927137888302,1783444537030613911
1,5999999940,408927146551867,1783444537039277508
0,6632053272,408927146555898,1783444537039281475
3,6870333276,408927153964902,1783444537046690511
3,6903666609,408927186036086,1783444537078761759
3,6936999942,408927218051465,1783444537110777074
2,6950333276,408927233978852,1783444537126704493
0,6665386605,408927242523379,1783444537135249020
1,6033333273,408927242532371,1783444537135258012
3,6970333275,408927250070011,1783444537142795716
2,6983666609,408927265988534,1783444537158714175
0,6698719938,408927274506566,1783444537167232175
1,6066666606,408927274534885,1783444537167260590
3,7003666608,408927282139084,1783444537174864757
2,7016999942,408927298034408,1783444537190760113
0,6732053271,408927306620086,1783444537199345727
1,6099999939,408927306620214,1783444537199345855
3,7036999941,408927314150526,1783444537206876167
2,7050333275,408927330055706,1783444537222781315
0,6765386604,408927338647528,1783444537231373137
1,6133333272,408927338660648,1783444537231386289
3,7070333274,408927346150001,1783444537238875674
2,7083666608,408927362080876,1783444537254806485
0,6798719937,408927370644347,1783444537263369956
1,6166666605,408927370905364,1783444537263631069
3,7103666607,408927378171203,1783444537270896844
2,7116999941,408927394120349,1783444537286846054
1,6199999938,408927402774986,1783444537295500627
0,6832053270,408927402776746,1783444537295502355
3,7136999940,408927410212309,1783444537302937981
2,7150333274,408927426167343,1783444537318892952
1,6233333271,408927434880154,1783444537327605795
0,6865386603,408927434896570,1783444537327622243
3,7170333273,408927442241510,1783444537334967215
2,7183666607,408927458144322,1783444537350869931
0,6898719936,408927466769327,1783444537359495032
1,6266666604,408927466778959,1783444537359504568
3,7203666606,408927474283320,1783444537367008961
2,7216999940,408927490192660,1783444537382918333
0,6932053269,408927498728771,1783444537391454380
1,6299999937,408927498736035,1783444537391461708
3,7236999939,408927506252555,1783444537398978196
2,7250333273,408927522200390,1783444537414925967
0,6965386602,408927530770581,1783444537423496222
1,6333333270,408927530786164,1783444537423511837
3,7270333272,408927538354556,1783444537431080197
2,7283666606,408927554276375,1783444537447002048
0,6998719935,408927562989314,1783444537455714923
1,6366666603,408927562998306,1783444537455723979
3,7303666605,408927570324335,1783444537463049976
2,7316999939,408927586327912,1783444537479053585
0,7032053268,408927595098482,1783444537487824123
1,6399999936,408927595105682,1783444537487831323
3,7336999938,408927602402208,1783444537495127913
2,7350333272,408927618367482,1783444537511093123
1,6433333269,408927626990407,1783444537519716080
0,7065386601,408927627002247,1783444537519727888
3,7370333271,408927634429394,1783444537527155003
2,7383666605,408927650380588,1783444537543106293
1,6466666602,408927659075800,1783444537551801409
0,7098719934,408927659077336,1783444537551802977
3,7403666604,408927666400325,1783444537559125934
2,7416999938,408927682378335,1783444537575103976
1,6499999935,408927691141513,1783444537583867122
0,7132053267,408927691144841,1783444537583870482
3,7436999937,408927698428727,1783444537591154432
2,7450333271,408927714367666,1783444537607093275
0,7165386600,408927722829155,1783444537615554764
1,6533333268,408927722848931,1783444537615574604
3,7470333270,408927730457225,1783444537623182802
2,7483666604,408927746443554,1783444537639169259
1,6566666601,408927755154830,1783444537647880471
0,7198719933,408927755154414,1783444537647880055
3,7503666603,408927762516442,1783444537655242083
2,7516999937,408927778449845,1783444537671175486
0,7232053266,408927787073090,1783444537679798763
1,6599999934,408927787102914,1783444537679828619
3,7536999936,408927794499789,1783444537687225430
2,7550333270,408927810471495,1783444537703197104
1,6633333267,408927819117524,1783444537711843165
0,7265386599,408927819139699,1783444537711865340
3,7570333269,408927826528191,1783444537719253832
2,7583666603,408927842518616,1783444537735244257
0,7298719932,408927851149958,1783444537743875599
1,6666666600,408927851153862,1783444537743879471
3,7603666602,408927858581904,1783444537751307609
2,7616999936,408927874552234,1783444537767277843
0,7332053265,408927883215095,1783444537775940736
1,6699999933,408927883233334,1783444537775959071
3,7636999935,408927890610082,1783444537783335691
2,7650333269,408927906535933,1783444537799261574
0,7365386598,408927915094028,1783444537807819669
1,6733333266,408927915096556,1783444537807822197
3,7670333268,408927922613877,1783444537815339742
2,7683666602,408927938682188,1783444537831407797
0,7398719931,408927947314553,1783444537840040194
1,6766666599,408927947330489,1783444537840056162
3,7703666601,408927954665126,1783444537847390735
2,7716999935,408927970564962,1783444537863290603
0,7432053264,408927979235374,1783444537871961015
1,6799999932,408927979236078,1783444537871961687
3,7736999934,408927986651929,1783444537879377570
2,7750333268,408928002613971,1783444537895339612
1,6833333265,408928011156355,1783444537903881964
0,7465386597,408928011790003,1783444537904515676
3,7770333267,408928018678379,1783444537911403988
2,7783666601,408928034623654,1783444537927349295
1,6866666598,408928043198068,1783444537935923677
0,7498719930,408928043834053,1783444537936559694
3,7803666600,408928050719037,1783444537943444678
2,7816999934,408928066658327,1783444537959383936
1,6899999931,408928075217830,1783444537967943535
0,7532053263,408928075325604,1783444537968051245
3,7836999933,408928082742447,1783444537975468120
2,7850333267,408928098663818,1783444537991389427
1,6933333264,408928107314839,1783444538000040480
0,7565386596,408928107505618,1783444538000231387
3,7870333266,408928114792256,1783444538007517897
2,7883666600,408928130746554,1783444538023472259
0,7598719929,408928139615041,1783444538032340682
1,6966666597,408928139696031,1783444538032421672
3,7903666599,408928146815824,1783444538039541529
2,7916999933,408928162779338,1783444538055504979
1,6999999930,408928171316921,1783444538064042562
0,7632053262,408928171317081,1783444538064042722
3,7936999932,408928178847457,1783444538071573066
2,7950333266,408928194755772,1783444538087481381
0,7665386595,408928203279596,1783444538096005173
1,7033333263,408928203289547,1783444538096015188
3,7970333265,408928210911281,1783444538103636890
2,7983666599,408928226849067,1783444538119574740
1,7066666596,408928235512407,1783444538128238016
0,7698719928,408928235512439,1783444538128238080
3,8003666598,408928242883395,1783444538135609004
2,8016999932,408928258828669,1783444538151554310
0,7732053261,408928267362636,1783444538160088309
1,7099999929,408928267389644,1783444538160115317
3,8036999931,408928274919315,1783444538167645020
2,8050333265,408928290823726,1783444538183549335
1,7133333262,408928299405724,1783444538192131397
0,7765386594,408928299408476,1783444538192134149
3,8070333264,408928307001699,1783444538199727340
2,8083666598,408928322865535,1783444538215591176
1,7166666595,408928331389006,1783444538224114615
0,7798719927,408928331389966,1783444538224115575
3,8103666597,408928338976405,1783444538231702014
2,8116999931,408928354914895,1783444538247640504
1,7199999928,408928363498813,1783444538256224454
0,7832053260,408928363500701,1783444538256226310
3,8136999930,408928370994086,1783444538263719727
2,8150333264,408928386926144,1783444538279651721
0,7865386593,408928395534381,1783444538288260054
1,7233333261,408928395544173,1783444538288269910
3,8170333263,408928403046070,1783444538295771711
2,8183666597,408928419000175,1783444538311725880
0,7898719926,408928427610397,1783444538320336038
1,7266666594,408928427611389,1783444538320336998
3,8203666596,408928435075494,1783444538327801135
2,8216999930,408928450993921,1783444538343719754
1,7299999927,408928459616494,1783444538352342167
0,7932053259,408928459648205,1783444538352373910
3,8236999929,408928467084535,1783444538359810240
2,8250333263,408928483010258,1783444538375735899
1,7333333260,408928491499234,1783444538384224843
0,7965386592,408928491500706,1783444538384226347
3,8270333262,408928499077225,1783444538391802866
2,8283666596,408928515034691,1783444538407760300
0,7998719925,408928523562578,1783444538416288219
1,7366666593,408928523566578,1783444538416292219
3,8303666595,408928531118521,1783444538423844130
2,8316999929,408928547077811,1783444538439803452
1,7399999926,408928555643298,1783444538448368907
0,8032053258,408928555646113,1783444538448371754
3,8336999928,408928563170473,1783444538455896114
2,8350333262,408928579104100,1783444538471829741
0,8065386591,408928587702609,1783444538480428282
1,7433333259,408928587718417,1783444538480444122
3,8370333261,408928595247865,1783444538487973474
2,8383666595,408928611133620,1783444538503859229
0,8098719924,408928620132920,1783444538512858561
1,7466666592,408928620132696,1783444538512858337
3,8403666594,408928627204139,1783444538519929812
2,8416999928,408928643228387,1783444538535954092
0,8132053257,408928651807826,1783444538544533435
1,7499999925,408928651812049,1783444538544537658
3,8436999927,408928659224604,1783444538551950245
2,8450333261,408928675160918,1783444538567886559
0,8165386590,408928683720805,1783444538576446510
1,7533333258,408928683736229,1783444538576461902
3,8470333260,408928691312779,1783444538584038484
2,8483666594,408928707239878,1783444538599965583
1,7566666591,408928715962384,1783444538608688057
0,8198719923,408928715966320,1783444538608692025
3,8503666593,408928723339388,1783444538616064997
2,8516999927,408928739317461,1783444538632043070
0,8232053256,408928747938082,1783444538640663691
1,7599999924,408928747938882,1783444538640664523
3,8536999926,408928755306830,1783444538648032439
2,8550333260,408928771266888,1783444538663992529
0,8265386589,408928779849270,1783444538672574911
1,7633333257,408928779868853,1783444538672594494
2,8583666593,408928803354743,1783444538696080384
1,7666666590,408928812046018,1783444538704771723
0,8298719922,408928812123649,1783444538704849322
2,8616999926,408928835282122,1783444538728007827
1,7699999923,408928843836089,1783444538736561762
0,8332053255,408928843848121,1783444538736573794
3,8570333259,408928851531357,1783444538744256998
2,8650333259,408928867321467,1783444538760047076
1,7733333256,408928875825451,1783444538768551092
0,8365386588,408928875861866,1783444538768587507
3,8603666592,408928883403569,1783444538776129242
2,8683666592,408928899321836,1783444538792047477
1,7766666589,408928907810684,1783444538800536325
0,8398719921,408928907813468,1783444538800539077
3,8636999925,408928915475937,1783444538808201642
2,8716999925,408928931374300,1783444538824100005
1,7799999922,408928939888332,1783444538832613973
0,8432053254,408928939922891,1783444538832648532
3,8670333258,408928947447475,1783444538840173148
2,8750333258,408928963399565,1783444538856125206
1,7833333255,408928971871741,1783444538864597350
0,8465386587,408928971873757,1783444538864599398
3,8703666591,408928979500099,1783444538872225708
2,8783666591,408928995419102,1783444538888144711
1,7866666588,408929003955853,1783444538896681558
0,8498719920,408929003965293,1783444538896691030
3,8736999924,408929011529812,1783444538904255517
2,8816999924,408929027430895,1783444538920156504
1,7899999921,408929035921087,1783444538928646792
0,8532053253,408929035931903,1783444538928657576
3,8770333257,408929043555556,1783444538936281165
2,8850333257,408929059502846,1783444538952228583
1,7933333254,408929068057773,1783444538960783382
0,8565386586,408929068065517,1783444538960791158
3,8803666590,408929075575637,1783444538968301246
2,8883666590,408929091525071,1783444538984250744
1,7966666587,408929100106493,1783444538992832134
0,8598719919,408929100118333,1783444538992844038
3,8836999923,408929107644069,1783444539000369710
2,8916999923,408929123543167,1783444539016268840
0,8632053252,408929132132781,1783444539024858486
1,7999999920,408929132134285,1783444539024859958
3,8870333256,408929139649813,1783444539032375422
2,8950333256,408929155614414,1783444539048340087
0,8665386585,408929164188380,1783444539056914085
1,8033333253,408929164193308,1783444539056918981
3,8903666589,408929171672676,1783444539064398381
2,8983666589,408929187587166,1783444539080312807
0,8698719918,408929196166796,1783444539088892501
1,8066666586,408929196175628,1783444539088901333
3,8936999922,408929203685492,1783444539096411133
2,9016999922,408929219629901,1783444539112355574
1,8099999919,408929228240699,1783444539120966404
0,8732053251,408929228246810,1783444539120972483
3,8970333255,408929235717219,1783444539128442860
2,9050333255,408929251621022,1783444539144346663
1,8133333252,408929260079983,1783444539152805624
0,8765386584,408929260083182,1783444539152808791
3,9003666588,408929267728435,1783444539160454140
2,9083666588,408929283689964,1783444539176415605
1,8166666585,408929292229339,1783444539184954980
0,8798719917,408929292236763,1783444539184962404
3,9036999921,408929299752771,1783444539192478444
2,9116999921,408929315720572,1783444539208446245
0,8832053250,408929324342088,1783444539217067761
1,8199999918,408929324350312,1783444539217075985
3,9070333254,408929331793778,1783444539224519387
2,9150333254,408929347735243,1783444539240460884
1,8233333251,408929356424246,1783444539249149887
0,8865386583,408929356440470,1783444539249166079
3,9103666587,408929363821505,1783444539256547178
2,9183666587,408929379813977,1783444539272539586
0,8898719916,408929388289290,1783444539281014931
1,8266666584,408929388297098,1783444539281022739
3,9136999920,408929395853297,1783444539288579002
3,9170333253,408929427919391,1783444539320645096
3,9203666586,408929459951758,1783444539352677399
2,9216999920,408929475854025,1783444539368579634
0,8932053249,408929484383736,1783444539377109345
1,8299999917,408929484385848,1783444539377111457
3,9236999919,408929491908447,1783444539384634088
2,9250333253,408929508029524,1783444539400755165
1,8333333250,408929516607298,1783444539409332971
0,8965386582,408929516618818,1783444539409344491
3,9270333252,408929523950318,1783444539416675959
2,9283666586,408929539900936,1783444539432626545
0,8998719915,408929548481430,1783444539441207103
1,8366666583,408929548494741,1783444539441220414
3,9303666585,408929555994717,1783444539448720326
2,9316999919,408929571980470,1783444539464706079
0,9032053248,408929580639362,1783444539473365003
1,8399999916,408929580640802,1783444539473366411
3,9336999918,408929588029325,1783444539480755030
2,9350333252,408929604046532,1783444539496772141
0,9065386581,408929612788270,1783444539505513975
1,8433333249,408929612805486,1783444539505531159
3,9370333251,408929620062780,1783444539512788389
2,9383666585,408929636087923,1783444539528813596
1,8466666582,408929644804670,1783444539537530279
0,9098719914,408929644805406,1783444539537531047
3,9403666584,408929652046348,1783444539544772021
2,9416999918,408929668045573,1783444539560771214
1,8499999915,408929676706000,1783444539569431705
0,9132053247,408929676720016,1783444539569445721
3,9436999917,408929684105115,1783444539576830756
2,9450333251,408929700051988,1783444539592777725
0,9165386580,408929708816862,1783444539601542535
1,8533333248,408929708874460,1783444539601600165
3,9470333250,408929716157258,1783444539608882899
2,9483666584,408929732052645,1783444539624778286
1,8566666581,408929740588979,1783444539633314620
0,9198719913,408929740588787,1783444539633314428
3,9503666583,408929748156250,1783444539640881891
2,9516999917,408929764060628,1783444539656786269
1,8599999914,408929772642146,1783444539665367787
0,9232053246,408929772643938,1783444539665369579
3,9536999916,408929780188329,1783444539672913970
2,9550333250,408929796117763,1783444539688843500
0,9265386579,408929804727408,1783444539697453049
1,8633333247,408929804769423,1783444539697495064
3,9570333249,408929812213145,1783444539704938850
2,9583666583,408929828135955,1783444539720861564
0,9298719912,408929836706977,1783444539729432586
1,8666666580,408929836707009,1783444539729432650
3,9603666582,408929844242024,1783444539736967697
2,9616999916,408929860274143,1783444539752999784
1,8699999913,408929868846829,1783444539761572438
0,9332053245,408929868847277,1783444539761572918
3,9636999915,408929876268376,1783444539768994081
2,9650333249,408929892215217,1783444539784940922
0,9365386578,408929900788991,1783444539793514600
1,8733333246,408929900790463,1783444539793516104
3,9670333248,408929908328870,1783444539801054543
2,9683666582,408929924321918,1783444539817047591
0,9398719911,408929932927852,1783444539825653461
1,8766666579,408929932932556,1783444539825658165
3,9703666581,408929940383285,1783444539833108894
2,9716999915,408929956240657,1783444539848966266
1,8799999912,408929964830398,1783444539857556039
0,9432053244,408929964838238,1783444539857563879
3,9736999914,408929972351398,1783444539865077007
2,9750333248,408929988335774,1783444539881061383
1,8833333245,408929996991242,1783444539889716883
0,9465386577,408929997001866,1783444539889727507
3,9770333247,408930004379893,1783444539897105502
2,9783666581,408930020311759,1783444539913037368
1,8866666578,408930028916828,1783444539921642469
0,9498719910,408930028932124,1783444539921657733
3,9803666580,408930036400453,1783444539929126062
2,9816999914,408930052450460,1783444539945176165
0,9532053243,408930061135463,1783444539953861136
1,8899999911,408930061136935,1783444539953862608
3,9836999913,408930068429076,1783444539961154781
2,9850333247,408930084366894,1783444539977092535
0,9565386576,408930092946268,1783444539985671941
1,8933333244,408930092949852,1783444539985675525
3,9870333246,408930100425764,1783444539993151373
2,9883666580,408930116370781,1783444540009096390
0,9598719909,408930124918956,1783444540017644565
1,8966666577,408930124920012,1783444540017645653
3,9903666579,408930132427923,1783444540025153532
2,9916999913,408930148470634,1783444540041196275
1,8999999910,408930157177236,1783444540049902813
0,9632053242,408930157183092,1783444540049908701
3,9936999912,408930164497377,1783444540057223018
2,9950333246,408930180445337,1783444540073171170
0,9665386575,408930188954377,1783444540081680081
1,9033333243,408930188974760,1783444540081700433
3,9970333245,408930196529679,1783444540089255288
2,9983666579,408930212508199,1783444540105233904
0,9698719908,408930221283631,1783444540114009304
1,9066666576,408930221288239,1783444540114013912
3,10003666578,408930228553469,1783444540121279174
2,10016999912,408930244572884,1783444540137298845
1,9099999909,408930253219680,1783444540145945321
0,9732053241,408930253221536,1783444540145947145
3,10036999911,408930260589227,1783444540153314932
2,10050333245,408930276538755,1783444540169264460
1,9133333242,408930285099057,1783444540177824698
0,9765386574,408930285108209,1783444540177833818
3,10070333244,408930292574042,1783444540185299747
2,10083666578,408930308529907,1783444540201255612
1,9166666575,408930316994531,1783444540209720140
0,9798719907,408930316996227,1783444540209721868
3,10103666577,408930324608776,1783444540217334449
2,10116999911,408930340579392,1783444540233305001
0,9832053240,408930349140334,1783444540241865911
1,9199999908,408930349149518,1783444540241875191
3,10136999910,408930356681973,1783444540249407614
2,10150333244,408930372619278,1783444540265344983
1,9233333241,408930381549171,1783444540274274908
0,9865386573,408930381563187,1783444540274288828
3,10170333243,408930388704771,1783444540281430444
2,10183666577,408930404618429,1783444540297344070
1,9266666574,408930413240361,1783444540305966034
0,9898719906,408930413246729,1783444540305972306
3,10203666576,408930420712402,1783444540313438075
2,10216999910,408930436627531,1783444540329353140
1,9299999907,408930445185945,1783444540337911586
0,9932053239,408930445222105,1783444540337947778
3,10236999909,408930452717185,1783444540345442794
2,10250333243,408930468666553,1783444540361392194
1,9333333240,408930477253735,1783444540369979344
0,9965386572,408930477256519,1783444540369982128
3,10270333242,408930484742095,1783444540377467704
2,10283666576,408930500690952,1783444540393416625
1,9366666573,408930509225782,1783444540401951423
0,9998719905,408930509227958,1783444540401953567
3,10303666575,408930516774365,1783444540409499974
2,10316999909,408930532696630,1783444540425422335
1,9399999906,408930541250628,1783444540433976269
0,10032053238,408930541252836,1783444540433978477
3,10336999908,408930548781452,1783444540441507093
2,10350333242,408930564751524,1783444540457477101
0,10065386571,408930573498285,1783444540466223990
1,9433333239,408930573506125,1783444540466231830
3,10370333241,408930580847321,1783444540473572930
2,10383666575,408930596863184,1783444540489588889
1,9466666572,408930605715831,1783444540498441504
0,10098719904,408930605724438,1783444540498450111
3,10403666574,408930612900006,1783444540505625615
2,10416999908,408930628875486,1783444540521601095
1,9499999905,408930637621288,1783444540530346897
0,10132053237,408930637626376,1783444540530352017
3,10436999907,408930644938612,1783444540537664317
2,10450333241,408930660857070,1783444540553582679
0,10165386570,408930669521625,1783444540562247298
1,9533333238,408930669525433,1783444540562251138
3,10470333240,408930676947171,1783444540569672780
2,10483666574,408930692888092,1783444540585613797
0,10198719903,408930701582758,1783444540594308399
1,9566666571,408930701584326,1783444540594309935
3,10503666573,408930708933810,1783444540601659419
2,10516999907,408930724927849,1783444540617653522
0,10232053236,408930733605429,1783444540626331102
1,9599999904,408930733609652,1783444540626335325
3,10536999906,408930740972416,1783444540633698121
2,10550333240,408930756907897,1783444540649633506
1,9633333237,408930765604003,1783444540658329612
0,10265386569,408930765610179,1783444540658335788
3,10570333239,408930773009166,1783444540665735127
2,10583666573,408930788957478,1783444540681683151
0,10298719902,408930797465974,1783444540690191647
1,9666666570,408930797470741,1783444540690196414
3,10603666572,408930805017468,1783444540697743141
2,10616999906,408930820947733,1783444540713673374
0,10332053235,408930829445541,1783444540722171246
1,9699999903,408930829447749,1783444540722173422
3,10636999905,408930837093961,1783444540729819602
2,10650333239,408930852986787,1783444540745712428
1,9733333236,408930861727565,1783444540754453206
0,10365386568,408930861729645,1783444540754455254
3,10670333238,408930869155479,1783444540761881120
2,10683666572,408930885056912,1783444540777782617
1,9766666569,408930893672925,1783444540786398566
0,10398719901,408930893679453,1783444540786405062
3,10703666571,408930901140550,1783444540793866255
2,10716999905,408930917036256,1783444540809761865
0,10432053234,408930925711531,1783444540818437236
1,9799999902,408930925730538,1783444540818456211
3,10736999904,408930933142773,1783444540825868446
2,10750333238,408930949099437,1783444540841825142
0,10465386567,408930957670363,1783444540850396068
1,9833333235,408930957676859,1783444540850402532
3,10770333237,408930965119812,1783444540857845421
2,10783666571,408930981094972,1783444540873820645
0,10498719900,408930989640074,1783444540882365779
1,9866666568,408930989653130,1783444540882378835
3,10803666570,408930997217168,1783444540889942873
2,10816999904,408931013157961,1783444540905883666
0,10532053233,408931021780246,1783444540914505951
1,9899999901,408931021788853,1783444540914514558
2,10850333237,408931045175512,1783444540937901153
0,10565386566,408931053819716,1783444540946545421
1,9933333234,408931053844259,1783444540946569932
2,10883666570,408931077203622,1783444540969929327
0,10598719899,408931085748436,1783444540978474141
1,9966666567,408931085761748,1783444540978487421
3,10836999903,408931093271964,1783444540985997669
2,10916999903,408931109252179,1783444541001977916
0,10632053232,408931117788354,1783444541010514059
1,9999999900,408931117801089,1783444541010526794
3,10870333236,408931125292937,1783444541018018642
2,10950333236,408931141245665,1783444541033971306
0,10665386565,408931149793423,1783444541042519064
1,10033333233,408931149804079,1783444541042529752
3,10903666569,408931157332630,1783444541050058303
2,10983666569,408931173301517,1783444541066027190
0,10698719898,408931181984344,1783444541074709953
1,10066666566,408931181988376,1783444541074714017
3,10936999902,408931189368258,1783444541082093899
2,11016999902,408931205348154,1783444541098073859
0,10732053231,408931214032964,1783444541106758573
1,10099999899,408931214040420,1783444541106766061
3,10970333235,408931221384432,1783444541114110105
2,11050333235,408931237391302,1783444541130116943
0,10765386564,408931245989235,1783444541138714844
1,10133333232,408931246034034,1783444541138759707
3,11003666568,408931253414236,1783444541146139941
2,11083666568,408931269360693,1783444541162086366
0,10798719897,408931277986081,1783444541170711722
1,10166666565,408931278003584,1783444541170729225
3,11036999901,408931285448681,1783444541178174386
2,11116999901,408931301492767,1783444541194218376
1,10199999898,408931316807878,1783444541209533551
0,10832053230,408931316810918,1783444541209536559
3,11070333234,408931317674577,1783444541210400250
2,11150333234,408931334611153,1783444541227336826
0,10865386563,408931343425080,1783444541236150721
1,10233333231,408931343424760,1783444541236150401
3,11103666567,408931349777180,1783444541242502757
2,11183666567,408931365482266,1783444541258208163
0,10898719896,408931374157797,1783444541266883438
1,10266666564,408931374172645,1783444541266898286
3,11136999900,408931381534864,1783444541274260569
2,11216999900,408931397456168,1783444541290181873
0,10932053229,408931406090036,1783444541298815645
1,10299999897,408931406091860,1783444541298817533
3,11170333233,408931413587772,1783444541306313381
2,11250333233,408931429487093,1783444541322212766
0,10965386562,408931438249118,1783444541330974727
1,10333333230,408931438467129,1783444541331192738
3,11203666566,408931445587882,1783444541338313555
2,11283666566,408931461527234,1783444541354252843
0,10998719895,408931470250219,1783444541362975860
1,10366666563,408931470263403,1783444541362989044
3,11236999899,408931477577943,1783444541370303552
2,11316999899,408931493514800,1783444541386240441
0,11032053228,408931502127932,1783444541394853541
1,10399999896,408931502139420,1783444541394865125
3,11270333232,408931509636675,1783444541402362284
2,11350333232,408931525537149,1783444541418262854
1,10433333229,408931534096170,1783444541426821779
0,11065386561,408931534098474,1783444541426824083
3,11303666565,408931541654257,1783444541434379866
2,11383666565,408931557597673,1783444541450323282
0,11098719894,408931566291091,1783444541459016700
1,10466666562,408931566316179,1783444541459041852
3,11336999898,408931573710173,1783444541466435878
2,11416999898,408931589625558,1783444541482351263
0,11132053227,408931598164036,1783444541490889677
1,10499999895,408931598196195,1783444541490921900
3,11370333231,408931605756777,1783444541498482418
2,11450333231,408931621663842,1783444541514389515
1,10533333228,408931630403019,1783444541523128660
0,11165386560,408931630408779,1783444541523134452
3,11403666564,408931637758295,1783444541530483936
3,11436999897,408931669760516,1783444541562486157
3,11470333230,408931701777137,1783444541594502746
2,11483666564,408931717745289,1783444541610470930
1,10566666561,408931726347926,1783444541619073567
0,11198719893,408931726355989,1783444541619081694
3,11503666563,408931733805918,1783444541626531559
2,11516999897,408931749732983,1783444541642458592
0,11232053226,408931758243302,1783444541650968879
1,10599999894,408931758274853,1783444541651000526
3,11536999896,408931765814508,1783444541658540149
2,11550333230,408931781789347,1783444541674515020
0,11265386559,408931790435023,1783444541683160664
1,10633333227,408931790464078,1783444541683189719
3,11570333229,408931797845240,1783444541690570881
2,11583666563,408931813845903,1783444541706571576
0,11298719892,408931822457788,1783444541715183365
1,10666666560,408931822468699,1783444541715194308
3,11603666562,408931829897157,1783444541722622862
2,11616999896,408931845867996,1783444541738593605
0,11332053225,408931854546855,1783444541747272560
1,10699999893,408931854573222,1783444541747298927
3,11636999895,408931861900946,1783444541754626619
2,11650333229,408931877876234,1783444541770601907
0,11365386558,408931886525621,1783444541779251326
1,10733333226,408931886551604,1783444541779277277
3,11670333228,408931893964286,1783444541786689991
2,11683666562,408931909885271,1783444541802610944
0,11398719891,408931918451620,1783444541811177229
1,10766666559,408931918471140,1783444541811196781
3,11703666561,408931926005483,1783444541818731124
2,11716999895,408931941939107,1783444541834664748
0,11432053224,408931950471825,1783444541843197434
1,10799999892,408931950476657,1783444541843202298
3,11736999894,408931958003384,1783444541850729121
2,11750333228,408931973960496,1783444541866686137
0,11465386557,408931982525470,1783444541875251111
1,10833333225,408931982547837,1783444541875273542
3,11770333227,408931990073540,1783444541882799213
2,11783666561,408932005995517,1783444541898721222
0,11498719890,408932014588714,1783444541907314323
1,10866666558,408932014607305,1783444541907332914
3,11803666560,408932022019411,1783444541914745020
2,11816999894,408932038032298,1783444541930757907
0,11532053223,408932046591095,1783444541939316704
1,10899999891,408932046605719,1783444541939331328
3,11836999893,408932054064800,1783444541946790473
2,11850333227,408932069982808,1783444541962708449
0,11565386556,408932078547398,1783444541971273103
1,10933333224,408932078559814,1783444541971285423
3,11870333226,408932086077069,1783444541978802710
2,11883666560,408932102016165,1783444541994741902
0,11598719889,408932110547443,1783444542003273052
1,10966666557,408932110576531,1783444542003302172
3,11903666559,408932118154744,1783444542010880449
2,11916999893,408932134049361,1783444542026774970
0,11632053222,408932142724955,1783444542035450628
1,10999999890,408932142758842,1783444542035484547
3,11936999892,408932150144229,1783444542042869838
2,11950333226,408932166071581,1783444542058797222
0,11665386555,408932174564843,1783444542067290452
1,11033333223,408932174623914,1783444542067349619
3,11970333225,408932182194992,1783444542074920633
2,11983666559,408932198088616,1783444542090814225
0,11698719888,408932206612855,1783444542099338496
1,11066666556,408932206655766,1783444542099381471
3,12003666558,408932214183228,1783444542106908869
2,12016999892,408932230124468,1783444542122850077
0,11732053221,408932238664322,1783444542131389963
1,11099999889,408932238691233,1783444542131416842
3,12036999891,408932246219752,1783444542138945361
2,12050333225,408932262192383,1783444542154917960
1,11133333222,408932270872041,1783444542163597746
0,11765386554,408932270873833,1783444542163599538
3,12070333224,408932278314322,1783444542171039995
2,12083666558,408932294170891,1783444542186896564
0,11798719887,408932302702585,1783444542195428226
1,11166666555,408932302732761,1783444542195458498
3,12103666557,408932310302654,1783444542203028295
2,12116999891,408932326196791,1783444542218922400
0,11832053220,408932334686246,1783444542227411855
1,11199999888,408932334711237,1783444542227436910
3,12136999890,408932342361705,1783444542235087346
2,12150333224,408932358315104,1783444542251040713
0,11865386553,408932367046921,1783444542259772594
1,11233333221,408932367061641,1783444542259787250
3,12170333223,408932374393269,1783444542267118942
2,12183666557,408932390312685,1783444542283038294
0,11898719886,408932398995639,1783444542291721312
1,11266666554,408932399006199,1783444542291731808
3,12203666556,408932406393345,1783444542299118986
2,12216999890,408932422317849,1783444542315043490
0,11932053219,408932430882342,1783444542323607951
1,11299999887,408932430901350,1783444542323626959
3,12236999889,408932438373326,1783444542331098935
2,12250333223,408932454341637,1783444542347067278
0,11965386552,408932462920401,1783444542355646138
1,11333333220,408932462931665,1783444542355657306
3,12270333222,408932470421433,1783444542363147106
2,12283666556,408932486357745,1783444542379083450
0,11998719885,408932494935901,1783444542387661542
1,11366666553,408932494968253,1783444542387693926
3,12303666555,408932502422213,1783444542395147822
2,12316999889,408932518371357,1783444542411097062
0,12032053218,408932526949033,1783444542419674610
1,11399999886,408932526958249,1783444542419683890
3,12336999888,408932534419602,1783444542427145339
2,12350333222,408932550388328,1783444542443113937
0,12065386551,408932559068083,1783444542451793756
1,11433333219,408932559088242,1783444542451813947
3,12370333221,408932566574490,1783444542459300195
2,12383666555,408932582441171,1783444542475166844
1,11466666552,408932591237819,1783444542483963460
0,12098719884,408932591238043,1783444542483963716
3,12403666554,408932598533575,1783444542491259216
2,12416999888,408932614566013,1783444542507291622
0,12132053217,408932623292198,1783444542516017871
1,11499999885,408932623296102,1783444542516021743
3,12436999887,408932630542131,1783444542523267836
2,12450333221,408932646553769,1783444542539279378
1,11533333218,408932655271859,1783444542547997500
0,12165386550,408932655280818,1783444542548006523
3,12470333220,408932662613246,1783444542555338919
2,12483666554,408932678552118,1783444542571277727
0,12198719883,408932687343357,1783444542580068966
1,11566666551,408932687342589,1783444542580068230
3,12503666553,408932694629930,1783444542587355571
2,12516999887,408932710543522,1783444542603269387
1,11599999884,408932719153838,1783444542611879479
0,12232053216,408932719154350,1783444542611879959
3,12536999886,408932726635894,1783444542619361535
2,12550333220,408932742608525,1783444542635334166
1,11633333217,408932751333142,1783444542644058847
0,12265386549,408932751334102,1783444542644059807
3,12570333219,408932758620355,1783444542651345964
2,12583666553,408932774600473,1783444542667326146
1,11666666550,408932783142407,1783444542675868112
0,12298719882,408932783159271,1783444542675884912
3,12603666552,408932790653262,1783444542683378903
2,12616999886,408932806659524,1783444542699385197
1,11699999883,408932815357038,1783444542708082679
0,12332053215,408932815359246,1783444542708084855
3,12636999885,408932822667738,1783444542715393379
2,12650333219,408932838745038,1783444542731470679
1,11733333216,408932847279580,1783444542740005189
0,12365386548,408932847283452,1783444542740009061
3,12670333218,408932854732837,1783444542747458510
2,12683666552,408932870679644,1783444542763405253
1,11766666549,408932879286472,1783444542772012113
0,12398719881,408932879290632,1783444542772016369
3,12703666551,408932886747281,1783444542779472922
2,12716999885,408932902715816,1783444542795441489
0,12432053214,408932911420561,1783444542804146202
1,11799999882,408932911444273,1783444542804169850
3,12736999884,408932918770141,1783444542811495782
2,12750333218,408932934723476,1783444542827449117
0,12465386547,408932943465341,1783444542836190950
1,11833333215,408932943488252,1783444542836213893
3,12770333217,408932950838695,1783444542843564400
2,12783666551,408932966737792,1783444542859463465
0,12498719880,408932975459945,1783444542868185586
1,11866666548,408932975470217,1783444542868195890
3,12803666550,408932982843315,1783444542875568924
2,12816999884,408932998788107,1783444542891513748
1,11899999881,408933007553331,1783444542900278940
0,12532053213,408933007556083,1783444542900281692
3,12836999883,408933014901150,1783444542907626823
2,12850333217,408933030836054,1783444542923561695
0,12565386546,408933039529344,1783444542932255017
1,11933333214,408933039531360,1783444542932257065
3,12870333216,408933046951817,1783444542939677490
2,12883666550,408933062847298,1783444542955572971
0,12598719879,408933071495309,1783444542964220950
1,11966666547,408933071495277,1783444542964220918
3,12903666549,408933078952022,1783444542971677663
2,12916999883,408933094843982,1783444542987569623
1,11999999880,408933103345917,1783444542996071526
0,12632053212,408933103353085,1783444542996078694
3,12936999882,408933110930306,1783444543003655947
2,12950333216,408933126866073,1783444543019591970
1,12033333213,408933135424998,1783444543028150607
0,12665386545,408933135438694,1783444543028164303
3,12970333215,408933142971948,1783444543035697557
2,12983666549,408933158964034,1783444543051689739
1,12066666546,408933167570638,1783444543060296247
0,12698719878,408933167575758,1783444543060301399
3,13003666548,408933175160019,1783444543067885660
2,13016999882,408933190931470,1783444543083657111
1,12099999879,408933199552217,1783444543092277826
0,12732053211,408933199552377,1783444543092278018
3,13036999881,408933207063872,1783444543099789545
2,13050333215,408933222970936,1783444543115696545
1,12133333212,408933231581348,1783444543124306989
0,12765386544,408933231602819,1783444543124328492
3,13070333214,408933239058827,1783444543131784532
2,13083666548,408933254997570,1783444543147723307
0,12798719877,408933263642989,1783444543156368630
1,12166666545,408933263646029,1783444543156371670
2,13116999881,408933287036460,1783444543179762069
0,12832053210,408933295614745,1783444543188340386
1,12199999878,408933295625689,1783444543188351330
2,13150333214,408933319052823,1783444543211778464
0,12865386543,408933327604836,1783444543220330477
1,12233333211,408933327606660,1783444543220332333
3,13103666547,408933335141578,1783444543227867315
2,13183666547,408933351139808,1783444543243865481
1,12266666544,408933360071748,1783444543252797421
0,12898719876,408933360071844,1783444543252797485
3,13136999880,408933367194004,1783444543259919613
2,13216999880,408933383158155,1783444543275883764
1,12299999877,408933391759095,1783444543284484704
0,12932053209,408933391763382,1783444543284488991
3,13170333213,408933399162400,1783444543291888009
2,13250333213,408933415174869,1783444543307900478
0,12965386542,408933423812704,1783444543316538409
1,12333333210,408933423830592,1783444543316556297
3,13203666546,408933431243241,1783444543323968914
2,13283666546,408933447163745,1783444543339889354
1,12366666543,408933455719790,1783444543348445399
0,12998719875,408933455720430,1783444543348446039
3,13236999879,408933463260372,1783444543355986077
2,13316999879,408933479200011,1783444543371925652
0,13032053208,408933487807895,1783444543380533536
1,12399999876,408933487808503,1783444543380534144
3,13270333212,408933495296798,1783444543388022503
2,13350333212,408933511247381,1783444543403973022
1,12433333209,408933519755843,1783444543412481516
0,13065386541,408933519763459,1783444543412489164
3,13303666545,408933527324616,1783444543420050289
2,13383666545,408933543233664,1783444543435959369
0,13098719874,408933551797229,1783444543444522934
1,12466666542,408933551807853,1783444543444533590
3,13336999878,408933559318835,1783444543452044444
2,13416999878,408933575265866,1783444543467991539
0,13132053207,408933583885174,1783444543476610815
1,12499999875,408933583892502,1783444543476618111
3,13370333211,408933591335294,1783444543484060967
2,13450333211,408933607367795,1783444543500093436
1,12533333208,408933616045309,1783444543508771014
0,13165386540,408933616066300,1783444543508791973
3,13403666544,408933623447334,1783444543516173007
2,13483666544,408933639303711,1783444543532029352
0,13198719873,408933647916779,1783444543540642388
1,12566666541,408933647918411,1783444543540644052
3,13436999877,408933655451569,1783444543548177210
2,13516999877,408933671358185,1783444543564083794
1,12599999874,408933679989428,1783444543572715069
0,13232053206,408933680042771,1783444543572768412
3,13470333210,408933687427261,1783444543580152902
2,13550333210,408933703365492,1783444543596091101
1,12633333207,408933711933185,1783444543604658826
0,13265386539,408933711942657,1783444543604668298
3,13503666543,408933719464487,1783444543612190160
2,13583666543,408933735366783,1783444543628092392
1,12666666540,408933743864046,1783444543636589655
0,13298719872,408933743868909,1783444543636594518
3,13536999876,408933751504849,1783444543644230490
2,13616999876,408933767402921,1783444543660128562
1,12699999873,408933775949399,1783444543668675008
0,13332053205,408933775950870,1783444543668676511
3,13570333209,408933783484445,1783444543676210054
2,13650333209,408933799458259,1783444543692183900
1,12733333206,408933808101310,1783444543700827015
0,13365386538,408933808107774,1783444543700833447
3,13603666542,408933815529799,1783444543708255408
2,13683666542,408933831527900,1783444543724253541
0,13398719871,408933840163623,1783444543732889328
1,12766666539,408933840168999,1783444543732894672
3,13636999875,408933847652783,1783444543740378456
2,13716999875,408933863514984,1783444543756240657
1,12799999872,408933872219473,1783444543764945114
0,13432053204,408933872302127,1783444543765027768
3,13670333208,408933879628282,1783444543772353923
3,13703666541,408933911658309,1783444543804384014
3,13736999874,408933943654992,1783444543836380633
2,13750333208,408933959585959,1783444543852311568
1,12833333205,408933968120181,1783444543860845758
0,13465386537,408933968125652,1783444543860851293
3,13770333207,408933975699962,1783444543868425571
2,13783666541,408933991611633,1783444543884337274
1,12866666538,408934000155231,1783444543892880904
0,13498719870,408934000156735,1783444543892882344
3,13803666540,408934007737188,1783444543900462861
2,13816999874,408934023644380,1783444543916370405
0,13532053203,408934032259719,1783444543924985392
1,12899999871,408934032292582,1783444543925018287
3,13836999873,408934039712784,1783444543932438393
2,13850333207,408934055660614,1783444543948386287
0,13565386536,408934064300625,1783444543957026298
1,12933333204,408934064305777,1783444543957031450
3,13870333206,408934071744026,1783444543964469667
2,13883666540,408934087675665,1783444543980401306
0,13598719869,408934096235038,1783444543988960743
1,12966666537,408934096244926,1783444543988970663
3,13903666539,408934103761860,1783444543996487533
2,13916999873,408934119689179,1783444544012414820
1,12999999870,408934128187785,1783444544020913458
0,13632053202,408934128191081,1783444544020916754
3,13936999872,408934135783438,1783444544028509079
2,13950333206,408934151732004,1783444544044457709
1,13033333203,408934160288497,1783444544053014138
0,13665386535,408934160294289,1783444544053019898
3,13970333205,408934167792855,1783444544060518464
2,13983666539,408934183796044,1783444544076521717
1,13066666536,408934192315034,1783444544085040675
0,13698719868,408934192320890,1783444544085046499
3,14003666538,408934199866015,1783444544092591688
2,14016999872,408934215792758,1783444544108518367
1,13099999869,408934224356963,1783444544117082604
0,13732053201,408934224358147,1783444544117083756
3,14036999871,408934231946823,1783444544124672496
2,14050333205,408934247838943,1783444544140564616
0,13765386534,408934256571751,1783444544149297488
1,13133333202,408934256571751,1783444544149297424
3,14070333204,408934263916722,1783444544156642331
2,14083666538,408934279891687,1783444544172617360
1,13166666535,408934288573745,1783444544181299354
0,13798719867,408934288574193,1783444544181299802
3,14103666537,408934295913564,1783444544188639173
2,14116999871,408934311903153,1783444544204628794
1,13199999868,408934320465725,1783444544213191366
0,13832053200,408934320465981,1783444544213191622
3,14136999870,408934327952516,1783444544220678157
2,14150333204,408934343897979,1783444544236623684
1,13233333201,408934352498854,1783444544245224463
0,13865386533,408934352504070,1783444544245229679
3,14170333203,408934359967790,1783444544252693399
2,14183666537,408934375967779,1783444544268693388
1,13266666534,408934384611309,1783444544277336950
0,13898719866,408934384614509,1783444544277340150
3,14203666536,408934392179986,1783444544284905659
2,14216999870,408934407993420,1783444544300719029
1,13299999867,408934416674870,1783444544309400575
0,13932053199,408934416676022,1783444544309401695
3,14236999869,408934424061279,1783444544316786888
2,14250333203,408934439983702,1783444544332709439
0,13965386532,408934448639648,1783444544341365257
1,13333333200,408934448640576,1783444544341366185
3,14270333202,408934456056009,1783444544348781618
2,14283666536,408934471991680,1783444544364717289
0,13998719865,408934480596811,1783444544373322420
1,13366666533,408934480602379,1783444544373327988
3,14303666535,408934488098450,1783444544380824155
2,14316999869,408934504022601,1783444544396748274
0,14032053198,408934512586421,1783444544405312126
1,13399999866,408934512590901,1783444544405316574
3,14336999868,408934520097148,1783444544412822789
2,14350333202,408934536039250,1783444544428764955
0,14065386531,408934544561280,1783444544437286953
1,13433333199,408934544575807,1783444544437301512
3,14370333201,408934552130629,1783444544444856270
2,14383666535,408934568138873,1783444544460864578
0,14098719864,408934576819363,1783444544469544972
1,13466666532,408934576819747,1783444544469545356
3,14403666534,408934584202637,1783444544476928502
2,14416999868,408934600294303,1783444544493019944
1,13499999865,408934608918538,1783444544501644147
0,14132053197,408934608918474,1783444544501644115
3,14436999867,408934616231062,1783444544508956671
2,14450333201,408934632161804,1783444544524887445
1,13533333198,408934640754776,1783444544533480385
0,14165386530,408934640755864,1783444544533481505
3,14470333200,408934648273599,1783444544540999208
2,14483666534,408934664197717,1783444544556923422
1,13566666531,408934672922526,1783444544565648167
0,14198719863,408934672924094,1783444544565649735
3,14503666533,408934680352710,1783444544573078415
2,14516999867,408934696209087,1783444544588934728
0,14232053196,408934704747564,1783444544597473205
1,13599999864,408934704751820,1783444544597477461
3,14536999866,408934712322001,1783444544605047642
2,14550333200,408934728229704,1783444544620955377
0,14265386529,408934736837172,1783444544629562781
1,13633333197,408934736846963,1783444544629572604
3,14570333199,408934744365178,1783444544637090819
2,14583666533,408934760276305,1783444544653001914
0,14298719862,408934768928571,1783444544661654276
1,13666666530,408934768929403,1783444544661655108
3,14603666532,408934776351748,1783444544669077389
2,14616999866,408934792281818,1783444544685007523
0,14332053195,408934800968612,1783444544693694317
1,13699999863,408934800971812,1783444544693697517
3,14636999865,408934808383917,1783444544701109526
2,14650333199,408934824340867,1783444544717066508
1,13733333196,408934832927503,1783444544725653112
0,14365386528,408934832929327,1783444544725654936
3,14670333198,408934840352791,1783444544733078368
2,14683666532,408934856315853,1783444544749041462
1,13766666529,408934864991735,1783444544757717440
0,14398719861,408934865006199,1783444544757731872
3,14703666531,408934872449343,1783444544765175048
2,14716999865,408934888375221,1783444544781100894
1,13799999862,408934896975265,1783444544789700874
0,14432053194,408934896978785,1783444544789704426
3,14736999864,408934904421257,1783444544797146898
2,14750333198,408934920383199,1783444544813108904
0,14465386527,408934928995882,1783444544821721491
1,13833333195,408934928996554,1783444544821722163
3,14770333197,408934936436307,1783444544829161948
2,14783666531,408934952441063,1783444544845166672
1,13866666528,408934960990740,1783444544853716349
0,14498719860,408934960993364,1783444544853719005
3,14803666530,408934968493915,1783444544861219588
2,14816999864,408934984420882,1783444544877146555
0,14532053193,408934993021661,1783444544885747334
1,13899999861,408934993026461,1783444544885752166
3,14836999863,408935000513156,1783444544893238829
2,14850333197,408935016485434,1783444544909211043
0,14565386526,408935025030215,1783444544917755920
1,13933333194,408935025043399,1783444544917769072
3,14870333196,408935032536398,1783444544925261975
2,14883666530,408935048494884,1783444544941220621
1,13966666527,408935057116047,1783444544949841752
0,14598719859,408935057123342,1783444544949849015
3,14903666529,408935064563927,1783444544957289568
2,14916999863,408935080530732,1783444544973256405
1,13999999860,408935089085785,1783444544981811394
0,14632053192,408935089091929,1783444544981817538
3,14936999862,408935096606751,1783444544989332456
2,14950333196,408935112545782,1783444545005271647
0,14665386525,408935121100802,1783444545013826507
1,14033333193,408935121118178,1783444545013843851
3,14970333195,408935128584521,1783444545021310130
2,14983666529,408935144580157,1783444545037305766
0,14698719858,408935153130922,1783444545045856595
1,14066666526,408935153147433,1783444545045873138
3,15003666528,408935160648752,1783444545053374361
2,15016999862,408935176616229,1783444545069341870
1,14099999859,408935185144754,1783444545077870363
0,14732053191,408935185149618,1783444545077875227
3,15036999861,408935192715095,1783444545085440768
2,15050333195,408935208595374,1783444545101321015
0,14765386524,408935217131963,1783444545109857604
1,14133333192,408935217132187,1783444545109857828
3,15070333194,408935224708256,1783444545117433929
2,15083666528,408935240635478,1783444545133361119
0,14798719857,408935249159075,1783444545141884716
1,14166666525,408935249163203,1783444545141888844
3,15103666527,408935256771975,1783444545149497680
2,15116999861,408935272649470,1783444545165375079
0,14832053190,408935281171563,1783444545173897204
1,14199999858,408935281190123,1783444545173915796
3,15136999860,408935288761359,1783444545181486968
2,15150333194,408935304679430,1783444545197405103
0,14865386523,408935313299408,1783444545206025081
1,14233333191,408935313313680,1783444545206039353
3,15170333193,408935320758744,1783444545213484353
2,15183666527,408935336750572,1783444545229476245
1,14266666524,408935345344632,1783444545238070273
0,14898719856,408935345345496,1783444545238071137
3,15203666526,408935352801791,1783444545245527496
2,15216999860,408935368736021,1783444545261461662
0,14932053189,408935377306369,1783444545270032010
1,14299999857,408935377306017,1783444545270031658
3,15236999859,408935384854151,1783444545277579792
2,15250333193,408935400804700,1783444545293530373
0,14965386522,408935409823389,1783444545302549062
1,14333333190,408935409930810,1783444545302656515
3,15270333192,408935416937933,1783444545309663574
2,15283666526,408935432816932,1783444545325542541
0,14998719855,408935441454479,1783444545334180088
1,14366666523,408935441454895,1783444545334180504
3,15303666525,408935448873335,1783444545341598976
2,15316999859,408935464823565,1783444545357549174
0,15032053188,408935473477943,1783444545366203648
1,14399999856,408935473478583,1783444545366204288
3,15336999858,408935480968478,1783444545373694087
2,15350333192,408935496853941,1783444545389579646
0,15065386521,408935505436832,1783444545398162473
1,14433333189,408935505445344,1783444545398170953
2,15383666525,408935528915708,1783444545421641477
0,15098719854,408935537552454,1783444545430278127
1,14466666522,408935537573030,1783444545430298735
2,15416999858,408935560900677,1783444545453626318
0,15132053187,408935569393459,1783444545462119100
1,14499999855,408935569395922,1783444545462121563
3,15370333191,408935577070229,1783444545469795902
2,15450333191,408935592933260,1783444545485658901
0,15165386520,408935601611062,1783444545494336703
1,14533333188,408935601611446,1783444545494337055
3,15403666524,408935609026686,1783444545501752327
2,15483666524,408935625032978,1783444545517758587
0,15198719853,408935633728859,1783444545526454468
1,14566666521,408935633729371,1783444545526455012
3,15436999857,408935641035687,1783444545533761328
2,15516999857,408935657026107,1783444545549751780
0,15232053186,408935665590599,1783444545558316240
1,14599999854,408935665592263,1783444545558317872
3,15470333190,408935673116621,1783444545565842294
2,15550333190,408935688985861,1783444545581711502
0,15265386519,408935697782699,1783444545590508372
1,14633333187,408935697794827,1783444545590520500
3,15503666523,408935705072055,1783444545597797696
2,15583666523,408935721037292,1783444545613762901
0,15298719852,408935729728693,1783444545622454366
1,14666666520,408935729749972,1783444545622475645
3,15536999856,408935737135230,1783444545629860903
2,15616999856,408935753064788,1783444545645790429
0,15332053185,408935761667039,1783444545654392648
1,14699999853,408935761672127,1783444545654397736
3,15570333189,408935769144870,1783444545661870479
2,15650333189,408935785075516,1783444545677801157
0,15365386518,408935793724902,1783444545686450511
1,14733333186,408935793737062,1783444545686462703
3,15603666522,408935801148047,1783444545693873656
2,15683666522,408935817116804,1783444545709842413
0,15398719851,408935825738990,1783444545718464631
1,14766666519,408935825740942,1783444545718466583
3,15636999855,408935833205302,1783444545725930975
2,15716999855,408935849123244,1783444545741848853
0,15432053184,408935857679512,1783444545750405217
1,14799999852,408935857682008,1783444545750407681
3,15670333188,408935865215006,1783444545757940647
2,15750333188,408935881179859,1783444545773905532
0,15465386517,408935889762207,1783444545782487816
1,14833333185,408935889770591,1783444545782496200
3,15703666521,408935897230342,1783444545789956015
2,15783666521,408935913202619,1783444545805928324
0,15498719850,408935921756072,1783444545814481745
1,14866666518,408935921772807,1783444545814498416
3,15736999854,408935929279213,1783444545822004918
2,15816999854,408935945203140,1783444545837928845
0,15532053183,408935953705521,1783444545846431162
1,14899999851,408935953735025,1783444545846460666
3,15770333187,408935961307157,1783444545854032830
2,15850333187,408935977229164,1783444545869954805
0,15565386516,408935985791192,1783444545878516865
1,14933333184,408935985791480,1783444545878517121
3,15803666520,408935993320350,1783444545886046023
2,15883666520,408936009273587,1783444545901999260
0,15598719849,408936017867998,1783444545910593703
1,14966666517,408936017869950,1783444545910595559
3,15836999853,408936025358149,1783444545918083822
2,15916999853,408936041274396,1783444545934000069
0,15632053182,408936049841320,1783444545942567025
1,14999999850,408936049885511,1783444545942611216
3,15870333186,408936057455659,1783444545950181364
2,15950333186,408936073293444,1783444545966019053
0,15665386515,408936081760946,1783444545974486587
1,15033333183,408936081817681,1783444545974543354
3,15903666519,408936089402677,1783444545982128286
2,15983666519,408936105368746,1783444545998094451
0,15698719848,408936113920375,1783444546006645984
1,15066666516,408936113960022,1783444546006685663
3,15936999852,408936121434364,1783444546014160069
3,15970333185,408936153467971,1783444546046193644
3,16003666518,408936185502729,1783444546078228434
2,16016999852,408936201523548,1783444546094249253
0,15732053181,408936210182694,1783444546102908367
1,15099999849,408936210198566,1783444546102924271
3,16036999851,408936217548528,1783444546110274232
2,16050333185,408936233432486,1783444546126158095
1,15133333182,408936241965011,1783444546134690684
0,15765386514,408936241968019,1783444546134693724
3,16070333184,408936249525847,1783444546142251456
2,16083666518,408936265505420,1783444546158231125
0,15798719847,408936274120374,1783444546166846047
1,15166666515,408936274135606,1783444546166861311
3,16103666517,408936281553470,1783444546174279111
2,16116999851,408936297517331,1783444546190243004
0,15832053180,408936306149341,1783444546198875046
1,15199999848,408936306167260,1783444546198892965
3,16136999850,408936313695746,1783444546206421451
2,16150333184,408936329519546,1783444546222245187
0,15865386513,408936338021415,1783444546230747088
1,15233333181,408936338025735,1783444546230751408
3,16170333183,408936345614059,1783444546238339700
2,16183666517,408936361615647,1783444546254341352
0,15898719846,408936370302983,1783444546263028688
1,15266666514,408936370306951,1783444546263032624
3,16203666516,408936377671409,1783444546270397146
2,16216999850,408936393593831,1783444546286319504
1,15299999847,408936402240784,1783444546294966489
0,15932053179,408936402242032,1783444546294967737
3,16236999849,408936409716087,1783444546302441792
2,16250333183,408936425605966,1783444546318331607
1,15333333180,408936434210424,1783444546326936097
0,15965386512,408936434222968,1783444546326948641
3,16270333182,408936441727774,1783444546334453415
2,16283666516,408936457670483,1783444546350396220
0,15998719845,408936466246655,1783444546358972296
1,15366666513,408936466247295,1783444546358972936
3,16303666515,408936473711590,1783444546366437167
2,16316999849,408936489714969,1783444546382440610
0,16032053178,408936498264582,1783444546390990223
1,15399999846,408936498271109,1783444546390996718
3,16336999848,408936505763372,1783444546398489077
2,16350333182,408936521697793,1783444546414423402
0,16065386511,408936530285356,1783444546423011029
1,15433333179,408936530296556,1783444546423022261
3,16370333181,408936537794578,1783444546430520251
2,16383666515,408936553740039,1783444546446465712
0,16098719844,408936562340338,1783444546455065979
1,15466666512,408936562351186,1783444546455076795
3,16403666514,408936569784026,1783444546462509891
2,16416999848,408936585825421,1783444546478551126
1,15499999845,408936594392632,1783444546487118241
0,16132053177,408936594393272,1783444546487118913
3,16436999847,408936601907358,1783444546494633031
2,16450333181,408936617806676,1783444546510532317
0,16165386510,408936626568475,1783444546519294084
1,15533333178,408936626665817,1783444546519391394
3,16470333180,408936633886630,1783444546526612239
2,16483666514,408936649840411,1783444546542566052
0,16198719843,408936658784893,1783444546551510566
1,15566666511,408936658843804,1783444546551569477
3,16503666513,408936665919245,1783444546558644918
2,16516999847,408936681906560,1783444546574632137
0,16232053176,408936690591177,1783444546583316818
1,15599999844,408936690649576,1783444546583375281
3,16536999846,408936697947187,1783444546590672860
2,16550333180,408936713985382,1783444546606711055
0,16265386509,408936722670639,1783444546615396280
1,15633333177,408936722685102,1783444546615410839
3,16570333179,408936729959930,1783444546622685571
2,16583666513,408936746058187,1783444546638784052
1,15666666510,408936754648119,1783444546647373760
0,16298719842,408936754660406,1783444546647386015
3,16603666512,408936761965217,1783444546654690826
2,16616999846,408936777940150,1783444546670665791
1,15699999843,408936786501825,1783444546679227434
0,16332053175,408936786619807,1783444546679345416
3,16636999845,408936794020903,1783444546686746576
2,16650333179,408936809970780,1783444546702696421
1,15733333176,408936818516712,1783444546711242289
0,16365386508,408936818551816,1783444546711277520
3,16670333178,408936826068493,1783444546718794166
2,16683666512,408936841973603,1783444546734699212
1,15766666509,408936850590830,1783444546743316439
0,16398719841,408936850614445,1783444546743340086
3,16703666511,408936858036693,1783444546750762302
2,16716999845,408936874000394,1783444546766726035
1,15799999842,408936882628948,1783444546775354589
0,16432053174,408936882648340,1783444546775374013
3,16736999844,408936890064732,1783444546782790341
2,16750333178,408936905994673,1783444546798720314
0,16465386507,408936914548925,1783444546807274534
1,15833333175,408936914571293,1783444546807296966
3,16770333177,408936922115426,1783444546814841067
2,16783666511,408936938057783,1783444546830783488
1,15866666508,408936946772287,1783444546839497928
0,16498719840,408936946772543,1783444546839498152
3,16803666510,408936954172584,1783444546846898289
2,16816999844,408936970096029,1783444546862821670
0,16532053173,408936978634122,1783444546871359763
1,15899999841,408936978647402,1783444546871373011
3,16836999843,408936986172399,1783444546878898104
2,16850333177,408937002145668,1783444546894871405
1,15933333174,408937010687184,1783444546903412793
0,16565386506,408937010715791,1783444546903441432
3,16870333176,408937018197718,1783444546910923327
2,16883666510,408937034116908,1783444546926842549
1,15966666507,408937042638232,1783444546935363841
0,16598719839,408937042651960,1783444546935377601
3,16903666509,408937050199837,1783444546942925478
2,16916999843,408937066141458,1783444546958867067
1,15999999840,408937074769821,1783444546967495493
0,16632053172,408937074941304,1783444546967666945
3,16936999842,408937082244003,1783444546974969580
2,16950333176,408937098180153,1783444546990905826
1,16033333173,408937106718661,1783444546999444302
0,16665386505,408937106942144,1783444546999667817
3,16970333175,408937114303817,1783444547007029458
2,16983666509,408937130206462,1783444547022932135
1,16066666506,408937138745387,1783444547031470996
0,16698719838,408937138746090,1783444547031471731
3,17003666508,408937146319535,1783444547039045240
2,17016999842,408937162252003,1783444547054977644
1,16099999839,408937170783024,1783444547063508633
0,16732053171,408937170924108,1783444547063649813
3,17036999841,408937178500336,1783444547071226041
2,17050333175,408937194291112,1783444547087016849
1,16133333172,408937202833012,1783444547095558653
0,16765386504,408937202860308,1783444547095586013
3,17070333174,408937210404569,1783444547103130210
2,17083666508,408937226325294,1783444547119050999
1,16166666505,408937234952568,1783444547127678209
0,16798719837,408937234974871,1783444547127700576
3,17103666507,408937242390463,1783444547135116136
2,17116999841,408937258306612,1783444547151032253
1,16199999838,408937266978333,1783444547159703942
0,16832053170,408937266986141,1783444547159711814
3,17136999840,408937274390501,1783444547167116110
2,17150333174,408937290380664,1783444547183106305
0,16865386503,408937299097952,1783444547191823593
1,16233333171,408937299097280,1783444547191822953
3,17170333173,408937306459977,1783444547199185650
2,17183666507,408937322368159,1783444547215093768
0,16898719836,408937330957514,1783444547223683219
1,16266666504,408937330964777,1783444547223690450
3,17203666506,408937338460911,1783444547231186584
2,17216999840,408937354389316,1783444547247114957
1,16299999837,408937363028430,1783444547255754039
0,16932053169,408937363029582,1783444547255755223
3,17236999839,408937370484757,1783444547263210494
2,17250333173,408937386519207,1783444547279244816
0,16965386502,408937395127793,1783444547287853434
1,16333333170,408937395144849,1783444547287870458
3,17270333172,408937402509690,1783444547295235331
2,17283666506,408937418567564,1783444547311293237
0,16998719835,408937427448176,1783444547320173817
1,16366666503,408937427487983,1783444547320213624
3,17303666505,408937434619486,1783444547327345095
2,17316999839,408937450516115,1783444547343241756
0,17032053168,408937459247291,1783444547351972900
1,16399999836,408937459248699,1783444547351974340
3,17336999838,408937466587332,1783444547359312973
2,17350333172,408937482748340,1783444547375473981
1,16433333169,408937491530074,1783444547384255715
0,17065386501,408937491529978,1783444547384255587
3,17370333171,408937498663369,1783444547391389042
2,17383666505,408937514595997,1783444547407321702
0,17098719834,408937523281990,1783444547416007663
1,16466666502,408937523304997,1783444547416030638
3,17403666504,408937530631344,1783444547423356984
2,17416999838,408937546630883,1783444547439356588
0,17132053167,408937555285452,1783444547448011061
1,16499999835,408937555288876,1783444547448014517
3,17436999837,408937562631222,1783444547455356863
2,17450333171,408937578618729,1783444547471344338
1,16533333168,408937587345392,1783444547480071033
0,17165386500,408937587357008,1783444547480082713
3,17470333170,408937594725049,1783444547487450690
2,17483666504,408937610652206,1783444547503377847
0,17198719833,408937619365558,1783444547512091167
1,16566666501,408937619365718,1783444547512091359
3,17503666503,408937626735167,1783444547519460808
2,17516999837,408937642706803,1783444547535432476
0,17232053166,408937651397531,1783444547544123204
1,16599999834,408937651406523,1783444547544132196
3,17536999836,408937658857122,1783444547551582795
2,17550333170,408937674696793,1783444547567422434
0,17265386499,408937683502271,1783444547576227880
1,16633333167,408937683524894,1783444547576250567
3,17570333169,408937690753291,1783444547583478900
2,17583666503,408937706664064,1783444547599389865
1,16666666500,408937715329769,1783444547608055410
0,17298719832,408937715332105,1783444547608057714
3,17603666502,408937722763985,1783444547615489626
2,17616999836,408937738710917,1783444547631436526
1,16699999833,408937747328303,1783444547640053944
0,17332053165,408937747327439,1783444547640053080
2,17650333169,408937770724011,1783444547663449588
0,17365386498,408937779356820,1783444547672082429
1,16733333166,408937779376916,1783444547672102621
2,17683666502,408937802781679,1783444547695507288
0,17398719831,408937811386298,1783444547704111939
1,16766666499,408937811386490,1783444547704112099
3,17636999835,408937818866976,1783444547711592585
2,17716999835,408937834810005,1783444547727535678
0,17432053164,408937843424319,1783444547736149928
1,16799999832,408937843425663,1783444547736151272
3,17670333168,408937850912869,1783444547743638542
2,17750333168,408937866818362,1783444547759544035
0,17465386497,408937875363846,1783444547768089519
1,16833333165,408937875365734,1783444547768091471
3,17703666501,408937882979209,1783444547775704882
2,17783666501,408937898834592,1783444547791560265
0,17498719830,408937907465482,1783444547800191155
1,16866666498,408937907480458,1783444547800206163
3,17736999834,408937914944848,1783444547807670457
2,17816999834,408937930900101,1783444547823625773
0,17532053163,408937939470288,1783444547832195929
1,16899999831,408937939476016,1783444547832201657
3,17770333167,408937946986421,1783444547839712094
2,17850333167,408937962878219,1783444547855604084
0,17565386496,408937971403224,1783444547864128865
1,16933333164,408937971409015,1783444547864134656
3,17803666500,408937979003547,1783444547871729156
2,17883666500,408937994898929,1783444547887624538
0,17598719829,408938003416221,1783444547896141830
1,16966666497,408938003423421,1783444547896149062
3,17836999833,408938010997217,1783444547903722858
2,17916999833,408938026955637,1783444547919681246
0,17632053162,408938035490562,1783444547928216139
1,16999999830,408938035491746,1783444547928217387
3,17870333166,408938043056934,1783444547935782671
2,17950333166,408938058957947,1783444547951683620
0,17665386495,408938067456904,1783444547960182545
1,17033333163,408938067458888,1783444547960184529
3,17903666499,408938075071819,1783444547967797492
2,17983666499,408938090990753,1783444547983716394
0,17698719828,408938099518925,1783444547992244566
1,17066666496,408938099522957,1783444547992248566
3,17936999832,408938107067346,1783444547999792987
2,18016999832,408938123038885,1783444548015764526
0,17732053161,408938131648207,1783444548024373912
1,17099999829,408938131674734,1783444548024400439
3,17970333165,408938139117333,1783444548031843038
2,18050333165,408938155096968,1783444548047822705
0,17765386494,408938163774225,1783444548056499930
1,17133333162,408938163779248,1783444548056504921
3,18003666498,408938171170809,1783444548063896514
2,18083666498,408938187097613,1783444548079823222
1,17166666495,408938195658072,1783444548088383713
0,17798719827,408938195659128,1783444548088384705
3,18036999831,408938203184061,1783444548095909734
2,18116999831,408938219184112,1783444548111909721
0,17832053160,408938227835129,1783444548120560802
1,17199999828,408938227844696,1783444548120570369
3,18070333164,408938235226977,1783444548127952746
2,18150333164,408938251176469,1783444548143902142
0,17865386493,408938259797598,1783444548152523207
1,17233333161,408938259798910,1783444548152524519
3,18103666497,408938267260421,1783444548159986094
2,18183666497,408938283215128,1783444548175940833
1,17266666494,408938291906240,1783444548184631945
0,17898719826,408938291908512,1783444548184634217
3,18136999830,408938299262634,1783444548191988307
2,18216999830,408938315438616,1783444548208164257
0,17932053159,408938324090881,1783444548216816554
1,17299999827,408938324092385,1783444548216818122
3,18170333163,408938331268334,1783444548223994327
2,18250333163,408938347238530,1783444548239964202
0,17965386492,408938355841004,1783444548248566645
1,17333333160,408938355841644,1783444548248567285
3,18203666496,408938363285171,1783444548256010780
3,18236999829,408938395380885,1783444548288106590
3,18270333162,408938427392634,1783444548320118243
2,18283666496,408938443451563,1783444548336177204
0,17998719825,408938452166770,1783444548344892379
1,17366666493,408938452423276,1783444548345148917
3,18303666495,408938459429598,1783444548352155271
2,18316999829,408938475322259,1783444548368047868
1,17399999826,408938483851935,1783444548376577544
0,18032053158,408938483901565,1783444548376627238
3,18336999828,408938491446754,1783444548384172395
2,18350333162,408938507357495,1783444548400083136
0,18065386491,408938516072062,1783444548408797703
1,17433333159,408938516105245,1783444548408830950
3,18370333161,408938523427367,1783444548416153008
2,18383666495,408938539389435,1783444548432115108
0,18098719824,408938547986693,1783444548440712334
1,17466666492,408938547992901,1783444548440718542
3,18403666494,408938555463563,1783444548448189268
2,18416999828,408938571395935,1783444548464121576
0,18132053157,408938580067016,1783444548472792625
1,17499999825,408938580094215,1783444548472819952
3,18436999827,408938587480080,1783444548480205689
2,18450333161,408938603490146,1783444548496215819
1,17533333158,408938612263560,1783444548504989201
0,18165386490,408938612264232,1783444548504989841
3,18470333160,408938619499252,1783444548512224893
2,18483666494,408938635526662,1783444548528252335
1,17566666491,408938644302508,1783444548537028181
0,18198719823,408938644305835,1783444548537031540
3,18503666493,408938651544888,1783444548544270529
2,18516999827,408938667527498,1783444548560253171
1,17599999824,408938676265457,1783444548568991130
0,18232053156,408938676313424,1783444548569039129
3,18536999826,408938683634362,1783444548576360003
2,18550333160,408938699504720,1783444548592230329
0,18265386489,408938708146329,1783444548600871938
1,17633333157,408938708163129,1783444548600888834
3,18570333159,408938715592032,1783444548608317673
2,18583666493,408938731541780,1783444548624267421
0,18298719822,408938740067232,1783444548632792841
1,17666666490,408938740078176,1783444548632803817
3,18603666492,408938747649731,1783444548640375404
2,18616999826,408938763615031,1783444548656340736
1,17699999823,408938772184610,1783444548664910251
0,18332053155,408938772197761,1783444548664923466
3,18636999825,408938779687271,1783444548672412912
2,18650333159,408938795616827,1783444548688342500
1,17733333156,408938804239397,1783444548696965038
0,18365386488,408938804242117,1783444548696967726
3,18670333158,408938811716203,1783444548704441908
2,18683666492,408938827674527,1783444548720400168
1,17766666489,408938836308872,1783444548729034481
0,18398719821,408938836322600,1783444548729048305
3,18703666491,408938843693361,1783444548736419002
2,18716999825,408938859653860,1783444548752379469
0,18432053154,408938868309933,1783444548761035574
1,17799999822,408938868328397,1783444548761054070
3,18736999824,408938875748276,1783444548768473885
2,18750333158,408938891714343,1783444548784440016
1,17833333155,408938900372752,1783444548793098361
0,18465386487,408938900385872,1783444548793111481
3,18770333157,408938907737721,1783444548800463362
2,18783666491,408938923760811,1783444548816486516
1,17866666488,408938932580784,1783444548825306489
0,18498719820,408938932589616,1783444548825315289
3,18803666490,408938939785437,1783444548832511046
2,18816999824,408938955729297,1783444548848454938
1,17899999821,408938964333179,1783444548857058788
0,18532053153,408938964335675,1783444548857061316
3,18836999823,408938971818081,1783444548864543658
2,18850333157,408938987785908,1783444548880511517
1,17933333154,408938996385566,1783444548889111143
0,18565386486,408938996385406,1783444548889111015
3,18870333156,408939003850021,1783444548896575790
2,18883666490,408939019808184,1783444548912533793
1,17966666487,408939028418114,1783444548921143787
0,18598719819,408939028421122,1783444548921146827
3,18903666489,408939035865705,1783444548928591346
2,18916999823,408939051824733,1783444548944550470
1,17999999820,408939060439047,1783444548953164656
0,18632053152,408939060449414,1783444548953175023
3,18936999822,408939067875246,1783444548960600887
2,18950333156,408939083854849,1783444548976580490
1,18033333153,408939092465355,1783444548985191028
0,18665386485,408939092465707,1783444548985191412
3,18970333155,408939099931281,1783444548992656922
2,18983666489,408939115869573,1783444549008595278
1,18066666486,408939124378321,1783444549017103898
0,18698719818,408939124382769,1783444549017108378
3,19003666488,408939131926229,1783444549024651838
2,19016999822,408939147904296,1783444549040629937
1,18099999819,408939156517937,1783444549049243546
0,18732053151,408939156525329,1783444549049250970
3,19036999821,408939164037942,1783444549056763647
2,19050333155,408939179945034,1783444549072670739
0,18765386484,408939188641746,1783444549081367451
1,18133333152,408939188649938,1783444549081375611
3,19070333154,408939195997403,1783444549088723076
2,19083666488,408939211965357,1783444549104691062
0,18798719817,408939220744467,1783444549113470140
1,18166666485,408939220748595,1783444549113474300
3,19103666487,408939228033085,1783444549120758726
2,19116999821,408939243982736,1783444549136708441
1,18199999818,408939252549947,1783444549145275588
0,18832053150,408939252556699,1783444549145282340
3,19136999820,408939260048769,1783444549152774474
2,19150333154,408939276055890,1783444549168781595
1,18233333151,408939284975988,1783444549177701693
0,18865386483,408939284977012,1783444549177702717
3,19170333153,408939292095235,1783444549184821068
2,19183666487,408939308076917,1783444549200802590
1,18266666484,408939316623297,1783444549209348906
0,18898719816,408939316623265,1783444549209348874
3,19203666486,408939324065767,1783444549216791376
2,19216999820,408939340045370,1783444549232770979
1,18299999817,408939348604645,1783444549241330286
0,18932053149,408939348607300,1783444549241332941
3,19236999819,408939356130921,1783444549248856562
2,19250333153,408939372094620,1783444549264820261
0,18965386482,408939380769700,1783444549273495309
1,18333333150,408939380769732,1783444549273495373
3,19270333152,408939388202923,1783444549280928532
2,19283666486,408939404090464,1783444549296816105
0,18998719815,408939412692266,1783444549305417907
1,18366666483,408939412725033,1783444549305450642
3,19303666485,408939420194575,1783444549312920184
2,19316999819,408939436126146,1783444549328851755
0,19032053148,408939444692205,1783444549337417814
1,18399999816,408939444703469,1783444549337429110
3,19336999818,408939452249777,1783444549344975482
2,19350333152,408939468126182,1783444549360851791
1,18433333149,408939476748207,1783444549369473816
0,19065386481,408939476751311,1783444549369477016
3,19370333151,408939484259412,1783444549376985085
2,19383666485,408939500203144,1783444549392928817
1,18466666482,408939508865328,1783444549401590937
0,19098719814,408939508880752,1783444549401606425
3,19403666484,408939516311159,1783444549409036864
2,19416999818,408939532219083,1783444549424944724
0,19132053147,408939540731159,1783444549433456800
1,18499999815,408939540750710,1783444549433476351
3,19436999817,408939548315130,1783444549441040835
2,19450333151,408939564235182,1783444549456960855
0,19165386480,408939572904278,1783444549465629983
1,18533333148,408939572934901,1783444549465660606
3,19470333150,408939580380892,1783444549473106597
2,19483666484,408939596251473,1783444549488977114
0,19198719813,408939605030679,1783444549497756320
1,18566666481,408939605037494,1783444549497763103
3,19503666483,408939612364192,1783444549505089833
2,19516999817,408939628355954,1783444549521081595
0,19232053146,408939636978779,1783444549529704388
1,18599999814,408939637005787,1783444549529731428
3,19536999816,408939644418626,1783444549537144331
2,19550333150,408939660330102,1783444549553055743
1,18633333147,408939668953344,1783444549561678953
0,19265386479,408939668978079,1783444549561703784
3,19570333149,408939676429414,1783444549569155055
2,19583666483,408939692368569,1783444549585094274
0,19298719812,408939701047681,1783444549593773322
1,18666666480,408939701055905,1783444549593781514
3,19603666482,408939708463720,1783444549601189425
2,19616999816,408939724417499,1783444549617143140
0,19332053145,408939733022789,1783444549625748430
1,18699999813,408939733036229,1783444549625761870
3,19636999815,408939740443372,1783444549633169013
2,19650333149,408939756422623,1783444549649148296
1,18733333146,408939765064168,1783444549657789809
0,19365386478,408939765065032,1783444549657790640
3,19670333148,408939772466319,1783444549665191960
2,19683666482,408939788401539,1783444549681127148
1,18766666479,408939796923535,1783444549689649144
0,19398719811,408939796926319,1783444549689651960
3,19703666481,408939804517778,1783444549697243483
2,19716999815,408939820435877,1783444549713161486
0,19432053144,408939829014288,1783444549721739929
1,18799999812,408939829014672,1783444549721740313
3,19736999814,408939836510869,1783444549729236510
2,19750333148,408939852482824,1783444549745208497
0,19465386477,408939861053618,1783444549753779259
1,18833333145,408939861062674,1783444549753788315
3,19770333147,408939868546296,1783444549761272257
2,19783666481,408939884507115,1783444549777232788
0,19498719810,408939893107637,1783444549785833278
1,18866666478,408939893108117,1783444549785833726
3,19803666480,408939900599002,1783444549793324675
2,19816999814,408939916577517,1783444549809303158
0,19532053143,408939925278132,1783444549818003773
1,18899999811,408939925288500,1783444549818014173
3,19836999813,408939932600766,1783444549825326471
2,19850333147,408939948545105,1783444549841270810
1,18933333144,408939957076477,1783444549849802086
0,19565386476,408939957091676,1783444549849817317
3,19870333146,408939964661664,1783444549857387305
2,19883666480,408939980585268,1783444549873310909
1,18966666477,408939989192765,1783444549881918374
0,19598719809,408939989228412,1783444549881953989
2,19916999813,408940012620150,1783444549905345983
0,19632053142,408940021234464,1783444549913960137
1,18999999810,408940021238080,1783444549913963785
2,19950333146,408940044632474,1783444549937358210
1,19033333143,408940053246371,1783444549945972044
0,19665386475,408940053254147,1783444549945979852
3,19903666479,408940060712393,1783444549953438034
2,19983666479,408940076698651,1783444549969424324
1,19066666476,408940085310501,1783444549978036142
0,19698719808,408940085313413,1783444549978039022
3,19936999812,408940092749068,1783444549985474741
2,20016999812,408940108677856,1783444550001403497
0,19732053141,408940117295113,1783444550010020786
1,19099999809,408940117298857,1783444550010024530
3,19970333145,408940124768303,1783444550017493944
2,20050333145,408940140712097,1783444550033437738
1,19133333142,408940149208941,1783444550041934582
0,19765386474,408940149211405,1783444550041937046
3,20003666478,408940156776529,1783444550049502138
2,20083666478,408940172743395,1783444550065469100
0,19798719807,408940181380043,1783444550074105716
1,19166666475,408940181388363,1783444550074114068
3,20036999811,408940188821074,1783444550081546715
2,20116999811,408940204763364,1783444550097489037
0,19832053140,408940213271824,1783444550105997465
1,19199999808,408940213275312,1783444550106000921
3,20070333144,408940220854931,1783444550113580572
2,20150333144,408940236765127,1783444550129490736
0,19865386473,408940245302450,1783444550138028091
1,19233333141,408940245316690,1783444550138042299
3,20103666477,408940252887797,1783444550145613470
2,20183666477,408940268841703,1783444550161567312
0,19898719806,408940277453361,1783444550170179066
1,19266666474,408940277491600,1783444550170217273
3,20136999810,408940284915895,1783444550177641568
2,20216999810,408940300874345,1783444550193600018
0,19932053139,408940309456339,1783444550202181948
1,19299999807,408940309464563,1783444550202190172
3,20170333143,408940316995063,1783444550209720704
2,20250333143,408940332907498,1783444550225633203
0,19965386472,408940341573362,1783444550234299003
1,19333333140,408940341574226,1783444550234299835
3,20203666476,408940348998265,1783444550241724002
2,20283666476,408940364911020,1783444550257636597
0,19998719805,408940373567221,1783444550266292894
1,19366666473,408940373593780,1783444550266319453
3,20236999809,408940380984252,1783444550273709861
2,20316999809,408940396903503,1783444550289629080
0,20032053138,408940405467770,1783444550298193474
1,19399999806,408940405492537,1783444550298218242
3,20270333142,408940413037949,1783444550305763590
2,20350333142,408940428980911,1783444550321706584
0,20065386471,408940437588153,1783444550330313794
1,19433333139,408940437592793,1783444550330318434
3,20303666475,408940445070270,1783444550337795943
2,20383666475,408940461023377,1783444550353749050
0,20098719804,408940469594907,1783444550362320516
1,19466666472,408940469603099,1783444550362328708
3,20336999808,408940477074785,1783444550369800394
2,20416999808,408940493019635,1783444550385745340
0,20132053137,408940501581950,1783444550394307591
1,19499999805,408940501592509,1783444550394318118
3,20370333141,408940509063779,1783444550401789420
2,20450333141,408940525051349,1783444550417776958
0,20165386470,408940533590720,1783444550426316329
1,19533333138,408940533597792,1783444550426323433
3,20403666474,408940541095941,1783444550433821550
2,20483666474,408940557115381,1783444550449840990
0,20198719803,408940565846620,1783444550458572293
1,19566666471,408940565846716,1783444550458572421
3,20436999807,408940573195973,1783444550465921582
2,20516999807,408940589146935,1783444550481872640
1,19599999804,408940597881149,1783444550490606758
0,20232053136,408940597886813,1783444550490612486
3,20470333140,408940605219910,1783444550497945551
3,20503666473,408940637223656,1783444550529949265
3,20536999806,408940669276298,1783444550562001939
2,20550333140,408940685192317,1783444550577917958
1,19633333137,408940693789446,1783444550586515087
0,20265386469,408940693793414,1783444550586519055
3,20570333139,408940701226125,1783444550593951766
2,20583666473,408940717226302,1783444550609951943
0,20298719802,408940725816808,1783444550618542417
1,19666666470,408940725872551,1783444550618598224
3,20603666472,408940733288174,1783444550626013783
2,20616999806,408940749253824,1783444550641979433
0,20332053135,408940757825226,1783444550650550867
1,19699999803,408940757834602,1783444550650560211
3,20636999805,408940765360686,1783444550658086391
2,20650333139,408940781258402,1783444550673984043
1,19733333136,408940789846252,1783444550682571893
0,20365386468,408940789857644,1783444550682583317
3,20670333138,408940797347057,1783444550690072666
2,20683666472,408940813270340,1783444550705995981
1,19766666469,408940821923052,1783444550714648661
0,20398719801,408940821925292,1783444550714650869
3,20703666471,408940829344467,1783444550722070108
2,20716999805,408940845330405,1783444550738056046
1,19799999802,408940853992045,1783444550746717654
0,20432053134,408940853993869,1783444550746719478
3,20736999804,408940861432564,1783444550754158269
2,20750333138,408940877323623,1783444550770049264
0,20465386467,408940885997231,1783444550778722840
1,19833333135,408940886012431,1783444550778738104
3,20770333137,408940893439798,1783444550786165439
2,20783666471,408940909371273,1783444550802096978
1,19866666468,408940918053744,1783444550810779417
0,20498719800,408940918058768,1783444550810784473
3,20803666470,408940925475959,1783444550818201568
2,20816999804,408940941359659,1783444550834085396
1,19899999801,408940949906678,1783444550842632287
0,20532053133,408940949906838,1783444550842632447
3,20836999803,408940957522264,1783444550850247969
2,20850333137,408940973430316,1783444550866156021
0,20565386466,408940982033621,1783444550874759326
1,19933333134,408940982037589,1783444550874763262
3,20870333136,408940989512507,1783444550882238148
2,20883666470,408941005422702,1783444550898148343
0,20598719799,408941013937050,1783444550906662691
1,19966666467,408941013937018,1783444550906662627
3,20903666469,408941021567388,1783444550914293061
2,20916999803,408941037446832,1783444550930172473
1,19999999800,408941045987515,1783444550938713156
0,20632053132,408941045990811,1783444550938716452
3,20936999802,408941053586494,1783444550946312199
2,20950333136,408941069488753,1783444550962214426
1,20033333133,408941078119162,1783444550970844835
0,20665386465,408941078124538,1783444550970850211
3,20970333135,408941085606016,1783444550978331657
2,20983666469,408941101500083,1783444550994225692
0,20698719798,408941110038591,1783444551002764232
1,20066666466,408941110038783,1783444551002764392
3,21003666468,408941117633409,1783444551010359082
2,21016999802,408941133572083,1783444551026297820
1,20099999799,408941142094814,1783444551034820455
0,20732053131,408941142103006,1783444551034828615
3,21036999801,408941149703072,1783444551042428745
2,21050333135,408941165601075,1783444551058326780
0,20765386464,408941174206685,1783444551066932326
1,20133333132,408941174206909,1783444551066932550
3,21070333134,408941181695714,1783444551074421419
2,21083666468,408941197659251,1783444551090384956
1,20166666465,408941206331323,1783444551099057028
0,20798719797,408941206333627,1783444551099059300
3,21103666467,408941213668835,1783444551106394444
2,21116999801,408941229616661,1783444551122342302
1,20199999798,408941238152640,1783444551130878249
0,20832053130,408941238159392,1783444551130885033
3,21136999800,408941245726627,1783444551138452236
2,21150333134,408941261675701,1783444551154401406
0,20865386463,408941270337405,1783444551163063014
1,20233333131,408941270337341,1783444551163062982
3,21170333133,408941277717124,1783444551170442765
2,21183666467,408941293696405,1783444551186422014
0,20898719796,408941302283455,1783444551195009160
1,20266666464,408941302400924,1783444551195126661
3,21203666466,408941309754469,1783444551202480142
2,21216999800,408941325741781,1783444551218467518
0,20932053129,408941334304032,1783444551227029641
1,20299999797,408941334304864,1783444551227030473
3,21236999799,408941341784421,1783444551234510030
2,21250333133,408941357907666,1783444551250633275
0,20965386462,408941366502332,1783444551259227973
1,20333333130,408941366503484,1783444551259229125
3,21270333132,408941373809957,1783444551266535630
2,21283666466,408941389785527,1783444551282511168
1,20366666463,408941398427839,1783444551291153512
0,20998719795,408941398438719,1783444551291164392
3,21303666465,408941405849254,1783444551298574990
2,21316999799,408941421847094,1783444551314572767
1,20399999796,408941430576508,1783444551323302181
0,21032053128,408941430582428,1783444551323308101
3,21336999798,408941437871814,1783444551330597455
2,21350333132,408941453908086,1783444551346633759
0,21065386461,408941462535966,1783444551355261607
1,20433333129,408941462537470,1783444551355263079
3,21370333131,408941469898278,1783444551362623951
2,21383666465,408941485901527,1783444551378627136
0,21098719794,408941494510080,1783444551387235689
1,20466666462,408941494510112,1783444551387235753
3,21403666464,408941501930407,1783444551394656048
2,21416999798,408941517917368,1783444551410643009
1,20499999795,408941526443779,1783444551419169388
0,21132053127,408941526444483,1783444551419170124
3,21436999797,408941533982439,1783444551426708144
2,21450333131,408941549907961,1783444551442633602
1,20533333128,408941558414853,1783444551451140494
0,21165386460,408941558419492,1783444551451145133
3,21470333130,408941565999719,1783444551458725392
2,21483666464,408941581928474,1783444551474654115
1,20566666461,408941590442021,1783444551483167662
0,21198719793,408941590445125,1783444551483170766
3,21503666463,408941598056615,1783444551490782288
2,21516999797,408941614002553,1783444551506728194
0,21232053126,408941622760254,1783444551515485895
1,20599999794,408941622760286,1783444551515485895
3,21536999796,408941630070184,1783444551522795793
2,21550333130,408941646011866,1783444551538737475
1,20633333127,408941654717536,1783444551547443145
0,21265386459,408941654717568,1783444551547443177
3,21570333129,408941662061737,1783444551554787410
2,21583666463,408941678013755,1783444551570739460
1,20666666460,408941686645539,1783444551579371148
0,21298719792,408941686653059,1783444551579378700
3,21603666462,408941694092649,1783444551586818290
2,21616999796,408941710013948,1783444551602739653
0,21332053125,408941718575814,1783444551611301455
1,20699999793,408941718576678,1783444551611302319
3,21636999795,408941726121034,1783444551618846707
2,21650333129,408941742067324,1783444551634792965
0,21365386458,408941750692804,1783444551643418445
1,20733333126,408941750702468,1783444551643428109
3,21670333128,408941758212328,1783444551650938033
2,21683666462,408941774087420,1783444551666813093
0,21398719791,408941782622823,1783444551675348496
1,20766666459,408941782635207,1783444551675360912
3,21703666461,408941790199626,1783444551682925267
2,21716999795,408941806131900,1783444551698857573
1,20799999792,408941814857346,1783444551707582955
0,21432053124,408941814861058,1783444551707586667
3,21736999794,408941822234058,1783444551714959731
2,21750333128,408941838152317,1783444551730877958
1,20833333125,408941846796965,1783444551739522638
0,21465386457,408941846805445,1783444551739531118
3,21770333127,408941854225803,1783444551746951412
2,21783666461,408941870155678,1783444551762881351
0,21498719790,408941879489269,1783444551772214974
1,20866666458,408941879563187,1783444551772288828
3,21803666460,408941886318314,1783444551779043923
2,21816999794,408941902289723,1783444551795015364
1,20899999791,408941910617004,1783444551803342613
0,21532053123,408941910633419,1783444551803359092
3,21836999793,408941918272748,1783444551810998357
2,21850333127,408941934230686,1783444551826956391
1,20933333124,408941943032258,1783444551835757995
0,21565386456,408941943052226,1783444551835777867
3,21870333126,408941950284429,1783444551843010070
2,21883666460,408941966226143,1783444551858951784
1,20966666457,408941974788138,1783444551867513747
0,21598719789,408941974792873,1783444551867518514
3,21903666459,408941982347213,1783444551875072822
2,21916999793,408941998286527,1783444551891012200
0,21632053122,408942006921287,1783444551899646896
1,20999999790,408942006933831,1783444551899659440
3,21936999792,408942014322670,1783444551907048279
2,21950333126,408942030287680,1783444551923013385
1,21033333123,408942038921032,1783444551931646737
0,21665386455,408942038933256,1783444551931658961
3,21970333125,408942046395694,1783444551939121399
2,21983666459,408942062302433,1783444551955028138
0,21698719788,408942070858411,1783444551963584020
1,21066666456,408942070874923,1783444551963600628
3,22003666458,408942078372335,1783444551971097944
2,22016999792,408942094330433,1783444551987056074
0,21732053121,408942102937802,1783444551995663475
1,21099999789,408942102943690,1783444551995669331
3,22036999791,408942110416623,1783444552003142328
2,22050333125,408942126372257,1783444552019097866
0,21765386454,408942135025608,1783444552027751281
1,21133333122,408942135028136,1783444552027753873
3,22070333124,408942142460174,1783444552035185879
2,22083666458,408942158395424,1783444552051121033
1,21166666455,408942166954858,1783444552059680467
0,21798719787,408942166966442,1783444552059692115
3,22103666457,408942174479182,1783444552067204887
2,22116999791,408942190417887,1783444552083143528
1,21199999788,408942199001544,1783444552091727185
0,21832053120,408942199002152,1783444552091727793
3,22136999790,408942206470414,1783444552099196023
2,22150333124,408942222457758,1783444552115183399
1,21233333121,408942231092870,1783444552123818479
0,21865386453,408942231102470,1783444552123828143
2,22183666457,408942254521276,1783444552147246917
1,21266666454,408942263100582,1783444552155826191
0,21898719786,408942263102566,1783444552155828207
2,22216999790,408942286563131,1783444552179288772
1,21299999787,408942295192355,1783444552187917964
0,21932053119,408942295219139,1783444552187944812
3,22170333123,408942302619882,1783444552195345587
2,22250333123,408942318577563,1783444552211303236
1,21333333120,408942327237090,1783444552219962731
0,21965386452,408942327274497,1783444552220000170
3,22203666456,408942334623561,1783444552227349202
2,22283666456,408942350550363,1783444552243276068
1,21366666453,408942359205251,1783444552251930892
0,21998719785,408942359220930,1783444552251946571
3,22236999789,408942366654376,1783444552259380081
2,22316999789,408942382607258,1783444552275332867
1,21399999786,408942391145988,1783444552283871597
0,22032053118,408942391193475,1783444552283919148
3,22270333122,408942398691047,1783444552291416752
2,22350333122,408942414652184,1783444552307377889
1,21433333119,408942423367742,1783444552316093351
0,22065386451,408942423380286,1783444552316105927
3,22303666455,408942430706727,1783444552323432336
2,22383666455,408942446714039,1783444552339439680
1,21466666452,408942455266401,1783444552347992042
0,22098719784,408942455753621,1783444552348479294
3,22336999788,408942462723622,1783444552355449295
2,22416999788,408942478651448,1783444552371377121
1,21499999785,408942487176355,1783444552379901964
0,22132053117,408942487215586,1783444552379941259
3,22370333121,408942494772837,1783444552387498478
2,22450333121,408942510688311,1783444552403413984
1,21533333118,408942519268672,1783444552411994281
0,22165386450,408942519304960,1783444552412030601
3,22403666454,408942526758533,1783444552419484174
2,22483666454,408942542719990,1783444552435445599
1,21566666451,408942551310879,1783444552444036552
0,22198719783,408942551317535,1783444552444043240
3,22436999787,408942558840835,1783444552451566508
2,22516999787,408942574732950,1783444552467458591
1,21599999784,408942583360350,1783444552476085959
0,22232053116,408942583378205,1783444552476103878
3,22470333120,408942590898081,1783444552483623722
2,22550333120,408942606802036,1783444552499527613
1,21633333117,408942615579704,1783444552508305313
0,22265386449,408942615580856,1783444552508306497
3,22503666453,408942622907873,1783444552515633546
2,22583666453,408942638810643,1783444552531536252
1,21666666450,408942647649814,1783444552540375519
0,22298719782,408942647659062,1783444552540384671
3,22536999786,408942654964959,1783444552547690568
2,22616999786,408942670822163,1783444552563547804
1,21699999783,408942679383101,1783444552572108710
0,22332053115,408942679406460,1783444552572132133
3,22570333119,408942686945024,1783444552579670633
2,22650333119,408942702848306,1783444552595573947
0,22365386448,408942711391837,1783444552604117478
1,21733333116,408942711397500,1783444552604123173
3,22603666452,408942719126171,1783444552611851780
2,22683666452,408942734878161,1783444552627603866
1,21766666449,408942743533465,1783444552636259138
0,22398719781,408942743553144,1783444552636278753
3,22636999785,408942750973023,1783444552643698664
2,22716999785,408942766942192,1783444552659667897
1,21799999782,408942775601719,1783444552668327360
0,22432053114,408942775726452,1783444552668452093
3,22670333118,408942783002110,1783444552675727751
2,22750333118,408942798941039,1783444552691666680
1,21833333115,408942807677813,1783444552700403518
0,22465386447,408942807685653,1783444552700411294
3,22703666451,408942815030301,1783444552707755942
2,22783666451,408942830958767,1783444552723684600
1,21866666448,408942839507353,1783444552732232962
0,22498719780,408942839514329,1783444552732240002
3,22736999784,408942847057916,1783444552739783621
3,22770333117,408942879124410,1783444552771850115
3,22803666450,408942911118555,1783444552803844355
2,22816999784,408942927050636,1783444552819776341
0,22532053113,408942935580055,1783444552828305632
1,21899999781,408942935583159,1783444552828308800
3,22836999783,408942943094651,1783444552835820260
2,22850333117,408942959072043,1783444552851797652
1,21933333114,408942967672532,1783444552860398141
0,22565386446,408942967695060,1783444552860420733
3,22870333116,408942975155001,1783444552867880706
2,22883666450,408942991105674,1783444552883831379
0,22598719779,408942999698100,1783444552892423741
1,21966666447,408942999720275,1783444552892445980
3,22903666449,408943007168185,1783444552899893794
2,22916999783,408943023127210,1783444552915852819
0,22632053112,408943031759186,1783444552924484859
1,21999999780,408943031769522,1783444552924495099
3,22936999782,408943039171641,1783444552931897282
2,22950333116,408943055148105,1783444552947874098
0,22665386445,408943063635157,1783444552956360798
1,22033333113,408943063682996,1783444552956408669
3,22970333115,408943071211895,1783444552963937472
2,22983666449,408943087169736,1783444552979895377
0,22698719778,408943095809552,1783444552988535225
1,22066666446,408943095819760,1783444552988545433
3,23003666448,408943103220759,1783444552995946400
2,23016999782,408943119202215,1783444553011927856
1,22099999779,408943127814800,1783444553020540505
0,22732053111,408943127892494,1783444553020618167
3,23036999781,408943135284948,1783444553028010653
2,23050333115,408943151210566,1783444553043936175
1,22133333112,408943159712337,1783444553052437978
0,22765386444,408943159716625,1783444553052442234
3,23070333114,408943167276755,1783444553060002396
2,23083666448,408943183259907,1783444553075985804
0,22798719777,408943191781934,1783444553084507575
1,22166666445,408943191783694,1783444553084509303
3,23103666447,408943199317553,1783444553092043226
2,23116999781,408943215299169,1783444553108024874
1,22199999778,408943223909353,1783444553116635026
0,22832053110,408943223911945,1783444553116637650
3,23136999780,408943231369550,1783444553124095255
2,23150333114,408943247294175,1783444553140019784
0,22865386443,408943255822282,1783444553148547923
1,22233333111,408943255822602,1783444553148548211
3,23170333113,408943263383405,1783444553156109270
2,23183666447,408943279343133,1783444553172068742
0,22898719776,408943287958597,1783444553180684238
1,22266666444,408943287958885,1783444553180684494
3,23203666446,408943295436650,1783444553188162355
2,23216999780,408943311357915,1783444553204083556
1,22299999777,408943319938212,1783444553212663821
0,22932053109,408943319958756,1783444553212684429
3,23236999779,408943327512391,1783444553220238064
2,23250333113,408943343395353,1783444553236120962
1,22333333110,408943351927139,1783444553244652780
0,22965386442,408943351954178,1783444553244679819
3,23270333112,408943359484166,1783444553252209775
2,23283666446,408943375410391,1783444553268136000
1,22366666443,408943384092030,1783444553276817639
0,22998719775,408943384118237,1783444553276843910
3,23303666445,408943391572546,1783444553284298219
2,23316999779,408943407442709,1783444553300168414
1,22399999776,408943416065725,1783444553308791366
0,23032053108,408943416083900,1783444553308809573
3,23336999778,408943423577857,1783444553316303562
2,23350333112,408943439460051,1783444553332185660
0,23065386441,408943448202424,1783444553340928097
1,22433333109,408943448204824,1783444553340930433
3,23370333111,408943455567808,1783444553348293385
2,23383666445,408943471483217,1783444553364208826
0,23098719774,408943479970941,1783444553372696550
1,22466666442,408943479979036,1783444553372704645
3,23403666444,408943487542079,1783444553380267688
2,23416999778,408943503515119,1783444553396240856
1,22499999775,408943512072825,1783444553404798434
0,23132053107,408943512083704,1783444553404809377
3,23436999777,408943519619740,1783444553412345349
2,23450333111,408943535555853,1783444553428281526
0,23165386440,408943544223507,1783444553436949148
1,22533333108,408943544235987,1783444553436961628
3,23470333110,408943551600763,1783444553444326404
2,23483666444,408943567564267,1783444553460289876
0,23198719773,408943576194259,1783444553468919932
1,22566666441,408943576212466,1783444553468938075
3,23503666443,408943583676855,1783444553476402528
2,23516999777,408943599616744,1783444553492342449
0,23232053106,408943608247152,1783444553500972761
1,22599999774,408943608275055,1783444553501000696
3,23536999776,408943615693302,1783444553508418943
2,23550333110,408943631635270,1783444553524360879
0,23265386439,408943640331757,1783444553533057430
1,22633333107,408943640344844,1783444553533070453
3,23570333109,408943647691124,1783444553540416765
2,23583666443,408943663666724,1783444553556392429
0,23298719772,408943672345515,1783444553565071220
1,22666666440,408943672347339,1783444553565072948
3,23603666442,408943679735346,1783444553572460987
2,23616999776,408943695661603,1783444553588387212
0,23332053105,408943704235020,1783444553596960661
1,22699999773,408943704267980,1783444553596993653
3,23636999775,408943711734417,1783444553604460026
2,23650333109,408943727730240,1783444553620455913
0,23365386438,408943736331785,1783444553629057490
1,22733333106,408943736350952,1783444553629076657
3,23670333108,408943743774254,1783444553636499959
2,23683666442,408943759727551,1783444553652453288
0,23398719771,408943768280616,1783444553661006321
1,22766666439,408943768292104,1783444553661017681
3,23703666441,408943775806188,1783444553668531861
2,23716999775,408943791739069,1783444553684464710
0,23432053104,408943800223337,1783444553692948978
1,22799999772,408943800245384,1783444553692970993
3,23736999774,408943807824938,1783444553700550643
2,23750333108,408943823772987,1783444553716498628
1,22833333105,408943832358948,1783444553725084621
0,23465386437,408943832364036,1783444553725089741
3,23770333107,408943839903975,1783444553732629680
2,23783666441,408943855821208,1783444553748546945
1,22866666438,408943864465088,1783444553757190729
0,23498719770,408943864471136,1783444553757196809
3,23803666440,408943871879558,1783444553764605167
2,23816999774,408943887822583,1783444553780548224
0,23532053103,408943896423711,1783444553789149352
1,22899999771,408943896438111,1783444553789163720
3,23836999773,408943903924740,1783444553796650445
2,23850333107,408943919960722,1783444553812686363
1,22933333104,408943928753782,1783444553821479391
0,23565386436,408943928776181,1783444553821501886
3,23870333106,408943935982817,1783444553828708490
2,23883666440,408943951904594,1783444553844630235
1,22966666437,408943960574873,1783444553853300514
0,23598719769,408943960577081,1783444553853302754
3,23903666439,408943968059837,1783444553860785510
2,23916999773,408943983913520,1783444553876639129
0,23632053102,408943992581143,1783444553885306784
1,22999999770,408943992602423,1783444553885328064
3,23936999772,408944000046972,1783444553892772677
2,23950333106,408944015961998,1783444553908687639
0,23665386435,408944024723826,1783444553917449531
1,23033333103,408944024824528,1783444553917550233
3,23970333105,408944032018748,1783444553924744389
2,23983666439,408944047966028,1783444553940691637
1,23066666436,408944056642323,1783444553949367964
0,23698719768,408944056664179,1783444553949389852
3,24003666438,408944064096568,1783444553956822177
2,24016999772,408944080024458,1783444553972750163
1,23099999769,408944088716464,1783444553981442137
0,23732053101,408944088721232,1783444553981446873
3,24036999771,408944096123254,1783444553988848863
2,24050333105,408944112061671,1783444554004787312
1,23133333102,408944120634000,1783444554013359577
0,23765386434,408944120634608,1783444554013360249
3,24070333104,408944128136276,1783444554020862141
2,24083666438,408944144041125,1783444554036766766
1,23166666435,408944152674317,1783444554045400022
0,23798719767,408944152677741,1783444554045403350
3,24103666437,408944160139313,1783444554052864954
2,24116999771,408944176106145,1783444554068831818
1,23199999768,408944184654187,1783444554077379796
0,23832053100,408944184682154,1783444554077407795
3,24136999770,408944192151918,1783444554084877527
2,24150333104,408944208058208,1783444554100783817
1,23233333101,408944216564266,1783444554109289875
0,23865386433,408944216569194,1783444554109294867
3,24170333103,408944224226698,1783444554116952371
2,24183666437,408944240125563,1783444554132851236
1,23266666434,408944248725124,1783444554141450797
0,23898719766,408944248737987,1783444554141463596
3,24203666436,408944256244519,1783444554148970128
2,24216999770,408944272151736,1783444554164877441
0,23932053099,408944280739521,1783444554173465162
1,23299999767,408944280743105,1783444554173468714
3,24236999769,408944288262404,1783444554180988045
2,24250333103,408944304165749,1783444554196891390
0,23965386432,408944312685855,1783444554205411464
1,23333333100,408944312686527,1783444554205412168
3,24270333102,408944320255553,1783444554212981194
2,24283666436,408944336256176,1783444554228981817
0,23998719765,408944344920375,1783444554237645984
1,23366666433,408944344942358,1783444554237668063
3,24303666435,408944352428859,1783444554245154532
2,24316999769,408944368228590,1783444554260954199
1,23399999766,408944376799575,1783444554269525184
0,24032053098,408944376803063,1783444554269528768
3,24336999768,408944384352922,1783444554277078531
2,24350333102,408944400246891,1783444554292972532
0,24065386431,408944408931857,1783444554301657466
1,23433333099,408944408932465,1783444554301658042
3,24370333101,408944416328664,1783444554309054305
2,24383666435,408944432281128,1783444554325006769
0,24098719764,408944440901200,1783444554333626905
1,23466666432,408944440905775,1783444554333631480
3,24403666434,408944448411699,1783444554341137564
2,24416999768,408944464334820,1783444554357060493
0,24132053097,408944472962219,1783444554365687892
1,23499999765,408944473290435,1783444554366016076
2,24450333101,408944496352449,1783444554389078058
1,23533333098,408944504952937,1783444554397678546
0,24165386430,408944504959465,1783444554397685106
2,24483666434,408944528383453,1783444554421109094
0,24198719763,408944537025861,1783444554429751566
1,23566666431,408944537028709,1783444554429754382
3,24436999767,408944544469674,1783444554437195347
2,24516999767,408944560416026,1783444554453141635
0,24232053096,408944569041986,1783444554461767627
1,23599999764,408944569068161,1783444554461793866
3,24470333100,408944576536070,1783444554469261679
2,24550333100,408944592440119,1783444554485165728
0,24265386429,408944601128445,1783444554493854054
1,23633333097,408944601131677,1783444554493857318
3,24503666433,408944608546627,1783444554501272492
2,24583666433,408944624448404,1783444554517174013
0,24298719762,408944633208952,1783444554525934625
1,23666666430,408944633268631,1783444554525994272
3,24536999766,408944640552960,1783444554533278665
2,24616999766,408944656476433,1783444554549202042
0,24332053095,408944665122424,1783444554557848065
1,23699999763,408944665125688,1783444554557851329
3,24570333099,408944672571773,1783444554565297382
2,24650333099,408944688521517,1783444554581247222
0,24365386428,408944697124053,1783444554589849662
1,23733333096,408944697149461,1783444554589875070
3,24603666432,408944704596282,1783444554597321891
2,24683666432,408944720499531,1783444554613225140
0,24398719761,408944729051796,1783444554621777501
1,23766666429,408944729065780,1783444554621791389
3,24636999765,408944736586999,1783444554629312608
2,24716999765,408944752546567,1783444554645272304
0,24432053094,408944761121616,1783444554653847289
1,23799999762,408944761123408,1783444554653849017
3,24670333098,408944768639379,1783444554661365052
2,24750333098,408944784570372,1783444554677296013
0,24465386427,408944793156397,1783444554685882070
1,23833333095,408944793164108,1783444554685889717
3,24703666431,408944800657488,1783444554693383129
2,24783666431,408944816621344,1783444554709347081
0,24498719760,408944825359941,1783444554718085646
1,23866666428,408944825375844,1783444554718101517
3,24736999764,408944832688909,1783444554725414550
2,24816999764,408944848607294,1783444554741332935
0,24532053093,408944857170663,1783444554749896272
1,23899999761,408944857196966,1783444554749922575
3,24770333097,408944864685035,1783444554757410676
2,24850333097,408944880678969,1783444554773404706
0,24565386426,408944889373311,1783444554782098984
1,23933333094,408944889380735,1783444554782106408
3,24803666430,408944896776998,1783444554789502735
2,24883666430,408944912673111,1783444554805398752
1,23966666427,408944921232704,1783444554813958313
0,24598719759,408944921246464,1783444554813972137
3,24836999763,408944928802626,1783444554821528331
2,24916999763,408944944715923,1783444554837441596
0,24632053092,408944953299452,1783444554846025093
1,23999999760,408944953305564,1783444554846031205
3,24870333096,408944960790720,1783444554853516361
2,24950333096,408944976711313,1783444554869436954
0,24665386425,408944985221339,1783444554877946948
1,24033333093,408944985232219,1783444554877957860
3,24903666429,408944992803645,1783444554885529286
2,24983666429,408945008772685,1783444554901498294
1,24066666426,408945017347638,1783444554910073279
0,24698719758,408945017360917,1783444554910086590
3,24936999762,408945024852313,1783444554917577922
2,25016999762,408945040805321,1783444554933531058
0,24732053091,408945049362099,1783444554942087708
1,24099999759,408945049370962,1783444554942096571
3,24970333095,408945056849079,1783444554949574688
2,25050333095,408945072829286,1783444554965554991
0,24765386424,408945081425102,1783444554974150775
1,24133333092,408945081434574,1783444554974160247
3,25003666428,408945088913523,1783444554981639196
3,25036999761,408945121006413,1783444555013732086
3,25070333094,408945152977258,1783444555045702899
2,25083666428,408945168917402,1783444555061643075
1,24166666425,408945177484483,1783444555070210124
0,24798719757,408945177497314,1783444555070222987
3,25103666427,408945184998630,1783444555077724239
2,25116999761,408945200966933,1783444555093692606
1,24199999758,408945209506782,1783444555102232391
0,24832053090,408945209526686,1783444555102252391
3,25136999760,408945217005666,1783444555109731371
2,25150333094,408945232960273,1783444555125685914
0,24865386423,408945241603896,1783444555134329505
1,24233333091,408945241621528,1783444555134347233
3,25170333093,408945249040573,1783444555141766214
2,25183666427,408945264992301,1783444555157718006
0,24898719756,408945273586901,1783444555166312542
1,24266666424,408945273587285,1783444555166312926
3,25203666426,408945281043545,1783444555173769154
2,25216999760,408945296991177,1783444555189717074
0,24932053089,408945305472788,1783444555198198429
1,24299999757,408945305496019,1783444555198221692
3,25236999759,408945313100276,1783444555205825981
2,25250333093,408945329029444,1783444555221755117
0,24965386422,408945337633932,1783444555230359573
1,24333333090,408945337641612,1783444555230367317
3,25270333092,408945345117552,1783444555237843289
2,25283666426,408945361110878,1783444555253836551
1,24366666423,408945369788292,1783444555262513933
0,24998719755,408945369789028,1783444555262514701
3,25303666425,408945377168363,1783444555269894068
2,25316999759,408945393111706,1783444555285837315
0,25032053088,408945401742305,1783444555294467978
1,24399999756,408945401752353,1783444555294478026
3,25336999758,408945409232677,1783444555301958350
2,25350333092,408945425121558,1783444555317847231
0,25065386421,408945433752093,1783444555326477798
1,24433333089,408945433758141,1783444555326483782
3,25370333091,408945441177891,1783444555333903628
2,25383666425,408945457212144,1783444555349937817
0,25098719754,408945465946421,1783444555358672062
1,24466666422,408945465964340,1783444555358689949
3,25403666424,408945473225726,1783444555365951399
2,25416999758,408945489150798,1783444555381876439
0,25132053087,408945497762741,1783444555390488414
1,24499999755,408945497793717,1783444555390519390
3,25436999757,408945505248313,1783444555397974018
2,25450333091,408945521194281,1783444555413919954
0,25165386420,408945529795025,1783444555422520698
1,24533333088,408945529797937,1783444555422523578
3,25470333090,408945537277077,1783444555430002750
2,25483666424,408945553183013,1783444555445908590
0,25198719753,408945561738702,1783444555454464311
1,24566666421,408945561753678,1783444555454479287
3,25503666423,408945569324752,1783444555462050393
2,25516999757,408945585327294,1783444555478052967
0,25232053086,408945594069378,1783444555486795019
1,24599999754,408945594117633,1783444555486843338
3,25536999756,408945601355915,1783444555494081588
2,25550333090,408945617320570,1783444555510046275
0,25265386419,408945626013056,1783444555518738697
1,24633333087,408945626035039,1783444555518760744
3,25570333089,408945633415814,1783444555526141455
2,25583666423,408945649329878,1783444555542055551
1,24666666420,408945658055259,1783444555550780900
0,25298719752,408945658057019,1783444555550782724
3,25603666422,408945665408450,1783444555558134059
2,25616999756,408945681314707,1783444555574040572
1,24699999753,408945689891483,1783444555582617124
0,25332053085,408945689891995,1783444555582617604
3,25636999755,408945697413630,1783444555590139303
2,25650333089,408945713360462,1783444555606086199
1,24733333086,408945722144817,1783444555614870490
0,25365386418,408945722156305,1783444555614882010
3,25670333088,408945729421978,1783444555622147619
2,25683666422,408945745347946,1783444555638073587
1,24766666419,408945753903923,1783444555646629532
0,25398719751,408945753911091,1783444555646636700
3,25703666421,408945761462581,1783444555654188286
2,25716999755,408945777378886,1783444555670104495
1,24799999752,408945786059244,1783444555678784949
0,25432053084,408945786089163,1783444555678814836
3,25736999754,408945793475441,1783444555686201082
2,25750333088,408945809465408,1783444555702191081
1,24833333085,408945818132838,1783444555710858447
0,25465386417,408945818132998,1783444555710858639
3,25770333087,408945825496141,1783444555718221750
2,25783666421,408945841473244,1783444555734198885
0,25498719750,408945849949383,1783444555742675024
1,24866666418,408945849952679,1783444555742678320
3,25803666420,408945857534568,1783444555750260241
2,25816999754,408945873455800,1783444555766181441
0,25532053083,408945882098719,1783444555774824392
1,24899999751,408945882101375,1783444555774827048
3,25836999753,408945889613698,1783444555782339339
2,25850333087,408945905548818,1783444555798274523
0,25565386416,408945914156666,1783444555806882275
1,24933333084,408945914165754,1783444555806891363
3,25870333086,408945921655805,1783444555814381478
2,25883666420,408945937536079,1783444555830261688
1,24966666417,408945946111991,1783444555838837696
0,25598719749,408945946117911,1783444555838843584
3,25903666419,408945953643706,1783444555846369347
2,25916999753,408945969544810,1783444555862270451
0,25632053082,408945978045301,1783444555870770942
1,24999999750,408945978048085,1783444555870773726
3,25936999752,408945985650358,1783444555878375999
2,25950333086,408946001637124,1783444555894362861
0,25665386415,408946010353417,1783444555903079122
1,25033333083,408946010360553,1783444555903086226
3,25970333085,408946017694801,1783444555910420506
2,25983666419,408946033600513,1783444555926326122
1,25066666416,408946042133035,1783444555934858708
0,25698719748,408946042145643,1783444555934871348
3,26003666418,408946049689741,1783444555942415350
2,26016999752,408946065642781,1783444555958368454
1,25099999749,408946074162183,1783444555966887792
0,25732053081,408946074168198,1783444555966893839
3,26036999751,408946081715945,1783444555974441554
2,26050333085,408946097681560,1783444555990407265
0,25765386414,408946106310015,1783444555999035720
1,25133333082,408946106320287,1783444555999045992
3,26070333084,408946113772931,1783444556006498604
2,26083666418,408946129693235,1783444556022418876
1,25166666415,408946138234524,1783444556030960229
0,25798719747,408946138247484,1783444556030973157
3,26103666417,408946145822685,1783444556038548358
2,26116999751,408946161727501,1783444556054453142
0,25832053080,408946170287766,1783444556063013439
1,25199999748,408946170295893,1783444556063021566
3,26136999750,408946177838296,1783444556070564001
2,26150333084,408946193790086,1783444556086515823
0,25865386413,408946202359631,1783444556095085272
1,25233333081,408946202361039,1783444556095086680
3,26170333083,408946209816755,1783444556102542428
2,26183666417,408946225805825,1783444556118531466
0,25898719746,408946234419240,1783444556127144913
1,25266666414,408946234425896,1783444556127151569
3,26203666416,408946241903116,1783444556134628821
2,26216999750,408946258054646,1783444556150780319
1,25299999747,408946266767770,1783444556159493443
0,25932053079,408946266774906,1783444556159500611
3,26236999749,408946273924358,1783444556166650031
2,26250333083,408946289897301,1783444556182622942
1,25333333080,408946298441022,1783444556191166663
0,25965386412,408946298450237,1783444556191175878
3,26270333082,408946305938433,1783444556198664106
2,26283666416,408946321832849,1783444556214558490
0,25998719745,408946330406233,1783444556223131906
1,25366666413,408946330409433,1783444556223135106
3,26303666415,408946338004602,1783444556230730307
2,26316999749,408946353939049,1783444556246664722
1,25399999746,408946362686189,1783444556255411830
0,26032053078,408946362687117,1783444556255412726
3,26336999748,408946369997109,1783444556262722782
2,26350333082,408946385938788,1783444556278664397
0,26065386411,408946394614250,1783444556287339923
1,25433333079,408946394615562,1783444556287341267
3,26370333081,408946402065071,1783444556294790776
2,26383666415,408946418025373,1783444556310751078
1,25466666412,408946426576646,1783444556319302287
0,26098719744,408946426578150,1783444556319303759
3,26403666414,408946434019915,1783444556326745652
2,26416999748,408946449971161,1783444556342696802
0,26132053077,408946458570561,1783444556351296170
1,25499999745,408946458570721,1783444556351296330
3,26436999747,408946466071876,1783444556358797613
2,26450333081,408946482131568,1783444556374857273
0,26165386410,408946490740728,1783444556383466337
1,25533333078,408946490750808,1783444556383476449
3,26470333080,408946498072415,1783444556390798024
2,26483666414,408946514016782,1783444556406742455
1,25566666411,408946522527320,1783444556415252929
0,26198719743,408946522529592,1783444556415255233
3,26503666413,408946530089434,1783444556422815043
2,26516999747,408946546015561,1783444556438741138
0,26232053076,408946554494292,1783444556447219933
1,25599999744,408946554503284,1783444556447228893
3,26536999746,408946562109012,1783444556454834653
2,26550333080,408946578072355,1783444556470798220
1,25633333077,408946586573933,1783444556479299542
0,26265386409,408946586575085,1783444556479300726
3,26570333079,408946594229708,1783444556486955317
2,26583666413,408946610167451,1783444556502893156
1,25666666410,408946618870144,1783444556511595785
0,26298719742,408946618873248,1783444556511598857
3,26603666412,408946626211016,1783444556518936977
2,26616999746,408946642123607,1783444556534849216
1,25699999743,408946650645025,1783444556543370634
0,26332053075,408946650703104,1783444556543428745
3,26636999745,408946658230402,1783444556550956043
2,26650333079,408946674131858,1783444556566857467
1,25733333076,408946682772505,1783444556575498178
0,26365386408,408946682772953,1783444556575498658
3,26670333078,408946690242173,1783444556582967974
2,26683666412,408946706187596,1783444556598913269
0,26398719741,408946715169866,1783444556607895539
1,25766666409,408946715229672,1783444556607955345
2,26716999745,408946738198758,1783444556630924559
1,25799999742,408946746843085,1783444556639568758
0,26432053074,408946746843757,1783444556639569462
2,26750333078,408946770243232,1783444556662968969
0,26465386407,408946778800233,1783444556671525906
1,25833333075,408946778825864,1783444556671551569
3,26703666411,408946786415721,1783444556679141394
2,26783666411,408946802290714,1783444556695016323
0,26498719740,408946810948576,1783444556703674281
1,25866666408,408946810957504,1783444556703683209
3,26736999744,408946818358630,1783444556711084271
2,26816999744,408946834269429,1783444556726995166
0,26532053073,408946842931387,1783444556735657028
1,25899999741,408946842933275,1783444556735658916
3,26770333077,408946850412991,1783444556743138728
2,26850333077,408946866295216,1783444556759020921
0,26565386406,408946874848313,1783444556767573922
1,25933333074,408946874852952,1783444556767578561
3,26803666410,408946882390363,1783444556775115972
2,26883666410,408946898376841,1783444556791102546
1,25966666407,408946907001136,1783444556799726777
0,26598719739,408946907002320,1783444556799727929
3,26836999743,408946914428021,1783444556807153630
2,26916999743,408946930388035,1783444556823113740
0,26632053072,408946939115816,1783444556831841489
1,25999999740,408946939117704,1783444556831843377
3,26870333076,408946946492526,1783444556839218199
2,26950333076,408946962399582,1783444556855125223
1,26033333073,408946970942151,1783444556863667760
0,26665386405,408946970945095,1783444556863670736
3,26903666409,408946978487977,1783444556871213650
2,26983666409,408946994435480,1783444556887161121
0,26698719738,408947003047135,1783444556895772776
1,26066666406,408947003088990,1783444556895814599
3,26936999742,408947010542915,1783444556903268588
2,27016999742,408947026468402,1783444556919194107
0,26732053071,408947035119224,1783444556927844897
1,26099999739,408947035127480,1783444556927853153
3,26970333075,408947042570909,1783444556935296582
2,27050333075,408947058468781,1783444556951194422
1,26133333072,408947067071797,1783444556959797470
0,26765386404,408947067079380,1783444556959805085
3,27003666408,408947074603287,1783444556967328992
2,27083666408,408947090515399,1783444556983241072
1,26166666405,408947099109231,1783444556991834904
0,26798719737,408947099126446,1783444556991852119
3,27036999741,408947106604562,1783444556999330171
2,27116999741,408947122518337,1783444557015243978
1,26199999738,408947131044778,1783444557023770387
0,26832053070,408947131065002,1783444557023790643
3,27070333074,408947138631051,1783444557031356724
2,27150333074,408947154554970,1783444557047280707
1,26233333071,408947163196160,1783444557055921833
0,26865386403,408947163207616,1783444557055933289
3,27103666407,408947170644965,1783444557063370638
2,27183666407,408947186571315,1783444557079296956
1,26266666404,408947195079741,1783444557087805382
0,26898719736,408947195089085,1783444557087814694
3,27136999740,408947202664318,1783444557095389959
2,27216999740,408947218593965,1783444557111319702
0,26932053069,408947227189108,1783444557119914813
1,26299999737,408947227195124,1783444557119920797
3,27170333073,408947234668472,1783444557127394113
2,27250333073,408947250661669,1783444557143387374
1,26333333070,408947259210349,1783444557151935958
0,26965386402,408947259222445,1783444557151948086
3,27203666406,408947266722640,1783444557159448249
2,27283666406,408947282687678,1783444557175413383
0,26998719735,408947291275013,1783444557184000622
1,26366666403,408947291279301,1783444557184004910
3,27236999739,408947298718410,1783444557191444019
2,27316999739,408947314693975,1783444557207419584
1,26399999736,408947323268735,1783444557215994408
0,27032053068,408947323284639,1783444557216010312
3,27270333072,408947330742403,1783444557223468044
3,27303666405,408947362887033,1783444557255612674
3,27336999738,408947394820340,1783444557287546077
2,27350333072,408947410823617,1783444557303549226
1,26433333069,408947419451208,1783444557312176913
0,27065386401,408947419455528,1783444557312181201
3,27370333071,408947426826670,1783444557319552311
2,27383666405,408947442817883,1783444557335543588
0,27098719734,408947451459137,1783444557344184874
1,26466666402,408947451471201,1783444557344196874
3,27403666404,408947458876294,1783444557351601967
2,27416999738,408947474860212,1783444557367585885
1,26499999735,408947483444123,1783444557376169732
0,27132053067,408947483459643,1783444557376185220
3,27436999737,408947490883488,1783444557383609097
2,27450333071,408947506882925,1783444557399608566
1,26533333068,408947515447861,1783444557408173502
0,27165386400,408947515454293,1783444557408179934
3,27470333070,408947522904985,1783444557415630882
2,27483666404,408947539089409,1783444557431815018
0,27198719733,408947547633738,1783444557440359379
1,26566666401,408947547641226,1783444557440366835
3,27503666403,408947554949394,1783444557447675259
2,27516999737,408947570939039,1783444557463664680
1,26599999734,408947579500423,1783444557472226032
0,27232053066,408947579518535,1783444557472244176
3,27536999736,408947586962539,1783444557479688180
2,27550333070,408947603140372,1783444557495866045
1,26633333067,408947611897527,1783444557504623232
0,27265386399,408947611900887,1783444557504626592
3,27570333069,408947619051875,1783444557511777580
2,27583666403,408947634956050,1783444557527681659
1,26666666400,408947643557561,1783444557536283202
0,27298719732,408947643558393,1783444557536284034
3,27603666402,408947651041213,1783444557543766854
2,27616999736,408947667036586,1783444557559762259
0,27332053065,408947675850892,1783444557568576533
1,26699999733,408947675852556,1783444557568578165
3,27636999735,408947683087029,1783444557575812734
2,27650333069,408947699006308,1783444557591731917
0,27365386398,408947707614667,1783444557600340340
1,26733333066,408947707627211,1783444557600352884
3,27670333068,408947715110126,1783444557607835735
2,27683666402,408947731025597,1783444557623751270
1,26766666399,408947739607333,1783444557632333006
0,27398719731,408947739610629,1783444557632336302
3,27703666401,408947747128200,1783444557639853809
2,27716999735,408947763077686,1783444557655803391
0,27432053064,408947771727292,1783444557664452965
1,26799999732,408947771737372,1783444557664463077
3,27736999734,408947779169376,1783444557671895049
2,27750333068,408947795095535,1783444557687821112
1,26833333065,408947803671383,1783444557696397056
0,27465386397,408947803675511,1783444557696401280
3,27770333067,408947811232888,1783444557703959009
2,27783666401,408947827139784,1783444557719865457
0,27498719730,408947835663089,1783444557728388730
1,26866666398,408947835674097,1783444557728399738
3,27803666400,408947843223218,1783444557735948827
2,27816999734,408947859134754,1783444557751860363
0,27532053063,408947867693066,1783444557760418707
1,26899999731,408947867705802,1783444557760431443
3,27836999733,408947875239052,1783444557767964661
2,27850333067,408947891161915,1783444557783887556
0,27565386396,408947899786817,1783444557792512490
1,26933333064,408947899795585,1783444557792521290
3,27870333066,408947907293028,1783444557800018701
2,27883666400,408947923222579,1783444557815948284
0,27598719729,408947931769979,1783444557824495588
1,26966666397,408947931818554,1783444557824544195
3,27903666399,408947939307966,1783444557832033575
2,27916999733,408947955251468,1783444557847977205
0,27632053062,408947963869075,1783444557856594716
1,26999999730,408947963870323,1783444557856595964
3,27936999732,408947971298072,1783444557864023713
2,27950333066,408947987235142,1783444557879961103
0,27665386395,408947995751983,1783444557888477592
1,27033333063,408947995754639,1783444557888480280
3,27970333065,408948003314961,1783444557896040602
2,27983666399,408948019647253,1783444557912373182
1,27066666396,408948028492086,1783444557921217727
0,27698719728,408948028503894,1783444557921229503
3,28003666398,408948035362825,1783444557928088434
2,28016999732,408948051329175,1783444557944054880
1,27099999729,408948059967901,1783444557952693542
0,27732053061,408948059969565,1783444557952695206
3,28036999731,408948067386818,1783444557960112523
2,28050333065,408948083345712,1783444557976071353
0,27765386394,408948091926264,1783444557984651937
1,27133333062,408948091935864,1783444557984661569
3,28070333064,408948099409244,1783444557992134949
2,28083666398,408948115368425,1783444558008094098
1,27166666395,408948123979888,1783444558016705529
0,27798719727,408948123988752,1783444558016714425
3,28103666397,408948131423668,1783444558024149277
2,28116999731,408948147398081,1783444558040123786
1,27199999728,408948156089926,1783444558048815599
0,27832053060,408948156094982,1783444558048820687
3,28136999730,408948163461132,1783444558056186805
2,28150333064,408948179422841,1783444558072148482
0,27865386393,408948188122686,1783444558080848391
1,27233333061,408948188134461,1783444558080860134
3,28170333063,408948195488644,1783444558088214253
2,28183666397,408948211451025,1783444558104176698
0,27898719726,408948220039096,1783444558112764737
1,27266666394,408948220040344,1783444558112765985
3,28203666396,408948227492380,1783444558120218053
2,28216999730,408948243558343,1783444558136284016
0,27932053059,408948252201645,1783444558144927350
1,27299999727,408948252210380,1783444558144936085
3,28236999729,408948259528436,1783444558152254077
2,28250333063,408948275521664,1783444558168247305
0,27965386392,408948284157350,1783444558176883023
1,27333333060,408948284171942,1783444558176897647
3,28270333062,408948291569547,1783444558184295188
2,28283666396,408948307511481,1783444558200237090
1,27366666393,408948316027906,1783444558208753515
0,27998719725,408948316029314,1783444558208754923
3,28303666395,408948323573252,1783444558216298893
2,28316999729,408948339555440,1783444558232281145
1,27399999726,408948348093113,1783444558240818722
0,28032053058,408948348095289,1783444558240820898
3,28336999728,408948355671770,1783444558248397443
2,28350333062,408948371603336,1783444558264328977
1,27433333059,408948380278637,1783444558273004310
0,28065386391,408948380286092,1783444558273011765
3,28370333061,408948387682322,1783444558280408027
2,28383666395,408948403612480,1783444558296338217
0,28098719724,408948412295781,1783444558305021390
1,27466666392,408948412296005,1783444558305021614
3,28403666394,408948419662667,1783444558312388340
2,28416999728,408948435617016,1783444558328342625
0,28132053057,408948444247614,1783444558336973287
1,27499999725,408948444250110,1783444558336975783
3,28436999727,408948451723778,1783444558344449483
2,28450333061,408948467622545,1783444558360348186
1,27533333058,408948476239799,1783444558368965408
0,28165386390,408948476240215,1783444558368965824
3,28470333060,408948483740666,1783444558376466307
2,28483666394,408948499648840,1783444558392374513
0,28198719723,408948508179345,1783444558400904986
1,27566666391,408948508181169,1783444558400906810
3,28503666393,408948515733715,1783444558408459356
2,28516999727,408948531682880,1783444558424408521
1,27599999724,408948540246600,1783444558432972241
0,28232053056,408948540253704,1783444558432979313
3,28536999726,408948547773226,1783444558440498835
2,28550333060,408948563743735,1783444558456469472
0,28265386389,408948572366333,1783444558465091974
1,27633333057,408948572371389,1783444558465097062
3,28570333059,408948579849409,1783444558472575050
2,28583666393,408948595886732,1783444558488612437
0,28298719722,408948604775564,1783444558497501173
1,27666666390,408948604780140,1783444558497505749
3,28603666392,408948611884472,1783444558504610177
2,28616999726,408948627789191,1783444558520514832
1,27699999723,408948636481036,1783444558529206645
0,28332053055,408948636689254,1783444558529414863
3,28636999725,408948643943695,1783444558536669336
2,28650333059,408948659825183,1783444558552550920
0,28365386388,408948668431333,1783444558561156974
1,27733333056,408948668447557,1783444558561173198
3,28670333058,408948675936328,1783444558568662033
2,28683666392,408948691820279,1783444558584545920
1,27766666389,408948700315745,1783444558593041354
0,28398719721,408948700325569,1783444558593051178
3,28703666391,408948707986751,1783444558600712456
2,28716999725,408948723844271,1783444558616569912
1,27799999722,408948732386680,1783444558625112289
0,28432053054,408948732390519,1783444558625116160
3,28736999724,408948739944985,1783444558632670594
2,28750333058,408948755891750,1783444558648617711
1,27833333055,408948764403344,1783444558657128985
0,28465386387,408948764404272,1783444558657129913
3,28770333057,408948771985456,1783444558664711161
2,28783666391,408948787920606,1783444558680646343
1,27866666388,408948796489254,1783444558689214863
0,28498719720,408948796489446,1783444558689215087
3,28803666390,408948803997225,1783444558696722834
2,28816999724,408948819940182,1783444558712665887
1,27899999721,408948828643771,1783444558721369444
0,28532053053,408948828650170,1783444558721375875
3,28836999723,408948836062911,1783444558728788616
2,28850333057,408948851979502,1783444558744705111
0,28565386386,408948860556053,1783444558753281630
1,27933333054,408948860555989,1783444558753281630
3,28870333056,408948868094839,1783444558760820512
2,28883666390,408948884031717,1783444558776757358
1,27966666387,408948892646572,1783444558785372245
0,28598719719,408948892649387,1783444558785375092
3,28903666389,408948900157966,1783444558792883575
2,28916999723,408948916027390,1783444558808752999
1,27999999720,408948924629924,1783444558817355533
0,28632053052,408948924630084,1783444558817355693
3,28936999722,408948932070313,1783444558824795922
2,28950333056,408948948092020,1783444558840817597
0,28665386385,408948956636701,1783444558849362310
1,28033333053,408948956644349,1783444558849369958
2,28983666389,408948980116556,1783444558872842197
1,28066666386,408948988873903,1783444558881599576
0,28698719718,408948988898671,1783444558881624376
2,29016999722,408949012123557,1783444558904849294
0,28732053051,408949020761675,1783444558913487380
1,28099999719,408949020770058,1783444558913495763
3,28970333055,408949028192879,1783444558920918488
2,29050333055,408949044150140,1783444558936875749
1,28133333052,408949052697477,1783444558945423118
0,28765386384,408949052707141,1783444558945432782
3,29003666388,408949060388547,1783444558953114284
2,29083666388,408949076218675,1783444558968944284
0,28798719717,408949084849401,1783444558977575106
1,28166666385,408949084858745,1783444558977584450
3,29036999721,408949092376540,1783444558985102181
2,29116999721,408949108209964,1783444559000935605
0,28832053050,408949116821363,1783444559009546972
1,28199999718,408949116823474,1783444559009549115
3,29070333054,408949124275446,1783444559017001087
2,29150333054,408949140318177,1783444559033043818
0,28865386383,408949148956006,1783444559041681583
1,28233333051,408949148966150,1783444559041691791
3,29103666387,408949156329292,1783444559049054997
2,29183666387,408949172333368,1783444559065059041
0,28898719716,408949181087610,1783444559073813315
1,28266666384,408949181087610,1783444559073813315
3,29136999720,408949188369186,1783444559081094923
2,29216999720,408949204256785,1783444559096982394
1,28299999717,408949212898742,1783444559105624447
0,28932053049,408949212899126,1783444559105624831
3,29170333053,408949220361050,1783444559113086787
2,29250333053,408949236310855,1783444559129036496
0,28965386382,408949244953612,1783444559137679253
1,28333333050,408949244953644,1783444559137679285
3,29203666386,408949252378001,1783444559145103610
2,29283666386,408949268352861,1783444559161078502
1,28366666383,408949277020258,1783444559169745899
0,28998719715,408949277061473,1783444559169787114
3,29236999719,408949284416615,1783444559177142224
2,29316999719,408949300352244,1783444559193077885
0,29032053048,408949308994042,1783444559201719683
1,28399999716,408949309058168,1783444559201783841
3,29270333052,408949316434206,1783444559209159847
2,29350333052,408949332381899,1783444559225107540
1,28433333049,408949340998961,1783444559233724570
0,29065386381,408949341001009,1783444559233726650
3,29303666385,408949348470420,1783444559241196061
2,29383666385,408949364422689,1783444559257148298
0,29098719714,408949373093062,1783444559265818703
1,28466666382,408949373096326,1783444559265821935
3,29336999718,408949380494923,1783444559273220564
2,29416999718,408949396443512,1783444559289169121
0,29132053047,408949405121885,1783444559297847526
1,28499999715,408949405289272,1783444559298014945
3,29370333051,408949412543169,1783444559305268810
2,29450333051,408949428468143,1783444559321193752
0,29165386380,408949437141427,1783444559329867036
1,28533333048,408949437300015,1783444559330025624
3,29403666384,408949444564088,1783444559337289729
2,29483666384,408949460486629,1783444559353212270
0,29198719713,408949469121323,1783444559361846964
1,28566666381,408949469121835,1783444559361847444
3,29436999717,408949476592142,1783444559369317751
2,29516999717,408949492609274,1783444559385334947
0,29232053046,408949501170241,1783444559393895850
1,28599999714,408949501178433,1783444559393904074
3,29470333050,408949508624805,1783444559401350446
2,29550333050,408949524540307,1783444559417265948
1,28633333047,408949533139993,1783444559425865634
0,29265386379,408949533140793,1783444559425866402
3,29503666383,408949540632348,1783444559433357989
2,29583666383,408949556552714,1783444559449278355
0,29298719712,408949565187663,1783444559457913272
1,28666666380,408949565231758,1783444559457957399
3,29536999716,408949572678674,1783444559465404315
3,29570333049,408949604703817,1783444559497429458
3,29603666382,408949636735647,1783444559529461288
2,29616999716,408949652662989,1783444559545388630
1,28699999713,408949661328850,1783444559554054459
0,29332053045,408949661328818,1783444559554054427
3,29636999715,408949668742678,1783444559561468287
2,29650333049,408949684703235,1783444559577428876
0,29365386378,408949693322249,1783444559586047890
1,28733333046,408949693372520,1783444559586098161
3,29670333048,408949700768557,1783444559593494198
2,29683666382,408949716698778,1783444559609424355
1,28766666379,408949725354592,1783444559618080233
0,29398719711,408949725356192,1783444559618081833
3,29703666381,408949732776484,1783444559625502125
2,29716999715,408949748726801,1783444559641452410
1,28799999712,408949757355895,1783444559650081504
0,29432053044,408949757359959,1783444559650085568
3,29736999714,408949764811738,1783444559657537379
2,29750333048,408949780778599,1783444559673504240
0,29465386377,408949789386637,1783444559682112278
1,28833333045,408949789387469,1783444559682113110
3,29770333047,408949796840945,1783444559689566554
2,29783666381,408949812807358,1783444559705532967
0,29498719710,408949821432516,1783444559714158157
1,28866666378,408949821440931,1783444559714166572
3,29803666380,408949828865192,1783444559721590833
2,29816999714,408949844804533,1783444559737530174
1,28899999711,408949853415419,1783444559746141028
0,29532053043,408949853418651,1783444559746144260
3,29836999713,408949860882975,1783444559753608616
2,29850333047,408949876864619,1783444559769590228
1,28933333044,408949885460529,1783444559778186138
0,29565386376,408949885460497,1783444559778186106
3,29870333046,408949892901365,1783444559785626974
2,29883666380,408949908898977,1783444559801624618
0,29598719709,408949917516199,1783444559810241840
1,28966666377,408949917517735,1783444559810243376
3,29903666379,408949924950891,1783444559817676532
2,29916999713,408949940925272,1783444559833650913
0,29632053042,408949949842774,1783444559842568383
1,28999999710,408949949842806,1783444559842568447
3,29936999712,408949956964162,1783444559849689803
2,29950333046,408949972917839,1783444559865643448
1,29033333043,408949981547733,1783444559874273342
0,29665386375,408949981555413,1783444559874281054
3,29970333045,408949989020248,1783444559881745985
2,29983666379,408950004990885,1783444559897716526
1,29066666376,408950013659210,1783444559906384915
0,29698719708,408950013661386,1783444559906387059
3,30003666378,408950021029615,1783444559913755320
2,30016999712,408950036996252,1783444559929721861
1,29099999709,408950045651489,1783444559938377098
0,29732053041,408950045651297,1783444559938376938
3,30036999711,408950053048230,1783444559945773871
2,30050333045,408950069010227,1783444559961735836
1,29133333042,408950077642201,1783444559970367842
0,29765386374,408950077642297,1783444559970367906
3,30070333044,408950085072765,1783444559977798374
2,30083666378,408950101006058,1783444559993731667
0,29798719707,408950109638992,1783444560002364601
1,29166666375,408950109641136,1783444560002366809
3,30103666377,408950117104979,1783444560009830588
2,30116999711,408950133040864,1783444560025766505
1,29199999708,408950141631654,1783444560034357295
0,29832053040,408950141631782,1783444560034357423
3,30136999710,408950149138856,1783444560041864465
2,30150333044,408950165056789,1783444560057782430
0,29865386373,408950173642172,1783444560066367813
1,29233333041,408950173648156,1783444560066373765
3,30170333043,408950181173374,1783444560073898983
2,30183666377,408950197106378,1783444560089832019
0,29898719706,408950205811822,1783444560098537399
1,29266666374,408950205812174,1783444560098537815
3,30203666376,408950213199603,1783444560105925244
2,30216999710,408950229126144,1783444560121851753
0,29932053039,408950237746790,1783444560130472367
1,29299999707,408950237746822,1783444560130472463
3,30236999709,408950245220456,1783444560137946097
2,30250333043,408950261159253,1783444560153884894
0,29965386372,408950269821978,1783444560162547619
1,29333333040,408950269822266,1783444560162547907
3,30270333042,408950277251390,1783444560169976999
2,30283666376,408950293192938,1783444560185918579
0,29998719705,408950301803760,1783444560194529369
1,29366666373,408950301807696,1783444560194533337
3,30303666375,408950309286803,1783444560202012444
2,30316999709,408950325208384,1783444560217934025
1,29399999706,408950333830854,1783444560226556495
0,30032053038,408950333830886,1783444560226556495
3,30336999708,408950341296905,1783444560234022514
2,30350333042,408950357238581,1783444560249964158
0,30065386371,408950365850427,1783444560258576068
1,29433333039,408950365851899,1783444560258577508
3,30370333041,408950373326782,1783444560266052423
2,30383666375,408950389273067,1783444560281998708
0,30098719704,408950397938927,1783444560290664536
1,29466666372,408950397939759,1783444560290665368
3,30403666374,408950405349300,1783444560298074909
2,30416999708,408950421295232,1783444560314020841
0,30132053037,408950429924710,1783444560322650351
1,29499999705,408950429925670,1783444560322651279
3,30436999707,408950437366473,1783444560330092114
2,30450333041,408950453413747,1783444560346139452
1,29533333038,408950462198261,1783444560354923934
0,30165386370,408950462199541,1783444560354925214
3,30470333040,408950469367967,1783444560362093608
2,30483666374,408950485357707,1783444560378083316
0,30198719703,408950494018735,1783444560386744344
1,29566666371,408950494018959,1783444560386744600
3,30503666373,408950501407924,1783444560394133533
2,30516999707,408950517359777,1783444560410085418
0,30232053036,408950525953223,1783444560418678864
1,29599999704,408950525955367,1783444560418680976
3,30536999706,408950533455977,1783444560426181618
2,30550333040,408950549405270,1783444560442130879
1,29633333037,408950558052411,1783444560450778052
0,30265386369,408950558053179,1783444560450778788
3,30570333039,408950565481951,1783444560458207592
2,30583666373,408950581470730,1783444560474196403
0,30298719702,408950590323114,1783444560483048787
1,29666666370,408950590324970,1783444560483050611
3,30603666372,408950597550099,1783444560490275740
2,30616999706,408950613486176,1783444560506211849
0,30332053035,408950622308768,1783444560515034441
1,29699999703,408950622310400,1783444560515036041
3,30636999705,408950629552457,1783444560522278066
2,30650333039,408950645504085,1783444560538229694
1,29733333036,408950654547376,1783444560547272985
0,30365386368,408950654613871,1783444560547339512
3,30670333038,408950661587326,1783444560554312935
2,30683666372,408950677502347,1783444560570227988
0,30398719701,408950686140497,1783444560578866202
1,29766666369,408950686150769,1783444560578876442
3,30703666371,408950693623443,1783444560586349052
2,30716999705,408950709526145,1783444560602251850
1,29799999702,408950718089416,1783444560610815057
0,30432053034,408950718090632,1783444560610816241
3,30736999704,408950725605098,1783444560618330707
2,30750333038,408950741557654,1783444560634283295
0,30465386367,408950750148029,1783444560642873734
1,29833333035,408950750162140,1783444560642887845
3,30770333037,408950757627551,1783444560650353160
2,30783666371,408950773564268,1783444560666289909
0,30498719700,408950782145619,1783444560674871292
1,29866666368,408950782208913,1783444560674934618
3,30803666370,408950789668629,1783444560682394270
2,30816999704,408950805677567,1783444560698403208
0,30532053033,408950814240743,1783444560706966384
1,29899999701,408950814250310,1783444560706975919
3,30836999703,408950821695690,1783444560714421299
2,30850333037,408950837624119,1783444560730349760
0,30565386366,408950846215421,1783444560738941062
1,29933333034,408950846222109,1783444560738947750
3,30870333036,408950853706944,1783444560746432585
2,30883666370,408950869661900,1783444560762387509
0,30598719699,408950878343792,1783444560771069497
1,29966666367,408950878379407,1783444560771105112
3,30903666369,408950885747285,1783444560778472926
2,30916999703,408950901691425,1783444560794417034
1,29999999700,408950910344070,1783444560803069743
0,30632053032,408950910365062,1783444560803090767
3,30936999702,408950917770762,1783444560810496371
2,30950333036,408950933720983,1783444560826446592
0,30665386365,408950942344060,1783444560835069701
1,30033333033,408950942388059,1783444560835113668
3,30970333035,408950949808799,1783444560842534408
2,30983666369,408950965792459,1783444560858518196
0,30698719698,408950974511086,1783444560867236695
1,30066666366,408950974511118,1783444560867236759
3,31003666368,408950981831925,1783444560874557534
2,31016999702,408950997774113,1783444560890499818
0,30732053031,408951006432166,1783444560899157839
1,30099999699,408951006444870,1783444560899170543
3,31036999701,408951013849738,1783444560906575347
2,31050333035,408951029777815,1783444560922503424
0,30765386364,408951038347262,1783444560931072967
1,30133333032,408951038364990,1783444560931090663
3,31070333034,408951045911295,1783444560938636936
2,31083666368,408951061825324,1783444560954550965
0,30798719697,408951070417683,1783444560963143324
1,30166666365,408951070418451,1783444560963144060
3,31103666367,408951077908309,1783444560970634174
2,31116999701,408951093843874,1783444560986569483
0,30832053030,408951102557669,1783444560995283342
1,30199999698,408951102558213,1783444560995283918
3,31136999700,408951109931275,1783444561002656884
2,31150333034,408951125866519,1783444561018592160
0,30865386363,408951134481180,1783444561027206853
1,30233333031,408951134492380,1783444561027218053
3,31170333033,408951141963359,1783444561034688968
2,31183666367,408951157905675,1783444561050631316
0,30898719696,408951166474385,1783444561059200026
1,30266666364,408951166476625,1783444561059202266
3,31203666366,408951173992755,1783444561066718364
2,31216999700,408951189980894,1783444561082706567
1,30299999697,408951198642754,1783444561091368363
0,30932053029,408951198644194,1783444561091369835
2,31250333033,408951221955859,1783444561114681468
0,30965386362,408951230590648,1783444561123316353
1,30333333030,408951230596184,1783444561123321857
2,31283666366,408951254023590,1783444561146749231
1,30366666363,408951262757961,1783444561155483634
0,30998719695,408951262759881,1783444561155485554
3,31236999699,408951270078959,1783444561162804568
2,31316999699,408951286025051,1783444561178750692
0,31032053028,408951294634593,1783444561187360234
1,30399999696,408951294634625,1783444561187360234
3,31270333032,408951302084260,1783444561194809901
2,31350333032,408951318017264,1783444561210742905
0,31065386361,408951326645237,1783444561219370942
1,30433333029,408951326664533,1783444561219390238
3,31303666365,408951334100249,1783444561226825858
2,31383666365,408951350049380,1783444561242775021
1,30466666362,408951358710217,1783444561251435890
0,31098719694,408951358727624,1783444561251453329
3,31336999698,408951366131469,1783444561258857078
2,31416999698,408951382118359,1783444561274843968
1,30499999695,408951390728477,1783444561283454086
0,31132053027,408951390729181,1783444561283454790
3,31370333031,408951398180576,1783444561290906185
2,31450333031,408951414151947,1783444561306877588
1,30533333028,408951422793424,1783444561315519033
0,31165386360,408951422794704,1783444561315520313
3,31403666364,408951430195477,1783444561322921118
2,31483666364,408951446154912,1783444561338880521
0,31198719693,408951454867555,1783444561347593260
1,30566666361,408951454868579,1783444561347594252
3,31436999697,408951462222537,1783444561354948178
2,31516999697,408951478167669,1783444561370893278
1,30599999694,408951486801018,1783444561379526723
0,31232053026,408951486802010,1783444561379527715
3,31470333030,408951494249757,1783444561386975462
2,31550333030,408951510201641,1783444561402927250
0,31265386359,408951518804239,1783444561411529848
1,30633333027,408951518808143,1783444561411533752
3,31503666363,408951526279185,1783444561419004826
2,31583666363,408951542230909,1783444561434956518
0,31298719692,408951550885793,1783444561443611402
1,30666666360,408951550886689,1783444561443612330
3,31536999696,408951558298342,1783444561451024015
2,31616999696,408951574266033,1783444561466991642
0,31332053025,408951582912950,1783444561475638655
1,30699999693,408951582916502,1783444561475642175
3,31570333029,408951590335673,1783444561483061282
2,31650333029,408951606291941,1783444561499017582
0,31365386358,408951615001096,1783444561507726801
1,30733333026,408951615002536,1783444561507728209
3,31603666362,408951622361998,1783444561515087607
2,31683666362,408951638308185,1783444561531033826
0,31398719691,408951646990909,1783444561539716486
1,30766666359,408951646991325,1783444561539716934
3,31636999695,408951654386402,1783444561547112043
2,31716999695,408951670326990,1783444561563052631
0,31432053024,408951678971987,1783444561571697628
1,30799999692,408951678973363,1783444561571698972
3,31670333028,408951686395095,1783444561579120672
2,31750333028,408951702347202,1783444561595072843
0,31465386357,408951710999687,1783444561603725360
1,30833333025,408951711015495,1783444561603741200
3,31703666361,408951718467082,1783444561611192723
2,31783666361,408951734378294,1783444561627103903
0,31498719690,408951743007484,1783444561635733189
1,30866666358,408951743012251,1783444561635737924
3,31736999694,408951750448671,1783444561643174280
2,31816999694,408951766397195,1783444561659122836
0,31532053023,408951774961842,1783444561667687483
1,30899999691,408951774967793,1783444561667693434
3,31770333027,408951782521170,1783444561675246779
2,31850333027,408951798427327,1783444561691152936
0,31565386356,408951807052964,1783444561699778669
1,30933333024,408951807056676,1783444561699782285
3,31803666360,408951814527623,1783444561707253232
3,31836999693,408951846537723,1783444561739263332
3,31870333026,408951878589551,1783444561771315192
2,31883666360,408951894533339,1783444561787258980
1,30966666357,408951903134369,1783444561795860010
0,31598719689,408951903135297,1783444561795860938
3,31903666359,408951910618819,1783444561803344460
2,31916999693,408951926557391,1783444561819283224
0,31632053022,408951935190132,1783444561827915773
1,30999999690,408951935191796,1783444561827917405
3,31936999692,408951942656023,1783444561835381664
2,31950333026,408951958576995,1783444561851302636
1,31033333023,408951967214952,1783444561859940593
0,31665386355,408951967216872,1783444561859942481
3,31970333025,408951974651084,1783444561867376725
2,31983666359,408951990601496,1783444561883327137
1,31066666356,408951999204830,1783444561891930439
0,31698719688,408951999206845,1783444561891932550
3,32003666358,408952006669504,1783444561899395145
2,32016999692,408952022627372,1783444561915352981
1,31099999689,408952031224882,1783444561923950491
0,31732053021,408952031238066,1783444561923963771
3,32036999691,408952038699828,1783444561931425437
2,32050333025,408952054651264,1783444561947376873
0,31765386354,408952063282533,1783444561956008174
1,31133333022,408952063298085,1783444561956023726
3,32070333024,408952070731560,1783444561963457169
2,32083666358,408952086680916,1783444561979406557
0,31798719687,408952095297114,1783444561988022691
1,31166666355,408952095296986,1783444561988022595
3,32103666357,408952102742365,1783444561995467974
2,32116999691,408952118707976,1783444562011433617
1,31199999688,408952127304558,1783444562020030199
0,31832053020,408952127316014,1783444562020041687
3,32136999690,408952134773584,1783444562027499193
2,32150333024,408952150729947,1783444562043455556
0,31865386353,408952159308897,1783444562052034602
1,31233333021,408952159313729,1783444562052039338
3,32170333023,408952166815619,1783444562059541260
2,32183666357,408952182766702,1783444562075492311
0,31898719686,408952191381843,1783444562084107452
1,31266666354,408952191383763,1783444562084109404
3,32203666356,408952198843734,1783444562091569375
2,32216999690,408952214782401,1783444562107508042
1,31299999687,408952223455013,1783444562116180654
0,31932053019,408952223456965,1783444562116182638
3,32236999689,408952230856297,1783444562123581874
2,32250333023,408952246809940,1783444562139535581
1,31333333020,408952255432601,1783444562148158210
0,31965386352,408952255438617,1783444562148164322
3,32270333022,408952262894492,1783444562155620293
2,32283666356,408952278857703,1783444562171583312
0,31998719685,408952287453324,1783444562180178901
1,31366666353,408952287459116,1783444562180184757
3,32303666355,408952294918319,1783444562187643928
2,32316999689,408952310861530,1783444562203587139
1,31399999686,408952319475327,1783444562212200968
0,32032053018,408952319482111,1783444562212207784
3,32336999688,408952326936258,1783444562219661899
2,32350333022,408952342886253,1783444562235611894
0,32065386351,408952351525842,1783444562244251547
1,31433333019,408952351529298,1783444562244254907
3,32370333021,408952358973493,1783444562251699134
2,32383666355,408952374989502,1783444562267715143
0,32098719684,408952383545605,1783444562276271246
1,31466666352,408952383558501,1783444562276284142
3,32403666354,408952391006152,1783444562283731793
2,32416999688,408952407040881,1783444562299766490
0,32132053017,408952415686261,1783444562308411870
1,31499999685,408952415686293,1783444562308411902
3,32436999687,408952423038010,1783444562315763619
2,32450333021,408952438999045,1783444562331724686
1,31533333018,408952447606155,1783444562340331796
0,32165386350,408952447606155,1783444562340331764
3,32470333020,408952455076045,1783444562347801654
2,32483666354,408952471008601,1783444562363734210
0,32198719683,408952479630238,1783444562372355879
1,31566666351,408952479630270,1783444562372355911
3,32503666353,408952487086881,1783444562379812522
2,32516999687,408952503015852,1783444562395741493
0,32232053016,408952511576595,1783444562404302236
1,31599999684,408952511593266,1783444562404318907
3,32536999686,408952519180178,1783444562411905819
2,32550333020,408952535047999,1783444562427773576
1,31633333017,408952543676516,1783444562436402189
0,32265386349,408952543681860,1783444562436407565
3,32570333019,408952551131047,1783444562443856656
2,32583666353,408952567081778,1783444562459807387
0,32298719682,408952575680120,1783444562468405825
1,31666666350,408952575685175,1783444562468410848
3,32603666352,408952583188537,1783444562475914146
2,32616999686,408952599227746,1783444562491953387
0,32332053015,408952607885158,1783444562500610767
1,31699999683,408952607885478,1783444562500611119
3,32636999685,408952615194828,1783444562507920469
2,32650333019,408952631238997,1783444562523964638
1,31733333016,408952639892569,1783444562532618242
0,32365386348,408952639909689,1783444562532635362
3,32670333018,408952647221887,1783444562539947496
2,32683666352,408952663171371,1783444562555897012
1,31766666349,408952671838447,1783444562564564120
0,32398719681,408952671842638,1783444562564568311
3,32703666351,408952679240115,1783444562571965724
2,32716999685,408952695183070,1783444562587908679
0,32432053014,408952703723429,1783444562596449070
1,31799999682,408952703727525,1783444562596453166
3,32736999684,408952711259078,1783444562603984687
2,32750333018,408952727208305,1783444562619933946
0,32465386347,408952735802839,1783444562628528448
1,31833333015,408952735803799,1783444562628529408
3,32770333017,408952743283097,1783444562636008738
2,32783666351,408952759233060,1783444562651958701
0,32498719680,408952767962982,1783444562660688655
1,31866666348,408952767965894,1783444562660691567
3,32803666350,408952775322348,1783444562668047988
2,32816999684,408952791276790,1783444562684002399
1,31899999681,408952799935195,1783444562692660868
0,32532053013,408952799941115,1783444562692666788
3,32836999683,408952807337951,1783444562700063560
2,32850333017,408952823322249,1783444562716047858
0,32565386346,408952831915311,1783444562724640952
1,31933333014,408952831916399,1783444562724642008
3,32870333016,408952839380593,1783444562732106202
2,32883666350,408952855338012,1783444562748063653
0,32598719679,408952863985089,1783444562756710762
1,31966666347,408952863997504,1783444562756723177
3,32903666349,408952871505538,1783444562764231147
2,32916999683,408952887347920,1783444562780073529
0,32632053012,408952895972917,1783444562788698622
1,31999999680,408952895976021,1783444562788701694
3,32936999682,408952903411736,1783444562796137377
2,32950333016,408952919381698,1783444562812107307
0,32665386345,408952928038503,1783444562820764112
1,32033333013,408952928039303,1783444562820764944
3,32970333015,408952935461578,1783444562828187219
2,32983666349,408952951405462,1783444562844131103
0,32698719678,408952959989052,1783444562852714693
1,32066666346,408952959989980,1783444562852715589
3,33003666348,408952967468990,1783444562860194631
2,33016999682,408952983423081,1783444562876148690
0,32732053011,408952992119980,1783444562884845685
1,32099999679,408952992125484,1783444562884851157
3,33036999681,408952999500305,1783444562892225914
2,33050333015,408953015448252,1783444562908173893
1,32133333012,408953024064161,1783444562916789834
0,32765386344,408953024064129,1783444562916789834
3,33070333014,408953031519684,1783444562924245325
2,33083666348,408953047484366,1783444562940210007
1,32166666345,408953056088948,1783444562948814525
0,32798719677,408953056093556,1783444562948819165
3,33103666347,408953063565078,1783444562956290687
2,33116999681,408953079527873,1783444562972253482
1,32199999678,408953088309794,1783444562981035467
0,32832053010,408953088314274,1783444562981039947
3,33136999680,408953095590729,1783444562988316370
2,33150333014,408953111557364,1783444563004283005
0,32865386343,408953120307126,1783444563013032799
1,32233333011,408953120307190,1783444563013032895
3,33170333013,408953127607836,1783444563020333477
2,33183666347,408953143573734,1783444563036299375
1,32266666344,408953152151948,1783444563044877589
0,32898719676,408953152151980,1783444563044877621
3,33203666346,408953159627726,1783444563052353367
2,33216999680,408953175575864,1783444563068301505
1,32299999677,408953184168510,1783444563076894151
0,32932053009,408953184168766,1783444563076894375
3,33236999679,408953191655136,1783444563084380745
2,33250333013,408953207644329,1783444563100370002
0,32965386342,408953216357036,1783444563109082677
1,32333333010,408953216357932,1783444563109083573
3,33270333012,408953223711953,1783444563116437658
2,33283666346,408953239681083,1783444563132406756
1,32366666343,408953248325311,1783444563141050952
0,32998719675,408953248325887,1783444563141051528
3,33303666345,408953255731491,1783444563148457132
2,33316999679,408953271685069,1783444563164410966
0,33032053008,408953280412463,1783444563173138072
1,32399999676,408953280412975,1783444563173138584
3,33336999678,408953287768212,1783444563180493917
2,33350333012,408953303657216,1783444563196382825
1,32433333009,408953312275877,1783444563205001550
0,33065386341,408953312326692,1783444563205052365
3,33370333011,408953319764839,1783444563212490448
2,33383666345,408953335674962,1783444563228400571
0,33098719674,408953344154811,1783444563236880452
1,32466666342,408953344157018,1783444563236882659
3,33403666344,408953351805304,1783444563244530945
2,33416999678,408953367770530,1783444563260496203
0,33132053007,408953376505796,1783444563269231405
1,32499999675,408953376508260,1783444563269233869
3,33436999677,408953383826186,1783444563276551795
2,33450333011,408953399814995,1783444563292540636
1,32533333008,408953408444984,1783444563301170593
0,33165386340,408953408450264,1783444563301175873
3,33470333010,408953415866331,1783444563308592004
2,33483666344,408953431772487,1783444563324498096
1,32566666341,408953440358285,1783444563333083862
0,33198719673,408953440360269,1783444563333085910
2,33516999677,408953463846488,1783444563356572097
0,33232053006,408953472470748,1783444563365196389
1,32599999674,408953472475996,1783444563365201637
2,33550333010,408953495840362,1783444563388566003
0,33265386339,408953504429648,1783444563397155321
1,32633333007,408953504434000,1783444563397159705
3,33503666343,408953511968016,1783444563404693657
2,33583666343,408953527877468,1783444563420603141
0,33298719672,408953536433922,1783444563429159563
1,32666666340,408953536434370,1783444563429160011
3,33536999676,408953543948227,1783444563436673900
2,33616999676,408953559860783,1783444563452586424
0,33332053005,408953568452084,1783444563461177693
1,32699999673,408953568455572,1783444563461181181
3,33570333009,408953576022132,1783444563468747773
2,33650333009,408953591930047,1783444563484655656
0,33365386338,408953600731871,1783444563493457576
1,32733333006,408953600734111,1783444563493459784
3,33603666342,408953608077637,1783444563500803278
2,33683666342,408953624074542,1783444563516800183
0,33398719671,408953632777137,1783444563525502746
1,32766666339,408953632777105,1783444563525502714
3,33636999675,408953640087959,1783444563532813600
2,33716999675,408953655997154,1783444563548722795
0,33432053004,408953664625511,1783444563557351184
1,32799999672,408953664628903,1783444563557354576
3,33670333008,408953672085385,1783444563564810994
2,33750333008,408953688056563,1783444563580782236
0,33465386337,408953696706519,1783444563589432128
1,32833333005,408953696713143,1783444563589438720
3,33703666341,408953704083932,1783444563596809573
2,33783666341,408953720061990,1783444563612787663
0,33498719670,408953728719306,1783444563621445011
1,32866666338,408953728725481,1783444563621451154
3,33736999674,408953736077487,1783444563628803096
2,33816999674,408953752073240,1783444563644798913
0,33532053003,408953760719484,1783444563653445189
1,32899999671,408953760722620,1783444563653448261
3,33770333007,408953768267100,1783444563660992709
2,33850333007,408953784050283,1783444563676775924
1,32933333004,408953792616881,1783444563685342522
0,33565386336,408953792634641,1783444563685360282
3,33803666340,408953800178385,1783444563692904058
2,33883666340,408953816053597,1783444563708779206
1,32966666337,408953824723137,1783444563717448810
0,33598719669,408953824731585,1783444563717457290
3,33836999673,408953832200195,1783444563724925836
2,33916999673,408953848184908,1783444563740910581
1,32999999670,408953856947598,1783444563749673303
0,33632053002,408953856951661,1783444563749677270
3,33870333006,408953864241236,1783444563756966877
2,33950333006,408953880154624,1783444563772880297
0,33665386335,408953888726502,1783444563781452143
1,33033333003,408953888728838,1783444563781454479
3,33903666339,408953896259462,1783444563788985167
2,33983666339,408953912204817,1783444563804930458
0,33698719668,408953920825590,1783444563813551231
1,33066666336,408953920847733,1783444563813573406
3,33936999672,408953928324247,1783444563821049888
2,34016999672,408953944231491,1783444563836957196
1,33099999669,408953952801449,1783444563845527090
0,33732053001,408953952825032,1783444563845550641
3,33970333005,408953960309450,1783444563853035155
2,34050333005,408953976244725,1783444563868970334
1,33133333002,408953984797979,1783444563877523620
0,33765386334,408953984822843,1783444563877548548
3,34003666338,408953992322076,1783444563885048069
2,34083666338,408954008242631,1783444563900968240
1,33166666335,408954016792750,1783444563909518359
0,33798719667,408954016829677,1783444563909555350
3,34036999671,408954024335566,1783444563917061207
2,34116999671,408954040276345,1783444563933001954
1,33199999668,408954048786624,1783444563941512233
0,33832053000,408954048795616,1783444563941521257
3,34070333004,408954056354080,1783444563949079721
3,34103666337,408954088469488,1783444563981195161
3,34136999670,408954120422307,1783444564013148012
2,34150333004,408954136368621,1783444564029094614
1,33233333001,408954144891316,1783444564037617021
0,33865386333,408954144904180,1783444564037629789
3,34170333003,408954152477715,1783444564045203420
2,34183666337,408954168393821,1783444564061119526
0,33898719666,408954176934020,1783444564069659629
1,33266666334,408954176945828,1783444564069671469
3,34203666336,408954184461924,1783444564077187533
2,34216999670,408954200429806,1783444564093155447
0,33932052999,408954208982932,1783444564101708541
1,33299999667,408954208985236,1783444564101710845
3,34236999669,408954216501013,1783444564109226718
2,34250333003,408954232428927,1783444564125154536
1,33333333000,408954240933479,1783444564133659120
0,33965386332,408954240964966,1783444564133690671
3,34270333002,408954248556356,1783444564141281965
2,34283666336,408954264491055,1783444564157216696
0,33998719665,408954273129139,1783444564165854748
1,33366666333,408954273135955,1783444564165861596
3,34303666335,408954280543670,1783444564173269311
2,34316999669,408954296842039,1783444564189567712
0,34032052998,408954305462172,1783444564198187845
1,33399999666,408954305478555,1783444564198204260
3,34336999668,408954312603942,1783444564205329615
2,34350333002,408954328526384,1783444564221252057
1,33433332999,408954337087094,1783444564229812767
0,34065386331,408954337091958,1783444564229817567
3,34370333001,408954344606199,1783444564237331808
2,34383666335,408954360614975,1783444564253340648
0,34098719664,408954369371360,1783444564262097001
1,33466666332,408954369374880,1783444564262100521
3,34403666334,408954376654375,1783444564269380112
2,34416999668,408954392626416,1783444564285352121
1,33499999665,408954401233173,1783444564293958782
0,34132052997,408954401247957,1783444564293973630
3,34436999667,408954408663192,1783444564301388833
2,34450333001,408954424643745,1783444564317369386
1,33533332998,408954433231942,1783444564325957583
0,34165386330,408954433262278,1783444564325987983
3,34470333000,408954440697384,1783444564333423121
2,34483666334,408954456760559,1783444564349486264
1,33566666331,408954465444530,1783444564358170139
0,34198719663,408954465447026,1783444564358172635
3,34503666333,408954472761720,1783444564365487393
2,34516999667,408954488644484,1783444564381370061
1,33599999664,408954497222121,1783444564389947794
0,34232052996,408954497235785,1783444564389961394
3,34536999666,408954504727754,1783444564397453587
2,34550333000,408954520715091,1783444564413440764
0,34265386329,408954529432117,1783444564422157758
1,33633332997,408954529444821,1783444564422170494
3,34570332999,408954536772474,1783444564429498179
2,34583666333,408954552689285,1783444564445415022
1,33666666330,408954561169389,1783444564453895030
0,34298719662,408954561185741,1783444564453911382
3,34603666332,408954568825962,1783444564461551635
2,34616999666,408954584781588,1783444564477507197
1,33699999663,408954593481910,1783444564486207583
0,34332052995,408954593484342,1783444564486210047
3,34636999665,408954600875610,1783444564493601219
2,34650332999,408954616820356,1783444564509545997
0,34365386328,408954625601348,1783444564518326989
1,33733332996,408954625601220,1783444564518326829
3,34670332998,408954632849804,1783444564525575445
2,34683666332,408954648887252,1783444564541612893
1,33766666329,408954657644693,1783444564550370334
0,34398719661,408954657663668,1783444564550389373
3,34703666331,408954664866141,1783444564557591750
2,34716999665,408954680884741,1783444564573610382
0,34432052994,408954689738243,1783444564582463948
1,33799999662,408954689740931,1783444564582466604
3,34736999664,408954696929900,1783444564589655541
2,34750332998,408954712886486,1783444564605612159
0,34465386327,408954721500987,1783444564614226628
1,33833332995,408954721507291,1783444564614232900
3,34770332997,408954728936797,1783444564621662502
2,34783666331,408954744949702,1783444564637675375
0,34498719660,408954753691239,1783444564646416848
1,33866666328,408954753724710,1783444564646450415
3,34803666330,408954761001325,1783444564653726998
2,34816999664,408954776917656,1783444564669643393
1,33899999661,408954785566108,1783444564678291717
0,34532052993,408954785575003,1783444564678300676
3,34836999663,408954793005854,1783444564685731495
2,34850332997,408954808990759,1783444564701716432
0,34565386326,408954817692778,1783444564710418419
1,33933332994,408954817693162,1783444564710418803
3,34870332996,408954825046542,1783444564717772215
2,34883666330,408954840999448,1783444564733725089
0,34598719659,408954849716314,1783444564742441955
1,33966666327,408954849717978,1783444564742443651
3,34903666329,408954857090366,1783444564749816039
2,34916999663,408954872985002,1783444564765710611
0,34632052992,408954881747211,1783444564774472820
1,33999999660,408954881870696,1783444564774596337
3,34936999662,408954889132271,1783444564781857912
2,34950332996,408954905040538,1783444564797766147
1,34033332993,408954913731804,1783444564806457445
0,34665386325,408954913758844,1783444564806484517
3,34970332995,408954921132352,1783444564813858025
2,34983666329,408954937066986,1783444564829792595
0,34698719658,408954945801612,1783444564838527317
1,34066666326,408954945825131,1783444564838550804
3,35003666328,408954953194000,1783444564845919673
2,35016999662,408954969104539,1783444564861830211
0,34732052991,408954977758590,1783444564870484263
1,34099999659,408954977791965,1783444564870517670
3,35036999661,408954985223776,1783444564877949449
2,35050332995,408955001056877,1783444564893782518
0,34765386324,408955009801486,1783444564902527127
1,34133332992,408955009827726,1783444564902553335
3,35070332994,408955017181874,1783444564909907483
2,35083666328,408955033121405,1783444564925847046
0,34798719657,408955041659587,1783444564934385228
1,34166666325,408955041683715,1783444564934409388
3,35103666327,408955049216291,1783444564941941932
2,35116999661,408955065161997,1783444564957887734
0,34832052990,408955073830576,1783444564966556249
1,34199999658,408955073834096,1783444564966559769
3,35136999660,408955081333425,1783444564974059098
2,35150332994,408955097162334,1783444564989887943
0,34865386323,408955105698309,1783444564998423918
1,34233332991,408955105756163,1783444564998481804
3,35170332993,408955113251268,1783444565005976877
2,35183666327,408955129230861,1783444565021956566
0,34898719656,408955137758195,1783444565030483804
1,34266666324,408955137800754,1783444565030526459
3,35203666326,408955145291251,1783444565038016892
2,35216999660,408955161250204,1783444565053975941
0,34932052989,408955169877472,1783444565062603145
1,34299999657,408955169881280,1783444565062606889
3,35236999659,408955177301507,1783444565070027116
2,35250332993,408955193298347,1783444565086023956
0,34965386322,408955201889360,1783444565094615001
1,34333332990,408955201925967,1783444565094651608
3,35270332992,408955209366322,1783444565102092027
2,35283666326,408955225286652,1783444565118012293
0,34998719655,408955233945247,1783444565126670920
1,34366666323,408955233964222,1783444565126689895
3,35303666325,408955241416672,1783444565134142377
2,35316999659,408955260272703,1783444565152998344
0,35032052988,408955269262810,1783444565161988419
1,34399999656,408955269507764,1783444565162233405
3,35336999658,408955273595980,1783444565166321589
2,35350332992,408955289395929,1783444565182121602
0,35065386321,408955298069596,1783444565190795205
1,34433332989,408955298071804,1783444565190797445
3,35370332991,408955305569564,1783444565198295269
2,35383666325,408955321453863,1783444565214179504
0,35098719654,408955330113707,1783444565222839316
1,34466666322,408955330114443,1783444565222840084
3,35403666324,408955337445776,1783444565230171417
2,35416999658,408955353395193,1783444565246120834
0,35132052987,408955362072444,1783444565254798053
1,34499999655,408955362073308,1783444565254798917
3,35436999657,408955369508510,1783444565262234119
2,35450332991,408955385516774,1783444565278242479
1,34533332988,408955394233736,1783444565286959345
0,35165386320,408955394235688,1783444565286961297
3,35470332990,408955401499182,1783444565294224855
2,35483666324,408955417501430,1783444565310227071
1,34566666321,408955426207384,1783444565318933057
0,35198719653,408955426222648,1783444565318948321
3,35503666323,408955433508286,1783444565326233927
2,35516999657,408955449511366,1783444565342237071
1,34599999654,408955458317766,1783444565351043439
0,35232052986,408955458318950,1783444565351044623
3,35536999656,408955465551341,1783444565358276982
2,35550332990,408955481607444,1783444565374333085
0,35265386319,408955490319318,1783444565383044927
1,34633332987,408955490325493,1783444565383051134
3,35570332989,408955497608348,1783444565390334053
2,35583666323,408955513570405,1783444565406296046
1,34666666320,408955522223560,1783444565414949169
0,35298719652,408955522223592,1783444565414949201
3,35603666322,408955529609292,1783444565422334997
2,35616999656,408955545599892,1783444565438325565
0,35332052985,408955554393652,1783444565447119261
1,34699999653,408955554393140,1783444565447118749
3,35636999655,408955561629659,1783444565454355332
2,35650332989,408955577666722,1783444565470392555
0,35365386318,408955586329413,1783444565479055118
1,34733332986,408955586330917,1783444565479056622
3,35670332988,408955593684426,1783444565486410099
2,35683666322,408955609648627,1783444565502374236
0,35398719651,408955618411187,1783444565511136796
1,34766666319,408955618411411,1783444565511137052
3,35703666321,408955625670330,1783444565518395971
2,35716999655,408955641723617,1783444565534449258
0,35432052984,408955650483362,1783444565543208971
1,34799999652,408955650483490,1783444565543209099
3,35736999654,408955657683082,1783444565550408723
2,35750332988,408955673694482,1783444565566420123
0,35465386317,408955682353493,1783444565575079166
1,34833332985,408955682356021,1783444565575081726
2,35783666321,408955705722817,1783444565598448490
0,35498719650,408955714518625,1783444565607244266
1,34866666318,408955714518593,1783444565607244234
2,35816999654,408955737719217,1783444565630444890
0,35532052983,408955746344853,1783444565639070558
1,34899999651,408955746348021,1783444565639073694
3,35770332987,408955753821879,1783444565646547584
2,35850332987,408955769756064,1783444565662481737
0,35565386316,408955778497121,1783444565671222762
1,34933332984,408955778497601,1783444565671223242
3,35803666320,408955785811239,1783444565678536848
2,35883666320,408955801787248,1783444565694512889
0,35598719649,408955810492306,1783444565703217947
1,34966666317,408955810492690,1783444565703218299
3,35836999653,408955817829783,1783444565710555392
2,35916999653,408955833767456,1783444565726493065
0,35632052982,408955842340230,1783444565735065839
1,34999999650,408955842346501,1783444565735072142
3,35870332986,408955849866310,1783444565742591951
2,35950332986,408955865819599,1783444565758545336
0,35665386315,408955874458611,1783444565767184220
1,35033332983,408955874472082,1783444565767197723
3,35903666319,408955881872150,1783444565774597759
2,35983666319,408955897860542,1783444565790586151
1,35066666316,408955906487970,1783444565799213611
0,35698719648,408955906491842,1783444565799217451
3,35936999652,408955913903525,1783444565806629166
2,36016999652,408955929924140,1783444565822649781
0,35732052981,408955938614191,1783444565831339800
1,35099999649,408955938615631,1783444565831341272
3,35970332985,408955946007314,1783444565838732955
2,36050332985,408955961928540,1783444565854654405
1,35133332982,408955970711132,1783444565863436741
0,35765386314,408955970712380,1783444565863438021
3,36003666318,408955977970595,1783444565870696236
2,36083666318,408955993951916,1783444565886677493
0,35798719647,408956002527185,1783444565895252826
1,35166666315,408956002530577,1783444565895256218
3,36036999651,408956010006162,1783444565902731835
2,36116999651,408956025925148,1783444565918650789
0,35832052980,408956034467875,1783444565927193580
1,35199999648,408956034475202,1783444565927200939
3,36070332984,408956042032930,1783444565934758635
2,36150332984,408956057978923,1783444565950704628
0,35865386313,408956066585008,1783444565959310617
1,35233332981,408956066594511,1783444565959320120
3,36103666317,408956074031570,1783444565966757179
2,36183666317,408956090070041,1783444565982795650
1,35266666314,408956098851353,1783444565991577058
0,35898719646,408956098853017,1783444565991578722
3,36136999650,408956106072161,1783444565998797770
2,36216999650,408956122047081,1783444566014772754
1,35299999647,408956130626926,1783444566023352599
0,35932052979,408956130629230,1783444566023354903
3,36170332983,408956138087535,1783444566030813176
2,36250332983,408956154045944,1783444566046771617
1,35333332980,408956162611869,1783444566055337510
0,35965386312,408956162623837,1783444566055349446
3,36203666316,408956170110206,1783444566062835879
2,36283666316,408956186062374,1783444566078787983
0,35998719645,408956194633035,1783444566087358708
1,35366666313,408956194636363,1783444566087362036
3,36236999649,408956202178923,1783444566094904564
2,36316999649,408956218112532,1783444566110838269
0,36032052978,408956226750167,1783444566119475776
1,35399999646,408956226753335,1783444566119478944
3,36270332982,408956234163930,1783444566126889539
2,36350332982,408956250152738,1783444566142878411
1,35433332979,408956258703367,1783444566151428976
0,36065386311,408956258707591,1783444566151433200
3,36303666315,408956266218375,1783444566158944016
2,36383666315,408956282153233,1783444566174878874
0,36098719644,408956290749045,1783444566183474654
1,35466666312,408956290758165,1783444566183483806
3,36336999648,408956298226646,1783444566190952287
3,36370332981,408956330245060,1783444566222970701
3,36403666314,408956362312114,1783444566255038075
2,36416999648,408956378261658,1783444566270987491
1,35499999645,408956386791808,1783444566279517417
0,36132052977,408956386793600,1783444566279519241
3,36436999647,408956394326816,1783444566287052521
2,36450332981,408956410289800,1783444566303015537
1,35533332978,408956418951723,1783444566311677460
0,36165386310,408956419198405,1783444566311924078
3,36470332980,408956426356814,1783444566319082487
2,36483666314,408956442290391,1783444566335016064
0,36198719643,408956450903547,1783444566343629252
1,35566666311,408956450916283,1783444566343641956
3,36503666313,408956458407644,1783444566351133349
2,36516999647,408956474318277,1783444566367043918
1,35599999644,408956482885963,1783444566375611540
0,36232052976,408956482894538,1783444566375620179
3,36536999646,408956490405003,1783444566383130676
2,36550332980,408956506323124,1783444566399048765
1,35633332977,408956514839131,1783444566407564772
0,36265386309,408956514843675,1783444566407569284
3,36570332979,408956522407993,1783444566415133602
2,36583666313,408956538380065,1783444566431105770
1,35666666310,408956546998565,1783444566439724270
0,36298719642,408956547010085,1783444566439735790
3,36603666312,408956554450215,1783444566447175888
2,36616999646,408956570358609,1783444566463084250
0,36332052975,408956578798841,1783444566471524450
1,35699999643,408956578802233,1783444566471527842
3,36636999645,408956586473365,1783444566479198974
2,36650332979,408956602437182,1783444566495162823
0,36365386308,408956611002403,1783444566503728044
1,35733332976,408956611008195,1783444566503733836
3,36670332978,408956618483012,1783444566511208621
2,36683666312,408956634520234,1783444566527245875
1,35766666309,408956643218572,1783444566535944245
0,36398719641,408956643229356,1783444566535955029
3,36703666311,408956650539921,1783444566543265530
2,36716999645,408956666584728,1783444566559310401
1,35799999642,408956675279322,1783444566568004963
0,36432052974,408956675298265,1783444566568023906
3,36736999644,408956682569663,1783444566575295304
2,36750332978,408956698565543,1783444566591291216
1,35833332975,408956707203306,1783444566599928915
0,36465386307,408956707209706,1783444566599935315
3,36770332977,408956714607309,1783444566607332982
2,36783666311,408956730526679,1783444566623252288
1,35866666308,408956739123067,1783444566631848740
0,36498719640,408956739136667,1783444566631862340
3,36803666310,408956746596380,1783444566639321989
2,36816999644,408956762526278,1783444566655251919
1,35899999641,408956771034636,1783444566663760213
0,36532052973,408956771049740,1783444566663775349
3,36836999643,408956778620491,1783444566671346132
2,36850332977,408956794547572,1783444566687273181
0,36565386306,408956803073114,1783444566695798755
1,35933332974,408956803078810,1783444566695804419
3,36870332976,408956810682840,1783444566703408545
2,36883666310,408956826607009,1783444566719332650
0,36598719639,408956835285732,1783444566728011437
1,35966666307,408956835289348,1783444566728015053
3,36903666309,408956842714918,1783444566735440623
2,36916999643,408956858678958,1783444566751404663
1,35999999640,408956867280275,1783444566760005884
0,36632052972,408956867285330,1783444566760010939
3,36936999642,408956874713301,1783444566767439262
2,36950332976,408956890712316,1783444566783437989
1,36033332973,408956899316801,1783444566792042410
0,36665386305,408956899321760,1783444566792047369
3,36970332975,408956906742723,1783444566799468396
2,36983666309,408956922684844,1783444566815410453
0,36698719638,408956931254289,1783444566823979994
1,36066666306,408956931262769,1783444566823988442
3,37003666308,408956938769489,1783444566831495194
2,37016999642,408956954698714,1783444566847424451
1,36099999639,408956963282911,1783444566856008616
0,36732052971,408956963311166,1783444566856036871
3,37036999641,408956970783072,1783444566863508713
2,37050332975,408956986763207,1783444566879488944
1,36133332972,408956995324173,1783444566888049814
0,36765386304,408956995330285,1783444566888055894
3,37070332974,408957002802318,1783444566895527959
2,37083666308,408957018753335,1783444566911478976
1,36166666305,408957027230174,1783444566919955751
0,36798719637,408957027233790,1783444566919959399
3,37103666307,408957034817948,1783444566927543589
2,37116999641,408957050774405,1783444566943500046
1,36199999638,408957059254636,1783444566951980245
0,36832052970,408957059264364,1783444566951990005
3,37136999640,408957066883818,1783444566959609427
2,37150332974,408957082817395,1783444566975543068
1,36233332971,408957091416983,1783444566984142720
0,36865386303,408957091423191,1783444566984148864
3,37170332973,408957098883000,1783444566991608641
2,37183666307,408957114842465,1783444567007568106
1,36266666304,408957123422725,1783444567016148398
0,36898719636,408957123426373,1783444567016152078
3,37203666306,408957130936261,1783444567023661934
2,37216999640,408957146852078,1783444567039577687
1,36299999637,408957155310070,1783444567048035711
0,36932052969,408957155315702,1783444567048041343
3,37236999639,408957162925843,1783444567055651484
2,37250332973,408957178893467,1783444567071619140
1,36333332970,408957187487007,1783444567080212680
0,36965386302,408957187501407,1783444567080227080
3,37270332972,408957194949920,1783444567087675529
2,37283666306,408957210939815,1783444567103665520
0,36998719635,408957219560747,1783444567112286420
1,36366666303,408957219572074,1783444567112297779
3,37303666305,408957227033420,1783444567119759061
2,37316999639,408957243024691,1783444567135750364
0,37032052968,408957251778739,1783444567144504380
1,36399999636,408957251779059,1783444567144504636
3,37336999638,408957259043225,1783444567151768930
2,37350332972,408957275026528,1783444567167752137
1,36433332969,408957283660739,1783444567176386348
0,37065386301,408957283662915,1783444567176388524
3,37370332971,408957291044007,1783444567183769648
2,37383666305,408957307058861,1783444567199784566
0,37098719634,408957315744559,1783444567208470200
1,36466666302,408957315745391,1783444567208470968
3,37403666304,408957323070548,1783444567215796189
2,37416999638,408957339107065,1783444567231832706
0,37132052967,408957347760092,1783444567240485733
1,36499999635,408957347761500,1783444567240487109
3,37436999637,408957355119328,1783444567247845001
2,37450332971,408957371066696,1783444567263792337
0,37165386300,408957379681804,1783444567272407509
1,36533332968,408957379704171,1783444567272429844
3,37470332970,408957387160333,1783444567279886006
2,37483666304,408957403130004,1783444567295855709
1,36566666301,408957411729208,1783444567304454817
0,37198719633,408957411730328,1783444567304455937
3,37503666303,408957419190105,1783444567311915842
2,37516999637,408957435134754,1783444567327860363
0,37232052966,408957443668135,1783444567336393744
1,36599999634,408957443669543,1783444567336395184
3,37536999636,408957451219782,1783444567343945519
2,37550332970,408957467138607,1783444567359864248
1,36633332967,408957475778898,1783444567368504571
0,37265386299,408957475784818,1783444567368510491
3,37570332969,408957483384016,1783444567376109689
2,37583666303,408957499192412,1783444567391918021
0,37298719632,408957507865118,1783444567400590759
1,36666666300,408957507865406,1783444567400591047
3,37603666302,408957515258593,1783444567407984266
2,37616999636,408957531187753,1783444567423913394
1,36699999633,408957539719151,1783444567432444792
0,37332052965,408957539719503,1783444567432445112
3,37636999635,408957547278158,1783444567440003767
2,37650332969,408957563233558,1783444567455959263
0,37365386298,408957571865113,1783444567464590722
1,36733332966,408957571871769,1783444567464597410
3,37670332968,408957579312859,1783444567472038468
2,37683666302,408957595292354,1783444567488018059
1,36766666299,408957603885670,1783444567496611311
0,37398719631,408957603887206,1783444567496612815
3,37703666301,408957611367175,1783444567504092784
2,37716999635,408957627313423,1783444567520039064
0,37432052964,408957636101166,1783444567528826807
1,36799999632,408957636142893,1783444567528868502
3,37736999634,408957643387124,1783444567536112765
2,37750332968,408957659315741,1783444567552041446
1,36833332965,408957667974047,1783444567560699688
0,37465386297,408957667990559,1783444567560716168
3,37770332967,408957675395201,1783444567568120842
2,37783666301,408957691386376,1783444567584112049
0,37498719630,408957700046187,1783444567592771828
1,36866666298,408957700057611,1783444567592783252
3,37803666300,408957707513516,1783444567600239125
2,37816999634,408957723373270,1783444567616099007
1,36899999631,408957732109559,1783444567624835232
0,37532052963,408957732111607,1783444567624837280
3,37836999633,408957739450459,1783444567632176068
2,37850332967,408957755402083,1783444567648127788
1,36933332964,408957763925769,1783444567656651410
0,37565386296,408957763926121,1783444567656651762
3,37870332966,408957771496520,1783444567664222161
2,37883666300,408957787390769,1783444567680116602
1,36966666297,408957795958486,1783444567688684127
0,37598719629,408957795962870,1783444567688688575
3,37903666299,408957803504597,1783444567696230206
2,37916999633,408957819429886,1783444567712155495
0,37632052962,408957827944964,1783444567720670605
1,36999999630,408957827945252,1783444567720670861
3,37936999632,408957835498531,1783444567728224172
2,37950332966,408957851499146,1783444567744224755
0,37665386295,408957860184044,1783444567752909717
1,37033332963,408957860188140,1783444567752913813
3,37970332965,408957867545743,1783444567760271384
2,37983666299,408957883513591,1783444567776239232
0,37698719628,408957892165626,1783444567784891299
1,37066666296,408957892174714,1783444567784900387
3,38003666298,408957899602908,1783444567792328581
2,38016999632,408957915574755,1783444567808300460
1,37099999629,408957924294500,1783444567817020109
0,37732052961,408957924294884,1783444567817020493
2,38050332965,408957947578673,1783444567840304378
1,37133332962,408957956147254,1783444567848872895
0,37765386294,408957956153589,1783444567848879230
2,38083666298,408957979604382,1783444567872329991
1,37166666295,408957988190370,1783444567880916011
0,37798719627,408957988199714,1783444567880925355
3,38036999631,408957995630692,1783444567888356365
2,38116999631,408958011599499,1783444567904325108
0,37832052960,408958020215311,1783444567912940984
1,37199999628,408958020226575,1783444567912952312
3,38070332964,408958027704720,1783444567920430425
2,38150332964,408958043656984,1783444567936382657
0,37865386293,408958052321434,1783444567945047107
1,37233332961,408958052325882,1783444567945051587
3,38103666297,408958059713085,1783444567952438758
2,38183666297,408958075662917,1783444567968388558
0,37898719626,408958084180107,1783444567976905748
1,37266666294,408958084182987,1783444567976908628
3,38136999630,408958091710699,1783444567984436340
2,38216999630,408958107712465,1783444568000438170
0,37932052959,408958116304726,1783444568009030367
1,37299999627,408958116307510,1783444568009033151
3,38170332963,408958123788502,1783444568016514111
2,38250332963,408958139719742,1783444568032445383
1,37333332960,408958148234276,1783444568040959885
0,37965386292,408958148237412,1783444568040963021
3,38203666296,408958155795458,1783444568048521131
2,38283666296,408958171724618,1783444568064450227
1,37366666293,408958180301359,1783444568073027064
0,37998719625,408958180320078,1783444568073045751
3,38236999629,408958187812014,1783444568080537719
2,38316999629,408958203780181,1783444568096505822
0,38032052958,408958212353402,1783444568105079043
1,37399999626,408958212360218,1783444568105085827
3,38270332962,408958219868473,1783444568112594178
2,38350332962,408958235860320,1783444568128585929
0,38065386291,408958244456899,1783444568137182508
1,37433332959,408958244457603,1783444568137183244
3,38303666295,408958251881797,1783444568144607470
2,38383666295,408958267823405,1783444568160549014
0,38098719624,408958276358418,1783444568169084091
1,37466666292,408958276364178,1783444568169089883
3,38336999628,408958283890962,1783444568176616571
2,38416999628,408958299835353,1783444568192561058
1,37499999625,408958308415389,1783444568201140998
0,38132052957,408958308416061,1783444568201141670
3,38370332961,408958315896734,1783444568208622311
2,38450332961,408958331869381,1783444568224595022
0,38165386290,408958340466569,1783444568233192242
1,37533332958,408958340466185,1783444568233191890
3,38403666294,408958347950985,1783444568240676658
2,38483666294,408958363922480,1783444568256648089
0,38198719623,408958372497844,1783444568265223453
1,37566666291,408958372538643,1783444568265264316
3,38436999627,408958380040307,1783444568272765948
2,38516999627,408958395922780,1783444568288648389
0,38232052956,408958404573727,1783444568297299336
1,37599999624,408958404597182,1783444568297322823
3,38470332960,408958411992385,1783444568304718026
2,38550332960,408958427962088,1783444568320687697
0,38265386289,408958436527628,1783444568329253269
1,37633332957,408958436547500,1783444568329273141
3,38503666293,408958444072523,1783444568336798196
2,38583666293,408958459977652,1783444568352703261
1,37666666290,408958468629078,1783444568361354687
0,38298719622,408958468668757,1783444568361394430
3,38536999626,408958476096919,1783444568368822528
2,38616999626,408958492022239,1783444568384747848
0,38332052955,408958500503110,1783444568393228751
1,37699999623,408958500511014,1783444568393236655
3,38570332959,408958508119171,1783444568400844780
2,38650332959,408958524047371,1783444568416773012
1,37733332956,408958532742604,1783444568425468277
0,38365386288,408958532745772,1783444568425471445
3,38603666292,408958540121391,1783444568432847064
3,38636999625,408958572193882,1783444568464919491
3,38670332958,408958604211974,1783444568496937615
2,38683666292,408958620273546,1783444568512999219
0,38398719621,408958628936781,1783444568521662422
1,37766666289,408958628936589,1783444568521662198
3,38703666291,408958636222226,1783444568528947867
2,38716999625,408958652216408,1783444568544942049
1,37799999622,408958661042806,1783444568553768415
0,38432052954,408958661043958,1783444568553769599
3,38736999624,408958668206495,1783444568560932136
2,38750332958,408958684196453,1783444568576922062
1,37833332955,408958692855784,1783444568585581425
0,38465386287,408958692857512,1783444568585583121
3,38770332957,408958700256362,1783444568592982067
2,38783666291,408958716221713,1783444568608947418
1,37866666288,408958724899987,1783444568617625628
0,38498719620,408958724904979,1783444568617630620
3,38803666290,408958732281270,1783444568625006943
2,38816999624,408958748267772,1783444568640993477
1,37899999621,408958756964862,1783444568649690503
0,38532052953,408958756965086,1783444568649690695
3,38836999623,408958764318721,1783444568657044458
2,38850332957,408958780296680,1783444568673022321
0,38565386286,408958788967402,1783444568681693075
1,37933332954,408958788969034,1783444568681694739
3,38870332956,408958796358253,1783444568689083894
2,38883666290,408958812322132,1783444568705047805
1,37966666287,408958821014773,1783444568713740414
0,38598719619,408958821016693,1783444568713742302
3,38903666289,408958828329562,1783444568721055171
2,38916999623,408958844318080,1783444568737043689
1,37999999620,408958852933156,1783444568745658797
0,38632052952,408958852945476,1783444568745671085
3,38936999622,408958860355430,1783444568753081039
2,38950332956,408958876357836,1783444568769083445
0,38665386285,408958885021582,1783444568777747255
1,38033332953,408958885039374,1783444568777765047
3,38970332955,408958892457776,1783444568785183449
2,38983666289,408958908359320,1783444568801084961
1,38066666286,408958916961756,1783444568809687397
0,38698719618,408958916970620,1783444568809696261
3,39003666288,408958924523930,1783444568817249539
2,39016999622,408958940395876,1783444568833121485
1,38099999619,408958948969672,1783444568841695313
0,38732052951,408958948973256,1783444568841698865
3,39036999621,408958956483912,1783444568849209585
2,39050332955,408958972391824,1783444568865117433
0,38765386284,408958981023667,1783444568873749276
1,38133332952,408958981047315,1783444568873773020
3,39070332954,408958988541235,1783444568881266940
2,39083666288,408959004458459,1783444568897184068
0,38798719617,408959013110782,1783444568905836391
1,38166666285,408959013116637,1783444568905842278
3,39103666287,408959020497856,1783444568913223465
2,39116999621,408959036437416,1783444568929163057
0,38832052950,408959045149449,1783444568937875154
1,38199999618,408959045165673,1783444568937891378
3,39136999620,408959052550603,1783444568945276340
2,39150332954,408959068494803,1783444568961220476
0,38865386283,408959077122902,1783444568969848575
1,38233332951,408959077129590,1783444568969855231
3,39170332953,408959084570263,1783444568977295904
2,39183666287,408959100478912,1783444568993204585
0,38898719616,408959109025509,1783444569001751118
1,38266666284,408959109048292,1783444569001773933
3,39203666286,408959116580867,1783444569009306476
2,39216999620,408959132564233,1783444569025289970
0,38932052949,408959141212204,1783444569033937877
1,38299999617,408959141220971,1783444569033946612
3,39236999619,408959148652493,1783444569041378198
2,39250332953,408959164535765,1783444569057261438
0,38965386282,408959172991293,1783444569065716934
1,38333332950,408959173029372,1783444569065755077
3,39270332952,408959180661304,1783444569073386945
2,39283666286,408959196602527,1783444569089328232
1,38366666283,408959205160675,1783444569097886316
0,38998719615,408959205163075,1783444569097888684
3,39303666285,408959212655587,1783444569105381260
2,39316999619,408959228611946,1783444569121337555
0,39032052948,408959237146383,1783444569129871992
1,38399999616,408959237148559,1783444569129874200
3,39336999618,408959244723821,1783444569137449526
2,39350332952,408959260631989,1783444569153357630
0,39065386281,408959269135419,1783444569161861060
1,38433332949,408959269137211,1783444569161862852
3,39370332951,408959276738840,1783444569169464417
2,39383666285,408959292673983,1783444569185399688
1,38466666282,408959301229859,1783444569193955500
0,39098719614,408959301230083,1783444569193955692
3,39403666284,408959308737763,1783444569201463404
2,39416999618,408959324710121,1783444569217435794
1,38499999615,408959333225103,1783444569225950744
0,39132052947,408959333273902,1783444569225999543
3,39436999617,408959340780909,1783444569233506550
2,39450332951,408959356882256,1783444569249607897
0,39165386280,408959365501971,1783444569258227580
1,38533332948,408959365503283,1783444569258228892
3,39470332950,408959372845175,1783444569265570816
2,39483666284,408959388725759,1783444569281451368
1,38566666281,408959397359074,1783444569290084779
0,39198719613,408959397359810,1783444569290085515
3,39503666283,408959404870465,1783444569297596074
2,39516999617,408959420812136,1783444569313537809
0,39232052946,408959429511817,1783444569322237458
1,38599999614,408959429512073,1783444569322237682
3,39536999616,408959436885004,1783444569329610741
2,39550332950,408959452828243,1783444569345553916
0,39265386279,408959461621906,1783444569354347611
1,38633332947,408959461728495,1783444569354454200
3,39570332949,408959468883095,1783444569361608704
2,39583666283,408959484811935,1783444569377537576
1,38666666280,408959493345700,1783444569386071309
0,39298719612,408959493358372,1783444569386084013
3,39603666282,408959500908322,1783444569393634059
2,39616999616,408959516919975,1783444569409645680
1,38699999613,408959525536842,1783444569418262515
0,39332052945,408959525539338,1783444569418265043
3,39636999615,408959532943020,1783444569425668661
2,39650332949,408959548863988,1783444569441589565
1,38733332946,408959557440696,1783444569450166305
0,39365386278,408959557442072,1783444569450167681
3,39670332948,408959564935128,1783444569457660737
2,39683666282,408959581016347,1783444569473742020
0,39398719611,408959589838585,1783444569482564290
1,38766666279,408959589867160,1783444569482592833
3,39703666281,408959597024993,1783444569489750986
2,39716999615,408959613224321,1783444569505949930
0,39432052944,408959622023424,1783444569514749065
1,38799999612,408959622034399,1783444569514760104
3,39736999614,408959629002125,1783444569521727766
2,39750332948,408959645034737,1783444569537760378
0,39465386277,408959653717939,1783444569546443548
1,38833332945,408959653736018,1783444569546461659
3,39770332947,408959661080886,1783444569553806559
2,39783666281,408959677028509,1783444569569754214
0,39498719610,408959685712542,1783444569578438215
1,38866666278,408959685738077,1783444569578463718
3,39803666280,408959693082401,1783444569585808042
2,39816999614,408959709005385,1783444569601731026
0,39532052943,408959717594636,1783444569610320277
1,38899999611,408959717607180,1783444569610332789
3,39836999613,408959725103564,1783444569617829301
2,39850332947,408959741058067,1783444569633783708
0,39565386276,408959749707189,1783444569642432862
1,38933332944,408959749708405,1783444569642434046
3,39870332946,408959757103063,1783444569649828672
2,39883666280,408959773095325,1783444569665821062
0,39598719609,408959781966937,1783444569674692642
1,38966666277,408959781972313,1783444569674697954
3,39903666279,408959789214304,1783444569681940009
2,39916999613,408959805151175,1783444569697876816
0,39632052942,408959813814377,1783444569706539986
1,38999999610,408959813823752,1783444569706549361
3,39936999612,408959821181292,1783444569713906965
2,39950332946,408959837148178,1783444569729873787
0,39665386275,408959845713942,1783444569738439551
1,39033332943,408959845750293,1783444569738475966
3,39970332945,408959853196438,1783444569745922527
2,39983666279,408959869151389,1783444569761877094
1,39066666276,408959877758657,1783444569770484266
0,39698719608,408959877765120,1783444569770490729
3,40003666278,408959885235617,1783444569777961322
2,40016999612,408959901165864,1783444569793891505
0,39732052941,408959909739308,1783444569802464949
1,39099999609,408959909740460,1783444569802466101
3,40036999611,408959917254732,1783444569809980341
2,40050332945,408959933197459,1783444569825923100
0,39765386274,408959941749431,1783444569834475072
1,39133332942,408959941766199,1783444569834491872
3,40070332944,408959949287030,1783444569842012671
2,40083666278,408959965232925,1783444569857958598
1,39166666275,408959973834336,1783444569866559977
0,39798719607,408959973958141,1783444569866683782
3,40103666277,408959981350336,1783444569874076041
2,40116999611,408959997241288,1783444569889966929
1,39199999608,408960005859499,1783444569898585140
0,39832052940,408960005859531,1783444569898585172
3,40136999610,408960013349355,1783444569906075156
2,40150332944,408960029290706,1783444569922016411
0,39865386273,408960037855318,1783444569930581023
1,39233332941,408960037862326,1783444569930587999
3,40170332943,408960045362838,1783444569938088511
2,40183666277,408960061336508,1783444569954062181
1,39266666274,408960069922880,1783444569962648521
0,39898719606,408960069926240,1783444569962651849
3,40203666276,408960077380353,1783444569970106058
2,40216999610,408960093308296,1783444569986033937
0,39932052939,408960101818958,1783444569994544631
1,39299999607,408960101821454,1783444569994547127
3,40236999609,408960109440970,1783444570002166771
2,40250332943,408960125387121,1783444570018112794
0,39965386272,408960134056530,1783444570026782171
1,39333332940,408960134056466,1783444570026782107
3,40270332942,408960141448372,1783444570034174013
2,40283666276,408960157401402,1783444570050127011
0,39998719605,408960165964831,1783444570058690440
1,39366666273,408960165970494,1783444570058696135
2,40316999609,408960189461027,1783444570082186700
1,39399999606,408960198065158,1783444570090790863
0,40032052938,408960198070662,1783444570090796367
2,40350332942,408960221490540,1783444570114216245
1,39433332939,408960230081392,1783444570122807097
0,40065386271,408960230083920,1783444570122809593
3,40303666275,408960237528112,1783444570130253753
2,40383666275,408960253497398,1783444570146223103
0,40098719604,408960262222166,1783444570154947807
1,39466666272,408960262232726,1783444570154958367
3,40336999608,408960269567225,1783444570162292898
2,40416999608,408960285521920,1783444570178247529
1,39499999605,408960294080388,1783444570186805997
0,40132052937,408960294117091,1783444570186842668
3,40370332941,408960301615426,1783444570194341067
2,40450332941,408960317530313,1783444570210255922
1,39533332938,408960326109837,1783444570218835478
0,40165386270,408960326111117,1783444570218836758
3,40403666274,408960333593549,1783444570226319190
2,40483666274,408960349561779,1783444570242287388
0,40198719603,408960358166006,1783444570250891615
1,39566666271,408960358166326,1783444570250891935
3,40436999607,408960365611926,1783444570258337567
2,40516999607,408960381590076,1783444570274315717
1,39599999604,408960390192639,1783444570282918280
0,40232052936,408960390193439,1783444570282919048
3,40470332940,408960397651904,1783444570290377513
2,40550332940,408960413608486,1783444570306334127
1,39633332937,408960422229416,1783444570314955025
0,40265386269,408960422229608,1783444570314955249
3,40503666273,408960429668937,1783444570322394546
2,40583666273,408960445619887,1783444570338345528
0,40298719602,408960454172788,1783444570346898397
1,39666666270,408960454292017,1783444570347017658
3,40536999606,408960461721522,1783444570354447131
2,40616999606,408960477674840,1783444570370400577
1,39699999603,408960486249596,1783444570378975237
0,40332052935,408960486250332,1783444570378975941
3,40570332939,408960493720668,1783444570386446309
2,40650332939,408960509704929,1783444570402430570
1,39733332936,408960518237350,1783444570410962991
0,40365386268,408960518238694,1783444570410964303
3,40603666272,408960525749541,1783444570418475118
2,40683666272,408960541730763,1783444570434456404
0,40398719601,408960550368141,1783444570443093782
1,39766666269,408960550374061,1783444570443099670
3,40636999605,408960557778095,1783444570450503704
2,40716999605,408960573780276,1783444570466505949
1,39799999602,408960582627376,1783444570475352985
0,40432052934,408960582627568,1783444570475353273
3,40670332938,408960589810072,1783444570482535713
2,40750332938,408960605808093,1783444570498533734
1,39833332935,408960614542429,1783444570507268070
0,40465386267,408960614549212,1783444570507274885
3,40703666271,408960621849953,1783444570514575594
2,40783666271,408960637811975,1783444570530537584
1,39866666268,408960646527943,1783444570539253552
0,40498719600,408960646534695,1783444570539260368
3,40736999604,408960653864075,1783444570546589716
2,40816999604,408960669816337,1783444570562541978
0,40532052933,408960678476978,1783444570571202651
1,39899999601,408960678486098,1783444570571211739
3,40770332937,408960685901876,1783444570578627485
2,40850332937,408960701823035,1783444570594548644
0,40565386266,408960710411070,1783444570603136743
1,39933332934,408960710432446,1783444570603158055
3,40803666270,408960717929853,1783444570610655494
2,40883666270,408960733869316,1783444570626595021
0,40598719599,408960742450823,1783444570635176496
1,39966666267,408960742468935,1783444570635194576
3,40836999603,408960749950887,1783444570642676464
2,40916999603,408960765866990,1783444570658592599
0,40632052932,408960774437170,1783444570667162843
1,39999999600,408960774451057,1783444570667176666
3,40870332936,408960782206442,1783444570674932051
3,40903666269,408960814021977,1783444570706747586
3,40936999602,408960846043810,1783444570738769387
2,40950332936,408960862010984,1783444570754736689
0,40665386265,408960870553293,1783444570763278934
1,40033332933,408960870573900,1783444570763299509
3,40970332935,408960878064588,1783444570770790229
2,40983666269,408960894007890,1783444570786733499
1,40066666266,408960902652820,1783444570795378429
0,40698719598,408960902669332,1783444570795395037
3,41003666268,408960910100213,1783444570802825854
2,41016999602,408960926069531,1783444570818795236
0,40732052931,408960934711293,1783444570827436966
1,40099999599,408960934720317,1783444570827445926
3,41036999601,408960942121503,1783444570834847144
2,41050332935,408960958091268,1783444570850816973
1,40133332932,408960966728967,1783444570859454608
0,40765386264,408960966736262,1783444570859461967
3,41070332934,408960974126825,1783444570866852466
2,41083666268,408960990118702,1783444570882844407
0,40798719597,408960998788175,1783444570891513880
1,40166666265,408960998789647,1783444570891515288
3,41103666267,408961006176721,1783444570898902330
2,41116999601,408961022134295,1783444570914859936
1,40199999598,408961030701723,1783444570923427364
0,40832052930,408961030702459,1783444570923428132
3,41136999600,408961038226394,1783444570930952003
2,41150332934,408961054166113,1783444570946891818
1,40233332931,408961062695430,1783444570955421071
0,40865386263,408961062711621,1783444570955437230
3,41170332933,408961070210885,1783444570962936590
2,41183666267,408961086206122,1783444570978931795
1,40266666264,408961094826732,1783444570987552405
0,40898719596,408961094865771,1783444570987591444
3,41203666266,408961102249774,1783444570994975479
2,41216999600,408961118229587,1783444571010955388
1,40299999597,408961126839925,1783444571019565566
0,40932052929,408961126854165,1783444571019579870
3,41236999599,408961134289654,1783444571027015263
2,41250332933,408961150229788,1783444571042955397
0,40965386262,408961158823103,1783444571051548712
1,40333332930,408961158825119,1783444571051550760
3,41270332932,408961166266495,1783444571058992136
2,41283666266,408961182234597,1783444571074960238
1,40366666263,408961190712586,1783444571083438227
0,40998719595,408961190728586,1783444571083454259
3,41303666265,408961198304295,1783444571091029936
2,41316999599,408961214306316,1783444571107032021
0,41032052928,408961222965101,1783444571115690742
1,40399999596,408961222991692,1783444571115717365
3,41336999598,408961230356943,1783444571123082584
2,41350332932,408961246314580,1783444571139040221
1,40433332929,408961254883352,1783444571147608993
0,41065386261,408961254897847,1783444571147623488
3,41370332931,408961262371319,1783444571155096928
2,41383666265,408961278319037,1783444571171044646
1,40466666262,408961286859905,1783444571179585546
0,41098719594,408961286877025,1783444571179602730
3,41403666264,408961294392064,1783444571187117673
2,41416999598,408961310354949,1783444571203080590
1,40499999595,408961318906217,1783444571211631858
0,41132052927,408961318913705,1783444571211639346
3,41436999597,408961326445319,1783444571219170992
2,41450332931,408961342395021,1783444571235120630
0,41165386260,408961350958833,1783444571243684506
1,40533332928,408961350960688,1783444571243686297
3,41470332930,408961358507438,1783444571251233047
2,41483666264,408961374432661,1783444571267158334
1,40566666261,408961383052119,1783444571275777728
0,41198719593,408961383066263,1783444571275791936
3,41503666263,408961390466648,1783444571283192257
2,41516999597,408961406455037,1783444571299180646
1,40599999594,408961415160189,1783444571307885862
0,41232052926,408961415187228,1783444571307912901
3,41536999596,408961422517568,1783444571315243177
2,41550332930,408961438449382,1783444571331174991
1,40633332927,408961447001706,1783444571339727347
0,41265386259,408961447023721,1783444571339749394
3,41570332929,408961454531400,1783444571347257009
2,41583666263,408961470478062,1783444571363203671
1,40666666260,408961479126128,1783444571371851769
0,41298719592,408961479127504,1783444571371853145
3,41603666262,408961486576592,1783444571379302265
2,41616999596,408961502522198,1783444571395247807
1,40699999593,408961511040187,1783444571403765796
0,41332052925,408961511047803,1783444571403773444
3,41636999595,408961518593913,1783444571411319618
2,41650332929,408961534529535,1783444571427255176
0,41365386258,408961543051747,1783444571435777388
1,40733332926,408961543051587,1783444571435777196
3,41670332928,408961550616865,1783444571443342506
2,41683666262,408961566627141,1783444571459352718
0,41398719591,408961575483233,1783444571468208842
1,40766666259,408961575482145,1783444571468207754
3,41703666261,408961582688104,1783444571475413809
2,41716999595,408961598652173,1783444571491377750
0,41432052924,408961607408620,1783444571500134325
1,40799999592,408961607408492,1783444571500134133
3,41736999594,408961614723792,1783444571507449465
2,41750332928,408961630652054,1783444571523377727
1,40833332925,408961639362870,1783444571532088511
0,41465386257,408961639651983,1783444571532377624
3,41770332927,408961646789111,1783444571539514752
2,41783666261,408961662820859,1783444571555546532
0,41498719590,408961671602169,1783444571564327810
1,40866666258,408961671603577,1783444571564329218
3,41803666260,408961678839839,1783444571571565480
2,41816999594,408961694725990,1783444571587451599
0,41532052923,408961703452581,1783444571596178254
1,40899999591,408961703464581,1783444571596190222
3,41836999593,408961710773801,1783444571603499442
2,41850332927,408961726728431,1783444571619454104
0,41565386256,408961735333713,1783444571628059354
1,40933332924,408961735338865,1783444571628064506
3,41870332926,408961742874063,1783444571635599704
2,41883666260,408961758749399,1783444571651475008
1,40966666257,408961767540821,1783444571660266430
0,41598719589,408961767541557,1783444571660267198
3,41903666259,408961774858425,1783444571667584098
2,41916999593,408961790798943,1783444571683524552
0,41632052922,408961799529918,1783444571692255591
1,40999999590,408961799548094,1783444571692273799
3,41936999592,408961806922496,1783444571699648137
2,41950332926,408961822862438,1783444571715588047
0,41665386255,408961831502952,1783444571724228625
1,41033332923,408961831516103,1783444571724241808
3,41970332925,408961838870474,1783444571731596115
2,41983666259,408961854838031,1783444571747563736
0,41698719588,408961863585742,1783444571756311415
1,41066666256,408961863593070,1783444571756318711
3,42003666258,408961870899122,1783444571763624763
2,42016999592,408961886916502,1783444571779642143
0,41732052921,408961895563096,1783444571788288673
1,41099999589,408961895587287,1783444571788312896
3,42036999591,408961902919163,1783444571795644836
2,42050332925,408961918895424,1783444571811621065
0,41765386254,408961927569601,1783444571820295210
1,41133332922,408961927606304,1783444571820332009
3,42070332924,408961934936419,1783444571827662060
2,42083666258,408961950893417,1783444571843619122
0,41798719587,408961959528811,1783444571852254452
1,41166666255,408961959539466,1783444571852265075
3,42103666257,408961966958443,1783444571859684052
2,42116999591,408961982906865,1783444571875632506
1,41199999588,408961991586482,1783444571884312123
0,41832052920,408961991590002,1783444571884315611
3,42136999590,408961999007379,1783444571891733052
2,42150332924,408962014956345,1783444571907681954
1,41233332921,408962023636922,1783444571916362562
0,41865386253,408962023662009,1783444571916387682
3,42170332923,408962031039611,1783444571923765284
2,42183666257,408962046935458,1783444571939661099
1,41266666254,408962055685537,1783444571948411146
0,41898719586,408962055689025,1783444571948414730
3,42203666256,408962063067459,1783444571955793100
2,42216999590,408962079004105,1783444571971729682
0,41932052919,408962087580813,1783444571980306454
1,41299999587,408962087586253,1783444571980311894
3,42236999589,408962095066284,1783444571987791957
2,42250332923,408962111017426,1783444572003743067
1,41333332920,408962119602389,1783444572012328030
0,41965386252,408962119611189,1783444572012336862
3,42270332922,408962127106035,1783444572019831708
2,42283666256,408962143057689,1783444572035783330
1,41366666253,408962151721369,1783444572044447010
0,41998719585,408962151728505,1783444572044454178
3,42303666255,408962159120059,1783444572051845668
2,42316999589,408962175084416,1783444572067810057
1,41399999586,408962183688802,1783444572076414443
0,42032052918,408962183691874,1783444572076417483
3,42336999588,408962191197088,1783444572083922697
2,42350332922,408962207160773,1783444572099886478
1,41433332919,408962215789895,1783444572108515568
0,42065386251,408962215790791,1783444572108516432
3,42370332921,408962223205256,1783444572115930961
2,42383666255,408962239104462,1783444572131830103
1,41466666252,408962247677618,1783444572140403195
0,42098719584,408962247697777,1783444572140423450
3,42403666254,408962255198608,1783444572147924249
2,42416999588,408962271181876,1783444572163907613
1,41499999585,408962279779703,1783444572172505312
0,42132052917,408962279816982,1783444572172542655
3,42436999587,408962287247926,1783444572179973567
2,42450332921,408962303153309,1783444572195878950
1,41533332918,408962311693601,1783444572204419242
0,42165386250,408962311697184,1783444572204422793
3,42470332920,408962319257566,1783444572211983303
2,42483666254,408962335176484,1783444572227902093
1,41566666251,408962343671657,1783444572236397298
0,42198719583,408962343696424,1783444572236422129
3,42503666253,408962351257797,1783444572243983438
2,42516999587,408962367223498,1783444572259949139
1,41599999584,408962375814957,1783444572268540598
0,42232052916,408962375832748,1783444572268558421
3,42536999586,408962383340491,1783444572276066132
2,42550332920,408962399247985,1783444572291973594
1,41633332917,408962407893650,1783444572300619259
0,42265386249,408962407897586,1783444572300623195
2,42583666253,408962431306071,1783444572324032416
0,42298719582,408962440207058,1783444572332932731
1,41666666250,408962440218994,1783444572332944667
2,42616999586,408962463369245,1783444572356094918
1,41699999583,408962471945344,1783444572364670953
0,42332052915,408962471976864,1783444572364702537
3,42570332919,408962479460031,1783444572372185672
2,42650332919,408962495356037,1783444572388081710
1,41733332916,408962503947304,1783444572396672913
0,42365386248,408962503965832,1783444572396691473
3,42603666252,408962511426983,1783444572404152656
2,42683666252,408962527376109,1783444572420101782
0,42398719581,408962535953968,1783444572428679609
1,41766666249,408962535957232,1783444572428682937
3,42636999585,408962543438863,1783444572436164632
2,42716999585,408962559375860,1783444572452101501
1,41799999582,408962567964919,1783444572460690560
0,42432052914,408962567965975,1783444572460691680
3,42670332918,408962575548916,1783444572468274557
2,42750332918,408962591486809,1783444572484212482
0,42465386247,408962600196569,1783444572492922178
1,41833332915,408962600198425,1783444572492924130
3,42703666251,408962608305928,1783444572501031633
2,42783666251,408962623445634,1783444572516171243
0,42498719580,408962632094339,1783444572524819948
1,41866666248,408962632111683,1783444572524837356
3,42736999584,408962639605730,1783444572532331371
2,42816999584,408962655504936,1783444572548230641
0,42532052913,408962664197704,1783444572556923313
1,41899999581,408962664210632,1783444572556936337
3,42770332917,408962671552107,1783444572564277780
2,42850332917,408962687527535,1783444572580253144
1,41933332914,408962696247151,1783444572588972856
0,42565386246,408962696288845,1783444572589014518
3,42803666250,408962703590481,1783444572596316122
2,42883666250,408962719560630,1783444572612286303
0,42598719579,408962728236727,1783444572620962368
1,41966666247,408962728261590,1783444572620987263
3,42836999583,408962735590073,1783444572628315746
2,42916999583,408962751556062,1783444572644282023
0,42632052912,408962760132513,1783444572652858218
1,41999999580,408962760154624,1783444572652880329
3,42870332916,408962767644447,1783444572660370088
2,42950332916,408962783604708,1783444572676330445
0,42665386245,408962792301380,1783444572685026989
1,42033332913,408962792316004,1783444572685041677
3,42903666249,408962799687718,1783444572692413423
2,42983666249,408962815607180,1783444572708332821
1,42066666246,408962824238638,1783444572716964343
0,42698719578,408962824242701,1783444572716968406
3,42936999582,408962831746860,1783444572724472565
2,43016999582,408962847622867,1783444572740348476
1,42099999579,408962856253333,1783444572748978942
0,42732052911,408962856256437,1783444572748982078
3,42970332915,408962863695349,1783444572756421022
2,43050332915,408962879655162,1783444572772380803
0,42765386244,408962888280060,1783444572781005733
1,42133332912,408962888291804,1783444572781017509
3,43003666248,408962895735996,1783444572788461669
2,43083666248,408962911705152,1783444572804430825
0,42798719577,408962920362593,1783444572813088202
1,42166666245,408962920383137,1783444572813108810
3,43036999581,408962927763779,1783444572820489516
2,43116999581,408962943721288,1783444572836446929
0,42832052910,408962952373673,1783444572845099378
1,42199999578,408962952389512,1783444572845115185
3,43070332914,408962959797770,1783444572852523475
2,43150332914,408962975725615,1783444572868451320
0,42865386243,408962984328466,1783444572877054107
1,42233332911,408962984330322,1783444572877055931
3,43103666247,408962991820337,1783444572884546042
2,43183666247,408963007742871,1783444572900468544
0,42898719576,408963016286874,1783444572909012515
1,42266666244,408963016294458,1783444572909020163
3,43136999580,408963023822552,1783444572916548257
3,43170332913,408963055845439,1783444572948571048
3,43203666246,408963087910789,1783444572980636494
2,43216999580,408963103856459,1783444572996582164
0,42932052909,408963112374031,1783444573005099640
1,42299999577,408963112377519,1783444573005103160
3,43236999579,408963119902317,1783444573012628022
2,43250332913,408963135842738,1783444573028568411
0,42965386242,408963144402997,1783444573037128638
1,42333332910,408963144410165,1783444573037135870
3,43270332912,408963151958674,1783444573044684411
2,43283666246,408963167906327,1783444573060632000
1,42366666243,408963176485337,1783444573069210978
0,42998719575,408963176501017,1783444573069226658
3,43303666245,408963183938169,1783444573076663810
2,43316999579,408963199911389,1783444573092637062
1,42399999576,408963208454529,1783444573101180138
0,43032052908,408963208500768,1783444573101226441
3,43336999578,408963215971871,1783444573108697512
2,43350332912,408963231941539,1783444573124667212
1,42433332909,408963240485798,1783444573133211439
0,43065386241,408963240497574,1783444573133223215
3,43370332911,408963247978021,1783444573140703662
2,43383666245,408963264077638,1783444573156803343
0,43098719574,408963272719623,1783444573165445328
3,43403666244,408963280051530,1783444573172777171
2,43416999578,408963296056813,1783444573188782486
0,43132052907,408963304669071,1783444573197394712
3,43436999577,408963312060304,1783444573204785945
2,43450332911,408963328059251,1783444573220784892
3,43470332910,408963344057975,1783444573236783616
2,43483666244,408963360092985,1783444573252818690
2,43516999577,408963392204253,1783444573284929894
2,43550332910,408963424173124,1783444573316898797
