cam,pts_ns,mono_ns,real_ns
0,64041999,10621333021236,1783482364156401204
0,96063000,10621336211080,1783482364159591016
0,128083999,10621337406415,1783482364160786383
0,160104999,10621340832772,1783482364164212708
0,192126000,10621341820491,1783482364165200427
0,224146999,10621344754365,1783482364168134301
0,256167999,10621533223600,1783482364356603568
3,567200000,10621683109235,1783482364506489171
0,288189000,10621691904106,1783482364515284042
0,320209999,10621691923338,1783482364515303306
3,599242666,10621715150010,1783482364538529946
0,352230999,10621723819792,1783482364547199728
0,448293999,10621741808704,1783482364565188640
0,576378000,10621741824992,1783482364565204960
3,631285332,10621747151617,1783482364570531585
3,663328000,10621779208392,1783482364602588360
3,695370666,10621811250735,1783482364634630703
0,608398999,10621819791428,1783482364643171396
3,727413332,10621843270262,1783482364666650230
3,759456000,10621950330415,1783482364773710383
0,640419999,10621950331151,1783482364773711119
0,672441000,10621950353423,1783482364773733391
0,704461999,10621950358639,1783482364773738575
0,736482999,10621950363247,1783482364773743215
3,791498666,10622158847935,1783482364982227871
0,864567000,10622158849599,1783482364982229567
3,823541332,10622158875999,1783482364982255935
0,896587999,10622158896543,1783482364982276511
0,928608999,10622158956031,1783482364982335999
1,1134800000,10622250691897,1783482365074071833
0,960630000,10622259236526,1783482365082616494
0,1056693000,10622259254703,1783482365082634639
3,855584000,10622259315887,1783482365082695855
3,887626666,10622259326671,1783482365082706639
1,1166832999,10622282710944,1783482365106090944
3,1047840000,10622291170261,1783482365114550197
0,1088713999,10622291176789,1783482365114556757
1,1198865999,10622314724999,1783482365138104935
3,1079882666,10622323165564,1783482365146545500
1,1230899000,10622346769966,1783482365170149902
3,1143968000,10622355225507,1783482365178605443
0,1120734999,10622363902649,1783482365187282617
3,1176010666,10622363903833,1783482365187283769
1,1262931999,10622378782229,1783482365202162197
1,1294964999,10622410807772,1783482365234187708
0,1152756000,10622572496393,1783482365395876329
3,1208053332,10622572502473,1783482365395882441
0,1184776999,10622572521801,1783482365395901737
3,1240096000,10622572522441,1783482365395902409
0,1216797999,10622572533865,1783482365395913769
1,1326998000,10622572537385,1783482365395917353
0,1248819000,10622572538601,1783482365395918537
3,1272138666,10622572808267,1783482365396188203
1,1359030999,10622781111545,1783482365604491481
1,1391063999,10622781131449,1783482365604511417
1,1423097000,10622781200826,1783482365604580762
1,1487162999,10622781230170,1783482365604610138
0,1472965999,10622781253498,1783482365604633434
0,1504986999,10622781261050,1783482365604640986
0,1537008000,10622781264890,1783482365604644858
0,1569028999,10622781268794,1783482365604648762
3,1304181332,10622781282778,1783482365604662714
3,1464394666,10622781288218,1783482365604668186
3,1496437332,10622781318522,1783482365604698490
3,1528480000,10622781323802,1783482365604703770
3,1688693332,10622804554955,1783482365627934891
0,1697112999,10622812958175,1783482365636338111
2,1702100000,10622817959486,1783482365641339422
3,1720736000,10622836587730,1783482365659967666
0,1729134000,10622844981030,1783482365668360934
2,1734128999,10622849983653,1783482365673363621
1,1679360999,10622858745691,1783482365682125627
2,1766157999,10622882011212,1783482365705391180
1,1711394000,10622890450560,1783482365713830528
2,1798187000,10622914048467,1783482365737428435
1,1743426999,10622922487175,1783482365745867111
3,1816864000,10622932726695,1783482365756106631
2,1830215999,10622946080154,1783482365769460122
1,1775459999,10622954552367,1783482365777932303
2,1862244999,10622978098017,1783482365801477953
1,1807493000,10622989560168,1783482365812940136
1,1839525999,10622989569544,1783482365812949512
0,1761154999,10622989577416,1783482365812957384
3,1848906666,10622989581576,1783482365812961512
0,1793175999,10623198144664,1783482366021524600
2,1894274000,10623198150072,1783482366021530008
1,1871558999,10623198158200,1783482366021538136
0,1825197000,10623198167384,1783482366021547352
0,1857217999,10623198174616,1783482366021554584
2,1926302999,10623198267257,1783482366021647225
3,1880949332,10623198275097,1783482366021655065
3,1912992000,10623198285657,1783482366021665625
3,1945034666,10623198290297,1783482366021670265
3,1977077332,10623198294489,1783482366021674457
2,1958331999,10623198405882,1783482366021785818
1,1903592000,10623198415482,1783482366021795450
1,1935624999,10623198428218,1783482366021808154
1,1967657999,10623198526043,1783482366021905979
2,1990361000,10623198659899,1783482366022039867
0,1889238999,10623198757692,1783482366022137660
2,2086448000,10623202298834,1783482366025678770
1,2095790000,10623211641260,1783482366035021228
3,2105248000,10623221119911,1783482366044499847
0,2113386000,10623229248346,1783482366052628346
2,2118476999,10623234330617,1783482366057710553
1,2127822999,10623243689715,1783482366067069683
3,2137290666,10623253141454,1783482366076521422
0,2145406999,10623261283649,1783482366084663585
2,2150505999,10623266369664,1783482366089749600
1,2159855999,10623275726394,1783482366099106362
3,2169333332,10623285192053,1783482366108572021
0,2177427999,10623293282087,1783482366116662055
3,2201376000,10623317231516,1783482366140611484
0,2209449000,10623325299342,1783482366148679342
3,2233418666,10623349295940,1783482366172675908
0,2241469999,10623357329013,1783482366180708949
0,2273490999,10623389335420,1783482366212715420
3,2265461332,10623469987282,1783482366293367250
0,2305512000,10623469990994,1783482366293370962
2,2182535000,10623470005042,1783482366293384978
1,2191889000,10623470036562,1783482366293416530
1,2223921999,10623470045170,1783482366293425106
2,2214563999,10623470090930,1783482366293470930
0,2337532999,10623470092178,1783482366293472146
3,2297504000,10623470093298,1783482366293473234
1,2255954999,10623470107442,1783482366293487410
3,2329546666,10623678693250,1783482366502073218
1,2287988000,10623678728739,1783482366502108707
1,2384087000,10623678737347,1783482366502117283
1,2416119999,10623678741699,1783482366502121635
0,2369553999,10623678750051,1783482366502129987
2,2246592999,10623678754947,1783482366502134883
3,2361589332,10623678808195,1783482366502188163
2,2278622000,10623678813219,1783482366502193187
2,2374709000,10623678820227,1783482366502200195
2,2406737999,10623678824899,1783482366502204835
0,2401575000,10623678832963,1783482366502212931
1,2448152999,10623678838147,1783482366502218115
0,2433595999,10623678897476,1783482366502277412
3,2393632000,10623678908420,1783482366502288356
3,2425674666,10623679013636,1783482366502393604
0,2465616999,10623679023940,1783482366502403876
2,2566883000,10623682758716,1783482366506138652
1,2576285000,10623692161526,1783482366515541494
3,2585888000,10623701747666,1783482366525127602
0,2593701000,10623709559746,1783482366532939682
2,2598911999,10623714776419,1783482366538156387
1,2608317999,10623724182813,1783482366547562749
3,2617930666,10623733788473,1783482366557168441
0,2625721999,10623741699594,1783482366565079562
2,2630940999,10623746814122,1783482366570194058
1,2640350999,10623756214916,1783482366579594884
3,2649973332,10623765828928,1783482366589208896
0,2657742999,10623773590160,1783482366596970128
2,2662970000,10623778822225,1783482366602202161
1,2672384000,10623788232971,1783482366611612939
2,2694998999,10623810869336,1783482366634249304
1,2704416999,10623820273874,1783482366643653810
2,2727027999,10623842876543,1783482366666256447
1,2736449999,10623941338946,1783482366764718882
0,2689764000,10623941392227,1783482366764772195
3,2682016000,10623941403747,1783482366764783715
0,2721784999,10623941407843,1783482366764787811
3,2714058666,10623941412003,1783482366764791971
3,2746101332,10623941416867,1783482366764796803
1,2768483000,10623941440995,1783482366764820931
2,2759057000,10623941469027,1783482366764848963
2,2791085999,10623941503556,1783482366764883492
3,2778144000,10624149980243,1783482366973360147
2,2823114999,10624149984499,1783482366973364467
3,2842229332,10624150001587,1783482366973381555
0,2753805999,10624150023731,1783482366973403667
0,2785827000,10624150031859,1783482366973411827
0,2881890000,10624150035763,1783482366973415667
1,2800515999,10624150058323,1783482366973438259
3,2874272000,10624150119316,1783482366973499252
2,2855144000,10624150128180,1783482366973508116
0,2913910999,10624150132852,1783482366973512820
1,2832548999,10624150168436,1783482366973548372
2,2887172999,10624150292053,1783482366973672021
3,2906314666,10624150299061,1783482366973678997
2,2919201999,10624150302325,1783482366973682293
3,3034485332,10624150484278,1783482366973864246
1,2864582000,10624150488150,1783482366973868086
1,2896614999,10624150493782,1783482366973873718
0,3041994999,10624157842500,1783482366981222404
2,3047318000,10624163176293,1783482366986556197
1,3056780000,10624172633664,1783482366996013632
3,3066528000,10624182382620,1783482367005762556
0,3074016000,10624189865867,1783482367013245835
2,3079346999,10624195194636,1783482367018574604
1,3088812999,10624204668967,1783482367028048903
3,3098570666,10624214416451,1783482367037796387
0,3106036999,10624221884370,1783482367045264338
2,3111375999,10624230426343,1783482367053806279
1,3120845999,10624236710030,1783482367060089934
3,3130613332,10624246467819,1783482367069847755
0,3138057999,10624253906969,1783482367077286937
2,3143405000,10624259280250,1783482367082660218
1,3152879000,10624268750005,1783482367092129973
0,3170079000,10624285936416,1783482367109316352
0,3202099999,10624317955271,1783482367141335239
3,3226741332,10624342610784,1783482367165990752
2,3175433999,10624439072280,1783482367262452216
0,3234120999,10624439130200,1783482367262510136
2,3207462999,10624439136024,1783482367262515992
3,3258784000,10624439143128,1783482367262523064
0,3266142000,10624439227161,1783482367262607065
2,3239492000,10624439230361,1783482367262610297
1,3184911999,10624439242745,1783482367262622713
1,3216944999,10624439251577,1783482367262631545
1,3248978000,10624439256249,1783482367262636217
3,3290826666,10624439268249,1783482367262648185
2,3271520999,10624439582267,1783482367262962235
1,3281010999,10624439651899,1783482367263031835
3,3322869332,10624439671355,1783482367263051323
0,3298162999,10624439769148,1783482367263149116
2,3335579000,10624648169291,1783482367471549259
0,3330183999,10624648177771,1783482367471557707
3,3354912000,10624648203243,1783482367471583211
3,3386954666,10624648210731,1783482367471590699
3,3418997332,10624648273292,1783482367471653228
1,3345077000,10624648277868,1783482367471657804
0,3362205000,10624648283756,1783482367471663692
1,3377109999,10624648290380,1783482367471670316
2,3367607999,10624648335052,1783482367471714988
3,3451040000,10624648365548,1783482367471745516
2,3399636999,10624648390092,1783482367471770028
1,3473208999,10624648414989,1783482367471794957
0,3394225999,10624648426637,1783482367471806605
0,3426246999,10624648519981,1783482367471899917
2,3495723999,10624648538061,1783482367471918029
1,3505241999,10624648539405,1783482367471919373
1,3537275000,10624653131594,1783482367476511530
3,3547168000,10624663033127,1783482367486413095
0,3554331000,10624670186292,1783482367493566196
2,3559781999,10624675631414,1783482367499011382
1,3569307999,10624685175921,1783482367508555857
3,3579210666,10624695075502,1783482367518455438
0,3586351999,10624702225019,1783482367525604987
2,3591810999,10624707667965,1783482367531048029
1,3601340999,10624717198712,1783482367540578648
3,3611253332,10624727126582,1783482367550506550
0,3618372999,10624734230210,1783482367557610178
2,3623840000,10624739686244,1783482367563066180
1,3633374000,10624749253055,1783482367572632991
3,3643296000,10624759156317,1783482367582536285
0,3650394000,10624766256169,1783482367589636073
2,3655868999,10624771722091,1783482367595102059
3,3675338666,10624791193060,1783482367614573028
3,3707381332,10624944115898,1783482367767495866
2,3687897999,10624944116506,1783482367767496474
1,3665406999,10624944123514,1783482367767503482
0,3682414999,10624944130682,1783482367767510618
0,3714435999,10624944145434,1783482367767525402
3,3739424000,10624944229691,1783482367767609659
0,3746457000,10624944232603,1783482367767612571
1,3697439999,10624944243547,1783482367767623515
0,3778477999,10624944319227,1783482367767699163
1,3729473000,10624944354428,1783482367767734396
1,3761505999,10624944385020,1783482367767764988
3,3771466666,10624944397756,1783482367767777692
3,3803509332,10624944402076,1783482367767782044
2,3719927000,10624944431516,1783482367767811484
2,3751955999,10624944447068,1783482367767827004
2,3783984999,10624944453052,1783482367767833020
0,3842520000,10624958377331,1783482367781757299
1,3857604999,10625152968876,1783482367976348812
3,3835552000,10625152970732,1783482367976350700
0,3874540999,10625152974060,1783482367976353996
2,3848042999,10625152977868,1783482367976357836
1,3889637999,10625153009580,1783482367976389516
3,3867594666,10625153079405,1783482367976459373
0,3906561999,10625153085773,1783482367976465741
1,3921671000,10625153091405,1783482367976471341
3,3899637332,10625153161389,1783482367976541357
2,3880071999,10625153167661,1783482367976547597
1,3953703999,10625153170829,1783482367976550765
2,3912101000,10625153178829,1783482367976558765
3,3931680000,10625153247374,1783482367976627342
0,3938583000,10625153259918,1783482367976639854
2,3944129999,10625153270382,1783482367976650350
0,3970603999,10625153273006,1783482367976652974
2,4040216999,10625156041631,1783482367979421567
1,4049802999,10625165671547,1783482367989051515
3,4059850666,10625175703321,1783482367999083289
0,4066666999,10625182521604,1783482368005901572
2,4072245999,10625188091430,1783482368011471398
1,4081835999,10625197683010,1783482368021062978
3,4091893332,10625207743072,1783482368031123168
0,4098687999,10625214535755,1783482368037915691
2,4104275000,10625220122925,1783482368043502893
1,4113869000,10625229735113,1783482368053115049
3,4123936000,10625239787304,1783482368063167272
0,4130709000,10625246572530,1783482368069952498
2,4136303999,10625252169813,1783482368075549749
1,4145901999,10625261784080,1783482368085164080
3,4155978666,10625271831087,1783482368095211023
0,4162729999,10625278600249,1783482368101980217
2,4168332999,10625284196156,1783482368107576124
1,4177934999,10625293799831,1783482368117179799
3,4188021332,10625303865942,1783482368127245910
0,4194750999,10625310602464,1783482368133982432
1,4209968000,10625325811166,1783482368149191134
1,4242000999,10625478843765,1783482368302223733
0,4290813999,10625478844661,1783482368302224629
2,4200362000,10625478871734,1783482368302251670
3,4220064000,10625478878806,1783482368302258774
0,4322835000,10625478969718,1783482368302349686
3,4252106666,10625478973526,1783482368302353462
2,4232390999,10625478979446,1783482368302359382
1,4274033999,10625478984758,1783482368302364694
3,4284149332,10625479049943,1783482368302429911
0,4354855999,10625479053623,1783482368302433591
2,4264419999,10625479067255,1783482368302447191
2,4296449000,10625479124119,1783482368302504087
3,4316192000,10625479132471,1783482368302512407
1,4306067000,10625479141527,1783482368302521495
1,4338099999,10625479243896,1783482368302623832
0,4386876999,10625502741162,1783482368326121130
1,4370132999,10625687741320,1783482368511121256
3,4380277332,10625687742120,1783482368511122088
2,4392536000,10625687751848,1783482368511131784
0,4418898000,10625687753640,1783482368511133608
2,4424564999,10625687771368,1783482368511151304
2,4456593999,10625687847624,1783482368511227592
3,4412320000,10625687858536,1783482368511238472
0,4450918999,10625687859112,1783482368511239048
1,4402166000,10625687874761,1783482368511254697
3,4444362666,10625687957289,1783482368511337225
3,4476405332,10625688292139,1783482368511672107
2,4488623000,10625688302155,1783482368511682091
1,4434198999,10625688394892,1783482368511774828
0,4482939999,10625688397228,1783482368511777196
1,4466231999,10625688409068,1783482368511789036
0,4514961000,10625688410892,1783482368511790860
0,4579002999,10625694866452,1783482368518246356
2,4584710000,10625700564535,1783482368523944503
1,4594364000,10625710216115,1783482368533596083
0,4611024000,10625726877211,1783482368550257307
2,4616738999,10625732584766,1783482368555964702
1,4626396999,10625742245178,1783482368565625146
3,4636618666,10625752516698,1783482368575896634
0,4643044999,10625758906146,1783482368582286082
2,4648767999,10625764624902,1783482368588004870
1,4658429999,10625774282626,1783482368597662562
3,4668661332,10625784510401,1783482368607890337
0,4675065999,10625790916361,1783482368614296329
2,4680797000,10625796667437,1783482368620047373
1,4690463000,10625806313257,1783482368629693193
3,4700704000,10625816557672,1783482368639937608
0,4707087000,10625822939824,1783482368646319728
2,4712825999,10625828678516,1783482368652058484
1,4722495999,10625838351120,1783482368661731056
3,4732746666,10625848596815,1783482368671976751
2,4744854999,10625860705755,1783482368684085723
3,4764789332,10625880636695,1783482368704016631
0,4739107999,10626013637681,1783482368837017617
2,4776884000,10626013638801,1783482368837018737
1,4754528999,10626013643473,1783482368837023441
3,4796832000,10626013646033,1783482368837025969
1,4786562000,10626013734610,1783482368837114514
2,4808912999,10626013739026,1783482368837118962
3,4828874666,10626013745970,1783482368837125938
0,4771128999,10626013754162,1783482368837134098
3,4860917332,10626013821234,1783482368837201202
0,4803150000,10626013838642,1783482368837218578
1,4882661000,10626013857523,1783482368837237459
2,4904999999,10626020863646,1783482368844243646
2,4937028999,10626222406691,1783482369045786627
3,4892960000,10626222407427,1783482369045787363
0,4835170999,10626222446979,1783482369045826915
0,4899213000,10626222466499,1783482369045846467
1,4914693999,10626222471427,1783482369045851363
2,4969058000,10626222511875,1783482369045891811
3,4925002666,10626222518755,1783482369045898723
0,4931233999,10626222522275,1783482369045902243
1,4946726999,10626222536132,1783482369045916100
1,4978760000,10626222542692,1783482369045922660
2,5001086999,10626222611172,1783482369045991108
3,4957045332,10626222615332,1783482369045995300
0,4963254999,10626222627268,1783482369046007204
1,5010792999,10626222636612,1783482369046016548
2,5033115999,10626222708869,1783482369046088837
3,4989088000,10626222782405,1783482369046162373
1,5106891999,10626222786341,1783482369046166309
3,5117258666,10626233132325,1783482369056512261
0,5123359999,10626239217067,1783482369062596971
2,5129202999,10626245080080,1783482369068460016
1,5138924999,10626254789356,1783482369078169324
3,5149301332,10626265167469,1783482369088547405
0,5155380999,10626271245266,1783482369094625202
2,5161232000,10626277105367,1783482369100485335
1,5170958000,10626286814803,1783482369110194771
3,5181344000,10626297217140,1783482369120597076
0,5187402000,10626303264089,1783482369126644089
2,5193260999,10626309120222,1783482369132500190
1,5202990999,10626318840794,1783482369142220730
3,5213386666,10626329245531,1783482369152625467
0,5219422999,10626335272704,1783482369158652608
2,5225289999,10626341136069,1783482369164516005
1,5235023999,10626350898817,1783482369174278753
3,5245429332,10626361291778,1783482369184671714
0,5251443999,10626367307527,1783482369190687495
2,5257319000,10626373176332,1783482369196556300
1,5267057000,10626382922632,1783482369206302600
0,5283465000,10626399326286,1783482369222706254
1,5299089999,10626552297093,1783482369375677061
3,5277472000,10626552298789,1783482369375678757
0,5315485999,10626552327429,1783482369375707365
3,5309514666,10626552329157,1783482369375709093
2,5289347999,10626552358598,1783482369375738502
1,5331122999,10626552400710,1783482369375780646
2,5321376999,10626552401094,1783482369375781062
3,5341557332,10626552413798,1783482369375793734
0,5347506999,10626552417222,1783482369375797158
0,5379528000,10626552494086,1783482369375874022
1,5363156000,10626552507495,1783482369375887463
2,5353406000,10626552607847,1783482369375987783
2,5385434999,10626552618311,1783482369375998247
3,5373600000,10626552629383,1783482369376009319
0,5411548999,10626552680392,1783482369376060328
1,5395188999,10626552693832,1783482369376073768
3,5437685332,10626553543533,1783482369376923501
0,5443569999,10626761178840,1783482369584558776
1,5459255000,10626761183608,1783482369584563544
3,5469728000,10626761186808,1783482369584566776
2,5449493000,10626761197368,1783482369584577336
0,5475591000,10626761288664,1783482369584668632
1,5491287999,10626761290680,1783482369584670648
3,5501770666,10626761291128,1783482369584671064
2,5481521999,10626761306520,1783482369584686488
2,5513550999,10626761373817,1783482369584753785
0,5507611999,10626761376665,1783482369584756633
3,5533813332,10626761392057,1783482369584772025
1,5523320999,10626761445145,1783482369584825081
0,5539632999,10626761453689,1783482369584833657
1,5555354000,10626761455193,1783482369584835129
2,5545580000,10626761465849,1783482369584845817
3,5565856000,10626761493018,1783482369584872986
1,5651453000,10626767304286,1783482369590684254
3,5661984000,10626777834655,1783482369601214623
2,5673695999,10626789547336,1783482369612927272
1,5683485999,10626799351845,1783482369622731781
3,5694026666,10626809875686,1783482369633255654
0,5699737999,10626815588554,1783482369638968522
2,5705724999,10626821578511,1783482369644958479
1,5715518999,10626831375404,1783482369654755340
3,5726069332,10626841917293,1783482369665297261
0,5731758999,10626847604369,1783482369670984337
2,5737754000,10626853607606,1783482369676987574
1,5747552000,10626863401971,1783482369686781939
3,5758112000,10626873979797,1783482369697359765
0,5763780000,10626879640024,1783482369703019992
2,5769782999,10626885633917,1783482369709013885
1,5779584999,10626895453402,1783482369718833338
3,5790154666,10626906018588,1783482369729398556
0,5795800999,10626911656991,1783482369735036959
2,5801811999,10626917662276,1783482369741042180
1,5811617999,10626927479745,1783482369750859713
3,5822197332,10626938056835,1783482369761436771
0,5827821999,10626943670886,1783482369767050854
2,5833841000,10626949715915,1783482369773095883
0,5859843000,10626975711629,1783482369799091661
2,5865869999,10627094261838,1783482369917641902
1,5843651000,10627094263054,1783482369917642958
0,5891863999,10627094265678,1783482369917645614
3,5854240000,10627094269294,1783482369917649262
0,5923884999,10627094414319,1783482369917794287
1,5875683999,10627094436111,1783482369917816079
2,5897898999,10627094455791,1783482369917835695
2,5929928000,10627094492015,1783482369917871983
0,5955906000,10627094502511,1783482369917882479
1,5907716999,10627094523920,1783482369917903856
3,5886282666,10627094852018,1783482369918231922
3,5918325332,10627094865586,1783482369918245554
2,5961956999,10627303065824,1783482370126445792
1,5939750000,10627303072448,1783482370126452416
0,5987926999,10627303076832,1783482370126456768
1,6003815999,10627303110432,1783482370126490368
3,5950368000,10627303113312,1783482370126493280
0,6019947999,10627303180833,1783482370126560801
1,6035849000,10627303271489,1783482370126651457
1,6067881999,10627303279809,1783482370126659745
2,5993985999,10627303292641,1783482370126672577
2,6026015000,10627303297921,1783482370126677889
3,6046496000,10627303324289,1783482370126704225
3,6078538666,10627303336161,1783482370126716097
0,6051969000,10627303368322,1783482370126748290
3,6110581332,10627303575683,1783482370126955651
0,6083989999,10627303586787,1783482370126966723
2,6058043999,10627303623907,1783482370127003875
1,6196013999,10627311866263,1783482370135246199
3,6206709332,10627322564185,1783482370145944121
0,6212073999,10627327918522,1783482370151298490
2,6218189000,10627334034784,1783482370157414752
3,6238752000,10627354613792,1783482370177993760
0,6244095000,10627359943937,1783482370183323905
3,6270794666,10627386684488,1783482370210064456
0,6276115999,10627391971432,1783482370215351368
1,6292112999,10627407964876,1783482370231344812
3,6302837332,10627418699247,1783482370242079151
0,6308136999,10627423995440,1783482370247375408
2,6314276000,10627430135094,1783482370253515062
1,6324146000,10627440020499,1783482370263400435
3,6334880000,10627450735318,1783482370274115222
0,6340158000,10627456037463,1783482370279417431
2,6346304999,10627462165693,1783482370285545661
1,6356178999,10627472043322,1783482370295423290
2,6378333999,10627494212484,1783482370317592452
1,6388211999,10627504054689,1783482370327434657
0,6372178999,10627512558422,1783482370335938454
3,6366922666,10627512565526,1783482370335945494
2,6410363000,10627526240587,1783482370349620523
1,6420245000,10627536099368,1783482370359479304
2,6442391999,10627558259282,1783482370381639250
1,6452277999,10627568128495,1783482370391508431
0,6404199999,10627721090694,1783482370544470662
1,6484310999,10627721092806,1783482370544472742
2,6474420999,10627721098918,1783482370544478886
3,6398965332,10627721107558,1783482370544487526
0,6436221000,10627721201703,1783482370544581671
2,6506450000,10627721230215,1783482370544610183
3,6431008000,10627721248231,1783482370544628199
2,6538478999,10627721278279,1783482370544658215
3,6463050666,10627721295176,1783482370544675144
0,6468241999,10627721315784,1783482370544695752
3,6495093332,10627721495625,1783482370544875561
0,6500262999,10627721512553,1783482370544892489
2,6570507999,10627721524329,1783482370544904297
1,6516344000,10627721585673,1783482370544965641
1,6548376999,10627721598729,1783482370544978665
1,6580409999,10627721604330,1783482370544984234
1,6612443000,10627930003833,1783482370753383769
2,6634565999,10627930004313,1783482370753384281
0,6628347000,10627930045337,1783482370753425273
0,6660367999,10627930058009,1783482370753437977
0,6692388999,10627930062905,1783482370753442873
3,6623264000,10627930065177,1783482370753445145
3,6655306666,10627930072217,1783482370753452153
1,6644475999,10627930114362,1783482370753494298
1,6676508999,10627930189050,1783482370753569018
1,6708542000,10627930256027,1783482370753635995
3,6687349332,10627930268795,1783482370753648763
3,6719392000,10627930273307,1783482370753653275
0,6724410000,10627930594941,1783482370753974909
2,6666594999,10627930611069,1783482370753991037
2,6698624000,10627930622429,1783482370754002365
2,6730652999,10627930795262,1783482370754175230
3,6815520000,10627931371969,1783482370754751873
0,6820473000,10627936319424,1783482370759699360
3,6847562666,10627963414377,1783482370786794409
0,6852493999,10627968352039,1783482370791732007
2,6826739999,10628138813995,1783482370962193931
1,6836673999,10628138814155,1783482370962194091
3,6879605332,10628138850891,1783482370962230859
1,6868706999,10628138870891,1783482370962250859
0,6884514999,10628138893195,1783482370962273163
2,6858768999,10628138909004,1783482370962288940
1,6900740000,10628138910380,1783482370962290348
2,6890798000,10628138917356,1783482370962297292
0,6916536000,10628139080205,1783482370962460173
2,6922826999,10628139084525,1783482370962464493
0,6948556999,10628139089005,1783482370962468973
0,6980577999,10628139139437,1783482370962519373
1,6932772999,10628139394927,1783482370962774863
3,6911648000,10628139400495,1783482370962780463
3,6943690666,10628139413871,1783482370962793807
3,6975733332,10628139419343,1783482370962799311
1,7028871999,10628144740560,1783482370968120528
2,7050942999,10628166824921,1783482370990204889
3,7039818666,10628175359982,1783482370998739950
1,7060904999,10628176759607,1783482371000139575
2,7082972000,10628198822048,1783482371022201984
3,7071861332,10628207279253,1783482371030659189
1,7092938000,10628208788286,1783482371032168222
0,7108662000,10628224517440,1783482371047897408
2,7115000999,10628230871079,1783482371054251047
3,7103904000,10628231005000,1783482371054384936
1,7124970999,10628240836421,1783482371064216389
3,7135946666,10628251801353,1783482371075181289
0,7140682999,10628256544391,1783482371079924327
2,7147029999,10628262896046,1783482371086276014
1,7157003999,10628272857164,1783482371096237100
0,7172703999,10628288577134,1783482371111957102
2,7179059000,10628294920053,1783482371118300021
1,7189037000,10628304898099,1783482371128278035
0,7204725000,10628320575605,1783482371143955573
2,7211087999,10628326937468,1783482371150317436
1,7221069999,10628457928075,1783482371281308043
2,7243116999,10628457929547,1783482371281309515
0,7236745999,10628457930571,1783482371281310539
3,7167989332,10628457973227,1783482371281353163
0,7268766999,10628458034539,1783482371281414507
1,7253102999,10628458047852,1783482371281427820
0,7300788000,10628458111564,1783482371281491532
1,7285136000,10628458121196,1783482371281501164
3,7200032000,10628458429934,1783482371281809902
3,7232074666,10628458442478,1783482371281822414
2,7275146000,10628458457166,1783482371281837102
2,7307174999,10628458464814,1783482371281844750
3,7264117332,10628666690013,1783482371490069981
0,7332808999,10628666695357,1783482371490075325
1,7317168999,10628666705309,1783482371490085245
3,7360245332,10628666718589,1783482371490098557
2,7339203999,10628666734717,1783482371490114653
3,7456373332,10628666741533,1783482371490121469
2,7371233000,10628666782461,1783482371490162429
3,7488416000,10628666791741,1783482371490171677
0,7364829999,10628666798909,1783482371490178845
1,7349201999,10628666810013,1783482371490189981
2,7403261999,10628666871710,1783482371490251678
0,7396851000,10628666884830,1783482371490264798
1,7381235000,10628666888702,1783482371490268638
2,7435290999,10628666982974,1783482371490362942
0,7428871999,10628667000127,1783482371490380063
1,7413267999,10628667016127,1783482371490396063
3,7552501332,10628668350279,1783482371491730215
0,7556955999,10628672807171,1783482371496187139
2,7563407000,10628679254315,1783482371502634283
1,7573433000,10628689298761,1783482371512678729
3,7584544000,10628700409998,1783482371523789966
0,7588977000,10628708983492,1783482371532363428
2,7595435999,10628711291282,1783482371534671218
1,7605465999,10628721335856,1783482371544715792
3,7616586666,10628732463894,1783482371555843862
3,7648629332,10628764507421,1783482371587887357
0,7620997999,10628917569844,1783482371740949780
2,7627464999,10628917571636,1783482371740951572
0,7653018999,10628917594036,1783482371740973972
2,7723551999,10628917598132,1783482371740978100
0,7685040000,10628917612725,1783482371740992693
3,7680672000,10628917626357,1783482371741006293
0,7717060999,10628917668757,1783482371741048725
1,7701564999,10628917756021,1783482371741135989
1,7733597999,10628917784278,1783482371741164214
1,7765631000,10628917790262,1783482371741170198
1,7797663999,10628917794774,1783482371741174710
2,7755581000,10628918149432,1783482371741529368
2,7787609999,10628918189848,1783482371741569784
3,7712714666,10628918206168,1783482371741586104
3,7744757332,10628918218872,1783482371741598840
0,7813123999,10628928967515,1783482371752347483
1,7829696999,10628945559746,1783482371768939682
2,7819638999,10629126361990,1783482371949741926
3,7776800000,10629126373414,1783482371949753350
1,7861730000,10629126383366,1783482371949763270
2,7851668000,10629126390182,1783482371949770150
0,7845144999,10629126414919,1783482371949794887
2,7883696999,10629126456327,1783482371949836295
3,7808842666,10629126465799,1783482371949845735
0,7877166000,10629126480103,1783482371949860071
1,7893762999,10629126490023,1783482371949869991
3,7840885332,10629126549319,1783482371949929287
0,7909186999,10629126561832,1783482371949941768
1,7925795999,10629126571944,1783482371949951912
2,7915725999,10629126599656,1783482371949979624
3,7872928000,10629126636392,1783482371950016328
1,7957829000,10629126637416,1783482371950017384
0,7941207999,10629126651752,1783482371950031688
2,8011812999,10629127663278,1783482371951043246
1,8021894999,10629137744365,1783482371961124333
3,8033141332,10629148995891,1783482371972375859
0,8037270999,10629153117709,1783482371976497645
2,8043842000,10629159715382,1783482371983095318
1,8053928000,10629335298777,1783482372158678745
2,8075870999,10629335299545,1783482372158679513
3,8065184000,10629335300441,1783482372158680377
3,8097226666,10629335335386,1783482372158715354
3,8129269332,10629335344698,1783482372158724634
0,8069292000,10629335359322,1783482372158739258
2,8107899999,10629335416762,1783482372158796730
3,8161312000,10629335427226,1783482372158807162
0,8101312999,10629335438170,1783482372158818074
1,8085960999,10629335441530,1783482372158821498
1,8117993999,10629335573979,1783482372158953947
0,8133333999,10629335594011,1783482372158973979
2,8139929000,10629335607323,1783482372158987291
3,8225397332,10629341249022,1783482372164628990
1,8150027000,10629544164652,1783482372367544588
0,8165355000,10629544167884,1783482372367547820
2,8171957999,10629544178252,1783482372367558188
0,8229396999,10629544188908,1783482372367568876
2,8236016000,10629544193356,1783482372367573324
0,8261418000,10629544196364,1783482372367576332
1,8246126000,10629544197068,1783482372367577036
1,8278158999,10629544226444,1783482372367606412
3,8257440000,10629544233644,1783482372367613612
2,8268044999,10629544267021,1783482372367646957
3,8289482666,10629544271885,1783482372367651853
1,8310191999,10629544283821,1783482372367663757
0,8293438999,10629544297261,1783482372367677197
3,8321525332,10629544358669,1783482372367738637
2,8300073999,10629544362381,1783482372367742349
3,8353568000,10629544510702,1783482372367890670
1,8438324000,10629554178122,1783482372377558090
3,8449696000,10629565547345,1783482372388927281
2,8460218999,10629576046194,1783482372399426130
1,8470356999,10629586202833,1783482372409582769
3,8481738666,10629597590424,1783482372420970360
2,8492247999,10629608095257,1783482372431475193
1,8502389999,10629618235800,1783482372441615768
3,8513781332,10629629642335,1783482372453022303
0,8517585999,10629633452439,1783482372456832375
2,8524277000,10629640132705,1783482372463512673
1,8534423000,10629650271936,1783482372473651904
3,8545824000,10629661699655,1783482372485079591
0,8549607000,10629665471038,1783482372488850974
2,8556305999,10629672159400,1783482372495539368
1,8566455999,10629682321159,1783482372505701159
0,8581627999,10629697491077,1783482372520871045
2,8588334999,10629704194255,1783482372527574191
1,8598488999,10629714337358,1783482372537717326
0,8613648999,10629729522252,1783482372552902220
0,8645670000,10629761528211,1783482372584908115
0,8677690999,10629793549914,1783482372616929850
2,8620364000,10629835207997,1783482372658587965
1,8630522000,10629835212893,1783482372658592829
0,8709711999,10629835218909,1783482372658598877
3,8577866666,10629835227870,1783482372658607838
1,8662554999,10630043760718,1783482372867140686
2,8652392999,10630043788974,1783482372867168942
2,8684421999,10630043802446,1783482372867182382
0,8741733000,10630043806030,1783482372867185998
2,8716451000,10630043806990,1783482372867186958
1,8694587999,10630043821454,1783482372867201422
1,8726621000,10630043889967,1783482372867269935
0,8773753999,10630043901167,1783482372867281135
2,8748479999,10630043911663,1783482372867291631
3,8609909332,10630044159120,1783482372867539056
3,8641952000,10630044173233,1783482372867553169
3,8673994666,10630044179185,1783482372867559153
3,8738080000,10630044184049,1783482372867564017
1,8758653999,10630044388466,1783482372867768402
0,8805774999,10630044414706,1783482372867794674
0,8837796000,10630044489043,1783482372867868979
3,8930336000,10630046185533,1783482372869565501
0,8933859000,10630049715251,1783482372873095187
2,8940653999,10630056505213,1783482372879885149
1,8950851999,10630066696829,1783482372890076765
3,8962378666,10630078228836,1783482372901608804
0,8965879999,10630081743098,1783482372905123034
2,8972682999,10630088537028,1783482372911916996
1,8982884999,10630098731524,1783482372922111492
3,8994421332,10630110268396,1783482372933648364
0,8997900999,10630113750497,1783482372937130465
2,9004712000,10630120553195,1783482372943933131
1,9014918000,10630130764203,1783482372954144139
3,9026464000,10630142311923,1783482372965691891
2,9036740999,10630152590931,1783482372975970867
3,9058506666,10630174387642,1783482372997767610
3,9090549332,10630206404545,1783482373029784481
1,9111017000,10630226883489,1783482373050263425
2,9132827999,10630248701000,1783482373072080936
3,9122592000,10630273500450,1783482373096880418
1,9143049999,10630273508066,1783482373096888034
0,9029922000,10630273518979,1783482373096898915
2,9164856999,10630280731567,1783482373104111535
3,9154634666,10630482151956,1783482373305531860
2,9196886000,10630482151828,1783482373305531796
1,9175082999,10630482157108,1783482373305537044
0,9061942999,10630482151956,1783482373305531892
0,9093963999,10630482196564,1783482373305576532
1,9207116000,10630482205140,1783482373305585076
0,9125985000,10630482205620,1783482373305585556
3,9186677332,10630482258420,1783482373305638388
0,9158005999,10630482258676,1783482373305638644
2,9228914999,10630482262868,1783482373305642836
1,9239148999,10630482269333,1783482373305649301
3,9218720000,10630482346069,1783482373305726005
2,9260943999,10630482348021,1783482373305727957
1,9271181999,10630482356277,1783482373305736213
2,9292973000,10630482421877,1783482373305801845
3,9250762666,10630482632759,1783482373306012695
1,9367280999,10630483133530,1783482373306513466
3,9378933332,10630494805826,1783482373318185794
0,9382152999,10630498015862,1783482373321395798
2,9389060000,10630504913697,1783482373328293729
1,9399314000,10630515192353,1783482373338572289
3,9410976000,10630526837546,1783482373350217482
0,9414174000,10630530032286,1783482373353412254
2,9421088999,10630536943337,1783482373360323273
1,9431346999,10630547216328,1783482373370596296
3,9443018666,10630558874481,1783482373382254449
0,9446194999,10630562054277,1783482373385434213
2,9453117999,10630568979280,1783482373392359248
1,9463379999,10630579241296,1783482373402621264
3,9475061332,10630590921624,1783482373414301592
0,9478215999,10630594061580,1783482373417441548
2,9485147000,10630601001911,1783482373424381879
1,9495413000,10630611264375,1783482373434644343
0,9510237000,10630626094131,1783482373449474035
0,9542257999,10630658109434,1783482373481489402
0,9574278999,10630764221486,1783482373587601422
1,9527445999,10630764222478,1783482373587602478
2,9517175999,10630764222766,1783482373587602702
3,9507104000,10630764230414,1783482373587610382
1,9559478999,10630764325102,1783482373587705070
3,9539146666,10630764330670,1783482373587710606
2,9549204999,10630764342990,1783482373587722926
0,9606300000,10630764343118,1783482373587723054
3,9571189332,10630764422223,1783482373587802191
0,9638320999,10630764437231,1783482373587817167
1,9591512000,10630764449199,1783482373587829199
2,9581234000,10630764514960,1783482373587894928
1,9623544999,10630972983616,1783482373796363552
3,9603232000,10630972991264,1783482373796371232
2,9613262999,10630973007424,1783482373796387360
3,9667317332,10630973009536,1783482373796389504
2,9677321000,10630973027168,1783482373796407104
0,9670341999,10630973029632,1783482373796409568
2,9709349999,10630973074624,1783482373796454560
0,9702363000,10630973080320,1783482373796460224
1,9655577999,10630973086208,1783482373796466176
3,9699360000,10630973096992,1783482373796476960
0,9734383999,10630973172161,1783482373796552097
2,9741378999,10630973182593,1783482373796562561
0,9766404999,10630973254881,1783482373796634817
1,9687611000,10630973291010,1783482373796670978
3,9731402666,10630973299362,1783482373796679330
1,9719643999,10630973354146,1783482373796734082
3,9859573332,10630975430287,1783482373798810223
2,9869495000,10630985378413,1783482373808758349
1,9879809000,10630995664589,1783482373819044557
3,9891616000,10631007471158,1783482373830851126
2,9901523999,10631017373844,1783482373840753812
1,9911841999,10631027692020,1783482373851071988
3,9923658666,10631039509693,1783482373862889629
0,9926509999,10631042367887,1783482373865747823
2,9933552999,10631049400443,1783482373872780411
1,9943874999,10631059729435,1783482373883109371
3,9955701332,10631071553861,1783482373894933829
0,9958530999,10631074384150,1783482373897764118
2,9965582000,10631081436898,1783482373904816834
1,9975908000,10631091763554,1783482373915143554
3,9987744000,10631103590220,1783482373926970188
0,9990552000,10631106402749,1783482373929782749
2,9997610999,10631113467337,1783482373936847273
1,10007940999,10631123795529,1783482373947175497
3,10019786666,10631135646451,1783482373959026419
0,10022572999,10631138418372,1783482373961798340
2,10029639999,10631145491536,1783482373968871472
0,10054593999,10631170448620,1783482373993828588
0,10086615000,10631266425760,1783482374089805728
1,10039973999,10631266428128,1783482374089808096
3,10051829332,10631266434112,1783482374089814048
2,10061669000,10631266440096,1783482374089820032
0,10118635999,10631266569345,1783482374089949281
2,10093697999,10631266569889,1783482374089949825
1,10072007000,10631266571521,1783482374089951489
3,10083872000,10631266586401,1783482374089966337
0,10150656999,10631475345843,1783482374298725779
2,10125726999,10631475345875,1783482374298725843
3,10115914666,10631475381428,1783482374298761396
3,10147957332,10631475395540,1783482374298775508
2,10157756000,10631475458708,1783482374298838644
3,10180000000,10631475459252,1783482374298839188
0,10182678000,10631475476308,1783482374298856276
3,10276128000,10631475541205,1783482374298921141
2,10189784999,10631475546165,1783482374298926133
0,10214698999,10631475563125,1783482374298943061
2,10221813999,10631475624693,1783482374299004629
0,10246719999,10631475640341,1783482374299020277
1,10104039999,10631476065656,1783482374299445592
1,10136072999,10631476111960,1783482374299491896
1,10168106000,10631476121624,1783482374299501592
1,10200138999,10631476128344,1783482374299508280
1,10360304000,10631476165145,1783482374299545113
3,10372256000,10631488112515,1783482374311492547
0,10374804000,10631490670835,1783482374314050771
2,10381958999,10631497831327,1783482374321211295
1,10392336999,10631508202112,1783482374331582080
3,10404298666,10631520160746,1783482374343540682
0,10406824999,10631522682682,1783482374346062650
2,10413987999,10631529878183,1783482374353258151
1,10424369999,10631540225671,1783482374363605639
3,10436341332,10631552198833,1783482374375578801
0,10438845999,10631554700481,1783482374378080449
2,10446017000,10631561871438,1783482374385251374
3,10468384000,10631584240025,1783482374407619993
0,10470867000,10631586715304,1783482374410095240
3,10500426666,10631616287040,1783482374439667008
0,10502887999,10631618737391,1783482374442117327
1,10520468999,10631636348061,1783482374459727997
3,10532469332,10631648339943,1783482374471719911
2,10542104000,10631657975971,1783482374481355907
1,10552502000,10631668366500,1783482374491746436
2,10574132999,10631689994922,1783482374513374890
1,10584534999,10631700386923,1783482374523766859
1,10616567999,10631801312895,1783482374624692831
3,10564512000,10631801319647,1783482374624699583
2,10606161999,10631801321055,1783482374624701023
0,10534908999,10631801330719,1783482374624710687
2,10638191000,10631801344575,1783482374624724543
0,10566930000,10631801349215,1783482374624729183
2,10670219999,10631801416831,1783482374624796767
3,10596554666,10631801424287,1783482374624804255
0,10598950999,10631801426175,1783482374624806111
1,10648601000,10631801440351,1783482374624820319
0,10630971999,10631801514304,1783482374624894240
3,10628597332,10631801520384,1783482374624900352
1,10680633999,10631801526400,1783482374624906368
2,10702248999,10631818105031,1783482374641484999
0,10695013999,10632010057553,1783482374833437521
3,10660640000,10632010062865,1783482374833442833
2,10734278000,10632010069713,1783482374833449649
1,10712666999,10632010075409,1783482374833455345
2,10766306999,10632010177073,1783482374833557041
3,10692682666,10632010178321,1783482374833558257
0,10727034999,10632010180177,1783482374833560145
1,10744700000,10632010193585,1783482374833573489
2,10798335999,10632010269618,1783482374833649586
0,10759056000,10632010281234,1783482374833661170
1,10776732999,10632010291826,1783482374833671794
3,10724725332,10632010303954,1783482374833683922
2,10830365000,10632010486483,1783482374833866451
0,10791076999,10632010488563,1783482374833868499
3,10756768000,10632010501715,1783482374833881683
1,10808765999,10632010509171,1783482374833889107
2,10894422999,10632010588756,1783482374833968724
1,10904864999,10632020714995,1783482374844094963
3,10916981332,10632032846782,1783482374856226750
0,10919160999,10632035008620,1783482374858388588
2,10926452000,10632219173125,1783482375042553061
0,10951182000,10632219176613,1783482375042556549
1,10936898000,10632219182117,1783482375042562085
3,10949024000,10632219188773,1783482375042568741
0,10983202999,10632219196709,1783482375042576645
3,10981066666,10632219220965,1783482375042600901
2,10958480999,10632219263878,1783482375042643814
0,11015223999,10632219271014,1783482375042650950
1,10968930999,10632219297734,1783482375042677702
3,11013109332,10632219315782,1783482375042695718
3,11045152000,10632219347974,1783482375042727942
0,11047245000,10632219388326,1783482375042768262
2,10990509999,10632219414054,1783482375042793990
1,11000963999,10632219465095,1783482375042845031
3,11109237332,10632225091626,1783482375048471562
3,11141280000,10632427990968,1783482375251370936
1,11032997000,10632427991672,1783482375251371576
2,11022539000,10632428016472,1783482375251396440
1,11129096000,10632428026712,1783482375251406648
1,11161128999,10632428033080,1783482375251412984
2,11118626000,10632428037688,1783482375251417624
2,11150654999,10632428048024,1783482375251427960
0,11111286999,10632428059032,1783482375251438968
0,11143308000,10632428066424,1783482375251446392
3,11173322666,10632428133880,1783482375251513816
1,11193161999,10632428144537,1783482375251524473
2,11182683999,10632428144569,1783482375251524505
0,11175328999,10632428147193,1783482375251527129
0,11207349999,10632428236569,1783482375251616505
3,11205365332,10632428246937,1783482375251626873
3,11237408000,10632428410458,1783482375251790426
1,11321294000,10632437172529,1783482375260552465
3,11333536000,10632449407581,1783482375272787677
0,11335434000,10632451286152,1783482375274666120
2,11342828999,10632458775287,1783482375282155255
1,11353326999,10632469240504,1783482375292620472
3,11365578666,10632481448548,1783482375304828516
0,11367454999,10632483304816,1783482375306684784
2,11374857999,10632490735902,1783482375314115998
1,11385359999,10632501254399,1783482375324634367
3,11397621332,10632513489195,1783482375336869131
0,11399475999,10632515323703,1783482375338703639
2,11406887000,10632522769605,1783482375346149573
1,11417393000,10632533281446,1783482375356661414
3,11429664000,10632545512914,1783482375368892978
0,11431497000,10632547338494,1783482375370718462
2,11438915999,10632554807852,1783482375378187852
1,11449425999,10632565319758,1783482375388699726
0,11463517999,10632579381925,1783482375402761829
2,11470944999,10632586869524,1783482375410249492
1,11481458999,10632597360853,1783482375420740789
2,11502974000,10632618869627,1783482375442249563
2,11535002999,10632718326981,1783482375541706917
1,11513492000,10632718329189,1783482375541709157
0,11495538999,10632718336837,1783482375541716805
3,11461706666,10632718433734,1783482375541813670
0,11527560000,10632718444390,1783482375541824358
1,11545524999,10632718503942,1783482375541883878
3,11493749332,10632718523270,1783482375541903238
2,11567031999,10632718636391,1783482375542016327
2,11599061000,10632927039415,1783482375750419383
1,11577557999,10632927042199,1783482375750422103
0,11559580999,10632927079287,1783482375750459223
0,11591601999,10632927093495,1783482375750473431
1,11609591000,10632927129848,1783482375750509784
2,11631089999,10632927132568,1783482375750512536
3,11525792000,10632927147512,1783482375750527480
3,11557834666,10632927153592,1783482375750533560
3,11686005332,10632927157464,1783482375750537400
3,11718048000,10632927161240,1783482375750541208
0,11623623000,10632927170872,1783482375750550808
1,11641623999,10632927418649,1783482375750798617
0,11655643999,10632927421081,1783482375750801017
1,11673656999,10632927434074,1783482375750814010
2,11663118999,10632927435194,1783482375750815130
2,11695148000,10632927462170,1783482375750842106
3,11814176000,10632930057738,1783482375753437706
0,11815749000,10632931599347,1783482375754979315
2,11823263999,10632939129570,1783482375762509538
1,11833821999,10632949676100,1783482375773056036
3,11846218666,10632962084753,1783482375785464657
0,11847769999,10632963626811,1783482375787006747
2,11855292999,10632971152649,1783482375794532617
3,11878261332,10632994145048,1783482375817525016
0,11879790999,10632995642914,1783482375819022882
3,11910304000,10633026198144,1783482375849578112
0,11911812000,10633027675753,1783482375851055689
1,11929920999,10633045781530,1783482375869161498
3,11942346666,10633058219911,1783482375881599879
0,11943832999,10633059686992,1783482375883066992
2,11951379999,10633067236287,1783482375890616223
1,11961953999,10633077796705,1783482375901176673
3,11974389332,10633090267054,1783482375913646990
2,11983409000,10633099255558,1783482375922635526
1,11993987000,10633109837320,1783482375933217288
3,12006432000,10633243356166,1783482376066736134
0,11975853999,10633243369446,1783482376066749414
2,12015437999,10633243381382,1783482376066761318
0,12007875000,10633243385862,1783482376066765798
1,12026019999,10633243405095,1783482376066785063
1,12058052999,10633243432391,1783482376066812327
1,12090086000,10633243444775,1783482376066824743
2,12047466999,10633243471111,1783482376066851079
0,12039895999,10633452016312,1783482376275396248
2,12079496000,10633452024024,1783482376275403992
2,12111524999,10633452039544,1783482376275419512
0,12071916999,10633452043448,1783482376275423384
2,12143553999,10633452045816,1783482376275425784
0,12135958999,10633452055480,1783482376275435448
3,12038474666,10633452078168,1783482376275458104
3,12070517332,10633452086617,1783482376275466553
3,12102560000,10633452091001,1783482376275470969
1,12122118999,10633452116249,1783482376275496217
2,12175583000,10633452158681,1783482376275538649
3,12134602666,10633452170681,1783482376275550617
0,12167979999,10633452184121,1783482376275564057
1,12154151999,10633452209497,1783482376275589465
1,12186185000,10633452350906,1783482376275730874
1,12218217999,10633452360506,1783482376275740442
1,12346349999,10633462205047,1783482376285584983
3,12358901332,10633474758854,1783482376298138790
0,12360105999,10633475953741,1783482376299333709
2,12367757000,10633483614237,1783482376306994205
1,12378383000,10633494250431,1783482376317630463
3,12390944000,10633506826285,1783482376330206253
0,12392127000,10633507982100,1783482376331362036
2,12399785999,10633515703684,1783482376339083620
1,12410415999,10633526285606,1783482376349665574
3,12422986666,10633538853140,1783482376362233076
0,12424147999,10633539999291,1783482376363379195
2,12431814999,10633547680075,1783482376371060043
1,12442448999,10633558307757,1783482376381687725
3,12455029332,10633570904027,1783482376394283995
0,12456168999,10633572028642,1783482376395408578
2,12463844000,10633579702322,1783482376403082290
3,12487072000,10633602931331,1783482376426311299
0,12488190000,10633604029290,1783482376427409258
2,12495872999,10633611721081,1783482376435101049
3,12519114666,10633634977962,1783482376458357898
0,12520210999,10633636033073,1783482376459413041
2,12527901999,10633643756289,1783482376467136289
2,12559931000,10633700715683,1783482376524095619
3,12551157332,10633700715907,1783482376524095843
0,12552231999,10633700752707,1783482376524132675
1,12474482000,10633700758403,1783482376524138339
3,12583200000,10633909379157,1783482376732759125
2,12591959999,10633909381365,1783482376732761333
1,12506514999,10633909416981,1783482376732796949
0,12584253000,10633909421013,1783482376732800949
1,12538547999,10633909437461,1783482376732817397
1,12570581000,10633909443541,1783482376732823445
0,12616273999,10633909516597,1783482376732896533
1,12602613999,10633909527702,1783482376732907638
0,12648294999,10633909627190,1783482376733007158
3,12615242666,10633909716919,1783482376733096887
3,12647285332,10633909732311,1783482376733112279
3,12679328000,10633909737943,1783482376733117911
0,12744357999,10633909814359,1783482376733194327
2,12623988999,10633909950040,1783482376733330008
2,12656018000,10633909963032,1783482376733343000
2,12688046999,10633909969144,1783482376733349080
1,12794811999,10633910663517,1783482376734043485
3,12807498666,10633923392588,1783482376746772524
0,12808399999,10633924423506,1783482376747803442
2,12816162999,10633932087234,1783482376755467202
1,12826844999,10633942766788,1783482376766146724
3,12839541332,10633955407059,1783482376778787027
0,12840420999,10633956275960,1783482376779655928
2,12848192000,10633964061545,1783482376787441513
1,12858878000,10633974761323,1783482376798141291
3,12871584000,10633987480858,1783482376810860826
0,12872442000,10633988357856,1783482376811737824
2,12880220999,10633996078032,1783482376819458000
1,12890910999,10634006783122,1783482376830163090
3,12903626666,10634019498722,1783482376842878658
0,12904462999,10634020332135,1783482376843712071
2,12912249999,10634028140791,1783482376851520727
1,12922943999,10634038825498,1783482376862205434
1,12954977000,10634070876545,1783482376894256513
0,12936483999,10634160026092,1783482376983406028
1,12987009999,10634160027212,1783482376983407116
3,12935669332,10634160030508,1783482376983410476
2,12944279000,10634160030828,1783482376983410764
3,12967712000,10634160216301,1783482376983596269
0,12968505000,10634160237421,1783482376983617325
1,13019042999,10634160246989,1783482376983626957
2,12976307999,10634160663855,1783482376984043791
1,13051076000,10634368891903,1783482377192271839
2,13008336999,10634368935839,1783482377192315743
3,12999754666,10634368964767,1783482377192344703
3,13095882666,10634368984927,1783482377192364863
0,13000525999,10634369005567,1783482377192385503
0,13032546999,10634369015007,1783482377192394943
2,13040366000,10634369020159,1783482377192400127
0,13064568000,10634369110176,1783482377192490144
3,13127925332,10634369120160,1783482377192500096
2,13072394999,10634369193313,1783482377192573249
1,13083108999,10634369212321,1783482377192592257
0,13096588999,10634369274241,1783482377192654209
3,13159968000,10634369289601,1783482377192669569
2,13104423999,10634369383138,1783482377192763106
1,13115141999,10634369401474,1783482377192781442
1,13147175000,10634369406210,1783482377192786146
3,13256096000,10634371966866,1783482377195346802
0,13256694000,10634372577686,1783482377195957622
2,13264568999,10634380431526,1783482377203811590
3,13288138666,10634404051705,1783482377227431673
0,13288714999,10634404575005,1783482377227954941
3,13320181332,10634436073473,1783482377259453409
0,13320735999,10634436594340,1783482377259974340
1,13339373000,10634455283224,1783482377278663192
3,13352224000,10634468102120,1783482377291482056
0,13352757000,10634468624363,1783482377292004331
2,13360655999,10634476549564,1783482377299929500
1,13371405999,10634487294175,1783482377310674111
3,13384266666,10634500203247,1783482377323583215
0,13384777999,10634500664210,1783482377324044146
2,13392684999,10634508586660,1783482377331966596
1,13403438999,10634519336966,1783482377342717094
3,13416309332,10634532206230,1783482377355586198
0,13416798999,10634532678361,1783482377356058329
2,13424714000,10634540616331,1783482377363996299
1,13435472000,10634551355150,1783482377374735118
2,13456742999,10634572630834,1783482377396010770
0,13448820000,10634581179591,1783482377404559495
3,13448352000,10634581198887,1783482377404578823
1,13467504999,10634583371893,1783482377406751989
2,13488771999,10634604663833,1783482377428043769
1,13499537999,10634615416476,1783482377438796508
2,13520801000,10634636706464,1783482377460086400
2,13552829999,10634789755416,1783482377613135352
0,13480840999,10634789756888,1783482377613136856
3,13480394666,10634789760952,1783482377613140888
1,13531571000,10634789793721,1783482377613173689
0,13512861999,10634789873305,1783482377613253273
1,13563603999,10634789881049,1783482377613260985
2,13584858999,10634789883993,1783482377613263929
2,13616888000,10634789948986,1783482377613328954
0,13544883000,10634789958170,1783482377613338138
1,13595636999,10634789969850,1783482377613349818
2,13648916999,10634790029978,1783482377613409946
0,13576903999,10634790031322,1783482377613411322
1,13627670000,10634790044218,1783482377613424218
3,13512437332,10634790050010,1783482377613429946
3,13544480000,10634790064218,1783482377613444186
3,13576522666,10634790070138,1783482377613450074
2,13680945999,10634998703020,1783482377822082988
3,13704693332,10634998703948,1783482377822083884
0,13704987999,10634998704716,1783482377822084652
0,13737009000,10634998731436,1783482377822111404
3,13736736000,10634998747340,1783482377822127276
0,13769029999,10634998751660,1783482377822131628
3,13768778666,10634998776717,1783482377822156685
3,13800821332,10634998824301,1783482377822204269
0,13801050999,10634998827693,1783482377822207661
2,13712975000,10634998835885,1783482377822215853
2,13745003999,10634999001678,1783482377822381646
2,13777032999,10634999011630,1783482377822391566
1,13691735999,10634999185615,1783482377822565551
1,13723769000,10634999200271,1783482377822580239
1,13755801999,10634999207023,1783482377822586959
1,13787834999,10634999211951,1783482377822591887
3,13896949332,10635012808964,1783482377836188900
0,13897113999,10635012964357,1783482377836344293
3,13928992000,10635044847659,1783482377868227627
0,13929135000,10635044980332,1783482377868360300
1,13883933999,10635207677888,1783482378031057824
0,13961155999,10635207679168,1783482378031059104
3,13961034666,10635207680032,1783482378031059936
2,13905149000,10635207688224,1783482378031068160
1,13915967000,10635207701984,1783482378031081920
1,13947999999,10635207708768,1783482378031088736
2,13937177999,10635207715968,1783482378031095904
2,13969206999,10635207733344,1783482378031113312
2,14001236000,10635207781665,1783482378031161601
3,13993077332,10635207794209,1783482378031174177
1,13980032999,10635207795585,1783482378031175553
0,13993176999,10635207811905,1783482378031191841
0,14025198000,10635207934562,1783482378031314530
0,14057218999,10635207946434,1783482378031326370
3,14025120000,10635207957922,1783482378031337858
3,14057162666,10635207964098,1783482378031344066
2,14097323000,10635213180898,1783482378036560866
1,14108165000,10635224033606,1783482378047413574
3,14121248000,10635237122839,1783482378060502807
2,14129351999,10635245217833,1783482378068597801
1,14140197999,10635256056365,1783482378079436301
0,14153281999,10635269170622,1783482378092550590
3,14153290666,10635269229599,1783482378092609535
2,14161380999,10635277259761,1783482378100639665
1,14172230999,10635288061556,1783482378111441492
0,14185302999,10635301179558,1783482378124559494
3,14185333332,10635301184966,1783482378124564902
2,14193410000,10635309271000,1783482378132650968
1,14204264000,10635320133468,1783482378143513436
0,14217324000,10635333210989,1783482378156590925
3,14217376000,10635333235085,1783482378156615021
2,14225438999,10635341314591,1783482378164694527
1,14236296999,10635352154531,1783482378175534531
0,14249344999,10635365220916,1783482378188600852
2,14257467999,10635373332326,1783482378196712262
1,14268329999,10635384182762,1783482378207562698
3,14249418666,10635526386335,1783482378349766271
2,14289497000,10635526388191,1783482378349768095
0,14281365999,10635526425759,1783482378349805695
1,14300363000,10635526465919,1783482378349845855
2,14321525999,10635526508191,1783482378349888159
0,14313387000,10635526516543,1783482378349896479
1,14332395999,10635526516799,1783482378349896767
3,14281461332,10635526551040,1783482378349931008
2,14353554999,10635526588352,1783482378349968320
1,14364428999,10635526591872,1783482378349971840
3,14313504000,10635526592800,1783482378349972704
0,14345407999,10635526605760,1783482378349985696
3,14345546666,10635526667520,1783482378350047488
0,14377428999,10635526683872,1783482378350063840
1,14396462000,10635526691552,1783482378350071488
2,14385584000,10635526695744,1783482378350075680
2,14417612999,10635735274674,1783482378558654610
3,14505760000,10635735275538,1783482378558655474
1,14428494999,10635735280210,1783482378558660178
0,14441470999,10635735287826,1783482378558667762
3,14537802666,10635735300178,1783482378558680146
0,14473491999,10635735383091,1783482378558763027
1,14460527999,10635735385011,1783482378558764947
2,14449641999,10635735409683,1783482378558789619
2,14481671000,10635735453459,1783482378558833395
0,14505513000,10635735458067,1783482378558838035
1,14492561000,10635735459539,1783482378558839507
2,14513699999,10635735522387,1783482378558902387
0,14537533999,10635735534548,1783482378558914484
1,14524593999,10635735559988,1783482378558939924
3,14569845332,10635735823157,1783482378559203125
3,14601888000,10635735835829,1783482378559215765
1,14620692999,10635736543962,1783482378559923898
0,14633596999,10635749457770,1783482378572837706
3,14633930666,10635749777292,1783482378573157228
2,14641815999,10635757688221,1783482378581068189
3,14665973332,10635781826100,1783482378605206068
2,14673845000,10635944188261,1783482378767568197
3,14698016000,10635944189253,1783482378767569221
0,14665617999,10635944191814,1783482378767571782
0,14697639000,10635944221862,1783482378767601798
2,14769932000,10635944234118,1783482378767614054
1,14652725999,10635944239686,1783482378767619622
3,14730058666,10635944291270,1783482378767671206
1,14748824999,10635944291718,1783482378767671686
2,14801960999,10635944294982,1783482378767674918
0,14729659999,10635944303206,1783482378767683174
3,14762101332,10635944371559,1783482378767751495
3,14794144000,10635944439175,1783482378767819175
0,14761680999,10635944659304,1783482378768039272
1,14780858000,10635944781129,1783482378768161097
1,14812890999,10635944824169,1783482378768204105
2,14833989999,10635949849481,1783482378773229417
0,14857743999,10635973612989,1783482378796993085
2,14866019000,10635981878960,1783482378805258928
0,14889765000,10636153087577,1783482378976467513
1,14844923999,10636153087513,1783482378976467481
3,14858229332,10636153092185,1783482378976472153
2,14898047999,10636153108057,1783482378976488025
1,14876957000,10636153117753,1783482378976497721
2,14930076999,10636153180186,1783482378976560122
3,14890272000,10636153185722,1783482378976565690
1,14908989999,10636153188026,1783482378976567962
1,14941022999,10636153273338,1783482378976653306
2,14962106000,10636153280698,1783482378976660666
2,14994134999,10636153366107,1783482378976746075
3,14922314666,10636153468219,1783482378976848187
3,14954357332,10636153478523,1783482378976858491
0,14921785999,10636153626684,1783482378977006652
0,14953806999,10636153659325,1783482378977039293
0,14985828000,10636153666205,1783482378977046141
0,15049869999,10636165742760,1783482378989122728
3,15050485332,10636166337931,1783482378989717867
2,15058193000,10636174058363,1783482378997438427
1,15069155000,10636185018848,1783482379008398848
0,15081891000,10636197758127,1783482379021138063
3,15082528000,10636198376947,1783482379021756883
2,15090221999,10636206086531,1783482379029466499
1,15101187999,10636217061319,1783482379040441255
0,15113911999,10636229806326,1783482379053186294
3,15114570666,10636230429274,1783482379053809210
2,15122250999,10636238126250,1783482379061506186
1,15133220999,10636249099086,1783482379072479054
0,15145932999,10636261808349,1783482379085188317
3,15146613332,10636262469921,1783482379085849857
2,15154280000,10636270154577,1783482379093534545
1,15165254000,10636281126229,1783482379104506229
0,15177954000,10636293818756,1783482379117198660
3,15178656000,10636294517257,1783482379117897225
2,15186308999,10636302178808,1783482379125558744
1,15197286999,10636313160989,1783482379136540925
1,15229319999,10636345189060,1783482379168569028
1,15261353000,10636498245788,1783482379321625756
0,15209974999,10636498246428,1783482379321626364
2,15218337999,10636498252828,1783482379321632796
3,15210698666,10636498255740,1783482379321635708
2,15250367000,10636498349821,1783482379321729757
1,15293385999,10636498379005,1783482379321758973
1,15325418999,10636498435293,1783482379321815229
2,15282395999,10636498447773,1783482379321827741
1,15357452000,10636498500894,1783482379321880798
2,15314424999,10636498501822,1783482379321881790
0,15241995999,10636498637951,1783482379322017887
0,15274017000,10636498651039,1783482379322031007
0,15306037999,10636498656575,1783482379322036511
3,15242741332,10636498785408,1783482379322165344
3,15274784000,10636498798656,1783482379322178624
3,15306826666,10636498803008,1783482379322182944
2,15410511999,10636707144752,1783482379530524688
1,15389484999,10636707146000,1783482379530525936
0,15402100999,10636707150096,1783482379530530032
2,15442541000,10636707167888,1783482379530547824
0,15434121999,10636707174288,1783482379530554224
3,15402954666,10636707191088,1783482379530571056
3,15434997332,10636707197424,1783482379530577392
3,15467040000,10636707249392,1783482379530629328
0,15466143000,10636707256688,1783482379530636656
2,15474569999,10636707260433,1783482379530640337
1,15421517999,10636707273137,1783482379530653073
2,15506598999,10636707345073,1783482379530725041
1,15453551000,10636707435890,1783482379530815858
1,15485583999,10636707447666,1783482379530827634
0,15562206000,10636707487090,1783482379530867058
3,15499082666,10636707505746,1783482379530885682
0,15594226999,10636710077730,1783482379533457698
3,15595210666,10636711053896,1783482379534433864
2,15602685999,10636718542487,1783482379541922423
1,15613715999,10636729584315,1783482379552964283
0,15626247999,10636742106345,1783482379565486281
3,15627253332,10636743099759,1783482379566479695
2,15634715000,10636750580382,1783482379573960350
1,15645749000,10636761620035,1783482379584999971
0,15658269000,10636774136721,1783482379597516689
3,15659296000,10636775141751,1783482379598521719
2,15666743999,10636782607685,1783482379605987653
1,15677781999,10636793649194,1783482379617029162
0,15690289999,10636806190424,1783482379629570392
3,15691338666,10636807200062,1783482379630579998
2,15698772999,10636814649709,1783482379638029645
1,15709814999,10636825677969,1783482379649057937
0,15722310999,10636838190623,1783482379661570559
3,15723381332,10636839238470,1783482379662618438
2,15730802000,10636846662196,1783482379670042164
0,15754332000,10636999677612,1783482379823057548
3,15755424000,10636999677836,1783482379823057804
1,15741848000,10636999687500,1783482379823067436
2,15762830999,10636999687916,1783482379823067852
1,15773880999,10636999781836,1783482379823161804
3,15787466666,10636999785036,1783482379823164972
0,15786352999,10636999796652,1783482379823176620
2,15794859999,10636999799692,1783482379823179628
3,15819509332,10636999867213,1783482379823247149
1,15805913999,10636999872077,1783482379823252013
2,15826889000,10636999892013,1783482379823271981
0,15818373999,10636999928301,1783482379823308269
2,15858917999,10636999936685,1783482379823316653
1,15837947000,10636999947789,1783482379823327725
0,15850395000,10637000044430,1783482379823424398
3,15915637332,10637031524466,1783482379854904402
1,15902012999,10637208518719,1783482380031898655
2,15890946999,10637208527039,1783482380031906975
0,15914436999,10637208537407,1783482380031917343
3,15947680000,10637208538143,1783482380031918111
3,15979722666,10637208648480,1783482380032028448
2,15922976000,10637208650432,1783482380032030400
0,15946458000,10637208650784,1783482380032030752
1,15934046000,10637208667392,1783482380032047328
0,15978478999,10637208740096,1783482380032120032
3,16011765332,10637208743392,1783482380032123328
1,15966078999,10637208758976,1783482380032138880
2,15955004999,10637208761952,1783482380032141920
0,16010499999,10637208872737,1783482380032252705
2,15987033999,10637208912385,1783482380032292353
1,15998111999,10637208944098,1783482380032324034
3,16043808000,10637208966594,1783482380032346562
0,16106562999,10637222433782,1783482380045813750
3,16107893332,10637223744926,1783482380047124862
1,16158276999,10637274176727,1783482380097556823
2,16179207999,10637295091994,1783482380118471994
3,16139936000,10637417555635,1783482380240935603
1,16190309999,10637417587316,1783482380240967284
1,16222343000,10637417606772,1783482380240986740
3,16171978666,10637417651604,1783482380241031540
1,16254375999,10637417662260,1783482380241042196
0,16138584000,10637417689140,1783482380241069108
0,16170604999,10637417742421,1783482380241122325
0,16202625999,10637417797525,1783482380241177493
3,16204021332,10637417808181,1783482380241188117
1,16286408999,10637417831957,1783482380241211925
0,16234647000,10637417850101,1783482380241230069
2,16211237000,10637418020950,1783482380241400918
2,16243265999,10637418035702,1783482380241415638
2,16275294999,10637418041207,1783482380241421175
3,16236064000,10637418112375,1783482380241492343
2,16307324000,10637423174390,1783482380246554358
1,16318442000,10637434303772,1783482380257683708
0,16330710000,10637446577896,1783482380269957864
2,16339352999,10637455223198,1783482380278603166
1,16350474999,10637626445351,1783482380449825319
2,16371381999,10637626448935,1783482380449828871
3,16332192000,10637626449319,1783482380449829255
0,16362730999,10637626458439,1783482380449838375
3,16364234666,10637626473287,1783482380449853255
0,16394751999,10637626548872,1783482380449928840
1,16382507999,10637626554824,1783482380449934792
2,16403411000,10637626561192,1783482380449941160
2,16435439999,10637626619880,1783482380449999848
0,16426773000,10637626626472,1783482380450006440
1,16414541000,10637626646696,1783482380450026664
2,16467468999,10637626695241,1783482380450075177
1,16446573999,10637626710313,1783482380450090249
0,16458793999,10637626884874,1783482380450264810
1,16510640000,10637626974826,1783482380450354730
3,16396277332,10637627009771,1783482380450389707
3,16428320000,10637627017291,1783482380450397227
0,16522836000,10637638719859,1783482380462099827
3,16524448000,10637640302077,1783482380463682013
2,16531526999,10637647387433,1783482380470767369
3,16556490666,10637672363141,1783482380495743077
2,16563555999,10637835333563,1783482380658713531
3,16588533332,10637835341435,1783482380658721403
1,16542672999,10637835341819,1783482380658721755
1,16574705999,10637835472796,1783482380658852732
3,16620576000,10637835486652,1783482380658866620
2,16595585000,10637835508604,1783482380658888572
0,16554856999,10637835546652,1783482380658926588
2,16627613999,10637835556924,1783482380658936860
3,16652618666,10637835582716,1783482380658962652
1,16606739000,10637835600924,1783482380658980892
3,16684661332,10637835641757,1783482380659021725
1,16638771999,10637835680605,1783482380659060541
2,16659642999,10637835731101,1783482380659111037
0,16586877999,10637836032415,1783482380659412351
0,16618899000,10637836042879,1783482380659422815
0,16650919999,10637836050847,1783482380659430815
1,16734870999,10638044213550,1783482380867593518
0,16746982999,10638044214574,1783482380867594542
2,16723700999,10638044236846,1783482380867616814
3,16748746666,10638044248047,1783482380867628015
2,16755729999,10638044256527,1783482380867636463
1,16766903999,10638044261295,1783482380867641263
0,16779003999,10638044271631,1783482380867651567
0,16811025000,10638044343823,1783482380867723759
3,16780789332,10638044345839,1783482380867725807
1,16798937000,10638044350255,1783482380867730191
0,16843045999,10638044428464,1783482380867808432
1,16830969999,10638044433456,1783482380867813392
3,16812832000,10638044437680,1783482380867817616
3,16844874666,10638044513936,1783482380867893904
2,16787759000,10638044784786,1783482380868164722
2,16819787999,10638044798706,1783482380868178674
3,16941002666,10638056861597,1783482380880241565
2,16947903999,10638063754568,1783482380887134504
1,16959101999,10638074956398,1783482380898336366
0,16971129999,10638087017017,1783482380910396953
3,16973045332,10638088894948,1783482380912274884
2,16979933000,10638095829999,1783482380919209967
1,16991135000,10638106994965,1783482380930374933
0,17003151000,10638119018464,1783482380942398400
3,17005088000,10638120943180,1783482380944323148
2,17011961999,10638127847607,1783482380951227575
1,17023167999,10638139038684,1783482380962418652
0,17035171999,10638151050567,1783482380974430503
3,17037130666,10638152984883,1783482380976364819
2,17043990999,10638159936670,1783482380983316606
1,17055200999,10638171055812,1783482380994435780
0,17067192999,10638183060974,1783482381006440974
3,17069173332,10638185024858,1783482381008404794
2,17076020000,10638191871365,1783482381015251301
1,17087234000,10638203105035,1783482381026484971
0,17099214000,10638215083029,1783482381038462933
2,17108048999,10638223907148,1783482381047287084
1,17119266999,10638235161810,1783482381058541778
0,17131234999,10638247114557,1783482381070494525
2,17140077999,10638368076429,1783482381191456397
0,17163255999,10638368077645,1783482381191457613
3,17101216000,10638368078317,1783482381191458253
1,17151299999,10638368084045,1783482381191463949
1,17183333000,10638368167726,1783482381191547662
3,17133258666,10638368175534,1783482381191555502
2,17172107000,10638368179214,1783482381191559182
0,17195277000,10638368192846,1783482381191572750
0,17227297999,10638368268335,1783482381191648303
1,17215365999,10638368270479,1783482381191650415
3,17165301332,10638368271375,1783482381191651343
2,17204135999,10638368284623,1783482381191664559
3,17197344000,10638576871457,1783482381400251425
1,17247398999,10638576871425,1783482381400251361
0,17259318999,10638576901761,1783482381400281729
2,17236164999,10638576914689,1783482381400294657
3,17325514666,10638576915937,1783482381400295905
2,17268194000,10638576978145,1783482381400358113
0,17291340000,10638576979905,1783482381400359841
1,17279432000,10638576991425,1783482381400371361
3,17357557332,10638576992673,1783482381400372641
0,17323360999,10638577071938,1783482381400451874
3,17389600000,10638577075842,1783482381400455810
1,17311464999,10638577087074,1783482381400466978
2,17300222999,10638577098082,1783482381400478050
0,17355381999,10638577154210,1783482381400534178
1,17343497999,10638577169474,1783482381400549410
2,17332251999,10638577470020,1783482381400849956
1,17471630000,10638587495651,1783482381410875619
0,17483466000,10638599339084,1783482381422719052
3,17485728000,10638601588410,1783482381424968346
2,17492396999,10638608269700,1783482381431649636
0,17515486999,10638631372500,1783482381454752468
3,17517770666,10638633623554,1783482381457003522
0,17547507999,10638663369915,1783482381486749851
3,17549813332,10638665663433,1783482381489043401
1,17567729000,10638683624281,1783482381507004249
0,17579529000,10638695401954,1783482381518781922
3,17581856000,10638697715248,1783482381521095184
2,17588483999,10638704340218,1783482381527720186
1,17599761999,10638715630016,1783482381539009984
0,17611549999,10638727395401,1783482381550775369
3,17613898666,10638729744536,1783482381553124504
2,17620512999,10638736356513,1783482381559736449
1,17631794999,10638747673095,1783482381571053063
3,17645941332,10638761798719,1783482381585178623
2,17652542000,10638768391368,1783482381591771336
1,17663828000,10638779711727,1783482381603091695
2,17684570999,10638800442704,1783482381623822672
1,17695860999,10638932805351,1783482381756185287
0,17643570999,10638932827367,1783482381756207335
1,17727893999,10638932829063,1783482381756209031
3,17677984000,10638932861000,1783482381756240936
1,17759927000,10638932889352,1783482381756269320
3,17710026666,10638932908264,1783482381756288200
0,17675592000,10638932940520,1783482381756320488
0,17707612999,10638932968744,1783482381756348712
2,17716599999,10638933057929,1783482381756437897
2,17748629000,10638933072937,1783482381756452905
2,17780657999,10638933080009,1783482381756459945
3,17742069332,10639141494298,1783482381964874266
0,17739633999,10639141508954,1783482381964888922
3,17774112000,10639141516794,1783482381964896762
1,17791959999,10639141516826,1783482381964896794
2,17812686999,10639141524378,1783482381964904346
0,17835696999,10639141538490,1783482381964918458
0,17867718000,10639141548666,1783482381964928602
3,17838197332,10639141561882,1783482381964941882
2,17844716000,10639141617307,1783482381964997243
0,17899738999,10639141618523,1783482381964998491
1,17823992999,10639141623579,1783482381965003515
2,17876744999,10639141704379,1783482381965084315
2,17908773999,10639141766843,1783482381965146747
3,17870240000,10639141786940,1783482381965166876
1,17856026000,10639141806748,1783482381965186716
1,17888058999,10639141816636,1783482381965196572
0,18027822999,10639143675815,1783482381967055783
3,18030453332,10639146304856,1783482381969684824
2,18036890000,10639152739520,1783482381976119520
1,18048224000,10639164045126,1783482381987425062
0,18059844000,10639175714223,1783482381999094159
3,18062496000,10639178346335,1783482382001726303
2,18068918999,10639184766919,1783482382008146887
1,18080256999,10639196115694,1783482382019495662
0,18091864999,10639207720214,1783482382031100182
3,18094538666,10639210381702,1783482382033761670
2,18100947999,10639216799214,1783482382040179150
1,18112289999,10639228155093,1783482382051535029
0,18123885999,10639239783325,1783482382063163229
3,18126581332,10639242436622,1783482382065816558
2,18132977000,10639248826710,1783482382072206646
1,18144323000,10639260208284,1783482382083588252
0,18155907000,10639271797893,1783482382095177861
3,18158624000,10639274480117,1783482382097860053
0,18187927999,10639303801388,1783482382127181356
3,18190666666,10639306521821,1783482382129901789
1,18176355999,10639451219041,1783482382274599009
2,18165005999,10639451219361,1783482382274599297
0,18219948999,10639451235489,1783482382274615425
1,18208388999,10639451256257,1783482382274636225
1,18240422000,10639451262209,1783482382274642177
3,18222709332,10639451263873,1783482382274643841
3,18254752000,10639451331554,1783482382274711490
0,18251970000,10639451346914,1783482382274726850
1,18272454999,10639451350498,1783482382274730434
3,18286794666,10639451582051,1783482382274961987
0,18283990999,10639451599939,1783482382274979875
2,18197034999,10639451825605,1783482382275205573
2,18229064000,10639451836645,1783482382275216613
2,18261092999,10639451841349,1783482382275221317
1,18336521000,10639452378280,1783482382275758248
1,18368553999,10639660052053,1783482382483431989
3,18318837332,10639660054293,1783482382483434229
2,18357179999,10639660054645,1783482382483434613
0,18380053999,10639660069717,1783482382483449685
2,18389208999,10639660081301,1783482382483461269
2,18421238000,10639660163637,1783482382483543605
3,18350880000,10639660168469,1783482382483548437
0,18412074999,10639660184789,1783482382483564725
1,18400586999,10639660198486,1783482382483578422
2,18453266999,10639660253622,1783482382483633590
3,18382922666,10639660256726,1783482382483636694
0,18444096000,10639660269078,1783482382483649046
1,18432620000,10639660276470,1783482382483656438
3,18414965332,10639660333142,1783482382483713110
0,18476116999,10639660341590,1783482382483721558
1,18464652999,10639660444343,1783482382483824279
2,18549353999,10639665232405,1783482382488612405
1,18560751999,10639676616380,1783482382499996444
0,18572179999,10639688063491,1783482382511443427
3,18575178666,10639691048629,1783482382514428597
2,18581382999,10639697264348,1783482382520644316
1,18592784999,10639869038889,1783482382692418825
2,18613412000,10639869052201,1783482382692432169
3,18607221332,10639869053993,1783482382692433929
0,18604200999,10639869067465,1783482382692447433
3,18639264000,10639869078569,1783482382692458505
0,18636222000,10639869084329,1783482382692464297
3,18735392000,10639869084489,1783482382692464425
0,18668242999,10639869181962,1783482382692561930
1,18624818000,10639869200362,1783482382692580330
1,18656850999,10639869236106,1783482382692616042
0,18700263999,10639869411659,1783482382692791627
2,18645440999,10639869622541,1783482382693002509
2,18677469999,10639869634829,1783482382693014765
3,18767434666,10639883299586,1783482382706679650
1,18688883999,10639891787255,1783482382715167223
0,18764305999,10639891799735,1783482382715179671
2,18709499000,10639891800311,1783482382715180247
3,18799477332,10639915339273,1783482382738719209
1,18784982999,10639923804414,1783482382747184382
0,18796326999,10639923815294,1783482382747195230
2,18773556999,10639923815614,1783482382747195582
3,18831520000,10639947393041,1783482382770772977
1,18817016000,10639955887366,1783482382779267334
0,18828348000,10639955899494,1783482382779279430
2,18805586000,10639955902150,1783482382779282054
3,18863562666,10639979430872,1783482382802810872
3,18895605332,10640011471423,1783482382834851487
3,18927648000,10640164477208,1783482382987857176
0,18860368999,10640164479448,1783482382987859416
2,18837614999,10640164481016,1783482382987860984
2,18869643999,10640164504568,1783482382987884504
1,18849048999,10640164520792,1783482382987900728
1,18881081999,10640164531864,1783482382987911800
1,18977180999,10640164571768,1783482382987951736
2,18901673000,10640164572824,1783482382987952760
0,18892389999,10640164583064,1783482382987963000
3,18959690666,10640164584216,1783482382987964184
2,18997760000,10640164654649,1783482382988034585
0,18924411000,10640164670777,1783482382988050745
0,18956431999,10640164742777,1783482382988122713
3,18991733332,10640164744249,1783482382988124217
3,19023776000,10640164755321,1783482382988135289
1,19009214000,10640164782937,1783482382988162873
2,19061817999,10640177704170,1783482383001084106
1,19073279999,10640189138065,1783482383012518001
1,19105313000,10640373311083,1783482383196691051
0,19052494999,10640373314507,1783482383196694475
0,19084515999,10640373341995,1783482383196721963
2,19093847000,10640373348779,1783482383196728747
1,19137345999,10640373355051,1783482383196734987
3,19055818666,10640373358283,1783482383196738251
2,19125875999,10640373363275,1783482383196743211
2,19157904999,10640373444332,1783482383196824300
3,19087861332,10640373447980,1783482383196827948
0,19116537000,10640373456908,1783482383196836844
1,19169378999,10640373460908,1783482383196840844
3,19119904000,10640373543629,1783482383196923565
2,19189934000,10640373598317,1783482383196978253
3,19151946666,10640373634093,1783482383197014029
0,19148557999,10640373647821,1783482383197027757
1,19201412000,10640373651469,1783482383197031405
1,19265477999,10640381330653,1783482383204710621
0,19276641999,10640392488514,1783482383215868450
2,19286021000,10640401865821,1783482383225245789
2,19318049999,10640582225791,1783482383405605759
0,19308663000,10640582229215,1783482383405609183
1,19297511000,10640582237055,1783482383405617023
3,19280117332,10640582247199,1783482383405627167
0,19340683999,10640582252927,1783482383405632831
2,19350078999,10640582324640,1783482383405704576
3,19312160000,10640582339776,1783482383405719712
0,19372704999,10640582350848,1783482383405730816
3,19344202666,10640582352224,1783482383405732192
1,19329543999,10640582355456,1783482383405735392
3,19376245332,10640582358880,1783482383405738848
0,19404726000,10640582524097,1783482383405904033
1,19361576999,10640582537313,1783482383405917281
2,19382108000,10640582540353,1783482383405920321
2,19414136999,10640582555585,1783482383405935553
1,19393610000,10640582570369,1783482383405950305
0,19468767999,10640584617998,1783482383407997934
3,19472373332,10640588221477,1783482383411601413
3,19504416000,10640620259500,1783482383443639436
2,19478195000,10640791089523,1783482383614469459
1,19489709000,10640791094067,1783482383614474035
0,19500789000,10640791100979,1783482383614480915
3,19536458666,10640791113715,1783482383614493683
1,19521741999,10640791115475,1783482383614495443
2,19510223999,10640791117491,1783482383614497427
2,19542252999,10640791185460,1783482383614565396
0,19532809999,10640791190964,1783482383614570964
1,19553774999,10640791196020,1783482383614575988
3,19568501332,10640791204468,1783482383614584436
2,19574282000,10640791270932,1783482383614650900
0,19564830999,10640791276372,1783482383614656340
1,19585808000,10640791280468,1783482383614660436
3,19600544000,10640791361173,1783482383614741141
0,19596852000,10640791361717,1783482383614741685
3,19632586666,10640791372725,1783482383614752629
1,19681907000,10640797769917,1783482383621149885
0,19692915000,10640808778753,1783482383632158689
3,19696672000,10640812523672,1783482383635903640
2,19702397999,10640818243676,1783482383641623644
1,19713939999,10640829792804,1783482383653172772
3,19728714666,10640844563520,1783482383667943456
2,19734426999,10640850282019,1783482383673662019
1,19745972999,10640861847723,1783482383685227691
3,19760757332,10640876618503,1783482383699998439
2,19766456000,10640882304747,1783482383705684715
1,19778006000,10640893875987,1783482383717255955
0,19788978000,10640904833847,1783482383728213783
3,19792800000,10640908654159,1783482383732034095
2,19798484999,10640914325874,1783482383737705810
1,19810038999,10640925891578,1783482383749271546
0,19820998999,10640936863678,1783482383760243646
3,19824842666,10640940695222,1783482383764075158
2,19830513999,10640946355641,1783482383769735609
1,19842071999,10640957933249,1783482383781313217
0,19853019999,10640968891014,1783482383792270982
2,19862543000,10640978389601,1783482383801769569
0,19885041000,10641000894957,1783482383824274989
3,19856885332,10641131261368,1783482383954641336
0,19917061999,10641131261496,1783482383954641432
1,19874105000,10641131262744,1783482383954642680
2,19894571999,10641131263896,1783482383954643864
3,19888928000,10641131367641,1783482383954747577
0,19949082999,10641131372953,1783482383954752921
1,19906137999,10641131380793,1783482383954760793
2,19926600999,10641131395193,1783482383954775129
0,19981104000,10641131450969,1783482383954830905
3,19920970666,10641131451065,1783482383954831001
1,19938170999,10641131452153,1783482383954832121
2,19958630000,10641131466393,1783482383954846361
2,19990658999,10641340074380,1783482384163454316
3,19953013332,10641340078540,1783482384163458476
1,19970204000,10641340080140,1783482384163460108
0,20013124999,10641340095788,1783482384163475756
3,20017098666,10641340102092,1783482384163482060
1,20034269999,10641340107276,1783482384163487212
2,20022687999,10641340180236,1783482384163560172
0,20045145999,10641340182188,1783482384163562156
1,20066303000,10641340182956,1783482384163562892
2,20054717000,10641340264941,1783482384163644877
0,20077167000,10641340270701,1783482384163650669
1,20098335999,10641340284333,1783482384163664301
2,20086745999,10641340401998,1783482384163781966
3,20049141332,10641340429550,1783482384163809518
3,20145269332,10641340442990,1783482384163822958
0,20109187999,10641340448014,1783482384163827950
1,20226467999,10641342316410,1783482384165696346
0,20237271999,10641353132317,1783482384176512253
3,20241397332,10641357253975,1783482384180633943
2,20246891000,10641362738553,1783482384186118489
1,20258501000,10641374362721,1783482384197742657
0,20269293000,10641385143076,1783482384208523012
3,20273440000,10641389289982,1783482384212669918
2,20278919999,10641394763552,1783482384218143488
1,20290533999,10641406381032,1783482384229761000
0,20301313999,10641417153003,1783482384240532939
3,20305482666,10641421334693,1783482384244714629
2,20310948999,10641426787079,1783482384250167015
0,20333334999,10641449179987,1783482384272559923
3,20337525332,10641453396077,1783482384276776013
0,20365356000,10641481241562,1783482384304621530
3,20369568000,10641485463733,1783482384308843701
1,20386632999,10641502525087,1783482384325905055
3,20401610666,10641517482620,1783482384340862588
2,20407035999,10641522901918,1783482384346281918
1,20418665999,10641534530630,1783482384357910598
2,20439065000,10641554908357,1783482384378288325
1,20450699000,10641566548173,1783482384389928109
1,20482731999,10641670587445,1783482384493967381
3,20433653332,10641670602517,1783482384493982453
0,20397376999,10641670617333,1783482384493997301
2,20471093999,10641670628437,1783482384494008373
0,20429397999,10641670634005,1783482384494013941
2,20503122999,10641670648469,1783482384494028437
3,20465696000,10641670707413,1783482384494087381
1,20514764999,10641670712085,1783482384494092021
0,20461419000,10641670714934,1783482384494094902
0,20493439999,10641670776790,1783482384494156758
3,20497738666,10641670778518,1783482384494158454
1,20546798000,10641670784438,1783482384494164406
2,20535152000,10641671191416,1783482384494571384
2,20567180999,10641683043106,1783482384506423074
3,20529781332,10641879375624,1783482384702755592
0,20557482000,10641879376328,1783482384702756296
1,20578830999,10641879378344,1783482384702758312
2,20599209999,10641879378856,1783482384702758792
3,20561824000,10641879486185,1783482384702866153
0,20589502999,10641879499049,1783482384702879017
1,20610863999,10641879509577,1783482384702889545
3,20593866666,10641879562121,1783482384702942057
1,20642897000,10641879585929,1783482384702965897
0,20621523999,10641879594858,1783482384702974826
3,20625909332,10641879638154,1783482384703018090
0,20653545000,10641879645034,1783482384703024970
1,20674929999,10641879648426,1783482384703028394
2,20631239000,10641880030284,1783482384703410220
2,20663267999,10641880047468,1783482384703427436
2,20695296999,10641880082573,1783482384703462541
1,20771028999,10641886879319,1783482384710259287
0,20781628999,10641897485209,1783482384720865177
3,20786122666,10641901969429,1783482384725349365
2,20791383999,10641907227766,1783482384730607702
1,20803061999,10642088319837,1783482384911699805
0,20813649999,10642088330461,1783482384911710429
2,20823413000,10642088333373,1783482384911713309
3,20818165332,10642088341085,1783482384911721021
0,20845671000,10642088348573,1783482384911728541
3,20850208000,10642088354941,1783482384911734877
3,20882250666,10642088377757,1783482384911757693
2,20855441999,10642088413821,1783482384911793757
0,20877691999,10642088416445,1783482384911796381
1,20835095000,10642088420541,1783482384911800445
3,20914293332,10642088426397,1783482384911806365
2,20887470999,10642088492990,1783482384911872958
0,20909712999,10642088507198,1783482384911887134
1,20867127999,10642088640159,1783482384912020127
3,20978378666,10642094222529,1783482384917602465
3,21010421332,10642297156688,1783482385120536624
2,20919500000,10642297167440,1783482385120547376
0,20973754999,10642297174001,1783482385120553969
1,20899160999,10642297181329,1783482385120561265
0,21005775999,10642297195505,1783482385120575473
2,20983557999,10642297199121,1783482385120579089
2,21015587000,10642297207345,1783482385120587313
1,20995259999,10642297211409,1783482385120591313
2,21047615999,10642297249297,1783482385120629297
3,21042464000,10642297254257,1783482385120634225
0,21037797000,10642297277489,1783482385120657425
1,21027293000,10642297290833,1783482385120670801
1,21059325999,10642297301585,1783482385120681521
3,21074506666,10642297341618,1783482385120721554
0,21069817999,10642297439154,1783482385120819122
3,21106549332,10642297494643,1783482385120874579
1,21187457999,10642303329143,1783482385126709111
0,21197901999,10642313757048,1783482385137137016
3,21202677332,10642318524373,1783482385141904341
2,21207761000,10642323606293,1783482385146986229
1,21219491000,10642335340094,1783482385158720062
0,21229923000,10642345769919,1783482385169149887
3,21234720000,10642350568509,1783482385173948477
2,21239789999,10642355631868,1783482385179011804
1,21251523999,10642367381318,1783482385190761254
0,21261943999,10642377795718,1783482385201175654
3,21266762666,10642382614692,1783482385205994660
2,21271818999,10642387656388,1783482385211036356
1,21283556999,10642399421965,1783482385222801933
0,21293964999,10642409806030,1783482385233185966
3,21298805332,10642414656460,1783482385238036364
2,21303848000,10642419682859,1783482385243062827
1,21315590000,10642431435988,1783482385254815924
0,21325986000,10642441823797,1783482385265203765
2,21335876999,10642451717170,1783482385275097170
1,21347622999,10642463481404,1783482385286861372
2,21367905999,10642483803898,1783482385307183834
1,21379655999,10642584406028,1783482385407785996
0,21358006999,10642584407148,1783482385407787116
3,21330848000,10642584409324,1783482385407789260
2,21399935000,10642584417708,1783482385407797644
2,21431963999,10642584508461,1783482385407888429
0,21390027999,10642584515053,1783482385407894989
3,21362890666,10642584515661,1783482385407895629
1,21411689000,10642584534861,1783482385407914797
2,21463992999,10642793090719,1783482385616470655
0,21422049000,10642793095871,1783482385616475807
1,21443721999,10642793102303,1783482385616482271
3,21394933332,10642793112831,1783482385616492799
3,21426976000,10642793141760,1783482385616521664
0,21454069999,10642793149120,1783482385616529088
3,21555146666,10642793149312,1783482385616529280
2,21496022000,10642793189216,1783482385616569184
0,21486090999,10642793195552,1783482385616575520
1,21475754999,10642793214016,1783482385616593984
3,21587189332,10642793216832,1783482385616596768
2,21528050999,10642793275392,1783482385616655328
0,21518112000,10642793279840,1783482385616659840
1,21507788000,10642793291937,1783482385616671873
2,21560079999,10642793365377,1783482385616745313
1,21539820999,10642793382721,1783482385616762657
0,21678216999,10642794068101,1783482385617448069
3,21683317332,10642799172837,1783482385622552773
2,21688196000,10642804036963,1783482385627416867
1,21699986000,10642815833677,1783482385639213613
0,21710238000,10642826085069,1783482385649465005
3,21715360000,10642831213293,1783482385654593261
2,21720224999,10642836036267,1783482385659416235
0,21742258999,10642858107444,1783482385681487380
3,21747402666,10642863258516,1783482385686638484
0,21774279999,10642890154779,1783482385713534747
3,21779445332,10642895330972,1783482385718710908
1,21796085000,10642911945635,1783482385735325571
0,21806301000,10642922149315,1783482385745529283
3,21811488000,10642927337891,1783482385750717859
2,21816311999,10642932160737,1783482385755540705
1,21828117999,10642943991595,1783482385767371563
3,21843530666,10642959392106,1783482385782772074
2,21848340999,10642964189160,1783482385787569128
1,21860150999,10642976035122,1783482385799415090
1,21892184000,10643112493283,1783482385935873251
3,21875573332,10643112494819,1783482385935874787
1,21924216999,10643112519716,1783482385935899652
1,21956249999,10643112527588,1783482385935907556
0,21838321999,10643112543108,1783482385935923076
0,21870342999,10643112551908,1783482385935931876
3,21907616000,10643112588388,1783482385935968324
0,21902364000,10643112592836,1783482385935972772
1,21988283000,10643112605732,1783482385935985668
2,21880370000,10643112951270,1783482385936331238
2,21912398999,10643112969638,1783482385936349574
2,21944427999,10643112991750,1783482385936371718
2,21976457000,10643113007559,1783482385936387527
3,21939658666,10643321182294,1783482386144562230
0,21934384999,10643321212119,1783482386144592087
3,21971701332,10643321213655,1783482386144593591
1,22020315999,10643321230167,1783482386144610135
0,21998427000,10643321236727,1783482386144616663
2,22008485999,10643321241495,1783482386144621463
3,22003744000,10643321269271,1783482386144649207
0,22030447999,10643321278679,1783482386144658615
2,22040514999,10643321280471,1783482386144660407
1,22052348999,10643321305239,1783482386144685175
2,22072544000,10643321347575,1783482386144727511
3,22035786666,10643321351415,1783482386144731383
0,22062468999,10643321361240,1783482386144741208
2,22104572999,10643321426808,1783482386144806776
1,22084382000,10643321450168,1783482386144830136
1,22116414999,10643321579481,1783482386144959449
1,22212513999,10643328366435,1783482386151746371
0,22222573999,10643338423458,1783482386161803394
3,22228042666,10643343888036,1783482386167267972
2,22232688999,10643348532833,1783482386171912801
1,22244546999,10643360394442,1783482386183774410
0,22254594999,10643370440777,1783482386193820681
3,22260085332,10643375928331,1783482386199308299
2,22264718000,10643380568968,1783482386203948904
1,22276580000,10643392447890,1783482386215827858
0,22286616000,10643402468176,1783482386225848112
3,22292128000,10643407980723,1783482386231360659
2,22296746999,10643412585743,1783482386235965679
1,22308612999,10643424463193,1783482386247843161
0,22318636999,10643434476152,1783482386257856120
3,22324170666,10643440022618,1783482386263402586
2,22328775999,10643444610455,1783482386267990423
1,22340645999,10643456514433,1783482386279894401
0,22350657999,10643466513151,1783482386289893119
3,22356213332,10643472046274,1783482386295426242
2,22360805000,10643476643614,1783482386300023550
0,22382679000,10643498553223,1783482386321933191
3,22388256000,10643504133065,1783482386327513001
2,22392833999,10643609518329,1783482386432898297
0,22414699999,10643609518649,1783482386432898617
1,22372679000,10643609521593,1783482386432901561
3,22420298666,10643609532217,1783482386432912185
1,22404711999,10643609626266,1783482386433006202
0,22446720999,10643609637370,1783482386433017338
3,22452341332,10643609643738,1783482386433023706
2,22424862999,10643609652186,1783482386433032154
0,22478742000,10643609712346,1783482386433092314
3,22484384000,10643609713658,1783482386433093594
1,22436744999,10643609720699,1783482386433100635
2,22456892000,10643609732411,1783482386433112347
1,22468778000,10643818268717,1783482386641648685
0,22510762999,10643818270893,1783482386641650861
3,22516426666,10643818282541,1783482386641662509
2,22488920999,10643818285517,1783482386641665485
0,22606825999,10643818374733,1783482386641754701
3,22548469332,10643818375533,1783482386641755501
1,22500810999,10643818382637,1783482386641762573
3,22580512000,10643818452206,1783482386641832174
0,22638846999,10643818453806,1783482386641833774
1,22532843999,10643818457038,1783482386641836974
3,22612554666,10643818528014,1783482386641907950
1,22564877000,10643818533838,1783482386641913774
0,22670868000,10643818547278,1783482386641927246
2,22520949999,10643818791344,1783482386642171312
0,22702888999,10643818931857,1783482386642311825
2,22552979000,10643819021489,1783482386642401425
2,22585007999,10643819031665,1783482386642411633
3,22708682666,10643824529396,1783482386647909332
2,22713123999,10643828967503,1783482386652347439
1,22725041999,10643840908154,1783482386664288090
0,22734909999,10643850764311,1783482386674144247
3,22740725332,10643856577019,1783482386679956987
2,22745153000,10643860998647,1783482386684378615
1,22757075000,10643872941953,1783482386696321889
0,22766931000,10643882795614,1783482386706175614
3,22772768000,10643888635587,1783482386712015555
2,22777181999,10643893027102,1783482386716407070
1,22789107999,10643905002665,1783482386728382665
0,22798951999,10644045954806,1783482386869334774
3,22804810666,10644045955574,1783482386869335510
1,22821140999,10644045961494,1783482386869341430
2,22809210999,10644045969558,1783482386869349494
1,22853174000,10644046046263,1783482386869426231
0,22830972999,10644046049495,1783482386869429463
3,22836853332,10644046060855,1783482386869440823
2,22841240000,10644046061783,1783482386869441751
2,22873268999,10644046122999,1783482386869502935
0,22862994000,10644046131383,1783482386869511319
1,22885206999,10644046143447,1783482386869523383
3,22868896000,10644046175543,1783482386869555511
2,22905297999,10644046200792,1783482386869580728
0,22895014999,10644046360057,1783482386869739993
1,22917239999,10644046508633,1783482386869888601
3,22965024000,10644080883151,1783482386904263087
2,22937327000,10644246348661,1783482387069728597
3,22997066666,10644246357398,1783482387069737366
0,22959057000,10644246368918,1783482387069748822
1,22949273000,10644246375222,1783482387069755158
3,23029109332,10644246476086,1783482387069856054
0,22991077999,10644246486902,1783482387069866870
1,22981305999,10644246488982,1783482387069868950
2,22969355999,10644246490838,1783482387069870806
2,23001384999,10644246555351,1783482387069935319
3,23061152000,10644246581463,1783482387069961399
0,23023098999,10644246589431,1783482387069969399
1,23013338999,10644246608151,1783482387069988151
1,23045372000,10644246648215,1783482387070028183
3,23093194666,10644246649399,1783482387070029367
0,23055120000,10644246658935,1783482387070038903
2,23033414000,10644246732408,1783482387070112376
0,23151183000,10644267063990,1783482387090443958
3,23157280000,10644273153788,1783482387096533756
1,23205536999,10644321418793,1783482387144798761
2,23225588000,10644341448518,1783482387164828486
3,23189322666,10644455325066,1783482387278705002
1,23237570000,10644455326250,1783482387278706218
2,23257616999,10644455337547,1783482387278717483
0,23183203999,10644455352523,1783482387278732459
2,23289645999,10644455358059,1783482387278738027
0,23215224999,10644455374123,1783482387278754091
2,23321675000,10644455423275,1783482387278803243
3,23221365332,10644455433419,1783482387278813387
0,23247246000,10644455436331,1783482387278816299
1,23269602999,10644455447403,1783482387278827371
0,23279266999,10644455517260,1783482387278897228
1,23301635999,10644455525836,1783482387278905804
3,23253408000,10644455531756,1783482387278911724
1,23333669000,10644455731309,1783482387279111245
3,23285450666,10644455740621,1783482387279120589
0,23343309000,10644459175394,1783482387282555362
2,23353703999,10644469596707,1783482387292976643
2,23385732999,10644501606027,1783482387324985963
3,23349536000,10644664153055,1783482387487533023
1,23365701999,10644664159871,1783482387487539807
0,23375329999,10644664174783,1783482387487554751
1,23397734999,10644664177791,1783482387487557759
3,23381578666,10644664181567,1783482387487561535
2,23417762000,10644664200479,1783482387487580447
3,23413621332,10644664243487,1783482387487623423
2,23449790999,10644664251135,1783482387487631103
0,23407350999,10644664262527,1783482387487642495
1,23429768000,10644664271871,1783482387487651807
2,23481819999,10644664333344,1783482387487713312
0,23439372000,10644664344768,1783482387487724736
3,23445664000,10644664354912,1783482387487734880
1,23461800999,10644664389376,1783482387487769312
2,23513849000,10644664538497,1783482387487918465
0,23471392999,10644664573377,1783482387487953345
1,23557899999,10644673767002,1783482387497146938
3,23573834666,10644689710366,1783482387513090302
3,23605877332,10644873168788,1783482387696548724
0,23567455999,10644873168980,1783482387696548948
2,23577906999,10644873170388,1783482387696550356
1,23589932999,10644873183956,1783482387696563924
2,23609936000,10644873258932,1783482387696638900
0,23599476999,10644873274932,1783482387696654900
0,23631498000,10644873281492,1783482387696661428
3,23637920000,10644873287284,1783482387696667252
3,23669962666,10644873296565,1783482387696676533
1,23621966000,10644873308693,1783482387696688661
2,23641964999,10644873348693,1783482387696728661
0,23663518999,10644873364213,1783482387696744149
1,23653998999,10644873463830,1783482387696843798
2,23673993999,10644873520534,1783482387696900470
3,23702005332,10644873574838,1783482387696954806
1,23686031999,10644873592278,1783482387696972246
0,23759581999,10644875434402,1783482387698814338
3,23766090666,10644881956618,1783482387705336586
3,23798133332,10645082041288,1783482387905421224
1,23782130999,10645082080744,1783482387905460680
3,23830176000,10645082117801,1783482387905497737
1,23814164000,10645082133353,1783482387905513289
1,23846196999,10645082139209,1783482387905519145
0,23791602999,10645082155017,1783482387905534953
0,23823624000,10645082164617,1783482387905544585
0,23855644999,10645082169289,1783482387905549225
3,23862218666,10645082212105,1783482387905592073
0,23887665999,10645082224329,1783482387905604265
1,23878229999,10645082233481,1783482387905613417
2,23770080999,10645082327978,1783482387905707946
2,23802110000,10645082342186,1783482387905722122
2,23834138999,10645082347402,1783482387905727370
2,23866167999,10645082351338,1783482387905731306
3,23894261332,10645082435659,1783482387905815627
1,23974328999,10645090195323,1783482387913575291
2,23994284000,10645110139287,1783482387933519255
3,23990389332,10645118613356,1783482387941993292
1,24006362000,10645122216098,1783482387945596034
0,24015750000,10645131602781,1783482387954982749
3,24022432000,10645138279878,1783482387961659846
2,24026312999,10645142159646,1783482387965539614
1,24038394999,10645154241866,1783482387977621834
0,24047770999,10645163624420,1783482387987004388
3,24054474666,10645170332910,1783482387993712846
2,24058341999,10645174180774,1783482387997560742
1,24070427999,10645186280977,1783482388009660945
0,24079791999,10645195643883,1783482388019023851
3,24086517332,10645202367573,1783482388025747573
2,24090371000,10645206224717,1783482388029604685
1,24102461000,10645218314936,1783482388041694840
0,24111813000,10645227682579,1783482388051062515
2,24122399999,10645238263957,1783482388061643925
0,24143833999,10645259691514,1783482388083071514
2,24154428999,10645270293916,1783482388093673884
1,24134493999,10645391206957,1783482388214586957
3,24118560000,10645391207533,1783482388214587501
0,24175854999,10645391230317,1783482388214610285
2,24186458000,10645391235021,1783482388214614989
3,24150602666,10645391315438,1783482388214695406
0,24207876000,10645391317262,1783482388214697230
1,24166526999,10645391320846,1783482388214700782
3,24182645332,10645391393326,1783482388214773262
0,24239896999,10645391393614,1783482388214773582
1,24198560000,10645391396142,1783482388214776110
2,24218486999,10645391809745,1783482388215189713
2,24250515999,10645391823921,1783482388215203857
2,24282545000,10645599997217,1783482388423377185
3,24214688000,10645600011521,1783482388423391489
3,24278773332,10645600042657,1783482388423422625
0,24271917999,10645600069409,1783482388423449377
1,24230592999,10645600082945,1783482388423462913
1,24294659000,10645600131394,1783482388423511362
0,24303939000,10645600135458,1783482388423515426
1,24326691999,10645600137666,1783482388423517602
2,24314573999,10645600148738,1783482388423528706
3,24374901332,10645600156738,1783482388423536674
0,24335959999,10645600231298,1783482388423611234
1,24358724999,10645600245442,1783482388423625346
2,24346602999,10645600320483,1783482388423700451
0,24367980999,10645600326275,1783482388423706211
2,24378632000,10645600330083,1783482388423710019
3,24406944000,10645600344739,1783482388423724675
1,24486857000,10645602708146,1783482388426088114
0,24496065000,10645611917067,1783482388435297035
3,24503072000,10645618919799,1783482388442299735
2,24506747999,10645622592333,1783482388445972269
1,24518889999,10645634751097,1783482388458131065
0,24528085999,10645643938770,1783482388467318706
3,24535114666,10645650970494,1783482388474350462
2,24538776999,10645654618965,1783482388477998933
0,24560106999,10645675982906,1783482388499362874
3,24567157332,10645683025094,1783482388506405062
0,24592128000,10645707997761,1783482388531377793
3,24599200000,10645715065453,1783482388538445389
1,24614988999,10645730847375,1783482388554227311
0,24624148999,10645740012808,1783482388563392744
3,24631242666,10645747096469,1783482388570476405
2,24634863999,10645750710347,1783482388574090283
1,24647021999,10645762881271,1783482388586261207
3,24663285332,10645779128636,1783482388602508572
2,24666893000,10645782741683,1783482388606121651
1,24679055000,10645794900222,1783482388618280158
2,24698921999,10645814773434,1783482388638153402
1,24711087999,10645826938470,1783482388650318406
1,24743120999,10645932143093,1783482388755523061
2,24730950999,10645932148373,1783482388755528309
0,24656169999,10645932157557,1783482388755537525
2,24762980000,10645932167733,1783482388755547701
0,24688191000,10645932179029,1783482388755558965
3,24695328000,10645932186357,1783482388755566325
1,24775154000,10645932250325,1783482388755630293
0,24720211999,10645932251765,1783482388755631701
3,24727370666,10645932631512,1783482388756011448
2,24795008999,10645932653048,1783482388756032984
1,24807186999,10646140830344,1783482388964210280
2,24827037999,10646140832232,1783482388964212200
2,24859067000,10646140930985,1783482388964310921
0,24752232999,10646140954505,1783482388964334441
1,24839219999,10646140969257,1783482388964349225
0,24848295999,10646140975017,1783482388964354985
0,24880317000,10646141099434,1783482388964479402
2,24891095999,10646141103754,1783482388964483722
0,24912337999,10646141109962,1783482388964489898
2,24923124999,10646141114794,1783482388964494730
1,24871253000,10646141139850,1783482388964519786
1,24903285999,10646141241003,1783482388964620971
3,24759413332,10646141267051,1783482388964646987
3,24791456000,10646141400652,1783482388964780588
3,24823498666,10646141426828,1783482388964806764
3,24855541332,10646141432716,1783482388964812652
1,25031417999,10646147273456,1783482388970653392
0,25040421999,10646156272264,1783482388979652168
3,25047797332,10646163646262,1783482388987026230
2,25051241000,10646167082507,1783482388990462475
1,25063451000,10646179316952,1783482389002696920
0,25072443000,10646188309904,1783482389011689840
3,25079840000,10646195702718,1783482389019082686
2,25083269999,10646199124659,1783482389022504627
1,25095483999,10646211345183,1783482389034725247
0,25104463999,10646220322103,1783482389043702071
3,25111882666,10646227736101,1783482389051116069
2,25115298999,10646231161178,1783482389054541146
1,25127516999,10646243371686,1783482389066751654
0,25136484999,10646252333054,1783482389075712990
3,25143925332,10646259780461,1783482389083160429
2,25147328000,10646263168162,1783482389086548130
1,25159550000,10646275416558,1783482389098796526
0,25168506000,10646284369574,1783482389107749510
3,25175968000,10646291847636,1783482389115227604
2,25179356999,10646295210729,1783482389118590697
0,25200526999,10646316383021,1783482389139762989
3,25208010666,10646323860732,1783482389147240732
0,25232547999,10646448317218,1783482389271697186
1,25191582999,10646448320099,1783482389271700067
2,25211385999,10646448332099,1783482389271712003
3,25240053332,10646448357667,1783482389271737603
2,25243415000,10646448437155,1783482389271817123
3,25272096000,10646448441763,1783482389271821699
0,25264569000,10646448479140,1783482389271859108
1,25223615999,10646448482884,1783482389271862852
3,25304138666,10646448532132,1783482389271912100
0,25296589999,10646448545828,1783482389271925796
1,25255649000,10646448552964,1783482389271932932
2,25275443999,10646448562788,1783482389271942756
2,25307472999,10646657114167,1783482389480494071
3,25336181332,10646657122039,1783482389480502007
0,25328610999,10646657128599,1783482389480508567
1,25287681999,10646657140919,1783482389480520887
1,25351748000,10646657156535,1783482389480536471
2,25339502000,10646657227447,1783482389480607415
3,25368224000,10646657230871,1783482389480610807
0,25424673999,10646657268696,1783482389480648632
1,25383780999,10646657274264,1783482389480654200
2,25371530999,10646657306136,1783482389480686072
3,25400266666,10646657307768,1783482389480687736
1,25415813999,10646657315960,1783482389480695896
0,25456695000,10646657332088,1783482389480712056
0,25488715999,10646657390232,1783482389480770200
2,25403559999,10646657552249,1783482389480932217
3,25432309332,10646657591226,1783482389480971162
1,25543946000,10646659794471,1783482389483174375
0,25552758000,10646668602046,1783482389491981982
3,25560480000,10646676338542,1783482389499718478
2,25563704999,10646679559874,1783482389502939810
1,25575978999,10646691847983,1783482389515227919
0,25584778999,10646700646214,1783482389524026150
3,25592522666,10646708380150,1783482389531760086
2,25595733999,10646711591882,1783482389534971818
1,25608011999,10646723877782,1783482389547257718
0,25616799999,10646732655341,1783482389556035277
3,25624565332,10646740423069,1783482389563803005
2,25627763000,10646743618641,1783482389566998609
1,25640045000,10646755902910,1783482389579282878
1,25672077999,10646884993377,1783482389708373345
0,25648821000,10646884993345,1783482389708373281
3,25656608000,10646885003490,1783482389708383458
2,25659791999,10646885011522,1783482389708391458
0,25680841999,10646885123362,1783482389708503330
1,25704110999,10646885135938,1783482389708515906
3,25688650666,10646885138050,1783482389708517986
0,25712862999,10646885202499,1783482389708582435
1,25736144000,10646885207139,1783482389708587107
2,25691820999,10646885345412,1783482389708725380
2,25723850000,10646885379364,1783482389708759300
3,25784778666,10646900628259,1783482389724008227
0,25744884000,10647093770037,1783482389917150005
3,25816821332,10647093770517,1783482389917150485
1,25768176999,10647093771285,1783482389917151253
2,25755878999,10647093773941,1783482389917153877
0,25776904999,10647093868854,1783482389917248822
1,25800209999,10647093873110,1783482389917253078
1,25832243000,10647093942550,1783482389917322518
0,25808925999,10647093948567,1783482389917328535
0,25840947000,10647094015991,1783482389917395959
1,25864275999,10647094021239,1783482389917401207
3,25848864000,10647094129656,1783482389917509624
3,25880906666,10647094145848,1783482389917525784
3,25912949332,10647094151064,1783482389917531032
2,25787907999,10647094282361,1783482389917662297
2,25819937000,10647094298233,1783482389917678201
2,25851965999,10647094320953,1783482389917700857
0,26001051999,10647116918150,1783482389940298118
3,26009077332,10647124931799,1783482389948311735
1,26024441000,10647140300855,1783482389963680823
2,26044139999,10647159991762,1783482389983371730
1,26056473999,10647302701162,1783482390126081130
0,26033073000,10647302703594,1783482390126083562
2,26076168999,10647302719818,1783482390126099786
0,26065093999,10647302724587,1783482390126104555
1,26088506999,10647302726059,1783482390126106027
2,26108198000,10647302746027,1783482390126125963
0,26097114999,10647302751531,1783482390126131467
2,26140226999,10647302789995,1783482390126169963
3,26041120000,10647302806315,1783482390126186251
0,26129136000,10647302811403,1783482390126191371
1,26120540000,10647302813611,1783482390126193547
3,26073162666,10647302815499,1783482390126195467
1,26152572999,10647302882283,1783482390126262219
3,26105205332,10647303116173,1783482390126496141
2,26172255999,10647303138509,1783482390126518445
0,26193177999,10647309031602,1783482390132411570
0,26225199000,10647511533727,1783482390334913663
3,26137248000,10647511538303,1783482390334918239
2,26204285000,10647511543743,1783482390334923679
3,26201333332,10647511563007,1783482390334942975
2,26236313999,10647511566847,1783482390334946783
3,26233376000,10647511569855,1783482390334949823
1,26216639000,10647511589183,1783482390334969151
1,26248671999,10647511596575,1783482390334976511
2,26268342999,10647511641119,1783482390335021055
3,26265418666,10647511645023,1783482390335024959
1,26280704999,10647511656352,1783482390335036288
0,26257219999,10647511672352,1783482390335052288
2,26300372000,10647511747296,1783482390335127232
0,26289240999,10647511808288,1783482390335188256
0,26321262000,10647511819457,1783482390335199361
1,26312738000,10647511856001,1783482390335235969
2,26396459000,10647512310916,1783482390335690884
1,26408837000,10647524711697,1783482390348091633
0,26417325000,10647533176902,1783482390356556870
3,26425632000,10647541512729,1783482390364892697
2,26428487999,10647544339627,1783482390367719595
1,26440869999,10647556723864,1783482390380103800
0,26449345999,10647565201421,1783482390388581357
3,26457674666,10647573529889,1783482390396909825
2,26460516999,10647576365970,1783482390399745906
1,26472902999,10647588749248,1783482390412129216
0,26481366999,10647597222484,1783482390420602452
3,26489717332,10647605572648,1783482390428952616
2,26492546000,10647608390202,1783482390431770138
1,26504936000,10647620786087,1783482390444166023
0,26513388000,10647629245244,1783482390452625212
3,26521760000,10647637632976,1783482390461012880
2,26524574999,10647640425089,1783482390463805057
1,26536968999,10647652834287,1783482390476214255
3,26553802666,10647669669175,1783482390493049111
3,26585845332,10647701699359,1783482390525079295
2,26556603999,10647805702631,1783482390629082567
3,26617888000,10647805708743,1783482390629088711
0,26545408999,10647805719143,1783482390629099111
1,26569001999,10647805724903,1783482390629104871
2,26588633000,10647805814087,1783482390629194023
3,26649930666,10647805818119,1783482390629198055
0,26577429999,10647805822343,1783482390629202279
1,26601035000,10647805835687,1783482390629215655
0,26609451000,10647805908552,1783482390629288520
2,26620661999,10647805919016,1783482390629298984
1,26633067999,10647805919336,1783482390629299304
3,26681973332,10647805924200,1783482390629304168
2,26652690999,10648014540635,1783482390837920571
0,26641471999,10648014540667,1783482390837920603
1,26665100999,10648014545275,1783482390837925211
2,26716748999,10648014567323,1783482390837947259
3,26714016000,10648014582107,1783482390837962075
0,26705514000,10648014600475,1783482390837980411
2,26748777999,10648014644060,1783482390838024028
3,26746058666,10648014646236,1783482390838026172
0,26737534999,10648014652636,1783482390838032604
1,26697134000,10648014665276,1783482390838045212
3,26778101332,10648014738044,1783482390838118012
1,26729166999,10648014841917,1783482390838221853
1,26761199999,10648014851293,1783482390838231197
2,26780807000,10648014862749,1783482390838242717
0,26833597999,10648014874269,1783482390838254237
3,26810144000,10648014885885,1783482390838265853
3,26906272000,10648022128746,1783482390845508714
2,26908922999,10648024771867,1783482390848151835
1,26921364999,10648037216776,1783482390860596712
0,26929660999,10648045511772,1783482390868891740
3,26938314666,10648054161522,1783482390877541458
2,26940951999,10648056799490,1783482390880179490
1,26953397999,10648069252112,1783482390892632080
0,26961681999,10648077529091,1783482390900909059
3,26970357332,10648086234361,1783482390909614297
2,26972981000,10648088852522,1783482390912232490
1,26985431000,10648101292439,1783482390924672375
0,26993703000,10648109563659,1783482390932943627
3,27002400000,10648118250337,1783482390941630305
2,27005009999,10648120861905,1783482390944241873
1,27017463999,10648133319711,1783482390956699647
0,27025723999,10648141577330,1783482390964957298
3,27034442666,10648150290056,1783482390973669992
2,27037038999,10648152882264,1783482390976262200
1,27049496999,10648165353990,1783482390988733958
0,27057744999,10648173587417,1783482390996967353
2,27069068000,10648184933280,1783482391008313184
0,27089766000,10648205624289,1783482391029004289
3,27066485332,10648358568761,1783482391181948697
2,27101096999,10648358569561,1783482391181949497
1,27081530000,10648358578681,1783482391181958585
1,27113562999,10648358593594,1783482391181973530
0,27121786999,10648358626554,1783482391182006522
3,27098528000,10648358683866,1783482391182063802
1,27145595999,10648358686650,1783482391182066618
2,27133125999,10648358702746,1783482391182082746
0,27153807999,10648358715034,1783482391182094970
0,27185829000,10648358783227,1783482391182163195
3,27194656000,10648358797915,1783482391182177883
1,27177629000,10648358825019,1783482391182204987
3,27226698666,10648358866459,1783482391182246427
0,27217849999,10648358875451,1783482391182255387
2,27165155000,10648358901851,1783482391182281787
2,27197183999,10648358940732,1783482391182320668
1,27273728000,10648389585659,1783482391212965595
3,27258741332,10648567445582,1783482391390825518
1,27305760999,10648567445742,1783482391390825678
2,27261242000,10648567445614,1783482391390825550
3,27290784000,10648567472750,1783482391390852686
0,27249870999,10648567479342,1783482391390859310
3,27322826666,10648567539087,1783482391390919055
1,27337793999,10648567547727,1783482391390927631
2,27293270999,10648567562255,1783482391390942191
0,27281892000,10648567579951,1783482391390959887
3,27354869332,10648567711472,1783482391391091408
0,27313912999,10648567745616,1783482391391125552
0,27345933999,10648567755696,1783482391391135632
2,27325299999,10648567766224,1783482391391146192
1,27433892999,10648567804976,1783482391391184944
2,27357329000,10648567814544,1783482391391194480
2,27453416000,10648569266618,1783482391392646554
1,27465926000,10648581776583,1783482391405156551
0,27474018000,10648589876890,1783482391413256858
3,27483040000,10648598891666,1783482391422271634
2,27485444999,10648601307873,1783482391424687841
1,27497958999,10648613811183,1783482391437191151
0,27506038999,10648621893825,1783482391445273761
3,27515082666,10648630938266,1783482391454318234
2,27517473999,10648633319560,1783482391456699528
1,27529991999,10648645847638,1783482391469227606
0,27538059999,10648653927561,1783482391477307529
3,27547125332,10648662985889,1783482391486365857
2,27549503000,10648665356368,1783482391488736304
1,27562025000,10648677884542,1783482391501264510
0,27570081000,10648685937808,1783482391509317776
3,27579168000,10648695030825,1783482391518410793
1,27594057999,10648709905445,1783482391533285381
3,27611210666,10648727051728,1783482391550431664
1,27626090999,10648862850238,1783482391686230174
2,27581531999,10648862850686,1783482391686230654
0,27602101999,10648862855262,1783482391686235230
3,27643253332,10648862859614,1783482391686239518
2,27613560999,10648862952926,1783482391686332894
0,27634122999,10648862960670,1783482391686340638
1,27658124000,10648862972735,1783482391686352671
2,27645590000,10648863037855,1783482391686417823
0,27666144000,10648863045631,1783482391686425599
1,27690156999,10648863058591,1783482391686438527
0,27698164999,10648863120447,1783482391686500415
1,27722189999,10648863131200,1783482391686511136
2,27677618999,10648863233760,1783482391686613728
3,27675296000,10648863363329,1783482391686743297
3,27707338666,10648863375873,1783482391686755841
3,27739381332,10648863381697,1783482391686761633
3,27771424000,10649071693970,1783482391895073938
1,27754223000,10649071694226,1783482391895074162
2,27773705999,10649071698066,1783482391895078034
0,27762207000,10649071703282,1783482391895083250
2,27805734999,10649071718579,1783482391895098547
3,27803466666,10649071787219,1783482391895167155
1,27786255999,10649071793907,1783482391895173875
2,27837764000,10649071809939,1783482391895189907
0,27794227999,10649071831571,1783482391895211507
2,27869792999,10649071869619,1783482391895249555
3,27835509332,10649071874516,1783482391895254452
0,27826248999,10649071886740,1783482391895266676
1,27818288999,10649071895796,1783482391895275732
0,27858270000,10649072054325,1783482391895434293
3,27867552000,10649072073909,1783482391895453877
1,27850322000,10649072100277,1783482391895480245
3,27963680000,10649079532131,1783482391902912099
2,27965879999,10649081724049,1783482391905103985
1,27978453999,10649094320543,1783482391917700479
0,27986353999,10649102213104,1783482391925593072
3,27995722666,10649111575339,1783482391934955307
2,27997908999,10649113758520,1783482391937138488
1,28010486999,10649126340199,1783482391949720167
0,28018374999,10649134221656,1783482391957601624
3,28027765332,10649143613330,1783482391966993298
2,28029938000,10649145790112,1783482391969170048
1,28042520000,10649158368814,1783482391981748750
0,28050396000,10649166256031,1783482391989635999
3,28059808000,10649175650106,1783482391999030074
2,28061966999,10649177811975,1783482392001191975
1,28074552999,10649190405558,1783482392013785494
0,28082416999,10649198270855,1783482392021650759
3,28091850666,10649207703937,1783482392031083905
2,28093995999,10649209855855,1783482392033235855
1,28106585999,10649222432861,1783482392045812829
0,28114437999,10649230292366,1783482392053672302
2,28126025000,10649241878806,1783482392065258806
1,28138619000,10649394792047,1783482392218171983
0,28146459000,10649394792303,1783482392218172271
2,28158053999,10649394793167,1783482392218173103
3,28123893332,10649394807567,1783482392218187535
2,28190082999,10649394893743,1783482392218273679
0,28242522000,10649394900751,1783482392218280687
3,28155936000,10649394901615,1783482392218281583
1,28170651999,10649394913647,1783482392218293583
2,28222112000,10649394981584,1783482392218361520
3,28187978666,10649394983312,1783482392218363280
1,28202684999,10649394994608,1783482392218374544
0,28274542999,10649395005808,1783482392218385744
2,28254140999,10649395056112,1783482392218436048
3,28220021332,10649395059216,1783482392218439152
1,28234718000,10649395083216,1783482392218463152
0,28306563999,10649422414843,1783482392245794747
1,28298783999,10649603629827,1783482392427009763
2,28286169999,10649603630723,1783482392427010691
0,28338585000,10649603631939,1783482392427011907
3,28284106666,10649603634755,1783482392427014723
0,28370605999,10649603733764,1783482392427113732
3,28316149332,10649603734404,1783482392427114340
2,28318199000,10649603771396,1783482392427151364
0,28402626999,10649603813316,1783482392427193252
2,28350227999,10649603829765,1783482392427209733
3,28348192000,10649603870437,1783482392427250405
2,28382256999,10649604052038,1783482392427431974
3,28380234666,10649604070790,1783482392427450726
0,28434648000,10649604074150,1783482392427454086
1,28330817000,10649604204071,1783482392427584039
1,28362849999,10649604217447,1783482392427597415
1,28394882999,10649604259335,1783482392427639303
1,28490981999,10649606827511,1783482392430207479
0,28498689999,10649614538119,1783482392437918055
3,28508405332,10649624251940,1783482392447631972
2,28510373000,10649626238032,1783482392449618000
2,28542401999,10649812584185,1783482392635964121
2,28574430999,10649812606201,1783482392635986169
1,28523015000,10649812627705,1783482392636007641
1,28555047999,10649812635769,1783482392636015705
3,28604533332,10649812639001,1783482392636018937
0,28530711000,10649812651545,1783482392636031481
3,28636576000,10649812656793,1783482392636036761
2,28606460000,10649812686521,1783482392636066457
1,28587080999,10649812701945,1783482392636081849
3,28668618666,10649812714809,1783482392636094777
0,28562731999,10649812724666,1783482392636104634
2,28638488999,10649812962747,1783482392636342715
0,28594752999,10649812987707,1783482392636367675
0,28626774000,10649812994491,1783482392636374427
1,28619114000,10649813004795,1783482392636384763
3,28700661332,10649816519121,1783482392639899089
2,28702547000,10649818402621,1783482392641782589
1,28715213000,10649831066444,1783482392654446444
3,28732704000,10649848549945,1783482392671929913
3,28764746666,10650021462606,1783482392844842574
2,28734575999,10650021463982,1783482392844843950
1,28747245999,10650021467470,1783482392844847406
0,28722837000,10650021485486,1783482392844865422
3,28796789332,10650021561678,1783482392844941614
2,28766604999,10650021563662,1783482392844943630
0,28754857999,10650021571566,1783482392844951534
0,28786878999,10650021587438,1783482392844967406
1,28843344999,10650021652271,1783482392845032239
1,28875377999,10650021660399,1783482392845040367
0,28818900000,10650021675023,1783482392845054959
2,28862691999,10650021693999,1783482392845073967
2,28894721000,10650021732047,1783482392845112015
3,28828832000,10650021778960,1783482392845158928
3,28860874666,10650021817904,1783482392845197840
1,28907411000,10650023260601,1783482392846640569
0,28914963000,10650030821000,1783482392854200968
3,28924960000,10650040808134,1783482392864188102
2,28926749999,10650042607345,1783482392865987281
1,28939443999,10650055296576,1783482392878676512
0,28946983999,10650062833167,1783482392886213135
0,28979004999,10650230440035,1783482393053820003
1,28971476999,10650230440995,1783482393053820899
2,28958778999,10650230440099,1783482393053820067
3,28957002666,10650230452995,1783482393053832931
2,28990808000,10650230566756,1783482393053946692
0,29011026000,10650230576548,1783482393053956516
3,28989045332,10650230578724,1783482393053958692
1,29003510000,10650230591780,1783482393053971716
2,29022836999,10650230661444,1783482393054041412
3,29021088000,10650230671429,1783482393054051365
0,29043046999,10650230673029,1783482393054052997
1,29035542999,10650230687269,1783482393054067205
3,29053130666,10650230756005,1783482393054135973
2,29054865999,10650230761125,1783482393054141061
0,29075067999,10650230768933,1783482393054148901
1,29067575999,10650230780165,1783482393054160101
3,29117216000,10650233078900,1783482393056458836
2,29118923999,10650234774270,1783482393058154238
1,29131641999,10650247512557,1783482393070892525
0,29139109999,10650254973116,1783482393078353084
2,29150952999,10650431023364,1783482393254403332
1,29163674999,10650431023972,1783482393254403908
0,29171130999,10650431023396,1783482393254403332
3,29149258666,10650431025156,1783482393254405124
2,29182982000,10650431161861,1783482393254541797
0,29203152000,10650431175589,1783482393254555557
1,29195708000,10650431198854,1783482393254578822
3,29181301332,10650431217830,1783482393254597734
3,29213344000,10650431268934,1783482393254648902
0,29235172999,10650431285478,1783482393254665414
1,29227740999,10650431293830,1783482393254673798
2,29215010999,10650431307622,1783482393254687558
3,29245386666,10650431422375,1783482393254802343
0,29267193999,10650431441607,1783482393254821543
1,29259773999,10650431498599,1783482393254878567
2,29247039999,10650431531528,1783482393254911464
1,29323839999,10650439776219,1783482393263156123
0,29331235999,10650447100009,1783482393270479945
3,29341514666,10650457382473,1783482393280762409
2,29343126999,10650458982707,1783482393282362675
2,29375156000,10650631586662,1783482393454966630
1,29355872999,10650631586918,1783482393454966854
3,29373557332,10650631594406,1783482393454974374
0,29363256999,10650631603718,1783482393454983654
2,29407184999,10650631725927,1783482393455105863
3,29405600000,10650631731687,1783482393455111623
0,29395278000,10650631743271,1783482393455123207
1,29387906000,10650631755367,1783482393455135335
0,29427298999,10650631815623,1783482393455195559
1,29419938999,10650631830087,1783482393455210055
2,29439213999,10650631851367,1783482393455231303
3,29437642666,10650631859303,1783482393455239271
0,29459319999,10650631965960,1783482393455345896
3,29469685332,10650631975912,1783482393455355880
2,29471243000,10650632018056,1783482393455398024
1,29451971999,10650632040105,1783482393455420073
1,29516037999,10650632082377,1783482393455462345
0,29523361999,10650639236501,1783482393462616469
3,29533770666,10650649629654,1783482393473009622
2,29535300999,10650651153664,1783482393474533632
2,29567330000,10650832122759,1783482393655502727
3,29565813332,10650832123751,1783482393655503687
1,29548070999,10650832145991,1783482393655525959
0,29555382999,10650832148935,1783482393655528903
2,29599358999,10650832270024,1783482393655649992
3,29597856000,10650832275240,1783482393655655208
0,29651445999,10650832291720,1783482393655671656
1,29580104000,10650832304456,1783482393655684392
3,29629898666,10650832372104,1783482393655752040
1,29612136999,10650832378792,1783482393655758760
2,29631387999,10650832380104,1783482393655760072
0,29683467000,10650832392680,1783482393655772616
0,29715487999,10650832458185,1783482393655838153
2,29663417000,10650832468009,1783482393655847945
3,29661941332,10650832530761,1783482393655910729
1,29644169999,10650832538153,1783482393655918089
3,29726026666,10650841884932,1783482393665264868
2,29727474999,10650843330797,1783482393666710733
1,29740268999,10650856121852,1783482393679501788
0,29747508999,10650863364713,1783482393686744649
1,29772302000,10651041110780,1783482393864490748
3,29758069332,10651041115484,1783482393864495452
0,29779530000,10651041116445,1783482393864496381
2,29759504000,10651041121629,1783482393864501597
3,29790112000,10651041215965,1783482393864595901
2,29791532999,10651041216541,1783482393864596477
1,29804334999,10651041233181,1783482393864613117
0,29811550999,10651041247485,1783482393864627421
2,29823561999,10651041300798,1783482393864680766
3,29822154666,10651041301726,1783482393864681662
0,29843571999,10651041309502,1783482393864689470
1,29836367999,10651041322110,1783482393864702078
2,29855591000,10651041464255,1783482393864844223
3,29854197332,10651041483999,1783482393864863967
0,29875593000,10651041488959,1783482393864868927
1,29868401000,10651041521343,1783482393864901279
1,29932466999,10651048313769,1783482393871693737
0,29939634999,10651055484438,1783482393878864374
2,29951678000,10651067530529,1783482393890910497
3,30014410666,10651130281672,1783482393953661640
3,30046453332,10651241603197,1783482394064983133
1,29964500000,10651241603293,1783482394064983229
0,29971656000,10651241603421,1783482394064983357
2,29983706999,10651241603293,1783482394064983261
3,30078496000,10651241778302,1783482394065158270
2,30015735999,10651241781214,1783482394065161118
0,30003676999,10651241790910,1783482394065170846
1,29996532999,10651241805599,1783482394065185535
2,30047765000,10651241867295,1783482394065247263
3,30110538666,10651241868767,1783482394065248735
0,30035697999,10651241876703,1783482394065256639
1,30028565999,10651241894079,1783482394065274047
1,30060599000,10651242017856,1783482394065397792
2,30079793999,10651242043168,1783482394065423136
0,30067719000,10651242152481,1783482394065532449
0,30131760999,10651247614819,1783482394070994787
3,30142581332,10651258450854,1783482394081830822
2,30143852000,10651259713390,1783482394083093326
1,30156698000,10651272575038,1783482394095955006
3,30174624000,10651290490766,1783482394113870734
0,30163782000,10651450659796,1783482394274039764
1,30252797000,10651450661716,1783482394274041684
3,30206666666,10651450662036,1783482394274042004
2,30175880999,10651450663956,1783482394274043892
1,30284829999,10651450799956,1783482394274179924
0,30195802999,10651450804404,1783482394274184372
3,30238709332,10651450809140,1783482394274189076
2,30271967999,10651450821717,1783482394274201685
2,30303996999,10651450887605,1783482394274267541
1,30316862999,10651450889557,1783482394274269493
3,30270752000,10651450889973,1783482394274269941
0,30227823999,10651450908821,1783482394274288757
3,30302794666,10651450971381,1783482394274351349
0,30259845000,10651450975766,1783482394274355734
2,30336026000,10651451884507,1783482394275264443
1,30348896000,10651464763275,1783482394288143243
3,30334837332,10651659567145,1783482394482947081
0,30355908000,10651659583913,1783482394482963881
2,30368054999,10651659587593,1783482394482967561
2,30400083999,10651659614217,1783482394482994153
0,30387928999,10651659622665,1783482394483002633
2,30432113000,10651659653609,1783482394483033577
0,30419949999,10651659668393,1783482394483048361
3,30366880000,10651659673706,1783482394483053642
1,30380928999,10651659686506,1783482394483066474
1,30412961999,10651659697386,1783482394483077354
1,30444995000,10651659702826,1783482394483082794
0,30451971000,10651659753578,1783482394483133546
1,30477027999,10651659763530,1783482394483143498
3,30398922666,10651659940715,1783482394483320651
3,30430965332,10651659966251,1783482394483346219
2,30464141999,10651659993868,1783482394483373804
0,30548034000,10651663884772,1783482394487264708
2,30560228999,10651676072880,1783482394499452848
1,30573126999,10651688987584,1783482394512367520
3,30559136000,10651868433022,1783482394691812958
0,30580054999,10651868439390,1783482394691819326
3,30591178666,10651868452958,1783482394691832926
1,30605159999,10651868453374,1783482394691833342
0,30612075999,10651868458974,1783482394691838878
3,30623221332,10651868459934,1783482394691839870
2,30592257999,10651868481406,1783482394691861374
3,30655264000,10651868524958,1783482394691904894
0,30644097000,10651868565791,1783482394691945727
2,30624287000,10651868630495,1783482394692010463
2,30656315999,10651868643935,1783482394692023903
2,30688344999,10651868683231,1783482394692063167
0,30676117999,10651868692096,1783482394692072032
1,30637193000,10651868696608,1783482394692076576
1,30669225999,10651868704160,1783482394692084096
1,30701258999,10651868710784,1783482394692090752
0,30772180999,10651888037432,1783482394711417368
3,30783434666,10651899296670,1783482394722676638
1,30765324999,10651907839667,1783482394731219603
2,30784431999,10651907841235,1783482394731221171
1,30797357999,10651913210773,1783482394736590741
0,30804201999,10651920038015,1783482394743417919
3,30815477332,10651931338406,1783482394754718342
2,30816461000,10651932318316,1783482394755698284
1,30829391000,10651945240668,1783482394768620636
0,30836223000,10651952037543,1783482394775417479
3,30847520000,10651963375309,1783482394786755277
2,30848489999,10651964338995,1783482394787718995
1,30861423999,10651977274532,1783482394800654468
0,30868243999,10651984087726,1783482394807467662
3,30879562666,10651995415317,1783482394818795285
2,30880518999,10651996395451,1783482394819775419
0,30900264999,10652016126550,1783482394839506518
3,30911605332,10652027463677,1783482394850843645
3,30943648000,10652059509764,1783482394882889732
1,30893456999,10652180359925,1783482395003739861
0,30932286000,10652180360501,1783482395003740469
2,30912548000,10652180364309,1783482395003744277
3,30975690666,10652180368629,1783482395003748597
2,30944576999,10652180461206,1783482395003841142
3,31007733332,10652180467382,1783482395003847350
0,30964306999,10652180468374,1783482395003848342
1,30925490000,10652180485846,1783482395003865814
2,30976605999,10652180545142,1783482395003925078
0,31060369999,10652180554358,1783482395003934294
1,30957522999,10652180570966,1783482395003950902
3,31039776000,10652180582902,1783482395003962870
3,31071818666,10652389139178,1783482395212519114
0,31092390999,10652389146346,1783482395212526314
2,31008635000,10652389154026,1783482395212533994
0,31124412000,10652389165994,1783482395212545962
2,31072692999,10652389173290,1783482395212553226
1,30989555999,10652389182154,1783482395212562090
1,31085654999,10652389190890,1783482395212570826
1,31117688000,10652389194826,1783482395212574794
1,31149720999,10652389242282,1783482395212622218
3,31103861332,10652389246346,1783482395212626282
0,31156432999,10652389318251,1783482395212698219
0,31188453999,10652389352491,1783482395212732459
2,31104722000,10652389366923,1783482395212746891
2,31136750999,10652389384043,1783482395212764011
3,31135904000,10652389386219,1783482395212766187
3,31167946666,10652389643533,1783482395213023469
1,31277852999,10652393707558,1783482395217087526
0,31284516999,10652400402032,1783482395223782000
3,31296117332,10652411966872,1783482395235346808
2,31296896000,10652412749341,1783482395236129277
1,31309886000,10652425741614,1783482395249121550
0,31316538000,10652432384471,1783482395255764439
3,31328160000,10652444049536,1783482395267429504
2,31328924999,10652444797348,1783482395268177316
1,31341918999,10652457783381,1783482395281163381
0,31348558999,10652464435007,1783482395287814975
2,31360953999,10652476815756,1783482395300195724
1,31373951999,10652489844829,1783482395313224765
0,31380579999,10652496441542,1783482395319821510
2,31392983000,10652508875475,1783482395332255379
1,31405985000,10652521852612,1783482395345232548
0,31412601000,10652528461997,1783482395351841933
3,31424288000,10652540156726,1783482395363536694
2,31425011999,10652540860699,1783482395364240667
1,31438017999,10652553858700,1783482395377238668
3,31456330666,10652572177822,1783482395395557726
1,31470050999,10652681435110,1783482395504815078
2,31457040999,10652681437702,1783482395504817638
0,31444621999,10652681441190,1783482395504821158
3,31488373332,10652681447655,1783482395504827623
0,31476642999,10652681558023,1783482395504937959
1,31502084000,10652681561959,1783482395504941895
3,31520416000,10652681566215,1783482395504946183
0,31508664000,10652681645192,1783482395505025128
3,31552458666,10652681647784,1783482395505027720
1,31534116999,10652681650088,1783482395505030056
2,31489070000,10652681837705,1783482395505217673
2,31521098999,10652681850313,1783482395505230281
2,31553127999,10652890213531,1783482395713593467
0,31540684999,10652890213819,1783482395713593755
3,31584501332,10652890217883,1783482395713597819
1,31566149999,10652890220123,1783482395713600027
3,31616544000,10652890240411,1783482395713620411
3,31648586666,10652890310364,1783482395713690300
0,31572705999,10652890314940,1783482395713694908
1,31662248999,10652890333052,1783482395713713020
3,31680629332,10652890390236,1783482395713770204
0,31604727000,10652890391900,1783482395713771868
1,31694282000,10652890406108,1783482395713786044
1,31726314999,10652890458461,1783482395713838429
0,31636747999,10652890473021,1783482395713852957
2,31585157000,10652890748222,1783482395714128126
2,31681244000,10652890762238,1783482395714142206
2,31713272999,10652890768191,1783482395714148127
3,31776757332,10652892625802,1783482395716005770
2,31777331000,10652893174958,1783482395716554894
1,31790381000,10652906232127,1783482395729612063
0,31796853000,10652912708423,1783482395736088391
3,31808800000,10652924659858,1783482395748039794
0,31828873999,10653099121265,1783482395922501201
2,31809359999,10653099122577,1783482395922502513
2,31841388999,10653099166513,1783482395922546481
3,31840842666,10653099168977,1783482395922548913
0,31860894999,10653099184881,1783482395922564849
0,31892916000,10653099191217,1783482395922571153
1,31822413999,10653099203697,1783482395922583633
1,31854446999,10653099210993,1783482395922590961
3,31872885332,10653099275505,1783482395922655473
2,31873418000,10653099279153,1783482395922659121
0,31924936999,10653099292466,1783482395922672434
1,31886480000,10653099304466,1783482395922684434
3,31904928000,10653099356466,1783482395922736434
1,31918512999,10653099365522,1783482395922745490
2,31905446999,10653099375602,1783482395922755570
0,31988979000,10653104831444,1783482395928211380
2,32001533999,10653307986822,1783482396131366790
3,31936970666,10653307997478,1783482396131377414
1,32014611999,10653308014886,1783482396131394822
2,32033562999,10653308028134,1783482396131408102
3,32001056000,10653308034246,1783482396131414182
1,32046644999,10653308035270,1783482396131415206
0,32020999999,10653308048134,1783482396131428070
2,32065592000,10653308108070,1783482396131488038
3,32033098666,10653308111911,1783482396131491847
0,32053020999,10653308114151,1783482396131494087
1,32078678000,10653308119783,1783482396131499751
2,32097620999,10653308193287,1783482396131573223
1,32110710999,10653308195559,1783482396131575527
0,32085042000,10653308199591,1783482396131579527
3,32065141332,10653308287912,1783482396131667880
0,32117062999,10653308314536,1783482396131694472
3,32193312000,10653309159885,1783482396132539853
2,32193707999,10653309558768,1783482396132938704
1,32206809999,10653322669857,1783482396146049825
0,32213125999,10653328980905,1783482396152360873
3,32225354666,10653341213077,1783482396164593045
2,32225736999,10653341586711,1783482396164966647
1,32238842999,10653354693673,1783482396178073609
0,32245146999,10653361005104,1783482396184385072
3,32257397332,10653373254524,1783482396196634460
2,32257766000,10653373621471,1783482396197001439
1,32270876000,10653386736272,1783482396210116240
0,32277168000,10653393024664,1783482396216404632
3,32289440000,10653405283876,1783482396228663844
2,32289794999,10653405640198,1783482396229020166
1,32302908999,10653418757048,1783482396242136984
0,32309188999,10653425037311,1783482396248417279
3,32321482666,10653437325772,1783482396260705740
2,32321823999,10653437668366,1783482396261048302
1,32334941999,10653450818336,1783482396274198304
0,32341209999,10653457081607,1783482396280461575
3,32353525332,10653469400915,1783482396292780883
2,32353853000,10653469713429,1783482396293093365
1,32366975000,10653482856711,1783482396306236647
2,32385881999,10653635835040,1783482396459215008
0,32373231000,10653635851008,1783482396459230944
1,32399007999,10653635858304,1783482396459238240
3,32385568000,10653635862656,1783482396459242624
2,32417910999,10653635989057,1783482396459369025
3,32417610666,10653635998081,1783482396459378081
0,32469294000,10653635999105,1783482396459379073
1,32431040999,10653636021985,1783482396459401953
2,32449940000,10653636098018,1783482396459477954
3,32449653332,10653636106242,1783482396459486210
0,32501314999,10653636107842,1783482396459487746
1,32463074000,10653636117794,1783482396459497730
1,32495106999,10653636182018,1783482396459561954
2,32481968999,10653636184866,1783482396459564802
3,32481696000,10653636190850,1783482396459570818
0,32533335999,10653649193172,1783482396472573140
2,32546027000,10653844743894,1783482396668123830
0,32565357000,10653844744630,1783482396668124598
1,32527139999,10653844745302,1783482396668125270
3,32545781332,10653844748438,1783482396668128406
3,32577824000,10653844839382,1783482396668219318
2,32578055999,10653844840118,1783482396668220022
0,32597377999,10653844840534,1783482396668220470
1,32559173000,10653844845878,1783482396668225846
0,32629398999,10653844917271,1783482396668297207
1,32591205999,10653844923863,1783482396668303831
2,32610084999,10653844929495,1783482396668309463
3,32609866666,10653844933591,1783482396668313527
3,32641909332,10653844992919,1783482396668372887
1,32623238999,10653844998423,1783482396668378359
2,32642114000,10653845004183,1783482396668384151
0,32661420000,10653845007991,1783482396668387927
3,32738037332,10653853876687,1783482396677256655
2,32738201000,10653854048112,1783482396677428048
1,32751371000,10653867221666,1783482396690601602
0,32757483000,10653873338600,1783482396696718568
2,32770229999,10654053720684,1783482396877100652
3,32834165332,10654053722348,1783482396877102316
0,32789503999,10654053723308,1783482396877103244
1,32783403999,10654053724524,1783482396877104460
2,32802258999,10654053744268,1783482396877124204
1,32815436999,10654053755212,1783482396877135180
3,32866208000,10654053759820,1783482396877139788
1,32847470000,10654053820204,1783482396877200172
0,32821524999,10654053825036,1783482396877204972
2,32834288000,10654053828524,1783482396877208492
2,32866316999,10654053867117,1783482396877247053
0,32853546000,10654053874125,1783482396877254093
1,32879502999,10654053877901,1783482396877257837
0,32885566999,10654053938733,1783482396877318669
