cam,pts_ns,mono_ns,real_ns
0,64041999,10788005316701,1783482530828696669
0,96063000,10788006109553,1783482530829489521
0,128083999,10788008843793,1783482530832223729
0,160104999,10788009556313,1783482530832936281
0,192126000,10788011776765,1783482530835156733
0,224146999,10788013134464,1783482530836514432
0,256167999,10788205563810,1783482531028943778
3,567200000,10788339702071,1783482531163082039
0,288189000,10788348470537,1783482531171850473
3,599242666,10788371722513,1783482531195102449
0,320209999,10788380272635,1783482531203652603
3,631285332,10788403776514,1783482531227156450
0,352230999,10788412408152,1783482531235788056
0,448293999,10788412529945,1783482531235909881
3,663328000,10788435813272,1783482531259193240
3,695370666,10788467866378,1783482531291246346
0,576378000,10788476439567,1783482531299819503
3,727413332,10788499910878,1783482531323290814
3,759456000,10788621005131,1783482531444385099
0,608398999,10788621005771,1783482531444385707
0,640419999,10788621032772,1783482531444412708
0,672441000,10788621040418,1783482531444420386
0,704461999,10788621044801,1783482531444424737
0,864567000,10788637036563,1783482531460416499
0,896587999,10788829566887,1783482531652946855
3,791498666,10788829569798,1783482531652949766
0,928608999,10788829656752,1783482531653036720
1,1134800000,10788907283969,1783482531730663937
3,823541332,10788915834955,1783482531739214923
0,960630000,10788915857669,1783482531739237605
0,992650999,10788915880639,1783482531739260575
3,855584000,10788915971016,1783482531739350984
1,1166832999,10788939321622,1783482531762701558
3,887626666,10788947945966,1783482531771325998
0,1088713999,10788947964329,1783482531771344265
1,1198865999,10788971349391,1783482531794729359
3,1079882666,10788979872160,1783482531803252096
1,1230899000,10789003399073,1783482531826779041
3,1143968000,10789011996800,1783482531835376768
1,1262931999,10789035405311,1783482531858785247
3,1176010666,10789035582482,1783482531858962418
3,1208053332,10789035595918,1783482531858975886
0,1120734999,10789035607371,1783482531858987307
1,1294964999,10789067456818,1783482531890836754
3,1240096000,10789244290694,1783482532067670630
0,1152756000,10789244291941,1783482532067671909
3,1272138666,10789244316895,1783482532067696863
0,1184776999,10789244320030,1783482532067699998
0,1216797999,10789244326524,1783482532067706460
0,1280839999,10789244375728,1783482532067755696
1,1326998000,10789244405352,1783482532067785320
3,1304181332,10789244479349,1783482532067859317
0,1472965999,10789245423171,1783482532068803139
0,1504986999,10789452981920,1783482532276361856
3,1336224000,10789452989790,1783482532276369758
0,1537008000,10789453006713,1783482532276386649
0,1569028999,10789453013048,1783482532276393016
3,1496437332,10789453086949,1783482532276466917
3,1528480000,10789453094947,1783482532276474915
3,1560522666,10789453497819,1783482532276877787
1,1359030999,10789453515255,1783482532276895223
0,1601049999,10789453525876,1783482532276905780
1,1391063999,10789453534866,1783482532276914834
1,1423097000,10789453615133,1783482532276995101
2,1702100000,10789474549858,1783482532297929826
2,1734128999,10789506585703,1783482532329965639
3,1688693332,10789515202404,1783482532338582372
1,1487162999,10789515300267,1783482532338680235
0,1697112999,10789523671111,1783482532347051079
2,1766157999,10789538626602,1783482532362006570
1,1711394000,10789547313782,1783482532370693750
3,1720736000,10789547514498,1783482532370894434
2,1798187000,10789570650130,1783482532394030098
1,1743426999,10789579278253,1783482532402658189
3,1816864000,10789589322940,1783482532412702876
2,1830215999,10789602674554,1783482532426054522
1,1775459999,10789611243748,1783482532434623684
2,1862244999,10789634727707,1783482532458107643
1,1807493000,10789662061206,1783482532485441174
0,1729134000,10789662079985,1783482532485459921
1,1839525999,10789662083824,1783482532485463792
3,1848906666,10789662140450,1783482532485520418
2,1894274000,10789870702909,1783482532694082877
1,1871558999,10789870865875,1783482532694245843
0,1761154999,10789870883566,1783482532694263502
2,1926302999,10789870908456,1783482532694288424
1,1903592000,10789870921445,1783482532694301381
1,1935624999,10789870926211,1783482532694306179
3,1880949332,10789870937408,1783482532694317344
0,1793175999,10789870937664,1783482532694317600
0,1825197000,10789870947710,1783482532694327646
3,1912992000,10789870950813,1783482532694330749
3,1945034666,10789870956795,1783482532694336763
3,1977077332,10789870960507,1783482532694340474
0,1921260000,10789870993522,1783482532694373458
1,1967657999,10789871174116,1783482532694554020
2,1958331999,10789871229493,1783482532694609461
2,1990361000,10789871305154,1783482532694685122
3,2105248000,10789877688956,1783482532701068892
0,2113386000,10789885872745,1783482532709252681
2,2118476999,10789890932183,1783482532714312151
1,2127822999,10789900262205,1783482532723642109
3,2137290666,10789909767734,1783482532733147894
0,2145406999,10789917858234,1783482532741238170
2,2150505999,10789922984631,1783482532746364663
1,2159855999,10789932294882,1783482532755674818
3,2169333332,10789941796733,1783482532765176701
0,2177427999,10789949883874,1783482532773263810
1,2191889000,10789964346179,1783482532787726115
3,2201376000,10789973843647,1783482532797223615
0,2209449000,10789981908042,1783482532805288010
0,2241469999,10790013937136,1783482532837317104
0,2273490999,10790045923554,1783482532869303522
1,2223921999,10790102941501,1783482532926321469
2,2182535000,10790102944093,1783482532926324029
3,2233418666,10790102949563,1783482532926329499
0,2305512000,10790102963895,1783482532926343863
0,2337532999,10790311587519,1783482533134967487
1,2255954999,10790311637138,1783482533135017074
1,2287988000,10790311656685,1783482533135036653
0,2369553999,10790311687237,1783482533135067141
1,2320020999,10790311705024,1783482533135084992
2,2214563999,10790311712479,1783482533135092446
1,2352053999,10790311717789,1783482533135097757
2,2246592999,10790311719933,1783482533135099869
2,2278622000,10790311724315,1783482533135104283
2,2342679999,10790311733401,1783482533135113369
0,2401575000,10790311783404,1783482533135163340
0,2433595999,10790311998485,1783482533135378453
3,2265461332,10790312119510,1783482533135499478
3,2297504000,10790312136210,1783482533135516178
3,2329546666,10790312141873,1783482533135521841
3,2361589332,10790312146287,1783482533135526255
1,2544251999,10790316693283,1783482533140073251
3,2553845332,10790326323808,1783482533149703776
0,2561679999,10790334146605,1783482533157526573
2,2566883000,10790339339867,1783482533162719803
1,2576285000,10790348743187,1783482533172123091
3,2585888000,10790358344664,1783482533181724568
0,2593701000,10790366170084,1783482533189550052
2,2598911999,10790371333209,1783482533194713209
1,2608317999,10790380769193,1783482533204149161
3,2617930666,10790390378572,1783482533213758540
0,2625721999,10790398226322,1783482533221606258
2,2630940999,10790403415905,1783482533226795841
1,2640350999,10790412809115,1783482533236189051
3,2649973332,10790422431963,1783482533245811930
2,2662970000,10790435431897,1783482533258811833
1,2672384000,10790444838704,1783482533268218672
2,2694998999,10790467447090,1783482533290827026
2,2727027999,10790499524667,1783482533322904635
0,2657742999,10790525343078,1783482533348723046
1,2704416999,10790525343878,1783482533348723814
3,2682016000,10790525350052,1783482533348729988
0,2689764000,10790733985739,1783482533557365707
1,2736449999,10790733990538,1783482533557370474
0,2721784999,10790734019267,1783482533557399235
0,2753805999,10790734040637,1783482533557420605
2,2759057000,10790734079347,1783482533557459315
1,2768483000,10790734108012,1783482533557487980
0,2785827000,10790734131910,1783482533557511846
2,2791085999,10790734185464,1783482533557565400
1,2800515999,10790734220303,1783482533557600239
2,2823114999,10790734234124,1783482533557614124
1,2832548999,10790734369897,1783482533557749833
3,2714058666,10790734433593,1783482533557813561
3,2746101332,10790734452948,1783482533557832884
3,2778144000,10790734458450,1783482533557838418
3,2810186666,10790734462449,1783482533557842385
2,2855144000,10790734576532,1783482533557956468
3,2970400000,10790742875783,1783482533566255751
0,2977953000,10790750416411,1783482533573796347
2,2983259999,10790755725228,1783482533579105164
1,2992713999,10790765160155,1783482533588540123
3,3002442666,10790774904476,1783482533598284444
0,3009973999,10790782436211,1783482533605816147
2,3015288999,10790787775835,1783482533611155803
1,3024746999,10790797218505,1783482533620598505
3,3034485332,10790806961354,1783482533630341290
0,3041994999,10790814458410,1783482533637838346
2,3047318000,10790819788533,1783482533643168501
1,3056780000,10790829240608,1783482533652620544
3,3066528000,10790839001948,1783482533662381916
0,3074016000,10790846461574,1783482533669841542
2,3079346999,10790851819753,1783482533675199721
1,3088812999,10790861273972,1783482533684653908
3,3098570666,10790871051084,1783482533694431052
0,3106036999,10790878482717,1783482533701862685
0,3138057999,10790910535500,1783482533733915404
2,3111375999,10790982345813,1783482533805725717
1,3120845999,10790982347732,1783482533805727668
0,3170079000,10790982350644,1783482533805730612
1,3152879000,10790982465078,1783482533805845078
3,3130613332,10790982469109,1783482533805849045
2,3143405000,10790982937853,1783482533806317821
0,3202099999,10790982956568,1783482533806336504
3,3226741332,10790999232048,1783482533822612016
2,3175433999,10791191145847,1783482534014525783
0,3234120999,10791191191627,1783482534014571595
3,3258784000,10791191235680,1783482534014615648
3,3290826666,10791191298032,1783482534014678000
0,3266142000,10791191309197,1783482534014689165
2,3207462999,10791191321418,1783482534014701354
1,3184911999,10791191324585,1783482534014704553
1,3216944999,10791191362143,1783482534014742079
1,3248978000,10791192215909,1783482534015595845
1,3281010999,10791192313388,1783482534015693356
3,3322869332,10791192492159,1783482534015872127
3,3354912000,10791192513081,1783482534015893049
3,3418997332,10791192518424,1783482534015898392
0,3298162999,10791192541266,1783482534015921202
0,3330183999,10791192549104,1783482534015929040
2,3239492000,10791192568555,1783482534015948491
2,3271520999,10791192575849,1783482534015955817
0,3426246999,10791198715272,1783482534022095240
1,3473208999,10791245709945,1783482534069090041
2,3495723999,10791268208449,1783482534091588417
2,3527753000,10791401028254,1783482534224408222
2,3559781999,10791401051224,1783482534224431192
1,3505241999,10791401071603,1783482534224451571
1,3537275000,10791401078417,1783482534224458353
3,3451040000,10791401112584,1783482534224492552
3,3483082666,10791401137122,1783482534224517058
0,3458268000,10791401154877,1783482534224534813
1,3569307999,10791401160220,1783482534224540188
0,3490288999,10791401176952,1783482534224556888
2,3591810999,10791401230762,1783482534224610730
2,3623840000,10791401240199,1783482534224620135
0,3522309999,10791401261570,1783482534224641506
0,3554331000,10791401304087,1783482534224684023
1,3601340999,10791401459663,1783482534224839599
3,3515125332,10791401652958,1783482534225032926
3,3547168000,10791401773567,1783482534225153503
1,3633374000,10791405818453,1783482534229198389
2,3655868999,10791428349589,1783482534251729525
2,3687897999,10791609907749,1783482534433287717
1,3665406999,10791609908581,1783482534433288517
0,3650394000,10791609917698,1783482534433297666
3,3643296000,10791609918114,1783482534433298050
0,3682414999,10791609948794,1783482534433328762
3,3675338666,10791609967414,1783482534433347382
0,3714435999,10791610021000,1783482534433400936
3,3707381332,10791610022440,1783482534433402376
3,3739424000,10791610239152,1783482534433619088
2,3719927000,10791610242383,1783482534433622351
0,3746457000,10791610247022,1783482534433626990
1,3697439999,10791610266409,1783482534433646345
1,3729473000,10791610369039,1783482534433749007
1,3761505999,10791610376301,1783482534433756237
2,3751955999,10791610388074,1783482534433768042
2,3783984999,10791610392041,1783482534433772009
0,3842520000,10791614990290,1783482534438370257
2,3848042999,10791620485749,1783482534443865685
1,3857604999,10791630068931,1783482534453449059
3,3867594666,10791640058249,1783482534463438185
0,3874540999,10791646999994,1783482534470379962
2,3880071999,10791652515128,1783482534475895096
1,3889637999,10791662106180,1783482534485486116
3,3899637332,10791672092395,1783482534495472363
0,3906561999,10791679021408,1783482534502401344
2,3912101000,10791684571221,1783482534507951157
1,3921671000,10791694162913,1783482534517542881
3,3931680000,10791704166275,1783482534527546243
0,3938583000,10791711043237,1783482534534423205
2,3944129999,10791716588348,1783482534539968284
1,3953703999,10791726162988,1783482534549542956
3,3963722666,10791736184554,1783482534559564522
0,3970603999,10791743058796,1783482534566438764
2,3976158999,10791748613568,1783482534571993504
1,3985736999,10791758222408,1783482534581602376
3,3995765332,10791768252164,1783482534591632132
0,4002624999,10791775106827,1783482534598486763
3,4027808000,10791800290501,1783482534623670469
1,4017770000,10791953342541,1783482534776722477
0,4034646000,10791953348587,1783482534776728523
2,4008188000,10791953352010,1783482534776731978
3,4059850666,10791953380355,1783482534776760323
0,4066666999,10791953469996,1783482534776849932
1,4049802999,10791953487272,1783482534776867208
0,4098687999,10791953545369,1783482534776925305
1,4081835999,10791953554806,1783482534776934774
0,4130709000,10791953615079,1783482534776995015
1,4113869000,10791953623589,1783482534777003557
2,4040216999,10791953791322,1783482534777171258
2,4072245999,10791953804726,1783482534777184694
2,4104275000,10791953888289,1783482534777268257
3,4091893332,10791953964526,1783482534777344462
3,4123936000,10791953977258,1783482534777357194
3,4155978666,10791953983689,1783482534777363625
0,4194750999,10792162208791,1783482534985588727
3,4188021332,10792162241967,1783482534985621935
2,4200362000,10792162403494,1783482534985783430
2,4232390999,10792162415682,1783482534985795650
2,4264419999,10792162420641,1783482534985800577
1,4209968000,10792162465878,1783482534985845814
2,4296449000,10792162494734,1783482534985874702
1,4242000999,10792162506283,1783482534985886187
1,4274033999,10792162511114,1783482534985891082
1,4306067000,10792162534788,1783482534985914724
3,4220064000,10792162558014,1783482534985937982
3,4252106666,10792162577081,1783482534985957049
3,4284149332,10792162583128,1783482534985963096
0,4290813999,10792162615791,1783482534985995759
0,4322835000,10792162621870,1783482534986001838
0,4354855999,10792162625709,1783482534986005613
2,4392536000,10792164974740,1783482534988354708
1,4402166000,10792174685474,1783482534998065410
3,4412320000,10792184768754,1783482535008148722
0,4418898000,10792191369469,1783482535014749437
2,4424564999,10792197018012,1783482535020397948
1,4434198999,10792206656992,1783482535030036960
3,4444362666,10792216830588,1783482535040210524
0,4450918999,10792223398032,1783482535046777968
2,4456593999,10792229105855,1783482535052485823
1,4466231999,10792238705005,1783482535062084941
3,4476405332,10792248890406,1783482535072270342
0,4482939999,10792255406119,1783482535078786055
3,4508448000,10792391878875,1783482535215258779
2,4488623000,10792391879579,1783482535215259515
1,4498265000,10792391912083,1783482535215292019
0,4514961000,10792391934893,1783482535215314829
0,4546981999,10792391979682,1783482535215359618
3,4540490666,10792391990751,1783482535215370719
0,4579002999,10792392070346,1783482535215450314
0,4611024000,10792392132539,1783482535215512507
1,4530297999,10792392336231,1783482535215716167
1,4562330999,10792392371678,1783482535215751646
2,4520651999,10792392455112,1783482535215835048
2,4552680999,10792392469573,1783482535215849541
2,4584710000,10792392478466,1783482535215858402
1,4594364000,10792392590662,1783482535215970598
3,4636618666,10792409037089,1783482535232417057
3,4668661332,10792441120229,1783482535264500197
3,4700704000,10792600771998,1783482535424151966
2,4648767999,10792600772542,1783482535424152509
0,4643044999,10792600812115,1783482535424192083
1,4626396999,10792600822609,1783482535424202577
0,4675065999,10792600900605,1783482535424280541
3,4732746666,10792600914489,1783482535424294457
0,4707087000,10792600973162,1783482535424353098
3,4764789332,10792600983656,1783482535424363624
3,4796832000,10792601040313,1783482535424420249
0,4739107999,10792601049719,1783482535424429687
1,4658429999,10792601426743,1783482535424806679
2,4680797000,10792601616454,1783482535424996390
2,4712825999,10792601627907,1783482535425007875
2,4744854999,10792601632834,1783482535425012770
1,4690463000,10792601767712,1783482535425147680
1,4722495999,10792601794105,1783482535425174041
0,4835170999,10792809856015,1783482535633235951
0,4867191999,10792809900804,1783482535633280772
0,4899213000,10792809910817,1783482535633290785
0,4931233999,10792809963700,1783482535633343668
3,4828874666,10792809983343,1783482535633363311
3,4860917332,10792809992396,1783482535633372364
3,4892960000,10792809996683,1783482535633376651
3,4925002666,10792810000746,1783482535633380682
2,4904999999,10792810132009,1783482535633511945
2,4937028999,10792810151684,1783482535633531652
2,4969058000,10792810156707,1783482535633536675
2,5001086999,10792810160610,1783482535633540578
1,4882661000,10792810302493,1783482535633682429
1,4914693999,10792810317274,1783482535633697210
1,4946726999,10792810322776,1783482535633702712
1,4978760000,10792810327287,1783482535633707223
1,5042825999,10792815278983,1783482535638658951
3,5053173332,10792825643154,1783482535649023090
0,5059317999,10792831756026,1783482535655135994
2,5065145000,10792837607301,1783482535660987269
1,5074859000,10792847307706,1783482535670687642
2,5097173999,10792869635064,1783482535693015032
2,5129202999,10793018949598,1783482535842329502
1,5106891999,10793018950878,1783482535842330846
3,5085216000,10793018960572,1783482535842340540
0,5091339000,10793018960892,1783482535842340828
0,5123359999,10793018981398,1783482535842361366
3,5117258666,10793019063137,1783482535842443073
0,5155380999,10793019070816,1783482535842450783
3,5149301332,10793019146380,1783482535842526316
0,5187402000,10793019150923,1783482535842530859
3,5181344000,10793019218010,1783482535842597978
1,5138924999,10793019276075,1783482535842656043
1,5170958000,10793019288360,1783482535842668296
1,5202990999,10793019294151,1783482535842674119
2,5161232000,10793019558211,1783482535842938147
2,5193260999,10793019568736,1783482535842948640
2,5225289999,10793019573215,1783482535842953183
0,5251443999,10793023910924,1783482535847290860
1,5267057000,10793227909509,1783482536051289445
3,5277472000,10793227913796,1783482536051293764
2,5257319000,10793227915172,1783482536051295140
0,5283465000,10793227915140,1783482536051295076
3,5309514666,10793227940445,1783482536051320413
2,5289347999,10793228057792,1783482536051437760
2,5321376999,10793228173634,1783482536051553570
2,5353406000,10793228237042,1783482536051617010
0,5315485999,10793228311551,1783482536051691519
0,5347506999,10793228325819,1783482536051705787
0,5379528000,10793228330874,1783482536051710810
1,5299089999,10793228491089,1783482536051871057
1,5331122999,10793228504046,1783482536051884014
1,5363156000,10793228509772,1783482536051889708
3,5341557332,10793228588280,1783482536051968248
3,5373600000,10793228602805,1783482536051982773
1,5459255000,10793231717371,1783482536055097339
3,5469728000,10793242233380,1783482536065613348
0,5475591000,10793248085746,1783482536071465681
2,5481521999,10793253973686,1783482536077353654
1,5491287999,10793263745372,1783482536087125340
3,5501770666,10793274264037,1783482536097643973
0,5507611999,10793280128943,1783482536103508879
2,5513550999,10793286045451,1783482536109425387
1,5523320999,10793295836749,1783482536119216717
3,5533813332,10793306320062,1783482536129700030
0,5539632999,10793312109659,1783482536135489627
2,5545580000,10793318050834,1783482536141430802
1,5555354000,10793327851377,1783482536151231281
3,5565856000,10793338345568,1783482536161725536
0,5571654000,10793344227781,1783482536167607749
2,5577608999,10793350137892,1783482536173517860
1,5587386999,10793359946273,1783482536183326241
3,5597898666,10793370470824,1783482536193850792
0,5603674999,10793376161086,1783482536199541022
2,5609637999,10793382109587,1783482536205489523
3,5629941332,10793402535584,1783482536225915520
2,5641667000,10793555718320,1783482536379098224
0,5699737999,10793555732461,1783482536379112429
3,5661984000,10793555763173,1783482536379143109
1,5619419999,10793555786367,1783482536379166303
0,5731758999,10793556207284,1783482536379587220
0,5763780000,10793556353167,1783482536379733135
3,5694026666,10793557323703,1783482536380703671
1,5651453000,10793557354384,1783482536380734320
1,5683485999,10793557372427,1783482536380752363
1,5715518999,10793557380265,1783482536380760201
2,5673695999,10793557397317,1783482536380777253
2,5705724999,10793557417024,1783482536380796960
2,5737754000,10793557423038,1783482536380802974
3,5726069332,10793557436635,1783482536380816603
3,5758112000,10793557467027,1783482536380846963
0,5795800999,10793568345696,1783482536391725632
0,5827821999,10793764636907,1783482536588016875
1,5811617999,10793764659301,1783482536588039237
2,5801811999,10793764664580,1783482536588044516
3,5790154666,10793764692189,1783482536588072157
0,5859843000,10793764778343,1783482536588158311
0,5891863999,10793764851828,1783482536588231796
0,5923884999,10793764911269,1783482536588291205
3,5822197332,10793765055872,1783482536588435840
1,5843651000,10793765078618,1783482536588458586
1,5875683999,10793765086360,1783482536588466328
1,5907716999,10793765091831,1783482536588471799
3,5854240000,10793765108818,1783482536588488786
3,5886282666,10793765128461,1783482536588508429
2,5833841000,10793765532646,1783482536588912582
2,5865869999,10793765580506,1783482536588960474
2,5897898999,10793765679521,1783482536589059489
2,5993985999,10793766442879,1783482536589822815
1,6003815999,10793776414898,1783482536599794866
0,6019947999,10793792471224,1783482536615851160
3,6046496000,10793818991348,1783482536642371284
2,6026015000,10793973831231,1783482536797211167
3,6078538666,10793973873940,1783482536797253876
3,6110581332,10793973912938,1783482536797292906
2,6058043999,10793973924839,1783482536797304807
1,6035849000,10793973947553,1783482536797327489
1,6067881999,10793973960318,1783482536797340222
1,6099914999,10793973965564,1783482536797345532
1,6131948000,10793974131218,1783482536797511186
0,6051969000,10793974332863,1783482536797712831
0,6083989999,10793974357145,1783482536797737113
0,6116010999,10793974363479,1783482536797743447
0,6148032000,10793974368278,1783482536797748246
3,6142624000,10793974450689,1783482536797830625
3,6174666666,10793974461214,1783482536797841182
2,6090072999,10793974474587,1783482536797854523
2,6122102000,10793974480153,1783482536797860089
1,6292112999,10794064678743,1783482536888058679
2,6218189000,10794182808683,1783482537006188651
1,6324146000,10794182812106,1783482537006192074
2,6314276000,10794182832165,1783482537006212133
3,6206709332,10794182899220,1783482537006279156
1,6356178999,10794182902131,1783482537006282099
3,6238752000,10794182908594,1783482537006288530
3,6270794666,10794182919279,1783482537006299247
2,6346304999,10794182930380,1783482537006310316
0,6212073999,10794183020373,1783482537006400341
1,6388211999,10794183146997,1783482537006526965
0,6244095000,10794183230560,1783482537006610496
0,6276115999,10794183237598,1783482537006617502
0,6308136999,10794183245532,1783482537006625468
3,6302837332,10794183257561,1783482537006637497
2,6378333999,10794183279123,1783482537006659091
2,6410363000,10794183286066,1783482537006666002
1,6420245000,10794192812091,1783482537016192059
3,6431008000,10794203479427,1783482537026859363
0,6436221000,10794208774432,1783482537032154368
2,6442391999,10794214858165,1783482537038238101
1,6452277999,10794224743491,1783482537048123491
3,6463050666,10794235528557,1783482537058908525
0,6468241999,10794240718213,1783482537064098149
3,6495093332,10794391870495,1783482537215250431
0,6500262999,10794391871231,1783482537215251199
2,6474420999,10794391870175,1783482537215250111
1,6484310999,10794391873566,1783482537215253534
0,6532284000,10794392052433,1783482537215432401
1,6516344000,10794392079466,1783482537215459434
0,6564304999,10794392137179,1783482537215517115
1,6548376999,10794392149784,1783482537215529752
0,6596325999,10794392208265,1783482537215588201
1,6580409999,10794392220166,1783482537215600102
3,6527136000,10794392303761,1783482537215683697
3,6559178666,10794392323372,1783482537215703308
3,6591221332,10794392424210,1783482537215804178
2,6506450000,10794392459177,1783482537215839145
2,6538478999,10794392466759,1783482537215846727
2,6570507999,10794392470886,1783482537215850854
2,6634565999,10794600943568,1783482537424323536
3,6623264000,10794600949135,1783482537424329071
1,6644475999,10794600964971,1783482537424344939
0,6628347000,10794600979207,1783482537424359175
1,6676508999,10794601088012,1783482537424467916
0,6660367999,10794601088235,1783482537424468171
0,6692388999,10794601163224,1783482537424543160
1,6708542000,10794601166456,1783482537424546424
0,6724410000,10794601234406,1783482537424614374
1,6740574999,10794601237158,1783482537424617094
2,6666594999,10794601584781,1783482537424964717
3,6655306666,10794601600329,1783482537424980233
2,6698624000,10794601601993,1783482537424981929
2,6730652999,10794601609543,1783482537424989511
3,6687349332,10794601619300,1783482537424999236
3,6719392000,10794601625123,1783482537425005091
1,6836673999,10794609130702,1783482537432510638
3,6847562666,10794620065618,1783482537443445586
0,6852493999,10794624963316,1783482537448343252
2,6858768999,10794631242007,1783482537454621943
1,6868706999,10794641182520,1783482537464562488
3,6879605332,10794652123577,1783482537475503513
0,6884514999,10794657093513,1783482537480473449
2,6890798000,10794663275525,1783482537486655461
1,6900740000,10794673232545,1783482537496612513
3,6911648000,10794684151145,1783482537507531113
0,6916536000,10794689117434,1783482537512497370
2,6922826999,10794695354888,1783482537518734856
1,6932772999,10794705247796,1783482537528627764
3,6943690666,10794716259236,1783482537539639172
0,6948556999,10794721055328,1783482537544435296
2,6954855999,10794727315400,1783482537550695304
1,6964805999,10794737272260,1783482537560652196
3,6975733332,10794748209959,1783482537571589895
0,6980577999,10794753040442,1783482537576420378
2,6986885000,10794759334938,1783482537582714906
1,6996839000,10794769278521,1783482537592658489
3,7007776000,10794780225977,1783482537603605913
0,7012599000,10794785033491,1783482537608413459
2,7018913999,10794791345677,1783482537614725613
3,7039818666,10794913980316,1783482537737360252
2,7050942999,10794913981307,1783482537737361275
1,7028871999,10794914031343,1783482537737411247
3,7071861332,10794914135828,1783482537737515828
1,7060904999,10794914187623,1783482537737567559
0,7108662000,10794914220383,1783482537737600319
3,7103904000,10794914235867,1783482537737615803
0,7140682999,10794914257365,1783482537737637333
1,7092938000,10794914307624,1783482537737687560
2,7082972000,10794914597087,1783482537737977055
2,7115000999,10794914630582,1783482537738010518
0,7172703999,10794945192730,1783482537768572666
3,7135946666,10795122877242,1783482537946257210
0,7204725000,10795122880121,1783482537946260089
1,7124970999,10795122880537,1783482537946260473
2,7147029999,10795122913872,1783482537946293840
2,7179059000,10795123020949,1783482537946400917
0,7236745999,10795123036145,1783482537946416081
2,7211087999,10795123111998,1783482537946491966
0,7268766999,10795123122555,1783482537946502491
2,7243116999,10795123182700,1783482537946562668
0,7300788000,10795123193961,1783482537946573929
3,7167989332,10795123449064,1783482537946829000
3,7200032000,10795123468227,1783482537946848195
3,7232074666,10795123473794,1783482537946853730
1,7157003999,10795123545200,1783482537946925168
1,7189037000,10795123558988,1783482537946938924
1,7221069999,10795123564299,1783482537946944267
3,7360245332,10795132724849,1783482537956104817
0,7364829999,10795137304581,1783482537960684517
2,7371233000,10795143681551,1783482537967061583
1,7381235000,10795153685727,1783482537977065791
1,7413267999,10795331995076,1783482538155374980
0,7396851000,10795331996195,1783482538155376163
2,7403261999,10795332064338,1783482538155444306
0,7428871999,10795332183700,1783482538155563636
0,7460892999,10795332258401,1783482538155638337
0,7492914000,10795332326064,1783482538155706000
3,7456373332,10795332495973,1783482538155875940
3,7488416000,10795332511041,1783482538155890977
3,7520458666,10795332515903,1783482538155895839
3,7552501332,10795332520062,1783482538155900030
2,7435290999,10795332915322,1783482538156295290
2,7467320000,10795332933333,1783482538156313301
2,7499348999,10795332938004,1783482538156317972
1,7445300999,10795332950993,1783482538156330961
1,7477334000,10795332956975,1783482538156336943
1,7509366999,10795332960719,1783482538156340655
2,7563407000,10795335904707,1783482538159284675
1,7573433000,10795346052627,1783482538169432563
3,7584544000,10795357133078,1783482538180513046
0,7588977000,10795361506944,1783482538184886880
0,7620997999,10795541071570,1783482538364451506
1,7605465999,10795541071538,1783482538364451474
3,7616586666,10795541075793,1783482538364455761
2,7595435999,10795541123205,1783482538364503141
2,7627464999,10795541708592,1783482538365088528
2,7723551999,10795541756356,1783482538365136324
2,7755581000,10795541767233,1783482538365147201
0,7653018999,10795541791099,1783482538365171035
0,7685040000,10795541799033,1783482538365178969
0,7717060999,10795541803864,1783482538365183800
3,7648629332,10795541848045,1783482538365227981
3,7680672000,10795541866312,1783482538365246280
3,7712714666,10795541882020,1783482538365261988
1,7701564999,10795542414781,1783482538365794749
1,7733597999,10795542429433,1783482538365809369
1,7765631000,10795542437591,1783482538365817559
3,7776800000,10795549391698,1783482538372771634
0,7781103000,10795555728169,1783482538379108137
2,7787609999,10795560097556,1783482538383477524
1,7797663999,10795570148253,1783482538393528189
1,7829696999,10795750182648,1783482538573562616
3,7808842666,10795750186135,1783482538573566039
2,7819638999,10795750194293,1783482538573574229
0,7813123999,10795750235882,1783482538573615818
3,7840885332,10795750394946,1783482538573774914
3,7872928000,10795750481644,1783482538573861612
3,7904970666,10795750543644,1783482538573923580
0,7845144999,10795750627783,1783482538574007751
0,7877166000,10795750643299,1783482538574023235
0,7909186999,10795750648833,1783482538574028769
2,7851668000,10795750696789,1783482538574076725
2,7883696999,10795750704051,1783482538574084019
1,7861730000,10795750804730,1783482538574184666
2,7915725999,10795750867370,1783482538574247338
1,7893762999,10795750900897,1783482538574280833
1,7925795999,10795751382919,1783482538574762887
2,7979783999,10795752277956,1783482538575657924
1,7989861999,10795762368994,1783482538585748962
3,8001098666,10795773676012,1783482538597055980
0,8005249999,10795777772572,1783482538601152508
2,8011812999,10795960265254,1783482538783645222
0,8037270999,10795960265958,1783482538783645926
1,8021894999,10795960319897,1783482538783699833
3,8033141332,10795960346290,1783482538783726226
1,8053928000,10795960406147,1783482538783786083
3,8065184000,10795960417440,1783482538783797376
0,8069292000,10795960427389,1783482538783807325
2,8043842000,10795960438459,1783482538783818395
2,8075870999,10795960500939,1783482538783880875
3,8097226666,10795960511944,1783482538783891912
0,8101312999,10795960523557,1783482538783903493
1,8085960999,10795960532963,1783482538783912899
3,8129269332,10795960575704,1783482538783955640
0,8133333999,10795960586677,1783482538783966645
1,8117993999,10795960597074,1783482538783977010
2,8107899999,10795960608655,1783482538783988623
3,8193354666,10795965849213,1783482538789229149
0,8197375999,10795969911862,1783482538793291830
2,8203986999,10795976530662,1783482538799910630
1,8214092999,10795986576943,1783482538809956911
3,8225397332,10796168383624,1783482538991763560
1,8246126000,10796168385000,1783482538991764968
2,8236016000,10796168385384,1783482538991765352
0,8229396999,10796168430524,1783482538991810492
1,8278158999,10796168491021,1783482538991870957
3,8257440000,10796168506921,1783482538991886889
1,8310191999,10796168573208,1783482538991953144
1,8342225000,10796168643398,1783482538992023366
3,8289482666,10796168657890,1783482538992037858
3,8321525332,10796168676350,1783482538992056318
0,8261418000,10796169024261,1783482538992404229
0,8293438999,10796169063899,1783482538992443867
0,8325459999,10796169131018,1783482538992510986
2,8268044999,10796169154884,1783482538992534820
2,8300073999,10796169165058,1783482538992545026
2,8332103000,10796169203160,1783482538992583128
2,8396160999,10796169227250,1783482538992607218
1,8406290999,10796178791510,1783482539002171478
3,8417653332,10796190193100,1783482539013573036
0,8421522999,10796194014660,1783482539017394596
0,8517585999,10796377385314,1783482539200765282
3,8449696000,10796377388097,1783482539200768033
1,8438324000,10796377391744,1783482539200771712
2,8428190000,10796377428855,1783482539200808823
3,8481738666,10796377520640,1783482539200900608
3,8513781332,10796377594509,1783482539200974477
2,8460218999,10796377638050,1783482539201018018
2,8492247999,10796377679895,1783482539201059831
2,8524277000,10796377688981,1783482539201068917
0,8549607000,10796377854571,1783482539201234507
0,8581627999,10796377864073,1783482539201244041
3,8545824000,10796377961552,1783482539201341520
1,8470356999,10796378339408,1783482539201719376
1,8502389999,10796378383397,1783482539201763365
1,8534423000,10796378417788,1783482539201797724
3,8609909332,10796382376721,1783482539205756849
0,8613648999,10796386212869,1783482539209592805
2,8620364000,10796393106738,1783482539216486770
1,8630522000,10796403076660,1783482539226456628
3,8641952000,10796414439572,1783482539237819508
0,8645670000,10796418121583,1783482539241501519
2,8652392999,10796424907576,1783482539248287512
1,8662554999,10796435131609,1783482539258511577
0,8677690999,10796450152507,1783482539273532443
0,8709711999,10796603523147,1783482539426903115
3,8673994666,10796603535784,1783482539426915752
2,8684421999,10796603537031,1783482539426916967
1,8694587999,10796603583484,1783482539426963420
3,8706037332,10796603662887,1783482539427042823
3,8738080000,10796603730678,1783482539427110614
3,8770122666,10796603863253,1783482539427243189
2,8716451000,10796603913352,1783482539427293288
2,8748479999,10796603925797,1783482539427305765
2,8780508999,10796603932131,1783482539427312067
1,8726621000,10796603942497,1783482539427322433
1,8758653999,10796603947775,1783482539427327743
1,8790686999,10796603951582,1783482539427331550
0,8741733000,10796604111126,1783482539427491094
0,8773753999,10796604121363,1783482539427501299
0,8805774999,10796604125426,1783482539427505362
0,8837796000,10796812445662,1783482539635825630
3,8866250666,10796812468728,1783482539635848696
2,8844566999,10796812590329,1783482539635970297
3,8898293332,10796812607669,1783482539635987637
2,8876595999,10796812608341,1783482539635988309
1,8854752999,10796812626608,1783482539636006544
2,8908625000,10796812651978,1783482539636031946
3,8930336000,10796812658312,1783482539636038280
1,8886785999,10796812671429,1783482539636051365
1,8918819000,10796812677123,1783482539636057059
3,8962378666,10796812733493,1783482539636113461
2,8940653999,10796812734773,1783482539636114741
1,8950851999,10796812750417,1783482539636130353
0,8869816999,10796812922053,1783482539636302021
0,8901837999,10796812938785,1783482539636318753
0,8933859000,10796812944448,1783482539636324384
3,9058506666,10796830990371,1783482539654370307
0,9061942999,10796834426204,1783482539657806172
3,9090549332,10796863030732,1783482539686410700
0,9093963999,10796866428303,1783482539689808271
1,9111017000,10796883515429,1783482539706895365
3,9122592000,10796895106764,1783482539718486700
0,9125985000,10796898459066,1783482539721839002
2,9132827999,10796905333005,1783482539728712941
1,9143049999,10796915571626,1783482539738951594
3,9154634666,10796927207782,1783482539750587750
0,9158005999,10796930477545,1783482539753857481
2,9164856999,10796937369942,1783482539760749910
1,9175082999,10796947541285,1783482539770921253
3,9186677332,10796959249390,1783482539782629326
0,9190026999,10796962514355,1783482539785894291
2,9196886000,10796969388421,1783482539792768389
1,9207116000,10796980033660,1783482539803413596
3,9218720000,10796991213930,1783482539814593866
0,9222048000,10796994533377,1783482539817913345
2,9228914999,10797001428846,1783482539824808814
1,9239148999,10797011644369,1783482539835024337
2,9260943999,10797033436383,1783482539856816319
1,9271181999,10797043683547,1783482539867063515
2,9292973000,10797065562387,1783482539888942483
0,9254068999,10797154674974,1783482539978054942
2,9325001999,10797154678973,1783482539978058909
3,9250762666,10797154686555,1783482539978066491
2,9357030999,10797154794911,1783482539978174847
3,9282805332,10797154809020,1783482539978188956
1,9303215000,10797154873995,1783482539978253963
1,9335247999,10797154888296,1783482539978268232
0,9286089999,10797155023269,1783482539978403237
1,9367280999,10797363501691,1783482540186881627
3,9314848000,10797363508090,1783482540186887994
2,9389060000,10797363508122,1783482540186888090
3,9346890666,10797363536754,1783482540186916722
2,9421088999,10797363607297,1783482540186987265
3,9410976000,10797363615135,1783482540186995135
1,9399314000,10797363617150,1783482540186997086
3,9443018666,10797363692331,1783482540187072267
2,9453117999,10797363695690,1783482540187075626
1,9431346999,10797363736992,1783482540187116960
2,9485147000,10797363778965,1783482540187158933
1,9463379999,10797363783124,1783482540187163060
1,9591512000,10797364455690,1783482540187835658
0,9318111000,10797364653912,1783482540188033848
0,9350131999,10797364668020,1783482540188047956
0,9414174000,10797364674515,1783482540188054483
0,9446194999,10797364679313,1783482540188059281
3,9603232000,10797375726695,1783482540199106663
0,9606300000,10797378847922,1783482540202227889
2,9613262999,10797385807089,1783482540209187057
1,9623544999,10797396056944,1783482540219436944
3,9635274666,10797407743172,1783482540231123108
0,9638320999,10797410877644,1783482540234257580
2,9645291999,10797417768700,1783482540241148668
1,9655577999,10797428078125,1783482540251458061
3,9667317332,10797439813780,1783482540263193716
0,9670341999,10797442872303,1783482540266252366
2,9677321000,10797449819249,1783482540273199185
1,9687611000,10797460083277,1783482540283463213
3,9699360000,10797471852140,1783482540295232076
0,9702363000,10797474963193,1783482540298343161
2,9709349999,10797481842317,1783482540305222285
1,9719643999,10797492200433,1783482540315580369
3,9731402666,10797503945942,1783482540327325910
0,9734383999,10797506992851,1783482540330372819
2,9741378999,10797513967951,1783482540337347887
3,9763445332,10797535932731,1783482540359312699
2,9773408000,10797635134806,1783482540458514742
0,9766404999,10797635135509,1783482540458515477
3,9795488000,10797635138453,1783482540458518421
1,9751676999,10797635142324,1783482540458522260
2,9805436999,10797635303467,1783482540458683403
0,9798426000,10797635319143,1783482540458699047
3,9827530666,10797635605183,1783482540458985151
1,9783710000,10797635735486,1783482540459115454
3,9859573332,10797843929223,1783482540667309159
1,9815742999,10797843929287,1783482540667309223
0,9830446999,10797844307239,1783482540667687175
0,9926509999,10797844322723,1783482540667702659
0,9958530999,10797844327874,1783482540667707810
0,9990552000,10797844331681,1783482540667711617
2,9837465999,10797844348893,1783482540667728829
2,9869495000,10797844354843,1783482540667734811
2,9901523999,10797844359066,1783482540667739002
2,9933552999,10797844362937,1783482540667742905
1,9847775999,10797844403919,1783482540667783887
1,9879809000,10797844419467,1783482540667799403
1,9911841999,10797844424586,1783482540667804554
3,9891616000,10797844795660,1783482540668175628
3,9923658666,10797844811080,1783482540668191048
3,9955701332,10797844815207,1783482540668195175
1,10072007000,10797844985020,1783482540668364988
3,10083872000,10797856343267,1783482540679723235
0,10086615000,10797859086733,1783482540682466701
2,10093697999,10797866173132,1783482540689553068
1,10104039999,10797876498392,1783482540699878328
3,10115914666,10797888369502,1783482540711749438
0,10118635999,10797891148671,1783482540714528607
2,10125726999,10797899696173,1783482540723076237
1,10136072999,10797908861086,1783482540732241022
3,10147957332,10797920450603,1783482540743830539
0,10150656999,10797923124710,1783482540746504678
2,10157756000,10797930321930,1783482540753701898
1,10168106000,10797940562475,1783482540763942411
3,10180000000,10797952471495,1783482540775851431
0,10182678000,10797955215825,1783482540778595761
2,10189784999,10797962290707,1783482540785670675
1,10200138999,10797972669074,1783482540796049010
0,10214698999,10797987272228,1783482540810652132
2,10221813999,10797994312399,1783482540817692431
1,10232171999,10798004754654,1783482540828134590
0,10246719999,10798019187291,1783482540842567227
2,10253843000,10798026327021,1783482540849706989
3,10276128000,10798048640705,1783482540872020673
3,10308170666,10798080662269,1783482540904042237
1,10264205000,10798179621397,1783482541003001301
3,10340213332,10798179624340,1783482541003004308
2,10285871999,10798179621397,1783482541003005396
0,10278741000,10798179630387,1783482541003010355
3,10372256000,10798179737304,1783482541003117240
3,10404298666,10798179808198,1783482541003188134
0,10310761999,10798179862328,1783482541003242296
0,10342782999,10798179873334,1783482541003253270
0,10374804000,10798179878676,1783482541003258644
2,10317900999,10798180020688,1783482541003400656
2,10349930000,10798180060358,1783482541003440326
1,10296237999,10798180149520,1783482541003529488
1,10328270999,10798180164044,1783482541003543980
2,10381958999,10798180195204,1783482541003575140
1,10360304000,10798180497112,1783482541003877048
3,10436341332,10798208978910,1783482541032358878
1,10424369999,10798388673857,1783482541212053793
0,10438845999,10798388674849,1783482541212054817
2,10413987999,10798388716182,1783482541212096150
3,10468384000,10798388849780,1783482541212229748
3,10500426666,10798389539014,1783482541212918982
1,10520468999,10798389565664,1783482541212945600
2,10446017000,10798389658120,1783482541213038056
0,10470867000,10798389692608,1783482541213072544
2,10542104000,10798390155339,1783482541213535275
0,10502887999,10798390192033,1783482541213572001
3,10532469332,10798390203007,1783482541213582975
1,10552502000,10798390222586,1783482541213602554
2,10574132999,10798390576736,1783482541213956672
0,10534908999,10798390594492,1783482541213974428
3,10564512000,10798390595548,1783482541213975516
1,10584534999,10798390613815,1783482541213993751
1,10616567999,10798390950914,1783482541214330850
3,10628597332,10798401077637,1783482541224457573
0,10630971999,10798403444463,1783482541226824431
2,10638191000,10798410663568,1783482541234043536
3,10660640000,10798599620880,1783482541423000816
2,10670219999,10798599620912,1783482541423000880
0,10662993000,10798599660774,1783482541423040742
1,10648601000,10798599964409,1783482541423344377
0,10695013999,10798599972567,1783482541423352535
1,10680633999,10798599978198,1783482541423358134
0,10727034999,10798599985396,1783482541423365364
1,10712666999,10798599986420,1783482541423366388
0,10759056000,10798599996977,1783482541423376913
2,10702248999,10798599997681,1783482541423377649
2,10734278000,10798600018987,1783482541423398955
3,10692682666,10798600029577,1783482541423409545
1,10744700000,10798600030249,1783482541423410185
3,10724725332,10798600038023,1783482541423417959
2,10766306999,10798600041574,1783482541423421510
3,10756768000,10798600042278,1783482541423422246
2,10830365000,10798602815593,1783482541426195561
1,10840799000,10798613277112,1783482541436657080
3,10852896000,10798625373449,1783482541448753385
0,10855119000,10798627644812,1783482541451024780
1,10872831999,10798645301569,1783482541468681537
3,10884938666,10798808794495,1783482541632174431
2,10862393999,10798808794431,1783482541632174399
0,10887139999,10798808814810,1783482541632194778
1,10904864999,10798808828054,1783482541632207990
3,10916981332,10798808938459,1783482541632318427
0,10919160999,10798808952951,1783482541632332887
1,10936898000,10798808965428,1783482541632345396
3,10949024000,10798809028996,1783482541632408932
0,10951182000,10798809040833,1783482541632420801
1,10968930999,10798809051134,1783482541632431070
2,10894422999,10798809120493,1783482541632500429
2,10926452000,10798809138472,1783482541632518408
2,10958480999,10798809147046,1783482541632527014
1,11000963999,10798809260521,1783482541632640457
3,10981066666,10798809286339,1783482541632666307
0,10983202999,10798809304670,1783482541632684638
1,11065029999,10799017788379,1783482541841168315
2,11054567999,10799017835823,1783482541841215759
3,11045152000,10799017875909,1783482541841255845
3,11077194666,10799017885539,1783482541841265507
3,11109237332,10799017977611,1783482541841357547
3,11141280000,10799017985993,1783482541841365929
2,11086596999,10799018155007,1783482541841534943
2,11118626000,10799018168315,1783482541841548283
2,11150654999,10799018174842,1783482541841554810
0,11047245000,10799018194613,1783482541841574581
0,11079265999,10799018202323,1783482541841582259
0,11111286999,10799018207281,1783482541841587249
0,11143308000,10799018211536,1783482541841591504
1,11097062999,10799018286685,1783482541841666653
1,11129096000,10799018299290,1783482541841679258
1,11161128999,10799018304793,1783482541841684761
2,11246741999,10799019287201,1783482541842667169
1,11257227999,10799029723893,1783482541853103829
3,11269450666,10799041915151,1783482541865295119
2,11278770999,10799051228320,1783482541874608288
1,11289260999,10799061733155,1783482541885113059
3,11301493332,10799074059611,1783482541897439579
2,11310800000,10799083395333,1783482541906775301
1,11321294000,10799093794851,1783482541917174819
3,11333536000,10799106462245,1783482541929842213
0,11335434000,10799107906744,1783482541931286712
2,11342828999,10799115301837,1783482541938681773
1,11353326999,10799125817550,1783482541949197517
3,11365578666,10799138092978,1783482541961472914
0,11367454999,10799141084255,1783482541964464223
2,11374857999,10799147331477,1783482541970711413
1,11385359999,10799157893642,1783482541981273578
3,11397621332,10799170122810,1783482541993502778
0,11399475999,10799171929874,1783482541995309842
2,11406887000,10799179487934,1783482542002867902
3,11429664000,10799202307396,1783482542025687364
0,11431497000,10799204036720,1783482542027416656
0,11463517999,10799236036142,1783482542059416110
0,11495538999,10799268061990,1783482542091441926
0,11527560000,10799349954404,1783482542173334340
1,11417393000,10799349954404,1783482542173334372
2,11438915999,10799349955556,1783482542173335492
0,11559580999,10799350101183,1783482542173481119
3,11461706666,10799350102815,1783482542173482783
2,11470944999,10799350127449,1783482542173507449
1,11449425999,10799350156849,1783482542173536785
3,11493749332,10799350162384,1783482542173542352
2,11502974000,10799558691935,1783482542382071871
1,11481458999,10799558692382,1783482542382072318
0,11591601999,10799558789670,1783482542382169606
0,11623623000,10799558812736,1783482542382192672
0,11655643999,10799558819454,1783482542382199390
0,11687664999,10799558825629,1783482542382205565
2,11535002999,10799558844088,1783482542382224024
1,11513492000,10799558848823,1783482542382228759
2,11599061000,10799558853014,1783482542382232950
3,11525792000,10799558860852,1783482542382240820
2,11631089999,10799558860916,1783482542382240884
1,11577557999,10799558866227,1783482542382246195
1,11609591000,10799558873169,1783482542382253137
3,11557834666,10799558882127,1783482542382262095
3,11589877332,10799558887693,1783482542382267629
3,11686005332,10799558892620,1783482542382272588
2,11791235000,10799563783419,1783482542387163387
1,11801789000,10799574269832,1783482542397649768
3,11814176000,10799586771737,1783482542410151673
0,11815749000,10799588219212,1783482542411599148
2,11823263999,10799595740356,1783482542419120292
1,11833821999,10799606298143,1783482542429678111
3,11846218666,10799618914099,1783482542442294035
0,11847769999,10799620253090,1783482542443633154
2,11855292999,10799627762525,1783482542451142461
3,11878261332,10799650751354,1783482542474131322
0,11879790999,10799652264637,1783482542475644573
3,11910304000,10799682809226,1783482542506189162
0,11911812000,10799684282167,1783482542507662103
1,11929920999,10799702418171,1783482542525798075
3,11942346666,10799714922124,1783482542538302060
0,11943832999,10799716307023,1783482542539686991
2,11951379999,10799723882713,1783482542547262681
1,11961953999,10799734531485,1783482542557911453
2,11983409000,10799755992444,1783482542579372412
1,11993987000,10799766463692,1783482542589843628
0,11975853999,10799775072690,1783482542598452658
3,11974389332,10799775080016,1783482542598459984
2,12015437999,10799787922027,1783482542611301995
1,12026019999,10799798477831,1783482542621857799
3,12006432000,10799807167545,1783482542630547481
0,12007875000,10799807190931,1783482542630570867
2,12047466999,10799819960320,1783482542643340256
1,12058052999,10799830511165,1783482542653891101
2,12079496000,10799851974779,1783482542675354715
1,12090086000,10799862577482,1783482542685957418
1,12122118999,10800015790512,1783482542839170480
0,12039895999,10800015791247,1783482542839171215
2,12111524999,10800015791407,1783482542839171375
3,12038474666,10800015804684,1783482542839184652
3,12070517332,10800015922926,1783482542839302894
3,12102560000,10800016012792,1783482542839392728
3,12134602666,10800016078535,1783482542839458503
0,12071916999,10800016135001,1783482542839514969
1,12154151999,10800016138488,1783482542839518424
1,12186185000,10800016156691,1783482542839536627
2,12143553999,10800016197225,1783482542839577193
2,12175583000,10800016212837,1783482542839592805
2,12207611999,10800016218308,1783482542839598244
1,12218217999,10800016276181,1783482542839656149
0,12103938000,10800016276917,1783482542839656853
0,12135958999,10800016284275,1783482542839664211
3,12262773332,10800224803671,1783482543048183639
0,12264042999,10800224809077,1783482543048189013
3,12294816000,10800224832271,1783482543048212207
0,12296064000,10800224840333,1783482543048220301
1,12250250999,10800224877604,1783482543048257540
2,12271670000,10800224886274,1783482543048266178
3,12326858666,10800224929783,1783482543048309751
1,12282284000,10800224947059,1783482543048326995
1,12314316999,10800224998406,1783482543048378342
1,12346349999,10800225064277,1783482543048444245
2,12303698999,10800225313110,1783482543048693078
2,12335727999,10800225323124,1783482543048703092
2,12367757000,10800225328435,1783482543048708403
3,12358901332,10800225342383,1783482543048722319
0,12328084999,10800225419580,1783482543048799516
0,12360105999,10800225431321,1783482543048811289
3,12455029332,10800227485332,1783482543050865300
0,12456168999,10800228622806,1783482543052002774
2,12463844000,10800236329123,1783482543059709091
1,12474482000,10800246978699,1783482543070358795
3,12487072000,10800259586759,1783482543082966695
0,12488190000,10800260642173,1783482543084022141
3,12519114666,10800433743035,1783482543257123003
0,12520210999,10800433743163,1783482543257123099
1,12506514999,10800433777330,1783482543257157298
2,12495872999,10800433793358,1783482543257173326
1,12538547999,10800434222466,1783482543257602402
1,12570581000,10800434236511,1783482543257616479
1,12602613999,10800434242461,1783482543257622397
2,12527901999,10800434263032,1783482543257642968
2,12559931000,10800434268311,1783482543257648247
2,12591959999,10800434272054,1783482543257652022
0,12552231999,10800434282451,1783482543257662387
0,12584253000,10800434288018,1783482543257667986
0,12616273999,10800434291793,1783482543257671729
3,12551157332,10800434316491,1783482543257696459
3,12583200000,10800434331079,1783482543257711047
3,12615242666,10800434336294,1783482543257716230
1,12666680000,10800439149739,1783482543262529707
3,12679328000,10800451799164,1783482543275179100
2,12688046999,10800460529607,1783482543283909543
0,12744357999,10800516897856,1783482543340277824
1,12698712999,10800634220177,1783482543457600113
2,12720075999,10800634221488,1783482543457601424
3,12711370666,10800634222448,1783482543457602384
0,12776379000,10800634259047,1783482543457638983
0,12808399999,10800634394597,1783482543457774533
3,12743413332,10800634396068,1783482543457776004
1,12730745999,10800634410465,1783482543457790433
0,12840420999,10800634481391,1783482543457861359
3,12775456000,10800634483023,1783482543457862991
1,12762779000,10800634492044,1783482543457872012
3,12807498666,10800634552157,1783482543457932125
1,12794811999,10800634555516,1783482543457935484
2,12752105000,10800634622891,1783482543458002827
2,12784133999,10800634633705,1783482543458013641
2,12816162999,10800634828184,1783482543458208152
3,12871584000,10800644107737,1783482543467487705
0,12872442000,10800644977566,1783482543468357534
2,12880220999,10800652712036,1783482543476092004
1,12890910999,10800663524004,1783482543486903972
0,12904462999,10800677004708,1783482543500384644
0,12936483999,10800843311535,1783482543666691503
1,12922943999,10800843313199,1783482543666693167
2,12912249999,10800843314318,1783482543666694286
3,12903626666,10800843316238,1783482543666696206
0,12968505000,10800843489026,1783482543666868962
1,12954977000,10800843507518,1783482543666887486
1,12987009999,10800843569582,1783482543666949518
0,13000525999,10800843579564,1783482543666959500
1,13019042999,10800843635677,1783482543667015645
0,13032546999,10800843644827,1783482543667024763
3,12935669332,10800843746753,1783482543667126721
3,12967712000,10800843759582,1783482543667139518
3,12999754666,10800843764477,1783482543667144413
2,12944279000,10800844024252,1783482543667404220
2,12976307999,10800844037976,1783482543667417912
2,13008336999,10800844043319,1783482543667423255
1,13083108999,10801052379379,1783482543875759347
1,13115141999,10801052410059,1783482543875790027
2,13072394999,10801052663980,1783482543876043948
2,13104423999,10801052685862,1783482543876065830
0,13096588999,10801052711839,1783482543876091775
2,13136453000,10801052735226,1783482543876115162
2,13168481999,10801052741176,1783482543876121144
0,13128609999,10801052752437,1783482543876132405
0,13160631000,10801052757684,1783482543876137652
0,13192651999,10801052762579,1783482543876142547
1,13147175000,10801052769361,1783482543876149297
1,13179207999,10801052778991,1783482543876158927
3,13095882666,10801056468302,1783482543879848270
3,13127925332,10801056561111,1783482543879941047
3,13159968000,10801056568245,1783482543879948181
3,13192010666,10801056572468,1783482543879952436
3,13288138666,10801060587970,1783482543883967938
0,13288714999,10801061163057,1783482543884543025
3,13320181332,10801092729803,1783482543916109770
1,13339373000,10801111869019,1783482543935248955
0,13320735999,10801120510653,1783482543943890621
3,13352224000,10801124795174,1783482543948175142
0,13352757000,10801125210110,1783482543948590078
2,13360655999,10801133147953,1783482543956527921
1,13371405999,10801143863945,1783482543967243881
3,13384266666,10801156779543,1783482543980159479
0,13384777999,10801157234788,1783482543980614756
2,13392684999,10801165210925,1783482543988590893
1,13403438999,10801175980728,1783482543999360664
3,13416309332,10801188806688,1783482544012186656
0,13416798999,10801189247442,1783482544012627410
2,13424714000,10801197157295,1783482544020537295
1,13435472000,10801208034147,1783482544031414115
3,13448352000,10801220865452,1783482544044245420
2,13456742999,10801229232663,1783482544052612631
1,13467504999,10801239982443,1783482544063362379
2,13488771999,10801262452671,1783482544085832639
1,13499537999,10801272064401,1783482544095444369
0,13448820000,10801374083417,1783482544197463385
1,13531571000,10801374083833,1783482544197463801
3,13480394666,10801374087128,1783482544197467064
2,13520801000,10801374103348,1783482544197483284
2,13552829999,10801374219383,1783482544197599351
1,13563603999,10801374695711,1783482544198075679
0,13480840999,10801374716698,1783482544198096666
3,13512437332,10801374778890,1783482544198158826
0,13512861999,10801582838633,1783482544406218569
2,13584858999,10801582848518,1783482544406228454
3,13544480000,10801582849798,1783482544406229766
0,13544883000,10801582860611,1783482544406240547
1,13595636999,10801582877343,1783482544406257247
3,13576522666,10801583203501,1783482544406583469
3,13608565332,10801583234853,1783482544406614789
3,13640608000,10801583257695,1783482544406637663
1,13627670000,10801583294966,1783482544406674902
1,13659702999,10801583308435,1783482544406688371
1,13691735999,10801583313905,1783482544406693873
2,13616888000,10801583347849,1783482544406727817
2,13648916999,10801583360486,1783482544406740422
2,13680945999,10801583365828,1783482544406745796
0,13608924999,10801583535706,1783482544406915674
0,13640946000,10801583590924,1783482544406970860
1,13819868000,10801592340502,1783482544415720470
3,13832864000,10801605417314,1783482544428797282
0,13833072000,10801606562018,1783482544429941986
2,13841090999,10801613574721,1783482544436954689
1,13851900999,10801624365866,1783482544447745802
3,13864906666,10801637452308,1783482544460832244
0,13865092999,10801637602190,1783482544460982126
2,13873119999,10801645670339,1783482544469050307
1,13883933999,10801656408954,1783482544479788922
3,13896949332,10801669558196,1783482544492938164
0,13897113999,10801669661370,1783482544493041338
2,13905149000,10801677640838,1783482544501020806
1,13915967000,10801688453354,1783482544511833290
3,13928992000,10801701592454,1783482544524972422
0,13929135000,10801701604387,1783482544524984355
2,13937177999,10801709672856,1783482544533052824
1,13947999999,10801720534640,1783482544543914608
3,13961034666,10801733537678,1783482544556917646
0,13961155999,10801733626072,1783482544557006008
2,13969206999,10801741715368,1783482544565095304
0,13993176999,10801765670375,1783482544589050311
0,14025198000,10801841643358,1783482544665023294
3,13993077332,10801841647740,1783482544665027708
2,14001236000,10801841654139,1783482544665034107
1,13980032999,10801841654395,1783482544665034331
2,14033264999,10801841771741,1783482544665151709
0,14057218999,10801841776412,1783482544665156380
1,14012066000,10801841779195,1783482544665159163
3,14025120000,10801842365992,1783482544665745960
2,14065293999,10802050460382,1783482544873840350
0,14153281999,10802050460510,1783482544873840478
1,14044098999,10802050486967,1783482544873866903
1,14076131999,10802050591229,1783482544873971165
0,14185302999,10802050607353,1783482544873987321
3,14057162666,10802050617238,1783482544873997174
3,14089205332,10802050634162,1783482544874014130
2,14097323000,10802050640368,1783482544874020304
2,14129351999,10802050678279,1783482544874058215
3,14121248000,10802050696162,1783482544874076130
1,14108165000,10802050785068,1783482544874165036
0,14217324000,10802050817540,1783482544874197508
3,14153290666,10802051561481,1783482544874941417
0,14249344999,10802051562441,1783482544874942377
1,14140197999,10802051621050,1783482544875001018
2,14161380999,10802051811978,1783482544875191946
0,14281365999,10802053840685,1783482544877220653
3,14281461332,10802053964654,1783482544877344590
2,14289497000,10802062093300,1783482544885473268
1,14300363000,10802072958347,1783482544896338315
0,14313387000,10802085855588,1783482544909235556
3,14313504000,10802085973638,1783482544909353606
2,14321525999,10802094042299,1783482544917422267
1,14332395999,10802104976737,1783482544928356673
0,14345407999,10802260592727,1783482545083972695
2,14353554999,10802260631534,1783482545084011501
3,14345546666,10802260649769,1783482545084029705
1,14364428999,10802260667556,1783482545084047492
2,14385584000,10802260842649,1783482545084222617
3,14377589332,10802260854134,1783482545084234102
2,14417612999,10802260926628,1783482545084306564
1,14396462000,10802260953021,1783482545084332957
1,14428494999,10802261027850,1783482545084407786
1,14460527999,10802261035016,1783482545084414952
2,14449641999,10802261061506,1783482545084441474
3,14409632000,10802261160617,1783482545084540585
0,14377428999,10802261219258,1783482545084599194
0,14409450000,10802261249779,1783482545084629683
0,14441470999,10802261561828,1783482545084941764
3,14505760000,10802278281156,1783482545101661220
3,14537802666,10802469749631,1783482545293129599
3,14569845332,10802469840168,1783482545293220136
3,14601888000,10802469916917,1783482545293296885
3,14633930666,10802469996897,1783482545293376865
0,14505513000,10802469998400,1783482545293378368
1,14492561000,10802470196303,1783482545293576271
1,14524593999,10802470257120,1783482545293637056
1,14556626999,10802470265693,1783482545293645629
1,14588660000,10802470271164,1783482545293651100
0,14537533999,10802470288472,1783482545293668408
0,14569554999,10802470294006,1783482545293673942
0,14601576000,10802470297973,1783482545293677909
0,14697639000,10802470302068,1783482545293682036
2,14513699999,10802470380385,1783482545293760353
2,14545728999,10802470394493,1783482545293774461
2,14577758000,10802470400764,1783482545293780732
2,14609786999,10802470405754,1783482545293785690
3,14698016000,10802470596523,1783482545293976554
1,14748824999,10802521320829,1783482545344700797
2,14769932000,10802542426801,1783482545365806737
1,14780858000,10802678704857,1783482545502084825
3,14730058666,10802678710903,1783482545502090871
2,14801960999,10802678750030,1783482545502129998
0,14729659999,10802678789860,1783482545502169796
2,14833989999,10802679393836,1783482545502773804
1,14812890999,10802679412520,1783482545502792488
3,14762101332,10802679458940,1783482545502838876
1,14844923999,10802679485525,1783482545502865493
3,14794144000,10802679498098,1783482545502878034
2,14866019000,10802679498258,1783482545502878226
0,14761680999,10802679634832,1783482545503014800
0,14793702000,10802679671687,1783482545503051655
0,14825722999,10802680096252,1783482545503476188
1,14876957000,10802680114424,1783482545503494392
2,14898047999,10802680127732,1783482545503507668
3,14826186666,10802680129940,1783482545503509876
1,14908989999,10802681450601,1783482545504830537
0,14921785999,10802694268891,1783482545517648827
3,14922314666,10802694775964,1783482545518155932
2,14930076999,10802702606416,1783482545525986384
0,14953806999,10802888856295,1783482545712236231
3,14954357332,10802888861862,1783482545712241798
1,14941022999,10802888872803,1783482545712252739
2,14962106000,10802888893374,1783482545712273310
0,14985828000,10802888993733,1783482545712373669
3,14986400000,10802888999267,1783482545712379235
2,14994134999,10802889006338,1783482545712386274
0,15017848999,10802889084334,1783482545712464270
3,15018442666,10802889091756,1783482545712471692
2,15026163999,10802889095787,1783482545712475723
3,15050485332,10802889173976,1783482545712553912
1,14973056000,10802889176471,1783482545712556407
1,15005088999,10802889188500,1783482545712568436
1,15037121999,10802889197202,1783482545712577170
2,15058193000,10802889310037,1783482545712689973
0,15049869999,10802889328625,1783482545712708593
2,15122250999,10802894713771,1783482545718093739
1,15133220999,10802905703527,1783482545729083463
0,15145932999,10802918405367,1783482545741785335
3,15146613332,10802919140062,1783482545742520030
1,15165254000,10803097916391,1783482545921296327
3,15178656000,10803097922726,1783482545921302630
2,15154280000,10803097966970,1783482545921346938
0,15177954000,10803097969722,1783482545921349658
0,15209974999,10803098108695,1783482545921488631
1,15197286999,10803098139247,1783482545921519183
2,15186308999,10803098156171,1783482545921536139
2,15218337999,10803098218011,1783482545921597979
0,15241995999,10803098223482,1783482545921603418
1,15229319999,10803098235863,1783482545921615831
2,15250367000,10803098297991,1783482545921677927
0,15274017000,10803098304614,1783482545921684582
1,15261353000,10803098315075,1783482545921695043
3,15210698666,10803098511506,1783482545921891474
3,15242741332,10803098551272,1783482545921931240
3,15274784000,10803098557222,1783482545921937158
0,15338058999,10803110522414,1783482545933902382
3,15338869332,10803111359133,1783482545934739069
2,15346454000,10803118920949,1783482545942300885
1,15357452000,10803129924110,1783482545953304078
1,15389484999,10803307055563,1783482546130435499
0,15370080000,10803307063018,1783482546130442954
2,15378482999,10803307096129,1783482546130476065
0,15402100999,10803307310220,1783482546130690156
1,15421517999,10803307391223,1783482546130771191
0,15434121999,10803307412626,1783482546130792594
0,15466143000,10803307421392,1783482546130801360
1,15453551000,10803307445962,1783482546130825898
1,15485583999,10803307450281,1783482546130830217
2,15410511999,10803307471747,1783482546130851715
2,15442541000,10803307484448,1783482546130864416
2,15474569999,10803307489631,1783482546130869599
3,15370912000,10803307489791,1783482546130869759
3,15402954666,10803307506459,1783482546130886427
3,15434997332,10803307511961,1783482546130891897
3,15467040000,10803307516184,1783482546130896152
2,15538628000,10803311150155,1783482546134530123
1,15549650000,10803322116306,1783482546145496242
0,15562206000,10803334690183,1783482546158070119
3,15563168000,10803336611718,1783482546159991686
3,15595210666,10803507645008,1783482546331024944
0,15594226999,10803507665899,1783482546331045835
2,15570656999,10803507667434,1783482546331047402
1,15581682999,10803507690469,1783482546331070405
2,15602685999,10803507825283,1783482546331205251
3,15627253332,10803507834752,1783482546331214688
2,15634715000,10803507915628,1783482546331295564
3,15659296000,10803507924842,1783482546331304810
2,15666743999,10803507992761,1783482546331372697
3,15691338666,10803507993593,1783482546331373529
0,15626247999,10803508049867,1783482546331429835
1,15613715999,10803508084962,1783482546331464930
1,15645749000,10803508094719,1783482546331474655
1,15677781999,10803508100286,1783482546331480222
0,15658269000,10803508120921,1783482546331500889
0,15690289999,10803508126263,1783482546331506231
1,15741848000,10803514461190,1783482546337841158
0,15754332000,10803526796183,1783482546350176119
3,15755424000,10803527905729,1783482546351285665
2,15762830999,10803535338941,1783482546358718877
1,15773880999,10803708328477,1783482546531708445
2,15794859999,10803708329437,1783482546531709373
3,15787466666,10803708442720,1783482546531822688
0,15786352999,10803708471385,1783482546531851321
2,15826889000,10803708489813,1783482546531869749
3,15819509332,10803708506224,1783482546531886160
2,15858917999,10803709127445,1783482546532507381
2,15890946999,10803709164300,1783482546532544268
0,15818373999,10803709193668,1783482546532573604
1,15805913999,10803709229659,1783482546532609595
3,15915637332,10803709233019,1783482546532612987
1,15837947000,10803709247255,1783482546532627223
1,15869979999,10803709254773,1783482546532634709
0,15850395000,10803709365433,1783482546532745369
0,15882415999,10803709376471,1783482546532756407
0,15946458000,10803718929184,1783482546542309120
3,15947680000,10803720190852,1783482546543570820
2,15955004999,10803727489665,1783482546550869601
1,15966078999,10803738551953,1783482546561931889
3,15979722666,10803752221683,1783482546575601619
3,16011765332,10803917873856,1783482546741253792
1,15998111999,10803917874368,1783482546741254336
2,15987033999,10803917916373,1783482546741296309
0,15978478999,10803918040534,1783482546741420438
2,16019063000,10803919444791,1783482546742824727
1,16030145000,10803919469681,1783482546742849617
3,16043808000,10803919479214,1783482546742859118
0,16010499999,10803919506503,1783482546742886471
1,16062177999,10803919581269,1783482546742961173
0,16042521000,10803919675453,1783482546743055421
0,16074541999,10803919773604,1783482546743153572
2,16051091999,10803923044338,1783482546746424306
2,16083120999,10803923073675,1783482546746453611
3,16075850666,10803923105283,1783482546746485219
3,16107893332,10803923112449,1783482546746492385
1,16158276999,10803930831989,1783482546754211925
0,16170604999,10803943095224,1783482546766475160
3,16171978666,10803944458050,1783482546767838018
2,16179207999,10803951799477,1783482546775179413
1,16190309999,10803963719022,1783482546787098958
3,16204021332,10804129054826,1783482546952434762
2,16211237000,10804129054762,1783482546952434730
0,16202625999,10804129093312,1783482546952473280
1,16222343000,10804129105981,1783482546952485885
2,16243265999,10804129190760,1783482546952570728
2,16275294999,10804129263093,1783482546952643061
2,16307324000,10804129323910,1783482546952703846
1,16254375999,10804129464067,1783482546952844035
1,16286408999,10804129477792,1783482546952857728
1,16318442000,10804129483870,1783482546952863838
0,16234647000,10804129751547,1783482546953131515
0,16266667999,10804129761497,1783482546953141465
0,16298688999,10804129766168,1783482546953146136
3,16236064000,10804129851202,1783482546953231170
3,16268106666,10804129863871,1783482546953243839
3,16300149332,10804129868318,1783482546953248286
0,16362730999,10804338043902,1783482547161423870
1,16382507999,10804338051612,1783482547161431548
0,16394751999,10804338069751,1783482547161449687
3,16364234666,10804338088915,1783482547161468850
2,16371381999,10804338110925,1783482547161490893
1,16414541000,10804338165151,1783482547161545087
2,16403411000,10804338165919,1783482547161545919
2,16435439999,10804338174365,1783482547161554333
3,16396277332,10804338187802,1783482547161567770
0,16426773000,10804338190585,1783482547161570521
0,16458793999,10804338253353,1783482547161633289
1,16446573999,10804338259688,1783482547161639624
2,16467468999,10804338263943,1783482547161643911
3,16428320000,10804338280355,1783482547161660291
1,16478606999,10804338335381,1783482547161715349
3,16460362666,10804338352017,1783482547161731985
1,16574705999,10804347188529,1783482547170568497
0,16586877999,10804359354450,1783482547182734418
3,16588533332,10804361011476,1783482547184391412
2,16595585000,10804369163775,1783482547192543743
1,16606739000,10804379198964,1783482547202578932
0,16618899000,10804391537609,1783482547214917577
3,16620576000,10804393107969,1783482547216487937
2,16627613999,10804400083730,1783482547223463698
1,16638771999,10804411266216,1783482547234646184
0,16650919999,10804423411790,1783482547246791758
3,16652618666,10804425091530,1783482547248471466
2,16659642999,10804432096372,1783482547255476308
1,16670804999,10804443370803,1783482547266750771
0,16682940999,10804455438924,1783482547278818860
3,16684661332,10804457141923,1783482547280521923
2,16691672000,10804464158761,1783482547287538697
1,16702838000,10804475335937,1783482547298715873
0,16714962000,10804487458764,1783482547310838732
3,16716704000,10804489253100,1783482547312633036
2,16723700999,10804496179913,1783482547319559881
0,16746982999,10804519479212,1783482547342859148
2,16755729999,10804528309486,1783482547351689422
2,16787759000,10804672772978,1783482547496152914
1,16734870999,10804672777841,1783482547496157809
3,16748746666,10804672778928,1783482547496158896
2,16819787999,10804672910511,1783482547496290447
2,16851816999,10804673029074,1783482547496409042
2,16883846000,10804673037328,1783482547496417296
0,16779003999,10804673093538,1783482547496473506
0,16811025000,10804673104159,1783482547496484127
0,16843045999,10804673108638,1783482547496488606
0,16875066999,10804673113085,1783482547496493053
1,16766903999,10804673185035,1783482547496564971
3,16780789332,10804673458790,1783482547496838758
3,16812832000,10804673475458,1783482547496855394
3,16844874666,10804673506874,1783482547496886842
1,16798937000,10804673507002,1783482547496886970
1,16830969999,10804673519735,1783482547496899703
0,16971129999,10804881773754,1783482547705153690
2,16915874999,10804881788310,1783482547705168278
1,16927068999,10804881788246,1783482547705168182
3,16908960000,10804881795252,1783482547705175188
0,17003151000,10804882168343,1783482547705548311
3,16941002666,10804882199983,1783482547705579951
2,16947903999,10804882266079,1783482547705645983
1,16959101999,10804882268958,1783482547705648894
2,16979933000,10804882390240,1783482547705770207
1,16991135000,10804882444978,1783482547705824946
3,16973045332,10804882481449,1783482547705861417
2,17011961999,10804882602251,1783482547705982219
0,17035171999,10804882623493,1783482547706003461
0,17067192999,10804882649151,1783482547706029087
1,17023167999,10804882772832,1783482547706152800
3,17005088000,10804882791739,1783482547706171707
1,17119266999,10804891764314,1783482547715144281
0,17131234999,10804903746056,1783482547727126024
3,17133258666,10804905788682,1783482547729168650
2,17140077999,10804912546481,1783482547735926417
1,17151299999,10804923866885,1783482547747246821
0,17163255999,10804935749452,1783482547759129420
3,17165301332,10804937855838,1783482547761235774
2,17172107000,10804944635072,1783482547768015008
2,17204135999,10805091603026,1783482547914982994
0,17195277000,10805091603666,1783482547914983634
1,17183333000,10805091605266,1783482547914985234
3,17197344000,10805091603858,1783482547914983794
3,17229386666,10805091732434,1783482547915112402
1,17215365999,10805091761419,1783482547915141387
1,17247398999,10805091829466,1783482547915209434
1,17279432000,10805091893738,1783482547915273674
0,17227297999,10805091982835,1783482547915362803
0,17259318999,10805091996016,1783482547915375952
0,17291340000,10805092093912,1783482547915473880
2,17236164999,10805092179170,1783482547915559106
2,17268194000,10805092195358,1783482547915575294
2,17300222999,10805092200765,1783482547915580733
3,17325514666,10805098032428,1783482547921412396
3,17357557332,10805130038576,1783482547953418544
3,17389600000,10805300574998,1783482548123954966
2,17332251999,10805300575062,1783482548123955030
1,17343497999,10805300575862,1783482548123955798
0,17323360999,10805300599120,1783482548123979056
1,17375531000,10805300702551,1783482548124082487
3,17421642666,10805300703094,1783482548124083062
1,17407563999,10805300777700,1783482548124157668
3,17453685332,10805300791041,1783482548124171009
3,17485728000,10805300848562,1783482548124228498
1,17439596999,10805300859599,1783482548124239535
0,17355381999,10805300945402,1783482548124325370
2,17364281000,10805300978770,1783482548124358738
2,17396309999,10805301003468,1783482548124383404
2,17428338999,10805301012489,1783482548124392457
0,17387403000,10805301088214,1783482548124468182
0,17419423999,10805301098868,1783482548124478772
0,17547507999,10805320032610,1783482548143412546
3,17549813332,10805322268596,1783482548145648564
1,17567729000,10805340209242,1783482548163589178
2,17588483999,10805360977022,1783482548184356958
2,17620512999,10805509633932,1783482548333013868
3,17581856000,10805509634572,1783482548333014540
1,17599761999,10805509634956,1783482548333014924
0,17579529000,10805509678561,1783482548333058529
3,17613898666,10805509831771,1783482548333211706
0,17611549999,10805509853205,1783482548333233173
2,17652542000,10805509869041,1783482548333249009
3,17645941332,10805509924707,1783482548333304643
0,17643570999,10805509938368,1783482548333318336
2,17684570999,10805509947198,1783482548333327166
3,17677984000,10805510000432,1783482548333380400
0,17675592000,10805510021611,1783482548333401547
2,17716599999,10805510037543,1783482548333417511
1,17631794999,10805510336989,1783482548333716956
1,17663828000,10805510349817,1783482548333729753
1,17695860999,10805510355544,1783482548333735480
0,17739633999,10805512097094,1783482548335477030
3,17742069332,10805514540516,1783482548337920452
2,17748629000,10805521235582,1783482548344615550
1,17759927000,10805532475883,1783482548355855819
3,17774112000,10805711184562,1783482548534564530
0,17771655000,10805711184626,1783482548534564594
1,17791959999,10805711188081,1783482548534567985
2,17780657999,10805711196239,1783482548534576175
3,17806154666,10805711344522,1783482548534724458
0,17803675999,10805711361734,1783482548534741670
1,17823992999,10805711380033,1783482548534759969
2,17812686999,10805711382848,1783482548534762784
0,17835696999,10805711435123,1783482548534815059
1,17856026000,10805711441394,1783482548534821330
2,17844716000,10805711450799,1783482548534830767
3,17838197332,10805711460525,1783482548534840493
1,17888058999,10805711673720,1783482548535053688
0,17867718000,10805711730826,1783482548535110762
2,17876744999,10805711749189,1783482548535129125
3,17870240000,10805711754500,1783482548535134468
2,17940803000,10805713909290,1783482548537289258
1,17952125000,10805724586020,1783482548547965956
0,17963781000,10805736357036,1783482548559737004
3,17966368000,10805738827620,1783482548562207588
2,17972831999,10805911857811,1783482548735237747
3,17998410666,10805911860466,1783482548735240402
1,17984157999,10805911862194,1783482548735242162
0,17995801999,10805911865809,1783482548735245777
3,18030453332,10805912057025,1783482548735436993
3,18062496000,10805912145515,1783482548735525483
3,18094538666,10805912216345,1783482548735596281
2,18004860999,10805912300612,1783482548735680548
2,18036890000,10805912313537,1783482548735693505
2,18068918999,10805912347640,1783482548735727608
1,18016190999,10805912539529,1783482548735919465
1,18048224000,10805912551942,1783482548735931910
1,18080256999,10805912557444,1783482548735937412
0,18027822999,10805912593947,1783482548735973915
0,18059844000,10805912604536,1783482548735984504
0,18091864999,10805912610711,1783482548735990647
1,18144323000,10805916770058,1783482548740150058
0,18155907000,10805928387512,1783482548751767448
3,18158624000,10805931080185,1783482548754460217
2,18165005999,10805937485531,1783482548760865467
1,18176355999,10806112451175,1783482548935831143
0,18187927999,10806112452423,1783482548935832391
2,18197034999,10806112452647,1783482548935832583
3,18190666666,10806112499451,1783482548935879387
3,18222709332,10806112607552,1783482548935987488
0,18219948999,10806112613375,1783482548935993343
1,18208388999,10806112628251,1783482548936008187
3,18254752000,10806112706568,1783482548936086504
0,18251970000,10806112722084,1783482548936102052
1,18240422000,10806112729442,1783482548936109378
0,18283990999,10806112793202,1783482548936173138
3,18286794666,10806112795953,1783482548936175921
1,18272454999,10806112808206,1783482548936188174
2,18229064000,10806113349863,1783482548936729799
2,18261092999,10806113369250,1783482548936749218
2,18293121999,10806113376097,1783482548936756065
3,18350880000,10806123368933,1783482548946748901
2,18357179999,10806129645959,1783482548953025895
1,18368553999,10806141033583,1783482548964413519
0,18380053999,10806154403529,1783482548977783497
2,18389208999,10806313111974,1783482549136491942
3,18382922666,10806313122947,1783482549136502915
3,18414965332,10806313290649,1783482549136670617
0,18412074999,10806313291161,1783482549136671129
2,18421238000,10806313292569,1783482549136672505
0,18444096000,10806313303766,1783482549136683702
1,18400586999,10806313321010,1783482549136700946
1,18432620000,10806313328848,1783482549136708816
2,18453266999,10806313377604,1783482549136757540
3,18447008000,10806313388641,1783482549136768577
2,18485295999,10806313450034,1783482549136829970
3,18479050666,10806313465230,1783482549136845198
1,18464652999,10806313809848,1783482549137189816
0,18476116999,10806313833042,1783482549137212978
1,18496685999,10806313869481,1783482549137249449
0,18508137999,10806313900706,1783482549137280674
3,18543136000,10806315696291,1783482549139076259
2,18549353999,10806321908344,1783482549145288280
1,18560751999,10806333242066,1783482549156622002
0,18572179999,10806344660152,1783482549168040120
1,18592784999,10806513750856,1783482549337130792
3,18575178666,10806513754279,1783482549337134215
0,18604200999,10806513759909,1783482549337139877
0,18636222000,10806513937145,1783482549337317113
1,18624818000,10806513977551,1783482549337357487
3,18607221332,10806513984398,1783482549337364302
2,18581382999,10806513989516,1783482549337369484
2,18613412000,10806514009159,1783482549337389127
3,18639264000,10806515721309,1783482549339101277
0,18668242999,10806515745783,1783482549339125719
1,18656850999,10806515757684,1783482549339137620
3,18735392000,10806515830466,1783482549339210434
1,18688883999,10806515848285,1783482549339228221
0,18700263999,10806515849437,1783482549339229405
2,18645440999,10806515927562,1783482549339307498
2,18677469999,10806515938855,1783482549339318791
2,18741527999,10806515958338,1783482549339338306
1,18752949999,10806525489629,1783482549348869565
0,18764305999,10806536790208,1783482549360170176
3,18767434666,10806539909559,1783482549363289527
0,18796326999,10806724666635,1783482549548046571
2,18773556999,10806724687558,1783482549548067526
3,18799477332,10806724698947,1783482549548078915
1,18784982999,10806724717406,1783482549548097374
2,18805586000,10806724812135,1783482549548192103
0,18828348000,10806724835137,1783482549548215105
2,18837614999,10806724901488,1783482549548281424
0,18860368999,10806724915277,1783482549548295245
0,18892389999,10806724987259,1783482549548367227
2,18869643999,10806724990426,1783482549548370362
3,18831520000,10806725140757,1783482549548520725
3,18863562666,10806725153746,1783482549548533714
3,18895605332,10806725159568,1783482549548539504
1,18817016000,10806725174349,1783482549548554316
1,18849048999,10806725180171,1783482549548560107
1,18881081999,10806725185002,1783482549548564970
0,18956431999,10806728993910,1783482549552373878
3,18959690666,10806732150884,1783482549555530852
1,18977180999,10806749726828,1783482549573106796
2,18997760000,10806770264019,1783482549593643955
1,19009214000,10806933706849,1783482549757086817
3,18991733332,10806933707329,1783482549757087265
0,18988452999,10806933767570,1783482549757147538
3,19023776000,10806933832738,1783482549757212674
0,19020474000,10806933845822,1783482549757225790
1,19041246999,10806933856540,1783482549757236476
3,19055818666,10806933920300,1783482549757300268
0,19052494999,10806933932361,1783482549757312297
1,19073279999,10806933941607,1783482549757321575
3,19087861332,10806933991066,1783482549757371002
0,19084515999,10806934001752,1783482549757381720
1,19105313000,10806934021267,1783482549757401235
2,19029788999,10806934050795,1783482549757430763
2,19061817999,10806934070343,1783482549757450279
2,19093847000,10806934076101,1783482549757456069
2,19125875999,10806934080868,1783482549757460836
1,19169378999,10806941871536,1783482549765251504
0,19180578999,10806953135196,1783482549776515164
3,19183989332,10806956459137,1783482549779839073
2,19189934000,10806962406328,1783482549785786296
0,19212600000,10807143799441,1783482549967179377
3,19216032000,10807143804912,1783482549967184848
1,19201412000,10807143805040,1783482549967184976
1,19233444999,10807145139428,1783482549968519364
3,19248074666,10807145141571,1783482549968521539
0,19244620999,10807145198293,1783482549968578229
1,19265477999,10807146017321,1783482549969397289
3,19280117332,10807146017257,1783482549969397225
0,19276641999,10807146225173,1783482549969605109
3,19312160000,10807146272618,1783482549969652586
0,19308663000,10807146352950,1783482549969732886
1,19297511000,10807146390444,1783482549969770380
3,19376245332,10807148805619,1783482549972185555
0,19372704999,10807151040199,1783482549974420135
2,19221962999,10807151121266,1783482549974501202
2,19253991999,10807151188418,1783482549974568354
2,19286021000,10807151210364,1783482549974590300
2,19318049999,10807151234262,1783482549974614230
2,19382108000,10807154586548,1783482549977966484
1,19393610000,10807166173967,1783482549989553935
0,19404726000,10807355101153,1783482550178481121
1,19425642999,10807355111263,1783482550178491231
2,19414136999,10807355140472,1783482550178520440
3,19408288000,10807355152309,1783482550178532245
1,19457675999,10807355244478,1783482550178624414
3,19440330666,10807355263321,1783482550178643257
2,19446165999,10807355278261,1783482550178658229
1,19489709000,10807355345413,1783482550178725349
3,19472373332,10807355363904,1783482550178743872
2,19478195000,10807355391065,1783482550178771033
1,19521741999,10807355418546,1783482550178798482
3,19504416000,10807355434127,1783482550178814095
2,19510223999,10807355530327,1783482550178910295
0,19436746999,10807355727526,1783482550179107462
0,19468767999,10807355741218,1783482550179121186
0,19500789000,10807355746017,1783482550179125985
1,19585808000,10807358329247,1783482550181709215
0,19596852000,10807369354539,1783482550192734635
3,19600544000,10807373068560,1783482550196448496
2,19606310999,10807378788611,1783482550202168579
1,19617840999,10807564181194,1783482550387561162
2,19638339999,10807564182857,1783482550387562825
0,19628872999,10807564193383,1783482550387573350
3,19632586666,10807564229150,1783482550387609118
3,19664629332,10807564329957,1783482550387709893
1,19649873999,10807564340994,1783482550387720930
3,19696672000,10807564410257,1783482550387790225
1,19681907000,10807564419054,1783482550387799022
3,19728714666,10807564475968,1783482550387855904
1,19713939999,10807564484766,1783482550387864734
2,19670369000,10807564762361,1783482550388142329
2,19702397999,10807564775702,1783482550388155670
0,19660893999,10807564792786,1783482550388172754
0,19692915000,10807564806030,1783482550388185966
2,19734426999,10807564816044,1783482550388196012
0,19788978000,10807564817643,1783482550388197611
3,19792800000,10807565281464,1783482550388661400
2,19798484999,10807570967315,1783482550394347283
1,19810038999,10807582521212,1783482550405901148
0,19820998999,10807593462813,1783482550416842749
0,19853019999,10807773173799,1783482550596553703
1,19842071999,10807773191875,1783482550596571843
2,19830513999,10807773232953,1783482550596612921
3,19824842666,10807773253748,1783482550596633684
2,19862543000,10807773917583,1783482550597297551
0,19885041000,10807773918350,1783482550597298286
3,19856885332,10807773947495,1783482550597327463
1,19874105000,10807773981183,1783482550597361119
0,19917061999,10807774057388,1783482550597437356
0,19949082999,10807774102753,1783482550597482689
3,19888928000,10807774238751,1783482550597618719
3,19920970666,10807774252283,1783482550597632251
2,19894571999,10807774266936,1783482550597646904
2,19926600999,10807774273366,1783482550597653302
1,19906137999,10807774302127,1783482550597682063
1,19938170999,10807774307918,1783482550597687854
1,20002236999,10807774729381,1783482550598109477
0,20013124999,10807785635343,1783482550609015311
3,20017098666,10807789569821,1783482550612949757
2,20022687999,10807795168333,1783482550618548269
0,20045145999,10807982831264,1783482550806211168
3,20049141332,10807982835839,1783482550806215807
1,20034269999,10807982873654,1783482550806253590
2,20054717000,10807982911372,1783482550806291308
0,20077167000,10807983400499,1783482550806780467
1,20066303000,10807983404114,1783482550806784050
3,20145269332,10807983435722,1783482550806815658
0,20109187999,10807983512503,1783482550806892471
1,20098335999,10807983522900,1783482550806902868
3,20177312000,10807983534129,1783482550806914097
1,20130368999,10807983602784,1783482550806982752
3,20209354666,10807983603584,1783482550806983552
0,20141208999,10807983625467,1783482550807005403
2,20086745999,10807983726338,1783482550807106306
2,20118774999,10807983776661,1783482550807156629
2,20150804000,10807983783635,1783482550807163571
2,20214861999,10807987426666,1783482550810806634
1,20226467999,10807998933438,1783482550822313374
0,20237271999,10808009748575,1783482550833128511
3,20241397332,10808013862944,1783482550837243072
1,20258501000,10808192423822,1783482551015803790
0,20269293000,10808192427245,1783482551015807213
2,20246891000,10808192433420,1783482551015813356
3,20273440000,10808192465316,1783482551015845284
3,20305482666,10808192652086,1783482551016032022
1,20290533999,10808192664403,1783482551016044371
3,20337525332,10808192739456,1783482551016119392
1,20386632999,10808192748478,1783482551016128414
3,20369568000,10808192809199,1783482551016189167
1,20418665999,10808192826059,1783482551016205995
2,20278919999,10808192944781,1783482551016324749
2,20310948999,10808192954571,1783482551016334539
2,20407035999,10808192959369,1783482551016339337
0,20301313999,10808193133726,1783482551016513694
0,20333334999,10808193146011,1783482551016525979
0,20365356000,10808193151066,1783482551016531034
0,20429397999,10808201886275,1783482551025266211
3,20433653332,10808206137220,1783482551029517188
2,20439065000,10808211541800,1783482551034921736
1,20450699000,10808223213816,1783482551046593784
3,20465696000,10808401532075,1783482551224912011
2,20471093999,10808401532651,1783482551224912587
1,20482731999,10808401537834,1783482551224917802
0,20461419000,10808401563267,1783482551224943203
2,20503122999,10808401658220,1783482551225038188
2,20535152000,10808401741559,1783482551225121463
2,20567180999,10808401812614,1783482551225192614
0,20493439999,10808402012564,1783482551225392532
0,20525460999,10808402024561,1783482551225404497
0,20557482000,10808402030576,1783482551225410512
1,20514764999,10808402044428,1783482551225424364
1,20546798000,10808402049963,1783482551225429931
1,20578830999,10808402053610,1783482551225433546
3,20497738666,10808402199910,1783482551225579846
3,20529781332,10808402213058,1783482551225592994
3,20561824000,10808402219841,1783482551225599809
2,20631239000,10808403750117,1783482551227130053
1,20642897000,10808415376961,1783482551238756929
0,20653545000,10808426012050,1783482551249392210
3,20657952000,10808430435369,1783482551253815529
2,20663267999,10808610663714,1783482551434043650
1,20674929999,10808610671904,1783482551434051872
0,20685565999,10808610689884,1783482551434069852
3,20689994666,10808610724595,1783482551434104531
2,20695296999,10808610803040,1783482551434182976
3,20722037332,10808611011532,1783482551434391468
0,20717586999,10808611030151,1783482551434410087
2,20727326000,10808611482935,1783482551434862903
2,20759354999,10808611702209,1783482551435082145
3,20754080000,10808611726651,1783482551435106587
3,20786122666,10808611739447,1783482551435119383
1,20706962999,10808611767281,1783482551435147217
1,20738996000,10808611773327,1783482551435153295
1,20771028999,10808611777870,1783482551435157838
0,20749608000,10808611798825,1783482551435178793
0,20781628999,10808611811494,1783482551435191430
0,20845671000,10808618156384,1783482551441536320
3,20850208000,10808622691674,1783482551446071642
2,20855441999,10808627918986,1783482551451298922
1,20867127999,10808639610197,1783482551462990165
1,20899160999,10808820404514,1783482551643784482
3,20882250666,10808820446712,1783482551643826680
2,20887470999,10808820489613,1783482551643869581
0,20877691999,10808820545375,1783482551643925311
0,20909712999,10808820637097,1783482551644017033
0,20941734000,10808820787587,1783482551644167555
0,20973754999,10808820980371,1783482551644360307
2,20919500000,10808820988625,1783482551644368561
2,20951528999,10808820999983,1783482551644379951
2,20983557999,10808821004717,1783482551644384653
3,20914293332,10808821131118,1783482551644511022
3,20946336000,10808821144811,1783482551644524747
3,20978378666,10808821149609,1783482551644529577
1,20931194000,10808821165126,1783482551644545094
1,20963226999,10808821171460,1783482551644551428
1,20995259999,10808821175747,1783482551644555715
1,21059325999,10808831803158,1783482551655183126
0,21069817999,10808842295436,1783482551665675404
3,21074506666,10808846960230,1783482551670340294
2,21079644999,10808852077585,1783482551675457521
3,21106549332,10809029703536,1783482551853083504
1,21091358999,10809029703632,1783482551853083568
2,21111674000,10809029704911,1783482551853084847
0,21101838999,10809029742374,1783482551853122310
2,21143702999,10809029815604,1783482551853195572
0,21197901999,10809029826737,1783482551853206673
3,21138592000,10809029836527,1783482551853216495
3,21170634666,10809029904286,1783482551853284222
0,21229923000,10809029916411,1783482551853296379
2,21175731999,10809029925305,1783482551853305273
3,21202677332,10809029986602,1783482551853366570
2,21207761000,10809030002534,1783482551853382502
1,21123392000,10809030330100,1783482551853710068
1,21155424999,10809030344209,1783482551853724177
1,21187457999,10809030349328,1783482551853729264
0,21261943999,10809034421533,1783482551857801501
3,21266762666,10809039254702,1783482551862634638
2,21271818999,10809044304042,1783482551867684010
1,21283556999,10809056049640,1783482551879429608
0,21293964999,10809066444373,1783482551889824341
0,21325986000,10809238722972,1783482552062102876
3,21298805332,10809238727195,1783482552062107163
1,21315590000,10809238734618,1783482552062114586
2,21303848000,10809238736409,1783482552062116345
3,21330848000,10809238856475,1783482552062236411
1,21347622999,10809238870488,1783482552062250456
2,21335876999,10809238910926,1783482552062290894
3,21362890666,10809238937319,1783482552062317255
2,21367905999,10809238948773,1783482552062328740
1,21379655999,10809238963361,1783482552062343297
2,21399935000,10809239013716,1783482552062393652
3,21394933332,10809239018451,1783482552062398387
1,21411689000,10809239028049,1783482552062408017
0,21358006999,10809239239005,1783482552062618973
0,21390027999,10809239255832,1783482552062635768
0,21422049000,10809239261623,1783482552062641559
1,21475754999,10809248230090,1783482552071610026
0,21486090999,10809258559724,1783482552081939692
2,21496022000,10809268547683,1783482552091927619
3,21555146666,10809327655797,1783482552151035733
0,21518112000,10809447774627,1783482552271154563
3,21587189332,10809447778178,1783482552271158114
1,21507788000,10809447779714,1783482552271159682
2,21528050999,10809447778114,1783482552271158082
1,21539820999,10809447902371,1783482552271282339
3,21619232000,10809447916448,1783482552271296416
1,21571853999,10809447989550,1783482552271369518
1,21603887000,10809448083990,1783482552271463958
0,21550132999,10809448327674,1783482552271707642
0,21582153999,10809448342038,1783482552271722006
0,21614175000,10809448347189,1783482552271727125
3,21651274666,10809448437215,1783482552271817183
2,21560079999,10809448462712,1783482552271842648
2,21592109000,10809448475573,1783482552271855541
2,21624137999,10809448481044,1783482552271860980
0,21678216999,10809450699503,1783482552274079439
3,21683317332,10809455784227,1783482552279164163
2,21688196000,10809460810951,1783482552284190887
1,21699986000,10809472474398,1783482552295854302
3,21715360000,10809487844288,1783482552311224224
1,21796085000,10809657178258,1783482552480558226
2,21720224999,10809657227462,1783482552480607430
3,21747402666,10809657305139,1783482552480685107
0,21710238000,10809657368675,1783482552480748611
0,21742258999,10809657784092,1783482552481164028
0,21774279999,10809657875845,1783482552481255749
0,21806301000,10809657949747,1783482552481329715
3,21779445332,10809657976876,1783482552481356844
3,21811488000,10809657988106,1783482552481368074
3,21843530666,10809657992936,1783482552481372904
2,21816311999,10809658363213,1783482552481743181
2,21848340999,10809658377833,1783482552481757801
1,21828117999,10809658392166,1783482552481772102
1,21860150999,10809658400324,1783482552481780260
2,21880370000,10809658440346,1783482552481820314
1,21892184000,10809665232488,1783482552488612456
0,21902364000,10809674930470,1783482552498310406
3,21907616000,10809680308050,1783482552503687986
2,21912398999,10809684903744,1783482552508283712
1,21924216999,10809696770054,1783482552520150022
2,21944427999,10809866976384,1783482552690356352
0,21934384999,10809866979519,1783482552690359455
3,21939658666,10809866999514,1783482552690379482
1,21956249999,10809867059243,1783482552690439211
0,21966405999,10809867089028,1783482552690469028
3,21971701332,10809867092707,1783482552690472643
0,21998427000,10809867163377,1783482552690543313
3,22003744000,10809867175918,1783482552690555886
0,22030447999,10809867233376,1783482552690613344
2,21976457000,10809867328105,1783482552690708073
3,22035786666,10809867392281,1783482552690772217
2,22008485999,10809867867075,1783482552691247011
2,22040514999,10809867881728,1783482552691261696
1,21988283000,10809867939793,1783482552691319729
1,22020315999,10809867948079,1783482552691328015
1,22052348999,10809867952846,1783482552691332814
3,22099872000,10809872352652,1783482552695732620
2,22104572999,10809877058783,1783482552700438751
1,22116414999,10809888951070,1783482552712331038
0,22126510999,10809899038268,1783482552722418204
2,22136601999,10810067480491,1783482552890860427
3,22131914666,10810067493384,1783482552890873352
1,22148447999,10810067519745,1783482552890899713
0,22158531999,10810067532414,1783482552890912350
3,22163957332,10810067665661,1783482552891045597
3,22196000000,10810067723919,1783482552891103887
3,22228042666,10810067784288,1783482552891164256
1,22180481000,10810068078039,1783482552891457975
1,22212513999,10810068092595,1783482552891472531
1,22244546999,10810068103121,1783482552891483089
2,22168631000,10810068121132,1783482552891501100
2,22200659999,10810068127211,1783482552891507179
2,22232688999,10810068130954,1783482552891510922
0,22190553000,10810068176319,1783482552891556255
0,22222573999,10810068190203,1783482552891570171
0,22254594999,10810068196090,1783482552891576058
2,22296746999,10810069271727,1783482552892651663
1,22308612999,10810081096031,1783482552904475999
0,22318636999,10810091105520,1783482552914485488
3,22324170666,10810096694056,1783482552920074024
0,22350657999,10810268185259,1783482553091565195
3,22356213332,10810268191401,1783482553091571305
2,22328775999,10810268212164,1783482553091592132
1,22340645999,10810268271670,1783482553091651638
0,22382679000,10810268390168,1783482553091770136
1,22372679000,10810268406612,1783482553091786580
0,22414699999,10810268529206,1783482553091909142
0,22446720999,10810268538580,1783482553091918548
3,22388256000,10810268542419,1783482553091922387
3,22420298666,10810268562638,1783482553091942606
1,22404711999,10810268575306,1783482553091955242
1,22436744999,10810268588359,1783482553091968295
3,22452341332,10810268680592,1783482553092060560
2,22360805000,10810268783639,1783482553092163607
2,22392833999,10810268795508,1783482553092175476
2,22424862999,10810268800883,1783482553092180819
1,22500810999,10810273272769,1783482553096652705
0,22510762999,10810283293556,1783482553106673460
3,22516426666,10810289002609,1783482553112382545
2,22520949999,10810293443911,1783482553116823847
1,22532843999,10810478207005,1783482553301586973
3,22548469332,10810478207933,1783482553301587869
2,22552979000,10810478248563,1783482553301628531
0,22606825999,10810478279883,1783482553301659851
2,22585007999,10810478333598,1783482553301713566
3,22580512000,10810478351321,1783482553301731289
1,22564877000,10810478355416,1783482553301735384
2,22617036999,10810478426055,1783482553301805991
3,22612554666,10810478428262,1783482553301808230
1,22596909999,10810478440323,1783482553301820291
3,22644597332,10810478488471,1783482553301868407
1,22628942999,10810478496565,1783482553301876533
2,22649066000,10810478507347,1783482553301887283
0,22638846999,10810478627445,1783482553302007381
0,22670868000,10810478639378,1783482553302019346
0,22702888999,10810478645776,1783482553302025744
3,22708682666,10810481134665,1783482553304514633
2,22713123999,10810485658155,1783482553309038091
1,22725041999,10810497555982,1783482553320935950
0,22734909999,10810507452063,1783482553330831999
1,22757075000,10810687283385,1783482553510663353
3,22740725332,10810687284056,1783482553510663992
2,22745153000,10810687285336,1783482553510665304
0,22766931000,10810687327822,1783482553510707758
3,22772768000,10810687459117,1783482553510839085
2,22777181999,10810687467755,1783482553510847691
1,22789107999,10810687499267,1783482553510879235
0,22798951999,10810687509921,1783482553510889889
3,22804810666,10810687521182,1783482553510901118
2,22809210999,10810687554358,1783482553510934262
1,22821140999,10810687554582,1783482553510934518
0,22830972999,10810687603721,1783482553510983689
3,22836853332,10810687605257,1783482553510985225
0,22862994000,10810687610696,1783482553510990632
1,22853174000,10810687619621,1783482553510999557
2,22841240000,10810687620453,1783482553511000389
1,22917239999,10810689766995,1783482553513146963
0,22927035999,10810699509706,1783482553522889674
2,22937327000,10810709826516,1783482553533206484
3,22965024000,10810737531571,1783482553560911539
0,22959057000,10810896296900,1783482553719676868
2,22969355999,10810896332315,1783482553719712251
0,22991077999,10810896405609,1783482553719785577
3,22997066666,10810896416486,1783482553719796422
3,23029109332,10810896426148,1783482553719806052
1,22949273000,10810896446943,1783482553719826879
2,23001384999,10810896462907,1783482553719842843
0,23023098999,10810896491572,1783482553719871540
3,23061152000,10810896513838,1783482553719893806
2,23033414000,10810896520333,1783482553719900269
1,22981305999,10810896536936,1783482553719916904
2,23065442999,10810896578174,1783482553719958142
1,23013338999,10810896581501,1783482553719961469
1,23045372000,10810896588092,1783482553719968060
0,23055120000,10810896595226,1783482553719975162
3,23093194666,10810896613398,1783482553719993334
3,23125237332,10810897697546,1783482553721077482
2,23129501000,10810901995523,1783482553725375459
0,23151183000,10810923650842,1783482553747030810
1,23205536999,10810978126271,1783482553801506239
1,23237570000,10811105356740,1783482553928736708
2,23225588000,10811105358467,1783482553928738403
3,23157280000,10811105358787,1783482553928738755
0,23183203999,10811105420660,1783482553928800628
1,23269602999,10811105491746,1783482553928871682
1,23301635999,10811105576941,1783482553928956909
0,23215224999,10811105951345,1783482553929331313
0,23247246000,10811105964621,1783482553929344557
0,23279266999,10811105970796,1783482553929350732
3,23189322666,10811105984648,1783482553929364616
3,23221365332,10811105990311,1783482553929370247
3,23253408000,10811105994086,1783482553929374054
2,23257616999,10811106034364,1783482553929414332
2,23289645999,10811106040954,1783482553929420890
2,23321675000,10811106048824,1783482553929428792
1,23333669000,10811106316470,1783482553929696438
0,23343309000,10811115798990,1783482553939178958
3,23349536000,10811122016077,1783482553945395981
2,23353703999,10811126183911,1783482553949563879
1,23365701999,10811138236420,1783482553961616388
0,23375329999,10811314414239,1783482554137794207
1,23397734999,10811314417374,1783482554137797342
3,23381578666,10811314455348,1783482554137835284
2,23385732999,10811314455188,1783482554137835156
3,23413621332,10811314548030,1783482554137927966
0,23407350999,10811314561626,1783482554137941594
3,23445664000,10811314628842,1783482554138008778
0,23439372000,10811314640775,1783482554138020743
3,23477706666,10811314697849,1783482554138077817
0,23471392999,10811314709910,1783482554138089878
2,23417762000,10811315017418,1783482554138397354
2,23449790999,10811315030343,1783482554138410310
2,23481819999,10811315036197,1783482554138416165
1,23429768000,10811315050945,1783482554138430913
1,23461800999,10811315056928,1783482554138436896
1,23493833999,10811315061023,1783482554138440959
2,23545877999,10811318456825,1783482554141836793
1,23557899999,10811330398742,1783482554153778710
0,23567455999,10811340445607,1783482554163825575
3,23573834666,10811346321885,1783482554169701853
0,23599476999,10811523388751,1783482554346768719
2,23577906999,10811523430020,1783482554346809924
3,23605877332,10811523448192,1783482554346828128
3,23637920000,10811523514575,1783482554346894511
0,23631498000,10811523528492,1783482554346908460
2,23609936000,10811523539081,1783482554346919049
3,23669962666,10811523596091,1783482554346976027
0,23663518999,10811523607928,1783482554346987896
2,23641964999,10811523616630,1783482554346996598
2,23673993999,10811523672584,1783482554347052520
3,23702005332,10811523683302,1783482554347063270
0,23695539999,10811523692388,1783482554347072356
1,23589932999,10811524047692,1783482554347427660
1,23621966000,10811524059721,1783482554347439689
1,23653998999,10811524064136,1783482554347444104
1,23686031999,10811524068295,1783482554347448231
0,23759581999,10811532595023,1783482554355974959
3,23766090666,10811538660214,1783482554362040150
2,23770080999,10811542639616,1783482554366019584
1,23782130999,10811554620244,1783482554378000212
1,23814164000,10811732422864,1783482554555802800
1,23846196999,10811732521559,1783482554555901495
1,23878229999,10811732593190,1783482554555973158
2,23802110000,10811732638171,1783482554556018107
2,23834138999,10811732652887,1783482554556032855
1,23910263000,10811732690798,1783482554556070766
3,23798133332,10811732704618,1783482554556084586
3,23830176000,10811732731108,1783482554556111076
3,23862218666,10811732768123,1783482554556148091
3,23894261332,10811732777592,1783482554556157560
0,23791602999,10811732823437,1783482554556203373
0,23823624000,10811732837482,1783482554556217418
0,23855644999,10811732843368,1783482554556223336
0,23887665999,10811732847847,1783482554556227815
2,23866167999,10811732905369,1783482554556285305
2,23898197000,10811733009695,1783482554556389663
2,23962254999,10811734887536,1783482554558267472
1,23974328999,10811746810513,1783482554570190449
3,23990389332,10811762877461,1783482554586257429
0,24015750000,10811788249504,1783482554611629440
2,23994284000,10811941375717,1783482554764755685
3,24022432000,10811941384035,1783482554764764003
0,24047770999,10811941420730,1783482554764800666
1,24006362000,10811941434839,1783482554764814775
3,24054474666,10811941505061,1783482554764885029
3,24086517332,10811941568150,1783482554764948118
3,24118560000,10811941628519,1783482554765008455
0,24079791999,10811941701653,1783482554765081621
0,24111813000,10811941711058,1783482554765091026
0,24143833999,10811941715921,1783482554765095889
1,24038394999,10811941749513,1783482554765129481
2,24026312999,10811941753800,1783482554765133736
1,24070427999,10811941763429,1783482554765143365
2,24058341999,10811941765637,1783482554765145605
1,24102461000,10811941770308,1783482554765150276
2,24090371000,10811941771268,1783482554765151204
0,24175854999,10811948349068,1783482554771729004
3,24182645332,10811955110088,1783482554778490024
2,24186458000,10811958925083,1783482554782305019
1,24198560000,10811971048523,1783482554794428459
3,24214688000,10812150342807,1783482554973722743
0,24207876000,10812150347734,1783482554973727670
1,24230592999,10812150380750,1783482554973760718
2,24218486999,10812150399049,1783482554973779081
0,24239896999,10812150462681,1783482554973842617
0,24271917999,10812150541638,1783482554973921574
0,24303939000,10812150613780,1783482554973993716
1,24262625999,10812150754193,1783482554974134161
1,24294659000,10812150769294,1783482554974149230
1,24326691999,10812150774764,1783482554974154732
3,24246730666,10812150787049,1783482554974167017
3,24278773332,10812150792552,1783482554974172520
3,24374901332,10812150796295,1783482554974176231
2,24250515999,10812150812483,1783482554974192419
2,24282545000,10812150817794,1783482554974197730
2,24314573999,10812150821569,1783482554974201505
2,24378632000,10812151223998,1783482554974603934
1,24390758000,10812163227276,1783482554986607212
0,24400002000,10812172549039,1783482554995928975
3,24406944000,10812179495389,1783482555002875357
1,24422790999,10812359371720,1783482555182751688
3,24438986666,10812359576917,1783482555182956853
0,24432022999,10812359750282,1783482555183130250
2,24410660999,10812359817274,1783482555183197210
2,24442689999,10812360312512,1783482555183800293
3,24471029332,10812360435490,1783482555183815426
1,24454823999,10812360469305,1783482555183849241
0,24464043999,10812360478231,1783482555183858167
2,24474719000,10812361010580,1783482555184390548
3,24503072000,10812360989817,1783482555184401745
1,24486857000,10812361032942,1783482555184412878
0,24496065000,10812361043276,1783482555184423212
2,24506747999,10812361270196,1783482555184650164
3,24535114666,10812361323495,1783482555184703431
1,24518889999,10812361333252,1783482555184713220
0,24528085999,10812361367004,1783482555184746972
0,24592128000,10812364583652,1783482555187963620
3,24599200000,10812371665331,1783482555195045299
1,24614988999,10812387491481,1783482555210871449
2,24634863999,10812407358299,1783482555230738267
2,24666893000,10812569859774,1783482555393239742
3,24631242666,10812569893717,1783482555393273685
1,24647021999,10812569894741,1783482555393274677
0,24624148999,10812569920207,1783482555393300143
3,24663285332,10812570005882,1783482555393385818
0,24656169999,10812570019990,1783482555393399926
1,24679055000,10812570030868,1783482555393410836
2,24698921999,10812570040177,1783482555393420113
3,24695328000,10812570080199,1783482555393460167
0,24688191000,10812570090565,1783482555393470501
1,24711087999,10812570099587,1783482555393479523
2,24730950999,10812570106177,1783482555393486081
3,24727370666,10812570152566,1783482555393532502
0,24720211999,10812570162803,1783482555393542739
1,24743120999,10812570171697,1783482555393551633
2,24762980000,10812570178639,1783482555393558607
1,24807186999,10812579740028,1783482555403119996
0,24816274999,10812588837211,1783482555412217147
3,24823498666,10812595982331,1783482555419362267
2,24827037999,10812599577957,1783482555422957925
0,24848295999,10812778915093,1783482555602295061
3,24855541332,10812778916277,1783482555602296245
2,24859067000,10812778953387,1783482555602333355
3,24887584000,10812779034327,1783482555602414263
0,24880317000,10812779053555,1783482555602433523
3,24919626666,10812779108325,1783482555602488293
0,24912337999,10812779119714,1783482555602499682
3,24951669332,10812779176276,1783482555602556212
0,24944358999,10812779186258,1783482555602566226
1,24839219999,10812779348938,1783482555602728874
1,24871253000,10812779367685,1783482555602747621
1,24903285999,10812779372740,1783482555602752676
1,24935318999,10812779377059,1783482555602756963
2,24891095999,10812779574418,1783482555602954386
2,24923124999,10812779587727,1783482555602967695
2,24955154000,10812779594541,1783482555602974509
0,25008400999,10812780873778,1783482555604253714
3,25015754666,10812788225759,1783482555611605695
2,25019211999,10812791680236,1783482555615060204
1,25031417999,10812803960315,1783482555627340283
3,25047797332,10812987945938,1783482555811325906
2,25051241000,10812987950961,1783482555811330929
0,25040421999,10812987957231,1783482555811337199
1,25063451000,10812987967725,1783482555811347661
3,25079840000,10812988207889,1783482555811587825
0,25072443000,10812988226093,1783482555811606029
1,25095483999,10812988237034,1783482555811616970
0,25104463999,10812988306265,1783482555811686201
1,25127516999,10812988316919,1783482555811696887
3,25111882666,10812988328756,1783482555811708724
1,25159550000,10812988382342,1783482555811762310
0,25136484999,10812988392612,1783482555811772580
3,25143925332,10812988401570,1783482555811781506
2,25083269999,10812988541791,1783482555811921759
2,25115298999,10812988608239,1783482555811988175
2,25147328000,10812988721075,1783482555812101011
1,25223615999,10812996072320,1783482555819452288
0,25232547999,10813005011238,1783482555828391174
3,25240053332,10813012607543,1783482555835987479
2,25243415000,10813015905067,1783482555839285003
0,25264569000,10813197110038,1783482556020490006
2,25275443999,10813197111061,1783482556020491029
1,25255649000,10813197110102,1783482556020490070
3,25272096000,10813197116852,1783482556020496788
1,25287681999,10813197250963,1783482556020630931
3,25304138666,10813197257905,1783482556020637841
2,25307472999,10813197267663,1783482556020647599
3,25336181332,10813197342524,1783482556020722460
1,25319714999,10813197345404,1783482556020725372
2,25339502000,10813197377620,1783482556020757556
3,25368224000,10813197415658,1783482556020795594
2,25371530999,10813197417546,1783482556020797514
1,25351748000,10813197439269,1783482556020819205
0,25296589999,10813197555624,1783482556020935560
0,25328610999,10813197567717,1783482556020947685
0,25424673999,10813197573668,1783482556020953636
3,25432309332,10813204879583,1783482556028259519
2,25435589000,10813208117219,1783482556031497155
1,25447847000,10813220380859,1783482556043760827
0,25456695000,10813229174793,1783482556052554761
0,25488715999,10813406655279,1783482556230035247
2,25467617999,10813406657294,1783482556230037262
3,25464352000,10813406658254,1783482556230038190
1,25479879999,10813406658670,1783482556230038606
0,25520736999,10813406788366,1783482556230168334
2,25499646999,10813406789518,1783482556230169454
3,25496394666,10813406791374,1783482556230171310
2,25531676000,10813406868059,1783482556230248027
0,25552758000,10813406873209,1783482556230253145
3,25528437332,10813406878232,1783482556230258200
2,25563704999,10813406939273,1783482556230319241
3,25560480000,10813406941289,1783482556230321257
0,25584778999,10813406941449,1783482556230321385
1,25511912999,10813407177774,1783482556230557710
1,25543946000,10813407198537,1783482556230578473
1,25575978999,10813407205896,1783482556230585864
1,25640045000,10813412527755,1783482556235907723
0,25648821000,10813421645705,1783482556245025673
3,25656608000,10813429144629,1783482556252524565
2,25659791999,10813433928381,1783482556257308349
2,25691820999,10813615660845,1783482556439040813
1,25672077999,10813615697764,1783482556439077732
0,25680841999,10813615932906,1783482556439312842
3,25688650666,10813615969217,1783482556439349185
3,25784778666,10813615984478,1783482556439364413
3,25816821332,10813615989852,1783482556439369820
1,25704110999,10813616231457,1783482556439611425
1,25736144000,10813616247805,1783482556439627773
2,25723850000,10813616260954,1783482556439640858
1,25768176999,10813616290066,1783482556439670034
2,25755878999,10813616295601,1783482556439675537
2,25787907999,10813616301775,1783482556439681711
0,25712862999,10813616957134,1783482556440337070
0,25744884000,10813616973354,1783482556440353290
0,25776904999,10813617116775,1783482556440496743
3,25848864000,10813621393835,1783482556444773867
2,25851965999,10813624425378,1783482556447805314
1,25864275999,10813636880139,1783482556460260107
0,25872967999,10813645504035,1783482556468884003
3,25880906666,10813653400653,1783482556476780621
1,25896308999,10813824609305,1783482556647989273
2,25883994999,10813824610489,1783482556647990425
3,25912949332,10813824622390,1783482556648002294
0,25904988999,10813824660301,1783482556648040269
2,25916024000,10813825035568,1783482556648415536
3,25944992000,10813825038928,1783482556648418896
2,25948052999,10813825049549,1783482556648429517
3,25977034666,10813825053548,1783482556648433516
2,26044139999,10813825057259,1783482556648437195
3,26009077332,10813825061866,1783482556648441802
0,25937010000,10813825075047,1783482556648454983
0,25969030999,10813825091779,1783482556648471747
0,26001051999,10813825099329,1783482556648479297
1,25928342000,10813825192362,1783482556648572330
1,26024441000,10813825203239,1783482556648583207
1,26056473999,10813828949550,1783482556652329550
0,26065093999,10813837569990,1783482556660949926
3,26073162666,10813845704502,1783482556669084438
2,26076168999,10813848630598,1783482556672010534
1,26088506999,10813860989895,1783482556684369863
0,26097114999,10814033600827,1783482556856980795
1,26120540000,10814033612920,1783482556856992824
3,26105205332,10814033657229,1783482556857037165
3,26137248000,10814033850845,1783482556857230781
3,26169290666,10814033865594,1783482556857245562
1,26152572999,10814033884341,1783482556857264309
3,26201333332,10814033901649,1783482556857281585
1,26184605999,10814033913614,1783482556857293582
1,26216639000,10814033931306,1783482556857311273
0,26129136000,10814033995226,1783482556857375194
0,26161156999,10814034023091,1783482556857403059
0,26193177999,10814034028466,1783482556857408402
2,26108198000,10814034197448,1783482556857577416
2,26140226999,10814034211269,1783482556857591205
2,26172255999,10814034217315,1783482556857597283
2,26204285000,10814034227457,1783482556857607425
3,26265418666,10814038020060,1783482556861400028
2,26268342999,10814040817036,1783482556864197004
1,26280704999,10814053186731,1783482556876566667
0,26289240999,10814061727415,1783482556885107319
2,26300372000,10814234121973,1783482557057501909
3,26297461332,10814234150158,1783482557057530126
0,26321262000,10814234159212,1783482557057539180
1,26312738000,10814234169833,1783482557057549801
3,26329504000,10814234284781,1783482557057664717
3,26361546666,10814234355068,1783482557057735004
3,26393589332,10814234420684,1783482557057800620
1,26344770999,10814234489211,1783482557057869179
1,26376803999,10814234502615,1783482557057882583
0,26353282999,10814234592673,1783482557057972641
2,26332400999,10814234618587,1783482557057998523
0,26385303999,10814234633559,1783482557058013495
2,26364429999,10814234660337,1783482557058040241
0,26417325000,10814234670830,1783482557058050766
1,26408837000,10814234719938,1783482557058099906
2,26396459000,10814234750651,1783482557058130587
1,26472902999,10814245366125,1783482557068746061
0,26481366999,10814253849898,1783482557077229834
3,26489717332,10814262183117,1783482557085563053
2,26492546000,10814265018037,1783482557088398005
2,26524574999,10814434687269,1783482557258067205
3,26521760000,10814434691620,1783482557258071556
0,26513388000,10814434727036,1783482557258107004
1,26504936000,10814434743736,1783482557258123672
3,26553802666,10814434884181,1783482557258264149
3,26585845332,10814434945990,1783482557258325958
3,26617888000,10814435008503,1783482557258388471
0,26545408999,10814435174862,1783482557258554798
0,26577429999,10814435189674,1783482557258569610
0,26609451000,10814435195657,1783482557258575593
2,26556603999,10814435208933,1783482557258588869
2,26588633000,10814435214436,1783482557258594404
2,26620661999,10814435218627,1783482557258598595
1,26536968999,10814435467238,1783482557258847206
1,26569001999,10814435479747,1783482557258859715
1,26601035000,10814435484834,1783482557258864770
1,26665100999,10814437568226,1783482557260948162
0,26673492999,10814446048001,1783482557269427937
3,26681973332,10814454464399,1783482557277844367
2,26684720000,10814457200495,1783482557280580463
0,26705514000,10814635254997,1783482557458634965
1,26697134000,10814635255509,1783482557458635477
2,26716748999,10814635257109,1783482557458637045
3,26714016000,10814635277584,1783482557458657552
1,26729166999,10814635425228,1783482557458805196
1,26761199999,10814635532177,1783482557458912113
1,26793233000,10814635640215,1783482557459020151
3,26746058666,10814635693386,1783482557459073322
3,26778101332,10814635706438,1783482557459086406
3,26810144000,10814635712005,1783482557459091941
2,26748777999,10814635854210,1783482557459234178
0,26737534999,10814635873501,1783482557459253469
0,26833597999,10814635889498,1783482557459269466
2,26780807000,10814636081386,1783482557459461322
2,26812835999,10814636426102,1783482557459806038
0,26865618999,10814638103162,1783482557461483098
3,26874229332,10814646761485,1783482557470141453
2,26876894000,10814649376971,1783482557472756939
1,26889332000,10814661807008,1783482557485186944
0,26897640000,10814670128997,1783482557493508933
2,26908922999,10814844259406,1783482557667639342
3,26906272000,10814844262670,1783482557667642606
0,26929660999,10814844300324,1783482557667680260
1,26921364999,10814844407018,1783482557667786954
3,26938314666,10814844420775,1783482557667800711
1,26953397999,10814844444097,1783482557667824065
1,26985431000,10814844450207,1783482557667830175
3,26970357332,10814844469371,1783482557667849339
3,27002400000,10814844506834,1783482557667886770
2,26940951999,10814844595836,1783482557667975804
2,26972981000,10814844608793,1783482557667988761
2,27005009999,10814844631283,1783482557668011251
1,27017463999,10814844657581,1783482557668037517
0,26961681999,10814845195433,1783482557668575401
0,26993703000,10814845222978,1783482557668602914
0,27025723999,10814845246524,1783482557668626428
1,27081530000,10814853970111,1783482557677350047
0,27089766000,10814862256365,1783482557685636333
3,27098528000,10814871005993,1783482557694385929
2,27101096999,10814873558039,1783482557696937975
2,27133125999,10815044769836,1783482557868149804
3,27194656000,10815044772300,1783482557868152236
0,27121786999,10815044772396,1783482557868152364
1,27113562999,10815044792903,1783482557868172871
0,27153807999,10815044955199,1783482557868335167
1,27145595999,10815044970459,1783482557868350395
1,27177629000,10815045033452,1783482557868413420
0,27185829000,10815045036171,1783482557868416139
1,27209661999,10815045095708,1783482557868475644
0,27217849999,10815045100987,1783482557868480955
2,27165155000,10815045501305,1783482557868881273
2,27197183999,10815045513654,1783482557868893590
2,27229212999,10815045518740,1783482557868898708
3,27226698666,10815045632153,1783482557869012121
3,27258741332,10815045650740,1783482557869030708
1,27273728000,10815046184817,1783482557869564785
0,27281892000,10815054411662,1783482557877791630
3,27290784000,10815063305382,1783482557886685350
2,27293270999,10815065806401,1783482557889186369
3,27322826666,10815095322675,1783482557918702611
2,27325299999,10815253846258,1783482558077226194
0,27313912999,10815253856015,1783482558077235983
3,27354869332,10815253856879,1783482558077236815
1,27305760999,10815253863214,1783482558077243182
2,27357329000,10815254175393,1783482558077555329
3,27386912000,10815254255406,1783482558077635310
3,27418954666,10815254267435,1783482558077647403
3,27450997332,10815254272649,1783482558077652617
0,27345933999,10815254515342,1783482558077895278
1,27337793999,10815254527435,1783482558077907403
0,27377955000,10815254528779,1783482558077908715
0,27409975999,10815254537352,1783482558077917320
2,27453416000,10815254539304,1783482558077919240
1,27433892999,10815254539688,1783482558077919624
1,27465926000,10815254548614,1783482558077928550
2,27485444999,10815259725489,1783482558083105457
2,27517473999,10815462945006,1783482558286324974
3,27483040000,10815462965737,1783482558286345673
3,27515082666,10815463060562,1783482558286440498
3,27547125332,10815463130049,1783482558286509985
3,27579168000,10815463190546,1783482558286570482
2,27549503000,10815463279964,1783482558286659932
2,27581531999,10815463295160,1783482558286675096
2,27613560999,10815463300951,1783482558286680919
0,27506038999,10815463527199,1783482558286907167
0,27538059999,10815463544635,1783482558286924571
0,27570081000,10815463550778,1783482558286930746
0,27602101999,10815463556312,1783482558286936248
1,27497958999,10815463649250,1783482558287029218
1,27529991999,10815463771684,1783482558287151620
1,27562025000,10815463778274,1783482558287158210
1,27594057999,10815463783041,1783482558287162977
0,27698164999,10815470662891,1783482558294042859
3,27707338666,10815479836675,1783482558303216643
2,27709647999,10815482145645,1783482558305525581
1,27722189999,10815494666417,1783482558318046385
0,27730185999,10815502682885,1783482558326062853
3,27739381332,10815511890645,1783482558335270613
2,27741677000,10815514170374,1783482558337550342
1,27754223000,10815526720867,1783482558350100835
0,27762207000,10815534711293,1783482558358091229
3,27771424000,10815543917421,1783482558367297389
2,27773705999,10815546172517,1783482558369552453
1,27786255999,10815558795024,1783482558382174960
0,27794227999,10815566717115,1783482558390097211
3,27803466666,10815575961218,1783482558399341186
2,27805734999,10815578188192,1783482558401568096
1,27818288999,10815590787313,1783482558414167249
0,27826248999,10815598740052,1783482558422119988
3,27835509332,10815608019218,1783482558431399122
2,27837764000,10815610224566,1783482558433604502
1,27850322000,10815622816777,1783482558446196745
0,27858270000,10815630760462,1783482558454140398
1,27882354999,10815654877241,1783482558478257177
3,27867552000,10815808356114,1783482558631736050
0,27890290999,10815808374669,1783482558631754637
1,27914387999,10815808384203,1783482558631764171
2,27869792999,10815808407525,1783482558631787461
0,27922311999,10815808546723,1783482558631926691
1,27946421000,10815808572029,1783482558631951997
0,27954333000,10815808632430,1783482558632012398
0,27986353999,10815808745906,1783482558632125874
2,27901821999,10815808930501,1783482558632310437
2,27933851000,10815808943490,1783482558632323426
2,27965879999,10815808949152,1783482558632329120
3,27899594666,10815809033452,1783482558632413420
3,27931637332,10815809044265,1783482558632424201
3,27963680000,10815809049736,1783482558632429672
1,27978453999,10815809068483,1783482558632448419
1,28010486999,10815809081408,1783482558632461376
1,28042520000,10816017447824,1783482558840827792
3,28059808000,10816017448240,1783482558840828208
0,28050396000,10816017449615,1783482558840829583
3,28091850666,10816017599339,1783482558840979307
0,28082416999,10816017603754,1783482558840983690
0,28114437999,10816017684598,1783482558841064566
3,28123893332,10816017710319,1783482558841090255
0,28146459000,10816017751205,1783482558841131173
3,28155936000,10816017753925,1783482558841133861
0,28242522000,10816017840368,1783482558841220304
2,28061966999,10816017902752,1783482558841282720
2,28093995999,10816017913694,1783482558841293662
2,28126025000,10816017917693,1783482558841297661
2,28158053999,10816017921532,1783482558841301468
1,28074552999,10816018388713,1783482558841768649
1,28106585999,10816018407493,1783482558841787429
1,28138619000,10816018412259,1783482558841792195
3,28252064000,10816024558529,1783482558847938497
2,28254140999,10816026607819,1783482558849987787
1,28266750999,10816039275531,1783482558862655499
0,28274542999,10816047091088,1783482558870471024
3,28284106666,10816056585306,1783482558879965274
2,28286169999,10816058652479,1783482558882032447
1,28298783999,10816071274858,1783482558894654794
0,28306563999,10816079149985,1783482558902529953
3,28316149332,10816088737012,1783482558912116948
2,28318199000,10816090798523,1783482558914178491
1,28330817000,10816103318047,1783482558926697983
0,28338585000,10816111156670,1783482558934536606
3,28348192000,10816120689054,1783482558944068990
2,28350227999,10816122770081,1783482558946150049
1,28362849999,10816135349110,1783482558958729046
0,28370605999,10816143224365,1783482558966604301
3,28380234666,10816152735442,1783482558976115378
2,28382256999,10816154705103,1783482558978085071
1,28394882999,10816167433697,1783482558990813633
0,28402626999,10816175250661,1783482558998630597
3,28412277332,10816184888460,1783482559008268396
2,28414286000,10816186842190,1783482559010222158
1,28426916000,10816199411948,1783482559022791916
0,28434648000,10816344491725,1783482559167871693
3,28444320000,10816344492013,1783482559167871981
2,28446314999,10816344493261,1783482559167873197
1,28458948999,10816344539873,1783482559167919841
2,28478343999,10816344667074,1783482559168047042
0,28466668999,10816344674177,1783482559168054113
3,28476362666,10816344682910,1783482559168062878
1,28490981999,10816344691324,1783482559168071292
2,28510373000,10816344752493,1783482559168132461
1,28523015000,10816344758188,1783482559168138124
3,28508405332,10816344764778,1783482559168144714
0,28498689999,10816344771273,1783482559168151241
0,28530711000,10816344833146,1783482559168213082
1,28555047999,10816344845879,1783482559168225815
2,28542401999,10816344859507,1783482559168239475
3,28604533332,10816377018361,1783482559200398329
3,28636576000,10816553512439,1783482559376892407
2,28574430999,10816553513335,1783482559376893271
0,28594752999,10816553517910,1783482559376897878
1,28587080999,10816553587237,1783482559376967205
3,28668618666,10816553652245,1783482559377032213
1,28619114000,10816553653044,1783482559377032980
3,28700661332,10816553733633,1783482559377113601
1,28651146999,10816553735008,1783482559377114944
1,28683179999,10816553808558,1783482559377188526
3,28732704000,10816553814477,1783482559377194445
2,28606460000,10816553875294,1783482559377255262
2,28638488999,10816553887227,1783482559377267195
2,28670517999,10816553893018,1783482559377272954
0,28626774000,10816554192241,1783482559377572177
0,28658794999,10816554206093,1783482559377586029
0,28690815999,10816554212460,1783482559377592396
0,28786878999,10816559399447,1783482559382779415
3,28796789332,10816569281958,1783482559392661894
1,28843344999,10816615841385,1783482559439221353
2,28862691999,10816635292468,1783482559458672404
2,28894721000,10816762522499,1783482559585902435
3,28828832000,10816762538079,1783482559585918047
0,28818900000,10816762572151,1783482559585952055
1,28875377999,10816762584948,1783482559585964916
1,28907411000,10816762884203,1783482559586264139
1,28939443999,10816762896008,1783482559586275976
1,28971476999,10816762901574,1783482559586281510
3,28860874666,10816763143883,1783482559586523819
0,28850920999,10816763147114,1783482559586527050
0,28882941999,10816763158568,1783482559586538536
3,28892917332,10816763160615,1783482559586540551
0,28914963000,10816763166118,1783482559586546086
3,28924960000,10816763168389,1783482559586548325
2,28926749999,10816763201437,1783482559586581405
2,28958778999,10816763207228,1783482559586587164
2,28990808000,10816763385776,1783482559586765744
1,29003510000,10816776057077,1783482559599437013
0,29011026000,10816783703206,1783482559607083174
3,29021088000,10816793566202,1783482559616946138
2,29022836999,10816795294835,1783482559618674803
3,29053130666,10816971533135,1783482559794913103
0,29043046999,10816971533135,1783482559794913071
0,29075067999,10816971646132,1783482559795026100
3,29085173332,10816971654098,1783482559795034066
0,29107089000,10816971721889,1783482559795101825
3,29117216000,10816971731103,1783482559795111039
0,29139109999,10816971794735,1783482559795174639
3,29149258666,10816971803309,1783482559795183277
2,29054865999,10816971966597,1783482559795346533
1,29035542999,10816972117984,1783482559795497920
1,29067575999,10816972134492,1783482559795514428
1,29099609000,10816972140219,1783482559795520155
1,29131641999,10816972144666,1783482559795524602
2,29086895000,10816972599179,1783482559795979115
2,29118923999,10816972615655,1783482559795995591
2,29150952999,10816972658044,1783482559796038012
0,29203152000,10816975742090,1783482559799122058
3,29213344000,10816985874364,1783482559809254300
2,29215010999,10816987488305,1783482559810868273
1,29227740999,10817000212616,1783482559823592616
2,29247039999,10817172096014,1783482559995475950
3,29245386666,10817172097869,1783482559995477805
1,29259773999,10817172099213,1783482559995479181
0,29235172999,10817172101676,1783482559995481644
3,29277429332,10817172283552,1783482559995663520
0,29267193999,10817172297085,1783482559995677021
2,29279069000,10817172325910,1783482559995705846
3,29309472000,10817172374058,1783482559995754026
0,29299215000,10817172384839,1783482559995764807
3,29341514666,10817172444121,1783482559995824089
0,29331235999,10817172454646,1783482559995834614
1,29291807000,10817172554686,1783482559995934622
1,29323839999,10817172572441,1783482559995952377
1,29355872999,10817172579991,1783482559995959927
2,29311097999,10817172588597,1783482559995968565
2,29343126999,10817172603570,1783482559995983506
3,29405600000,10817178120620,1783482560001500588
2,29407184999,10817179689868,1783482560003069836
1,29419938999,10817192416073,1783482560015796041
0,29427298999,10817199808828,1783482560023188764
0,29459319999,10817372689880,1783482560196069848
3,29437642666,10817372698646,1783482560196078614
2,29439213999,10817372706548,1783482560196086484
1,29451971999,10817372714066,1783482560196094034
1,29484005000,10817372861678,1783482560196241614
1,29516037999,10817372938587,1783482560196318555
1,29548070999,10817373006507,1783482560196386475
0,29491341000,10817373046273,1783482560196426241
2,29471243000,10817373153639,1783482560196533607
2,29503271999,10817373168579,1783482560196548515
2,29535300999,10817373174018,1783482560196553954
3,29469685332,10817373186175,1783482560196566111
3,29501728000,10817373198684,1783482560196578620
3,29533770666,10817373204282,1783482560196584250
0,29523361999,10817373207705,1783482560196587673
0,29555382999,10817373217911,1783482560196597847
1,29612136999,10817384685543,1783482560208065511
3,29629898666,10817402445239,1783482560225825207
2,29631387999,10817403853919,1783482560227233951
0,29651445999,10817423955314,1783482560247335250
2,29663417000,10817573339064,1783482560396718968
0,29683467000,10817573346326,1783482560396726262
3,29661941332,10817573347446,1783482560396727382
1,29644169999,10817573393290,1783482560396773226
3,29693984000,10817573588987,1783482560396968955
1,29676203000,10817573588763,1783482560396968699
0,29715487999,10817573608182,1783482560396988150
3,29726026666,10817573679429,1783482560397059397
0,29747508999,10817573690786,1783482560397070754
1,29708235999,10817573691842,1783482560397071810
3,29758069332,10817573761744,1783482560397141680
0,29779530000,10817573776653,1783482560397156621
1,29740268999,10817573790697,1783482560397170633
2,29695445999,10817573946787,1783482560397326755
2,29727474999,10817573969118,1783482560397349054
2,29759504000,10817573974908,1783482560397354876
1,29804334999,10817576867898,1783482560400247866
0,29811550999,10817584055967,1783482560407435935
3,29822154666,10817594708534,1783482560418088470
2,29823561999,10817596102178,1783482560419482146
3,29854197332,10817774074882,1783482560597454850
0,29843571999,10817774094750,1783482560597474718
3,29886240000,10817774252183,1783482560597632151
0,29875593000,10817774270291,1783482560597650259
3,29918282666,10817774322854,1783482560597702822
0,29907613999,10817774332611,1783482560597712547
1,29836367999,10817774527508,1783482560597907476
1,29868401000,10817774543184,1783482560597923120
1,29900433999,10817774548175,1783482560597928111
1,29932466999,10817774552398,1783482560597932334
2,29855591000,10817774571561,1783482560597951529
2,29887619999,10817774577992,1783482560597957896
2,29919648999,10817774582311,1783482560597962279
2,29951678000,10817774586246,1783482560597966214
0,29939634999,10817775026938,1783482560598406874
0,30003676999,10817776122350,1783482560599502414
3,30014410666,10817786890505,1783482560610270473
2,30015735999,10817788193963,1783482560611573899
1,30028565999,10817801184775,1783482560624564711
3,30046453332,10817819023171,1783482560642403267
1,30060599000,10817983183633,1783482560806563601
0,30035697999,10817983193998,1783482560806573934
3,30078496000,10817983195566,1783482560806575534
2,30047765000,10817983197357,1783482560806577325
2,30079793999,10817983326990,1783482560806706958
3,30110538666,10817983333868,1783482560806713836
1,30092631999,10817983334956,1783482560806714988
0,30067719000,10817983341994,1783482560806721962
0,30099739999,10817983516479,1783482560806896447
3,30142581332,10817983528221,1783482560806908189
2,30111822999,10817983530140,1783482560806910076
1,30124664999,10817983535387,1783482560806915355
0,30131760999,10817983602570,1783482560806982506
3,30174624000,10817983604490,1783482560806984426
1,30156698000,10817983615495,1783482560806995463
2,30143852000,10817983743048,1783482560807122984
3,30238709332,10818192342136,1783482561015722072
3,30270752000,10818192684741,1783482561016064709
3,30302794666,10818192698337,1783482561016078305
3,30334837332,10818192703136,1783482561016083104
1,30252797000,10818192805639,1783482561016185607
1,30284829999,10818192821795,1783482561016201731
1,30316862999,10818192826402,1783482561016206370
1,30348896000,10818192830273,1783482561016210209
2,30271967999,10818192883476,1783482561016263444
2,30303996999,10818192899664,1783482561016279632
2,30336026000,10818192905743,1783482561016285711
2,30368054999,10818192909582,1783482561016289518
0,30227823999,10818192927849,1783482561016307817
0,30259845000,10818192934856,1783482561016314792
0,30291865999,10818192939527,1783482561016319495
0,30323886999,10818192943622,1783482561016323590
3,30430965332,10818203447845,1783482561026827749
2,30432113000,10818204577202,1783482561027957138
1,30444995000,10818217619783,1783482561040999911
0,30451971000,10818224436234,1783482561047816202
2,30464141999,10818236602996,1783482561059982964
1,30477027999,10818249622767,1783482561073002703
0,30483991999,10818256515007,1783482561079894975
2,30496170999,10818401794317,1783482561225174285
0,30516012999,10818401801899,1783482561225181867
3,30463008000,10818401812456,1783482561225192424
1,30509060999,10818401843233,1783482561225223169
0,30548034000,10818401937034,1783482561225317002
2,30528200000,10818401964867,1783482561225344835
1,30541094000,10818401971106,1783482561225351074
0,30580054999,10818402002074,1783482561225382042
2,30560228999,10818402023445,1783482561225403381
1,30573126999,10818402040657,1783482561225420625
1,30605159999,10818402089253,1783482561225469221
0,30612075999,10818402107041,1783482561225486977
2,30592257999,10818402121853,1783482561225501789
3,30495050666,10818402446318,1783482561225826254
3,30527093332,10818402457483,1783482561225837419
3,30559136000,10818402462634,1783482561225842602
0,30644097000,10818610741884,1783482561434121852
3,30655264000,10818610745659,1783482561434125595
2,30656315999,10818610746939,1783482561434126907
3,30687306666,10818610771445,1783482561434151413
1,30637193000,10818610787185,1783482561434167153
0,30676117999,10818610847906,1783482561434227906
1,30669225999,10818610860639,1783482561434240607
2,30688344999,10818610870397,1783482561434250333
2,30720374000,10818610917234,1783482561434297202
0,30708138999,10818610922544,1783482561434302512
1,30701258999,10818610932750,1783482561434312686
2,30752402999,10818610992319,1783482561434372255
1,30733292000,10818611109987,1783482561434489955
0,30740160000,10818611130845,1783482561434510781
3,30719349332,10818611358246,1783482561434738150
3,30751392000,10818611370275,1783482561434750243
3,30847520000,10818620040418,1783482561443420354
2,30848489999,10818620980253,1783482561444360221
1,30861423999,10818633911725,1783482561457291693
0,30868243999,10818640846579,1783482561464226515
3,30879562666,10818652328836,1783482561475708772
2,30880518999,10818652975942,1783482561476355878
1,30893456999,10818666185715,1783482561489565651
0,30900264999,10818672752978,1783482561496132946
3,30911605332,10818684117056,1783482561507497024
2,30912548000,10818685026242,1783482561508406210
1,30925490000,10818698992214,1783482561522372182
0,30932286000,10818704774517,1783482561528154453
3,30943648000,10818716148225,1783482561539528161
2,30944576999,10818717045478,1783482561540425446
1,30957522999,10818730039591,1783482561553419527
0,30964306999,10818736813556,1783482561560193492
3,30975690666,10818748181281,1783482561571561217
2,30976605999,10818749077607,1783482561572457575
1,30989555999,10818762047117,1783482561585427085
3,31007733332,10818780223295,1783482561603603231
0,31060369999,10818832872255,1783482561656252223
1,31021589000,10818933457914,1783482561756837850
3,31039776000,10818933463961,1783482561756843929
0,31092390999,10818933470839,1783482561756850807
2,31008635000,10818933478965,1783482561756858933
3,31071818666,10818933601527,1783482561756981495
3,31103861332,10818933679396,1783482561757059332
3,31135904000,10818933741205,1783482561757121173
2,31040663999,10818933875636,1783482561757255604
2,31072692999,10818933891057,1783482561757270993
2,31104722000,10818934111035,1783482561757490971
1,31053621999,10818934283953,1783482561757663921
1,31085654999,10818934299693,1783482561757679661
1,31117688000,10818934324007,1783482561757703911
0,31124412000,10818934486399,1783482561757866367
0,31156432999,10818934502971,1783482561757882939
0,31188453999,10818960944015,1783482561784323983
3,31167946666,10819142409033,1783482561965788969
2,31168779999,10819142421062,1783482561965800998
1,31181753999,10819142422022,1783482561965801990
0,31220475000,10819142451486,1783482561965831422
2,31200809000,10819142642896,1783482561966022864
0,31252495999,10819142756596,1783482561966136532
3,31199989332,10819142802665,1783482561966182601
3,31232032000,10819142812487,1783482561966192454
0,31284516999,10819142822756,1783482561966202692
1,31213787000,10819142853724,1783482561966233660
1,31245819999,10819142872440,1783482561966252408
1,31277852999,10819142878071,1783482561966258007
2,31232837999,10819142886388,1783482561966266356
2,31264866999,10819142897266,1783482561966277202
3,31264074666,10819143489953,1783482561966869889
0,31316538000,10819143502718,1783482561966882654
1,31373951999,10819146639202,1783482561970019170
0,31380579999,10819153134355,1783482561976514291
2,31392983000,10819165537476,1783482561988917412
3,31424288000,10819196804294,1783482562020184230
3,31456330666,10819351444269,1783482562174824237
1,31405985000,10819351445772,1783482562174825708
2,31425011999,10819351446412,1783482562174826380
2,31457040999,10819351473382,1783482562174853350
3,31488373332,10819351567023,1783482562174946991
3,31520416000,10819351632191,1783482562175012159
2,31489070000,10819351640061,1783482562175020029
2,31521098999,10819351650490,1783482562175030426
3,31552458666,10819351694640,1783482562175074576
1,31438017999,10819352032925,1783482562175412861
1,31470050999,10819352050041,1783482562175430009
1,31502084000,10819352080210,1783482562175460178
0,31412601000,10819352465076,1783482562175845012
0,31444621999,10819352483088,1783482562175863056
0,31476642999,10819352636778,1783482562176016714
0,31508664000,10819352648776,1783482562176028744
2,31585157000,10819357613392,1783482562180993360
1,31662248999,10819560436331,1783482562383816299
0,31604727000,10819560484575,1783482562383864543
0,31636747999,10819560493821,1783482562383873789
2,31681244000,10819560869730,1783482562384249698
1,31694282000,10819560933074,1783482562384313042
3,31584501332,10819561143999,1783482562384523967
3,31616544000,10819561162650,1783482562384542586
2,31713272999,10819561698008,1783482562385077976
0,31668768999,10819561707734,1783482562385087702
1,31726314999,10819561729105,1783482562385109041
0,31700790000,10819561829368,1783482562385209304
1,31758347999,10819561912420,1783482562385292356
3,31648586666,10819561917187,1783482562385297155
3,31680629332,10819561933503,1783482562385313439
2,31745301999,10819562096727,1783482562385476695
2,31777331000,10819562109268,1783482562385489204
1,31790381000,10819562843873,1783482562386223841
0,31796853000,10819569322969,1783482562392702937
3,31808800000,10819581501510,1783482562404881478
2,31809359999,10819581833845,1783482562405213781
1,31822413999,10819595147054,1783482562418527022
0,31828873999,10819601344586,1783482562424724554
3,31840842666,10819613337540,1783482562436717476
3,31872885332,10819770928509,1783482562594308445
0,31860894999,10819770931996,1783482562594311932
1,31854446999,10819770932891,1783482562594312859
2,31841388999,10819771031619,1783482562594411587
2,31873418000,10819771186782,1783482562594566750
3,31904928000,10819771332506,1783482562594712474
3,31936970666,10819771345399,1783482562594725335
1,31886480000,10819771345879,1783482562594725815
3,31969013332,10819771351190,1783482562594731126
1,31918512999,10819771358868,1783482562594738804
1,31950545999,10819771365042,1783482562594744978
0,31892916000,10819771597914,1783482562594977882
0,31924936999,10819771615061,1783482562594995029
0,31956957999,10819771620500,1783482562595000436
2,31905446999,10819771820196,1783482562595200164
2,31937475999,10819771851196,1783482562595231132
3,32001056000,10819979914013,1783482562803293981
2,32001533999,10819979914972,1783482562803294908
0,32020999999,10819979920859,1783482562803300827
1,32014611999,10819979951635,1783482562803331603
0,32053020999,10819980060505,1783482562803440473
0,32085042000,10819980141477,1783482562803521445
0,32117062999,10819980207381,1783482562803587349
1,32046644999,10819980264423,1783482562803644391
1,32078678000,10819980275237,1783482562803655173
1,32110710999,10819980281443,1783482562803661411
2,32033562999,10819980292320,1783482562803672288
3,32033098666,10819980292608,1783482562803672544
3,32065141332,10819980298271,1783482562803678239
3,32097184000,10819980303230,1783482562803683198
2,32065592000,10819980303550,1783482562803683518
2,32097620999,10819980308637,1783482562803688605
0,32213125999,10819985589912,1783482562808969976
3,32225354666,10819997840883,1783482562821220851
2,32225736999,10819998194973,1783482562821574941
1,32238842999,10820011334688,1783482562834714624
0,32245146999,10820017642433,1783482562841022401
3,32257397332,10820029875552,1783482562853255488
2,32257766000,10820030224396,1783482562853604332
1,32270876000,10820043338165,1783482562866718133
0,32277168000,10820049712742,1783482562873092710
3,32289440000,10820062019060,1783482562885398996
2,32289794999,10820062262584,1783482562885642520
1,32302908999,10820075405691,1783482562898785627
0,32309188999,10820084056930,1783482562907436866
3,32321482666,10820094135310,1783482562917515278
2,32321823999,10820094329310,1783482562917709278
1,32334941999,10820107510487,1783482562930890423
0,32341209999,10820113726319,1783482562937106255
3,32353525332,10820126021407,1783482562949401343
2,32353853000,10820126320343,1783482562949700279
1,32366975000,10820139462553,1783482562962842521
0,32373231000,10820145758237,1783482562969138205
3,32385568000,10820158055501,1783482562981435629
2,32385881999,10820158350981,1783482562981730949
1,32399007999,10820171564854,1783482562994944790
3,32417610666,10820292875547,1783482563116255515
1,32431040999,10820292875867,1783482563116255803
1,32463074000,10820293067500,1783482563116447468
3,32449653332,10820293073451,1783482563116453419
1,32495106999,10820293148536,1783482563116528504
3,32481696000,10820293152119,1783482563116532055
0,32469294000,10820293276217,1783482563116656153
0,32501314999,10820293288342,1783482563116668278
2,32417910999,10820293325325,1783482563116705293
2,32449940000,10820293332204,1783482563116712172
2,32481968999,10820293336459,1783482563116716395
0,32533335999,10820305835247,1783482563129215183
2,32513997999,10820501826077,1783482563325206045
1,32527139999,10820501839002,1783482563325218970
0,32565357000,10820501847032,1783482563325226968
3,32513738666,10820501874161,1783482563325254065
2,32546027000,10820501950431,1783482563325330399
3,32545781332,10820501953470,1783482563325333438
0,32597377999,10820501996403,1783482563325376371
1,32559173000,10820502004401,1783482563325384369
3,32577824000,10820502039497,1783482563325419465
1,32591205999,10820502042440,1783482563325424904
0,32629398999,10820502070753,1783482563325450721
2,32578055999,10820502070977,1783482563325450945
3,32609866666,10820502109976,1783482563325489944
2,32610084999,10820502129043,1783482563325509011
0,32661420000,10820502142768,1783482563325522704
1,32623238999,10820502157580,1783482563325537548
3,32738037332,10820510530235,1783482563333910171
2,32738201000,10820510673976,1783482563334053912
1,32751371000,10820523879184,1783482563347259152
0,32757483000,10820529982566,1783482563353362502
1,32783403999,10820710926426,1783482563534306394
0,32789503999,10820710929722,1783482563534309658
3,32834165332,10820710936088,1783482563534316056
2,32770229999,10820710943510,1783482563534323478
0,32821524999,10820711054459,1783482563534434395
2,32802258999,10820711062745,1783482563534442713
3,32866208000,10820711069176,1783482563534449144
2,32834288000,10820711136231,1783482563534516199
1,32815436999,10820711138439,1783482563534518375
0,32853546000,10820711149092,1783482563534529028
1,32847470000,10820711151812,1783482563534531748
1,32879502999,10820711214229,1783482563534594197
